2025-04-28 16:05:45,669 [INFO] Activator:176 - 


2025-04-28 16:05:45,674 [INFO] Activator:177 - !SESSION log4j initialized
2025-04-28 16:05:53,437 [INFO] LogOutputStream:77 - [STDOUT_REDIRECT] 
2025-04-28 16:05:55,614 [INFO] ApplicationProperties:184 - Using Application install path: D:\ITC\STM32\STM32CubeIDE_1.13.0\STM32CubeIDE\plugins\com.st.stm32cube.common.mx_6.9.0.202307051724
2025-04-28 16:05:55,635 [INFO] DbMcusXml:78 - Set database path to: D:\ITC\STM32\STM32CubeIDE_1.13.0\STM32CubeIDE\plugins\com.st.stm32cube.common.mx_6.9.0.202307051724\\db\/mcu/
2025-04-28 16:05:55,636 [INFO] ApiDb:274 - Set plugin database path to: D:\ITC\STM32\STM32CubeIDE_1.13.0\STM32CubeIDE\plugins\com.st.stm32cube.common.mx_6.9.0.202307051724\\db\/plugins/boardmanager/
2025-04-28 16:05:55,636 [WARN] ApiDb:259 - Overriding images path with different value:  => D:\ITC\STM32\STM32CubeIDE_1.13.0\STM32CubeIDE\plugins\com.st.stm32cube.common.mx_6.9.0.202307051724\\db\/plugins/mcufinder/images/
2025-04-28 16:05:55,647 [INFO] ApiDb:250 - Set database path to: C:\Users\msi1\.stmcufinder\plugins\mcufinder//mcu/
2025-04-28 16:05:55,648 [INFO] DbMcusAds:125 - Set database path to: C:\Users\msi1\.stmcufinder\plugins\mcufinder//mcu/
2025-04-28 16:05:55,650 [INFO] CrossReferenceDbSqlite:203 - Set database path to: C:\Users\msi1\.stmcufinder\plugins\mcufinder//mcu/cs/
2025-04-28 16:05:55,757 [INFO] RulesReader:64 - Compatibility file has been processed (293 Rules)
2025-04-28 16:05:55,836 [INFO] DbMcusXml:78 - Set database path to: D:\ITC\STM32\STM32CubeIDE_1.13.0\STM32CubeIDE\plugins\com.st.stm32cube.common.mx_6.9.0.202307051724\\db\/mcu/
2025-04-28 16:05:55,836 [INFO] ApiDb:274 - Set plugin database path to: D:\ITC\STM32\STM32CubeIDE_1.13.0\STM32CubeIDE\plugins\com.st.stm32cube.common.mx_6.9.0.202307051724\\db\/plugins/boardmanager/
2025-04-28 16:05:55,836 [INFO] ApiDb:261 - Set plugin images path to: D:\ITC\STM32\STM32CubeIDE_1.13.0\STM32CubeIDE\plugins\com.st.stm32cube.common.mx_6.9.0.202307051724\\db\/plugins/mcufinder/images/
2025-04-28 16:05:55,836 [WARN] DbFile:41 - Overriding database path with different value: C:\Users\msi1\.stmcufinder\plugins\mcufinder/ => C:\Users\msi1\.stmcufinder\plugins\mcufinder
2025-04-28 16:05:55,836 [INFO] ApiDb:250 - Set database path to: C:\Users\msi1\.stmcufinder\plugins\mcufinder//mcu/
2025-04-28 16:05:55,836 [WARN] DbFile:41 - Overriding database path with different value: C:\Users\msi1\.stmcufinder\plugins\mcufinder/ => C:\Users\msi1\.stmcufinder\plugins\mcufinder
2025-04-28 16:05:55,836 [INFO] DbMcusAds:125 - Set database path to: C:\Users\msi1\.stmcufinder\plugins\mcufinder//mcu/
2025-04-28 16:05:55,836 [WARN] DbFile:41 - Overriding database path with different value: C:\Users\msi1\.stmcufinder\plugins\mcufinder/ => C:\Users\msi1\.stmcufinder\plugins\mcufinder
2025-04-28 16:05:55,836 [WARN] DbFile:41 - Overriding database path with different value: C:\Users\msi1\.stmcufinder\plugins\mcufinder/ => C:\Users\msi1\.stmcufinder\plugins\mcufinder
2025-04-28 16:05:55,837 [INFO] CrossReferenceDbSqlite:203 - Set database path to: C:\Users\msi1\.stmcufinder\plugins\mcufinder//mcu/cs/
2025-04-28 16:05:55,910 [INFO] MainPanel:262 - HeapMemory: 268435456
2025-04-28 16:05:56,052 [INFO] DbMcusXml:78 - Set database path to: D:\ITC\STM32\STM32CubeIDE_1.13.0\STM32CubeIDE\plugins\com.st.stm32cube.common.mx_6.9.0.202307051724\\db\/mcu/
2025-04-28 16:05:56,053 [INFO] ApiDb:274 - Set plugin database path to: D:\ITC\STM32\STM32CubeIDE_1.13.0\STM32CubeIDE\plugins\com.st.stm32cube.common.mx_6.9.0.202307051724\\db\/plugins/boardmanager/
2025-04-28 16:05:56,053 [INFO] ApiDb:261 - Set plugin images path to: D:\ITC\STM32\STM32CubeIDE_1.13.0\STM32CubeIDE\plugins\com.st.stm32cube.common.mx_6.9.0.202307051724\\db\/plugins/mcufinder/images/
2025-04-28 16:05:56,053 [WARN] DbFile:41 - Overriding database path with different value: C:\Users\msi1\.stmcufinder\plugins\mcufinder/ => C:\Users\msi1\.stmcufinder\plugins\mcufinder
2025-04-28 16:05:56,053 [INFO] ApiDb:250 - Set database path to: C:\Users\msi1\.stmcufinder\plugins\mcufinder//mcu/
2025-04-28 16:05:56,053 [WARN] DbFile:41 - Overriding database path with different value: C:\Users\msi1\.stmcufinder\plugins\mcufinder/ => C:\Users\msi1\.stmcufinder\plugins\mcufinder
2025-04-28 16:05:56,053 [INFO] DbMcusAds:125 - Set database path to: C:\Users\msi1\.stmcufinder\plugins\mcufinder//mcu/
2025-04-28 16:05:56,053 [WARN] DbFile:41 - Overriding database path with different value: C:\Users\msi1\.stmcufinder\plugins\mcufinder/ => C:\Users\msi1\.stmcufinder\plugins\mcufinder
2025-04-28 16:05:56,053 [WARN] DbFile:41 - Overriding database path with different value: C:\Users\msi1\.stmcufinder\plugins\mcufinder/ => C:\Users\msi1\.stmcufinder\plugins\mcufinder
2025-04-28 16:05:56,054 [INFO] CrossReferenceDbSqlite:203 - Set database path to: C:\Users\msi1\.stmcufinder\plugins\mcufinder//mcu/cs/
2025-04-28 16:05:56,074 [INFO] ApplicationProperties:184 - Using Application install path: D:\ITC\STM32\STM32CubeIDE_1.13.0\STM32CubeIDE\plugins\com.st.stm32cube.common.mx_6.9.0.202307051724
2025-04-28 16:05:56,075 [INFO] PluginManage:196 - Search for loadable plugins [exclusion list=, ]
2025-04-28 16:05:56,077 [INFO] PluginManage:310 - Check plugin analytics
2025-04-28 16:05:56,214 [INFO] AnalyticsPlugin:253 - Accepted Software Licenses: 
2025-04-28 16:05:56,214 [INFO] AnalyticsPlugin:255 - Accepted CMSIS Pack Licenses: 
2025-04-28 16:05:56,214 [INFO] AnalyticsPlugin:257 - Accepted Firmware Licenses: FW.F4.1.27.0
2025-04-28 16:05:56,217 [INFO] PluginManage:359 - Loaded plugin analytics (category:tool,tabindex:-1)
2025-04-28 16:05:56,218 [INFO] PluginManage:310 - Check plugin cadmodel
2025-04-28 16:05:56,233 [INFO] CADModel:105 - Init CAD model plugin
2025-04-28 16:05:56,233 [INFO] PluginManage:359 - Loaded plugin cadmodel (category:power,tabindex:5)
2025-04-28 16:05:56,233 [INFO] PluginManage:310 - Check plugin clock
2025-04-28 16:05:56,251 [INFO] PluginManage:359 - Loaded plugin clock (category:base,tabindex:2)
2025-04-28 16:05:56,251 [INFO] PluginManage:310 - Check plugin ddr
2025-04-28 16:05:56,253 [INFO] PluginManage:359 - Loaded plugin ddr (category:tool,tabindex:6)
2025-04-28 16:05:56,253 [INFO] PluginManage:310 - Check plugin filemanager
2025-04-28 16:05:56,368 [INFO] PluginManage:359 - Loaded plugin filemanager (category:base,tabindex:10)
2025-04-28 16:05:56,368 [INFO] PluginManage:310 - Check plugin ipmanager
2025-04-28 16:05:56,374 [INFO] PluginManage:359 - Loaded plugin ipmanager (category:base,tabindex:5)
2025-04-28 16:05:56,374 [INFO] PluginManage:310 - Check plugin lpbam
2025-04-28 16:05:56,390 [INFO] PluginManage:359 - Loaded plugin lpbam (category:base,tabindex:0)
2025-04-28 16:05:56,390 [INFO] PluginManage:310 - Check plugin memorymap
2025-04-28 16:05:56,414 [INFO] PluginManage:359 - Loaded plugin memorymap (category:base,tabindex:4)
2025-04-28 16:05:56,415 [INFO] PluginManage:310 - Check plugin pinoutandconfiguration
2025-04-28 16:05:56,432 [INFO] PluginManage:359 - Loaded plugin pinoutandconfiguration (category:base,tabindex:1)
2025-04-28 16:05:56,432 [INFO] PluginManage:310 - Check plugin pinoutconfig
2025-04-28 16:05:56,523 [WARN] SupportedApi:132 - Cannot load RTOS API schema: s4s-elt-must-match.1: The content of 'definitions' must match (annotation?, (simpleType | complexType)?, (unique | key | keyref)*)). A problem was found starting at: attribute.
2025-04-28 16:05:56,636 [INFO] PluginManage:359 - Loaded plugin pinoutconfig (category:base,tabindex:0)
2025-04-28 16:05:56,636 [INFO] PluginManage:310 - Check plugin power
2025-04-28 16:05:56,661 [INFO] PluginManage:359 - Loaded plugin power (category:power,tabindex:4)
2025-04-28 16:05:56,661 [INFO] PluginManage:310 - Check plugin projectmanager
2025-04-28 16:05:56,674 [INFO] PluginManage:359 - Loaded plugin projectmanager (category:projectmanager,tabindex:3)
2025-04-28 16:05:56,674 [INFO] PluginManage:310 - Check plugin thirdparty
2025-04-28 16:05:56,949 [INFO] PluginManage:359 - Loaded plugin thirdparty (category:base,tabindex:-1)
2025-04-28 16:05:56,949 [INFO] PluginManage:310 - Check plugin tools
2025-04-28 16:05:56,949 [WARN] IntegrityCheckThread:84 - waiting for thirdparty lock release [integrity check]
2025-04-28 16:05:56,949 [INFO] IntegrityCheckThread:86 - entering critical section [integrity check]
2025-04-28 16:05:56,950 [INFO] ThirdPartyUpdaterWithRetryManager:70 - Updater plugin not ready yet. [1/15]
2025-04-28 16:05:56,985 [INFO] PluginManage:359 - Loaded plugin tools (category:base,tabindex:7)
2025-04-28 16:05:56,985 [INFO] PluginManage:310 - Check plugin tutovideos
2025-04-28 16:05:57,170 [INFO] PluginManage:359 - Loaded plugin tutovideos (category:base,tabindex:-1)
2025-04-28 16:05:57,170 [INFO] PluginManage:310 - Check plugin updater
2025-04-28 16:05:57,180 [INFO] PluginManage:359 - Loaded plugin updater (category:base,tabindex:12)
2025-04-28 16:05:57,180 [INFO] PluginManage:310 - Check plugin userauth
2025-04-28 16:05:57,185 [INFO] UserAuth:113 - Init User Auth plugin
2025-04-28 16:05:57,185 [INFO] PluginManage:359 - Loaded plugin userauth (category:base,tabindex:14)
2025-04-28 16:05:57,185 [INFO] PluginManage:283 - PluginManage : Loaded plugins [17]
2025-04-28 16:05:57,419 [INFO] PinOutPanel:1499 - setPackage(No Configuration,No Configuration)
2025-04-28 16:05:57,535 [INFO] CADModel:165 - CPN selected for project level
2025-04-28 16:05:57,535 [INFO] CADModel:114 - Register for checkConnection events
2025-04-28 16:05:57,564 [INFO] IPUIPlugin:80 - create IPUIPlugin
2025-04-28 16:05:57,564 [INFO] PluginManager:220 - loadIPPluginJar : add adc
2025-04-28 16:05:57,604 [INFO] IPUIPlugin:80 - create IPUIPlugin
2025-04-28 16:05:57,605 [INFO] PluginManager:220 - loadIPPluginJar : add aes
2025-04-28 16:05:57,646 [INFO] IPUIPlugin:80 - create IPUIPlugin
2025-04-28 16:05:57,646 [INFO] PluginManager:220 - loadIPPluginJar : add can
2025-04-28 16:05:57,672 [INFO] IPUIPlugin:80 - create IPUIPlugin
2025-04-28 16:05:57,672 [INFO] PluginManager:220 - loadIPPluginJar : add comp
2025-04-28 16:05:57,707 [INFO] IPUIPlugin:80 - create IPUIPlugin
2025-04-28 16:05:57,708 [INFO] PluginManager:220 - loadIPPluginJar : add cryp
2025-04-28 16:05:57,740 [INFO] IPUIPlugin:80 - create IPUIPlugin
2025-04-28 16:05:57,741 [INFO] PluginManager:220 - loadIPPluginJar : add dfsdm
2025-04-28 16:05:57,754 [INFO] IPUIPlugin:80 - create IPUIPlugin
2025-04-28 16:05:57,755 [INFO] PluginManager:220 - loadIPPluginJar : add dma
2025-04-28 16:05:57,801 [INFO] IPUIPlugin:80 - create IPUIPlugin
2025-04-28 16:05:57,801 [INFO] PluginManager:220 - loadIPPluginJar : add dma3
2025-04-28 16:05:57,821 [INFO] IPUIPlugin:80 - create IPUIPlugin
2025-04-28 16:05:57,822 [INFO] PluginManager:220 - loadIPPluginJar : add fatfs
2025-04-28 16:05:57,869 [INFO] IPUIPlugin:80 - create IPUIPlugin
2025-04-28 16:05:57,869 [INFO] PluginManager:220 - loadIPPluginJar : add fmc
2025-04-28 16:05:57,883 [INFO] IPUIPlugin:80 - create IPUIPlugin
2025-04-28 16:05:57,883 [INFO] PluginManager:220 - loadIPPluginJar : add freertos
2025-04-28 16:05:57,906 [INFO] IPUIPlugin:80 - create IPUIPlugin
2025-04-28 16:05:57,906 [INFO] PluginManager:220 - loadIPPluginJar : add genericplugin
2025-04-28 16:05:57,992 [INFO] IPUIPlugin:80 - create IPUIPlugin
2025-04-28 16:05:57,992 [INFO] PluginManager:220 - loadIPPluginJar : add gfxmmu
2025-04-28 16:05:58,114 [INFO] IPUIPlugin:80 - create IPUIPlugin
2025-04-28 16:05:58,114 [INFO] PluginManager:220 - loadIPPluginJar : add gic
2025-04-28 16:05:58,126 [INFO] IPUIPlugin:80 - create IPUIPlugin
2025-04-28 16:05:58,126 [INFO] PluginManager:220 - loadIPPluginJar : add gpio
2025-04-28 16:05:58,212 [INFO] IPUIPlugin:80 - create IPUIPlugin
2025-04-28 16:05:58,212 [INFO] PluginManager:220 - loadIPPluginJar : add gtzc
2025-04-28 16:05:58,245 [INFO] IPUIPlugin:80 - create IPUIPlugin
2025-04-28 16:05:58,245 [INFO] PluginManager:220 - loadIPPluginJar : add hash
2025-04-28 16:05:58,294 [INFO] IPUIPlugin:80 - create IPUIPlugin
2025-04-28 16:05:58,294 [INFO] PluginManager:220 - loadIPPluginJar : add i2c
2025-04-28 16:05:58,329 [INFO] IPUIPlugin:80 - create IPUIPlugin
2025-04-28 16:05:58,329 [INFO] PluginManager:220 - loadIPPluginJar : add i2s
2025-04-28 16:05:58,366 [INFO] IPUIPlugin:80 - create IPUIPlugin
2025-04-28 16:05:58,366 [INFO] PluginManager:220 - loadIPPluginJar : add i3c
2025-04-28 16:05:58,467 [INFO] IPUIPlugin:80 - create IPUIPlugin
2025-04-28 16:05:58,467 [INFO] PluginManager:220 - loadIPPluginJar : add ipddr
2025-04-28 16:05:58,559 [INFO] IPUIPlugin:80 - create IPUIPlugin
2025-04-28 16:05:58,559 [INFO] PluginManager:220 - loadIPPluginJar : add linkedlist
2025-04-28 16:05:58,592 [INFO] IPUIPlugin:80 - create IPUIPlugin
2025-04-28 16:05:58,592 [INFO] PluginManager:220 - loadIPPluginJar : add lorawan
2025-04-28 16:05:58,628 [INFO] IPUIPlugin:80 - create IPUIPlugin
2025-04-28 16:05:58,628 [INFO] PluginManager:220 - loadIPPluginJar : add ltdc
2025-04-28 16:05:58,642 [INFO] IPUIPlugin:80 - create IPUIPlugin
2025-04-28 16:05:58,642 [INFO] PluginManager:220 - loadIPPluginJar : add mdma
2025-04-28 16:05:58,654 [INFO] IPUIPlugin:80 - create IPUIPlugin
2025-04-28 16:05:58,654 [INFO] PluginManager:220 - loadIPPluginJar : add nvic
2025-04-28 16:05:58,690 [INFO] IPUIPlugin:80 - create IPUIPlugin
2025-04-28 16:05:58,690 [INFO] PluginManager:220 - loadIPPluginJar : add opamp
2025-04-28 16:05:58,767 [INFO] IPUIPlugin:80 - create IPUIPlugin
2025-04-28 16:05:58,767 [INFO] PluginManager:220 - loadIPPluginJar : add openamp
2025-04-28 16:05:58,807 [INFO] IPUIPlugin:80 - create IPUIPlugin
2025-04-28 16:05:58,808 [INFO] PluginManager:220 - loadIPPluginJar : add pdm2pcm
2025-04-28 16:05:58,823 [INFO] IPUIPlugin:80 - create IPUIPlugin
2025-04-28 16:05:58,824 [INFO] PluginManager:220 - loadIPPluginJar : add plateformsettings
2025-04-28 16:05:58,849 [INFO] IPUIPlugin:80 - create IPUIPlugin
2025-04-28 16:05:58,849 [INFO] PluginManager:220 - loadIPPluginJar : add quadspi
2025-04-28 16:05:58,862 [INFO] IPUIPlugin:80 - create IPUIPlugin
2025-04-28 16:05:58,862 [INFO] PluginManager:220 - loadIPPluginJar : add resmgrutility
2025-04-28 16:05:58,910 [INFO] IPUIPlugin:80 - create IPUIPlugin
2025-04-28 16:05:58,910 [INFO] PluginManager:220 - loadIPPluginJar : add sai
2025-04-28 16:05:58,950 [INFO] IPUIPlugin:80 - create IPUIPlugin
2025-04-28 16:05:58,950 [INFO] PluginManager:220 - loadIPPluginJar : add spi
2025-04-28 16:05:59,011 [INFO] IPUIPlugin:80 - create IPUIPlugin
2025-04-28 16:05:59,011 [INFO] PluginManager:220 - loadIPPluginJar : add stm32_wpan
2025-04-28 16:05:59,037 [INFO] IPUIPlugin:80 - create IPUIPlugin
2025-04-28 16:05:59,038 [INFO] PluginManager:220 - loadIPPluginJar : add tim
2025-04-28 16:05:59,090 [INFO] IPUIPlugin:80 - create IPUIPlugin
2025-04-28 16:05:59,091 [INFO] PluginManager:220 - loadIPPluginJar : add touchsensing
2025-04-28 16:05:59,113 [INFO] IPUIPlugin:80 - create IPUIPlugin
2025-04-28 16:05:59,113 [INFO] PluginManager:220 - loadIPPluginJar : add tracer_emb
2025-04-28 16:05:59,139 [INFO] IPUIPlugin:80 - create IPUIPlugin
2025-04-28 16:05:59,139 [INFO] PluginManager:220 - loadIPPluginJar : add ts
2025-04-28 16:05:59,160 [INFO] IPUIPlugin:80 - create IPUIPlugin
2025-04-28 16:05:59,160 [INFO] PluginManager:220 - loadIPPluginJar : add tsc
2025-04-28 16:05:59,182 [INFO] IPUIPlugin:80 - create IPUIPlugin
2025-04-28 16:05:59,182 [INFO] PluginManager:220 - loadIPPluginJar : add ucpd
2025-04-28 16:05:59,227 [INFO] IPUIPlugin:80 - create IPUIPlugin
2025-04-28 16:05:59,228 [INFO] PluginManager:220 - loadIPPluginJar : add usart
2025-04-28 16:05:59,269 [INFO] IPUIPlugin:80 - create IPUIPlugin
2025-04-28 16:05:59,269 [INFO] PluginManager:220 - loadIPPluginJar : add usbx
2025-04-28 16:05:59,406 [INFO] CADModel:165 - CPN selected for project level
2025-04-28 16:05:59,406 [INFO] CADModel:114 - Register for checkConnection events
2025-04-28 16:05:59,408 [FATAL] Updater:308 - Updater called before beeing initialized
2025-04-28 16:05:59,408 [ERROR] CADModel:125 - Updater not yet initialized, retry later 
2025-04-28 16:05:59,528 [INFO] CADModel:165 - CPN selected for project level
2025-04-28 16:05:59,529 [INFO] CADModel:114 - Register for checkConnection events
2025-04-28 16:05:59,529 [FATAL] Updater:308 - Updater called before beeing initialized
2025-04-28 16:05:59,529 [ERROR] CADModel:125 - Updater not yet initialized, retry later 
2025-04-28 16:05:59,532 [FATAL] Updater:308 - Updater called before beeing initialized
2025-04-28 16:05:59,627 [FATAL] Updater:308 - Updater called before beeing initialized
2025-04-28 16:05:59,642 [INFO] DbMcusAds:53 - JSON generation date=Thu Mar 06 21:54:21 ICT 2025 (1741272861825)
2025-04-28 16:05:59,642 [FATAL] Updater:308 - Updater called before beeing initialized
2025-04-28 16:05:59,719 [WARN] DetailPanel:346 - Failed to get advertising image, set to default
2025-04-28 16:05:59,798 [FATAL] Updater:308 - Updater called before beeing initialized
2025-04-28 16:05:59,800 [FATAL] Updater:308 - Updater called before beeing initialized
2025-04-28 16:05:59,800 [FATAL] Updater:308 - Updater called before beeing initialized
2025-04-28 16:05:59,800 [WARN] DetailPanel:346 - Failed to get advertising image, set to default
2025-04-28 16:05:59,801 [FATAL] Updater:308 - Updater called before beeing initialized
2025-04-28 16:05:59,854 [ERROR] Updater:1120 - MainUpdater not yet initialized. External WinMGr cannot be set.
2025-04-28 16:05:59,865 [INFO] Updater:1056 - Updater Version found : 6.9.0
2025-04-28 16:05:59,882 [INFO] ApplicationProperties:184 - Using Application install path: D:\ITC\STM32\STM32CubeIDE_1.13.0\STM32CubeIDE\plugins\com.st.stm32cube.common.mx_6.9.0.202307051724
2025-04-28 16:05:59,951 [INFO] ThirdPartyUpdaterWithRetryManager:70 - Updater plugin not ready yet. [2/15]
2025-04-28 16:06:00,870 [INFO] MainUpdater:2868 - connection check result : 10
2025-04-28 16:06:00,870 [INFO] MainUpdater:3562 - Updater definition file requires update
2025-04-28 16:06:00,871 [INFO] MainUpdater:285 - Updater Check For Update Now.
2025-04-28 16:06:00,871 [INFO] MicroXplorer:498 - Change Database Version : DB.6.0.90
2025-04-28 16:06:00,894 [INFO] McuFinderGlobals:63 - Set McuFinder mode to 2 (CubeIDE integrated)
2025-04-28 16:06:00,970 [INFO] ServerAccessManage:473 - Download File updaters.zip
2025-04-28 16:06:01,738 [INFO] FileExtend:240 - Unzip File : updaters.zip
2025-04-28 16:06:01,739 [INFO] FileExtend:255 - Standard Zip Deflate
2025-04-28 16:06:02,727 [INFO] ServerAccessManage:473 - Download File PacksControlFlags.xml
2025-04-28 16:06:02,901 [INFO] ServerAccessManage:473 - Download File cubemx.pidx
2025-04-28 16:06:02,951 [WARN] MainUpdater:1189 - Updater busy. Cannot search thirdparties
2025-04-28 16:06:02,951 [INFO] ThirdPartyUpdaterWithRetryManager:96 - Updater plugin is busy. [1/15]
2025-04-28 16:06:03,520 [INFO] ServerAccessManage:473 - Download File STMicroelectronics.X-CUBE-DPOWER.pdsc
2025-04-28 16:06:04,909 [ERROR] ServerAccessManage:1089 - Problem, file not found on Server
2025-04-28 16:06:05,636 [ERROR] ServerAccessManage:1089 - Problem, file not found on Server
2025-04-28 16:06:05,953 [WARN] MainUpdater:1189 - Updater busy. Cannot search thirdparties
2025-04-28 16:06:05,953 [INFO] ThirdPartyUpdaterWithRetryManager:96 - Updater plugin is busy. [2/15]
2025-04-28 16:06:06,309 [ERROR] ServerAccessManage:1089 - Problem, file not found on Server
2025-04-28 16:06:07,131 [ERROR] ServerAccessManage:1089 - Problem, file not found on Server
2025-04-28 16:06:07,785 [ERROR] ServerAccessManage:1089 - Problem, file not found on Server
2025-04-28 16:06:08,529 [ERROR] ServerAccessManage:1089 - Problem, file not found on Server
2025-04-28 16:06:08,955 [WARN] MainUpdater:1189 - Updater busy. Cannot search thirdparties
2025-04-28 16:06:08,955 [INFO] ThirdPartyUpdaterWithRetryManager:96 - Updater plugin is busy. [3/15]
2025-04-28 16:06:09,321 [ERROR] ServerAccessManage:1089 - Problem, file not found on Server
2025-04-28 16:06:10,063 [ERROR] ServerAccessManage:1089 - Problem, file not found on Server
2025-04-28 16:06:10,938 [ERROR] ServerAccessManage:1089 - Problem, file not found on Server
2025-04-28 16:06:11,672 [ERROR] ServerAccessManage:1089 - Problem, file not found on Server
2025-04-28 16:06:11,957 [WARN] MainUpdater:1189 - Updater busy. Cannot search thirdparties
2025-04-28 16:06:11,957 [INFO] ThirdPartyUpdaterWithRetryManager:96 - Updater plugin is busy. [4/15]
2025-04-28 16:06:12,371 [ERROR] ServerAccessManage:1089 - Problem, file not found on Server
2025-04-28 16:06:12,909 [INFO] ServerAccessManage:473 - Download File STMicroelectronics.X-CUBE-MEMS1.pdsc
2025-04-28 16:06:14,958 [WARN] MainUpdater:1189 - Updater busy. Cannot search thirdparties
2025-04-28 16:06:14,958 [INFO] ThirdPartyUpdaterWithRetryManager:96 - Updater plugin is busy. [5/15]
2025-04-28 16:06:17,960 [WARN] MainUpdater:1189 - Updater busy. Cannot search thirdparties
2025-04-28 16:06:17,960 [INFO] ThirdPartyUpdaterWithRetryManager:96 - Updater plugin is busy. [6/15]
2025-04-28 16:06:18,601 [INFO] ServerAccessManage:473 - Download File STMicroelectronics.X-CUBE-TOF1.pdsc
2025-04-28 16:06:20,961 [WARN] MainUpdater:1189 - Updater busy. Cannot search thirdparties
2025-04-28 16:06:20,961 [INFO] ThirdPartyUpdaterWithRetryManager:96 - Updater plugin is busy. [7/15]
2025-04-28 16:06:21,235 [ERROR] ServerAccessManage:1089 - Problem, file not found on Server
2025-04-28 16:06:22,650 [ERROR] LogOutputStream:75 - [STDERR_REDIRECT] SLF4J: Failed to load class "org.slf4j.impl.StaticLoggerBinder".
2025-04-28 16:06:22,650 [ERROR] LogOutputStream:75 - [STDERR_REDIRECT] SLF4J: Defaulting to no-operation (NOP) logger implementation
2025-04-28 16:06:22,651 [ERROR] LogOutputStream:75 - [STDERR_REDIRECT] SLF4J: See http://www.slf4j.org/codes.html#StaticLoggerBinder for further details.
2025-04-28 16:06:22,809 [INFO] ServerAccessManage:473 - Download File STMicroelectronics.X-CUBE-WB05N.pdsc
2025-04-28 16:06:23,651 [INFO] ServerAccessManage:473 - Download File Avnet-IotConnect.X-CUBE-IoTC-DA16k-PMOD.pdsc
2025-04-28 16:06:23,728 [WARN] PopulateThirdPartyThread:106 - Error when creating pack: C:/Users/msi1/.stm32cubemx/thirdparties/pdsc/STMicroelectronics.X-CUBE-DPOWER.pdsc
2025-04-28 16:06:23,846 [WARN] PackLoader:240 - Cannot read IP mode file for STMicroelectronics.X-CUBE-MEMS1.11.2.0
2025-04-28 16:06:23,893 [INFO] CheckServerUpdateThread:120 - End of CheckServer Thread
2025-04-28 16:06:23,963 [WARN] PopulateThirdPartyThread:106 - Error when creating pack: C:/Users/msi1/.stm32cubemx/thirdparties/pdsc/STMicroelectronics.X-CUBE-TOF1.pdsc
2025-04-28 16:06:23,970 [WARN] PackLoader:240 - Cannot read IP mode file for STMicroelectronics.X-CUBE-WB05N.2.0.0
2025-04-28 16:06:23,972 [WARN] PopulateThirdPartyThread:106 - Error when creating pack: C:/Users/msi1/.stm32cubemx/thirdparties/pdsc/Avnet-IotConnect.X-CUBE-IoTC-DA16k-PMOD.pdsc
2025-04-28 16:06:23,972 [INFO] PopulateThirdPartyThread:66 - Ending populate Thread
2025-04-28 16:06:23,974 [INFO] ThirdParty:1030 - CMSIS Pack Vendor :STMicroelectronics X-CUBE-MEMS1 11.2.0
2025-04-28 16:06:23,974 [INFO] ThirdParty:1030 - CMSIS Pack Vendor :STMicroelectronics X-CUBE-WB05N 2.0.0
2025-04-28 16:06:23,974 [INFO] LoadServerUpdatesThread:373 - End of LoadServerUpdate Thread
2025-04-28 16:06:24,222 [WARN] PackLoader:240 - Cannot read IP mode file for STMicroelectronics.FP-SNS-MOTENVWB1.1.4.0
2025-04-28 16:06:24,227 [WARN] PackLoader:240 - Cannot read IP mode file for STMicroelectronics.FP-ATR-ASTRA1.2.0.2
2025-04-28 16:06:24,240 [WARN] PackLoader:240 - Cannot read IP mode file for STMicroelectronics.FP-ATR-ASTRA1.2.0.1
2025-04-28 16:06:24,256 [WARN] PackLoader:240 - Cannot read IP mode file for STMicroelectronics.X-CUBE-SMBUS.2.1.0
2025-04-28 16:06:24,270 [WARN] PackLoader:240 - Cannot read IP mode file for STMicroelectronics.X-CUBE-WB05N.1.1.0
2025-04-28 16:06:24,283 [WARN] PackLoader:240 - Cannot read IP mode file for STMicroelectronics.X-CUBE-TOUCHGFX.4.23.0
2025-04-28 16:06:24,294 [WARN] PackLoader:240 - Cannot read IP mode file for STMicroelectronics.X-CUBE-TOUCHGFX.4.23.2
2025-04-28 16:06:24,323 [WARN] PackLoader:240 - Cannot read IP mode file for STMicroelectronics.X-CUBE-AZRTOS-F7.1.1.0
2025-04-28 16:06:24,342 [ERROR] RealEvaluatedCondition:428 - Found unsupported composite condition: GROUP='STM32_MetaDataManager' CLASS='Data Exchange'
2025-04-28 16:06:24,343 [ERROR] RealEvaluatedCondition:428 - Found unsupported composite condition: CLASS='Data Exchange' GROUP='STM32_MetaDataManager'
2025-04-28 16:06:24,344 [WARN] PackLoader:240 - Cannot read IP mode file for STMicroelectronics.FP-SNS-MOTENV1.4.3.0
2025-04-28 16:06:24,362 [WARN] PackLoader:240 - Cannot read IP mode file for STMicroelectronics.FP-SNS-MOTENV1.4.3.2
2025-04-28 16:06:24,377 [WARN] PackLoader:240 - Cannot read IP mode file for STMicroelectronics.FP-SNS-FLIGHT1.5.0.0
2025-04-28 16:06:24,392 [WARN] PackLoader:240 - Cannot read IP mode file for STMicroelectronics.X-CUBE-BLE1.6.2.4
2025-04-28 16:06:24,406 [WARN] PackLoader:240 - Cannot read IP mode file for STMicroelectronics.FP-SNS-FLIGHT1.5.0.2
2025-04-28 16:06:24,423 [ERROR] Engine:466 - C:\Users\msi1\.stm32cubemx\thirdparties\pdsc\Infineon.AIROC-Wi-Fi-Bluetooth-STM32.1.7.0.pdsc: PDSC version is not supported
2025-04-28 16:06:24,441 [WARN] PackLoader:240 - Cannot read IP mode file for STMicroelectronics.X-CUBE-DISPLAY.3.0.0
2025-04-28 16:06:24,457 [WARN] PackLoader:240 - Cannot read IP mode file for STMicroelectronics.X-CUBE-BLE1.7.0.0
2025-04-28 16:06:24,471 [WARN] PackLoader:240 - Cannot read IP mode file for STMicroelectronics.X-CUBE-NFC10.1.0.0
2025-04-28 16:06:24,485 [ERROR] Engine:466 - C:\Users\msi1\.stm32cubemx\thirdparties\pdsc\STMicroelectronics.X-CUBE-BLEMGR.4.0.0.pdsc: PDSC version is not supported
2025-04-28 16:06:24,499 [WARN] PackLoader:240 - Cannot read IP mode file for emotas.I-CUBE-CANOPEN.1.3.0
2025-04-28 16:06:24,512 [WARN] PackLoader:240 - Cannot read IP mode file for STMicroelectronics.X-CUBE-TOUCHGFX.4.22.0
2025-04-28 16:06:24,523 [WARN] PackLoader:240 - Cannot read IP mode file for STMicroelectronics.X-CUBE-TOUCHGFX.4.22.1
2025-04-28 16:06:24,540 [WARN] PackLoader:240 - Cannot read IP mode file for STMicroelectronics.X-CUBE-BLEMGR.3.1.0
2025-04-28 16:06:24,554 [WARN] PackLoader:240 - Cannot read IP mode file for STMicroelectronics.X-CUBE-AI.10.0.0
2025-04-28 16:06:24,575 [WARN] PackLoader:240 - Cannot read IP mode file for STMicroelectronics.FP-SNS-SMARTAG2.1.2.0
2025-04-28 16:06:24,580 [ERROR] Engine:466 - C:\Users\msi1\.stm32cubemx\thirdparties\pdsc\STMicroelectronics.FP-SNS-FLIGHT1.5.1.0.pdsc: PDSC version is not supported
2025-04-28 16:06:24,629 [WARN] PackLoader:240 - Cannot read IP mode file for STMicroelectronics.X-CUBE-MEMS1.11.1.0
2025-04-28 16:06:24,715 [INFO] LogOutputStream:77 - [STDOUT_REDIRECT] 1 : Invalid condition id : UX_CORESTACK_Condition cause : null
2025-04-28 16:06:24,715 [INFO] LogOutputStream:77 - [STDOUT_REDIRECT] 1 : Invalid condition id : UX_CORESTACK_Condition cause : null
2025-04-28 16:06:24,716 [INFO] LogOutputStream:77 - [STDOUT_REDIRECT] 1 : Invalid condition id : UX_CORESTACK_Condition cause : null
2025-04-28 16:06:24,717 [INFO] LogOutputStream:77 - [STDOUT_REDIRECT] 1 : Invalid condition id : UX_CORESTACK_Condition cause : null
2025-04-28 16:06:24,718 [INFO] LogOutputStream:77 - [STDOUT_REDIRECT] 1 : Invalid condition id : UX_CORESTACK_Condition cause : null
2025-04-28 16:06:24,720 [WARN] PackLoader:240 - Cannot read IP mode file for STMicroelectronics.X-CUBE-AZRTOS-WL.2.0.0
2025-04-28 16:06:24,734 [WARN] PackLoader:240 - Cannot read IP mode file for STMicroelectronics.FP-SNS-MOTENV1.5.0.0
2025-04-28 16:06:24,740 [WARN] PackLoader:240 - Cannot read IP mode file for wolfSSL.I-CUBE-wolfMQTT.1.19.0
2025-04-28 16:06:24,756 [WARN] PackLoader:240 - Cannot read IP mode file for WES.I-CUBE-Cesium.1.3.0
2025-04-28 16:06:24,771 [WARN] PackLoader:240 - Cannot read IP mode file for STMicroelectronics.X-CUBE-BLE2.3.3.0
2025-04-28 16:06:24,786 [WARN] PackLoader:240 - Cannot read IP mode file for STMicroelectronics.X-CUBE-NFC9.1.0.0
2025-04-28 16:06:24,804 [WARN] PackLoader:240 - Cannot read IP mode file for STMicroelectronics.X-CUBE-BLE1.7.1.0
2025-04-28 16:06:24,819 [WARN] PackLoader:240 - Cannot read IP mode file for STMicroelectronics.X-CUBE-TCPP.4.1.0
2025-04-28 16:06:24,833 [WARN] PackLoader:240 - Cannot read IP mode file for STMicroelectronics.X-CUBE-TOUCHGFX.4.21.4
2025-04-28 16:06:24,847 [WARN] PackLoader:240 - Cannot read IP mode file for STMicroelectronics.X-CUBE-ALGOBUILD.1.3.0
2025-04-28 16:06:24,875 [WARN] PackLoader:240 - Cannot read IP mode file for STMicroelectronics.X-CUBE-MEMS1.11.2.0
2025-04-28 16:06:24,984 [WARN] PackLoader:240 - Cannot read IP mode file for STMicroelectronics.X-CUBE-AZRTOS-G0.1.1.0
2025-04-28 16:06:24,999 [WARN] PackLoader:240 - Cannot read IP mode file for STMicroelectronics.X-CUBE-SAFEA1.1.2.2
2025-04-28 16:06:25,014 [WARN] PackLoader:240 - Cannot read IP mode file for STMicroelectronics.X-CUBE-NFC4.3.0.0
2025-04-28 16:06:25,029 [WARN] PackLoader:240 - Cannot read IP mode file for wolfSSL.I-CUBE-wolfMQTT.1.18.0
2025-04-28 16:06:25,043 [ERROR] Engine:466 - C:\Users\msi1\.stm32cubemx\thirdparties\pdsc\EmbeddedOffice.I-CUBE-FS-RTOS.1.0.1.pdsc: PDSC version is not supported
2025-04-28 16:06:25,046 [WARN] PackLoader:240 - Cannot read IP mode file for STMicroelectronics.X-CUBE-WB05N.2.0.0
2025-04-28 16:06:25,064 [WARN] PackLoader:240 - Cannot read IP mode file for STMicroelectronics.X-CUBE-BLEMGR.3.0.0
2025-04-28 16:06:25,077 [ERROR] Engine:466 - C:\Users\msi1\.stm32cubemx\thirdparties\pdsc\STMicroelectronics.X-CUBE-TCPP.4.2.0.pdsc: PDSC version is not supported
2025-04-28 16:06:25,088 [ERROR] Engine:466 - C:\Users\msi1\.stm32cubemx\thirdparties\pdsc\RealThread.X-CUBE-RT-Thread_Nano.4.1.1.pdsc: PDSC version is not supported
2025-04-28 16:06:25,091 [WARN] PackLoader:240 - Cannot read IP mode file for STMicroelectronics.FP-ATR-SIGFOX1.3.2.0
2025-04-28 16:06:25,094 [ERROR] Engine:466 - C:\Users\msi1\.stm32cubemx\thirdparties\pdsc\quantropi.X-CUBE-qispace-sdk-base.1.9.3.pdsc: PDSC version is not supported
2025-04-28 16:06:25,107 [WARN] PackLoader:240 - Cannot read IP mode file for STMicroelectronics.X-CUBE-EEPRMA1.5.1.0
2025-04-28 16:06:25,119 [WARN] PackLoader:240 - Cannot read IP mode file for wolfSSL.I-CUBE-wolfSSL.5.7.6
2025-04-28 16:06:25,138 [WARN] PackLoader:240 - Cannot read IP mode file for ITTIA_DB.I-CUBE-ITTIADB.8.9.0
2025-04-28 16:06:25,166 [WARN] PackLoader:240 - Cannot read IP mode file for SEGGER.I-CUBE-embOS.1.3.1
2025-04-28 16:06:25,200 [WARN] PackLoader:240 - Cannot read IP mode file for STMicroelectronics.X-CUBE-ALGOBUILD.1.4.0
2025-04-28 16:06:25,212 [WARN] PackLoader:240 - Cannot read IP mode file for STMicroelectronics.X-CUBE-AI.9.1.0
2025-04-28 16:06:25,227 [WARN] PackLoader:240 - Cannot read IP mode file for STMicroelectronics.X-CUBE-GNSS1.6.0.0
2025-04-28 16:06:25,254 [WARN] PackLoader:240 - Cannot read IP mode file for STMicroelectronics.X-CUBE-AZRTOS-F4.1.1.0
2025-04-28 16:06:25,257 [ERROR] Engine:466 - C:\Users\msi1\.stm32cubemx\thirdparties\pdsc\Avnet-IotConnect.X-CUBE-IoTC-DA16k-PMOD.1.0.0.pdsc: PDSC version is not supported
2025-04-28 16:06:25,270 [WARN] PackLoader:240 - Cannot read IP mode file for wolfSSL.I-CUBE-wolfSSL.5.6.0
2025-04-28 16:06:25,283 [WARN] PackLoader:240 - Cannot read IP mode file for STMicroelectronics.X-CUBE-ISPU.2.1.0
2025-04-28 16:06:25,297 [WARN] PackLoader:240 - Cannot read IP mode file for STMicroelectronics.X-CUBE-FREERTOS.1.2.0
2025-04-28 16:06:25,322 [WARN] PackLoader:240 - Cannot read IP mode file for STMicroelectronics.X-CUBE-AZRTOS-L5.2.0.0
2025-04-28 16:06:25,364 [WARN] PackLoader:240 - Cannot read IP mode file for STMicroelectronics.X-CUBE-MEMS1.9.6.0
2025-04-28 16:06:25,455 [WARN] PackLoader:240 - Cannot read IP mode file for STMicroelectronics.X-CUBE-EEPRMA1.4.2.0
2025-04-28 16:06:25,470 [WARN] PackLoader:240 - Cannot read IP mode file for STMicroelectronics.X-CUBE-NFC6.3.1.0
2025-04-28 16:06:25,485 [WARN] PackLoader:240 - Cannot read IP mode file for ITTIA_DB.I-CUBE-ITTIADB.8.8.0
2025-04-28 16:06:25,498 [WARN] PackLoader:240 - Cannot read IP mode file for emotas.I-CUBE-CANOPEN.1.1.3
2025-04-28 16:06:25,515 [WARN] PackLoader:240 - Cannot read IP mode file for STMicroelectronics.X-CUBE-BLEMGR.2.0.0
2025-04-28 16:06:25,527 [ERROR] Engine:466 - C:\Users\msi1\.stm32cubemx\thirdparties\pdsc\STMicroelectronics.X-CUBE-DPower.1.2.0.pdsc: PDSC version is not supported
2025-04-28 16:06:25,544 [WARN] PackLoader:240 - Cannot read IP mode file for STMicroelectronics.X-CUBE-AI.9.0.0
2025-04-28 16:06:25,577 [WARN] ConditionMgr:438 - getConditionDescription Invalid condition id : UX DEVICE CLASS RTOS Condition cause : null
2025-04-28 16:06:25,577 [WARN] ConditionMgr:438 - getConditionDescription Invalid condition id : UX DEVICE CLASS RTOS Condition cause : null
2025-04-28 16:06:25,579 [WARN] PackLoader:240 - Cannot read IP mode file for STMicroelectronics.X-CUBE-AZRTOS-H7.3.1.0
2025-04-28 16:06:25,580 [WARN] ConditionMgr:1039 - genDependencies : Invalid condition id : UX DEVICE CLASS RTOS Condition cause : null
2025-04-28 16:06:25,580 [WARN] ConditionMgr:1039 - genDependencies : Invalid condition id : UX DEVICE CLASS RTOS Condition cause : null
2025-04-28 16:06:25,581 [WARN] ConditionMgr:1039 - genDependencies : Invalid condition id : UX DEVICE CLASS RTOS Condition cause : null
2025-04-28 16:06:25,581 [WARN] ConditionMgr:1039 - genDependencies : Invalid condition id : UX DEVICE CLASS RTOS Condition cause : null
2025-04-28 16:06:25,581 [WARN] ConditionMgr:1039 - genDependencies : Invalid condition id : UX DEVICE CLASS RTOS Condition cause : null
2025-04-28 16:06:25,599 [WARN] PackLoader:240 - Cannot read IP mode file for STMicroelectronics.X-CUBE-FREERTOS.1.3.0
2025-04-28 16:06:25,614 [WARN] PackLoader:240 - Cannot read IP mode file for STMicroelectronics.X-CUBE-NFC7.1.0.1
2025-04-28 16:06:25,629 [WARN] PackLoader:240 - Cannot read IP mode file for STMicroelectronics.X-CUBE-NFC7.1.0.0
2025-04-28 16:06:25,650 [WARN] PackLoader:240 - Cannot read IP mode file for wolfSSL.I-CUBE-wolfTPM.3.2.0
2025-04-28 16:06:25,668 [WARN] PackLoader:240 - Cannot read IP mode file for STMicroelectronics.X-CUBE-NFC6.3.0.0
2025-04-28 16:06:25,682 [WARN] PackLoader:240 - Cannot read IP mode file for STMicroelectronics.X-CUBE-EEPRMA1.4.1.0
2025-04-28 16:06:25,686 [ERROR] Engine:466 - C:\Users\msi1\.stm32cubemx\thirdparties\pdsc\STMicroelectronics.X-CUBE-DPower.1.3.0.pdsc: PDSC version is not supported
2025-04-28 16:06:25,699 [WARN] PackLoader:240 - Cannot read IP mode file for STMicroelectronics.X-CUBE-AI.8.1.0
2025-04-28 16:06:25,728 [WARN] ConditionMgr:438 - getConditionDescription Invalid condition id : LAN8742 Phy interface Condition cause : null
2025-04-28 16:06:25,728 [WARN] PackLoader:240 - Cannot read IP mode file for STMicroelectronics.X-CUBE-AZRTOS-L4.2.0.0
2025-04-28 16:06:25,730 [WARN] ConditionMgr:1039 - genDependencies : Invalid condition id : LAN8742 Phy interface Condition cause : null
2025-04-28 16:06:25,730 [WARN] ConditionMgr:1039 - genDependencies : Invalid condition id : LAN8742 Phy interface Condition cause : null
2025-04-28 16:06:25,730 [WARN] ConditionMgr:1039 - genDependencies : Invalid condition id : LAN8742 Phy interface Condition cause : null
2025-04-28 16:06:25,747 [WARN] PackLoader:240 - Cannot read IP mode file for STMicroelectronics.X-CUBE-SFXS2LP1.4.0.0
2025-04-28 16:06:25,765 [WARN] PackLoader:240 - Cannot read IP mode file for STMicroelectronics.X-CUBE-ISPU.1.1.0
2025-04-28 16:06:25,794 [WARN] PackLoader:240 - Cannot read IP mode file for STMicroelectronics.X-CUBE-AZRTOS-H7.3.3.0
2025-04-28 16:06:25,808 [ERROR] Engine:466 - C:\Users\msi1\.stm32cubemx\thirdparties\pdsc\STMicroelectronics.X-CUBE-IPS.3.0.0.pdsc: PDSC version is not supported
2025-04-28 16:06:25,831 [WARN] ConditionMgr:438 - getConditionDescription Invalid condition id : UX DEVICE CLASS RTOS Condition cause : null
2025-04-28 16:06:25,831 [WARN] ConditionMgr:438 - getConditionDescription Invalid condition id : UX DEVICE CLASS RTOS Condition cause : null
2025-04-28 16:06:25,832 [WARN] PackLoader:240 - Cannot read IP mode file for STMicroelectronics.X-CUBE-AZRTOS-WB.2.0.0
2025-04-28 16:06:25,833 [WARN] ConditionMgr:1039 - genDependencies : Invalid condition id : UX DEVICE CLASS RTOS Condition cause : null
2025-04-28 16:06:25,833 [WARN] ConditionMgr:1039 - genDependencies : Invalid condition id : UX DEVICE CLASS RTOS Condition cause : null
2025-04-28 16:06:25,833 [WARN] ConditionMgr:1039 - genDependencies : Invalid condition id : UX DEVICE CLASS RTOS Condition cause : null
2025-04-28 16:06:25,833 [WARN] ConditionMgr:1039 - genDependencies : Invalid condition id : UX DEVICE CLASS RTOS Condition cause : null
2025-04-28 16:06:25,833 [WARN] ConditionMgr:1039 - genDependencies : Invalid condition id : UX DEVICE CLASS RTOS Condition cause : null
2025-04-28 16:06:25,846 [WARN] PackLoader:240 - Cannot read IP mode file for STMicroelectronics.X-CUBE-FREERTOS.1.0.1
2025-04-28 16:06:25,859 [WARN] PackLoader:240 - Cannot read IP mode file for STMicroelectronics.X-CUBE-GNSS1.7.0.1
2025-04-28 16:06:25,874 [WARN] PackLoader:240 - Cannot read IP mode file for STMicroelectronics.X-CUBE-TOUCHGFX.4.25.0
2025-04-28 16:06:25,900 [ERROR] Engine:466 - C:\Users\msi1\.stm32cubemx\thirdparties\pdsc\STMicroelectronics.FP-SNS-STBOX1.2.0.0.pdsc: PDSC version is not supported
2025-04-28 16:06:25,924 [WARN] PackLoader:240 - Cannot read IP mode file for STMicroelectronics.X-CUBE-AZRTOS-L5.1.1.0
2025-04-28 16:06:25,938 [WARN] PackLoader:240 - Cannot read IP mode file for STMicroelectronics.X-CUBE-AI.8.0.1
2025-04-28 16:06:25,956 [WARN] PackLoader:240 - Cannot read IP mode file for STMicroelectronics.X-CUBE-SUBG2.5.0.0
2025-04-28 16:06:25,988 [WARN] PackLoader:240 - Cannot read IP mode file for STMicroelectronics.X-CUBE-AZRTOS-H7RS.1.1.0
2025-04-28 16:06:25,994 [WARN] PackLoader:240 - Cannot read IP mode file for Cesanta.I-CUBE-Mongoose.7.13.0
2025-04-28 16:06:26,013 [WARN] PackLoader:240 - Cannot read IP mode file for STMicroelectronics.X-CUBE-TOF1.3.3.1
2025-04-28 16:06:26,043 [WARN] PackLoader:240 - Cannot read IP mode file for STMicroelectronics.X-CUBE-AZRTOS-G4.2.0.0
2025-04-28 16:06:26,062 [WARN] PackLoader:240 - Cannot read IP mode file for STMicroelectronics.X-CUBE-TOF1.3.3.0
2025-04-28 16:06:26,084 [WARN] PackLoader:240 - Cannot read IP mode file for Infineon.AIROC-Wi-Fi-Bluetooth-STM32.1.5.1
2025-04-28 16:06:26,097 [WARN] PackLoader:240 - Cannot read IP mode file for STMicroelectronics.FP-SNS-MOTENVWB1.1.3.0
2025-04-28 16:06:26,110 [WARN] PackLoader:240 - Cannot read IP mode file for STMicroelectronics.FP-SNS-MOTENVWB1.1.3.1
2025-04-28 16:06:26,133 [WARN] PackLoader:240 - Cannot read IP mode file for STMicroelectronics.X-CUBE-AZRTOS-L4.1.0.0
2025-04-28 16:06:26,143 [WARN] PackLoader:240 - Cannot read IP mode file for STMicroelectronics.X-CUBE-ISPU.2.0.0
2025-04-28 16:06:26,155 [ERROR] Engine:466 - C:\Users\msi1\.stm32cubemx\thirdparties\pdsc\STMicroelectronics.X-CUBE-IPS.3.1.0.pdsc: PDSC version is not supported
2025-04-28 16:06:26,165 [WARN] PackLoader:240 - Cannot read IP mode file for STMicroelectronics.X-CUBE-ALS.1.0.2
2025-04-28 16:06:26,194 [WARN] PackLoader:240 - Cannot read IP mode file for STMicroelectronics.X-CUBE-MEMS1.10.0.0
2025-04-28 16:06:26,265 [WARN] PackLoader:240 - Cannot read IP mode file for STMicroelectronics.X-CUBE-FREERTOS.1.1.0
2025-04-28 16:06:26,278 [WARN] PackLoader:240 - Cannot read IP mode file for STMicroelectronics.X-CUBE-TOUCHGFX.4.24.0
2025-04-28 16:06:26,291 [WARN] PackLoader:240 - Cannot read IP mode file for STMicroelectronics.X-CUBE-TOUCHGFX.4.24.2
2025-04-28 16:06:26,308 [WARN] PackLoader:240 - Cannot read IP mode file for STMicroelectronics.X-CUBE-AZRTOS-WL.1.0.0
2025-04-28 16:06:26,325 [WARN] PackLoader:240 - Cannot read IP mode file for STMicroelectronics.X-CUBE-TOUCHGFX.4.24.1
2025-04-28 16:06:26,329 [WARN] PackLoader:240 - Cannot read IP mode file for wolfSSL.I-CUBE-wolfTPM.3.4.0
2025-04-28 16:06:26,343 [WARN] PackLoader:240 - Cannot read IP mode file for portGmbH.I-Cube-SoM-uGOAL.1.1.0
2025-04-28 16:06:26,356 [WARN] PackLoader:240 - Cannot read IP mode file for STMicroelectronics.X-CUBE-ALS.1.0.1
2025-04-28 16:06:26,376 [WARN] PackLoader:240 - Cannot read IP mode file for STMicroelectronics.X-CUBE-AZRTOS-WB.1.1.0
2025-04-28 16:06:26,403 [WARN] PackLoader:240 - Cannot read IP mode file for STMicroelectronics.X-CUBE-AZRTOS-H7RS.1.0.0
2025-04-28 16:06:26,416 [WARN] PackLoader:240 - Cannot read IP mode file for STMicroelectronics.FP-ATR-ASTRA1.2.0.0
2025-04-28 16:06:26,430 [ERROR] Engine:466 - C:\Users\msi1\.stm32cubemx\thirdparties\pdsc\STMicroelectronics.X-CUBE-TOF1.3.4.2.pdsc: PDSC version is not supported
2025-04-28 16:06:26,433 [ERROR] Engine:466 - C:\Users\msi1\.stm32cubemx\thirdparties\pdsc\STMicroelectronics.X-CUBE-TOF1.3.4.3.pdsc: PDSC version is not supported
2025-04-28 16:06:26,448 [WARN] PackLoader:240 - Cannot read IP mode file for STMicroelectronics.X-CUBE-TOF1.3.4.0
2025-04-28 16:06:26,468 [WARN] PackLoader:240 - Cannot read IP mode file for STMicroelectronics.X-CUBE-TOF1.3.4.1
2025-04-28 16:06:26,494 [WARN] PackLoader:240 - Cannot read IP mode file for STMicroelectronics.X-CUBE-AZRTOS-H7.3.2.0
2025-04-28 16:06:26,499 [WARN] PackLoader:240 - Cannot read IP mode file for wolfSSL.I-CUBE-wolfSSH.1.4.17
2025-04-28 16:06:26,500 [INFO] ThirdParty:978 - Integrity check success = true
2025-04-28 16:06:26,500 [INFO] IntegrityCheckThread:100 - exiting critical section [integrity check]
2025-04-28 16:06:26,500 [INFO] IntegrityCheckThread:103 - End integrity checks thread
2025-04-28 16:07:57,293 [INFO] McuFinderGlobals:63 - Set McuFinder mode to 2 (CubeIDE integrated)
2025-04-28 16:07:57,318 [INFO] MainUpdater:2868 - connection check result : 10
2025-04-28 16:07:57,341 [INFO] McuFinderGlobals:76 - Set McuFinderConnectedMode to true
2025-04-28 16:07:58,175 [INFO] ServerAccessManage:473 - Download File mcusAds.json._tmp_
2025-04-28 16:07:58,305 [INFO] LoadUrlFilesThread:156 - End of LoadUrlFiles Thread
2025-04-28 16:07:58,735 [INFO] ServerAccessManage:473 - Download File cube-finder-db.zip
2025-04-28 16:09:34,838 [INFO] FileExtend:240 - Unzip File : cube-finder-db.zip
2025-04-28 16:09:34,838 [INFO] FileExtend:255 - Standard Zip Deflate
2025-04-28 16:09:35,736 [INFO] LoadUrlFilesThread:156 - End of LoadUrlFiles Thread
2025-04-28 16:09:37,569 [INFO] ServerAccessManage:473 - Download File crdb.zip
2025-04-28 16:09:48,513 [INFO] FileExtend:240 - Unzip File : crdb.zip
2025-04-28 16:09:48,514 [INFO] FileExtend:255 - Standard Zip Deflate
2025-04-28 16:09:48,649 [INFO] LoadUrlFilesThread:156 - End of LoadUrlFiles Thread
2025-04-28 16:09:49,149 [INFO] ServerAccessManage:473 - Download File tutoVideoDB.zip
2025-04-28 16:09:49,351 [INFO] FileExtend:240 - Unzip File : tutoVideoDB.zip
2025-04-28 16:09:49,351 [INFO] FileExtend:255 - Standard Zip Deflate
2025-04-28 16:09:49,474 [INFO] LoadUrlFilesThread:156 - End of LoadUrlFiles Thread
2025-04-28 16:09:49,481 [WARN] DbFile:41 - Overriding database path with different value: C:\Users\msi1\.stmcufinder\plugins\mcufinder/ => C:\Users\msi1\.stmcufinder\plugins\mcufinder
2025-04-28 16:09:49,676 [INFO] ServerAccessManage:473 - Download File api_config.json
2025-04-28 16:09:49,789 [INFO] LoadUrlFilesThread:156 - End of LoadUrlFiles Thread
2025-04-28 16:09:49,790 [INFO] DbMcusAds:53 - JSON generation date=Thu Mar 06 21:54:22 ICT 2025 (1741272862204)
2025-04-28 16:09:49,813 [INFO] LoadUrlFilesThread:185 - End of LoadServerUrlFiles without Thread
2025-04-28 16:09:49,814 [INFO] TargetSelectorAdapter:259 - Refresh data is successful
2025-04-28 16:09:49,992 [INFO] ApiDb:581 - Connected to CubeFinder SQLite database (C:\Users\msi1\.stmcufinder\plugins\mcufinder\mcu\cube-finder-db.db)
2025-04-28 16:09:50,052 [INFO] ApiDb:668 - CubeFinder database Data Model version=2.1
2025-04-28 16:09:50,052 [INFO] ApiDb:669 - CubeFinder database Configuration version=3.0.39
2025-04-28 16:09:50,052 [INFO] ApiDb:670 - CubeFinder database generation date=2025-04-23 (1745419778)
2025-04-28 16:09:50,052 [INFO] ApiDb:671 - CubeFinder database FW Pack versions=[FP-ATR-ASTRA1_V2.0.0, FP-SNS-FLIGHT1_V5.1.0, FP-SNS-MOTENV1_V5.0.0, FP-SNS-MOTENVWB1_V1.4.0, FP-SNS-SMARTAG2_V1.2.0, FP-SNS-STBOX1_V2.0.0, STM32Cube_FW_C0_V1.4.0, STM32Cube_FW_F4_V1.28.1, STM32Cube_FW_F7_V1.17.2, STM32Cube_FW_G0_V1.6.2, STM32Cube_FW_G4_V1.6.1, STM32Cube_FW_H5_V1.5.0, STM32Cube_FW_H7RS_V1.2.0, STM32Cube_FW_H7_V1.12.1, STM32Cube_FW_L0_V1.12.2, STM32Cube_FW_L4_V1.18.1, STM32Cube_FW_L5_V1.5.1, STM32Cube_FW_N6_V1.1.1, STM32Cube_FW_U0_V1.2.0, STM32Cube_FW_U3_V1.1.0, STM32Cube_FW_U5_V1.7.0, STM32Cube_FW_WB0_V1.2.0, STM32Cube_FW_WBA_V1.6.0, STM32Cube_FW_WB_V1.22.0, STM32Cube_FW_WL3_V1.1.0, STM32Cube_FW_WL_V1.3.1, X-CUBE-ALGOBUILD_V1.4.0, X-CUBE-ALS_V1.0.2, X-CUBE-AZRTOS-F4_V1.1.0, X-CUBE-AZRTOS-F7_V1.1.0, X-CUBE-AZRTOS-G0_V1.1.0, X-CUBE-AZRTOS-G4_V2.0.0, X-CUBE-AZRTOS-H7RS_V1.1.0, X-CUBE-AZRTOS-H7_V3.3.0, X-CUBE-AZRTOS-L4_V2.0.0, X-CUBE-AZRTOS-L5_V2.0.0, X-CUBE-AZRTOS-WB_V2.0.0, X-CUBE-AZRTOS-WL_V2.0.0, X-CUBE-BLE1_V7.1.0, X-CUBE-BLE2_V3.3.0, X-CUBE-BLEMGR_V4.0.0, X-CUBE-EEPRMA1_V5.1.0, X-CUBE-FREERTOS_V1.3.0, X-CUBE-GNSS1_V6.0.0, X-CUBE-MEMS1_V11.2.0, X-CUBE-NFC4_V3.0.0, X-CUBE-NFC7_V1.0.1, X-CUBE-SFXS2LP1_V4.0.0, X-CUBE-SUBG2_V5.0.0, X-CUBE-TOF1_V3.4.3]
2025-04-28 16:09:51,917 [INFO] ApiDb:240 - Found 323 in-development CPN: [B-G473E-ZEST1S, B-WB1M-WPAN1, B-WL5M-SUBG1, NUCLEO-C031C6, NUCLEO-H503RB, NUCLEO-H563ZI, NUCLEO-U545RE-Q, NUCLEO-U5A5ZJ-Q, NUCLEO-WBA52CG, STEVAL-PROTEUS1, STEVAL-SMARTAG2, STEVAL-STWINBX1, STM320518-EVAL, STM32C0116-DK, STM32C011D6Y3TR, STM32C011D6Y6TR, STM32C011F4P3, STM32C011F4P6, STM32C011F4U3, STM32C011F4U6TR, STM32C011F6P3, STM32C011F6P6, STM32C011F6U3, STM32C011F6U6TR, STM32C011J4M3, STM32C011J4M6, STM32C011J6M3, STM32C011J6M6, STM32C0316-DK, STM32C031C4T3, STM32C031C4T6, STM32C031C4U3, STM32C031C4U6, STM32C031C6T3, STM32C031C6T6, STM32C031C6U3, STM32C031C6U6, STM32C031F4P3, STM32C031F4P6, STM32C031F6P3, STM32C031F6P6, STM32C031G4U3, STM32C031G4U6, STM32C031G6U3, STM32C031G6U6, STM32C031K4T3, STM32C031K4T6, STM32C031K4U3, STM32C031K4U6, STM32C031K6T3, STM32C031K6T6, STM32C031K6U3, STM32C031K6U6, STM32G071K8TXN, STM32G071K8UXN, STM32G081GBU6N, STM32G081KBT6N, STM32G081KBUXN, STM32G0B1CCT6N, STM32G0B1KCT6, STM32G0B1NEY6TR, STM32G0B1RCT6N, STM32G0C1CCT6, STM32G0C1CCT6N, STM32G0C1CCU6N, STM32G0C1CET6N, STM32G0C1CEU6N, STM32G0C1KCT6, STM32G0C1NEY6TR, STM32G0C1RCI6N, STM32G0C1RCT6N, STM32G0C1REI6N, STM32G0C1RET6N, STM32G0C1VCI6, STM32G0C1VEI6, STM32G471CCT6, STM32G471CCU6, STM32G471CET3, STM32G471CET6, STM32G471CEU3, STM32G471CEU6, STM32G471MCT6, STM32G471MET3, STM32G471MET6, STM32G471MEY6TR, STM32G471QCT6, STM32G471QET3, STM32G471RCT6, STM32G471RET3, STM32G471RET6, STM32G471VCH6, STM32G471VCI6, STM32G471VCT6, STM32G471VEH3, STM32G471VEH6, STM32G471VEI3, STM32G471VEI6, STM32G471VET3, STM32G471VET6, STM32G474CCT6, STM32H503CBT6, STM32H503CBU6, STM32H503EBY6TR, STM32H503KBU6, STM32H503RBT6, STM32H562AGI6, STM32H562AII6, STM32H562IGK6, STM32H562IGT6, STM32H562IIK6, STM32H562IIT6, STM32H562RGT6, STM32H562RGV6, STM32H562RIT6, STM32H562RIV6, STM32H562VGT6, STM32H562VIT6, STM32H562ZGT6, STM32H562ZIT6, STM32H563AGI6, STM32H563AII3Q, STM32H563AII6, STM32H563IGK6, STM32H563IGT6, STM32H563IIK3Q, STM32H563IIK6, STM32H563IIT3Q, STM32H563IIT6, STM32H563MIY3QTR, STM32H563RGT6, STM32H563RGV6, STM32H563RIT6, STM32H563RIV6, STM32H563VGT6, STM32H563VIT3Q, STM32H563VIT6, STM32H563ZGT6, STM32H563ZIT3Q, STM32H563ZIT6, STM32H573AII3Q, STM32H573AII6, STM32H573I-DK, STM32H573IIK3Q, STM32H573IIK6, STM32H573IIT3Q, STM32H573IIT6, STM32H573MIY3QTR, STM32H573RIT6, STM32H573RIV6, STM32H573VIT3Q, STM32H573VIT6, STM32H573ZIT3Q, STM32H573ZIT6, STM32L4R5QGI6STR, STM32MP131AAE3, STM32MP131AAF3, STM32MP131AAG3, STM32MP131CAE3, STM32MP131CAF3, STM32MP131CAG3, STM32MP131DAE7, STM32MP131DAF7, STM32MP131DAG7, STM32MP131FAE7, STM32MP131FAF7, STM32MP131FAG7, STM32MP133AAE3, STM32MP133AAF3, STM32MP133AAG3, STM32MP133CAE3, STM32MP133CAF3, STM32MP133CAG3, STM32MP133DAE7, STM32MP133DAF7, STM32MP133DAG7, STM32MP133FAE7, STM32MP133FAF7, STM32MP133FAG7, STM32MP135AAE3, STM32MP135AAF3, STM32MP135AAG3, STM32MP135CAE3, STM32MP135CAF3, STM32MP135CAG3, STM32MP135DAE7, STM32MP135DAF7, STM32MP135DAG7, STM32MP135F-DK, STM32MP135FAE7, STM32MP135FAF7, STM32MP135FAF7T, STM32MP135FAF7U, STM32MP135FAG7, STM32U535CBT6, STM32U535CBT6Q, STM32U535CBU6, STM32U535CBU6Q, STM32U535CCT6, STM32U535CCT6Q, STM32U535CCU6, STM32U535CCU6Q, STM32U535CET6, STM32U535CET6Q, STM32U535CEU6, STM32U535CEU6Q, STM32U535JEY6QTR, STM32U535NCY6QTR, STM32U535NEY6QTR, STM32U535RBI6, STM32U535RBI6Q, STM32U535RBT6, STM32U535RBT6Q, STM32U535RCI6, STM32U535RCI6Q, STM32U535RCT6, STM32U535RCT6Q, STM32U535REI6, STM32U535REI6Q, STM32U535RET6, STM32U535RET6Q, STM32U535VCI6, STM32U535VCI6Q, STM32U535VCT6, STM32U535VCT6Q, STM32U535VEI6, STM32U535VEI6Q, STM32U535VET6, STM32U535VET6Q, STM32U545CET6, STM32U545CET6Q, STM32U545CEU6, STM32U545CEU6Q, STM32U545JEY6QTR, STM32U545NEY6QTR, STM32U545REI6, STM32U545REI6Q, STM32U545RET6, STM32U545RET6Q, STM32U545VEI6, STM32U545VEI6Q, STM32U545VET6, STM32U545VET6Q, STM32U595AIH6, STM32U595AIH6Q, STM32U595AJH6, STM32U595AJH6Q, STM32U595QII6, STM32U595QII6Q, STM32U595QJI6, STM32U595QJI6Q, STM32U595RIT6, STM32U595RIT6Q, STM32U595RJT6, STM32U595RJT6Q, STM32U595VIT6, STM32U595VIT6Q, STM32U595VJT6, STM32U595VJT6Q, STM32U595ZIT6, STM32U595ZIT6Q, STM32U595ZIY6QTR, STM32U595ZJT6, STM32U595ZJT6Q, STM32U595ZJY6QTR, STM32U599BJY6QTR, STM32U599NIH6Q, STM32U599NJH6Q, STM32U599VIT6Q, STM32U599VJT6, STM32U599VJT6Q, STM32U599ZIT6Q, STM32U599ZIY6QTR, STM32U599ZJT6Q, STM32U599ZJY6QTR, STM32U5A5AJH6, STM32U5A5AJH6Q, STM32U5A5QJI6, STM32U5A5QJI6Q, STM32U5A5RJT6, STM32U5A5RJT6Q, STM32U5A5VJT6, STM32U5A5VJT6Q, STM32U5A5ZJT6, STM32U5A5ZJT6Q, STM32U5A5ZJY6QTR, STM32U5A9BJY6QTR, STM32U5A9J-DK, STM32U5A9NJH6Q, STM32U5A9VJT6Q, STM32U5A9ZJT6Q, STM32U5A9ZJY6QTR, STM32U5F7VIT6, STM32U5F7VIT6Q, STM32U5F7VJT6, STM32U5F7VJT6Q, STM32U5F9BJY6QTR, STM32U5F9NJH6Q, STM32U5F9VIT6Q, STM32U5F9VJT6Q, STM32U5F9ZIJ6QTR, STM32U5F9ZIT6Q, STM32U5F9ZJJ6QTR, STM32U5F9ZJT6Q, STM32U5G7VJT6, STM32U5G7VJT6Q, STM32U5G9BJY6QTR, STM32U5G9J-DK1, STM32U5G9J-DK2, STM32U5G9NJH6Q, STM32U5G9VJT6Q, STM32U5G9ZJJ6QTR, STM32U5G9ZJT6Q, STM32WB1MMCH6, STM32WBA52CEU6, STM32WBA52CEU6T, STM32WBA52CGU6, STM32WBA52CGU6T, STM32WBA52KEU6, STM32WBA52KEU6T, STM32WBA52KGU6, STM32WBA52KGU6T, STM32WL5MOCH6, STM32WL5MOCH6TR]
2025-04-28 16:09:51,921 [INFO] DbMcus:217 - Found 4642 MCUs, 4642 are supported
2025-04-28 16:09:51,929 [INFO] ApiDb:423 - Load user favorites file C:\Users\msi1/.stm32cubeide/favorites.mcus.txt: 3 item(s)
2025-04-28 16:09:51,929 [INFO] ApiDb:427 - User favorites MCUs=[STM32F103CBT6, STM32F303VCT6, STM32F407VGT6]
2025-04-28 16:09:51,929 [INFO] DbMcus:223 - Set 3 / 3 favorites MCUs
2025-04-28 16:09:52,285 [INFO] ApiDb:668 - CubeFinder database Data Model version=2.1
2025-04-28 16:09:52,285 [INFO] ApiDb:669 - CubeFinder database Configuration version=3.0.39
2025-04-28 16:09:52,285 [INFO] ApiDb:670 - CubeFinder database generation date=2025-04-23 (1745419778)
2025-04-28 16:09:52,286 [INFO] ApiDb:671 - CubeFinder database FW Pack versions=[FP-ATR-ASTRA1_V2.0.0, FP-SNS-FLIGHT1_V5.1.0, FP-SNS-MOTENV1_V5.0.0, FP-SNS-MOTENVWB1_V1.4.0, FP-SNS-SMARTAG2_V1.2.0, FP-SNS-STBOX1_V2.0.0, STM32Cube_FW_C0_V1.4.0, STM32Cube_FW_F4_V1.28.1, STM32Cube_FW_F7_V1.17.2, STM32Cube_FW_G0_V1.6.2, STM32Cube_FW_G4_V1.6.1, STM32Cube_FW_H5_V1.5.0, STM32Cube_FW_H7RS_V1.2.0, STM32Cube_FW_H7_V1.12.1, STM32Cube_FW_L0_V1.12.2, STM32Cube_FW_L4_V1.18.1, STM32Cube_FW_L5_V1.5.1, STM32Cube_FW_N6_V1.1.1, STM32Cube_FW_U0_V1.2.0, STM32Cube_FW_U3_V1.1.0, STM32Cube_FW_U5_V1.7.0, STM32Cube_FW_WB0_V1.2.0, STM32Cube_FW_WBA_V1.6.0, STM32Cube_FW_WB_V1.22.0, STM32Cube_FW_WL3_V1.1.0, STM32Cube_FW_WL_V1.3.1, X-CUBE-ALGOBUILD_V1.4.0, X-CUBE-ALS_V1.0.2, X-CUBE-AZRTOS-F4_V1.1.0, X-CUBE-AZRTOS-F7_V1.1.0, X-CUBE-AZRTOS-G0_V1.1.0, X-CUBE-AZRTOS-G4_V2.0.0, X-CUBE-AZRTOS-H7RS_V1.1.0, X-CUBE-AZRTOS-H7_V3.3.0, X-CUBE-AZRTOS-L4_V2.0.0, X-CUBE-AZRTOS-L5_V2.0.0, X-CUBE-AZRTOS-WB_V2.0.0, X-CUBE-AZRTOS-WL_V2.0.0, X-CUBE-BLE1_V7.1.0, X-CUBE-BLE2_V3.3.0, X-CUBE-BLEMGR_V4.0.0, X-CUBE-EEPRMA1_V5.1.0, X-CUBE-FREERTOS_V1.3.0, X-CUBE-GNSS1_V6.0.0, X-CUBE-MEMS1_V11.2.0, X-CUBE-NFC4_V3.0.0, X-CUBE-NFC7_V1.0.1, X-CUBE-SFXS2LP1_V4.0.0, X-CUBE-SUBG2_V5.0.0, X-CUBE-TOF1_V3.4.3]
2025-04-28 16:09:52,327 [INFO] DbBoardsSqlite:226 - include board P-NUCLEO-WB55-NUCLEO as a kit item of type 'Nucleo-64'
2025-04-28 16:09:52,327 [INFO] DbBoardsSqlite:226 - include board P-NUCLEO-WB55-USBDONGLE as a kit item of type 'Nucleo USB Dongle'
2025-04-28 16:09:52,327 [INFO] DbBoardsSqlite:226 - include board STEVAL-IDP005V1 as a kit item of type 'Evaluation Board'
2025-04-28 16:09:52,328 [INFO] DbBoardsSqlite:226 - include board STEVAL-IDP005V2 as a kit item of type 'Evaluation Board'
2025-04-28 16:09:52,379 [INFO] ApiDb:240 - Found 323 in-development CPN: [B-G473E-ZEST1S, B-WB1M-WPAN1, B-WL5M-SUBG1, NUCLEO-C031C6, NUCLEO-H503RB, NUCLEO-H563ZI, NUCLEO-U545RE-Q, NUCLEO-U5A5ZJ-Q, NUCLEO-WBA52CG, STEVAL-PROTEUS1, STEVAL-SMARTAG2, STEVAL-STWINBX1, STM320518-EVAL, STM32C0116-DK, STM32C011D6Y3TR, STM32C011D6Y6TR, STM32C011F4P3, STM32C011F4P6, STM32C011F4U3, STM32C011F4U6TR, STM32C011F6P3, STM32C011F6P6, STM32C011F6U3, STM32C011F6U6TR, STM32C011J4M3, STM32C011J4M6, STM32C011J6M3, STM32C011J6M6, STM32C0316-DK, STM32C031C4T3, STM32C031C4T6, STM32C031C4U3, STM32C031C4U6, STM32C031C6T3, STM32C031C6T6, STM32C031C6U3, STM32C031C6U6, STM32C031F4P3, STM32C031F4P6, STM32C031F6P3, STM32C031F6P6, STM32C031G4U3, STM32C031G4U6, STM32C031G6U3, STM32C031G6U6, STM32C031K4T3, STM32C031K4T6, STM32C031K4U3, STM32C031K4U6, STM32C031K6T3, STM32C031K6T6, STM32C031K6U3, STM32C031K6U6, STM32G071K8TXN, STM32G071K8UXN, STM32G081GBU6N, STM32G081KBT6N, STM32G081KBUXN, STM32G0B1CCT6N, STM32G0B1KCT6, STM32G0B1NEY6TR, STM32G0B1RCT6N, STM32G0C1CCT6, STM32G0C1CCT6N, STM32G0C1CCU6N, STM32G0C1CET6N, STM32G0C1CEU6N, STM32G0C1KCT6, STM32G0C1NEY6TR, STM32G0C1RCI6N, STM32G0C1RCT6N, STM32G0C1REI6N, STM32G0C1RET6N, STM32G0C1VCI6, STM32G0C1VEI6, STM32G471CCT6, STM32G471CCU6, STM32G471CET3, STM32G471CET6, STM32G471CEU3, STM32G471CEU6, STM32G471MCT6, STM32G471MET3, STM32G471MET6, STM32G471MEY6TR, STM32G471QCT6, STM32G471QET3, STM32G471RCT6, STM32G471RET3, STM32G471RET6, STM32G471VCH6, STM32G471VCI6, STM32G471VCT6, STM32G471VEH3, STM32G471VEH6, STM32G471VEI3, STM32G471VEI6, STM32G471VET3, STM32G471VET6, STM32G474CCT6, STM32H503CBT6, STM32H503CBU6, STM32H503EBY6TR, STM32H503KBU6, STM32H503RBT6, STM32H562AGI6, STM32H562AII6, STM32H562IGK6, STM32H562IGT6, STM32H562IIK6, STM32H562IIT6, STM32H562RGT6, STM32H562RGV6, STM32H562RIT6, STM32H562RIV6, STM32H562VGT6, STM32H562VIT6, STM32H562ZGT6, STM32H562ZIT6, STM32H563AGI6, STM32H563AII3Q, STM32H563AII6, STM32H563IGK6, STM32H563IGT6, STM32H563IIK3Q, STM32H563IIK6, STM32H563IIT3Q, STM32H563IIT6, STM32H563MIY3QTR, STM32H563RGT6, STM32H563RGV6, STM32H563RIT6, STM32H563RIV6, STM32H563VGT6, STM32H563VIT3Q, STM32H563VIT6, STM32H563ZGT6, STM32H563ZIT3Q, STM32H563ZIT6, STM32H573AII3Q, STM32H573AII6, STM32H573I-DK, STM32H573IIK3Q, STM32H573IIK6, STM32H573IIT3Q, STM32H573IIT6, STM32H573MIY3QTR, STM32H573RIT6, STM32H573RIV6, STM32H573VIT3Q, STM32H573VIT6, STM32H573ZIT3Q, STM32H573ZIT6, STM32L4R5QGI6STR, STM32MP131AAE3, STM32MP131AAF3, STM32MP131AAG3, STM32MP131CAE3, STM32MP131CAF3, STM32MP131CAG3, STM32MP131DAE7, STM32MP131DAF7, STM32MP131DAG7, STM32MP131FAE7, STM32MP131FAF7, STM32MP131FAG7, STM32MP133AAE3, STM32MP133AAF3, STM32MP133AAG3, STM32MP133CAE3, STM32MP133CAF3, STM32MP133CAG3, STM32MP133DAE7, STM32MP133DAF7, STM32MP133DAG7, STM32MP133FAE7, STM32MP133FAF7, STM32MP133FAG7, STM32MP135AAE3, STM32MP135AAF3, STM32MP135AAG3, STM32MP135CAE3, STM32MP135CAF3, STM32MP135CAG3, STM32MP135DAE7, STM32MP135DAF7, STM32MP135DAG7, STM32MP135F-DK, STM32MP135FAE7, STM32MP135FAF7, STM32MP135FAF7T, STM32MP135FAF7U, STM32MP135FAG7, STM32U535CBT6, STM32U535CBT6Q, STM32U535CBU6, STM32U535CBU6Q, STM32U535CCT6, STM32U535CCT6Q, STM32U535CCU6, STM32U535CCU6Q, STM32U535CET6, STM32U535CET6Q, STM32U535CEU6, STM32U535CEU6Q, STM32U535JEY6QTR, STM32U535NCY6QTR, STM32U535NEY6QTR, STM32U535RBI6, STM32U535RBI6Q, STM32U535RBT6, STM32U535RBT6Q, STM32U535RCI6, STM32U535RCI6Q, STM32U535RCT6, STM32U535RCT6Q, STM32U535REI6, STM32U535REI6Q, STM32U535RET6, STM32U535RET6Q, STM32U535VCI6, STM32U535VCI6Q, STM32U535VCT6, STM32U535VCT6Q, STM32U535VEI6, STM32U535VEI6Q, STM32U535VET6, STM32U535VET6Q, STM32U545CET6, STM32U545CET6Q, STM32U545CEU6, STM32U545CEU6Q, STM32U545JEY6QTR, STM32U545NEY6QTR, STM32U545REI6, STM32U545REI6Q, STM32U545RET6, STM32U545RET6Q, STM32U545VEI6, STM32U545VEI6Q, STM32U545VET6, STM32U545VET6Q, STM32U595AIH6, STM32U595AIH6Q, STM32U595AJH6, STM32U595AJH6Q, STM32U595QII6, STM32U595QII6Q, STM32U595QJI6, STM32U595QJI6Q, STM32U595RIT6, STM32U595RIT6Q, STM32U595RJT6, STM32U595RJT6Q, STM32U595VIT6, STM32U595VIT6Q, STM32U595VJT6, STM32U595VJT6Q, STM32U595ZIT6, STM32U595ZIT6Q, STM32U595ZIY6QTR, STM32U595ZJT6, STM32U595ZJT6Q, STM32U595ZJY6QTR, STM32U599BJY6QTR, STM32U599NIH6Q, STM32U599NJH6Q, STM32U599VIT6Q, STM32U599VJT6, STM32U599VJT6Q, STM32U599ZIT6Q, STM32U599ZIY6QTR, STM32U599ZJT6Q, STM32U599ZJY6QTR, STM32U5A5AJH6, STM32U5A5AJH6Q, STM32U5A5QJI6, STM32U5A5QJI6Q, STM32U5A5RJT6, STM32U5A5RJT6Q, STM32U5A5VJT6, STM32U5A5VJT6Q, STM32U5A5ZJT6, STM32U5A5ZJT6Q, STM32U5A5ZJY6QTR, STM32U5A9BJY6QTR, STM32U5A9J-DK, STM32U5A9NJH6Q, STM32U5A9VJT6Q, STM32U5A9ZJT6Q, STM32U5A9ZJY6QTR, STM32U5F7VIT6, STM32U5F7VIT6Q, STM32U5F7VJT6, STM32U5F7VJT6Q, STM32U5F9BJY6QTR, STM32U5F9NJH6Q, STM32U5F9VIT6Q, STM32U5F9VJT6Q, STM32U5F9ZIJ6QTR, STM32U5F9ZIT6Q, STM32U5F9ZJJ6QTR, STM32U5F9ZJT6Q, STM32U5G7VJT6, STM32U5G7VJT6Q, STM32U5G9BJY6QTR, STM32U5G9J-DK1, STM32U5G9J-DK2, STM32U5G9NJH6Q, STM32U5G9VJT6Q, STM32U5G9ZJJ6QTR, STM32U5G9ZJT6Q, STM32WB1MMCH6, STM32WBA52CEU6, STM32WBA52CEU6T, STM32WBA52CGU6, STM32WBA52CGU6T, STM32WBA52KEU6, STM32WBA52KEU6T, STM32WBA52KGU6, STM32WBA52KGU6T, STM32WL5MOCH6, STM32WL5MOCH6TR]
2025-04-28 16:09:52,402 [INFO] BoardInfo:880 - No configuration file found for board NUCLEO-C051C8
2025-04-28 16:09:52,403 [INFO] DbBoards:157 - Board is not supported: NUCLEO-C051C8
2025-04-28 16:09:52,403 [INFO] BoardInfo:880 - No configuration file found for board NUCLEO-C071RB
2025-04-28 16:09:52,403 [INFO] DbBoards:157 - Board is not supported: NUCLEO-C071RB
2025-04-28 16:09:52,404 [INFO] BoardInfo:880 - No configuration file found for board NUCLEO-C092RC
2025-04-28 16:09:52,404 [INFO] DbBoards:157 - Board is not supported: NUCLEO-C092RC
2025-04-28 16:09:52,430 [INFO] BoardInfo:880 - No configuration file found for board NUCLEO-H533RE
2025-04-28 16:09:52,430 [INFO] DbBoards:157 - Board is not supported: NUCLEO-H533RE
2025-04-28 16:09:52,436 [INFO] BoardInfo:880 - No configuration file found for board NUCLEO-H7S3L8
2025-04-28 16:09:52,436 [INFO] DbBoards:157 - Board is not supported: NUCLEO-H7S3L8
2025-04-28 16:09:52,450 [INFO] BoardInfo:880 - No configuration file found for board NUCLEO-N657X0-Q
2025-04-28 16:09:52,450 [INFO] DbBoards:157 - Board is not supported: NUCLEO-N657X0-Q
2025-04-28 16:09:52,450 [INFO] BoardInfo:880 - No configuration file found for board NUCLEO-U031R8
2025-04-28 16:09:52,450 [INFO] DbBoards:157 - Board is not supported: NUCLEO-U031R8
2025-04-28 16:09:52,451 [INFO] BoardInfo:880 - No configuration file found for board NUCLEO-U083RC
2025-04-28 16:09:52,451 [INFO] DbBoards:157 - Board is not supported: NUCLEO-U083RC
2025-04-28 16:09:52,452 [INFO] BoardInfo:880 - No configuration file found for board NUCLEO-U385RG-Q
2025-04-28 16:09:52,452 [INFO] DbBoards:157 - Board is not supported: NUCLEO-U385RG-Q
2025-04-28 16:09:52,455 [INFO] BoardInfo:880 - No configuration file found for board NUCLEO-WB05KZ
2025-04-28 16:09:52,455 [INFO] DbBoards:157 - Board is not supported: NUCLEO-WB05KZ
2025-04-28 16:09:52,456 [INFO] BoardInfo:880 - No configuration file found for board NUCLEO-WB07CC
2025-04-28 16:09:52,456 [INFO] DbBoards:157 - Board is not supported: NUCLEO-WB07CC
2025-04-28 16:09:52,457 [INFO] BoardInfo:880 - No configuration file found for board NUCLEO-WB09KE
2025-04-28 16:09:52,457 [INFO] DbBoards:157 - Board is not supported: NUCLEO-WB09KE
2025-04-28 16:09:52,459 [INFO] BoardInfo:880 - No configuration file found for board NUCLEO-WBA55CG
2025-04-28 16:09:52,459 [INFO] DbBoards:157 - Board is not supported: NUCLEO-WBA55CG
2025-04-28 16:09:52,460 [INFO] BoardInfo:880 - No configuration file found for board NUCLEO-WBA65RI
2025-04-28 16:09:52,460 [INFO] DbBoards:157 - Board is not supported: NUCLEO-WBA65RI
2025-04-28 16:09:52,461 [INFO] BoardInfo:880 - No configuration file found for board NUCLEO-WL33CC1
2025-04-28 16:09:52,461 [INFO] DbBoards:157 - Board is not supported: NUCLEO-WL33CC1
2025-04-28 16:09:52,462 [INFO] BoardInfo:880 - No configuration file found for board NUCLEO-WL33CC2
2025-04-28 16:09:52,462 [INFO] DbBoards:157 - Board is not supported: NUCLEO-WL33CC2
2025-04-28 16:09:52,465 [INFO] BoardInfo:880 - No configuration file found for board P-NUCLEO-WB55
2025-04-28 16:09:52,465 [INFO] DbBoards:157 - Kit is not supported: P-NUCLEO-WB55
2025-04-28 16:09:52,468 [INFO] BoardInfo:880 - No configuration file found for board STEVAL-BFA001V1B
2025-04-28 16:09:52,468 [INFO] DbBoards:157 - Kit is not supported: STEVAL-BFA001V1B
2025-04-28 16:09:52,469 [INFO] BoardInfo:880 - No configuration file found for board STEVAL-BFA001V2B
2025-04-28 16:09:52,469 [INFO] DbBoards:157 - Kit is not supported: STEVAL-BFA001V2B
2025-04-28 16:09:52,472 [INFO] BoardInfo:880 - No configuration file found for board STEVAL-MKBOXPRO
2025-04-28 16:09:52,472 [INFO] DbBoards:157 - Board is not supported: STEVAL-MKBOXPRO
2025-04-28 16:09:52,520 [INFO] BoardInfo:880 - No configuration file found for board STM32H7S78-DK
2025-04-28 16:09:52,520 [INFO] DbBoards:157 - Board is not supported: STM32H7S78-DK
2025-04-28 16:09:52,534 [INFO] BoardInfo:880 - No configuration file found for board STM32MP257F-DK
2025-04-28 16:09:52,534 [INFO] DbBoards:157 - Board is not supported: STM32MP257F-DK
2025-04-28 16:09:52,535 [INFO] BoardInfo:880 - No configuration file found for board STM32MP257F-EV1
2025-04-28 16:09:52,535 [INFO] DbBoards:157 - Board is not supported: STM32MP257F-EV1
2025-04-28 16:09:52,536 [INFO] BoardInfo:880 - No configuration file found for board STM32N6570-DK
2025-04-28 16:09:52,536 [INFO] DbBoards:157 - Board is not supported: STM32N6570-DK
2025-04-28 16:09:52,537 [INFO] BoardInfo:880 - No configuration file found for board STM32U083C-DK
2025-04-28 16:09:52,537 [INFO] DbBoards:157 - Board is not supported: STM32U083C-DK
2025-04-28 16:09:52,542 [INFO] BoardInfo:880 - No configuration file found for board STM32WBA55G-DK1
2025-04-28 16:09:52,542 [INFO] DbBoards:157 - Board is not supported: STM32WBA55G-DK1
2025-04-28 16:09:52,542 [INFO] BoardInfo:880 - No configuration file found for board STM32WBA65I-DK1
2025-04-28 16:09:52,542 [INFO] DbBoards:157 - Board is not supported: STM32WBA65I-DK1
2025-04-28 16:09:52,542 [INFO] DbBoards:161 - Found 210 boards, 183 are supported
2025-04-28 16:09:52,545 [INFO] ApiDb:423 - Load user favorites file C:\Users\msi1/.stm32cubeide/favorites.boards.txt: 0 item(s)
2025-04-28 16:09:52,545 [INFO] ApiDb:427 - User favorites Boards=[]
2025-04-28 16:09:52,545 [INFO] DbBoards:190 - Set 0 / 0 favorites Boards
2025-04-28 16:09:52,547 [INFO] ApiDb:668 - CubeFinder database Data Model version=2.1
2025-04-28 16:09:52,547 [INFO] ApiDb:669 - CubeFinder database Configuration version=3.0.39
2025-04-28 16:09:52,547 [INFO] ApiDb:670 - CubeFinder database generation date=2025-04-23 (1745419778)
2025-04-28 16:09:52,547 [INFO] ApiDb:671 - CubeFinder database FW Pack versions=[FP-ATR-ASTRA1_V2.0.0, FP-SNS-FLIGHT1_V5.1.0, FP-SNS-MOTENV1_V5.0.0, FP-SNS-MOTENVWB1_V1.4.0, FP-SNS-SMARTAG2_V1.2.0, FP-SNS-STBOX1_V2.0.0, STM32Cube_FW_C0_V1.4.0, STM32Cube_FW_F4_V1.28.1, STM32Cube_FW_F7_V1.17.2, STM32Cube_FW_G0_V1.6.2, STM32Cube_FW_G4_V1.6.1, STM32Cube_FW_H5_V1.5.0, STM32Cube_FW_H7RS_V1.2.0, STM32Cube_FW_H7_V1.12.1, STM32Cube_FW_L0_V1.12.2, STM32Cube_FW_L4_V1.18.1, STM32Cube_FW_L5_V1.5.1, STM32Cube_FW_N6_V1.1.1, STM32Cube_FW_U0_V1.2.0, STM32Cube_FW_U3_V1.1.0, STM32Cube_FW_U5_V1.7.0, STM32Cube_FW_WB0_V1.2.0, STM32Cube_FW_WBA_V1.6.0, STM32Cube_FW_WB_V1.22.0, STM32Cube_FW_WL3_V1.1.0, STM32Cube_FW_WL_V1.3.1, X-CUBE-ALGOBUILD_V1.4.0, X-CUBE-ALS_V1.0.2, X-CUBE-AZRTOS-F4_V1.1.0, X-CUBE-AZRTOS-F7_V1.1.0, X-CUBE-AZRTOS-G0_V1.1.0, X-CUBE-AZRTOS-G4_V2.0.0, X-CUBE-AZRTOS-H7RS_V1.1.0, X-CUBE-AZRTOS-H7_V3.3.0, X-CUBE-AZRTOS-L4_V2.0.0, X-CUBE-AZRTOS-L5_V2.0.0, X-CUBE-AZRTOS-WB_V2.0.0, X-CUBE-AZRTOS-WL_V2.0.0, X-CUBE-BLE1_V7.1.0, X-CUBE-BLE2_V3.3.0, X-CUBE-BLEMGR_V4.0.0, X-CUBE-EEPRMA1_V5.1.0, X-CUBE-FREERTOS_V1.3.0, X-CUBE-GNSS1_V6.0.0, X-CUBE-MEMS1_V11.2.0, X-CUBE-NFC4_V3.0.0, X-CUBE-NFC7_V1.0.1, X-CUBE-SFXS2LP1_V4.0.0, X-CUBE-SUBG2_V5.0.0, X-CUBE-TOF1_V3.4.3]
2025-04-28 16:09:53,151 [ERROR] DbExamplesSqlite:437 - Missing JSON key: board_cpn
2025-04-28 16:09:53,152 [ERROR] DbExamplesSqlite:437 - Missing JSON key: board_cpn
2025-04-28 16:09:53,152 [ERROR] DbExamplesSqlite:437 - Missing JSON key: board_cpn
2025-04-28 16:09:53,152 [ERROR] DbExamplesSqlite:437 - Missing JSON key: board_cpn
2025-04-28 16:09:53,258 [ERROR] DbExamplesSqlite:437 - Missing JSON key: board_cpn
2025-04-28 16:09:53,258 [ERROR] DbExamplesSqlite:437 - Missing JSON key: board_cpn
2025-04-28 16:09:53,258 [ERROR] DbExamplesSqlite:437 - Missing JSON key: board_cpn
2025-04-28 16:09:53,258 [ERROR] DbExamplesSqlite:437 - Missing JSON key: board_cpn
2025-04-28 16:09:53,258 [ERROR] DbExamplesSqlite:437 - Missing JSON key: board_cpn
2025-04-28 16:09:53,259 [ERROR] DbExamplesSqlite:437 - Missing JSON key: board_cpn
2025-04-28 16:09:53,259 [ERROR] DbExamplesSqlite:437 - Missing JSON key: board_cpn
2025-04-28 16:09:53,259 [ERROR] DbExamplesSqlite:437 - Missing JSON key: board_cpn
2025-04-28 16:09:53,259 [ERROR] DbExamplesSqlite:437 - Missing JSON key: board_cpn
2025-04-28 16:09:53,444 [ERROR] DbExamplesSqlite:437 - Missing JSON key: board_cpn
2025-04-28 16:09:53,452 [INFO] DbExamplesSqlite:395 - Ignored 46 examples not supported by CubeIDE
2025-04-28 16:09:53,452 [INFO] DbExamplesSqlite:396 - Found 10821 examples active
2025-04-28 16:09:53,452 [INFO] DbExamplesSqlite:397 - Found 0 examples obsolete
2025-04-28 16:09:53,453 [INFO] DbExamplesSqlite:398 - Found 0 examples under development
2025-04-28 16:09:53,453 [INFO] DbExamplesSqlite:399 - Found 79 examples not building
2025-04-28 16:09:53,455 [INFO] DbExamples:125 - Found 10854 examples
2025-04-28 16:09:53,472 [ERROR] DbExamples:208 - Found 3 examples with invalid data (board or MCU)
2025-04-28 16:09:53,472 [INFO] DbExamples:222 - Found 133 boards with related examples
2025-04-28 16:09:53,473 [INFO] DbExamples:235 - Found 110 MCUs with related examples
2025-04-28 16:09:53,489 [INFO] ApiDb:423 - Load user favorites file C:\Users\msi1/.stm32cubeide/favorites.examples.txt: 0 item(s)
2025-04-28 16:09:53,489 [INFO] ApiDb:427 - User favorites Examples=[]
2025-04-28 16:09:53,489 [INFO] DbExamples:250 - Set 0 / 0 favorites Examples
2025-04-28 16:09:53,935 [INFO] McuFinderGlobals:76 - Set McuFinderConnectedMode to true
2025-04-28 16:09:53,943 [INFO] MultiScanPanel:200 - Auto-refresh data requested => check proxy status ongoing
2025-04-28 16:09:53,947 [INFO] FinderPluginLoader:95 - Searching for filters in installed packs
2025-04-28 16:09:55,067 [INFO] LoadUrlFilesThread:185 - End of LoadServerUrlFiles without Thread
2025-04-28 16:09:55,133 [INFO] DetailPanel:341 - Set advertising image to C:/Users/msi1/STM32Cube/Repository/\en.prom-stm32u3-mcu-finder.jpg
2025-04-28 16:10:47,751 [INFO] MainUpdater:2868 - connection check result : 10
2025-04-28 16:10:47,751 [INFO] MainUpdater:2868 - connection check result : 10
2025-04-28 16:10:47,779 [INFO] MicroXplorer:468 - Change Database Path : 
2025-04-28 16:10:47,779 [INFO] MicroXplorer:498 - Change Database Version : DB.6.0.90
2025-04-28 16:10:47,783 [WARN] ThirdParty:871 - waiting for thirdparty lock release [close project]
2025-04-28 16:10:47,783 [INFO] ThirdParty:873 - entering critical section [close project]
2025-04-28 16:10:47,784 [INFO] ThirdParty:883 - exiting critical section [close project]
2025-04-28 16:10:47,789 [INFO] PinOutPanel:1499 - setPackage(No Configuration,No Configuration)
2025-04-28 16:10:47,794 [INFO] UtilMem:75 - Begin LoadConfig() Used Memory: 855785864 Bytes (1073741824)
2025-04-28 16:10:47,796 [INFO] MicroXplorer:468 - Change Database Path : 
2025-04-28 16:10:47,796 [INFO] MicroXplorer:498 - Change Database Version : DB.6.0.90
2025-04-28 16:10:47,796 [INFO] OpenFileManager:308 - Change cursor
2025-04-28 16:10:47,864 [INFO] Mcu:1946 - Initializing MCU STM32F103CBTx STM32F103CBTx STM32F103CBT6
2025-04-28 16:10:48,736 [INFO] Context:659 - Trying to add GPIOservice into a context  which must be forbidden
2025-04-28 16:10:48,988 [INFO] ImportTextPane:194 - (OptionalMessage_ERROR) Unable to find key (Mcu.ThirdPartyNb) in loaded IOC file
2025-04-28 16:10:48,988 [INFO] ImportTextPane:194 - (OptionalMessage_ERROR) Unable to find key (Mcu.PinsNb) in loaded IOC file
2025-04-28 16:10:48,988 [INFO] ImportTextPane:194 - (OptionalMessage_ERROR) Unable to find key (Mcu.IPNb) in loaded IOC file
2025-04-28 16:10:49,192 [INFO] RtosManager:555 - Registered RTOS mode: class=CMSIS, group=RTOS, mode=CMSIS_V1, owner=FREERTOS
2025-04-28 16:10:49,192 [INFO] RtosManager:555 - Registered RTOS mode: class=CMSIS, group=RTOS2, mode=CMSIS_V2, owner=FREERTOS
2025-04-28 16:10:49,193 [INFO] RtosManager:555 - Registered RTOS mode: class=RTOS, group=Core, mode=CMSIS_V1, owner=FREERTOS
2025-04-28 16:10:49,193 [INFO] RtosManager:555 - Registered RTOS mode: class=RTOS, group=Core, mode=CMSIS_V2, owner=FREERTOS
2025-04-28 16:10:49,193 [WARN] ModelIntegratedComponent:184 - Missing modes for component STMicroelectronics:FreeRTOS:0.0.1:STMicroelectronics:RTOS:FreeRTOS:Core:::10.2.0:
2025-04-28 16:10:49,197 [WARN] ModelIntegratedComponent:63 - No mode defined for component null
2025-04-28 16:10:49,197 [WARN] ModelIntegratedComponent:63 - No mode defined for component null
2025-04-28 16:10:49,198 [WARN] ModelIntegratedComponent:63 - No mode defined for component null
2025-04-28 16:10:49,198 [WARN] ModelIntegratedComponent:63 - No mode defined for component null
2025-04-28 16:10:49,198 [WARN] ModelIntegratedComponent:63 - No mode defined for component null
2025-04-28 16:10:49,198 [WARN] ModelIntegratedComponent:63 - No mode defined for component null
2025-04-28 16:10:49,198 [WARN] ModelIntegratedComponent:63 - No mode defined for component null
2025-04-28 16:10:49,198 [WARN] ModelIntegratedComponent:63 - No mode defined for component null
2025-04-28 16:10:49,198 [WARN] ModelIntegratedComponent:63 - No mode defined for component null
2025-04-28 16:10:49,198 [WARN] ModelIntegratedComponent:63 - No mode defined for component null
2025-04-28 16:10:49,198 [WARN] ModelIntegratedComponent:63 - No mode defined for component null
2025-04-28 16:10:49,198 [WARN] ModelIntegratedComponent:63 - No mode defined for component null
2025-04-28 16:10:49,198 [WARN] ModelIntegratedComponent:63 - No mode defined for component null
2025-04-28 16:10:49,198 [WARN] ModelIntegratedComponent:63 - No mode defined for component null
2025-04-28 16:10:49,198 [WARN] ModelIntegratedComponent:63 - No mode defined for component null
2025-04-28 16:10:49,198 [WARN] ModelIntegratedComponent:63 - No mode defined for component null
2025-04-28 16:10:49,198 [WARN] ModelIntegratedComponent:63 - No mode defined for component null
2025-04-28 16:10:49,198 [WARN] ModelIntegratedComponent:63 - No mode defined for component null
2025-04-28 16:10:49,198 [WARN] ModelIntegratedComponent:63 - No mode defined for component null
2025-04-28 16:10:49,198 [WARN] ModelIntegratedComponent:63 - No mode defined for component null
2025-04-28 16:10:49,198 [WARN] ModelIntegratedComponent:63 - No mode defined for component null
2025-04-28 16:10:49,198 [WARN] ModelIntegratedComponent:63 - No mode defined for component null
2025-04-28 16:10:49,198 [WARN] ModelIntegratedComponent:63 - No mode defined for component null
2025-04-28 16:10:49,198 [WARN] ModelIntegratedComponent:63 - No mode defined for component null
2025-04-28 16:10:49,199 [WARN] ModelIntegratedComponent:63 - No mode defined for component null
2025-04-28 16:10:49,199 [WARN] ModelIntegratedComponent:63 - No mode defined for component null
2025-04-28 16:10:49,199 [WARN] ModelIntegratedComponent:63 - No mode defined for component null
2025-04-28 16:10:49,199 [WARN] ModelIntegratedComponent:63 - No mode defined for component null
2025-04-28 16:10:49,199 [WARN] ModelIntegratedComponent:63 - No mode defined for component null
2025-04-28 16:10:49,199 [WARN] ModelIntegratedComponent:63 - No mode defined for component null
2025-04-28 16:10:49,199 [WARN] ModelIntegratedComponent:63 - No mode defined for component null
2025-04-28 16:10:49,199 [WARN] ModelIntegratedComponent:63 - No mode defined for component null
2025-04-28 16:10:49,199 [WARN] ModelIntegratedComponent:63 - No mode defined for component null
2025-04-28 16:10:49,491 [INFO] ThirdPartyModel:298 - Start build external matchings
2025-04-28 16:10:51,826 [INFO] ThirdPartyModel:316 - End build external matchings
2025-04-28 16:10:52,064 [INFO] UtilMem:75 - End LoadConfig() Used Memory: 932478808 Bytes (1073741824)
2025-04-28 16:10:52,107 [WARN] ThirdParty:833 - waiting for thirdparty lock release [change project]
2025-04-28 16:10:52,107 [INFO] ThirdParty:835 - entering critical section [change project]
2025-04-28 16:10:52,107 [INFO] ThirdParty:1030 - CMSIS Pack Vendor :STMicroelectronics USBPD 4.1
2025-04-28 16:10:52,107 [INFO] ThirdParty:1030 - CMSIS Pack Vendor :STMicroelectronics X-CUBE-GNSS1 6.0.0
2025-04-28 16:10:52,107 [INFO] ThirdParty:1030 - CMSIS Pack Vendor :STMicroelectronics USB_HOST 2.0.0
2025-04-28 16:10:52,107 [INFO] ThirdParty:1030 - CMSIS Pack Vendor :STMicroelectronics FP-SNS-MOTENVWB1 1.4.0
2025-04-28 16:10:52,107 [INFO] ThirdParty:1030 - CMSIS Pack Vendor :STMicroelectronics X-CUBE-AZRTOS-F4 1.1.0
2025-04-28 16:10:52,107 [INFO] ThirdParty:1030 - CMSIS Pack Vendor :STMicroelectronics LIBJPEG 8.0.0
2025-04-28 16:10:52,107 [INFO] ThirdParty:1030 - CMSIS Pack Vendor :STMicroelectronics FP-ATR-ASTRA1 2.0.2
2025-04-28 16:10:52,107 [INFO] ThirdParty:1030 - CMSIS Pack Vendor :STMicroelectronics FP-ATR-ASTRA1 2.0.1
2025-04-28 16:10:52,107 [INFO] ThirdParty:1030 - CMSIS Pack Vendor :STMicroelectronics X-CUBE-SMBUS 2.1.0
2025-04-28 16:10:52,108 [INFO] ThirdParty:1030 - CMSIS Pack Vendor :STMicroelectronics X-CUBE-WB05N 1.1.0
2025-04-28 16:10:52,108 [INFO] ThirdParty:1030 - CMSIS Pack Vendor :wolfSSL I-CUBE-wolfSSL 5.6.0
2025-04-28 16:10:52,108 [INFO] ThirdParty:1030 - CMSIS Pack Vendor :STMicroelectronics X-CUBE-ISPU 2.1.0
2025-04-28 16:10:52,108 [INFO] ThirdParty:1030 - CMSIS Pack Vendor :STMicroelectronics X-CUBE-FREERTOS 1.2.0
2025-04-28 16:10:52,108 [INFO] ThirdParty:1030 - CMSIS Pack Vendor :STMicroelectronics X-CUBE-TOUCHGFX 4.23.0
2025-04-28 16:10:52,108 [INFO] ThirdParty:1030 - CMSIS Pack Vendor :STMicroelectronics X-CUBE-TOUCHGFX 4.23.2
2025-04-28 16:10:52,108 [INFO] ThirdParty:1030 - CMSIS Pack Vendor :STMicroelectronics X-CUBE-AZRTOS-F7 1.1.0
2025-04-28 16:10:52,108 [INFO] ThirdParty:1030 - CMSIS Pack Vendor :STMicroelectronics X-CUBE-AZRTOS-L5 2.0.0
2025-04-28 16:10:52,108 [INFO] ThirdParty:1030 - CMSIS Pack Vendor :STMicroelectronics USB_DEVICE 2.0.0
2025-04-28 16:10:52,108 [INFO] ThirdParty:1030 - CMSIS Pack Vendor :STMicroelectronics X-CUBE-MEMS1 9.6.0
2025-04-28 16:10:52,108 [INFO] ThirdParty:1030 - CMSIS Pack Vendor :STMicroelectronics X-CUBE-EEPRMA1 4.2.0
2025-04-28 16:10:52,108 [INFO] ThirdParty:1030 - CMSIS Pack Vendor :STMicroelectronics X-CUBE-NFC6 3.1.0
2025-04-28 16:10:52,108 [INFO] ThirdParty:1030 - CMSIS Pack Vendor :ITTIA_DB I-CUBE-ITTIADB 8.8.0
2025-04-28 16:10:52,108 [INFO] ThirdParty:1030 - CMSIS Pack Vendor :STMicroelectronics FP-SNS-MOTENV1 4.3.0
2025-04-28 16:10:52,108 [INFO] ThirdParty:1030 - CMSIS Pack Vendor :STMicroelectronics FP-SNS-MOTENV1 4.3.2
2025-04-28 16:10:52,108 [INFO] ThirdParty:1030 - CMSIS Pack Vendor :STMicroelectronics FP-SNS-FLIGHT1 5.0.0
2025-04-28 16:10:52,108 [INFO] ThirdParty:1030 - CMSIS Pack Vendor :STMicroelectronics X-CUBE-BLE1 6.2.4
2025-04-28 16:10:52,108 [INFO] ThirdParty:1030 - CMSIS Pack Vendor :STMicroelectronics FreeRTOS 0.0.1
2025-04-28 16:10:52,108 [INFO] ThirdParty:1030 - CMSIS Pack Vendor :emotas I-CUBE-CANOPEN 1.1.3
2025-04-28 16:10:52,108 [INFO] ThirdParty:1030 - CMSIS Pack Vendor :STMicroelectronics X-CUBE-BLEMGR 2.0.0
2025-04-28 16:10:52,108 [INFO] ThirdParty:1030 - CMSIS Pack Vendor :STMicroelectronics FP-SNS-FLIGHT1 5.0.2
2025-04-28 16:10:52,108 [INFO] ThirdParty:1030 - CMSIS Pack Vendor :STMicroelectronics X-CUBE-AI 9.0.0
2025-04-28 16:10:52,108 [INFO] ThirdParty:1030 - CMSIS Pack Vendor :STMicroelectronics X-CUBE-AZRTOS-H7 3.1.0
2025-04-28 16:10:52,108 [INFO] ThirdParty:1030 - CMSIS Pack Vendor :STMicroelectronics PDM2PCM 3.3.0
2025-04-28 16:10:52,108 [INFO] ThirdParty:1030 - CMSIS Pack Vendor :STMicroelectronics X-CUBE-DISPLAY 3.0.0
2025-04-28 16:10:52,108 [INFO] ThirdParty:1030 - CMSIS Pack Vendor :STMicroelectronics X-CUBE-BLE1 7.0.0
2025-04-28 16:10:52,108 [INFO] ThirdParty:1030 - CMSIS Pack Vendor :STMicroelectronics X-CUBE-NFC10 1.0.0
2025-04-28 16:10:52,108 [INFO] ThirdParty:1030 - CMSIS Pack Vendor :STMicroelectronics HAL Drivers 0.0.0
2025-04-28 16:10:52,109 [INFO] ThirdParty:1030 - CMSIS Pack Vendor :emotas I-CUBE-CANOPEN 1.3.0
2025-04-28 16:10:52,109 [INFO] ThirdParty:1030 - CMSIS Pack Vendor :STMicroelectronics X-CUBE-FREERTOS 1.3.0
2025-04-28 16:10:52,109 [INFO] ThirdParty:1030 - CMSIS Pack Vendor :STMicroelectronics X-CUBE-TOUCHGFX 4.22.0
2025-04-28 16:10:52,109 [INFO] ThirdParty:1030 - CMSIS Pack Vendor :STMicroelectronics X-CUBE-NFC7 1.0.1
2025-04-28 16:10:52,109 [INFO] ThirdParty:1030 - CMSIS Pack Vendor :STMicroelectronics MBEDTLS 2.14.1
2025-04-28 16:10:52,109 [INFO] ThirdParty:1030 - CMSIS Pack Vendor :STMicroelectronics X-CUBE-NFC7 1.0.0
2025-04-28 16:10:52,109 [INFO] ThirdParty:1030 - CMSIS Pack Vendor :STMicroelectronics X-CUBE-TOUCHGFX 4.22.1
2025-04-28 16:10:52,109 [INFO] ThirdParty:1030 - CMSIS Pack Vendor :wolfSSL I-CUBE-wolfTPM 3.2.0
2025-04-28 16:10:52,109 [INFO] ThirdParty:1030 - CMSIS Pack Vendor :STMicroelectronics X-CUBE-NFC6 3.0.0
2025-04-28 16:10:52,109 [INFO] ThirdParty:1030 - CMSIS Pack Vendor :STMicroelectronics X-CUBE-EEPRMA1 4.1.0
2025-04-28 16:10:52,109 [INFO] ThirdParty:1030 - CMSIS Pack Vendor :STMicroelectronics X-CUBE-BLEMGR 3.1.0
2025-04-28 16:10:52,109 [INFO] ThirdParty:1030 - CMSIS Pack Vendor :STMicroelectronics X-CUBE-AI 10.0.0
2025-04-28 16:10:52,109 [INFO] ThirdParty:1030 - CMSIS Pack Vendor :STMicroelectronics FP-SNS-SMARTAG2 1.2.0
2025-04-28 16:10:52,109 [INFO] ThirdParty:1030 - CMSIS Pack Vendor :STMicroelectronics X-CUBE-MEMS1 11.1.0
2025-04-28 16:10:52,109 [INFO] ThirdParty:1030 - CMSIS Pack Vendor :STMicroelectronics X-CUBE-AZRTOS-WL 2.0.0
2025-04-28 16:10:52,109 [INFO] ThirdParty:1030 - CMSIS Pack Vendor :STMicroelectronics FP-SNS-MOTENV1 5.0.0
2025-04-28 16:10:52,109 [INFO] ThirdParty:1030 - CMSIS Pack Vendor :STMicroelectronics USB_DEVICE 1.0.0
2025-04-28 16:10:52,109 [INFO] ThirdParty:1030 - CMSIS Pack Vendor :STMicroelectronics X-CUBE-AI 8.1.0
2025-04-28 16:10:52,109 [INFO] ThirdParty:1030 - CMSIS Pack Vendor :wolfSSL I-CUBE-wolfMQTT 1.19.0
2025-04-28 16:10:52,109 [INFO] ThirdParty:1030 - CMSIS Pack Vendor :STMicroelectronics X-CUBE-AZRTOS-L4 2.0.0
2025-04-28 16:10:52,109 [INFO] ThirdParty:1030 - CMSIS Pack Vendor :STMicroelectronics ThreadX 0.0.2
2025-04-28 16:10:52,109 [INFO] ThirdParty:1030 - CMSIS Pack Vendor :WES I-CUBE-Cesium 1.3.0
2025-04-28 16:10:52,110 [INFO] ThirdParty:1030 - CMSIS Pack Vendor :STMicroelectronics lwIP 2.1.2
2025-04-28 16:10:52,110 [INFO] ThirdParty:1030 - CMSIS Pack Vendor :STMicroelectronics X-CUBE-SFXS2LP1 4.0.0
2025-04-28 16:10:52,110 [INFO] ThirdParty:1030 - CMSIS Pack Vendor :STMicroelectronics X-CUBE-BLE2 3.3.0
2025-04-28 16:10:52,110 [INFO] ThirdParty:1030 - CMSIS Pack Vendor :STMicroelectronics PDM2PCM 3.2.0
2025-04-28 16:10:52,110 [INFO] ThirdParty:1030 - CMSIS Pack Vendor :STMicroelectronics X-CUBE-ISPU 1.1.0
2025-04-28 16:10:52,110 [INFO] ThirdParty:1030 - CMSIS Pack Vendor :STMicroelectronics X-CUBE-AZRTOS-H7 3.3.0
2025-04-28 16:10:52,110 [INFO] ThirdParty:1030 - CMSIS Pack Vendor :STMicroelectronics X-CUBE-NFC9 1.0.0
2025-04-28 16:10:52,110 [INFO] ThirdParty:1030 - CMSIS Pack Vendor :STMicroelectronics X-CUBE-BLE1 7.1.0
2025-04-28 16:10:52,110 [INFO] ThirdParty:1030 - CMSIS Pack Vendor :STMicroelectronics USB_DEVICE 3.0.0
2025-04-28 16:10:52,110 [INFO] ThirdParty:1030 - CMSIS Pack Vendor :STMicroelectronics X-CUBE-TCPP 4.1.0
2025-04-28 16:10:52,110 [INFO] ThirdParty:1030 - CMSIS Pack Vendor :STMicroelectronics X-CUBE-AZRTOS-WB 2.0.0
2025-04-28 16:10:52,110 [INFO] ThirdParty:1030 - CMSIS Pack Vendor :STMicroelectronics X-CUBE-FREERTOS 1.0.1
2025-04-28 16:10:52,110 [INFO] ThirdParty:1030 - CMSIS Pack Vendor :STMicroelectronics X-CUBE-GNSS1 7.0.1
2025-04-28 16:10:52,110 [INFO] ThirdParty:1030 - CMSIS Pack Vendor :STMicroelectronics X-CUBE-TOUCHGFX 4.21.4
2025-04-28 16:10:52,110 [INFO] ThirdParty:1030 - CMSIS Pack Vendor :STMicroelectronics X-CUBE-TOUCHGFX 4.25.0
2025-04-28 16:10:52,110 [INFO] ThirdParty:1030 - CMSIS Pack Vendor :STMicroelectronics X-CUBE-ALGOBUILD 1.3.0
2025-04-28 16:10:52,110 [INFO] ThirdParty:1030 - CMSIS Pack Vendor :STMicroelectronics X-CUBE-AZRTOS-L5 1.1.0
2025-04-28 16:10:52,110 [INFO] ThirdParty:1030 - CMSIS Pack Vendor :STMicroelectronics X-CUBE-MEMS1 11.2.0
2025-04-28 16:10:52,110 [INFO] ThirdParty:1030 - CMSIS Pack Vendor :STMicroelectronics X-CUBE-AZRTOS-G0 1.1.0
2025-04-28 16:10:52,110 [INFO] ThirdParty:1030 - CMSIS Pack Vendor :STMicroelectronics X-CUBE-AI 8.0.1
2025-04-28 16:10:52,110 [INFO] ThirdParty:1030 - CMSIS Pack Vendor :STMicroelectronics X-CUBE-SAFEA1 1.2.2
2025-04-28 16:10:52,110 [INFO] ThirdParty:1030 - CMSIS Pack Vendor :STMicroelectronics X-CUBE-NFC4 3.0.0
2025-04-28 16:10:52,112 [INFO] ThirdParty:1030 - CMSIS Pack Vendor :STMicroelectronics X-CUBE-SUBG2 5.0.0
2025-04-28 16:10:52,112 [INFO] ThirdParty:1030 - CMSIS Pack Vendor :STMicroelectronics X-CUBE-AZRTOS-H7RS 1.1.0
2025-04-28 16:10:52,112 [INFO] ThirdParty:1030 - CMSIS Pack Vendor :STMicroelectronics STM32_WPAN 1.0.0
2025-04-28 16:10:52,112 [INFO] ThirdParty:1030 - CMSIS Pack Vendor :wolfSSL I-CUBE-wolfMQTT 1.18.0
2025-04-28 16:10:52,112 [INFO] ThirdParty:1030 - CMSIS Pack Vendor :STMicroelectronics lwIP 2.0.3
2025-04-28 16:10:52,112 [INFO] ThirdParty:1030 - CMSIS Pack Vendor :Cesanta I-CUBE-Mongoose 7.13.0
2025-04-28 16:10:52,112 [INFO] ThirdParty:1030 - CMSIS Pack Vendor :STMicroelectronics USB_HOST 1.0.0
2025-04-28 16:10:52,112 [INFO] ThirdParty:1030 - CMSIS Pack Vendor :STMicroelectronics X-CUBE-TOF1 3.3.1
2025-04-28 16:10:52,112 [INFO] ThirdParty:1030 - CMSIS Pack Vendor :STMicroelectronics X-CUBE-AZRTOS-G4 2.0.0
2025-04-28 16:10:52,112 [INFO] ThirdParty:1030 - CMSIS Pack Vendor :STMicroelectronics X-CUBE-WB05N 2.0.0
2025-04-28 16:10:52,112 [INFO] ThirdParty:1030 - CMSIS Pack Vendor :STMicroelectronics PDM2PCM 3.1.0
2025-04-28 16:10:52,112 [INFO] ThirdParty:1030 - CMSIS Pack Vendor :STMicroelectronics X-CUBE-TOF1 3.3.0
2025-04-28 16:10:52,112 [INFO] ThirdParty:1030 - CMSIS Pack Vendor :Infineon AIROC-Wi-Fi-Bluetooth-STM32 1.5.1
2025-04-28 16:10:52,112 [INFO] ThirdParty:1030 - CMSIS Pack Vendor :STMicroelectronics X-CUBE-BLEMGR 3.0.0
2025-04-28 16:10:52,112 [INFO] ThirdParty:1030 - CMSIS Pack Vendor :STMicroelectronics FP-SNS-MOTENVWB1 1.3.0
2025-04-28 16:10:52,112 [INFO] ThirdParty:1030 - CMSIS Pack Vendor :STMicroelectronics FP-SNS-MOTENVWB1 1.3.1
2025-04-28 16:10:52,112 [INFO] ThirdParty:1030 - CMSIS Pack Vendor :STMicroelectronics FP-ATR-SIGFOX1 3.2.0
2025-04-28 16:10:52,113 [INFO] ThirdParty:1030 - CMSIS Pack Vendor :STMicroelectronics X-CUBE-AZRTOS-L4 1.0.0
2025-04-28 16:10:52,113 [INFO] ThirdParty:1030 - CMSIS Pack Vendor :STMicroelectronics X-CUBE-ISPU 2.0.0
2025-04-28 16:10:52,113 [INFO] ThirdParty:1030 - CMSIS Pack Vendor :STMicroelectronics X-CUBE-EEPRMA1 5.1.0
2025-04-28 16:10:52,113 [INFO] ThirdParty:1030 - CMSIS Pack Vendor :STMicroelectronics MBEDTLS 2.16.2
2025-04-28 16:10:52,113 [INFO] ThirdParty:1030 - CMSIS Pack Vendor :STMicroelectronics X-CUBE-ALS 1.0.2
2025-04-28 16:10:52,113 [INFO] ThirdParty:1030 - CMSIS Pack Vendor :STMicroelectronics X-CUBE-MEMS1 10.0.0
2025-04-28 16:10:52,113 [INFO] ThirdParty:1030 - CMSIS Pack Vendor :STMicroelectronics X-CUBE-FREERTOS 1.1.0
2025-04-28 16:10:52,113 [INFO] ThirdParty:1030 - CMSIS Pack Vendor :wolfSSL I-CUBE-wolfSSL 5.7.6
2025-04-28 16:10:52,113 [INFO] ThirdParty:1030 - CMSIS Pack Vendor :STMicroelectronics X-CUBE-TOUCHGFX 4.24.0
2025-04-28 16:10:52,113 [INFO] ThirdParty:1030 - CMSIS Pack Vendor :ITTIA_DB I-CUBE-ITTIADB 8.9.0
2025-04-28 16:10:52,113 [INFO] ThirdParty:1030 - CMSIS Pack Vendor :STMicroelectronics X-CUBE-TOUCHGFX 4.24.2
2025-04-28 16:10:52,113 [INFO] ThirdParty:1030 - CMSIS Pack Vendor :STMicroelectronics X-CUBE-AZRTOS-WL 1.0.0
2025-04-28 16:10:52,113 [INFO] ThirdParty:1030 - CMSIS Pack Vendor :STMicroelectronics X-CUBE-TOUCHGFX 4.24.1
2025-04-28 16:10:52,113 [INFO] ThirdParty:1030 - CMSIS Pack Vendor :wolfSSL I-CUBE-wolfTPM 3.4.0
2025-04-28 16:10:52,113 [INFO] ThirdParty:1030 - CMSIS Pack Vendor :portGmbH I-Cube-SoM-uGOAL 1.1.0
2025-04-28 16:10:52,113 [INFO] ThirdParty:1030 - CMSIS Pack Vendor :STMicroelectronics X-CUBE-ALS 1.0.1
2025-04-28 16:10:52,113 [INFO] ThirdParty:1030 - CMSIS Pack Vendor :STMicroelectronics ThreadX 1.0.0
2025-04-28 16:10:52,113 [INFO] ThirdParty:1030 - CMSIS Pack Vendor :STMicroelectronics X-CUBE-AZRTOS-WB 1.1.0
2025-04-28 16:10:52,114 [INFO] ThirdParty:1030 - CMSIS Pack Vendor :SEGGER I-CUBE-embOS 1.3.1
2025-04-28 16:10:52,114 [INFO] ThirdParty:1030 - CMSIS Pack Vendor :STMicroelectronics X-CUBE-ALGOBUILD 1.4.0
2025-04-28 16:10:52,114 [INFO] ThirdParty:1030 - CMSIS Pack Vendor :STMicroelectronics X-CUBE-AZRTOS-H7RS 1.0.0
2025-04-28 16:10:52,114 [INFO] ThirdParty:1030 - CMSIS Pack Vendor :STMicroelectronics FP-ATR-ASTRA1 2.0.0
2025-04-28 16:10:52,114 [INFO] ThirdParty:1030 - CMSIS Pack Vendor :STMicroelectronics X-CUBE-AI 9.1.0
2025-04-28 16:10:52,114 [INFO] ThirdParty:1030 - CMSIS Pack Vendor :STMicroelectronics X-CUBE-TOF1 3.4.0
2025-04-28 16:10:52,114 [INFO] ThirdParty:1030 - CMSIS Pack Vendor :STMicroelectronics X-CUBE-TOF1 3.4.1
2025-04-28 16:10:52,114 [INFO] ThirdParty:1030 - CMSIS Pack Vendor :STMicroelectronics X-CUBE-AZRTOS-H7 3.2.0
2025-04-28 16:10:52,114 [INFO] ThirdParty:1030 - CMSIS Pack Vendor :wolfSSL I-CUBE-wolfSSH 1.4.17
2025-04-28 16:10:52,114 [INFO] ThirdParty:841 - exiting critical section [change project]
2025-04-28 16:10:52,376 [INFO] PinOutPanel:1499 - setPackage(No Configuration,No Configuration)
2025-04-28 16:10:52,377 [INFO] PinOutPanel:1499 - setPackage(STM32F103CBTx,LQFP48)
2025-04-28 16:10:52,908 [INFO] UtilMem:75 - Before build in PCC Used Memory: 684317880 Bytes (1073741824)
2025-04-28 16:10:53,732 [INFO] UtilMem:75 - After build in PCC Used Memory: 754046136 Bytes (1073741824)
2025-04-28 16:10:53,753 [INFO] IPUIPlugin:80 - create IPUIPlugin
2025-04-28 16:10:53,753 [INFO] IPUIPlugin:80 - create IPUIPlugin
2025-04-28 16:10:53,753 [INFO] IPUIPlugin:80 - create IPUIPlugin
2025-04-28 16:10:53,753 [INFO] IPUIPlugin:80 - create IPUIPlugin
2025-04-28 16:10:53,753 [INFO] IPUIPlugin:80 - create IPUIPlugin
2025-04-28 16:10:53,753 [INFO] IPUIPlugin:80 - create IPUIPlugin
2025-04-28 16:10:53,753 [INFO] IPUIPlugin:80 - create IPUIPlugin
2025-04-28 16:10:53,754 [INFO] IPUIPlugin:80 - create IPUIPlugin
2025-04-28 16:10:53,754 [INFO] IPUIPlugin:80 - create IPUIPlugin
2025-04-28 16:10:53,754 [INFO] IPUIPlugin:80 - create IPUIPlugin
2025-04-28 16:10:53,754 [INFO] IPUIPlugin:80 - create IPUIPlugin
2025-04-28 16:10:53,754 [INFO] IPUIPlugin:80 - create IPUIPlugin
2025-04-28 16:10:53,754 [INFO] IPUIPlugin:80 - create IPUIPlugin
2025-04-28 16:10:53,754 [INFO] IPUIPlugin:80 - create IPUIPlugin
2025-04-28 16:10:53,754 [INFO] IPUIPlugin:80 - create IPUIPlugin
2025-04-28 16:10:53,755 [INFO] IPUIPlugin:80 - create IPUIPlugin
2025-04-28 16:10:53,755 [INFO] IPUIPlugin:80 - create IPUIPlugin
2025-04-28 16:10:53,755 [INFO] IPUIPlugin:80 - create IPUIPlugin
2025-04-28 16:10:53,755 [INFO] IPUIPlugin:80 - create IPUIPlugin
2025-04-28 16:10:53,755 [INFO] IPUIPlugin:80 - create IPUIPlugin
2025-04-28 16:10:53,755 [INFO] IPUIPlugin:80 - create IPUIPlugin
2025-04-28 16:10:53,756 [INFO] IPUIPlugin:80 - create IPUIPlugin
2025-04-28 16:10:53,756 [INFO] IPUIPlugin:80 - create IPUIPlugin
2025-04-28 16:10:53,756 [INFO] IPUIPlugin:80 - create IPUIPlugin
2025-04-28 16:10:53,756 [INFO] IPUIPlugin:80 - create IPUIPlugin
2025-04-28 16:10:53,756 [INFO] IPUIPlugin:80 - create IPUIPlugin
2025-04-28 16:10:53,757 [INFO] IPUIPlugin:80 - create IPUIPlugin
2025-04-28 16:10:53,944 [INFO] CADModel:165 - CPN selected for project levelSTM32F103CBT6
2025-04-28 16:10:53,944 [INFO] CADModel:114 - Register for checkConnection events
2025-04-28 16:10:53,990 [INFO] OpenFileManager:328 - Restore cursor
2025-04-28 16:10:57,454 [INFO] UtilMem:75 - End SaveConfig() Used Memory: 838443824 Bytes (1073741824)
2025-04-28 16:10:57,509 [INFO] UtilMem:75 - End SaveConfig() Used Memory: 851563696 Bytes (1073741824)
2025-04-28 16:10:57,804 [INFO] BlockDiagram:2759 - set Specific Code input for plugin: NVIC
2025-04-28 16:10:57,804 [INFO] BlockDiagram:2759 - set Specific Code input for plugin: RCC
2025-04-28 16:10:57,806 [INFO] CodeGenerator:799 - code generatio: config db path: D:\ITC\STM32\STM32CubeIDE_1.13.0\STM32CubeIDE\plugins\com.st.stm32cube.common.mx_6.9.0.202307051724\\db\
2025-04-28 16:10:58,175 [INFO] CodeEngine:255 - oldGeneratedFile, D:\AIFARM\STM32_GREENB\stm32f103_nethouse\MXTmpFiles\license.tmp_save
2025-04-28 16:10:58,582 [INFO] CodeEngine:279 - Generated code: D:\AIFARM\STM32_GREENB\stm32f103_nethouse\MXTmpFiles\license.tmp
2025-04-28 16:10:58,611 [INFO] CodeEngine:255 - oldGeneratedFile, D:\AIFARM\STM32_GREENB\stm32f103_nethouse\Core\Src\stm32f1xx_it.c_save
2025-04-28 16:10:58,798 [INFO] CodeEngine:279 - Generated code: D:\AIFARM\STM32_GREENB\stm32f103_nethouse\Core\Src\stm32f1xx_it.c
2025-04-28 16:10:58,809 [INFO] CodeEngine:255 - oldGeneratedFile, D:\AIFARM\STM32_GREENB\stm32f103_nethouse\Core\Inc\stm32f1xx_it.h_save
2025-04-28 16:10:58,897 [INFO] CodeEngine:279 - Generated code: D:\AIFARM\STM32_GREENB\stm32f103_nethouse\Core\Inc\stm32f1xx_it.h
2025-04-28 16:10:59,033 [INFO] CodeEngine:255 - oldGeneratedFile, D:\AIFARM\STM32_GREENB\stm32f103_nethouse\Core\Src\stm32f1xx_hal_msp.c_save
2025-04-28 16:10:59,159 [INFO] CodeEngine:279 - Generated code: D:\AIFARM\STM32_GREENB\stm32f103_nethouse\Core\Src\stm32f1xx_hal_msp.c
2025-04-28 16:10:59,172 [INFO] CodeEngine:255 - oldGeneratedFile, D:\AIFARM\STM32_GREENB\stm32f103_nethouse\MXTmpFiles\system.tmp_save
2025-04-28 16:10:59,238 [INFO] CodeEngine:279 - Generated code: D:\AIFARM\STM32_GREENB\stm32f103_nethouse\MXTmpFiles\system.tmp
2025-04-28 16:10:59,258 [INFO] CodeEngine:311 - oldGeneratedFile, D:\AIFARM\STM32_GREENB\stm32f103_nethouse\Core\Inc\stm32f1xx_hal_conf.h_save
2025-04-28 16:10:59,359 [INFO] CodeEngine:335 - Generated code: D:\AIFARM\STM32_GREENB\stm32f103_nethouse\Core\Inc\stm32f1xx_hal_conf.h
2025-04-28 16:10:59,420 [INFO] CodeEngine:255 - oldGeneratedFile, D:\AIFARM\STM32_GREENB\stm32f103_nethouse\Core\Inc\main.h_save
2025-04-28 16:10:59,531 [INFO] CodeEngine:279 - Generated code: D:\AIFARM\STM32_GREENB\stm32f103_nethouse\Core\Inc\main.h
2025-04-28 16:10:59,543 [INFO] CodeEngine:255 - oldGeneratedFile, D:\AIFARM\STM32_GREENB\stm32f103_nethouse\Core\Src\main.c_save
2025-04-28 16:10:59,679 [INFO] CodeEngine:279 - Generated code: D:\AIFARM\STM32_GREENB\stm32f103_nethouse\Core\Src\main.c
2025-04-28 16:11:00,229 [INFO] ProjectBuilder:3064 - Time for Copy HAL[1] : 138mS.
2025-04-28 16:11:00,235 [INFO] ProjectBuilder:4404 - Project Generator version: 4.1.0
2025-04-28 16:11:00,505 [INFO] ConfigFileManager:1457 - The Die is : DIE410
2025-04-28 16:11:00,523 [INFO] ApiDbMcu:507 - Load IP Config File for FATFS
2025-04-28 16:11:00,567 [INFO] ApiDbMcu:507 - Load IP Config File for FREERTOS
2025-04-28 16:11:00,589 [INFO] ApiDbMcu:507 - Load IP Config File for USB_DEVICE
2025-04-28 16:11:01,936 [INFO] LogOutputStream:77 - [STDOUT_REDIRECT] 
2025-04-28 16:11:06,054 [INFO] ProjectBuilder:4626 - Time for Generating toolchain IDE Files: 5819mS.
2025-04-28 16:11:06,055 [INFO] ProjectBuilder:2935 - Time for Copy CMSIS : 0mS.
2025-04-28 16:11:06,057 [INFO] ProjectBuilder:2935 - Time for Copy CMSIS : 0mS.
2025-04-28 16:11:07,062 [INFO] McuFinderGlobals:76 - Set McuFinderConnectedMode to true
2025-04-28 16:11:07,066 [INFO] ApiDb:448 - Save user favorites file C:\Users\msi1/.stm32cubeide/favorites.mcus.txt: 3 item(s)
2025-04-28 16:11:07,067 [INFO] ApiDb:452 - User favorites MCUs=[STM32F103CBT6, STM32F303VCT6, STM32F407VGT6]
2025-04-28 16:12:48,093 [INFO] NvicIntPanel:101 - NVIC parent = com.st.microxplorer.plugins.ip.nvic.MultiNvicIntPanel[,0,0,0x0,invalid,layout=javax.swing.BoxLayout,alignmentX=0.0,alignmentY=0.0,border=,flags=9,maximumSize=,minimumSize=,preferredSize=]
2025-04-28 16:12:50,375 [INFO] NvicIntPanel:101 - NVIC parent = com.st.microxplorer.plugins.ip.nvic.MultiNvicIntPanel[,0,0,0x0,invalid,layout=javax.swing.BoxLayout,alignmentX=0.0,alignmentY=0.0,border=,flags=9,maximumSize=,minimumSize=,preferredSize=]
2025-04-28 16:13:48,012 [INFO] UtilMem:75 - End SaveConfig() Used Memory: 671874528 Bytes (1073741824)
2025-04-28 16:13:48,671 [INFO] UtilMem:75 - End SaveConfig() Used Memory: 727447008 Bytes (1073741824)
2025-04-28 16:13:48,996 [INFO] BlockDiagram:2759 - set Specific Code input for plugin: NVIC
2025-04-28 16:13:48,996 [INFO] BlockDiagram:2759 - set Specific Code input for plugin: SYS
2025-04-28 16:13:48,996 [INFO] BlockDiagram:2759 - set Specific Code input for plugin: GPIO
2025-04-28 16:13:48,996 [INFO] BlockDiagram:2759 - set Specific Code input for plugin: RCC
2025-04-28 16:13:48,997 [INFO] CodeGenerator:799 - code generatio: config db path: D:\ITC\STM32\STM32CubeIDE_1.13.0\STM32CubeIDE\plugins\com.st.stm32cube.common.mx_6.9.0.202307051724\\db\
2025-04-28 16:13:49,124 [INFO] CodeEngine:255 - oldGeneratedFile, D:\AIFARM\STM32_GREENB\stm32f103_nethouse\MXTmpFiles\license.tmp_save
2025-04-28 16:13:49,266 [INFO] CodeEngine:279 - Generated code: D:\AIFARM\STM32_GREENB\stm32f103_nethouse\MXTmpFiles\license.tmp
2025-04-28 16:13:49,346 [INFO] CodeEngine:255 - oldGeneratedFile, D:\AIFARM\STM32_GREENB\stm32f103_nethouse\MXTmpFiles\gpio.tmp_save
2025-04-28 16:13:49,460 [INFO] CodeEngine:279 - Generated code: D:\AIFARM\STM32_GREENB\stm32f103_nethouse\MXTmpFiles\gpio.tmp
2025-04-28 16:13:49,488 [INFO] CodeEngine:255 - oldGeneratedFile, D:\AIFARM\STM32_GREENB\stm32f103_nethouse\Core\Src\stm32f1xx_it.c_save
2025-04-28 16:13:49,673 [INFO] CodeEngine:279 - Generated code: D:\AIFARM\STM32_GREENB\stm32f103_nethouse\Core\Src\stm32f1xx_it.c
2025-04-28 16:13:49,679 [INFO] CodeEngine:255 - oldGeneratedFile, D:\AIFARM\STM32_GREENB\stm32f103_nethouse\Core\Inc\stm32f1xx_it.h_save
2025-04-28 16:13:49,733 [INFO] CodeEngine:279 - Generated code: D:\AIFARM\STM32_GREENB\stm32f103_nethouse\Core\Inc\stm32f1xx_it.h
2025-04-28 16:13:49,752 [INFO] CodeEngine:255 - oldGeneratedFile, D:\AIFARM\STM32_GREENB\stm32f103_nethouse\Core\Src\stm32f1xx_hal_msp.c_save
2025-04-28 16:13:49,892 [INFO] CodeEngine:279 - Generated code: D:\AIFARM\STM32_GREENB\stm32f103_nethouse\Core\Src\stm32f1xx_hal_msp.c
2025-04-28 16:13:49,895 [INFO] CodeEngine:255 - oldGeneratedFile, D:\AIFARM\STM32_GREENB\stm32f103_nethouse\MXTmpFiles\system.tmp_save
2025-04-28 16:13:49,952 [INFO] CodeEngine:279 - Generated code: D:\AIFARM\STM32_GREENB\stm32f103_nethouse\MXTmpFiles\system.tmp
2025-04-28 16:13:49,967 [INFO] CodeEngine:311 - oldGeneratedFile, D:\AIFARM\STM32_GREENB\stm32f103_nethouse\Core\Inc\stm32f1xx_hal_conf.h_save
2025-04-28 16:13:50,072 [INFO] CodeEngine:335 - Generated code: D:\AIFARM\STM32_GREENB\stm32f103_nethouse\Core\Inc\stm32f1xx_hal_conf.h
2025-04-28 16:13:50,117 [INFO] CodeEngine:255 - oldGeneratedFile, D:\AIFARM\STM32_GREENB\stm32f103_nethouse\Core\Inc\main.h_save
2025-04-28 16:13:50,183 [INFO] CodeEngine:279 - Generated code: D:\AIFARM\STM32_GREENB\stm32f103_nethouse\Core\Inc\main.h
2025-04-28 16:13:50,195 [INFO] CodeEngine:255 - oldGeneratedFile, D:\AIFARM\STM32_GREENB\stm32f103_nethouse\Core\Src\main.c_save
2025-04-28 16:13:50,294 [INFO] CodeEngine:279 - Generated code: D:\AIFARM\STM32_GREENB\stm32f103_nethouse\Core\Src\main.c
2025-04-28 16:13:50,779 [INFO] ProjectBuilder:3064 - Time for Copy HAL[1] : 139mS.
2025-04-28 16:13:50,783 [INFO] ProjectBuilder:4404 - Project Generator version: 4.1.0
2025-04-28 16:13:51,042 [INFO] ConfigFileManager:1457 - The Die is : DIE410
2025-04-28 16:13:52,701 [INFO] ProjectBuilder:4626 - Time for Generating toolchain IDE Files: 1918mS.
2025-04-28 16:13:52,702 [INFO] ProjectBuilder:2935 - Time for Copy CMSIS : 0mS.
2025-04-28 16:13:52,704 [INFO] ProjectBuilder:2935 - Time for Copy CMSIS : 0mS.
2025-04-28 16:15:32,759 [INFO] UtilMem:75 - End SaveConfig() Used Memory: 775968728 Bytes (1073741824)
2025-04-28 16:15:33,154 [INFO] UtilMem:75 - End SaveConfig() Used Memory: 807895544 Bytes (1073741824)
2025-04-28 16:15:33,471 [INFO] BlockDiagram:2759 - set Specific Code input for plugin: NVIC
2025-04-28 16:15:33,471 [INFO] BlockDiagram:2759 - set Specific Code input for plugin: SYS
2025-04-28 16:15:33,471 [INFO] BlockDiagram:2759 - set Specific Code input for plugin: GPIO
2025-04-28 16:15:33,471 [INFO] BlockDiagram:2759 - set Specific Code input for plugin: RCC
2025-04-28 16:15:33,472 [INFO] CodeGenerator:799 - code generatio: config db path: D:\ITC\STM32\STM32CubeIDE_1.13.0\STM32CubeIDE\plugins\com.st.stm32cube.common.mx_6.9.0.202307051724\\db\
2025-04-28 16:15:33,567 [INFO] CodeEngine:255 - oldGeneratedFile, D:\AIFARM\STM32_GREENB\stm32f103_nethouse\MXTmpFiles\license.tmp_save
2025-04-28 16:15:33,635 [INFO] CodeEngine:279 - Generated code: D:\AIFARM\STM32_GREENB\stm32f103_nethouse\MXTmpFiles\license.tmp
2025-04-28 16:15:33,648 [INFO] CodeEngine:255 - oldGeneratedFile, D:\AIFARM\STM32_GREENB\stm32f103_nethouse\MXTmpFiles\gpio.tmp_save
2025-04-28 16:15:33,731 [INFO] CodeEngine:279 - Generated code: D:\AIFARM\STM32_GREENB\stm32f103_nethouse\MXTmpFiles\gpio.tmp
2025-04-28 16:15:33,759 [INFO] CodeEngine:255 - oldGeneratedFile, D:\AIFARM\STM32_GREENB\stm32f103_nethouse\Core\Src\stm32f1xx_it.c_save
2025-04-28 16:15:33,825 [INFO] CodeEngine:279 - Generated code: D:\AIFARM\STM32_GREENB\stm32f103_nethouse\Core\Src\stm32f1xx_it.c
2025-04-28 16:15:33,829 [INFO] CodeEngine:255 - oldGeneratedFile, D:\AIFARM\STM32_GREENB\stm32f103_nethouse\Core\Inc\stm32f1xx_it.h_save
2025-04-28 16:15:33,906 [INFO] CodeEngine:279 - Generated code: D:\AIFARM\STM32_GREENB\stm32f103_nethouse\Core\Inc\stm32f1xx_it.h
2025-04-28 16:15:33,922 [INFO] CodeEngine:255 - oldGeneratedFile, D:\AIFARM\STM32_GREENB\stm32f103_nethouse\Core\Src\stm32f1xx_hal_msp.c_save
2025-04-28 16:15:34,010 [INFO] CodeEngine:279 - Generated code: D:\AIFARM\STM32_GREENB\stm32f103_nethouse\Core\Src\stm32f1xx_hal_msp.c
2025-04-28 16:15:34,013 [INFO] CodeEngine:255 - oldGeneratedFile, D:\AIFARM\STM32_GREENB\stm32f103_nethouse\MXTmpFiles\system.tmp_save
2025-04-28 16:15:34,054 [INFO] CodeEngine:279 - Generated code: D:\AIFARM\STM32_GREENB\stm32f103_nethouse\MXTmpFiles\system.tmp
2025-04-28 16:15:34,067 [INFO] CodeEngine:311 - oldGeneratedFile, D:\AIFARM\STM32_GREENB\stm32f103_nethouse\Core\Inc\stm32f1xx_hal_conf.h_save
2025-04-28 16:15:34,145 [INFO] CodeEngine:335 - Generated code: D:\AIFARM\STM32_GREENB\stm32f103_nethouse\Core\Inc\stm32f1xx_hal_conf.h
2025-04-28 16:15:34,178 [INFO] CodeEngine:255 - oldGeneratedFile, D:\AIFARM\STM32_GREENB\stm32f103_nethouse\Core\Inc\main.h_save
2025-04-28 16:15:34,247 [INFO] CodeEngine:279 - Generated code: D:\AIFARM\STM32_GREENB\stm32f103_nethouse\Core\Inc\main.h
2025-04-28 16:15:34,259 [INFO] CodeEngine:255 - oldGeneratedFile, D:\AIFARM\STM32_GREENB\stm32f103_nethouse\Core\Src\main.c_save
2025-04-28 16:15:34,343 [INFO] CodeEngine:279 - Generated code: D:\AIFARM\STM32_GREENB\stm32f103_nethouse\Core\Src\main.c
2025-04-28 16:15:34,817 [INFO] ProjectBuilder:3064 - Time for Copy HAL[1] : 126mS.
2025-04-28 16:15:34,819 [INFO] ProjectBuilder:4404 - Project Generator version: 4.1.0
2025-04-28 16:15:35,021 [INFO] ConfigFileManager:1457 - The Die is : DIE410
2025-04-28 16:15:36,216 [INFO] ProjectBuilder:4626 - Time for Generating toolchain IDE Files: 1397mS.
2025-04-28 16:15:36,217 [INFO] ProjectBuilder:2935 - Time for Copy CMSIS : 1mS.
2025-04-28 16:15:36,219 [INFO] ProjectBuilder:2935 - Time for Copy CMSIS : 0mS.
2025-04-28 16:17:40,598 [INFO] UtilMem:75 - End SaveConfig() Used Memory: 916019792 Bytes (1073741824)
2025-04-28 16:17:40,992 [INFO] UtilMem:75 - End SaveConfig() Used Memory: 947424984 Bytes (1073741824)
2025-04-28 16:17:41,192 [INFO] BlockDiagram:2759 - set Specific Code input for plugin: NVIC
2025-04-28 16:17:41,192 [INFO] BlockDiagram:2759 - set Specific Code input for plugin: SYS
2025-04-28 16:17:41,192 [INFO] BlockDiagram:2759 - set Specific Code input for plugin: GPIO
2025-04-28 16:17:41,192 [INFO] BlockDiagram:2759 - set Specific Code input for plugin: RCC
2025-04-28 16:17:41,193 [INFO] CodeGenerator:799 - code generatio: config db path: D:\ITC\STM32\STM32CubeIDE_1.13.0\STM32CubeIDE\plugins\com.st.stm32cube.common.mx_6.9.0.202307051724\\db\
2025-04-28 16:17:41,352 [INFO] CodeEngine:255 - oldGeneratedFile, D:\AIFARM\STM32_GREENB\stm32f103_nethouse\MXTmpFiles\license.tmp_save
2025-04-28 16:17:41,435 [INFO] CodeEngine:279 - Generated code: D:\AIFARM\STM32_GREENB\stm32f103_nethouse\MXTmpFiles\license.tmp
2025-04-28 16:17:41,448 [INFO] CodeEngine:255 - oldGeneratedFile, D:\AIFARM\STM32_GREENB\stm32f103_nethouse\MXTmpFiles\gpio.tmp_save
2025-04-28 16:17:41,552 [INFO] CodeEngine:279 - Generated code: D:\AIFARM\STM32_GREENB\stm32f103_nethouse\MXTmpFiles\gpio.tmp
2025-04-28 16:17:41,580 [INFO] CodeEngine:255 - oldGeneratedFile, D:\AIFARM\STM32_GREENB\stm32f103_nethouse\Core\Src\stm32f1xx_it.c_save
2025-04-28 16:17:41,654 [INFO] CodeEngine:279 - Generated code: D:\AIFARM\STM32_GREENB\stm32f103_nethouse\Core\Src\stm32f1xx_it.c
2025-04-28 16:17:41,674 [INFO] CodeEngine:255 - oldGeneratedFile, D:\AIFARM\STM32_GREENB\stm32f103_nethouse\Core\Inc\stm32f1xx_it.h_save
2025-04-28 16:17:41,722 [INFO] CodeEngine:279 - Generated code: D:\AIFARM\STM32_GREENB\stm32f103_nethouse\Core\Inc\stm32f1xx_it.h
2025-04-28 16:17:41,744 [INFO] CodeEngine:255 - oldGeneratedFile, D:\AIFARM\STM32_GREENB\stm32f103_nethouse\Core\Src\stm32f1xx_hal_msp.c_save
2025-04-28 16:17:41,811 [INFO] CodeEngine:279 - Generated code: D:\AIFARM\STM32_GREENB\stm32f103_nethouse\Core\Src\stm32f1xx_hal_msp.c
2025-04-28 16:17:41,815 [INFO] CodeEngine:255 - oldGeneratedFile, D:\AIFARM\STM32_GREENB\stm32f103_nethouse\MXTmpFiles\system.tmp_save
2025-04-28 16:17:41,859 [INFO] CodeEngine:279 - Generated code: D:\AIFARM\STM32_GREENB\stm32f103_nethouse\MXTmpFiles\system.tmp
2025-04-28 16:17:41,883 [INFO] CodeEngine:311 - oldGeneratedFile, D:\AIFARM\STM32_GREENB\stm32f103_nethouse\Core\Inc\stm32f1xx_hal_conf.h_save
2025-04-28 16:17:41,976 [INFO] CodeEngine:335 - Generated code: D:\AIFARM\STM32_GREENB\stm32f103_nethouse\Core\Inc\stm32f1xx_hal_conf.h
2025-04-28 16:17:42,015 [INFO] CodeEngine:255 - oldGeneratedFile, D:\AIFARM\STM32_GREENB\stm32f103_nethouse\Core\Inc\main.h_save
2025-04-28 16:17:42,090 [INFO] CodeEngine:279 - Generated code: D:\AIFARM\STM32_GREENB\stm32f103_nethouse\Core\Inc\main.h
2025-04-28 16:17:42,104 [INFO] CodeEngine:255 - oldGeneratedFile, D:\AIFARM\STM32_GREENB\stm32f103_nethouse\Core\Src\main.c_save
2025-04-28 16:17:42,167 [INFO] CodeEngine:279 - Generated code: D:\AIFARM\STM32_GREENB\stm32f103_nethouse\Core\Src\main.c
2025-04-28 16:17:42,580 [INFO] ProjectBuilder:3064 - Time for Copy HAL[1] : 114mS.
2025-04-28 16:17:42,582 [INFO] ProjectBuilder:4404 - Project Generator version: 4.1.0
2025-04-28 16:17:42,826 [INFO] ConfigFileManager:1457 - The Die is : DIE410
2025-04-28 16:17:43,874 [INFO] ProjectBuilder:4626 - Time for Generating toolchain IDE Files: 1292mS.
2025-04-28 16:17:43,875 [INFO] ProjectBuilder:2935 - Time for Copy CMSIS : 0mS.
2025-04-28 16:17:43,876 [INFO] ProjectBuilder:2935 - Time for Copy CMSIS : 0mS.
2025-04-28 16:18:54,316 [INFO] MainUpdater:2868 - connection check result : 10
2025-04-28 16:18:54,403 [INFO] McuFinderGlobals:76 - Set McuFinderConnectedMode to true
2025-04-28 16:18:54,404 [INFO] MultiScanPanel:200 - Auto-refresh data requested => check proxy status ongoing
2025-04-28 16:18:54,404 [INFO] FinderPluginLoader:95 - Searching for filters in installed packs
2025-04-28 16:18:55,519 [INFO] LoadUrlFilesThread:185 - End of LoadServerUrlFiles without Thread
2025-04-28 16:18:55,519 [INFO] DetailPanel:341 - Set advertising image to C:/Users/msi1/STM32Cube/Repository/\en.prom-stm32u3-mcu-finder.jpg
2025-04-28 16:19:15,029 [INFO] ApiDb:581 - Connected to CubeFinder SQLite database (C:\Users\msi1\.stmcufinder\plugins\mcufinder\mcu\cube-finder-db.db)
2025-04-28 16:20:19,725 [INFO] MainUpdater:2868 - connection check result : 10
2025-04-28 16:20:19,726 [INFO] MainUpdater:2868 - connection check result : 10
2025-04-28 16:20:19,776 [INFO] MicroXplorer:468 - Change Database Path : 
2025-04-28 16:20:19,776 [INFO] MicroXplorer:498 - Change Database Version : DB.6.0.90
2025-04-28 16:20:19,799 [WARN] ThirdParty:871 - waiting for thirdparty lock release [close project]
2025-04-28 16:20:19,799 [INFO] ThirdParty:873 - entering critical section [close project]
2025-04-28 16:20:19,799 [INFO] ThirdParty:883 - exiting critical section [close project]
2025-04-28 16:20:19,800 [INFO] PinOutPanel:1499 - setPackage(No Configuration,No Configuration)
2025-04-28 16:20:19,806 [INFO] UtilMem:75 - Begin LoadConfig() Used Memory: 723375832 Bytes (1073741824)
2025-04-28 16:20:19,806 [INFO] MicroXplorer:468 - Change Database Path : 
2025-04-28 16:20:19,807 [INFO] MicroXplorer:498 - Change Database Version : DB.6.0.90
2025-04-28 16:20:19,807 [INFO] OpenFileManager:308 - Change cursor
2025-04-28 16:20:19,823 [INFO] RulesReader:64 - Compatibility file has been processed (293 Rules)
2025-04-28 16:20:19,826 [INFO] Mcu:1946 - Initializing MCU STM32F103C8Tx STM32F103C8Tx STM32F103C8T6
2025-04-28 16:20:20,278 [INFO] Context:659 - Trying to add GPIOservice into a context  which must be forbidden
2025-04-28 16:20:20,398 [INFO] ImportTextPane:194 - (OptionalMessage_ERROR) Unable to find key (Mcu.ThirdPartyNb) in loaded IOC file
2025-04-28 16:20:20,399 [INFO] ImportTextPane:194 - (OptionalMessage_ERROR) Unable to find key (Mcu.PinsNb) in loaded IOC file
2025-04-28 16:20:20,399 [INFO] ImportTextPane:194 - (OptionalMessage_ERROR) Unable to find key (Mcu.IPNb) in loaded IOC file
2025-04-28 16:20:20,550 [INFO] RtosManager:555 - Registered RTOS mode: class=CMSIS, group=RTOS, mode=CMSIS_V1, owner=FREERTOS
2025-04-28 16:20:20,551 [INFO] RtosManager:555 - Registered RTOS mode: class=CMSIS, group=RTOS2, mode=CMSIS_V2, owner=FREERTOS
2025-04-28 16:20:20,551 [INFO] RtosManager:555 - Registered RTOS mode: class=RTOS, group=Core, mode=CMSIS_V1, owner=FREERTOS
2025-04-28 16:20:20,551 [INFO] RtosManager:555 - Registered RTOS mode: class=RTOS, group=Core, mode=CMSIS_V2, owner=FREERTOS
2025-04-28 16:20:20,551 [WARN] ModelIntegratedComponent:184 - Missing modes for component STMicroelectronics:FreeRTOS:0.0.1:STMicroelectronics:RTOS:FreeRTOS:Core:::10.2.0:
2025-04-28 16:20:20,554 [WARN] ModelIntegratedComponent:63 - No mode defined for component null
2025-04-28 16:20:20,554 [WARN] ModelIntegratedComponent:63 - No mode defined for component null
2025-04-28 16:20:20,554 [WARN] ModelIntegratedComponent:63 - No mode defined for component null
2025-04-28 16:20:20,554 [WARN] ModelIntegratedComponent:63 - No mode defined for component null
2025-04-28 16:20:20,554 [WARN] ModelIntegratedComponent:63 - No mode defined for component null
2025-04-28 16:20:20,554 [WARN] ModelIntegratedComponent:63 - No mode defined for component null
2025-04-28 16:20:20,554 [WARN] ModelIntegratedComponent:63 - No mode defined for component null
2025-04-28 16:20:20,554 [WARN] ModelIntegratedComponent:63 - No mode defined for component null
2025-04-28 16:20:20,554 [WARN] ModelIntegratedComponent:63 - No mode defined for component null
2025-04-28 16:20:20,554 [WARN] ModelIntegratedComponent:63 - No mode defined for component null
2025-04-28 16:20:20,554 [WARN] ModelIntegratedComponent:63 - No mode defined for component null
2025-04-28 16:20:20,554 [WARN] ModelIntegratedComponent:63 - No mode defined for component null
2025-04-28 16:20:20,554 [WARN] ModelIntegratedComponent:63 - No mode defined for component null
2025-04-28 16:20:20,554 [WARN] ModelIntegratedComponent:63 - No mode defined for component null
2025-04-28 16:20:20,554 [WARN] ModelIntegratedComponent:63 - No mode defined for component null
2025-04-28 16:20:20,554 [WARN] ModelIntegratedComponent:63 - No mode defined for component null
2025-04-28 16:20:20,554 [WARN] ModelIntegratedComponent:63 - No mode defined for component null
2025-04-28 16:20:20,554 [WARN] ModelIntegratedComponent:63 - No mode defined for component null
2025-04-28 16:20:20,554 [WARN] ModelIntegratedComponent:63 - No mode defined for component null
2025-04-28 16:20:20,554 [WARN] ModelIntegratedComponent:63 - No mode defined for component null
2025-04-28 16:20:20,555 [WARN] ModelIntegratedComponent:63 - No mode defined for component null
2025-04-28 16:20:20,555 [WARN] ModelIntegratedComponent:63 - No mode defined for component null
2025-04-28 16:20:20,555 [WARN] ModelIntegratedComponent:63 - No mode defined for component null
2025-04-28 16:20:20,555 [WARN] ModelIntegratedComponent:63 - No mode defined for component null
2025-04-28 16:20:20,555 [WARN] ModelIntegratedComponent:63 - No mode defined for component null
2025-04-28 16:20:20,555 [WARN] ModelIntegratedComponent:63 - No mode defined for component null
2025-04-28 16:20:20,555 [WARN] ModelIntegratedComponent:63 - No mode defined for component null
2025-04-28 16:20:20,555 [WARN] ModelIntegratedComponent:63 - No mode defined for component null
2025-04-28 16:20:20,555 [WARN] ModelIntegratedComponent:63 - No mode defined for component null
2025-04-28 16:20:20,555 [WARN] ModelIntegratedComponent:63 - No mode defined for component null
2025-04-28 16:20:20,555 [WARN] ModelIntegratedComponent:63 - No mode defined for component null
2025-04-28 16:20:20,555 [WARN] ModelIntegratedComponent:63 - No mode defined for component null
2025-04-28 16:20:20,555 [WARN] ModelIntegratedComponent:63 - No mode defined for component null
2025-04-28 16:20:20,839 [INFO] ThirdPartyModel:298 - Start build external matchings
2025-04-28 16:20:23,349 [INFO] ThirdPartyModel:316 - End build external matchings
2025-04-28 16:20:23,534 [INFO] UtilMem:75 - End LoadConfig() Used Memory: 801714496 Bytes (1073741824)
2025-04-28 16:20:23,615 [WARN] ThirdParty:833 - waiting for thirdparty lock release [change project]
2025-04-28 16:20:23,615 [INFO] ThirdParty:835 - entering critical section [change project]
2025-04-28 16:20:23,615 [INFO] ThirdParty:1030 - CMSIS Pack Vendor :STMicroelectronics USBPD 4.1
2025-04-28 16:20:23,615 [INFO] ThirdParty:1030 - CMSIS Pack Vendor :STMicroelectronics X-CUBE-GNSS1 6.0.0
2025-04-28 16:20:23,615 [INFO] ThirdParty:1030 - CMSIS Pack Vendor :STMicroelectronics USB_HOST 2.0.0
2025-04-28 16:20:23,615 [INFO] ThirdParty:1030 - CMSIS Pack Vendor :STMicroelectronics FP-SNS-MOTENVWB1 1.4.0
2025-04-28 16:20:23,615 [INFO] ThirdParty:1030 - CMSIS Pack Vendor :STMicroelectronics X-CUBE-AZRTOS-F4 1.1.0
2025-04-28 16:20:23,615 [INFO] ThirdParty:1030 - CMSIS Pack Vendor :STMicroelectronics LIBJPEG 8.0.0
2025-04-28 16:20:23,615 [INFO] ThirdParty:1030 - CMSIS Pack Vendor :STMicroelectronics FP-ATR-ASTRA1 2.0.2
2025-04-28 16:20:23,615 [INFO] ThirdParty:1030 - CMSIS Pack Vendor :STMicroelectronics FP-ATR-ASTRA1 2.0.1
2025-04-28 16:20:23,615 [INFO] ThirdParty:1030 - CMSIS Pack Vendor :STMicroelectronics X-CUBE-SMBUS 2.1.0
2025-04-28 16:20:23,615 [INFO] ThirdParty:1030 - CMSIS Pack Vendor :STMicroelectronics X-CUBE-WB05N 1.1.0
2025-04-28 16:20:23,615 [INFO] ThirdParty:1030 - CMSIS Pack Vendor :wolfSSL I-CUBE-wolfSSL 5.6.0
2025-04-28 16:20:23,615 [INFO] ThirdParty:1030 - CMSIS Pack Vendor :STMicroelectronics X-CUBE-ISPU 2.1.0
2025-04-28 16:20:23,615 [INFO] ThirdParty:1030 - CMSIS Pack Vendor :STMicroelectronics X-CUBE-FREERTOS 1.2.0
2025-04-28 16:20:23,615 [INFO] ThirdParty:1030 - CMSIS Pack Vendor :STMicroelectronics X-CUBE-TOUCHGFX 4.23.0
2025-04-28 16:20:23,615 [INFO] ThirdParty:1030 - CMSIS Pack Vendor :STMicroelectronics X-CUBE-TOUCHGFX 4.23.2
2025-04-28 16:20:23,615 [INFO] ThirdParty:1030 - CMSIS Pack Vendor :STMicroelectronics X-CUBE-AZRTOS-F7 1.1.0
2025-04-28 16:20:23,615 [INFO] ThirdParty:1030 - CMSIS Pack Vendor :STMicroelectronics X-CUBE-AZRTOS-L5 2.0.0
2025-04-28 16:20:23,615 [INFO] ThirdParty:1030 - CMSIS Pack Vendor :STMicroelectronics USB_DEVICE 2.0.0
2025-04-28 16:20:23,615 [INFO] ThirdParty:1030 - CMSIS Pack Vendor :STMicroelectronics X-CUBE-MEMS1 9.6.0
2025-04-28 16:20:23,615 [INFO] ThirdParty:1030 - CMSIS Pack Vendor :STMicroelectronics X-CUBE-EEPRMA1 4.2.0
2025-04-28 16:20:23,615 [INFO] ThirdParty:1030 - CMSIS Pack Vendor :STMicroelectronics X-CUBE-NFC6 3.1.0
2025-04-28 16:20:23,615 [INFO] ThirdParty:1030 - CMSIS Pack Vendor :ITTIA_DB I-CUBE-ITTIADB 8.8.0
2025-04-28 16:20:23,615 [INFO] ThirdParty:1030 - CMSIS Pack Vendor :STMicroelectronics FP-SNS-MOTENV1 4.3.0
2025-04-28 16:20:23,615 [INFO] ThirdParty:1030 - CMSIS Pack Vendor :STMicroelectronics FP-SNS-MOTENV1 4.3.2
2025-04-28 16:20:23,615 [INFO] ThirdParty:1030 - CMSIS Pack Vendor :STMicroelectronics FP-SNS-FLIGHT1 5.0.0
2025-04-28 16:20:23,615 [INFO] ThirdParty:1030 - CMSIS Pack Vendor :STMicroelectronics X-CUBE-BLE1 6.2.4
2025-04-28 16:20:23,615 [INFO] ThirdParty:1030 - CMSIS Pack Vendor :STMicroelectronics FreeRTOS 0.0.1
2025-04-28 16:20:23,615 [INFO] ThirdParty:1030 - CMSIS Pack Vendor :emotas I-CUBE-CANOPEN 1.1.3
2025-04-28 16:20:23,616 [INFO] ThirdParty:1030 - CMSIS Pack Vendor :STMicroelectronics X-CUBE-BLEMGR 2.0.0
2025-04-28 16:20:23,616 [INFO] ThirdParty:1030 - CMSIS Pack Vendor :STMicroelectronics FP-SNS-FLIGHT1 5.0.2
2025-04-28 16:20:23,616 [INFO] ThirdParty:1030 - CMSIS Pack Vendor :STMicroelectronics X-CUBE-AI 9.0.0
2025-04-28 16:20:23,616 [INFO] ThirdParty:1030 - CMSIS Pack Vendor :STMicroelectronics X-CUBE-AZRTOS-H7 3.1.0
2025-04-28 16:20:23,616 [INFO] ThirdParty:1030 - CMSIS Pack Vendor :STMicroelectronics PDM2PCM 3.3.0
2025-04-28 16:20:23,616 [INFO] ThirdParty:1030 - CMSIS Pack Vendor :STMicroelectronics X-CUBE-DISPLAY 3.0.0
2025-04-28 16:20:23,616 [INFO] ThirdParty:1030 - CMSIS Pack Vendor :STMicroelectronics X-CUBE-BLE1 7.0.0
2025-04-28 16:20:23,616 [INFO] ThirdParty:1030 - CMSIS Pack Vendor :STMicroelectronics X-CUBE-NFC10 1.0.0
2025-04-28 16:20:23,616 [INFO] ThirdParty:1030 - CMSIS Pack Vendor :STMicroelectronics HAL Drivers 0.0.0
2025-04-28 16:20:23,616 [INFO] ThirdParty:1030 - CMSIS Pack Vendor :emotas I-CUBE-CANOPEN 1.3.0
2025-04-28 16:20:23,616 [INFO] ThirdParty:1030 - CMSIS Pack Vendor :STMicroelectronics X-CUBE-FREERTOS 1.3.0
2025-04-28 16:20:23,616 [INFO] ThirdParty:1030 - CMSIS Pack Vendor :STMicroelectronics X-CUBE-TOUCHGFX 4.22.0
2025-04-28 16:20:23,616 [INFO] ThirdParty:1030 - CMSIS Pack Vendor :STMicroelectronics X-CUBE-NFC7 1.0.1
2025-04-28 16:20:23,616 [INFO] ThirdParty:1030 - CMSIS Pack Vendor :STMicroelectronics MBEDTLS 2.14.1
2025-04-28 16:20:23,616 [INFO] ThirdParty:1030 - CMSIS Pack Vendor :STMicroelectronics X-CUBE-NFC7 1.0.0
2025-04-28 16:20:23,616 [INFO] ThirdParty:1030 - CMSIS Pack Vendor :STMicroelectronics X-CUBE-TOUCHGFX 4.22.1
2025-04-28 16:20:23,616 [INFO] ThirdParty:1030 - CMSIS Pack Vendor :wolfSSL I-CUBE-wolfTPM 3.2.0
2025-04-28 16:20:23,616 [INFO] ThirdParty:1030 - CMSIS Pack Vendor :STMicroelectronics X-CUBE-NFC6 3.0.0
2025-04-28 16:20:23,616 [INFO] ThirdParty:1030 - CMSIS Pack Vendor :STMicroelectronics X-CUBE-EEPRMA1 4.1.0
2025-04-28 16:20:23,616 [INFO] ThirdParty:1030 - CMSIS Pack Vendor :STMicroelectronics X-CUBE-BLEMGR 3.1.0
2025-04-28 16:20:23,616 [INFO] ThirdParty:1030 - CMSIS Pack Vendor :STMicroelectronics X-CUBE-AI 10.0.0
2025-04-28 16:20:23,616 [INFO] ThirdParty:1030 - CMSIS Pack Vendor :STMicroelectronics FP-SNS-SMARTAG2 1.2.0
2025-04-28 16:20:23,616 [INFO] ThirdParty:1030 - CMSIS Pack Vendor :STMicroelectronics X-CUBE-MEMS1 11.1.0
2025-04-28 16:20:23,616 [INFO] ThirdParty:1030 - CMSIS Pack Vendor :STMicroelectronics X-CUBE-AZRTOS-WL 2.0.0
2025-04-28 16:20:23,616 [INFO] ThirdParty:1030 - CMSIS Pack Vendor :STMicroelectronics FP-SNS-MOTENV1 5.0.0
2025-04-28 16:20:23,616 [INFO] ThirdParty:1030 - CMSIS Pack Vendor :STMicroelectronics USB_DEVICE 1.0.0
2025-04-28 16:20:23,616 [INFO] ThirdParty:1030 - CMSIS Pack Vendor :STMicroelectronics X-CUBE-AI 8.1.0
2025-04-28 16:20:23,616 [INFO] ThirdParty:1030 - CMSIS Pack Vendor :wolfSSL I-CUBE-wolfMQTT 1.19.0
2025-04-28 16:20:23,616 [INFO] ThirdParty:1030 - CMSIS Pack Vendor :STMicroelectronics X-CUBE-AZRTOS-L4 2.0.0
2025-04-28 16:20:23,616 [INFO] ThirdParty:1030 - CMSIS Pack Vendor :STMicroelectronics ThreadX 0.0.2
2025-04-28 16:20:23,616 [INFO] ThirdParty:1030 - CMSIS Pack Vendor :WES I-CUBE-Cesium 1.3.0
2025-04-28 16:20:23,616 [INFO] ThirdParty:1030 - CMSIS Pack Vendor :STMicroelectronics lwIP 2.1.2
2025-04-28 16:20:23,616 [INFO] ThirdParty:1030 - CMSIS Pack Vendor :STMicroelectronics X-CUBE-SFXS2LP1 4.0.0
2025-04-28 16:20:23,616 [INFO] ThirdParty:1030 - CMSIS Pack Vendor :STMicroelectronics X-CUBE-BLE2 3.3.0
2025-04-28 16:20:23,616 [INFO] ThirdParty:1030 - CMSIS Pack Vendor :STMicroelectronics PDM2PCM 3.2.0
2025-04-28 16:20:23,616 [INFO] ThirdParty:1030 - CMSIS Pack Vendor :STMicroelectronics X-CUBE-ISPU 1.1.0
2025-04-28 16:20:23,616 [INFO] ThirdParty:1030 - CMSIS Pack Vendor :STMicroelectronics X-CUBE-AZRTOS-H7 3.3.0
2025-04-28 16:20:23,616 [INFO] ThirdParty:1030 - CMSIS Pack Vendor :STMicroelectronics X-CUBE-NFC9 1.0.0
2025-04-28 16:20:23,616 [INFO] ThirdParty:1030 - CMSIS Pack Vendor :STMicroelectronics X-CUBE-BLE1 7.1.0
2025-04-28 16:20:23,616 [INFO] ThirdParty:1030 - CMSIS Pack Vendor :STMicroelectronics USB_DEVICE 3.0.0
2025-04-28 16:20:23,616 [INFO] ThirdParty:1030 - CMSIS Pack Vendor :STMicroelectronics X-CUBE-TCPP 4.1.0
2025-04-28 16:20:23,616 [INFO] ThirdParty:1030 - CMSIS Pack Vendor :STMicroelectronics X-CUBE-AZRTOS-WB 2.0.0
2025-04-28 16:20:23,616 [INFO] ThirdParty:1030 - CMSIS Pack Vendor :STMicroelectronics X-CUBE-FREERTOS 1.0.1
2025-04-28 16:20:23,616 [INFO] ThirdParty:1030 - CMSIS Pack Vendor :STMicroelectronics X-CUBE-GNSS1 7.0.1
2025-04-28 16:20:23,616 [INFO] ThirdParty:1030 - CMSIS Pack Vendor :STMicroelectronics X-CUBE-TOUCHGFX 4.21.4
2025-04-28 16:20:23,617 [INFO] ThirdParty:1030 - CMSIS Pack Vendor :STMicroelectronics X-CUBE-TOUCHGFX 4.25.0
2025-04-28 16:20:23,617 [INFO] ThirdParty:1030 - CMSIS Pack Vendor :STMicroelectronics X-CUBE-ALGOBUILD 1.3.0
2025-04-28 16:20:23,617 [INFO] ThirdParty:1030 - CMSIS Pack Vendor :STMicroelectronics X-CUBE-AZRTOS-L5 1.1.0
2025-04-28 16:20:23,617 [INFO] ThirdParty:1030 - CMSIS Pack Vendor :STMicroelectronics X-CUBE-MEMS1 11.2.0
2025-04-28 16:20:23,617 [INFO] ThirdParty:1030 - CMSIS Pack Vendor :STMicroelectronics X-CUBE-AZRTOS-G0 1.1.0
2025-04-28 16:20:23,617 [INFO] ThirdParty:1030 - CMSIS Pack Vendor :STMicroelectronics X-CUBE-AI 8.0.1
2025-04-28 16:20:23,617 [INFO] ThirdParty:1030 - CMSIS Pack Vendor :STMicroelectronics X-CUBE-SAFEA1 1.2.2
2025-04-28 16:20:23,617 [INFO] ThirdParty:1030 - CMSIS Pack Vendor :STMicroelectronics X-CUBE-NFC4 3.0.0
2025-04-28 16:20:23,617 [INFO] ThirdParty:1030 - CMSIS Pack Vendor :STMicroelectronics X-CUBE-SUBG2 5.0.0
2025-04-28 16:20:23,617 [INFO] ThirdParty:1030 - CMSIS Pack Vendor :STMicroelectronics X-CUBE-AZRTOS-H7RS 1.1.0
2025-04-28 16:20:23,617 [INFO] ThirdParty:1030 - CMSIS Pack Vendor :STMicroelectronics STM32_WPAN 1.0.0
2025-04-28 16:20:23,617 [INFO] ThirdParty:1030 - CMSIS Pack Vendor :wolfSSL I-CUBE-wolfMQTT 1.18.0
2025-04-28 16:20:23,617 [INFO] ThirdParty:1030 - CMSIS Pack Vendor :STMicroelectronics lwIP 2.0.3
2025-04-28 16:20:23,617 [INFO] ThirdParty:1030 - CMSIS Pack Vendor :Cesanta I-CUBE-Mongoose 7.13.0
2025-04-28 16:20:23,617 [INFO] ThirdParty:1030 - CMSIS Pack Vendor :STMicroelectronics USB_HOST 1.0.0
2025-04-28 16:20:23,617 [INFO] ThirdParty:1030 - CMSIS Pack Vendor :STMicroelectronics X-CUBE-TOF1 3.3.1
2025-04-28 16:20:23,617 [INFO] ThirdParty:1030 - CMSIS Pack Vendor :STMicroelectronics X-CUBE-AZRTOS-G4 2.0.0
2025-04-28 16:20:23,617 [INFO] ThirdParty:1030 - CMSIS Pack Vendor :STMicroelectronics X-CUBE-WB05N 2.0.0
2025-04-28 16:20:23,617 [INFO] ThirdParty:1030 - CMSIS Pack Vendor :STMicroelectronics PDM2PCM 3.1.0
2025-04-28 16:20:23,617 [INFO] ThirdParty:1030 - CMSIS Pack Vendor :STMicroelectronics X-CUBE-TOF1 3.3.0
2025-04-28 16:20:23,617 [INFO] ThirdParty:1030 - CMSIS Pack Vendor :Infineon AIROC-Wi-Fi-Bluetooth-STM32 1.5.1
2025-04-28 16:20:23,617 [INFO] ThirdParty:1030 - CMSIS Pack Vendor :STMicroelectronics X-CUBE-BLEMGR 3.0.0
2025-04-28 16:20:23,617 [INFO] ThirdParty:1030 - CMSIS Pack Vendor :STMicroelectronics FP-SNS-MOTENVWB1 1.3.0
2025-04-28 16:20:23,617 [INFO] ThirdParty:1030 - CMSIS Pack Vendor :STMicroelectronics FP-SNS-MOTENVWB1 1.3.1
2025-04-28 16:20:23,617 [INFO] ThirdParty:1030 - CMSIS Pack Vendor :STMicroelectronics FP-ATR-SIGFOX1 3.2.0
2025-04-28 16:20:23,617 [INFO] ThirdParty:1030 - CMSIS Pack Vendor :STMicroelectronics X-CUBE-AZRTOS-L4 1.0.0
2025-04-28 16:20:23,617 [INFO] ThirdParty:1030 - CMSIS Pack Vendor :STMicroelectronics X-CUBE-ISPU 2.0.0
2025-04-28 16:20:23,617 [INFO] ThirdParty:1030 - CMSIS Pack Vendor :STMicroelectronics X-CUBE-EEPRMA1 5.1.0
2025-04-28 16:20:23,618 [INFO] ThirdParty:1030 - CMSIS Pack Vendor :STMicroelectronics MBEDTLS 2.16.2
2025-04-28 16:20:23,618 [INFO] ThirdParty:1030 - CMSIS Pack Vendor :STMicroelectronics X-CUBE-ALS 1.0.2
2025-04-28 16:20:23,618 [INFO] ThirdParty:1030 - CMSIS Pack Vendor :STMicroelectronics X-CUBE-MEMS1 10.0.0
2025-04-28 16:20:23,618 [INFO] ThirdParty:1030 - CMSIS Pack Vendor :STMicroelectronics X-CUBE-FREERTOS 1.1.0
2025-04-28 16:20:23,618 [INFO] ThirdParty:1030 - CMSIS Pack Vendor :wolfSSL I-CUBE-wolfSSL 5.7.6
2025-04-28 16:20:23,618 [INFO] ThirdParty:1030 - CMSIS Pack Vendor :STMicroelectronics X-CUBE-TOUCHGFX 4.24.0
2025-04-28 16:20:23,618 [INFO] ThirdParty:1030 - CMSIS Pack Vendor :ITTIA_DB I-CUBE-ITTIADB 8.9.0
2025-04-28 16:20:23,618 [INFO] ThirdParty:1030 - CMSIS Pack Vendor :STMicroelectronics X-CUBE-TOUCHGFX 4.24.2
2025-04-28 16:20:23,618 [INFO] ThirdParty:1030 - CMSIS Pack Vendor :STMicroelectronics X-CUBE-AZRTOS-WL 1.0.0
2025-04-28 16:20:23,618 [INFO] ThirdParty:1030 - CMSIS Pack Vendor :STMicroelectronics X-CUBE-TOUCHGFX 4.24.1
2025-04-28 16:20:23,618 [INFO] ThirdParty:1030 - CMSIS Pack Vendor :wolfSSL I-CUBE-wolfTPM 3.4.0
2025-04-28 16:20:23,618 [INFO] ThirdParty:1030 - CMSIS Pack Vendor :portGmbH I-Cube-SoM-uGOAL 1.1.0
2025-04-28 16:20:23,618 [INFO] ThirdParty:1030 - CMSIS Pack Vendor :STMicroelectronics X-CUBE-ALS 1.0.1
2025-04-28 16:20:23,618 [INFO] ThirdParty:1030 - CMSIS Pack Vendor :STMicroelectronics ThreadX 1.0.0
2025-04-28 16:20:23,618 [INFO] ThirdParty:1030 - CMSIS Pack Vendor :STMicroelectronics X-CUBE-AZRTOS-WB 1.1.0
2025-04-28 16:20:23,618 [INFO] ThirdParty:1030 - CMSIS Pack Vendor :SEGGER I-CUBE-embOS 1.3.1
2025-04-28 16:20:23,618 [INFO] ThirdParty:1030 - CMSIS Pack Vendor :STMicroelectronics X-CUBE-ALGOBUILD 1.4.0
2025-04-28 16:20:23,618 [INFO] ThirdParty:1030 - CMSIS Pack Vendor :STMicroelectronics X-CUBE-AZRTOS-H7RS 1.0.0
2025-04-28 16:20:23,618 [INFO] ThirdParty:1030 - CMSIS Pack Vendor :STMicroelectronics FP-ATR-ASTRA1 2.0.0
2025-04-28 16:20:23,618 [INFO] ThirdParty:1030 - CMSIS Pack Vendor :STMicroelectronics X-CUBE-AI 9.1.0
2025-04-28 16:20:23,618 [INFO] ThirdParty:1030 - CMSIS Pack Vendor :STMicroelectronics X-CUBE-TOF1 3.4.0
2025-04-28 16:20:23,618 [INFO] ThirdParty:1030 - CMSIS Pack Vendor :STMicroelectronics X-CUBE-TOF1 3.4.1
2025-04-28 16:20:23,618 [INFO] ThirdParty:1030 - CMSIS Pack Vendor :STMicroelectronics X-CUBE-AZRTOS-H7 3.2.0
2025-04-28 16:20:23,618 [INFO] ThirdParty:1030 - CMSIS Pack Vendor :wolfSSL I-CUBE-wolfSSH 1.4.17
2025-04-28 16:20:23,618 [INFO] ThirdParty:841 - exiting critical section [change project]
2025-04-28 16:20:23,695 [INFO] PinOutPanel:1499 - setPackage(No Configuration,No Configuration)
2025-04-28 16:20:23,695 [INFO] PinOutPanel:1499 - setPackage(STM32F103C8Tx,LQFP48)
2025-04-28 16:20:23,835 [INFO] UtilMem:75 - Before build in PCC Used Memory: 704546656 Bytes (1073741824)
2025-04-28 16:20:24,036 [INFO] UtilMem:75 - After build in PCC Used Memory: 747011936 Bytes (1073741824)
2025-04-28 16:20:24,052 [INFO] IPUIPlugin:80 - create IPUIPlugin
2025-04-28 16:20:24,052 [INFO] IPUIPlugin:80 - create IPUIPlugin
2025-04-28 16:20:24,052 [INFO] IPUIPlugin:80 - create IPUIPlugin
2025-04-28 16:20:24,052 [INFO] IPUIPlugin:80 - create IPUIPlugin
2025-04-28 16:20:24,052 [INFO] IPUIPlugin:80 - create IPUIPlugin
2025-04-28 16:20:24,052 [INFO] IPUIPlugin:80 - create IPUIPlugin
2025-04-28 16:20:24,053 [INFO] IPUIPlugin:80 - create IPUIPlugin
2025-04-28 16:20:24,053 [INFO] IPUIPlugin:80 - create IPUIPlugin
2025-04-28 16:20:24,053 [INFO] IPUIPlugin:80 - create IPUIPlugin
2025-04-28 16:20:24,053 [INFO] IPUIPlugin:80 - create IPUIPlugin
2025-04-28 16:20:24,053 [INFO] IPUIPlugin:80 - create IPUIPlugin
2025-04-28 16:20:24,053 [INFO] IPUIPlugin:80 - create IPUIPlugin
2025-04-28 16:20:24,053 [INFO] IPUIPlugin:80 - create IPUIPlugin
2025-04-28 16:20:24,053 [INFO] IPUIPlugin:80 - create IPUIPlugin
2025-04-28 16:20:24,054 [INFO] IPUIPlugin:80 - create IPUIPlugin
2025-04-28 16:20:24,054 [INFO] IPUIPlugin:80 - create IPUIPlugin
2025-04-28 16:20:24,054 [INFO] IPUIPlugin:80 - create IPUIPlugin
2025-04-28 16:20:24,054 [INFO] IPUIPlugin:80 - create IPUIPlugin
2025-04-28 16:20:24,054 [INFO] IPUIPlugin:80 - create IPUIPlugin
2025-04-28 16:20:24,055 [INFO] IPUIPlugin:80 - create IPUIPlugin
2025-04-28 16:20:24,055 [INFO] IPUIPlugin:80 - create IPUIPlugin
2025-04-28 16:20:24,055 [INFO] IPUIPlugin:80 - create IPUIPlugin
2025-04-28 16:20:24,055 [INFO] IPUIPlugin:80 - create IPUIPlugin
2025-04-28 16:20:24,055 [INFO] IPUIPlugin:80 - create IPUIPlugin
2025-04-28 16:20:24,056 [INFO] IPUIPlugin:80 - create IPUIPlugin
2025-04-28 16:20:24,056 [INFO] IPUIPlugin:80 - create IPUIPlugin
2025-04-28 16:20:24,056 [INFO] IPUIPlugin:80 - create IPUIPlugin
2025-04-28 16:20:24,078 [INFO] CADModel:165 - CPN selected for project levelSTM32F103C8T6
2025-04-28 16:20:24,078 [INFO] CADModel:114 - Register for checkConnection events
2025-04-28 16:20:24,130 [INFO] OpenFileManager:328 - Restore cursor
2025-04-28 16:20:24,388 [INFO] UtilMem:75 - End SaveConfig() Used Memory: 805370864 Bytes (1073741824)
2025-04-28 16:20:24,456 [INFO] UtilMem:75 - End SaveConfig() Used Memory: 818841440 Bytes (1073741824)
2025-04-28 16:20:24,598 [INFO] BlockDiagram:2759 - set Specific Code input for plugin: NVIC
2025-04-28 16:20:24,598 [INFO] BlockDiagram:2759 - set Specific Code input for plugin: RCC
2025-04-28 16:20:24,599 [INFO] CodeGenerator:799 - code generatio: config db path: D:\ITC\STM32\STM32CubeIDE_1.13.0\STM32CubeIDE\plugins\com.st.stm32cube.common.mx_6.9.0.202307051724\\db\
2025-04-28 16:20:24,721 [INFO] CodeEngine:255 - oldGeneratedFile, D:\AIFARM\STM32_GREENB\stm32f103c8_nethouse\MXTmpFiles\license.tmp_save
2025-04-28 16:20:24,810 [INFO] CodeEngine:279 - Generated code: D:\AIFARM\STM32_GREENB\stm32f103c8_nethouse\MXTmpFiles\license.tmp
2025-04-28 16:20:24,816 [INFO] CodeEngine:255 - oldGeneratedFile, D:\AIFARM\STM32_GREENB\stm32f103c8_nethouse\Core\Src\stm32f1xx_it.c_save
2025-04-28 16:20:24,920 [INFO] CodeEngine:279 - Generated code: D:\AIFARM\STM32_GREENB\stm32f103c8_nethouse\Core\Src\stm32f1xx_it.c
2025-04-28 16:20:24,923 [INFO] CodeEngine:255 - oldGeneratedFile, D:\AIFARM\STM32_GREENB\stm32f103c8_nethouse\Core\Inc\stm32f1xx_it.h_save
2025-04-28 16:20:24,968 [INFO] CodeEngine:279 - Generated code: D:\AIFARM\STM32_GREENB\stm32f103c8_nethouse\Core\Inc\stm32f1xx_it.h
2025-04-28 16:20:25,007 [INFO] CodeEngine:255 - oldGeneratedFile, D:\AIFARM\STM32_GREENB\stm32f103c8_nethouse\Core\Src\stm32f1xx_hal_msp.c_save
2025-04-28 16:20:25,084 [INFO] CodeEngine:279 - Generated code: D:\AIFARM\STM32_GREENB\stm32f103c8_nethouse\Core\Src\stm32f1xx_hal_msp.c
2025-04-28 16:20:25,087 [INFO] CodeEngine:255 - oldGeneratedFile, D:\AIFARM\STM32_GREENB\stm32f103c8_nethouse\MXTmpFiles\system.tmp_save
2025-04-28 16:20:25,129 [INFO] CodeEngine:279 - Generated code: D:\AIFARM\STM32_GREENB\stm32f103c8_nethouse\MXTmpFiles\system.tmp
2025-04-28 16:20:25,134 [INFO] CodeEngine:311 - oldGeneratedFile, D:\AIFARM\STM32_GREENB\stm32f103c8_nethouse\Core\Inc\stm32f1xx_hal_conf.h_save
2025-04-28 16:20:25,222 [INFO] CodeEngine:335 - Generated code: D:\AIFARM\STM32_GREENB\stm32f103c8_nethouse\Core\Inc\stm32f1xx_hal_conf.h
2025-04-28 16:20:25,241 [INFO] CodeEngine:255 - oldGeneratedFile, D:\AIFARM\STM32_GREENB\stm32f103c8_nethouse\Core\Inc\main.h_save
2025-04-28 16:20:25,307 [INFO] CodeEngine:279 - Generated code: D:\AIFARM\STM32_GREENB\stm32f103c8_nethouse\Core\Inc\main.h
2025-04-28 16:20:25,309 [INFO] CodeEngine:255 - oldGeneratedFile, D:\AIFARM\STM32_GREENB\stm32f103c8_nethouse\Core\Src\main.c_save
2025-04-28 16:20:25,372 [INFO] CodeEngine:279 - Generated code: D:\AIFARM\STM32_GREENB\stm32f103c8_nethouse\Core\Src\main.c
2025-04-28 16:20:25,808 [INFO] ProjectBuilder:3064 - Time for Copy HAL[1] : 119mS.
2025-04-28 16:20:25,811 [INFO] ProjectBuilder:4404 - Project Generator version: 4.1.0
2025-04-28 16:20:26,021 [INFO] ConfigFileManager:1457 - The Die is : DIE410
2025-04-28 16:20:26,022 [INFO] ApiDbMcu:507 - Load IP Config File for FATFS
2025-04-28 16:20:26,025 [INFO] ApiDbMcu:507 - Load IP Config File for FREERTOS
2025-04-28 16:20:26,028 [INFO] ApiDbMcu:507 - Load IP Config File for USB_DEVICE
2025-04-28 16:20:27,807 [INFO] ProjectBuilder:4626 - Time for Generating toolchain IDE Files: 1996mS.
2025-04-28 16:20:27,807 [INFO] ProjectBuilder:2935 - Time for Copy CMSIS : 0mS.
2025-04-28 16:20:27,808 [INFO] ProjectBuilder:2935 - Time for Copy CMSIS : 0mS.
2025-04-28 16:20:28,641 [INFO] McuFinderGlobals:76 - Set McuFinderConnectedMode to true
2025-04-28 16:20:28,643 [INFO] ApiDb:448 - Save user favorites file C:\Users\msi1/.stm32cubeide/favorites.mcus.txt: 3 item(s)
2025-04-28 16:20:28,644 [INFO] ApiDb:452 - User favorites MCUs=[STM32F103CBT6, STM32F303VCT6, STM32F407VGT6]
2025-04-28 16:20:38,526 [INFO] NvicIntPanel:101 - NVIC parent = com.st.microxplorer.plugins.ip.nvic.MultiNvicIntPanel[,0,0,0x0,invalid,layout=javax.swing.BoxLayout,alignmentX=0.0,alignmentY=0.0,border=,flags=9,maximumSize=,minimumSize=,preferredSize=]
2025-04-28 16:20:40,589 [INFO] NvicIntPanel:101 - NVIC parent = com.st.microxplorer.plugins.ip.nvic.MultiNvicIntPanel[,0,0,0x0,invalid,layout=javax.swing.BoxLayout,alignmentX=0.0,alignmentY=0.0,border=,flags=9,maximumSize=,minimumSize=,preferredSize=]
2025-04-28 16:20:49,240 [INFO] NvicIntPanel:101 - NVIC parent = com.st.microxplorer.plugins.ip.nvic.MultiNvicIntPanel[,0,0,0x0,invalid,layout=javax.swing.BoxLayout,alignmentX=0.0,alignmentY=0.0,border=,flags=9,maximumSize=,minimumSize=,preferredSize=]
2025-04-28 16:20:52,649 [INFO] UtilMem:75 - End SaveConfig() Used Memory: 672530560 Bytes (1073741824)
2025-04-28 16:20:53,323 [INFO] UtilMem:75 - End SaveConfig() Used Memory: 715678480 Bytes (1073741824)
2025-04-28 16:20:53,528 [INFO] BlockDiagram:2759 - set Specific Code input for plugin: NVIC
2025-04-28 16:20:53,528 [INFO] BlockDiagram:2759 - set Specific Code input for plugin: SYS
2025-04-28 16:20:53,528 [INFO] BlockDiagram:2759 - set Specific Code input for plugin: GPIO
2025-04-28 16:20:53,528 [INFO] BlockDiagram:2759 - set Specific Code input for plugin: RCC
2025-04-28 16:20:53,529 [INFO] CodeGenerator:799 - code generatio: config db path: D:\ITC\STM32\STM32CubeIDE_1.13.0\STM32CubeIDE\plugins\com.st.stm32cube.common.mx_6.9.0.202307051724\\db\
2025-04-28 16:20:53,666 [INFO] CodeEngine:255 - oldGeneratedFile, D:\AIFARM\STM32_GREENB\stm32f103c8_nethouse\MXTmpFiles\license.tmp_save
2025-04-28 16:20:53,771 [INFO] CodeEngine:279 - Generated code: D:\AIFARM\STM32_GREENB\stm32f103c8_nethouse\MXTmpFiles\license.tmp
2025-04-28 16:20:53,793 [INFO] CodeEngine:255 - oldGeneratedFile, D:\AIFARM\STM32_GREENB\stm32f103c8_nethouse\MXTmpFiles\gpio.tmp_save
2025-04-28 16:20:53,953 [INFO] CodeEngine:279 - Generated code: D:\AIFARM\STM32_GREENB\stm32f103c8_nethouse\MXTmpFiles\gpio.tmp
2025-04-28 16:20:53,983 [INFO] CodeEngine:255 - oldGeneratedFile, D:\AIFARM\STM32_GREENB\stm32f103c8_nethouse\Core\Src\stm32f1xx_it.c_save
2025-04-28 16:20:54,124 [INFO] CodeEngine:279 - Generated code: D:\AIFARM\STM32_GREENB\stm32f103c8_nethouse\Core\Src\stm32f1xx_it.c
2025-04-28 16:20:54,128 [INFO] CodeEngine:255 - oldGeneratedFile, D:\AIFARM\STM32_GREENB\stm32f103c8_nethouse\Core\Inc\stm32f1xx_it.h_save
2025-04-28 16:20:54,188 [INFO] CodeEngine:279 - Generated code: D:\AIFARM\STM32_GREENB\stm32f103c8_nethouse\Core\Inc\stm32f1xx_it.h
2025-04-28 16:20:54,204 [INFO] CodeEngine:255 - oldGeneratedFile, D:\AIFARM\STM32_GREENB\stm32f103c8_nethouse\Core\Src\stm32f1xx_hal_msp.c_save
2025-04-28 16:20:54,276 [INFO] CodeEngine:279 - Generated code: D:\AIFARM\STM32_GREENB\stm32f103c8_nethouse\Core\Src\stm32f1xx_hal_msp.c
2025-04-28 16:20:54,279 [INFO] CodeEngine:255 - oldGeneratedFile, D:\AIFARM\STM32_GREENB\stm32f103c8_nethouse\MXTmpFiles\system.tmp_save
2025-04-28 16:20:54,319 [INFO] CodeEngine:279 - Generated code: D:\AIFARM\STM32_GREENB\stm32f103c8_nethouse\MXTmpFiles\system.tmp
2025-04-28 16:20:54,332 [INFO] CodeEngine:311 - oldGeneratedFile, D:\AIFARM\STM32_GREENB\stm32f103c8_nethouse\Core\Inc\stm32f1xx_hal_conf.h_save
2025-04-28 16:20:54,409 [INFO] CodeEngine:335 - Generated code: D:\AIFARM\STM32_GREENB\stm32f103c8_nethouse\Core\Inc\stm32f1xx_hal_conf.h
2025-04-28 16:20:54,444 [INFO] CodeEngine:255 - oldGeneratedFile, D:\AIFARM\STM32_GREENB\stm32f103c8_nethouse\Core\Inc\main.h_save
2025-04-28 16:20:54,507 [INFO] CodeEngine:279 - Generated code: D:\AIFARM\STM32_GREENB\stm32f103c8_nethouse\Core\Inc\main.h
2025-04-28 16:20:54,518 [INFO] CodeEngine:255 - oldGeneratedFile, D:\AIFARM\STM32_GREENB\stm32f103c8_nethouse\Core\Src\main.c_save
2025-04-28 16:20:54,600 [INFO] CodeEngine:279 - Generated code: D:\AIFARM\STM32_GREENB\stm32f103c8_nethouse\Core\Src\main.c
2025-04-28 16:20:54,999 [INFO] ProjectBuilder:3064 - Time for Copy HAL[1] : 134mS.
2025-04-28 16:20:55,002 [INFO] ProjectBuilder:4404 - Project Generator version: 4.1.0
2025-04-28 16:20:55,243 [INFO] ConfigFileManager:1457 - The Die is : DIE410
2025-04-28 16:20:56,258 [INFO] ProjectBuilder:4626 - Time for Generating toolchain IDE Files: 1257mS.
2025-04-28 16:20:56,259 [INFO] ProjectBuilder:2935 - Time for Copy CMSIS : 1mS.
2025-04-28 16:20:56,260 [INFO] ProjectBuilder:2935 - Time for Copy CMSIS : 0mS.
2025-04-28 16:22:59,867 [INFO] MainUpdater:2868 - connection check result : 10
2025-04-28 16:22:59,867 [INFO] MainUpdater:2868 - connection check result : 10
2025-04-28 16:22:59,927 [INFO] MicroXplorer:468 - Change Database Path : 
2025-04-28 16:22:59,927 [INFO] MicroXplorer:498 - Change Database Version : DB.6.0.90
2025-04-28 16:22:59,947 [WARN] ThirdParty:871 - waiting for thirdparty lock release [close project]
2025-04-28 16:22:59,947 [INFO] ThirdParty:873 - entering critical section [close project]
2025-04-28 16:22:59,947 [INFO] ThirdParty:883 - exiting critical section [close project]
2025-04-28 16:22:59,949 [INFO] PinOutPanel:1499 - setPackage(No Configuration,No Configuration)
2025-04-28 16:22:59,950 [INFO] UtilMem:75 - Begin LoadConfig() Used Memory: 822337080 Bytes (1073741824)
2025-04-28 16:22:59,952 [INFO] MicroXplorer:468 - Change Database Path : 
2025-04-28 16:22:59,952 [INFO] MicroXplorer:498 - Change Database Version : DB.6.0.90
2025-04-28 16:22:59,952 [INFO] OpenFileManager:308 - Change cursor
2025-04-28 16:22:59,962 [INFO] RulesReader:64 - Compatibility file has been processed (293 Rules)
2025-04-28 16:22:59,964 [INFO] Mcu:1946 - Initializing MCU STM32F103C(8-B)Tx STM32F103CBTx STM32F103CBT6
2025-04-28 16:23:00,343 [INFO] Context:659 - Trying to add GPIOservice into a context  which must be forbidden
2025-04-28 16:23:00,498 [INFO] RtosManager:555 - Registered RTOS mode: class=CMSIS, group=RTOS, mode=CMSIS_V1, owner=FREERTOS
2025-04-28 16:23:00,498 [INFO] RtosManager:555 - Registered RTOS mode: class=CMSIS, group=RTOS2, mode=CMSIS_V2, owner=FREERTOS
2025-04-28 16:23:00,498 [INFO] RtosManager:555 - Registered RTOS mode: class=RTOS, group=Core, mode=CMSIS_V1, owner=FREERTOS
2025-04-28 16:23:00,498 [INFO] RtosManager:555 - Registered RTOS mode: class=RTOS, group=Core, mode=CMSIS_V2, owner=FREERTOS
2025-04-28 16:23:00,498 [WARN] ModelIntegratedComponent:184 - Missing modes for component STMicroelectronics:FreeRTOS:0.0.1:STMicroelectronics:RTOS:FreeRTOS:Core:::10.2.0:
2025-04-28 16:23:00,500 [WARN] ModelIntegratedComponent:63 - No mode defined for component null
2025-04-28 16:23:00,500 [WARN] ModelIntegratedComponent:63 - No mode defined for component null
2025-04-28 16:23:00,500 [WARN] ModelIntegratedComponent:63 - No mode defined for component null
2025-04-28 16:23:00,500 [WARN] ModelIntegratedComponent:63 - No mode defined for component null
2025-04-28 16:23:00,500 [WARN] ModelIntegratedComponent:63 - No mode defined for component null
2025-04-28 16:23:00,500 [WARN] ModelIntegratedComponent:63 - No mode defined for component null
2025-04-28 16:23:00,500 [WARN] ModelIntegratedComponent:63 - No mode defined for component null
2025-04-28 16:23:00,500 [WARN] ModelIntegratedComponent:63 - No mode defined for component null
2025-04-28 16:23:00,500 [WARN] ModelIntegratedComponent:63 - No mode defined for component null
2025-04-28 16:23:00,500 [WARN] ModelIntegratedComponent:63 - No mode defined for component null
2025-04-28 16:23:00,500 [WARN] ModelIntegratedComponent:63 - No mode defined for component null
2025-04-28 16:23:00,500 [WARN] ModelIntegratedComponent:63 - No mode defined for component null
2025-04-28 16:23:00,500 [WARN] ModelIntegratedComponent:63 - No mode defined for component null
2025-04-28 16:23:00,500 [WARN] ModelIntegratedComponent:63 - No mode defined for component null
2025-04-28 16:23:00,500 [WARN] ModelIntegratedComponent:63 - No mode defined for component null
2025-04-28 16:23:00,500 [WARN] ModelIntegratedComponent:63 - No mode defined for component null
2025-04-28 16:23:00,500 [WARN] ModelIntegratedComponent:63 - No mode defined for component null
2025-04-28 16:23:00,500 [WARN] ModelIntegratedComponent:63 - No mode defined for component null
2025-04-28 16:23:00,500 [WARN] ModelIntegratedComponent:63 - No mode defined for component null
2025-04-28 16:23:00,500 [WARN] ModelIntegratedComponent:63 - No mode defined for component null
2025-04-28 16:23:00,500 [WARN] ModelIntegratedComponent:63 - No mode defined for component null
2025-04-28 16:23:00,500 [WARN] ModelIntegratedComponent:63 - No mode defined for component null
2025-04-28 16:23:00,500 [WARN] ModelIntegratedComponent:63 - No mode defined for component null
2025-04-28 16:23:00,500 [WARN] ModelIntegratedComponent:63 - No mode defined for component null
2025-04-28 16:23:00,500 [WARN] ModelIntegratedComponent:63 - No mode defined for component null
2025-04-28 16:23:00,500 [WARN] ModelIntegratedComponent:63 - No mode defined for component null
2025-04-28 16:23:00,500 [WARN] ModelIntegratedComponent:63 - No mode defined for component null
2025-04-28 16:23:00,500 [WARN] ModelIntegratedComponent:63 - No mode defined for component null
2025-04-28 16:23:00,500 [WARN] ModelIntegratedComponent:63 - No mode defined for component null
2025-04-28 16:23:00,500 [WARN] ModelIntegratedComponent:63 - No mode defined for component null
2025-04-28 16:23:00,500 [WARN] ModelIntegratedComponent:63 - No mode defined for component null
2025-04-28 16:23:00,500 [WARN] ModelIntegratedComponent:63 - No mode defined for component null
2025-04-28 16:23:00,500 [WARN] ModelIntegratedComponent:63 - No mode defined for component null
2025-04-28 16:23:00,764 [INFO] ThirdPartyModel:298 - Start build external matchings
2025-04-28 16:23:03,235 [INFO] ThirdPartyModel:316 - End build external matchings
2025-04-28 16:23:03,291 [INFO] ImportTextPane:194 - (OptionalMessage_ERROR) IP (RCC) : Invalid parameter (FamilyName)
2025-04-28 16:23:03,441 [INFO] UtilMem:75 - End LoadConfig() Used Memory: 780310872 Bytes (1073741824)
2025-04-28 16:23:03,470 [WARN] ThirdParty:833 - waiting for thirdparty lock release [change project]
2025-04-28 16:23:03,470 [INFO] ThirdParty:835 - entering critical section [change project]
2025-04-28 16:23:03,470 [INFO] ThirdParty:1030 - CMSIS Pack Vendor :STMicroelectronics USBPD 4.1
2025-04-28 16:23:03,470 [INFO] ThirdParty:1030 - CMSIS Pack Vendor :STMicroelectronics X-CUBE-GNSS1 6.0.0
2025-04-28 16:23:03,470 [INFO] ThirdParty:1030 - CMSIS Pack Vendor :STMicroelectronics USB_HOST 2.0.0
2025-04-28 16:23:03,470 [INFO] ThirdParty:1030 - CMSIS Pack Vendor :STMicroelectronics FP-SNS-MOTENVWB1 1.4.0
2025-04-28 16:23:03,470 [INFO] ThirdParty:1030 - CMSIS Pack Vendor :STMicroelectronics X-CUBE-AZRTOS-F4 1.1.0
2025-04-28 16:23:03,470 [INFO] ThirdParty:1030 - CMSIS Pack Vendor :STMicroelectronics LIBJPEG 8.0.0
2025-04-28 16:23:03,470 [INFO] ThirdParty:1030 - CMSIS Pack Vendor :STMicroelectronics FP-ATR-ASTRA1 2.0.2
2025-04-28 16:23:03,470 [INFO] ThirdParty:1030 - CMSIS Pack Vendor :STMicroelectronics FP-ATR-ASTRA1 2.0.1
2025-04-28 16:23:03,470 [INFO] ThirdParty:1030 - CMSIS Pack Vendor :STMicroelectronics X-CUBE-SMBUS 2.1.0
2025-04-28 16:23:03,470 [INFO] ThirdParty:1030 - CMSIS Pack Vendor :STMicroelectronics X-CUBE-WB05N 1.1.0
2025-04-28 16:23:03,470 [INFO] ThirdParty:1030 - CMSIS Pack Vendor :wolfSSL I-CUBE-wolfSSL 5.6.0
2025-04-28 16:23:03,470 [INFO] ThirdParty:1030 - CMSIS Pack Vendor :STMicroelectronics X-CUBE-ISPU 2.1.0
2025-04-28 16:23:03,470 [INFO] ThirdParty:1030 - CMSIS Pack Vendor :STMicroelectronics X-CUBE-FREERTOS 1.2.0
2025-04-28 16:23:03,470 [INFO] ThirdParty:1030 - CMSIS Pack Vendor :STMicroelectronics X-CUBE-TOUCHGFX 4.23.0
2025-04-28 16:23:03,470 [INFO] ThirdParty:1030 - CMSIS Pack Vendor :STMicroelectronics X-CUBE-TOUCHGFX 4.23.2
2025-04-28 16:23:03,470 [INFO] ThirdParty:1030 - CMSIS Pack Vendor :STMicroelectronics X-CUBE-AZRTOS-F7 1.1.0
2025-04-28 16:23:03,470 [INFO] ThirdParty:1030 - CMSIS Pack Vendor :STMicroelectronics X-CUBE-AZRTOS-L5 2.0.0
2025-04-28 16:23:03,470 [INFO] ThirdParty:1030 - CMSIS Pack Vendor :STMicroelectronics USB_DEVICE 2.0.0
2025-04-28 16:23:03,470 [INFO] ThirdParty:1030 - CMSIS Pack Vendor :STMicroelectronics X-CUBE-MEMS1 9.6.0
2025-04-28 16:23:03,470 [INFO] ThirdParty:1030 - CMSIS Pack Vendor :STMicroelectronics X-CUBE-EEPRMA1 4.2.0
2025-04-28 16:23:03,470 [INFO] ThirdParty:1030 - CMSIS Pack Vendor :STMicroelectronics X-CUBE-NFC6 3.1.0
2025-04-28 16:23:03,470 [INFO] ThirdParty:1030 - CMSIS Pack Vendor :ITTIA_DB I-CUBE-ITTIADB 8.8.0
2025-04-28 16:23:03,470 [INFO] ThirdParty:1030 - CMSIS Pack Vendor :STMicroelectronics FP-SNS-MOTENV1 4.3.0
2025-04-28 16:23:03,470 [INFO] ThirdParty:1030 - CMSIS Pack Vendor :STMicroelectronics FP-SNS-MOTENV1 4.3.2
2025-04-28 16:23:03,470 [INFO] ThirdParty:1030 - CMSIS Pack Vendor :STMicroelectronics FP-SNS-FLIGHT1 5.0.0
2025-04-28 16:23:03,470 [INFO] ThirdParty:1030 - CMSIS Pack Vendor :STMicroelectronics X-CUBE-BLE1 6.2.4
2025-04-28 16:23:03,470 [INFO] ThirdParty:1030 - CMSIS Pack Vendor :STMicroelectronics FreeRTOS 0.0.1
2025-04-28 16:23:03,470 [INFO] ThirdParty:1030 - CMSIS Pack Vendor :emotas I-CUBE-CANOPEN 1.1.3
2025-04-28 16:23:03,470 [INFO] ThirdParty:1030 - CMSIS Pack Vendor :STMicroelectronics X-CUBE-BLEMGR 2.0.0
2025-04-28 16:23:03,470 [INFO] ThirdParty:1030 - CMSIS Pack Vendor :STMicroelectronics FP-SNS-FLIGHT1 5.0.2
2025-04-28 16:23:03,470 [INFO] ThirdParty:1030 - CMSIS Pack Vendor :STMicroelectronics X-CUBE-AI 9.0.0
2025-04-28 16:23:03,470 [INFO] ThirdParty:1030 - CMSIS Pack Vendor :STMicroelectronics X-CUBE-AZRTOS-H7 3.1.0
2025-04-28 16:23:03,470 [INFO] ThirdParty:1030 - CMSIS Pack Vendor :STMicroelectronics PDM2PCM 3.3.0
2025-04-28 16:23:03,470 [INFO] ThirdParty:1030 - CMSIS Pack Vendor :STMicroelectronics X-CUBE-DISPLAY 3.0.0
2025-04-28 16:23:03,471 [INFO] ThirdParty:1030 - CMSIS Pack Vendor :STMicroelectronics X-CUBE-BLE1 7.0.0
2025-04-28 16:23:03,471 [INFO] ThirdParty:1030 - CMSIS Pack Vendor :STMicroelectronics X-CUBE-NFC10 1.0.0
2025-04-28 16:23:03,471 [INFO] ThirdParty:1030 - CMSIS Pack Vendor :STMicroelectronics HAL Drivers 0.0.0
2025-04-28 16:23:03,471 [INFO] ThirdParty:1030 - CMSIS Pack Vendor :emotas I-CUBE-CANOPEN 1.3.0
2025-04-28 16:23:03,471 [INFO] ThirdParty:1030 - CMSIS Pack Vendor :STMicroelectronics X-CUBE-FREERTOS 1.3.0
2025-04-28 16:23:03,471 [INFO] ThirdParty:1030 - CMSIS Pack Vendor :STMicroelectronics X-CUBE-TOUCHGFX 4.22.0
2025-04-28 16:23:03,471 [INFO] ThirdParty:1030 - CMSIS Pack Vendor :STMicroelectronics X-CUBE-NFC7 1.0.1
2025-04-28 16:23:03,471 [INFO] ThirdParty:1030 - CMSIS Pack Vendor :STMicroelectronics MBEDTLS 2.14.1
2025-04-28 16:23:03,471 [INFO] ThirdParty:1030 - CMSIS Pack Vendor :STMicroelectronics X-CUBE-NFC7 1.0.0
2025-04-28 16:23:03,471 [INFO] ThirdParty:1030 - CMSIS Pack Vendor :STMicroelectronics X-CUBE-TOUCHGFX 4.22.1
2025-04-28 16:23:03,471 [INFO] ThirdParty:1030 - CMSIS Pack Vendor :wolfSSL I-CUBE-wolfTPM 3.2.0
2025-04-28 16:23:03,471 [INFO] ThirdParty:1030 - CMSIS Pack Vendor :STMicroelectronics X-CUBE-NFC6 3.0.0
2025-04-28 16:23:03,471 [INFO] ThirdParty:1030 - CMSIS Pack Vendor :STMicroelectronics X-CUBE-EEPRMA1 4.1.0
2025-04-28 16:23:03,471 [INFO] ThirdParty:1030 - CMSIS Pack Vendor :STMicroelectronics X-CUBE-BLEMGR 3.1.0
2025-04-28 16:23:03,471 [INFO] ThirdParty:1030 - CMSIS Pack Vendor :STMicroelectronics X-CUBE-AI 10.0.0
2025-04-28 16:23:03,471 [INFO] ThirdParty:1030 - CMSIS Pack Vendor :STMicroelectronics FP-SNS-SMARTAG2 1.2.0
2025-04-28 16:23:03,471 [INFO] ThirdParty:1030 - CMSIS Pack Vendor :STMicroelectronics X-CUBE-MEMS1 11.1.0
2025-04-28 16:23:03,471 [INFO] ThirdParty:1030 - CMSIS Pack Vendor :STMicroelectronics X-CUBE-AZRTOS-WL 2.0.0
2025-04-28 16:23:03,471 [INFO] ThirdParty:1030 - CMSIS Pack Vendor :STMicroelectronics FP-SNS-MOTENV1 5.0.0
2025-04-28 16:23:03,471 [INFO] ThirdParty:1030 - CMSIS Pack Vendor :STMicroelectronics USB_DEVICE 1.0.0
2025-04-28 16:23:03,471 [INFO] ThirdParty:1030 - CMSIS Pack Vendor :STMicroelectronics X-CUBE-AI 8.1.0
2025-04-28 16:23:03,471 [INFO] ThirdParty:1030 - CMSIS Pack Vendor :wolfSSL I-CUBE-wolfMQTT 1.19.0
2025-04-28 16:23:03,471 [INFO] ThirdParty:1030 - CMSIS Pack Vendor :STMicroelectronics X-CUBE-AZRTOS-L4 2.0.0
2025-04-28 16:23:03,471 [INFO] ThirdParty:1030 - CMSIS Pack Vendor :STMicroelectronics ThreadX 0.0.2
2025-04-28 16:23:03,471 [INFO] ThirdParty:1030 - CMSIS Pack Vendor :WES I-CUBE-Cesium 1.3.0
2025-04-28 16:23:03,471 [INFO] ThirdParty:1030 - CMSIS Pack Vendor :STMicroelectronics lwIP 2.1.2
2025-04-28 16:23:03,471 [INFO] ThirdParty:1030 - CMSIS Pack Vendor :STMicroelectronics X-CUBE-SFXS2LP1 4.0.0
2025-04-28 16:23:03,471 [INFO] ThirdParty:1030 - CMSIS Pack Vendor :STMicroelectronics X-CUBE-BLE2 3.3.0
2025-04-28 16:23:03,471 [INFO] ThirdParty:1030 - CMSIS Pack Vendor :STMicroelectronics PDM2PCM 3.2.0
2025-04-28 16:23:03,471 [INFO] ThirdParty:1030 - CMSIS Pack Vendor :STMicroelectronics X-CUBE-ISPU 1.1.0
2025-04-28 16:23:03,471 [INFO] ThirdParty:1030 - CMSIS Pack Vendor :STMicroelectronics X-CUBE-AZRTOS-H7 3.3.0
2025-04-28 16:23:03,471 [INFO] ThirdParty:1030 - CMSIS Pack Vendor :STMicroelectronics X-CUBE-NFC9 1.0.0
2025-04-28 16:23:03,471 [INFO] ThirdParty:1030 - CMSIS Pack Vendor :STMicroelectronics X-CUBE-BLE1 7.1.0
2025-04-28 16:23:03,471 [INFO] ThirdParty:1030 - CMSIS Pack Vendor :STMicroelectronics USB_DEVICE 3.0.0
2025-04-28 16:23:03,471 [INFO] ThirdParty:1030 - CMSIS Pack Vendor :STMicroelectronics X-CUBE-TCPP 4.1.0
2025-04-28 16:23:03,471 [INFO] ThirdParty:1030 - CMSIS Pack Vendor :STMicroelectronics X-CUBE-AZRTOS-WB 2.0.0
2025-04-28 16:23:03,471 [INFO] ThirdParty:1030 - CMSIS Pack Vendor :STMicroelectronics X-CUBE-FREERTOS 1.0.1
2025-04-28 16:23:03,471 [INFO] ThirdParty:1030 - CMSIS Pack Vendor :STMicroelectronics X-CUBE-GNSS1 7.0.1
2025-04-28 16:23:03,471 [INFO] ThirdParty:1030 - CMSIS Pack Vendor :STMicroelectronics X-CUBE-TOUCHGFX 4.21.4
2025-04-28 16:23:03,471 [INFO] ThirdParty:1030 - CMSIS Pack Vendor :STMicroelectronics X-CUBE-TOUCHGFX 4.25.0
2025-04-28 16:23:03,471 [INFO] ThirdParty:1030 - CMSIS Pack Vendor :STMicroelectronics X-CUBE-ALGOBUILD 1.3.0
2025-04-28 16:23:03,471 [INFO] ThirdParty:1030 - CMSIS Pack Vendor :STMicroelectronics X-CUBE-AZRTOS-L5 1.1.0
2025-04-28 16:23:03,471 [INFO] ThirdParty:1030 - CMSIS Pack Vendor :STMicroelectronics X-CUBE-MEMS1 11.2.0
2025-04-28 16:23:03,471 [INFO] ThirdParty:1030 - CMSIS Pack Vendor :STMicroelectronics X-CUBE-AZRTOS-G0 1.1.0
2025-04-28 16:23:03,471 [INFO] ThirdParty:1030 - CMSIS Pack Vendor :STMicroelectronics X-CUBE-AI 8.0.1
2025-04-28 16:23:03,471 [INFO] ThirdParty:1030 - CMSIS Pack Vendor :STMicroelectronics X-CUBE-SAFEA1 1.2.2
2025-04-28 16:23:03,471 [INFO] ThirdParty:1030 - CMSIS Pack Vendor :STMicroelectronics X-CUBE-NFC4 3.0.0
2025-04-28 16:23:03,471 [INFO] ThirdParty:1030 - CMSIS Pack Vendor :STMicroelectronics X-CUBE-SUBG2 5.0.0
2025-04-28 16:23:03,471 [INFO] ThirdParty:1030 - CMSIS Pack Vendor :STMicroelectronics X-CUBE-AZRTOS-H7RS 1.1.0
2025-04-28 16:23:03,471 [INFO] ThirdParty:1030 - CMSIS Pack Vendor :STMicroelectronics STM32_WPAN 1.0.0
2025-04-28 16:23:03,471 [INFO] ThirdParty:1030 - CMSIS Pack Vendor :wolfSSL I-CUBE-wolfMQTT 1.18.0
2025-04-28 16:23:03,471 [INFO] ThirdParty:1030 - CMSIS Pack Vendor :STMicroelectronics lwIP 2.0.3
2025-04-28 16:23:03,471 [INFO] ThirdParty:1030 - CMSIS Pack Vendor :Cesanta I-CUBE-Mongoose 7.13.0
2025-04-28 16:23:03,471 [INFO] ThirdParty:1030 - CMSIS Pack Vendor :STMicroelectronics USB_HOST 1.0.0
2025-04-28 16:23:03,471 [INFO] ThirdParty:1030 - CMSIS Pack Vendor :STMicroelectronics X-CUBE-TOF1 3.3.1
2025-04-28 16:23:03,472 [INFO] ThirdParty:1030 - CMSIS Pack Vendor :STMicroelectronics X-CUBE-AZRTOS-G4 2.0.0
2025-04-28 16:23:03,472 [INFO] ThirdParty:1030 - CMSIS Pack Vendor :STMicroelectronics X-CUBE-WB05N 2.0.0
2025-04-28 16:23:03,472 [INFO] ThirdParty:1030 - CMSIS Pack Vendor :STMicroelectronics PDM2PCM 3.1.0
2025-04-28 16:23:03,472 [INFO] ThirdParty:1030 - CMSIS Pack Vendor :STMicroelectronics X-CUBE-TOF1 3.3.0
2025-04-28 16:23:03,472 [INFO] ThirdParty:1030 - CMSIS Pack Vendor :Infineon AIROC-Wi-Fi-Bluetooth-STM32 1.5.1
2025-04-28 16:23:03,472 [INFO] ThirdParty:1030 - CMSIS Pack Vendor :STMicroelectronics X-CUBE-BLEMGR 3.0.0
2025-04-28 16:23:03,472 [INFO] ThirdParty:1030 - CMSIS Pack Vendor :STMicroelectronics FP-SNS-MOTENVWB1 1.3.0
2025-04-28 16:23:03,472 [INFO] ThirdParty:1030 - CMSIS Pack Vendor :STMicroelectronics FP-SNS-MOTENVWB1 1.3.1
2025-04-28 16:23:03,472 [INFO] ThirdParty:1030 - CMSIS Pack Vendor :STMicroelectronics FP-ATR-SIGFOX1 3.2.0
2025-04-28 16:23:03,472 [INFO] ThirdParty:1030 - CMSIS Pack Vendor :STMicroelectronics X-CUBE-AZRTOS-L4 1.0.0
2025-04-28 16:23:03,472 [INFO] ThirdParty:1030 - CMSIS Pack Vendor :STMicroelectronics X-CUBE-ISPU 2.0.0
2025-04-28 16:23:03,472 [INFO] ThirdParty:1030 - CMSIS Pack Vendor :STMicroelectronics X-CUBE-EEPRMA1 5.1.0
2025-04-28 16:23:03,472 [INFO] ThirdParty:1030 - CMSIS Pack Vendor :STMicroelectronics MBEDTLS 2.16.2
2025-04-28 16:23:03,472 [INFO] ThirdParty:1030 - CMSIS Pack Vendor :STMicroelectronics X-CUBE-ALS 1.0.2
2025-04-28 16:23:03,472 [INFO] ThirdParty:1030 - CMSIS Pack Vendor :STMicroelectronics X-CUBE-MEMS1 10.0.0
2025-04-28 16:23:03,472 [INFO] ThirdParty:1030 - CMSIS Pack Vendor :STMicroelectronics X-CUBE-FREERTOS 1.1.0
2025-04-28 16:23:03,472 [INFO] ThirdParty:1030 - CMSIS Pack Vendor :wolfSSL I-CUBE-wolfSSL 5.7.6
2025-04-28 16:23:03,472 [INFO] ThirdParty:1030 - CMSIS Pack Vendor :STMicroelectronics X-CUBE-TOUCHGFX 4.24.0
2025-04-28 16:23:03,472 [INFO] ThirdParty:1030 - CMSIS Pack Vendor :ITTIA_DB I-CUBE-ITTIADB 8.9.0
2025-04-28 16:23:03,472 [INFO] ThirdParty:1030 - CMSIS Pack Vendor :STMicroelectronics X-CUBE-TOUCHGFX 4.24.2
2025-04-28 16:23:03,472 [INFO] ThirdParty:1030 - CMSIS Pack Vendor :STMicroelectronics X-CUBE-AZRTOS-WL 1.0.0
2025-04-28 16:23:03,472 [INFO] ThirdParty:1030 - CMSIS Pack Vendor :STMicroelectronics X-CUBE-TOUCHGFX 4.24.1
2025-04-28 16:23:03,472 [INFO] ThirdParty:1030 - CMSIS Pack Vendor :wolfSSL I-CUBE-wolfTPM 3.4.0
2025-04-28 16:23:03,472 [INFO] ThirdParty:1030 - CMSIS Pack Vendor :portGmbH I-Cube-SoM-uGOAL 1.1.0
2025-04-28 16:23:03,472 [INFO] ThirdParty:1030 - CMSIS Pack Vendor :STMicroelectronics X-CUBE-ALS 1.0.1
2025-04-28 16:23:03,472 [INFO] ThirdParty:1030 - CMSIS Pack Vendor :STMicroelectronics ThreadX 1.0.0
2025-04-28 16:23:03,472 [INFO] ThirdParty:1030 - CMSIS Pack Vendor :STMicroelectronics X-CUBE-AZRTOS-WB 1.1.0
2025-04-28 16:23:03,472 [INFO] ThirdParty:1030 - CMSIS Pack Vendor :SEGGER I-CUBE-embOS 1.3.1
2025-04-28 16:23:03,472 [INFO] ThirdParty:1030 - CMSIS Pack Vendor :STMicroelectronics X-CUBE-ALGOBUILD 1.4.0
2025-04-28 16:23:03,472 [INFO] ThirdParty:1030 - CMSIS Pack Vendor :STMicroelectronics X-CUBE-AZRTOS-H7RS 1.0.0
2025-04-28 16:23:03,472 [INFO] ThirdParty:1030 - CMSIS Pack Vendor :STMicroelectronics FP-ATR-ASTRA1 2.0.0
2025-04-28 16:23:03,472 [INFO] ThirdParty:1030 - CMSIS Pack Vendor :STMicroelectronics X-CUBE-AI 9.1.0
2025-04-28 16:23:03,472 [INFO] ThirdParty:1030 - CMSIS Pack Vendor :STMicroelectronics X-CUBE-TOF1 3.4.0
2025-04-28 16:23:03,472 [INFO] ThirdParty:1030 - CMSIS Pack Vendor :STMicroelectronics X-CUBE-TOF1 3.4.1
2025-04-28 16:23:03,472 [INFO] ThirdParty:1030 - CMSIS Pack Vendor :STMicroelectronics X-CUBE-AZRTOS-H7 3.2.0
2025-04-28 16:23:03,472 [INFO] ThirdParty:1030 - CMSIS Pack Vendor :wolfSSL I-CUBE-wolfSSH 1.4.17
2025-04-28 16:23:03,472 [INFO] ThirdParty:841 - exiting critical section [change project]
2025-04-28 16:23:03,542 [INFO] PinOutPanel:1499 - setPackage(No Configuration,No Configuration)
2025-04-28 16:23:03,542 [INFO] PinOutPanel:1499 - setPackage(STM32F103CBTx,LQFP48)
2025-04-28 16:23:03,654 [INFO] UtilMem:75 - Before build in PCC Used Memory: 862955816 Bytes (1073741824)
2025-04-28 16:23:03,811 [INFO] UtilMem:75 - After build in PCC Used Memory: 904898856 Bytes (1073741824)
2025-04-28 16:23:03,824 [INFO] IPUIPlugin:80 - create IPUIPlugin
2025-04-28 16:23:03,824 [INFO] IPUIPlugin:80 - create IPUIPlugin
2025-04-28 16:23:03,824 [INFO] IPUIPlugin:80 - create IPUIPlugin
2025-04-28 16:23:03,824 [INFO] IPUIPlugin:80 - create IPUIPlugin
2025-04-28 16:23:03,824 [INFO] IPUIPlugin:80 - create IPUIPlugin
2025-04-28 16:23:03,824 [INFO] IPUIPlugin:80 - create IPUIPlugin
2025-04-28 16:23:03,824 [INFO] IPUIPlugin:80 - create IPUIPlugin
2025-04-28 16:23:03,825 [INFO] IPUIPlugin:80 - create IPUIPlugin
2025-04-28 16:23:03,825 [INFO] IPUIPlugin:80 - create IPUIPlugin
2025-04-28 16:23:03,825 [INFO] IPUIPlugin:80 - create IPUIPlugin
2025-04-28 16:23:03,825 [INFO] IPUIPlugin:80 - create IPUIPlugin
2025-04-28 16:23:03,825 [INFO] IPUIPlugin:80 - create IPUIPlugin
2025-04-28 16:23:03,825 [INFO] IPUIPlugin:80 - create IPUIPlugin
2025-04-28 16:23:03,825 [INFO] IPUIPlugin:80 - create IPUIPlugin
2025-04-28 16:23:03,825 [INFO] IPUIPlugin:80 - create IPUIPlugin
2025-04-28 16:23:03,825 [INFO] IPUIPlugin:80 - create IPUIPlugin
2025-04-28 16:23:03,825 [INFO] IPUIPlugin:80 - create IPUIPlugin
2025-04-28 16:23:03,826 [INFO] IPUIPlugin:80 - create IPUIPlugin
2025-04-28 16:23:03,826 [INFO] IPUIPlugin:80 - create IPUIPlugin
2025-04-28 16:23:03,826 [INFO] IPUIPlugin:80 - create IPUIPlugin
2025-04-28 16:23:03,826 [INFO] IPUIPlugin:80 - create IPUIPlugin
2025-04-28 16:23:03,826 [INFO] IPUIPlugin:80 - create IPUIPlugin
2025-04-28 16:23:03,826 [INFO] IPUIPlugin:80 - create IPUIPlugin
2025-04-28 16:23:03,826 [INFO] IPUIPlugin:80 - create IPUIPlugin
2025-04-28 16:23:03,827 [INFO] IPUIPlugin:80 - create IPUIPlugin
2025-04-28 16:23:03,827 [INFO] IPUIPlugin:80 - create IPUIPlugin
2025-04-28 16:23:03,827 [INFO] IPUIPlugin:80 - create IPUIPlugin
2025-04-28 16:23:03,846 [INFO] CADModel:165 - CPN selected for project levelSTM32F103CBT6
2025-04-28 16:23:03,846 [INFO] CADModel:114 - Register for checkConnection events
2025-04-28 16:23:03,898 [INFO] OpenFileManager:328 - Restore cursor
2025-04-28 16:23:12,709 [INFO] UtilMem:75 - End SaveConfig() Used Memory: 882435408 Bytes (1073741824)
2025-04-28 16:23:12,905 [INFO] BlockDiagram:2759 - set Specific Code input for plugin: NVIC
2025-04-28 16:23:12,906 [INFO] BlockDiagram:2759 - set Specific Code input for plugin: SYS
2025-04-28 16:23:12,906 [INFO] BlockDiagram:2759 - set Specific Code input for plugin: GPIO
2025-04-28 16:23:12,906 [INFO] BlockDiagram:2759 - set Specific Code input for plugin: RCC
2025-04-28 16:23:12,907 [INFO] CodeGenerator:799 - code generatio: config db path: D:\ITC\STM32\STM32CubeIDE_1.13.0\STM32CubeIDE\plugins\com.st.stm32cube.common.mx_6.9.0.202307051724\\db\
2025-04-28 16:23:13,044 [INFO] CodeEngine:255 - oldGeneratedFile, D:\AIFARM\STM32_GREENB\stm32f103_nethouse\MXTmpFiles\license.tmp_save
2025-04-28 16:23:13,123 [INFO] CodeEngine:279 - Generated code: D:\AIFARM\STM32_GREENB\stm32f103_nethouse\MXTmpFiles\license.tmp
2025-04-28 16:23:13,175 [INFO] CodeEngine:255 - oldGeneratedFile, D:\AIFARM\STM32_GREENB\stm32f103_nethouse\MXTmpFiles\gpio.tmp_save
2025-04-28 16:23:13,268 [INFO] CodeEngine:279 - Generated code: D:\AIFARM\STM32_GREENB\stm32f103_nethouse\MXTmpFiles\gpio.tmp
2025-04-28 16:23:13,290 [INFO] CodeEngine:255 - oldGeneratedFile, D:\AIFARM\STM32_GREENB\stm32f103_nethouse\Core\Src\stm32f1xx_it.c_save
2025-04-28 16:23:13,351 [INFO] CodeEngine:279 - Generated code: D:\AIFARM\STM32_GREENB\stm32f103_nethouse\Core\Src\stm32f1xx_it.c
2025-04-28 16:23:13,362 [INFO] CodeEngine:255 - oldGeneratedFile, D:\AIFARM\STM32_GREENB\stm32f103_nethouse\Core\Inc\stm32f1xx_it.h_save
2025-04-28 16:23:13,404 [INFO] CodeEngine:279 - Generated code: D:\AIFARM\STM32_GREENB\stm32f103_nethouse\Core\Inc\stm32f1xx_it.h
2025-04-28 16:23:13,416 [INFO] CodeEngine:255 - oldGeneratedFile, D:\AIFARM\STM32_GREENB\stm32f103_nethouse\Core\Src\stm32f1xx_hal_msp.c_save
2025-04-28 16:23:13,474 [INFO] CodeEngine:279 - Generated code: D:\AIFARM\STM32_GREENB\stm32f103_nethouse\Core\Src\stm32f1xx_hal_msp.c
2025-04-28 16:23:13,476 [INFO] CodeEngine:255 - oldGeneratedFile, D:\AIFARM\STM32_GREENB\stm32f103_nethouse\MXTmpFiles\system.tmp_save
2025-04-28 16:23:13,516 [INFO] CodeEngine:279 - Generated code: D:\AIFARM\STM32_GREENB\stm32f103_nethouse\MXTmpFiles\system.tmp
2025-04-28 16:23:13,529 [INFO] CodeEngine:311 - oldGeneratedFile, D:\AIFARM\STM32_GREENB\stm32f103_nethouse\Core\Inc\stm32f1xx_hal_conf.h_save
2025-04-28 16:23:13,609 [INFO] CodeEngine:335 - Generated code: D:\AIFARM\STM32_GREENB\stm32f103_nethouse\Core\Inc\stm32f1xx_hal_conf.h
2025-04-28 16:23:13,642 [INFO] CodeEngine:255 - oldGeneratedFile, D:\AIFARM\STM32_GREENB\stm32f103_nethouse\Core\Inc\main.h_save
2025-04-28 16:23:13,696 [INFO] CodeEngine:279 - Generated code: D:\AIFARM\STM32_GREENB\stm32f103_nethouse\Core\Inc\main.h
2025-04-28 16:23:13,706 [INFO] CodeEngine:255 - oldGeneratedFile, D:\AIFARM\STM32_GREENB\stm32f103_nethouse\Core\Src\main.c_save
2025-04-28 16:23:13,810 [INFO] CodeEngine:279 - Generated code: D:\AIFARM\STM32_GREENB\stm32f103_nethouse\Core\Src\main.c
2025-04-28 16:23:14,273 [INFO] ProjectBuilder:3064 - Time for Copy HAL[1] : 124mS.
2025-04-28 16:23:14,275 [INFO] ProjectBuilder:4404 - Project Generator version: 4.1.0
2025-04-28 16:23:14,478 [INFO] ConfigFileManager:1457 - The Die is : DIE410
2025-04-28 16:23:14,479 [INFO] ApiDbMcu:507 - Load IP Config File for FATFS
2025-04-28 16:23:14,482 [INFO] ApiDbMcu:507 - Load IP Config File for FREERTOS
2025-04-28 16:23:14,485 [INFO] ApiDbMcu:507 - Load IP Config File for USB_DEVICE
2025-04-28 16:23:15,762 [INFO] ProjectBuilder:4626 - Time for Generating toolchain IDE Files: 1487mS.
2025-04-28 16:23:15,763 [INFO] ProjectBuilder:2935 - Time for Copy CMSIS : 0mS.
2025-04-28 16:23:15,765 [INFO] ProjectBuilder:2935 - Time for Copy CMSIS : 0mS.
2025-04-28 16:54:08,316 [INFO] Activator:176 - 


2025-04-28 16:54:08,318 [INFO] Activator:177 - !SESSION log4j initialized
2025-04-28 16:54:13,684 [INFO] LogOutputStream:77 - [STDOUT_REDIRECT] 
2025-04-28 16:54:14,633 [INFO] ApplicationProperties:184 - Using Application install path: D:\ITC\STM32\STM32CubeIDE_1.13.0\STM32CubeIDE\plugins\com.st.stm32cube.common.mx_6.9.0.202307051724
2025-04-28 16:54:14,650 [INFO] DbMcusXml:78 - Set database path to: D:\ITC\STM32\STM32CubeIDE_1.13.0\STM32CubeIDE\plugins\com.st.stm32cube.common.mx_6.9.0.202307051724\\db\/mcu/
2025-04-28 16:54:14,650 [INFO] ApiDb:274 - Set plugin database path to: D:\ITC\STM32\STM32CubeIDE_1.13.0\STM32CubeIDE\plugins\com.st.stm32cube.common.mx_6.9.0.202307051724\\db\/plugins/boardmanager/
2025-04-28 16:54:14,651 [WARN] ApiDb:259 - Overriding images path with different value:  => D:\ITC\STM32\STM32CubeIDE_1.13.0\STM32CubeIDE\plugins\com.st.stm32cube.common.mx_6.9.0.202307051724\\db\/plugins/mcufinder/images/
2025-04-28 16:54:14,660 [INFO] ApiDb:250 - Set database path to: C:\Users\msi1\.stmcufinder\plugins\mcufinder//mcu/
2025-04-28 16:54:14,660 [INFO] DbMcusAds:125 - Set database path to: C:\Users\msi1\.stmcufinder\plugins\mcufinder//mcu/
2025-04-28 16:54:14,662 [INFO] CrossReferenceDbSqlite:203 - Set database path to: C:\Users\msi1\.stmcufinder\plugins\mcufinder//mcu/cs/
2025-04-28 16:54:14,749 [INFO] RulesReader:64 - Compatibility file has been processed (293 Rules)
2025-04-28 16:54:14,829 [INFO] DbMcusXml:78 - Set database path to: D:\ITC\STM32\STM32CubeIDE_1.13.0\STM32CubeIDE\plugins\com.st.stm32cube.common.mx_6.9.0.202307051724\\db\/mcu/
2025-04-28 16:54:14,829 [INFO] ApiDb:274 - Set plugin database path to: D:\ITC\STM32\STM32CubeIDE_1.13.0\STM32CubeIDE\plugins\com.st.stm32cube.common.mx_6.9.0.202307051724\\db\/plugins/boardmanager/
2025-04-28 16:54:14,829 [INFO] ApiDb:261 - Set plugin images path to: D:\ITC\STM32\STM32CubeIDE_1.13.0\STM32CubeIDE\plugins\com.st.stm32cube.common.mx_6.9.0.202307051724\\db\/plugins/mcufinder/images/
2025-04-28 16:54:14,829 [WARN] DbFile:41 - Overriding database path with different value: C:\Users\msi1\.stmcufinder\plugins\mcufinder/ => C:\Users\msi1\.stmcufinder\plugins\mcufinder
2025-04-28 16:54:14,829 [INFO] ApiDb:250 - Set database path to: C:\Users\msi1\.stmcufinder\plugins\mcufinder//mcu/
2025-04-28 16:54:14,829 [WARN] DbFile:41 - Overriding database path with different value: C:\Users\msi1\.stmcufinder\plugins\mcufinder/ => C:\Users\msi1\.stmcufinder\plugins\mcufinder
2025-04-28 16:54:14,830 [INFO] DbMcusAds:125 - Set database path to: C:\Users\msi1\.stmcufinder\plugins\mcufinder//mcu/
2025-04-28 16:54:14,830 [WARN] DbFile:41 - Overriding database path with different value: C:\Users\msi1\.stmcufinder\plugins\mcufinder/ => C:\Users\msi1\.stmcufinder\plugins\mcufinder
2025-04-28 16:54:14,830 [WARN] DbFile:41 - Overriding database path with different value: C:\Users\msi1\.stmcufinder\plugins\mcufinder/ => C:\Users\msi1\.stmcufinder\plugins\mcufinder
2025-04-28 16:54:14,830 [INFO] CrossReferenceDbSqlite:203 - Set database path to: C:\Users\msi1\.stmcufinder\plugins\mcufinder//mcu/cs/
2025-04-28 16:54:14,901 [INFO] MainPanel:262 - HeapMemory: 268435456
2025-04-28 16:54:15,005 [INFO] DbMcusXml:78 - Set database path to: D:\ITC\STM32\STM32CubeIDE_1.13.0\STM32CubeIDE\plugins\com.st.stm32cube.common.mx_6.9.0.202307051724\\db\/mcu/
2025-04-28 16:54:15,005 [INFO] ApiDb:274 - Set plugin database path to: D:\ITC\STM32\STM32CubeIDE_1.13.0\STM32CubeIDE\plugins\com.st.stm32cube.common.mx_6.9.0.202307051724\\db\/plugins/boardmanager/
2025-04-28 16:54:15,005 [INFO] ApiDb:261 - Set plugin images path to: D:\ITC\STM32\STM32CubeIDE_1.13.0\STM32CubeIDE\plugins\com.st.stm32cube.common.mx_6.9.0.202307051724\\db\/plugins/mcufinder/images/
2025-04-28 16:54:15,005 [WARN] DbFile:41 - Overriding database path with different value: C:\Users\msi1\.stmcufinder\plugins\mcufinder/ => C:\Users\msi1\.stmcufinder\plugins\mcufinder
2025-04-28 16:54:15,005 [INFO] ApiDb:250 - Set database path to: C:\Users\msi1\.stmcufinder\plugins\mcufinder//mcu/
2025-04-28 16:54:15,007 [WARN] DbFile:41 - Overriding database path with different value: C:\Users\msi1\.stmcufinder\plugins\mcufinder/ => C:\Users\msi1\.stmcufinder\plugins\mcufinder
2025-04-28 16:54:15,007 [INFO] DbMcusAds:125 - Set database path to: C:\Users\msi1\.stmcufinder\plugins\mcufinder//mcu/
2025-04-28 16:54:15,007 [WARN] DbFile:41 - Overriding database path with different value: C:\Users\msi1\.stmcufinder\plugins\mcufinder/ => C:\Users\msi1\.stmcufinder\plugins\mcufinder
2025-04-28 16:54:15,007 [WARN] DbFile:41 - Overriding database path with different value: C:\Users\msi1\.stmcufinder\plugins\mcufinder/ => C:\Users\msi1\.stmcufinder\plugins\mcufinder
2025-04-28 16:54:15,007 [INFO] CrossReferenceDbSqlite:203 - Set database path to: C:\Users\msi1\.stmcufinder\plugins\mcufinder//mcu/cs/
2025-04-28 16:54:15,024 [INFO] ApplicationProperties:184 - Using Application install path: D:\ITC\STM32\STM32CubeIDE_1.13.0\STM32CubeIDE\plugins\com.st.stm32cube.common.mx_6.9.0.202307051724
2025-04-28 16:54:15,025 [INFO] PluginManage:196 - Search for loadable plugins [exclusion list=, ]
2025-04-28 16:54:15,027 [INFO] PluginManage:310 - Check plugin analytics
2025-04-28 16:54:15,147 [INFO] AnalyticsPlugin:253 - Accepted Software Licenses: 
2025-04-28 16:54:15,147 [INFO] AnalyticsPlugin:255 - Accepted CMSIS Pack Licenses: 
2025-04-28 16:54:15,148 [INFO] AnalyticsPlugin:257 - Accepted Firmware Licenses: FW.F4.1.27.0
2025-04-28 16:54:15,151 [INFO] PluginManage:359 - Loaded plugin analytics (category:tool,tabindex:-1)
2025-04-28 16:54:15,151 [INFO] PluginManage:310 - Check plugin cadmodel
2025-04-28 16:54:15,155 [INFO] CADModel:105 - Init CAD model plugin
2025-04-28 16:54:15,155 [INFO] PluginManage:359 - Loaded plugin cadmodel (category:power,tabindex:5)
2025-04-28 16:54:15,155 [INFO] PluginManage:310 - Check plugin clock
2025-04-28 16:54:15,164 [INFO] PluginManage:359 - Loaded plugin clock (category:base,tabindex:2)
2025-04-28 16:54:15,164 [INFO] PluginManage:310 - Check plugin ddr
2025-04-28 16:54:15,166 [INFO] PluginManage:359 - Loaded plugin ddr (category:tool,tabindex:6)
2025-04-28 16:54:15,167 [INFO] PluginManage:310 - Check plugin filemanager
2025-04-28 16:54:15,283 [INFO] PluginManage:359 - Loaded plugin filemanager (category:base,tabindex:10)
2025-04-28 16:54:15,283 [INFO] PluginManage:310 - Check plugin ipmanager
2025-04-28 16:54:15,289 [INFO] PluginManage:359 - Loaded plugin ipmanager (category:base,tabindex:5)
2025-04-28 16:54:15,289 [INFO] PluginManage:310 - Check plugin lpbam
2025-04-28 16:54:15,295 [INFO] PluginManage:359 - Loaded plugin lpbam (category:base,tabindex:0)
2025-04-28 16:54:15,295 [INFO] PluginManage:310 - Check plugin memorymap
2025-04-28 16:54:15,309 [INFO] PluginManage:359 - Loaded plugin memorymap (category:base,tabindex:4)
2025-04-28 16:54:15,309 [INFO] PluginManage:310 - Check plugin pinoutandconfiguration
2025-04-28 16:54:15,313 [INFO] PluginManage:359 - Loaded plugin pinoutandconfiguration (category:base,tabindex:1)
2025-04-28 16:54:15,313 [INFO] PluginManage:310 - Check plugin pinoutconfig
2025-04-28 16:54:15,390 [WARN] SupportedApi:132 - Cannot load RTOS API schema: s4s-elt-must-match.1: The content of 'definitions' must match (annotation?, (simpleType | complexType)?, (unique | key | keyref)*)). A problem was found starting at: attribute.
2025-04-28 16:54:15,508 [INFO] PluginManage:359 - Loaded plugin pinoutconfig (category:base,tabindex:0)
2025-04-28 16:54:15,508 [INFO] PluginManage:310 - Check plugin power
2025-04-28 16:54:15,516 [INFO] PluginManage:359 - Loaded plugin power (category:power,tabindex:4)
2025-04-28 16:54:15,516 [INFO] PluginManage:310 - Check plugin projectmanager
2025-04-28 16:54:15,528 [INFO] PluginManage:359 - Loaded plugin projectmanager (category:projectmanager,tabindex:3)
2025-04-28 16:54:15,529 [INFO] PluginManage:310 - Check plugin thirdparty
2025-04-28 16:54:15,640 [INFO] PluginManage:359 - Loaded plugin thirdparty (category:base,tabindex:-1)
2025-04-28 16:54:15,640 [WARN] IntegrityCheckThread:84 - waiting for thirdparty lock release [integrity check]
2025-04-28 16:54:15,640 [INFO] IntegrityCheckThread:86 - entering critical section [integrity check]
2025-04-28 16:54:15,640 [INFO] PluginManage:310 - Check plugin tools
2025-04-28 16:54:15,640 [INFO] ThirdPartyUpdaterWithRetryManager:70 - Updater plugin not ready yet. [1/15]
2025-04-28 16:54:15,642 [INFO] PluginManage:359 - Loaded plugin tools (category:base,tabindex:7)
2025-04-28 16:54:15,642 [INFO] PluginManage:310 - Check plugin tutovideos
2025-04-28 16:54:15,788 [INFO] PluginManage:359 - Loaded plugin tutovideos (category:base,tabindex:-1)
2025-04-28 16:54:15,788 [INFO] PluginManage:310 - Check plugin updater
2025-04-28 16:54:15,795 [INFO] PluginManage:359 - Loaded plugin updater (category:base,tabindex:12)
2025-04-28 16:54:15,797 [INFO] PluginManage:310 - Check plugin userauth
2025-04-28 16:54:15,801 [INFO] UserAuth:113 - Init User Auth plugin
2025-04-28 16:54:15,801 [INFO] PluginManage:359 - Loaded plugin userauth (category:base,tabindex:14)
2025-04-28 16:54:15,801 [INFO] PluginManage:283 - PluginManage : Loaded plugins [17]
2025-04-28 16:54:15,997 [INFO] PinOutPanel:1499 - setPackage(No Configuration,No Configuration)
2025-04-28 16:54:16,099 [INFO] CADModel:165 - CPN selected for project level
2025-04-28 16:54:16,099 [INFO] CADModel:114 - Register for checkConnection events
2025-04-28 16:54:16,110 [INFO] IPUIPlugin:80 - create IPUIPlugin
2025-04-28 16:54:16,110 [INFO] PluginManager:220 - loadIPPluginJar : add adc
2025-04-28 16:54:16,111 [INFO] IPUIPlugin:80 - create IPUIPlugin
2025-04-28 16:54:16,112 [INFO] PluginManager:220 - loadIPPluginJar : add aes
2025-04-28 16:54:16,113 [INFO] IPUIPlugin:80 - create IPUIPlugin
2025-04-28 16:54:16,113 [INFO] PluginManager:220 - loadIPPluginJar : add can
2025-04-28 16:54:16,114 [INFO] IPUIPlugin:80 - create IPUIPlugin
2025-04-28 16:54:16,114 [INFO] PluginManager:220 - loadIPPluginJar : add comp
2025-04-28 16:54:16,115 [INFO] IPUIPlugin:80 - create IPUIPlugin
2025-04-28 16:54:16,115 [INFO] PluginManager:220 - loadIPPluginJar : add cryp
2025-04-28 16:54:16,117 [INFO] IPUIPlugin:80 - create IPUIPlugin
2025-04-28 16:54:16,117 [INFO] PluginManager:220 - loadIPPluginJar : add dfsdm
2025-04-28 16:54:16,121 [INFO] IPUIPlugin:80 - create IPUIPlugin
2025-04-28 16:54:16,121 [INFO] PluginManager:220 - loadIPPluginJar : add dma
2025-04-28 16:54:16,123 [INFO] IPUIPlugin:80 - create IPUIPlugin
2025-04-28 16:54:16,123 [INFO] PluginManager:220 - loadIPPluginJar : add dma3
2025-04-28 16:54:16,124 [INFO] IPUIPlugin:80 - create IPUIPlugin
2025-04-28 16:54:16,124 [INFO] PluginManager:220 - loadIPPluginJar : add fatfs
2025-04-28 16:54:16,126 [INFO] IPUIPlugin:80 - create IPUIPlugin
2025-04-28 16:54:16,127 [INFO] PluginManager:220 - loadIPPluginJar : add fmc
2025-04-28 16:54:16,130 [INFO] IPUIPlugin:80 - create IPUIPlugin
2025-04-28 16:54:16,130 [INFO] PluginManager:220 - loadIPPluginJar : add freertos
2025-04-28 16:54:16,131 [INFO] IPUIPlugin:80 - create IPUIPlugin
2025-04-28 16:54:16,131 [INFO] PluginManager:220 - loadIPPluginJar : add genericplugin
2025-04-28 16:54:16,132 [INFO] IPUIPlugin:80 - create IPUIPlugin
2025-04-28 16:54:16,132 [INFO] PluginManager:220 - loadIPPluginJar : add gfxmmu
2025-04-28 16:54:16,135 [INFO] IPUIPlugin:80 - create IPUIPlugin
2025-04-28 16:54:16,135 [INFO] PluginManager:220 - loadIPPluginJar : add gic
2025-04-28 16:54:16,137 [INFO] IPUIPlugin:80 - create IPUIPlugin
2025-04-28 16:54:16,137 [INFO] PluginManager:220 - loadIPPluginJar : add gpio
2025-04-28 16:54:16,138 [INFO] IPUIPlugin:80 - create IPUIPlugin
2025-04-28 16:54:16,138 [INFO] PluginManager:220 - loadIPPluginJar : add gtzc
2025-04-28 16:54:16,140 [INFO] IPUIPlugin:80 - create IPUIPlugin
2025-04-28 16:54:16,140 [INFO] PluginManager:220 - loadIPPluginJar : add hash
2025-04-28 16:54:16,141 [INFO] IPUIPlugin:80 - create IPUIPlugin
2025-04-28 16:54:16,141 [INFO] PluginManager:220 - loadIPPluginJar : add i2c
2025-04-28 16:54:16,142 [INFO] IPUIPlugin:80 - create IPUIPlugin
2025-04-28 16:54:16,142 [INFO] PluginManager:220 - loadIPPluginJar : add i2s
2025-04-28 16:54:16,144 [INFO] IPUIPlugin:80 - create IPUIPlugin
2025-04-28 16:54:16,144 [INFO] PluginManager:220 - loadIPPluginJar : add i3c
2025-04-28 16:54:16,146 [INFO] IPUIPlugin:80 - create IPUIPlugin
2025-04-28 16:54:16,147 [INFO] PluginManager:220 - loadIPPluginJar : add ipddr
2025-04-28 16:54:16,153 [INFO] IPUIPlugin:80 - create IPUIPlugin
2025-04-28 16:54:16,153 [INFO] PluginManager:220 - loadIPPluginJar : add linkedlist
2025-04-28 16:54:16,154 [INFO] IPUIPlugin:80 - create IPUIPlugin
2025-04-28 16:54:16,154 [INFO] PluginManager:220 - loadIPPluginJar : add lorawan
2025-04-28 16:54:16,155 [INFO] IPUIPlugin:80 - create IPUIPlugin
2025-04-28 16:54:16,155 [INFO] PluginManager:220 - loadIPPluginJar : add ltdc
2025-04-28 16:54:16,161 [INFO] IPUIPlugin:80 - create IPUIPlugin
2025-04-28 16:54:16,161 [INFO] PluginManager:220 - loadIPPluginJar : add mdma
2025-04-28 16:54:16,165 [INFO] IPUIPlugin:80 - create IPUIPlugin
2025-04-28 16:54:16,165 [INFO] PluginManager:220 - loadIPPluginJar : add nvic
2025-04-28 16:54:16,167 [INFO] IPUIPlugin:80 - create IPUIPlugin
2025-04-28 16:54:16,167 [INFO] PluginManager:220 - loadIPPluginJar : add opamp
2025-04-28 16:54:16,169 [INFO] IPUIPlugin:80 - create IPUIPlugin
2025-04-28 16:54:16,169 [INFO] PluginManager:220 - loadIPPluginJar : add openamp
2025-04-28 16:54:16,171 [INFO] IPUIPlugin:80 - create IPUIPlugin
2025-04-28 16:54:16,171 [INFO] PluginManager:220 - loadIPPluginJar : add pdm2pcm
2025-04-28 16:54:16,175 [INFO] IPUIPlugin:80 - create IPUIPlugin
2025-04-28 16:54:16,177 [INFO] PluginManager:220 - loadIPPluginJar : add plateformsettings
2025-04-28 16:54:16,178 [INFO] IPUIPlugin:80 - create IPUIPlugin
2025-04-28 16:54:16,178 [INFO] PluginManager:220 - loadIPPluginJar : add quadspi
2025-04-28 16:54:16,180 [INFO] IPUIPlugin:80 - create IPUIPlugin
2025-04-28 16:54:16,180 [INFO] PluginManager:220 - loadIPPluginJar : add resmgrutility
2025-04-28 16:54:16,182 [INFO] IPUIPlugin:80 - create IPUIPlugin
2025-04-28 16:54:16,182 [INFO] PluginManager:220 - loadIPPluginJar : add sai
2025-04-28 16:54:16,184 [INFO] IPUIPlugin:80 - create IPUIPlugin
2025-04-28 16:54:16,184 [INFO] PluginManager:220 - loadIPPluginJar : add spi
2025-04-28 16:54:16,188 [INFO] IPUIPlugin:80 - create IPUIPlugin
2025-04-28 16:54:16,188 [INFO] PluginManager:220 - loadIPPluginJar : add stm32_wpan
2025-04-28 16:54:16,189 [INFO] IPUIPlugin:80 - create IPUIPlugin
2025-04-28 16:54:16,189 [INFO] PluginManager:220 - loadIPPluginJar : add tim
2025-04-28 16:54:16,191 [INFO] IPUIPlugin:80 - create IPUIPlugin
2025-04-28 16:54:16,191 [INFO] PluginManager:220 - loadIPPluginJar : add touchsensing
2025-04-28 16:54:16,193 [INFO] IPUIPlugin:80 - create IPUIPlugin
2025-04-28 16:54:16,193 [INFO] PluginManager:220 - loadIPPluginJar : add tracer_emb
2025-04-28 16:54:16,195 [INFO] IPUIPlugin:80 - create IPUIPlugin
2025-04-28 16:54:16,195 [INFO] PluginManager:220 - loadIPPluginJar : add ts
2025-04-28 16:54:16,196 [INFO] IPUIPlugin:80 - create IPUIPlugin
2025-04-28 16:54:16,196 [INFO] PluginManager:220 - loadIPPluginJar : add tsc
2025-04-28 16:54:16,197 [INFO] IPUIPlugin:80 - create IPUIPlugin
2025-04-28 16:54:16,198 [INFO] PluginManager:220 - loadIPPluginJar : add ucpd
2025-04-28 16:54:16,199 [INFO] IPUIPlugin:80 - create IPUIPlugin
2025-04-28 16:54:16,199 [INFO] PluginManager:220 - loadIPPluginJar : add usart
2025-04-28 16:54:16,202 [INFO] IPUIPlugin:80 - create IPUIPlugin
2025-04-28 16:54:16,202 [INFO] PluginManager:220 - loadIPPluginJar : add usbx
2025-04-28 16:54:16,322 [INFO] CADModel:165 - CPN selected for project level
2025-04-28 16:54:16,322 [INFO] CADModel:114 - Register for checkConnection events
2025-04-28 16:54:16,323 [FATAL] Updater:308 - Updater called before beeing initialized
2025-04-28 16:54:16,323 [ERROR] CADModel:125 - Updater not yet initialized, retry later 
2025-04-28 16:54:16,454 [INFO] CADModel:165 - CPN selected for project level
2025-04-28 16:54:16,454 [INFO] CADModel:114 - Register for checkConnection events
2025-04-28 16:54:16,454 [FATAL] Updater:308 - Updater called before beeing initialized
2025-04-28 16:54:16,454 [ERROR] CADModel:125 - Updater not yet initialized, retry later 
2025-04-28 16:54:16,457 [FATAL] Updater:308 - Updater called before beeing initialized
2025-04-28 16:54:16,560 [FATAL] Updater:308 - Updater called before beeing initialized
2025-04-28 16:54:16,565 [INFO] DbMcusAds:53 - JSON generation date=Thu Mar 06 21:54:22 ICT 2025 (1741272862204)
2025-04-28 16:54:16,565 [FATAL] Updater:308 - Updater called before beeing initialized
2025-04-28 16:54:16,599 [WARN] DetailPanel:346 - Failed to get advertising image, set to default
2025-04-28 16:54:16,679 [FATAL] Updater:308 - Updater called before beeing initialized
2025-04-28 16:54:16,681 [FATAL] Updater:308 - Updater called before beeing initialized
2025-04-28 16:54:16,681 [FATAL] Updater:308 - Updater called before beeing initialized
2025-04-28 16:54:16,682 [WARN] DetailPanel:346 - Failed to get advertising image, set to default
2025-04-28 16:54:16,682 [FATAL] Updater:308 - Updater called before beeing initialized
2025-04-28 16:54:16,721 [ERROR] Updater:1120 - MainUpdater not yet initialized. External WinMGr cannot be set.
2025-04-28 16:54:16,722 [INFO] Updater:1056 - Updater Version found : 6.9.0
2025-04-28 16:54:16,733 [INFO] ApplicationProperties:184 - Using Application install path: D:\ITC\STM32\STM32CubeIDE_1.13.0\STM32CubeIDE\plugins\com.st.stm32cube.common.mx_6.9.0.202307051724
2025-04-28 16:54:16,987 [INFO] MainUpdater:2868 - connection check result : 10
2025-04-28 16:54:16,989 [INFO] MainUpdater:285 - Updater Check For Update Now.
2025-04-28 16:54:16,990 [INFO] MicroXplorer:498 - Change Database Version : DB.6.0.90
2025-04-28 16:54:16,997 [INFO] McuFinderGlobals:63 - Set McuFinder mode to 2 (CubeIDE integrated)
2025-04-28 16:54:17,179 [INFO] CheckServerUpdateThread:120 - End of CheckServer Thread
2025-04-28 16:54:18,849 [WARN] PackLoader:240 - Cannot read IP mode file for STMicroelectronics.FP-SNS-MOTENVWB1.1.4.0
2025-04-28 16:54:18,856 [WARN] PackLoader:240 - Cannot read IP mode file for STMicroelectronics.FP-ATR-ASTRA1.2.0.2
2025-04-28 16:54:18,861 [WARN] PackLoader:240 - Cannot read IP mode file for STMicroelectronics.FP-ATR-ASTRA1.2.0.1
2025-04-28 16:54:18,871 [WARN] PackLoader:240 - Cannot read IP mode file for STMicroelectronics.X-CUBE-SMBUS.2.1.0
2025-04-28 16:54:18,879 [WARN] PackLoader:240 - Cannot read IP mode file for STMicroelectronics.X-CUBE-WB05N.1.1.0
2025-04-28 16:54:18,886 [WARN] PackLoader:240 - Cannot read IP mode file for STMicroelectronics.X-CUBE-TOUCHGFX.4.23.0
2025-04-28 16:54:18,889 [WARN] PackLoader:240 - Cannot read IP mode file for STMicroelectronics.X-CUBE-TOUCHGFX.4.23.2
2025-04-28 16:54:18,915 [WARN] PackLoader:240 - Cannot read IP mode file for STMicroelectronics.X-CUBE-AZRTOS-F7.1.1.0
2025-04-28 16:54:18,924 [ERROR] RealEvaluatedCondition:428 - Found unsupported composite condition: CLASS='Data Exchange' GROUP='STM32_MetaDataManager'
2025-04-28 16:54:18,924 [ERROR] RealEvaluatedCondition:428 - Found unsupported composite condition: CLASS='Data Exchange' GROUP='STM32_MetaDataManager'
2025-04-28 16:54:18,925 [WARN] PackLoader:240 - Cannot read IP mode file for STMicroelectronics.FP-SNS-MOTENV1.4.3.0
2025-04-28 16:54:18,932 [WARN] PackLoader:240 - Cannot read IP mode file for STMicroelectronics.FP-SNS-MOTENV1.4.3.2
2025-04-28 16:54:18,937 [WARN] PackLoader:240 - Cannot read IP mode file for STMicroelectronics.FP-SNS-FLIGHT1.5.0.0
2025-04-28 16:54:18,943 [WARN] PackLoader:240 - Cannot read IP mode file for STMicroelectronics.X-CUBE-BLE1.6.2.4
2025-04-28 16:54:18,947 [WARN] PackLoader:240 - Cannot read IP mode file for STMicroelectronics.FP-SNS-FLIGHT1.5.0.2
2025-04-28 16:54:18,955 [ERROR] Engine:466 - C:\Users\msi1\.stm32cubemx\thirdparties\pdsc\Infineon.AIROC-Wi-Fi-Bluetooth-STM32.1.7.0.pdsc: PDSC version is not supported
2025-04-28 16:54:18,962 [WARN] PackLoader:240 - Cannot read IP mode file for STMicroelectronics.X-CUBE-DISPLAY.3.0.0
2025-04-28 16:54:18,970 [WARN] PackLoader:240 - Cannot read IP mode file for STMicroelectronics.X-CUBE-BLE1.7.0.0
2025-04-28 16:54:18,976 [WARN] PackLoader:240 - Cannot read IP mode file for STMicroelectronics.X-CUBE-NFC10.1.0.0
2025-04-28 16:54:18,981 [ERROR] Engine:466 - C:\Users\msi1\.stm32cubemx\thirdparties\pdsc\STMicroelectronics.X-CUBE-BLEMGR.4.0.0.pdsc: PDSC version is not supported
2025-04-28 16:54:18,985 [WARN] PackLoader:240 - Cannot read IP mode file for emotas.I-CUBE-CANOPEN.1.3.0
2025-04-28 16:54:18,989 [WARN] PackLoader:240 - Cannot read IP mode file for STMicroelectronics.X-CUBE-TOUCHGFX.4.22.0
2025-04-28 16:54:18,991 [WARN] PackLoader:240 - Cannot read IP mode file for STMicroelectronics.X-CUBE-TOUCHGFX.4.22.1
2025-04-28 16:54:19,000 [WARN] PackLoader:240 - Cannot read IP mode file for STMicroelectronics.X-CUBE-BLEMGR.3.1.0
2025-04-28 16:54:19,006 [WARN] PackLoader:240 - Cannot read IP mode file for STMicroelectronics.X-CUBE-AI.10.0.0
2025-04-28 16:54:19,011 [WARN] PackLoader:240 - Cannot read IP mode file for STMicroelectronics.FP-SNS-SMARTAG2.1.2.0
2025-04-28 16:54:19,014 [ERROR] Engine:466 - C:\Users\msi1\.stm32cubemx\thirdparties\pdsc\STMicroelectronics.FP-SNS-FLIGHT1.5.1.0.pdsc: PDSC version is not supported
2025-04-28 16:54:19,062 [WARN] PackLoader:240 - Cannot read IP mode file for STMicroelectronics.X-CUBE-MEMS1.11.1.0
2025-04-28 16:54:19,169 [INFO] LogOutputStream:77 - [STDOUT_REDIRECT] 1 : Invalid condition id : UX_CORESTACK_Condition cause : null
2025-04-28 16:54:19,169 [INFO] LogOutputStream:77 - [STDOUT_REDIRECT] 1 : Invalid condition id : UX_CORESTACK_Condition cause : null
2025-04-28 16:54:19,170 [INFO] LogOutputStream:77 - [STDOUT_REDIRECT] 1 : Invalid condition id : UX_CORESTACK_Condition cause : null
2025-04-28 16:54:19,171 [INFO] LogOutputStream:77 - [STDOUT_REDIRECT] 1 : Invalid condition id : UX_CORESTACK_Condition cause : null
2025-04-28 16:54:19,172 [INFO] LogOutputStream:77 - [STDOUT_REDIRECT] 1 : Invalid condition id : UX_CORESTACK_Condition cause : null
2025-04-28 16:54:19,174 [WARN] PackLoader:240 - Cannot read IP mode file for STMicroelectronics.X-CUBE-AZRTOS-WL.2.0.0
2025-04-28 16:54:19,177 [WARN] PackLoader:240 - Cannot read IP mode file for STMicroelectronics.FP-SNS-MOTENV1.5.0.0
2025-04-28 16:54:19,183 [WARN] PackLoader:240 - Cannot read IP mode file for wolfSSL.I-CUBE-wolfMQTT.1.19.0
2025-04-28 16:54:19,190 [WARN] PackLoader:240 - Cannot read IP mode file for WES.I-CUBE-Cesium.1.3.0
2025-04-28 16:54:19,194 [WARN] PackLoader:240 - Cannot read IP mode file for STMicroelectronics.X-CUBE-BLE2.3.3.0
2025-04-28 16:54:19,199 [WARN] PackLoader:240 - Cannot read IP mode file for STMicroelectronics.X-CUBE-NFC9.1.0.0
2025-04-28 16:54:19,203 [WARN] PackLoader:240 - Cannot read IP mode file for STMicroelectronics.X-CUBE-BLE1.7.1.0
2025-04-28 16:54:19,208 [WARN] PackLoader:240 - Cannot read IP mode file for STMicroelectronics.X-CUBE-TCPP.4.1.0
2025-04-28 16:54:19,211 [WARN] PackLoader:240 - Cannot read IP mode file for STMicroelectronics.X-CUBE-TOUCHGFX.4.21.4
2025-04-28 16:54:19,215 [WARN] PackLoader:240 - Cannot read IP mode file for STMicroelectronics.X-CUBE-ALGOBUILD.1.3.0
2025-04-28 16:54:19,253 [WARN] PackLoader:240 - Cannot read IP mode file for STMicroelectronics.X-CUBE-MEMS1.11.2.0
2025-04-28 16:54:19,344 [WARN] PackLoader:240 - Cannot read IP mode file for STMicroelectronics.X-CUBE-AZRTOS-G0.1.1.0
2025-04-28 16:54:19,352 [WARN] PackLoader:240 - Cannot read IP mode file for STMicroelectronics.X-CUBE-SAFEA1.1.2.2
2025-04-28 16:54:19,357 [WARN] PackLoader:240 - Cannot read IP mode file for STMicroelectronics.X-CUBE-NFC4.3.0.0
2025-04-28 16:54:19,361 [WARN] PackLoader:240 - Cannot read IP mode file for wolfSSL.I-CUBE-wolfMQTT.1.18.0
2025-04-28 16:54:19,363 [ERROR] Engine:466 - C:\Users\msi1\.stm32cubemx\thirdparties\pdsc\EmbeddedOffice.I-CUBE-FS-RTOS.1.0.1.pdsc: PDSC version is not supported
2025-04-28 16:54:19,366 [WARN] PackLoader:240 - Cannot read IP mode file for STMicroelectronics.X-CUBE-WB05N.2.0.0
2025-04-28 16:54:19,373 [WARN] PackLoader:240 - Cannot read IP mode file for STMicroelectronics.X-CUBE-BLEMGR.3.0.0
2025-04-28 16:54:19,378 [ERROR] Engine:466 - C:\Users\msi1\.stm32cubemx\thirdparties\pdsc\STMicroelectronics.X-CUBE-TCPP.4.2.0.pdsc: PDSC version is not supported
2025-04-28 16:54:19,383 [ERROR] Engine:466 - C:\Users\msi1\.stm32cubemx\thirdparties\pdsc\RealThread.X-CUBE-RT-Thread_Nano.4.1.1.pdsc: PDSC version is not supported
2025-04-28 16:54:19,387 [WARN] PackLoader:240 - Cannot read IP mode file for STMicroelectronics.FP-ATR-SIGFOX1.3.2.0
2025-04-28 16:54:19,389 [ERROR] Engine:466 - C:\Users\msi1\.stm32cubemx\thirdparties\pdsc\quantropi.X-CUBE-qispace-sdk-base.1.9.3.pdsc: PDSC version is not supported
2025-04-28 16:54:19,394 [WARN] PackLoader:240 - Cannot read IP mode file for STMicroelectronics.X-CUBE-EEPRMA1.5.1.0
2025-04-28 16:54:19,401 [WARN] PackLoader:240 - Cannot read IP mode file for wolfSSL.I-CUBE-wolfSSL.5.7.6
2025-04-28 16:54:19,406 [WARN] PackLoader:240 - Cannot read IP mode file for ITTIA_DB.I-CUBE-ITTIADB.8.9.0
2025-04-28 16:54:19,427 [WARN] PackLoader:240 - Cannot read IP mode file for SEGGER.I-CUBE-embOS.1.3.1
2025-04-28 16:54:19,459 [WARN] PackLoader:240 - Cannot read IP mode file for STMicroelectronics.X-CUBE-ALGOBUILD.1.4.0
2025-04-28 16:54:19,463 [WARN] PackLoader:240 - Cannot read IP mode file for STMicroelectronics.X-CUBE-AI.9.1.0
2025-04-28 16:54:19,469 [WARN] PackLoader:240 - Cannot read IP mode file for STMicroelectronics.X-CUBE-GNSS1.6.0.0
2025-04-28 16:54:19,483 [WARN] PackLoader:240 - Cannot read IP mode file for STMicroelectronics.X-CUBE-AZRTOS-F4.1.1.0
2025-04-28 16:54:19,486 [ERROR] Engine:466 - C:\Users\msi1\.stm32cubemx\thirdparties\pdsc\Avnet-IotConnect.X-CUBE-IoTC-DA16k-PMOD.1.0.0.pdsc: PDSC version is not supported
2025-04-28 16:54:19,488 [WARN] PackLoader:240 - Cannot read IP mode file for wolfSSL.I-CUBE-wolfSSL.5.6.0
2025-04-28 16:54:19,492 [WARN] PackLoader:240 - Cannot read IP mode file for STMicroelectronics.X-CUBE-ISPU.2.1.0
2025-04-28 16:54:19,497 [WARN] PackLoader:240 - Cannot read IP mode file for STMicroelectronics.X-CUBE-FREERTOS.1.2.0
2025-04-28 16:54:19,514 [WARN] PackLoader:240 - Cannot read IP mode file for STMicroelectronics.X-CUBE-AZRTOS-L5.2.0.0
2025-04-28 16:54:19,546 [WARN] PackLoader:240 - Cannot read IP mode file for STMicroelectronics.X-CUBE-MEMS1.9.6.0
2025-04-28 16:54:19,646 [WARN] PackLoader:240 - Cannot read IP mode file for STMicroelectronics.X-CUBE-EEPRMA1.4.2.0
2025-04-28 16:54:19,653 [WARN] PackLoader:240 - Cannot read IP mode file for STMicroelectronics.X-CUBE-NFC6.3.1.0
2025-04-28 16:54:19,659 [WARN] PackLoader:240 - Cannot read IP mode file for ITTIA_DB.I-CUBE-ITTIADB.8.8.0
2025-04-28 16:54:19,666 [WARN] PackLoader:240 - Cannot read IP mode file for emotas.I-CUBE-CANOPEN.1.1.3
2025-04-28 16:54:19,672 [WARN] PackLoader:240 - Cannot read IP mode file for STMicroelectronics.X-CUBE-BLEMGR.2.0.0
2025-04-28 16:54:19,675 [ERROR] Engine:466 - C:\Users\msi1\.stm32cubemx\thirdparties\pdsc\STMicroelectronics.X-CUBE-DPower.1.2.0.pdsc: PDSC version is not supported
2025-04-28 16:54:19,679 [WARN] PackLoader:240 - Cannot read IP mode file for STMicroelectronics.X-CUBE-AI.9.0.0
2025-04-28 16:54:19,691 [WARN] ConditionMgr:438 - getConditionDescription Invalid condition id : UX DEVICE CLASS RTOS Condition cause : null
2025-04-28 16:54:19,692 [WARN] ConditionMgr:438 - getConditionDescription Invalid condition id : UX DEVICE CLASS RTOS Condition cause : null
2025-04-28 16:54:19,694 [WARN] PackLoader:240 - Cannot read IP mode file for STMicroelectronics.X-CUBE-AZRTOS-H7.3.1.0
2025-04-28 16:54:19,695 [WARN] ConditionMgr:1039 - genDependencies : Invalid condition id : UX DEVICE CLASS RTOS Condition cause : null
2025-04-28 16:54:19,695 [WARN] ConditionMgr:1039 - genDependencies : Invalid condition id : UX DEVICE CLASS RTOS Condition cause : null
2025-04-28 16:54:19,696 [WARN] ConditionMgr:1039 - genDependencies : Invalid condition id : UX DEVICE CLASS RTOS Condition cause : null
2025-04-28 16:54:19,696 [WARN] ConditionMgr:1039 - genDependencies : Invalid condition id : UX DEVICE CLASS RTOS Condition cause : null
2025-04-28 16:54:19,696 [WARN] ConditionMgr:1039 - genDependencies : Invalid condition id : UX DEVICE CLASS RTOS Condition cause : null
2025-04-28 16:54:19,702 [WARN] PackLoader:240 - Cannot read IP mode file for STMicroelectronics.X-CUBE-FREERTOS.1.3.0
2025-04-28 16:54:19,706 [WARN] PackLoader:240 - Cannot read IP mode file for STMicroelectronics.X-CUBE-NFC7.1.0.1
2025-04-28 16:54:19,711 [WARN] PackLoader:240 - Cannot read IP mode file for STMicroelectronics.X-CUBE-NFC7.1.0.0
2025-04-28 16:54:19,715 [WARN] PackLoader:240 - Cannot read IP mode file for wolfSSL.I-CUBE-wolfTPM.3.2.0
2025-04-28 16:54:19,721 [WARN] PackLoader:240 - Cannot read IP mode file for STMicroelectronics.X-CUBE-NFC6.3.0.0
2025-04-28 16:54:19,728 [WARN] PackLoader:240 - Cannot read IP mode file for STMicroelectronics.X-CUBE-EEPRMA1.4.1.0
2025-04-28 16:54:19,731 [ERROR] Engine:466 - C:\Users\msi1\.stm32cubemx\thirdparties\pdsc\STMicroelectronics.X-CUBE-DPower.1.3.0.pdsc: PDSC version is not supported
2025-04-28 16:54:19,735 [WARN] PackLoader:240 - Cannot read IP mode file for STMicroelectronics.X-CUBE-AI.8.1.0
2025-04-28 16:54:19,756 [WARN] ConditionMgr:438 - getConditionDescription Invalid condition id : LAN8742 Phy interface Condition cause : null
2025-04-28 16:54:19,757 [WARN] PackLoader:240 - Cannot read IP mode file for STMicroelectronics.X-CUBE-AZRTOS-L4.2.0.0
2025-04-28 16:54:19,757 [WARN] ConditionMgr:1039 - genDependencies : Invalid condition id : LAN8742 Phy interface Condition cause : null
2025-04-28 16:54:19,758 [WARN] ConditionMgr:1039 - genDependencies : Invalid condition id : LAN8742 Phy interface Condition cause : null
2025-04-28 16:54:19,758 [WARN] ConditionMgr:1039 - genDependencies : Invalid condition id : LAN8742 Phy interface Condition cause : null
2025-04-28 16:54:19,766 [WARN] PackLoader:240 - Cannot read IP mode file for STMicroelectronics.X-CUBE-SFXS2LP1.4.0.0
2025-04-28 16:54:19,771 [WARN] PackLoader:240 - Cannot read IP mode file for STMicroelectronics.X-CUBE-ISPU.1.1.0
2025-04-28 16:54:19,787 [WARN] PackLoader:240 - Cannot read IP mode file for STMicroelectronics.X-CUBE-AZRTOS-H7.3.3.0
2025-04-28 16:54:19,795 [ERROR] Engine:466 - C:\Users\msi1\.stm32cubemx\thirdparties\pdsc\STMicroelectronics.X-CUBE-IPS.3.0.0.pdsc: PDSC version is not supported
2025-04-28 16:54:19,805 [WARN] ConditionMgr:438 - getConditionDescription Invalid condition id : UX DEVICE CLASS RTOS Condition cause : null
2025-04-28 16:54:19,805 [WARN] ConditionMgr:438 - getConditionDescription Invalid condition id : UX DEVICE CLASS RTOS Condition cause : null
2025-04-28 16:54:19,808 [WARN] PackLoader:240 - Cannot read IP mode file for STMicroelectronics.X-CUBE-AZRTOS-WB.2.0.0
2025-04-28 16:54:19,809 [WARN] ConditionMgr:1039 - genDependencies : Invalid condition id : UX DEVICE CLASS RTOS Condition cause : null
2025-04-28 16:54:19,809 [WARN] ConditionMgr:1039 - genDependencies : Invalid condition id : UX DEVICE CLASS RTOS Condition cause : null
2025-04-28 16:54:19,809 [WARN] ConditionMgr:1039 - genDependencies : Invalid condition id : UX DEVICE CLASS RTOS Condition cause : null
2025-04-28 16:54:19,810 [WARN] ConditionMgr:1039 - genDependencies : Invalid condition id : UX DEVICE CLASS RTOS Condition cause : null
2025-04-28 16:54:19,810 [WARN] ConditionMgr:1039 - genDependencies : Invalid condition id : UX DEVICE CLASS RTOS Condition cause : null
2025-04-28 16:54:19,815 [WARN] PackLoader:240 - Cannot read IP mode file for STMicroelectronics.X-CUBE-FREERTOS.1.0.1
2025-04-28 16:54:19,819 [WARN] PackLoader:240 - Cannot read IP mode file for STMicroelectronics.X-CUBE-GNSS1.7.0.1
2025-04-28 16:54:19,823 [WARN] PackLoader:240 - Cannot read IP mode file for STMicroelectronics.X-CUBE-TOUCHGFX.4.25.0
2025-04-28 16:54:19,825 [ERROR] Engine:466 - C:\Users\msi1\.stm32cubemx\thirdparties\pdsc\STMicroelectronics.FP-SNS-STBOX1.2.0.0.pdsc: PDSC version is not supported
2025-04-28 16:54:19,834 [WARN] PackLoader:240 - Cannot read IP mode file for STMicroelectronics.X-CUBE-AZRTOS-L5.1.1.0
2025-04-28 16:54:19,840 [WARN] PackLoader:240 - Cannot read IP mode file for STMicroelectronics.X-CUBE-AI.8.0.1
2025-04-28 16:54:19,847 [WARN] PackLoader:240 - Cannot read IP mode file for STMicroelectronics.X-CUBE-SUBG2.5.0.0
2025-04-28 16:54:19,863 [WARN] PackLoader:240 - Cannot read IP mode file for STMicroelectronics.X-CUBE-AZRTOS-H7RS.1.1.0
2025-04-28 16:54:19,870 [WARN] PackLoader:240 - Cannot read IP mode file for Cesanta.I-CUBE-Mongoose.7.13.0
2025-04-28 16:54:19,876 [WARN] PackLoader:240 - Cannot read IP mode file for STMicroelectronics.X-CUBE-TOF1.3.3.1
2025-04-28 16:54:19,892 [WARN] PackLoader:240 - Cannot read IP mode file for STMicroelectronics.X-CUBE-AZRTOS-G4.2.0.0
2025-04-28 16:54:19,901 [WARN] PackLoader:240 - Cannot read IP mode file for STMicroelectronics.X-CUBE-TOF1.3.3.0
2025-04-28 16:54:19,913 [WARN] PackLoader:240 - Cannot read IP mode file for Infineon.AIROC-Wi-Fi-Bluetooth-STM32.1.5.1
2025-04-28 16:54:19,919 [WARN] PackLoader:240 - Cannot read IP mode file for STMicroelectronics.FP-SNS-MOTENVWB1.1.3.0
2025-04-28 16:54:19,923 [WARN] PackLoader:240 - Cannot read IP mode file for STMicroelectronics.FP-SNS-MOTENVWB1.1.3.1
2025-04-28 16:54:19,937 [WARN] PackLoader:240 - Cannot read IP mode file for STMicroelectronics.X-CUBE-AZRTOS-L4.1.0.0
2025-04-28 16:54:19,942 [WARN] PackLoader:240 - Cannot read IP mode file for STMicroelectronics.X-CUBE-ISPU.2.0.0
2025-04-28 16:54:19,948 [ERROR] Engine:466 - C:\Users\msi1\.stm32cubemx\thirdparties\pdsc\STMicroelectronics.X-CUBE-IPS.3.1.0.pdsc: PDSC version is not supported
2025-04-28 16:54:19,953 [WARN] PackLoader:240 - Cannot read IP mode file for STMicroelectronics.X-CUBE-ALS.1.0.2
2025-04-28 16:54:19,983 [WARN] PackLoader:240 - Cannot read IP mode file for STMicroelectronics.X-CUBE-MEMS1.10.0.0
2025-04-28 16:54:20,087 [WARN] PackLoader:240 - Cannot read IP mode file for STMicroelectronics.X-CUBE-FREERTOS.1.1.0
2025-04-28 16:54:20,089 [WARN] PackLoader:240 - Cannot read IP mode file for STMicroelectronics.X-CUBE-TOUCHGFX.4.24.0
2025-04-28 16:54:20,092 [WARN] PackLoader:240 - Cannot read IP mode file for STMicroelectronics.X-CUBE-TOUCHGFX.4.24.2
2025-04-28 16:54:20,100 [WARN] PackLoader:240 - Cannot read IP mode file for STMicroelectronics.X-CUBE-AZRTOS-WL.1.0.0
2025-04-28 16:54:20,105 [WARN] PackLoader:240 - Cannot read IP mode file for STMicroelectronics.X-CUBE-TOUCHGFX.4.24.1
2025-04-28 16:54:20,107 [WARN] PackLoader:240 - Cannot read IP mode file for wolfSSL.I-CUBE-wolfTPM.3.4.0
2025-04-28 16:54:20,112 [WARN] PackLoader:240 - Cannot read IP mode file for portGmbH.I-Cube-SoM-uGOAL.1.1.0
2025-04-28 16:54:20,115 [WARN] PackLoader:240 - Cannot read IP mode file for STMicroelectronics.X-CUBE-ALS.1.0.1
2025-04-28 16:54:20,123 [WARN] PackLoader:240 - Cannot read IP mode file for STMicroelectronics.X-CUBE-AZRTOS-WB.1.1.0
2025-04-28 16:54:20,147 [WARN] PackLoader:240 - Cannot read IP mode file for STMicroelectronics.X-CUBE-AZRTOS-H7RS.1.0.0
2025-04-28 16:54:20,152 [WARN] PackLoader:240 - Cannot read IP mode file for STMicroelectronics.FP-ATR-ASTRA1.2.0.0
2025-04-28 16:54:20,157 [ERROR] Engine:466 - C:\Users\msi1\.stm32cubemx\thirdparties\pdsc\STMicroelectronics.X-CUBE-TOF1.3.4.2.pdsc: PDSC version is not supported
2025-04-28 16:54:20,161 [ERROR] Engine:466 - C:\Users\msi1\.stm32cubemx\thirdparties\pdsc\STMicroelectronics.X-CUBE-TOF1.3.4.3.pdsc: PDSC version is not supported
2025-04-28 16:54:20,169 [WARN] PackLoader:240 - Cannot read IP mode file for STMicroelectronics.X-CUBE-TOF1.3.4.0
2025-04-28 16:54:20,181 [WARN] PackLoader:240 - Cannot read IP mode file for STMicroelectronics.X-CUBE-TOF1.3.4.1
2025-04-28 16:54:20,200 [WARN] PackLoader:240 - Cannot read IP mode file for STMicroelectronics.X-CUBE-AZRTOS-H7.3.2.0
2025-04-28 16:54:20,206 [WARN] PackLoader:240 - Cannot read IP mode file for wolfSSL.I-CUBE-wolfSSH.1.4.17
2025-04-28 16:54:20,208 [INFO] ThirdParty:978 - Integrity check success = true
2025-04-28 16:54:20,208 [INFO] IntegrityCheckThread:100 - exiting critical section [integrity check]
2025-04-28 16:54:20,208 [INFO] IntegrityCheckThread:103 - End integrity checks thread
2025-04-28 16:54:32,893 [INFO] McuFinderGlobals:63 - Set McuFinder mode to 2 (CubeIDE integrated)
2025-04-28 16:54:32,897 [INFO] MainUpdater:2868 - connection check result : 10
2025-04-28 16:54:32,898 [INFO] MainUpdater:2868 - connection check result : 10
2025-04-28 16:54:32,924 [INFO] MicroXplorer:468 - Change Database Path : 
2025-04-28 16:54:32,925 [INFO] MicroXplorer:498 - Change Database Version : DB.6.0.90
2025-04-28 16:54:32,928 [WARN] ThirdParty:871 - waiting for thirdparty lock release [close project]
2025-04-28 16:54:32,928 [INFO] ThirdParty:873 - entering critical section [close project]
2025-04-28 16:54:32,929 [INFO] ThirdParty:883 - exiting critical section [close project]
2025-04-28 16:54:32,931 [INFO] PinOutPanel:1499 - setPackage(No Configuration,No Configuration)
2025-04-28 16:54:32,939 [INFO] UtilMem:75 - Begin LoadConfig() Used Memory: 204681744 Bytes (268435456)
2025-04-28 16:54:32,942 [INFO] MicroXplorer:468 - Change Database Path : 
2025-04-28 16:54:32,943 [INFO] MicroXplorer:498 - Change Database Version : DB.6.0.90
2025-04-28 16:54:32,943 [INFO] OpenFileManager:308 - Change cursor
2025-04-28 16:54:32,967 [INFO] Mcu:1946 - Initializing MCU STM32F103C(8-B)Tx STM32F103CBTx STM32F103CBT6
2025-04-28 16:54:33,820 [INFO] Context:659 - Trying to add GPIOservice into a context  which must be forbidden
2025-04-28 16:54:34,199 [INFO] RtosManager:555 - Registered RTOS mode: class=CMSIS, group=RTOS, mode=CMSIS_V1, owner=FREERTOS
2025-04-28 16:54:34,199 [INFO] RtosManager:555 - Registered RTOS mode: class=CMSIS, group=RTOS2, mode=CMSIS_V2, owner=FREERTOS
2025-04-28 16:54:34,199 [INFO] RtosManager:555 - Registered RTOS mode: class=RTOS, group=Core, mode=CMSIS_V1, owner=FREERTOS
2025-04-28 16:54:34,200 [INFO] RtosManager:555 - Registered RTOS mode: class=RTOS, group=Core, mode=CMSIS_V2, owner=FREERTOS
2025-04-28 16:54:34,200 [WARN] ModelIntegratedComponent:184 - Missing modes for component STMicroelectronics:FreeRTOS:0.0.1:STMicroelectronics:RTOS:FreeRTOS:Core:::10.2.0:
2025-04-28 16:54:34,203 [WARN] ModelIntegratedComponent:63 - No mode defined for component null
2025-04-28 16:54:34,203 [WARN] ModelIntegratedComponent:63 - No mode defined for component null
2025-04-28 16:54:34,204 [WARN] ModelIntegratedComponent:63 - No mode defined for component null
2025-04-28 16:54:34,204 [WARN] ModelIntegratedComponent:63 - No mode defined for component null
2025-04-28 16:54:34,204 [WARN] ModelIntegratedComponent:63 - No mode defined for component null
2025-04-28 16:54:34,204 [WARN] ModelIntegratedComponent:63 - No mode defined for component null
2025-04-28 16:54:34,204 [WARN] ModelIntegratedComponent:63 - No mode defined for component null
2025-04-28 16:54:34,204 [WARN] ModelIntegratedComponent:63 - No mode defined for component null
2025-04-28 16:54:34,204 [WARN] ModelIntegratedComponent:63 - No mode defined for component null
2025-04-28 16:54:34,204 [WARN] ModelIntegratedComponent:63 - No mode defined for component null
2025-04-28 16:54:34,204 [WARN] ModelIntegratedComponent:63 - No mode defined for component null
2025-04-28 16:54:34,204 [WARN] ModelIntegratedComponent:63 - No mode defined for component null
2025-04-28 16:54:34,204 [WARN] ModelIntegratedComponent:63 - No mode defined for component null
2025-04-28 16:54:34,204 [WARN] ModelIntegratedComponent:63 - No mode defined for component null
2025-04-28 16:54:34,204 [WARN] ModelIntegratedComponent:63 - No mode defined for component null
2025-04-28 16:54:34,204 [WARN] ModelIntegratedComponent:63 - No mode defined for component null
2025-04-28 16:54:34,204 [WARN] ModelIntegratedComponent:63 - No mode defined for component null
2025-04-28 16:54:34,204 [WARN] ModelIntegratedComponent:63 - No mode defined for component null
2025-04-28 16:54:34,204 [WARN] ModelIntegratedComponent:63 - No mode defined for component null
2025-04-28 16:54:34,204 [WARN] ModelIntegratedComponent:63 - No mode defined for component null
2025-04-28 16:54:34,204 [WARN] ModelIntegratedComponent:63 - No mode defined for component null
2025-04-28 16:54:34,204 [WARN] ModelIntegratedComponent:63 - No mode defined for component null
2025-04-28 16:54:34,205 [WARN] ModelIntegratedComponent:63 - No mode defined for component null
2025-04-28 16:54:34,205 [WARN] ModelIntegratedComponent:63 - No mode defined for component null
2025-04-28 16:54:34,205 [WARN] ModelIntegratedComponent:63 - No mode defined for component null
2025-04-28 16:54:34,205 [WARN] ModelIntegratedComponent:63 - No mode defined for component null
2025-04-28 16:54:34,205 [WARN] ModelIntegratedComponent:63 - No mode defined for component null
2025-04-28 16:54:34,205 [WARN] ModelIntegratedComponent:63 - No mode defined for component null
2025-04-28 16:54:34,205 [WARN] ModelIntegratedComponent:63 - No mode defined for component null
2025-04-28 16:54:34,205 [WARN] ModelIntegratedComponent:63 - No mode defined for component null
2025-04-28 16:54:34,205 [WARN] ModelIntegratedComponent:63 - No mode defined for component null
2025-04-28 16:54:34,205 [WARN] ModelIntegratedComponent:63 - No mode defined for component null
2025-04-28 16:54:34,205 [WARN] ModelIntegratedComponent:63 - No mode defined for component null
2025-04-28 16:54:34,452 [INFO] ThirdPartyModel:298 - Start build external matchings
2025-04-28 16:54:36,646 [INFO] ThirdPartyModel:316 - End build external matchings
2025-04-28 16:54:36,701 [INFO] ImportTextPane:194 - (OptionalMessage_ERROR) IP (RCC) : Invalid parameter (FamilyName)
2025-04-28 16:54:36,865 [INFO] UtilMem:75 - End LoadConfig() Used Memory: 270519224 Bytes (372244480)
2025-04-28 16:54:37,055 [INFO] ApiDb:581 - Connected to CubeFinder SQLite database (C:\Users\msi1\.stmcufinder\plugins\mcufinder\mcu\cube-finder-db.db)
2025-04-28 16:54:37,134 [INFO] ApiDb:668 - CubeFinder database Data Model version=2.1
2025-04-28 16:54:37,134 [INFO] ApiDb:669 - CubeFinder database Configuration version=3.0.39
2025-04-28 16:54:37,135 [INFO] ApiDb:670 - CubeFinder database generation date=2025-04-23 (1745419778)
2025-04-28 16:54:37,135 [INFO] ApiDb:671 - CubeFinder database FW Pack versions=[FP-ATR-ASTRA1_V2.0.0, FP-SNS-FLIGHT1_V5.1.0, FP-SNS-MOTENV1_V5.0.0, FP-SNS-MOTENVWB1_V1.4.0, FP-SNS-SMARTAG2_V1.2.0, FP-SNS-STBOX1_V2.0.0, STM32Cube_FW_C0_V1.4.0, STM32Cube_FW_F4_V1.28.1, STM32Cube_FW_F7_V1.17.2, STM32Cube_FW_G0_V1.6.2, STM32Cube_FW_G4_V1.6.1, STM32Cube_FW_H5_V1.5.0, STM32Cube_FW_H7RS_V1.2.0, STM32Cube_FW_H7_V1.12.1, STM32Cube_FW_L0_V1.12.2, STM32Cube_FW_L4_V1.18.1, STM32Cube_FW_L5_V1.5.1, STM32Cube_FW_N6_V1.1.1, STM32Cube_FW_U0_V1.2.0, STM32Cube_FW_U3_V1.1.0, STM32Cube_FW_U5_V1.7.0, STM32Cube_FW_WB0_V1.2.0, STM32Cube_FW_WBA_V1.6.0, STM32Cube_FW_WB_V1.22.0, STM32Cube_FW_WL3_V1.1.0, STM32Cube_FW_WL_V1.3.1, X-CUBE-ALGOBUILD_V1.4.0, X-CUBE-ALS_V1.0.2, X-CUBE-AZRTOS-F4_V1.1.0, X-CUBE-AZRTOS-F7_V1.1.0, X-CUBE-AZRTOS-G0_V1.1.0, X-CUBE-AZRTOS-G4_V2.0.0, X-CUBE-AZRTOS-H7RS_V1.1.0, X-CUBE-AZRTOS-H7_V3.3.0, X-CUBE-AZRTOS-L4_V2.0.0, X-CUBE-AZRTOS-L5_V2.0.0, X-CUBE-AZRTOS-WB_V2.0.0, X-CUBE-AZRTOS-WL_V2.0.0, X-CUBE-BLE1_V7.1.0, X-CUBE-BLE2_V3.3.0, X-CUBE-BLEMGR_V4.0.0, X-CUBE-EEPRMA1_V5.1.0, X-CUBE-FREERTOS_V1.3.0, X-CUBE-GNSS1_V6.0.0, X-CUBE-MEMS1_V11.2.0, X-CUBE-NFC4_V3.0.0, X-CUBE-NFC7_V1.0.1, X-CUBE-SFXS2LP1_V4.0.0, X-CUBE-SUBG2_V5.0.0, X-CUBE-TOF1_V3.4.3]
2025-04-28 16:54:38,597 [ERROR] LogOutputStream:75 - [STDERR_REDIRECT] SLF4J: Failed to load class "org.slf4j.impl.StaticLoggerBinder".
2025-04-28 16:54:38,597 [ERROR] LogOutputStream:75 - [STDERR_REDIRECT] SLF4J: Defaulting to no-operation (NOP) logger implementation
2025-04-28 16:54:38,598 [ERROR] LogOutputStream:75 - [STDERR_REDIRECT] SLF4J: See http://www.slf4j.org/codes.html#StaticLoggerBinder for further details.
2025-04-28 16:54:39,265 [INFO] ApiDb:240 - Found 323 in-development CPN: [B-G473E-ZEST1S, B-WB1M-WPAN1, B-WL5M-SUBG1, NUCLEO-C031C6, NUCLEO-H503RB, NUCLEO-H563ZI, NUCLEO-U545RE-Q, NUCLEO-U5A5ZJ-Q, NUCLEO-WBA52CG, STEVAL-PROTEUS1, STEVAL-SMARTAG2, STEVAL-STWINBX1, STM320518-EVAL, STM32C0116-DK, STM32C011D6Y3TR, STM32C011D6Y6TR, STM32C011F4P3, STM32C011F4P6, STM32C011F4U3, STM32C011F4U6TR, STM32C011F6P3, STM32C011F6P6, STM32C011F6U3, STM32C011F6U6TR, STM32C011J4M3, STM32C011J4M6, STM32C011J6M3, STM32C011J6M6, STM32C0316-DK, STM32C031C4T3, STM32C031C4T6, STM32C031C4U3, STM32C031C4U6, STM32C031C6T3, STM32C031C6T6, STM32C031C6U3, STM32C031C6U6, STM32C031F4P3, STM32C031F4P6, STM32C031F6P3, STM32C031F6P6, STM32C031G4U3, STM32C031G4U6, STM32C031G6U3, STM32C031G6U6, STM32C031K4T3, STM32C031K4T6, STM32C031K4U3, STM32C031K4U6, STM32C031K6T3, STM32C031K6T6, STM32C031K6U3, STM32C031K6U6, STM32G071K8TXN, STM32G071K8UXN, STM32G081GBU6N, STM32G081KBT6N, STM32G081KBUXN, STM32G0B1CCT6N, STM32G0B1KCT6, STM32G0B1NEY6TR, STM32G0B1RCT6N, STM32G0C1CCT6, STM32G0C1CCT6N, STM32G0C1CCU6N, STM32G0C1CET6N, STM32G0C1CEU6N, STM32G0C1KCT6, STM32G0C1NEY6TR, STM32G0C1RCI6N, STM32G0C1RCT6N, STM32G0C1REI6N, STM32G0C1RET6N, STM32G0C1VCI6, STM32G0C1VEI6, STM32G471CCT6, STM32G471CCU6, STM32G471CET3, STM32G471CET6, STM32G471CEU3, STM32G471CEU6, STM32G471MCT6, STM32G471MET3, STM32G471MET6, STM32G471MEY6TR, STM32G471QCT6, STM32G471QET3, STM32G471RCT6, STM32G471RET3, STM32G471RET6, STM32G471VCH6, STM32G471VCI6, STM32G471VCT6, STM32G471VEH3, STM32G471VEH6, STM32G471VEI3, STM32G471VEI6, STM32G471VET3, STM32G471VET6, STM32G474CCT6, STM32H503CBT6, STM32H503CBU6, STM32H503EBY6TR, STM32H503KBU6, STM32H503RBT6, STM32H562AGI6, STM32H562AII6, STM32H562IGK6, STM32H562IGT6, STM32H562IIK6, STM32H562IIT6, STM32H562RGT6, STM32H562RGV6, STM32H562RIT6, STM32H562RIV6, STM32H562VGT6, STM32H562VIT6, STM32H562ZGT6, STM32H562ZIT6, STM32H563AGI6, STM32H563AII3Q, STM32H563AII6, STM32H563IGK6, STM32H563IGT6, STM32H563IIK3Q, STM32H563IIK6, STM32H563IIT3Q, STM32H563IIT6, STM32H563MIY3QTR, STM32H563RGT6, STM32H563RGV6, STM32H563RIT6, STM32H563RIV6, STM32H563VGT6, STM32H563VIT3Q, STM32H563VIT6, STM32H563ZGT6, STM32H563ZIT3Q, STM32H563ZIT6, STM32H573AII3Q, STM32H573AII6, STM32H573I-DK, STM32H573IIK3Q, STM32H573IIK6, STM32H573IIT3Q, STM32H573IIT6, STM32H573MIY3QTR, STM32H573RIT6, STM32H573RIV6, STM32H573VIT3Q, STM32H573VIT6, STM32H573ZIT3Q, STM32H573ZIT6, STM32L4R5QGI6STR, STM32MP131AAE3, STM32MP131AAF3, STM32MP131AAG3, STM32MP131CAE3, STM32MP131CAF3, STM32MP131CAG3, STM32MP131DAE7, STM32MP131DAF7, STM32MP131DAG7, STM32MP131FAE7, STM32MP131FAF7, STM32MP131FAG7, STM32MP133AAE3, STM32MP133AAF3, STM32MP133AAG3, STM32MP133CAE3, STM32MP133CAF3, STM32MP133CAG3, STM32MP133DAE7, STM32MP133DAF7, STM32MP133DAG7, STM32MP133FAE7, STM32MP133FAF7, STM32MP133FAG7, STM32MP135AAE3, STM32MP135AAF3, STM32MP135AAG3, STM32MP135CAE3, STM32MP135CAF3, STM32MP135CAG3, STM32MP135DAE7, STM32MP135DAF7, STM32MP135DAG7, STM32MP135F-DK, STM32MP135FAE7, STM32MP135FAF7, STM32MP135FAF7T, STM32MP135FAF7U, STM32MP135FAG7, STM32U535CBT6, STM32U535CBT6Q, STM32U535CBU6, STM32U535CBU6Q, STM32U535CCT6, STM32U535CCT6Q, STM32U535CCU6, STM32U535CCU6Q, STM32U535CET6, STM32U535CET6Q, STM32U535CEU6, STM32U535CEU6Q, STM32U535JEY6QTR, STM32U535NCY6QTR, STM32U535NEY6QTR, STM32U535RBI6, STM32U535RBI6Q, STM32U535RBT6, STM32U535RBT6Q, STM32U535RCI6, STM32U535RCI6Q, STM32U535RCT6, STM32U535RCT6Q, STM32U535REI6, STM32U535REI6Q, STM32U535RET6, STM32U535RET6Q, STM32U535VCI6, STM32U535VCI6Q, STM32U535VCT6, STM32U535VCT6Q, STM32U535VEI6, STM32U535VEI6Q, STM32U535VET6, STM32U535VET6Q, STM32U545CET6, STM32U545CET6Q, STM32U545CEU6, STM32U545CEU6Q, STM32U545JEY6QTR, STM32U545NEY6QTR, STM32U545REI6, STM32U545REI6Q, STM32U545RET6, STM32U545RET6Q, STM32U545VEI6, STM32U545VEI6Q, STM32U545VET6, STM32U545VET6Q, STM32U595AIH6, STM32U595AIH6Q, STM32U595AJH6, STM32U595AJH6Q, STM32U595QII6, STM32U595QII6Q, STM32U595QJI6, STM32U595QJI6Q, STM32U595RIT6, STM32U595RIT6Q, STM32U595RJT6, STM32U595RJT6Q, STM32U595VIT6, STM32U595VIT6Q, STM32U595VJT6, STM32U595VJT6Q, STM32U595ZIT6, STM32U595ZIT6Q, STM32U595ZIY6QTR, STM32U595ZJT6, STM32U595ZJT6Q, STM32U595ZJY6QTR, STM32U599BJY6QTR, STM32U599NIH6Q, STM32U599NJH6Q, STM32U599VIT6Q, STM32U599VJT6, STM32U599VJT6Q, STM32U599ZIT6Q, STM32U599ZIY6QTR, STM32U599ZJT6Q, STM32U599ZJY6QTR, STM32U5A5AJH6, STM32U5A5AJH6Q, STM32U5A5QJI6, STM32U5A5QJI6Q, STM32U5A5RJT6, STM32U5A5RJT6Q, STM32U5A5VJT6, STM32U5A5VJT6Q, STM32U5A5ZJT6, STM32U5A5ZJT6Q, STM32U5A5ZJY6QTR, STM32U5A9BJY6QTR, STM32U5A9J-DK, STM32U5A9NJH6Q, STM32U5A9VJT6Q, STM32U5A9ZJT6Q, STM32U5A9ZJY6QTR, STM32U5F7VIT6, STM32U5F7VIT6Q, STM32U5F7VJT6, STM32U5F7VJT6Q, STM32U5F9BJY6QTR, STM32U5F9NJH6Q, STM32U5F9VIT6Q, STM32U5F9VJT6Q, STM32U5F9ZIJ6QTR, STM32U5F9ZIT6Q, STM32U5F9ZJJ6QTR, STM32U5F9ZJT6Q, STM32U5G7VJT6, STM32U5G7VJT6Q, STM32U5G9BJY6QTR, STM32U5G9J-DK1, STM32U5G9J-DK2, STM32U5G9NJH6Q, STM32U5G9VJT6Q, STM32U5G9ZJJ6QTR, STM32U5G9ZJT6Q, STM32WB1MMCH6, STM32WBA52CEU6, STM32WBA52CEU6T, STM32WBA52CGU6, STM32WBA52CGU6T, STM32WBA52KEU6, STM32WBA52KEU6T, STM32WBA52KGU6, STM32WBA52KGU6T, STM32WL5MOCH6, STM32WL5MOCH6TR]
2025-04-28 16:54:39,270 [INFO] DbMcus:217 - Found 4642 MCUs, 4642 are supported
2025-04-28 16:54:39,270 [INFO] ApiDb:423 - Load user favorites file C:\Users\msi1/.stm32cubeide/favorites.mcus.txt: 3 item(s)
2025-04-28 16:54:39,270 [INFO] ApiDb:427 - User favorites MCUs=[STM32F103CBT6, STM32F303VCT6, STM32F407VGT6]
2025-04-28 16:54:39,271 [INFO] DbMcus:223 - Set 3 / 3 favorites MCUs
2025-04-28 16:54:39,689 [WARN] ThirdParty:833 - waiting for thirdparty lock release [change project]
2025-04-28 16:54:39,689 [INFO] ThirdParty:835 - entering critical section [change project]
2025-04-28 16:54:39,690 [INFO] ThirdParty:1030 - CMSIS Pack Vendor :STMicroelectronics USBPD 4.1
2025-04-28 16:54:39,690 [INFO] ThirdParty:1030 - CMSIS Pack Vendor :STMicroelectronics X-CUBE-GNSS1 6.0.0
2025-04-28 16:54:39,690 [INFO] ThirdParty:1030 - CMSIS Pack Vendor :STMicroelectronics USB_HOST 2.0.0
2025-04-28 16:54:39,690 [INFO] ThirdParty:1030 - CMSIS Pack Vendor :STMicroelectronics FP-SNS-MOTENVWB1 1.4.0
2025-04-28 16:54:39,690 [INFO] ThirdParty:1030 - CMSIS Pack Vendor :STMicroelectronics X-CUBE-AZRTOS-F4 1.1.0
2025-04-28 16:54:39,690 [INFO] ThirdParty:1030 - CMSIS Pack Vendor :STMicroelectronics LIBJPEG 8.0.0
2025-04-28 16:54:39,690 [INFO] ThirdParty:1030 - CMSIS Pack Vendor :STMicroelectronics FP-ATR-ASTRA1 2.0.2
2025-04-28 16:54:39,690 [INFO] ThirdParty:1030 - CMSIS Pack Vendor :STMicroelectronics FP-ATR-ASTRA1 2.0.1
2025-04-28 16:54:39,690 [INFO] ThirdParty:1030 - CMSIS Pack Vendor :STMicroelectronics X-CUBE-SMBUS 2.1.0
2025-04-28 16:54:39,690 [INFO] ThirdParty:1030 - CMSIS Pack Vendor :STMicroelectronics X-CUBE-WB05N 1.1.0
2025-04-28 16:54:39,690 [INFO] ThirdParty:1030 - CMSIS Pack Vendor :wolfSSL I-CUBE-wolfSSL 5.6.0
2025-04-28 16:54:39,690 [INFO] ThirdParty:1030 - CMSIS Pack Vendor :STMicroelectronics X-CUBE-ISPU 2.1.0
2025-04-28 16:54:39,690 [INFO] ThirdParty:1030 - CMSIS Pack Vendor :STMicroelectronics X-CUBE-FREERTOS 1.2.0
2025-04-28 16:54:39,690 [INFO] ThirdParty:1030 - CMSIS Pack Vendor :STMicroelectronics X-CUBE-TOUCHGFX 4.23.0
2025-04-28 16:54:39,690 [INFO] ThirdParty:1030 - CMSIS Pack Vendor :STMicroelectronics X-CUBE-TOUCHGFX 4.23.2
2025-04-28 16:54:39,690 [INFO] ThirdParty:1030 - CMSIS Pack Vendor :STMicroelectronics X-CUBE-AZRTOS-F7 1.1.0
2025-04-28 16:54:39,690 [INFO] ThirdParty:1030 - CMSIS Pack Vendor :STMicroelectronics X-CUBE-AZRTOS-L5 2.0.0
2025-04-28 16:54:39,690 [INFO] ThirdParty:1030 - CMSIS Pack Vendor :STMicroelectronics USB_DEVICE 2.0.0
2025-04-28 16:54:39,690 [INFO] ThirdParty:1030 - CMSIS Pack Vendor :STMicroelectronics X-CUBE-MEMS1 9.6.0
2025-04-28 16:54:39,690 [INFO] ThirdParty:1030 - CMSIS Pack Vendor :STMicroelectronics X-CUBE-EEPRMA1 4.2.0
2025-04-28 16:54:39,690 [INFO] ThirdParty:1030 - CMSIS Pack Vendor :STMicroelectronics X-CUBE-NFC6 3.1.0
2025-04-28 16:54:39,690 [INFO] ThirdParty:1030 - CMSIS Pack Vendor :ITTIA_DB I-CUBE-ITTIADB 8.8.0
2025-04-28 16:54:39,690 [INFO] ThirdParty:1030 - CMSIS Pack Vendor :STMicroelectronics FP-SNS-MOTENV1 4.3.0
2025-04-28 16:54:39,690 [INFO] ThirdParty:1030 - CMSIS Pack Vendor :STMicroelectronics FP-SNS-MOTENV1 4.3.2
2025-04-28 16:54:39,691 [INFO] ThirdParty:1030 - CMSIS Pack Vendor :STMicroelectronics FP-SNS-FLIGHT1 5.0.0
2025-04-28 16:54:39,691 [INFO] ThirdParty:1030 - CMSIS Pack Vendor :STMicroelectronics X-CUBE-BLE1 6.2.4
2025-04-28 16:54:39,691 [INFO] ThirdParty:1030 - CMSIS Pack Vendor :STMicroelectronics FreeRTOS 0.0.1
2025-04-28 16:54:39,691 [INFO] ThirdParty:1030 - CMSIS Pack Vendor :emotas I-CUBE-CANOPEN 1.1.3
2025-04-28 16:54:39,691 [INFO] ThirdParty:1030 - CMSIS Pack Vendor :STMicroelectronics X-CUBE-BLEMGR 2.0.0
2025-04-28 16:54:39,691 [INFO] ThirdParty:1030 - CMSIS Pack Vendor :STMicroelectronics FP-SNS-FLIGHT1 5.0.2
2025-04-28 16:54:39,691 [INFO] ThirdParty:1030 - CMSIS Pack Vendor :STMicroelectronics X-CUBE-AI 9.0.0
2025-04-28 16:54:39,691 [INFO] ThirdParty:1030 - CMSIS Pack Vendor :STMicroelectronics X-CUBE-AZRTOS-H7 3.1.0
2025-04-28 16:54:39,691 [INFO] ThirdParty:1030 - CMSIS Pack Vendor :STMicroelectronics PDM2PCM 3.3.0
2025-04-28 16:54:39,691 [INFO] ThirdParty:1030 - CMSIS Pack Vendor :STMicroelectronics X-CUBE-DISPLAY 3.0.0
2025-04-28 16:54:39,691 [INFO] ThirdParty:1030 - CMSIS Pack Vendor :STMicroelectronics X-CUBE-BLE1 7.0.0
2025-04-28 16:54:39,691 [INFO] ThirdParty:1030 - CMSIS Pack Vendor :STMicroelectronics X-CUBE-NFC10 1.0.0
2025-04-28 16:54:39,691 [INFO] ThirdParty:1030 - CMSIS Pack Vendor :STMicroelectronics HAL Drivers 0.0.0
2025-04-28 16:54:39,691 [INFO] ThirdParty:1030 - CMSIS Pack Vendor :emotas I-CUBE-CANOPEN 1.3.0
2025-04-28 16:54:39,691 [INFO] ThirdParty:1030 - CMSIS Pack Vendor :STMicroelectronics X-CUBE-FREERTOS 1.3.0
2025-04-28 16:54:39,691 [INFO] ThirdParty:1030 - CMSIS Pack Vendor :STMicroelectronics X-CUBE-TOUCHGFX 4.22.0
2025-04-28 16:54:39,691 [INFO] ThirdParty:1030 - CMSIS Pack Vendor :STMicroelectronics X-CUBE-NFC7 1.0.1
2025-04-28 16:54:39,691 [INFO] ThirdParty:1030 - CMSIS Pack Vendor :STMicroelectronics MBEDTLS 2.14.1
2025-04-28 16:54:39,691 [INFO] ThirdParty:1030 - CMSIS Pack Vendor :STMicroelectronics X-CUBE-NFC7 1.0.0
2025-04-28 16:54:39,691 [INFO] ThirdParty:1030 - CMSIS Pack Vendor :STMicroelectronics X-CUBE-TOUCHGFX 4.22.1
2025-04-28 16:54:39,691 [INFO] ThirdParty:1030 - CMSIS Pack Vendor :wolfSSL I-CUBE-wolfTPM 3.2.0
2025-04-28 16:54:39,691 [INFO] ThirdParty:1030 - CMSIS Pack Vendor :STMicroelectronics X-CUBE-NFC6 3.0.0
2025-04-28 16:54:39,691 [INFO] ThirdParty:1030 - CMSIS Pack Vendor :STMicroelectronics X-CUBE-EEPRMA1 4.1.0
2025-04-28 16:54:39,691 [INFO] ThirdParty:1030 - CMSIS Pack Vendor :STMicroelectronics X-CUBE-BLEMGR 3.1.0
2025-04-28 16:54:39,691 [INFO] ThirdParty:1030 - CMSIS Pack Vendor :STMicroelectronics X-CUBE-AI 10.0.0
2025-04-28 16:54:39,691 [INFO] ThirdParty:1030 - CMSIS Pack Vendor :STMicroelectronics FP-SNS-SMARTAG2 1.2.0
2025-04-28 16:54:39,691 [INFO] ThirdParty:1030 - CMSIS Pack Vendor :STMicroelectronics X-CUBE-MEMS1 11.1.0
2025-04-28 16:54:39,692 [INFO] ThirdParty:1030 - CMSIS Pack Vendor :STMicroelectronics X-CUBE-AZRTOS-WL 2.0.0
2025-04-28 16:54:39,692 [INFO] ThirdParty:1030 - CMSIS Pack Vendor :STMicroelectronics FP-SNS-MOTENV1 5.0.0
2025-04-28 16:54:39,692 [INFO] ThirdParty:1030 - CMSIS Pack Vendor :STMicroelectronics USB_DEVICE 1.0.0
2025-04-28 16:54:39,692 [INFO] ThirdParty:1030 - CMSIS Pack Vendor :STMicroelectronics X-CUBE-AI 8.1.0
2025-04-28 16:54:39,692 [INFO] ThirdParty:1030 - CMSIS Pack Vendor :wolfSSL I-CUBE-wolfMQTT 1.19.0
2025-04-28 16:54:39,692 [INFO] ThirdParty:1030 - CMSIS Pack Vendor :STMicroelectronics X-CUBE-AZRTOS-L4 2.0.0
2025-04-28 16:54:39,692 [INFO] ThirdParty:1030 - CMSIS Pack Vendor :STMicroelectronics ThreadX 0.0.2
2025-04-28 16:54:39,692 [INFO] ThirdParty:1030 - CMSIS Pack Vendor :WES I-CUBE-Cesium 1.3.0
2025-04-28 16:54:39,692 [INFO] ThirdParty:1030 - CMSIS Pack Vendor :STMicroelectronics lwIP 2.1.2
2025-04-28 16:54:39,692 [INFO] ThirdParty:1030 - CMSIS Pack Vendor :STMicroelectronics X-CUBE-SFXS2LP1 4.0.0
2025-04-28 16:54:39,692 [INFO] ThirdParty:1030 - CMSIS Pack Vendor :STMicroelectronics X-CUBE-BLE2 3.3.0
2025-04-28 16:54:39,692 [INFO] ThirdParty:1030 - CMSIS Pack Vendor :STMicroelectronics PDM2PCM 3.2.0
2025-04-28 16:54:39,692 [INFO] ThirdParty:1030 - CMSIS Pack Vendor :STMicroelectronics X-CUBE-ISPU 1.1.0
2025-04-28 16:54:39,692 [INFO] ThirdParty:1030 - CMSIS Pack Vendor :STMicroelectronics X-CUBE-AZRTOS-H7 3.3.0
2025-04-28 16:54:39,692 [INFO] ThirdParty:1030 - CMSIS Pack Vendor :STMicroelectronics X-CUBE-NFC9 1.0.0
2025-04-28 16:54:39,692 [INFO] ThirdParty:1030 - CMSIS Pack Vendor :STMicroelectronics X-CUBE-BLE1 7.1.0
2025-04-28 16:54:39,692 [INFO] ThirdParty:1030 - CMSIS Pack Vendor :STMicroelectronics USB_DEVICE 3.0.0
2025-04-28 16:54:39,692 [INFO] ThirdParty:1030 - CMSIS Pack Vendor :STMicroelectronics X-CUBE-TCPP 4.1.0
2025-04-28 16:54:39,693 [INFO] ThirdParty:1030 - CMSIS Pack Vendor :STMicroelectronics X-CUBE-AZRTOS-WB 2.0.0
2025-04-28 16:54:39,693 [INFO] ThirdParty:1030 - CMSIS Pack Vendor :STMicroelectronics X-CUBE-FREERTOS 1.0.1
2025-04-28 16:54:39,693 [INFO] ThirdParty:1030 - CMSIS Pack Vendor :STMicroelectronics X-CUBE-GNSS1 7.0.1
2025-04-28 16:54:39,693 [INFO] ThirdParty:1030 - CMSIS Pack Vendor :STMicroelectronics X-CUBE-TOUCHGFX 4.21.4
2025-04-28 16:54:39,693 [INFO] ThirdParty:1030 - CMSIS Pack Vendor :STMicroelectronics X-CUBE-TOUCHGFX 4.25.0
2025-04-28 16:54:39,693 [INFO] ThirdParty:1030 - CMSIS Pack Vendor :STMicroelectronics X-CUBE-ALGOBUILD 1.3.0
2025-04-28 16:54:39,693 [INFO] ThirdParty:1030 - CMSIS Pack Vendor :STMicroelectronics X-CUBE-AZRTOS-L5 1.1.0
2025-04-28 16:54:39,693 [INFO] ThirdParty:1030 - CMSIS Pack Vendor :STMicroelectronics X-CUBE-MEMS1 11.2.0
2025-04-28 16:54:39,693 [INFO] ThirdParty:1030 - CMSIS Pack Vendor :STMicroelectronics X-CUBE-AZRTOS-G0 1.1.0
2025-04-28 16:54:39,693 [INFO] ThirdParty:1030 - CMSIS Pack Vendor :STMicroelectronics X-CUBE-AI 8.0.1
2025-04-28 16:54:39,693 [INFO] ThirdParty:1030 - CMSIS Pack Vendor :STMicroelectronics X-CUBE-SAFEA1 1.2.2
2025-04-28 16:54:39,693 [INFO] ThirdParty:1030 - CMSIS Pack Vendor :STMicroelectronics X-CUBE-NFC4 3.0.0
2025-04-28 16:54:39,693 [INFO] ThirdParty:1030 - CMSIS Pack Vendor :STMicroelectronics X-CUBE-SUBG2 5.0.0
2025-04-28 16:54:39,693 [INFO] ThirdParty:1030 - CMSIS Pack Vendor :STMicroelectronics X-CUBE-AZRTOS-H7RS 1.1.0
2025-04-28 16:54:39,693 [INFO] ThirdParty:1030 - CMSIS Pack Vendor :STMicroelectronics STM32_WPAN 1.0.0
2025-04-28 16:54:39,693 [INFO] ThirdParty:1030 - CMSIS Pack Vendor :wolfSSL I-CUBE-wolfMQTT 1.18.0
2025-04-28 16:54:39,693 [INFO] ThirdParty:1030 - CMSIS Pack Vendor :STMicroelectronics lwIP 2.0.3
2025-04-28 16:54:39,693 [INFO] ThirdParty:1030 - CMSIS Pack Vendor :Cesanta I-CUBE-Mongoose 7.13.0
2025-04-28 16:54:39,693 [INFO] ThirdParty:1030 - CMSIS Pack Vendor :STMicroelectronics USB_HOST 1.0.0
2025-04-28 16:54:39,693 [INFO] ThirdParty:1030 - CMSIS Pack Vendor :STMicroelectronics X-CUBE-TOF1 3.3.1
2025-04-28 16:54:39,693 [INFO] ThirdParty:1030 - CMSIS Pack Vendor :STMicroelectronics X-CUBE-AZRTOS-G4 2.0.0
2025-04-28 16:54:39,693 [INFO] ThirdParty:1030 - CMSIS Pack Vendor :STMicroelectronics X-CUBE-WB05N 2.0.0
2025-04-28 16:54:39,693 [INFO] ThirdParty:1030 - CMSIS Pack Vendor :STMicroelectronics PDM2PCM 3.1.0
2025-04-28 16:54:39,693 [INFO] ThirdParty:1030 - CMSIS Pack Vendor :STMicroelectronics X-CUBE-TOF1 3.3.0
2025-04-28 16:54:39,693 [INFO] ThirdParty:1030 - CMSIS Pack Vendor :Infineon AIROC-Wi-Fi-Bluetooth-STM32 1.5.1
2025-04-28 16:54:39,693 [INFO] ThirdParty:1030 - CMSIS Pack Vendor :STMicroelectronics X-CUBE-BLEMGR 3.0.0
2025-04-28 16:54:39,694 [INFO] ThirdParty:1030 - CMSIS Pack Vendor :STMicroelectronics FP-SNS-MOTENVWB1 1.3.0
2025-04-28 16:54:39,694 [INFO] ThirdParty:1030 - CMSIS Pack Vendor :STMicroelectronics FP-SNS-MOTENVWB1 1.3.1
2025-04-28 16:54:39,694 [INFO] ThirdParty:1030 - CMSIS Pack Vendor :STMicroelectronics FP-ATR-SIGFOX1 3.2.0
2025-04-28 16:54:39,694 [INFO] ThirdParty:1030 - CMSIS Pack Vendor :STMicroelectronics X-CUBE-AZRTOS-L4 1.0.0
2025-04-28 16:54:39,694 [INFO] ThirdParty:1030 - CMSIS Pack Vendor :STMicroelectronics X-CUBE-ISPU 2.0.0
2025-04-28 16:54:39,694 [INFO] ThirdParty:1030 - CMSIS Pack Vendor :STMicroelectronics X-CUBE-EEPRMA1 5.1.0
2025-04-28 16:54:39,694 [INFO] ThirdParty:1030 - CMSIS Pack Vendor :STMicroelectronics MBEDTLS 2.16.2
2025-04-28 16:54:39,694 [INFO] ThirdParty:1030 - CMSIS Pack Vendor :STMicroelectronics X-CUBE-ALS 1.0.2
2025-04-28 16:54:39,694 [INFO] ThirdParty:1030 - CMSIS Pack Vendor :STMicroelectronics X-CUBE-MEMS1 10.0.0
2025-04-28 16:54:39,694 [INFO] ThirdParty:1030 - CMSIS Pack Vendor :STMicroelectronics X-CUBE-FREERTOS 1.1.0
2025-04-28 16:54:39,694 [INFO] ThirdParty:1030 - CMSIS Pack Vendor :wolfSSL I-CUBE-wolfSSL 5.7.6
2025-04-28 16:54:39,694 [INFO] ThirdParty:1030 - CMSIS Pack Vendor :STMicroelectronics X-CUBE-TOUCHGFX 4.24.0
2025-04-28 16:54:39,694 [INFO] ThirdParty:1030 - CMSIS Pack Vendor :ITTIA_DB I-CUBE-ITTIADB 8.9.0
2025-04-28 16:54:39,694 [INFO] ThirdParty:1030 - CMSIS Pack Vendor :STMicroelectronics X-CUBE-TOUCHGFX 4.24.2
2025-04-28 16:54:39,694 [INFO] ThirdParty:1030 - CMSIS Pack Vendor :STMicroelectronics X-CUBE-AZRTOS-WL 1.0.0
2025-04-28 16:54:39,694 [INFO] ThirdParty:1030 - CMSIS Pack Vendor :STMicroelectronics X-CUBE-TOUCHGFX 4.24.1
2025-04-28 16:54:39,695 [INFO] ThirdParty:1030 - CMSIS Pack Vendor :wolfSSL I-CUBE-wolfTPM 3.4.0
2025-04-28 16:54:39,695 [INFO] ThirdParty:1030 - CMSIS Pack Vendor :portGmbH I-Cube-SoM-uGOAL 1.1.0
2025-04-28 16:54:39,695 [INFO] ThirdParty:1030 - CMSIS Pack Vendor :STMicroelectronics X-CUBE-ALS 1.0.1
2025-04-28 16:54:39,695 [INFO] ThirdParty:1030 - CMSIS Pack Vendor :STMicroelectronics ThreadX 1.0.0
2025-04-28 16:54:39,695 [INFO] ThirdParty:1030 - CMSIS Pack Vendor :STMicroelectronics X-CUBE-AZRTOS-WB 1.1.0
2025-04-28 16:54:39,695 [INFO] ThirdParty:1030 - CMSIS Pack Vendor :SEGGER I-CUBE-embOS 1.3.1
2025-04-28 16:54:39,695 [INFO] ThirdParty:1030 - CMSIS Pack Vendor :STMicroelectronics X-CUBE-ALGOBUILD 1.4.0
2025-04-28 16:54:39,695 [INFO] ThirdParty:1030 - CMSIS Pack Vendor :STMicroelectronics X-CUBE-AZRTOS-H7RS 1.0.0
2025-04-28 16:54:39,695 [INFO] ThirdParty:1030 - CMSIS Pack Vendor :STMicroelectronics FP-ATR-ASTRA1 2.0.0
2025-04-28 16:54:39,695 [INFO] ThirdParty:1030 - CMSIS Pack Vendor :STMicroelectronics X-CUBE-AI 9.1.0
2025-04-28 16:54:39,695 [INFO] ThirdParty:1030 - CMSIS Pack Vendor :STMicroelectronics X-CUBE-TOF1 3.4.0
2025-04-28 16:54:39,695 [INFO] ThirdParty:1030 - CMSIS Pack Vendor :STMicroelectronics X-CUBE-TOF1 3.4.1
2025-04-28 16:54:39,695 [INFO] ThirdParty:1030 - CMSIS Pack Vendor :STMicroelectronics X-CUBE-AZRTOS-H7 3.2.0
2025-04-28 16:54:39,695 [INFO] ThirdParty:1030 - CMSIS Pack Vendor :wolfSSL I-CUBE-wolfSSH 1.4.17
2025-04-28 16:54:39,695 [INFO] ThirdParty:841 - exiting critical section [change project]
2025-04-28 16:54:39,940 [INFO] PinOutPanel:1499 - setPackage(No Configuration,No Configuration)
2025-04-28 16:54:39,942 [INFO] PinOutPanel:1499 - setPackage(STM32F103CBTx,LQFP48)
2025-04-28 16:54:40,296 [INFO] UtilMem:75 - Before build in PCC Used Memory: 267601552 Bytes (372244480)
2025-04-28 16:54:41,089 [INFO] UtilMem:75 - After build in PCC Used Memory: 222421080 Bytes (372244480)
2025-04-28 16:54:41,114 [INFO] IPUIPlugin:80 - create IPUIPlugin
2025-04-28 16:54:41,114 [INFO] IPUIPlugin:80 - create IPUIPlugin
2025-04-28 16:54:41,115 [INFO] IPUIPlugin:80 - create IPUIPlugin
2025-04-28 16:54:41,115 [INFO] IPUIPlugin:80 - create IPUIPlugin
2025-04-28 16:54:41,115 [INFO] IPUIPlugin:80 - create IPUIPlugin
2025-04-28 16:54:41,115 [INFO] IPUIPlugin:80 - create IPUIPlugin
2025-04-28 16:54:41,115 [INFO] IPUIPlugin:80 - create IPUIPlugin
2025-04-28 16:54:41,115 [INFO] IPUIPlugin:80 - create IPUIPlugin
2025-04-28 16:54:41,115 [INFO] IPUIPlugin:80 - create IPUIPlugin
2025-04-28 16:54:41,115 [INFO] IPUIPlugin:80 - create IPUIPlugin
2025-04-28 16:54:41,116 [INFO] IPUIPlugin:80 - create IPUIPlugin
2025-04-28 16:54:41,116 [INFO] IPUIPlugin:80 - create IPUIPlugin
2025-04-28 16:54:41,116 [INFO] IPUIPlugin:80 - create IPUIPlugin
2025-04-28 16:54:41,116 [INFO] IPUIPlugin:80 - create IPUIPlugin
2025-04-28 16:54:41,116 [INFO] IPUIPlugin:80 - create IPUIPlugin
2025-04-28 16:54:41,116 [INFO] IPUIPlugin:80 - create IPUIPlugin
2025-04-28 16:54:41,116 [INFO] IPUIPlugin:80 - create IPUIPlugin
2025-04-28 16:54:41,117 [INFO] IPUIPlugin:80 - create IPUIPlugin
2025-04-28 16:54:41,117 [INFO] IPUIPlugin:80 - create IPUIPlugin
2025-04-28 16:54:41,117 [INFO] IPUIPlugin:80 - create IPUIPlugin
2025-04-28 16:54:41,117 [INFO] IPUIPlugin:80 - create IPUIPlugin
2025-04-28 16:54:41,117 [INFO] IPUIPlugin:80 - create IPUIPlugin
2025-04-28 16:54:41,117 [INFO] IPUIPlugin:80 - create IPUIPlugin
2025-04-28 16:54:41,117 [INFO] IPUIPlugin:80 - create IPUIPlugin
2025-04-28 16:54:41,118 [INFO] IPUIPlugin:80 - create IPUIPlugin
2025-04-28 16:54:41,118 [INFO] IPUIPlugin:80 - create IPUIPlugin
2025-04-28 16:54:41,118 [INFO] IPUIPlugin:80 - create IPUIPlugin
2025-04-28 16:54:41,290 [INFO] CADModel:165 - CPN selected for project levelSTM32F103CBT6
2025-04-28 16:54:41,290 [INFO] CADModel:114 - Register for checkConnection events
2025-04-28 16:54:41,345 [INFO] OpenFileManager:328 - Restore cursor
2025-04-28 16:54:51,804 [INFO] UtilMem:75 - End SaveConfig() Used Memory: 298077320 Bytes (466616320)
2025-04-28 16:54:52,247 [INFO] BlockDiagram:2759 - set Specific Code input for plugin: NVIC
2025-04-28 16:54:52,247 [INFO] BlockDiagram:2759 - set Specific Code input for plugin: SYS
2025-04-28 16:54:52,248 [INFO] BlockDiagram:2759 - set Specific Code input for plugin: GPIO
2025-04-28 16:54:52,249 [INFO] BlockDiagram:2759 - set Specific Code input for plugin: RCC
2025-04-28 16:54:52,250 [INFO] CodeGenerator:799 - code generatio: config db path: D:\ITC\STM32\STM32CubeIDE_1.13.0\STM32CubeIDE\plugins\com.st.stm32cube.common.mx_6.9.0.202307051724\\db\
2025-04-28 16:54:52,550 [INFO] CodeEngine:255 - oldGeneratedFile, D:\AIFARM\STM32_GREENB\stm32f103_nethouse\MXTmpFiles\license.tmp_save
2025-04-28 16:54:52,922 [INFO] CodeEngine:279 - Generated code: D:\AIFARM\STM32_GREENB\stm32f103_nethouse\MXTmpFiles\license.tmp
2025-04-28 16:54:53,042 [INFO] CodeEngine:255 - oldGeneratedFile, D:\AIFARM\STM32_GREENB\stm32f103_nethouse\MXTmpFiles\gpio.tmp_save
2025-04-28 16:54:53,160 [INFO] CodeEngine:279 - Generated code: D:\AIFARM\STM32_GREENB\stm32f103_nethouse\MXTmpFiles\gpio.tmp
2025-04-28 16:54:53,203 [INFO] CodeEngine:255 - oldGeneratedFile, D:\AIFARM\STM32_GREENB\stm32f103_nethouse\Core\Src\stm32f1xx_it.c_save
2025-04-28 16:54:53,320 [INFO] CodeEngine:279 - Generated code: D:\AIFARM\STM32_GREENB\stm32f103_nethouse\Core\Src\stm32f1xx_it.c
2025-04-28 16:54:53,326 [INFO] CodeEngine:255 - oldGeneratedFile, D:\AIFARM\STM32_GREENB\stm32f103_nethouse\Core\Inc\stm32f1xx_it.h_save
2025-04-28 16:54:53,439 [INFO] CodeEngine:279 - Generated code: D:\AIFARM\STM32_GREENB\stm32f103_nethouse\Core\Inc\stm32f1xx_it.h
2025-04-28 16:54:53,466 [INFO] CodeEngine:255 - oldGeneratedFile, D:\AIFARM\STM32_GREENB\stm32f103_nethouse\Core\Src\stm32f1xx_hal_msp.c_save
2025-04-28 16:54:53,599 [INFO] CodeEngine:279 - Generated code: D:\AIFARM\STM32_GREENB\stm32f103_nethouse\Core\Src\stm32f1xx_hal_msp.c
2025-04-28 16:54:53,603 [INFO] CodeEngine:255 - oldGeneratedFile, D:\AIFARM\STM32_GREENB\stm32f103_nethouse\MXTmpFiles\system.tmp_save
2025-04-28 16:54:53,661 [INFO] CodeEngine:279 - Generated code: D:\AIFARM\STM32_GREENB\stm32f103_nethouse\MXTmpFiles\system.tmp
2025-04-28 16:54:53,683 [INFO] CodeEngine:311 - oldGeneratedFile, D:\AIFARM\STM32_GREENB\stm32f103_nethouse\Core\Inc\stm32f1xx_hal_conf.h_save
2025-04-28 16:54:53,794 [INFO] CodeEngine:335 - Generated code: D:\AIFARM\STM32_GREENB\stm32f103_nethouse\Core\Inc\stm32f1xx_hal_conf.h
2025-04-28 16:54:53,845 [INFO] CodeEngine:255 - oldGeneratedFile, D:\AIFARM\STM32_GREENB\stm32f103_nethouse\Core\Inc\main.h_save
2025-04-28 16:54:53,941 [INFO] CodeEngine:279 - Generated code: D:\AIFARM\STM32_GREENB\stm32f103_nethouse\Core\Inc\main.h
2025-04-28 16:54:53,959 [INFO] CodeEngine:255 - oldGeneratedFile, D:\AIFARM\STM32_GREENB\stm32f103_nethouse\Core\Src\main.c_save
2025-04-28 16:54:54,078 [INFO] CodeEngine:279 - Generated code: D:\AIFARM\STM32_GREENB\stm32f103_nethouse\Core\Src\main.c
2025-04-28 16:54:54,775 [INFO] ProjectBuilder:3064 - Time for Copy HAL[1] : 152mS.
2025-04-28 16:54:54,783 [INFO] ProjectBuilder:4404 - Project Generator version: 4.1.0
2025-04-28 16:54:55,009 [INFO] ConfigFileManager:1457 - The Die is : DIE410
2025-04-28 16:54:55,026 [INFO] ApiDbMcu:507 - Load IP Config File for FATFS
2025-04-28 16:54:55,032 [INFO] ApiDbMcu:507 - Load IP Config File for FREERTOS
2025-04-28 16:54:55,038 [INFO] ApiDbMcu:507 - Load IP Config File for USB_DEVICE
2025-04-28 16:54:55,734 [INFO] LogOutputStream:77 - [STDOUT_REDIRECT] 
2025-04-28 16:54:56,720 [INFO] ProjectBuilder:4626 - Time for Generating toolchain IDE Files: 1938mS.
2025-04-28 16:54:56,722 [INFO] ProjectBuilder:2935 - Time for Copy CMSIS : 1mS.
2025-04-28 16:54:56,724 [INFO] ProjectBuilder:2935 - Time for Copy CMSIS : 0mS.
