2025-05-20 08:30:45,389 [INFO] Activator:176 - 


2025-05-20 08:30:45,396 [INFO] Activator:177 - !SESSION log4j initialized
2025-05-20 08:30:55,743 [INFO] LogOutputStream:77 - [STDOUT_REDIRECT] 
2025-05-20 08:30:59,949 [INFO] ApplicationProperties:184 - Using Application install path: D:\ITC\STM32\STM32CubeIDE_1.13.0\STM32CubeIDE\plugins\com.st.stm32cube.common.mx_6.9.0.202307051724
2025-05-20 08:30:59,972 [INFO] DbMcusXml:78 - Set database path to: D:\ITC\STM32\STM32CubeIDE_1.13.0\STM32CubeIDE\plugins\com.st.stm32cube.common.mx_6.9.0.202307051724\\db\/mcu/
2025-05-20 08:30:59,974 [INFO] ApiDb:274 - Set plugin database path to: D:\ITC\STM32\STM32CubeIDE_1.13.0\STM32CubeIDE\plugins\com.st.stm32cube.common.mx_6.9.0.202307051724\\db\/plugins/boardmanager/
2025-05-20 08:30:59,974 [WARN] ApiDb:259 - Overriding images path with different value:  => D:\ITC\STM32\STM32CubeIDE_1.13.0\STM32CubeIDE\plugins\com.st.stm32cube.common.mx_6.9.0.202307051724\\db\/plugins/mcufinder/images/
2025-05-20 08:30:59,990 [INFO] ApiDb:250 - Set database path to: C:\Users\msi1\.stmcufinder\plugins\mcufinder//mcu/
2025-05-20 08:30:59,991 [INFO] DbMcusAds:125 - Set database path to: C:\Users\msi1\.stmcufinder\plugins\mcufinder//mcu/
2025-05-20 08:30:59,992 [INFO] CrossReferenceDbSqlite:203 - Set database path to: C:\Users\msi1\.stmcufinder\plugins\mcufinder//mcu/cs/
2025-05-20 08:31:00,114 [INFO] RulesReader:64 - Compatibility file has been processed (293 Rules)
2025-05-20 08:31:00,220 [INFO] DbMcusXml:78 - Set database path to: D:\ITC\STM32\STM32CubeIDE_1.13.0\STM32CubeIDE\plugins\com.st.stm32cube.common.mx_6.9.0.202307051724\\db\/mcu/
2025-05-20 08:31:00,220 [INFO] ApiDb:274 - Set plugin database path to: D:\ITC\STM32\STM32CubeIDE_1.13.0\STM32CubeIDE\plugins\com.st.stm32cube.common.mx_6.9.0.202307051724\\db\/plugins/boardmanager/
2025-05-20 08:31:00,220 [INFO] ApiDb:261 - Set plugin images path to: D:\ITC\STM32\STM32CubeIDE_1.13.0\STM32CubeIDE\plugins\com.st.stm32cube.common.mx_6.9.0.202307051724\\db\/plugins/mcufinder/images/
2025-05-20 08:31:00,220 [WARN] DbFile:41 - Overriding database path with different value: C:\Users\msi1\.stmcufinder\plugins\mcufinder/ => C:\Users\msi1\.stmcufinder\plugins\mcufinder
2025-05-20 08:31:00,220 [INFO] ApiDb:250 - Set database path to: C:\Users\msi1\.stmcufinder\plugins\mcufinder//mcu/
2025-05-20 08:31:00,220 [WARN] DbFile:41 - Overriding database path with different value: C:\Users\msi1\.stmcufinder\plugins\mcufinder/ => C:\Users\msi1\.stmcufinder\plugins\mcufinder
2025-05-20 08:31:00,221 [INFO] DbMcusAds:125 - Set database path to: C:\Users\msi1\.stmcufinder\plugins\mcufinder//mcu/
2025-05-20 08:31:00,221 [WARN] DbFile:41 - Overriding database path with different value: C:\Users\msi1\.stmcufinder\plugins\mcufinder/ => C:\Users\msi1\.stmcufinder\plugins\mcufinder
2025-05-20 08:31:00,221 [WARN] DbFile:41 - Overriding database path with different value: C:\Users\msi1\.stmcufinder\plugins\mcufinder/ => C:\Users\msi1\.stmcufinder\plugins\mcufinder
2025-05-20 08:31:00,221 [INFO] CrossReferenceDbSqlite:203 - Set database path to: C:\Users\msi1\.stmcufinder\plugins\mcufinder//mcu/cs/
2025-05-20 08:31:00,310 [INFO] MainPanel:262 - HeapMemory: 268435456
2025-05-20 08:31:00,454 [INFO] DbMcusXml:78 - Set database path to: D:\ITC\STM32\STM32CubeIDE_1.13.0\STM32CubeIDE\plugins\com.st.stm32cube.common.mx_6.9.0.202307051724\\db\/mcu/
2025-05-20 08:31:00,454 [INFO] ApiDb:274 - Set plugin database path to: D:\ITC\STM32\STM32CubeIDE_1.13.0\STM32CubeIDE\plugins\com.st.stm32cube.common.mx_6.9.0.202307051724\\db\/plugins/boardmanager/
2025-05-20 08:31:00,455 [INFO] ApiDb:261 - Set plugin images path to: D:\ITC\STM32\STM32CubeIDE_1.13.0\STM32CubeIDE\plugins\com.st.stm32cube.common.mx_6.9.0.202307051724\\db\/plugins/mcufinder/images/
2025-05-20 08:31:00,455 [WARN] DbFile:41 - Overriding database path with different value: C:\Users\msi1\.stmcufinder\plugins\mcufinder/ => C:\Users\msi1\.stmcufinder\plugins\mcufinder
2025-05-20 08:31:00,455 [INFO] ApiDb:250 - Set database path to: C:\Users\msi1\.stmcufinder\plugins\mcufinder//mcu/
2025-05-20 08:31:00,455 [WARN] DbFile:41 - Overriding database path with different value: C:\Users\msi1\.stmcufinder\plugins\mcufinder/ => C:\Users\msi1\.stmcufinder\plugins\mcufinder
2025-05-20 08:31:00,455 [INFO] DbMcusAds:125 - Set database path to: C:\Users\msi1\.stmcufinder\plugins\mcufinder//mcu/
2025-05-20 08:31:00,455 [WARN] DbFile:41 - Overriding database path with different value: C:\Users\msi1\.stmcufinder\plugins\mcufinder/ => C:\Users\msi1\.stmcufinder\plugins\mcufinder
2025-05-20 08:31:00,455 [WARN] DbFile:41 - Overriding database path with different value: C:\Users\msi1\.stmcufinder\plugins\mcufinder/ => C:\Users\msi1\.stmcufinder\plugins\mcufinder
2025-05-20 08:31:00,456 [INFO] CrossReferenceDbSqlite:203 - Set database path to: C:\Users\msi1\.stmcufinder\plugins\mcufinder//mcu/cs/
2025-05-20 08:31:00,476 [INFO] ApplicationProperties:184 - Using Application install path: D:\ITC\STM32\STM32CubeIDE_1.13.0\STM32CubeIDE\plugins\com.st.stm32cube.common.mx_6.9.0.202307051724
2025-05-20 08:31:00,477 [INFO] PluginManage:196 - Search for loadable plugins [exclusion list=, ]
2025-05-20 08:31:00,478 [INFO] PluginManage:310 - Check plugin analytics
2025-05-20 08:31:00,644 [INFO] AnalyticsPlugin:253 - Accepted Software Licenses: 
2025-05-20 08:31:00,644 [INFO] AnalyticsPlugin:255 - Accepted CMSIS Pack Licenses: 
2025-05-20 08:31:00,644 [INFO] AnalyticsPlugin:257 - Accepted Firmware Licenses: FW.F4.1.27.0
2025-05-20 08:31:00,647 [INFO] PluginManage:359 - Loaded plugin analytics (category:tool,tabindex:-1)
2025-05-20 08:31:00,647 [INFO] PluginManage:310 - Check plugin cadmodel
2025-05-20 08:31:00,664 [INFO] CADModel:105 - Init CAD model plugin
2025-05-20 08:31:00,664 [INFO] PluginManage:359 - Loaded plugin cadmodel (category:power,tabindex:5)
2025-05-20 08:31:00,664 [INFO] PluginManage:310 - Check plugin clock
2025-05-20 08:31:00,684 [INFO] PluginManage:359 - Loaded plugin clock (category:base,tabindex:2)
2025-05-20 08:31:00,684 [INFO] PluginManage:310 - Check plugin ddr
2025-05-20 08:31:00,687 [INFO] PluginManage:359 - Loaded plugin ddr (category:tool,tabindex:6)
2025-05-20 08:31:00,687 [INFO] PluginManage:310 - Check plugin filemanager
2025-05-20 08:31:00,832 [INFO] PluginManage:359 - Loaded plugin filemanager (category:base,tabindex:10)
2025-05-20 08:31:00,832 [INFO] PluginManage:310 - Check plugin ipmanager
2025-05-20 08:31:00,840 [INFO] PluginManage:359 - Loaded plugin ipmanager (category:base,tabindex:5)
2025-05-20 08:31:00,840 [INFO] PluginManage:310 - Check plugin lpbam
2025-05-20 08:31:00,856 [INFO] PluginManage:359 - Loaded plugin lpbam (category:base,tabindex:0)
2025-05-20 08:31:00,857 [INFO] PluginManage:310 - Check plugin memorymap
2025-05-20 08:31:00,891 [INFO] PluginManage:359 - Loaded plugin memorymap (category:base,tabindex:4)
2025-05-20 08:31:00,891 [INFO] PluginManage:310 - Check plugin pinoutandconfiguration
2025-05-20 08:31:00,908 [INFO] PluginManage:359 - Loaded plugin pinoutandconfiguration (category:base,tabindex:1)
2025-05-20 08:31:00,908 [INFO] PluginManage:310 - Check plugin pinoutconfig
2025-05-20 08:31:01,004 [WARN] SupportedApi:132 - Cannot load RTOS API schema: s4s-elt-must-match.1: The content of 'definitions' must match (annotation?, (simpleType | complexType)?, (unique | key | keyref)*)). A problem was found starting at: attribute.
2025-05-20 08:31:01,147 [INFO] PluginManage:359 - Loaded plugin pinoutconfig (category:base,tabindex:0)
2025-05-20 08:31:01,147 [INFO] PluginManage:310 - Check plugin power
2025-05-20 08:31:01,173 [INFO] PluginManage:359 - Loaded plugin power (category:power,tabindex:4)
2025-05-20 08:31:01,173 [INFO] PluginManage:310 - Check plugin projectmanager
2025-05-20 08:31:01,186 [INFO] PluginManage:359 - Loaded plugin projectmanager (category:projectmanager,tabindex:3)
2025-05-20 08:31:01,187 [INFO] PluginManage:310 - Check plugin thirdparty
2025-05-20 08:31:01,504 [INFO] PluginManage:359 - Loaded plugin thirdparty (category:base,tabindex:-1)
2025-05-20 08:31:01,504 [WARN] IntegrityCheckThread:84 - waiting for thirdparty lock release [integrity check]
2025-05-20 08:31:01,504 [INFO] PluginManage:310 - Check plugin tools
2025-05-20 08:31:01,504 [INFO] IntegrityCheckThread:86 - entering critical section [integrity check]
2025-05-20 08:31:01,505 [INFO] ThirdPartyUpdaterWithRetryManager:70 - Updater plugin not ready yet. [1/15]
2025-05-20 08:31:01,552 [INFO] PluginManage:359 - Loaded plugin tools (category:base,tabindex:7)
2025-05-20 08:31:01,552 [INFO] PluginManage:310 - Check plugin tutovideos
2025-05-20 08:31:01,776 [INFO] PluginManage:359 - Loaded plugin tutovideos (category:base,tabindex:-1)
2025-05-20 08:31:01,776 [INFO] PluginManage:310 - Check plugin updater
2025-05-20 08:31:01,786 [INFO] PluginManage:359 - Loaded plugin updater (category:base,tabindex:12)
2025-05-20 08:31:01,786 [INFO] PluginManage:310 - Check plugin userauth
2025-05-20 08:31:01,793 [INFO] UserAuth:113 - Init User Auth plugin
2025-05-20 08:31:01,794 [INFO] PluginManage:359 - Loaded plugin userauth (category:base,tabindex:14)
2025-05-20 08:31:01,795 [INFO] PluginManage:283 - PluginManage : Loaded plugins [17]
2025-05-20 08:31:02,011 [INFO] PinOutPanel:1499 - setPackage(No Configuration,No Configuration)
2025-05-20 08:31:02,110 [INFO] CADModel:165 - CPN selected for project level
2025-05-20 08:31:02,110 [INFO] CADModel:114 - Register for checkConnection events
2025-05-20 08:31:02,136 [INFO] IPUIPlugin:80 - create IPUIPlugin
2025-05-20 08:31:02,136 [INFO] PluginManager:220 - loadIPPluginJar : add adc
2025-05-20 08:31:02,173 [INFO] IPUIPlugin:80 - create IPUIPlugin
2025-05-20 08:31:02,173 [INFO] PluginManager:220 - loadIPPluginJar : add aes
2025-05-20 08:31:02,216 [INFO] IPUIPlugin:80 - create IPUIPlugin
2025-05-20 08:31:02,216 [INFO] PluginManager:220 - loadIPPluginJar : add can
2025-05-20 08:31:02,242 [INFO] IPUIPlugin:80 - create IPUIPlugin
2025-05-20 08:31:02,242 [INFO] PluginManager:220 - loadIPPluginJar : add comp
2025-05-20 08:31:02,277 [INFO] IPUIPlugin:80 - create IPUIPlugin
2025-05-20 08:31:02,277 [INFO] PluginManager:220 - loadIPPluginJar : add cryp
2025-05-20 08:31:02,313 [INFO] IPUIPlugin:80 - create IPUIPlugin
2025-05-20 08:31:02,313 [INFO] PluginManager:220 - loadIPPluginJar : add dfsdm
2025-05-20 08:31:02,332 [INFO] IPUIPlugin:80 - create IPUIPlugin
2025-05-20 08:31:02,332 [INFO] PluginManager:220 - loadIPPluginJar : add dma
2025-05-20 08:31:02,419 [INFO] IPUIPlugin:80 - create IPUIPlugin
2025-05-20 08:31:02,419 [INFO] PluginManager:220 - loadIPPluginJar : add dma3
2025-05-20 08:31:02,458 [INFO] IPUIPlugin:80 - create IPUIPlugin
2025-05-20 08:31:02,459 [INFO] PluginManager:220 - loadIPPluginJar : add fatfs
2025-05-20 08:31:02,523 [INFO] IPUIPlugin:80 - create IPUIPlugin
2025-05-20 08:31:02,523 [INFO] PluginManager:220 - loadIPPluginJar : add fmc
2025-05-20 08:31:02,540 [INFO] IPUIPlugin:80 - create IPUIPlugin
2025-05-20 08:31:02,540 [INFO] PluginManager:220 - loadIPPluginJar : add freertos
2025-05-20 08:31:02,560 [INFO] IPUIPlugin:80 - create IPUIPlugin
2025-05-20 08:31:02,560 [INFO] PluginManager:220 - loadIPPluginJar : add genericplugin
2025-05-20 08:31:02,652 [INFO] IPUIPlugin:80 - create IPUIPlugin
2025-05-20 08:31:02,652 [INFO] PluginManager:220 - loadIPPluginJar : add gfxmmu
2025-05-20 08:31:02,778 [INFO] IPUIPlugin:80 - create IPUIPlugin
2025-05-20 08:31:02,778 [INFO] PluginManager:220 - loadIPPluginJar : add gic
2025-05-20 08:31:02,836 [INFO] IPUIPlugin:80 - create IPUIPlugin
2025-05-20 08:31:02,837 [INFO] PluginManager:220 - loadIPPluginJar : add gpio
2025-05-20 08:31:03,044 [INFO] IPUIPlugin:80 - create IPUIPlugin
2025-05-20 08:31:03,044 [INFO] PluginManager:220 - loadIPPluginJar : add gtzc
2025-05-20 08:31:03,098 [INFO] IPUIPlugin:80 - create IPUIPlugin
2025-05-20 08:31:03,098 [INFO] PluginManager:220 - loadIPPluginJar : add hash
2025-05-20 08:31:03,158 [INFO] IPUIPlugin:80 - create IPUIPlugin
2025-05-20 08:31:03,159 [INFO] PluginManager:220 - loadIPPluginJar : add i2c
2025-05-20 08:31:03,197 [INFO] IPUIPlugin:80 - create IPUIPlugin
2025-05-20 08:31:03,197 [INFO] PluginManager:220 - loadIPPluginJar : add i2s
2025-05-20 08:31:03,236 [INFO] IPUIPlugin:80 - create IPUIPlugin
2025-05-20 08:31:03,236 [INFO] PluginManager:220 - loadIPPluginJar : add i3c
2025-05-20 08:31:03,326 [INFO] IPUIPlugin:80 - create IPUIPlugin
2025-05-20 08:31:03,326 [INFO] PluginManager:220 - loadIPPluginJar : add ipddr
2025-05-20 08:31:03,406 [INFO] IPUIPlugin:80 - create IPUIPlugin
2025-05-20 08:31:03,406 [INFO] PluginManager:220 - loadIPPluginJar : add linkedlist
2025-05-20 08:31:03,441 [INFO] IPUIPlugin:80 - create IPUIPlugin
2025-05-20 08:31:03,441 [INFO] PluginManager:220 - loadIPPluginJar : add lorawan
2025-05-20 08:31:03,480 [INFO] IPUIPlugin:80 - create IPUIPlugin
2025-05-20 08:31:03,480 [INFO] PluginManager:220 - loadIPPluginJar : add ltdc
2025-05-20 08:31:03,493 [INFO] IPUIPlugin:80 - create IPUIPlugin
2025-05-20 08:31:03,493 [INFO] PluginManager:220 - loadIPPluginJar : add mdma
2025-05-20 08:31:03,505 [INFO] IPUIPlugin:80 - create IPUIPlugin
2025-05-20 08:31:03,505 [INFO] PluginManager:220 - loadIPPluginJar : add nvic
2025-05-20 08:31:03,540 [INFO] IPUIPlugin:80 - create IPUIPlugin
2025-05-20 08:31:03,540 [INFO] PluginManager:220 - loadIPPluginJar : add opamp
2025-05-20 08:31:03,610 [INFO] IPUIPlugin:80 - create IPUIPlugin
2025-05-20 08:31:03,610 [INFO] PluginManager:220 - loadIPPluginJar : add openamp
2025-05-20 08:31:03,653 [INFO] IPUIPlugin:80 - create IPUIPlugin
2025-05-20 08:31:03,653 [INFO] PluginManager:220 - loadIPPluginJar : add pdm2pcm
2025-05-20 08:31:03,667 [INFO] IPUIPlugin:80 - create IPUIPlugin
2025-05-20 08:31:03,668 [INFO] PluginManager:220 - loadIPPluginJar : add plateformsettings
2025-05-20 08:31:03,692 [INFO] IPUIPlugin:80 - create IPUIPlugin
2025-05-20 08:31:03,692 [INFO] PluginManager:220 - loadIPPluginJar : add quadspi
2025-05-20 08:31:03,706 [INFO] IPUIPlugin:80 - create IPUIPlugin
2025-05-20 08:31:03,706 [INFO] PluginManager:220 - loadIPPluginJar : add resmgrutility
2025-05-20 08:31:03,760 [INFO] IPUIPlugin:80 - create IPUIPlugin
2025-05-20 08:31:03,760 [INFO] PluginManager:220 - loadIPPluginJar : add sai
2025-05-20 08:31:03,799 [INFO] IPUIPlugin:80 - create IPUIPlugin
2025-05-20 08:31:03,799 [INFO] PluginManager:220 - loadIPPluginJar : add spi
2025-05-20 08:31:03,856 [INFO] IPUIPlugin:80 - create IPUIPlugin
2025-05-20 08:31:03,856 [INFO] PluginManager:220 - loadIPPluginJar : add stm32_wpan
2025-05-20 08:31:03,885 [INFO] IPUIPlugin:80 - create IPUIPlugin
2025-05-20 08:31:03,885 [INFO] PluginManager:220 - loadIPPluginJar : add tim
2025-05-20 08:31:03,944 [INFO] IPUIPlugin:80 - create IPUIPlugin
2025-05-20 08:31:03,944 [INFO] PluginManager:220 - loadIPPluginJar : add touchsensing
2025-05-20 08:31:03,970 [INFO] IPUIPlugin:80 - create IPUIPlugin
2025-05-20 08:31:03,970 [INFO] PluginManager:220 - loadIPPluginJar : add tracer_emb
2025-05-20 08:31:03,996 [INFO] IPUIPlugin:80 - create IPUIPlugin
2025-05-20 08:31:03,996 [INFO] PluginManager:220 - loadIPPluginJar : add ts
2025-05-20 08:31:04,019 [INFO] IPUIPlugin:80 - create IPUIPlugin
2025-05-20 08:31:04,019 [INFO] PluginManager:220 - loadIPPluginJar : add tsc
2025-05-20 08:31:04,041 [INFO] IPUIPlugin:80 - create IPUIPlugin
2025-05-20 08:31:04,041 [INFO] PluginManager:220 - loadIPPluginJar : add ucpd
2025-05-20 08:31:04,081 [INFO] IPUIPlugin:80 - create IPUIPlugin
2025-05-20 08:31:04,081 [INFO] PluginManager:220 - loadIPPluginJar : add usart
2025-05-20 08:31:04,123 [INFO] IPUIPlugin:80 - create IPUIPlugin
2025-05-20 08:31:04,123 [INFO] PluginManager:220 - loadIPPluginJar : add usbx
2025-05-20 08:31:04,233 [INFO] CADModel:165 - CPN selected for project level
2025-05-20 08:31:04,233 [INFO] CADModel:114 - Register for checkConnection events
2025-05-20 08:31:04,233 [FATAL] Updater:308 - Updater called before beeing initialized
2025-05-20 08:31:04,234 [ERROR] CADModel:125 - Updater not yet initialized, retry later 
2025-05-20 08:31:04,508 [INFO] ThirdPartyUpdaterWithRetryManager:70 - Updater plugin not ready yet. [2/15]
2025-05-20 08:31:04,619 [INFO] CADModel:165 - CPN selected for project level
2025-05-20 08:31:04,619 [INFO] CADModel:114 - Register for checkConnection events
2025-05-20 08:31:04,620 [FATAL] Updater:308 - Updater called before beeing initialized
2025-05-20 08:31:04,620 [ERROR] CADModel:125 - Updater not yet initialized, retry later 
2025-05-20 08:31:04,623 [FATAL] Updater:308 - Updater called before beeing initialized
2025-05-20 08:31:04,713 [FATAL] Updater:308 - Updater called before beeing initialized
2025-05-20 08:31:04,726 [INFO] DbMcusAds:53 - JSON generation date=Wed May 07 16:07:55 ICT 2025 (1746608875679)
2025-05-20 08:31:04,726 [FATAL] Updater:308 - Updater called before beeing initialized
2025-05-20 08:31:04,817 [WARN] DetailPanel:346 - Failed to get advertising image, set to default
2025-05-20 08:31:04,910 [FATAL] Updater:308 - Updater called before beeing initialized
2025-05-20 08:31:04,912 [FATAL] Updater:308 - Updater called before beeing initialized
2025-05-20 08:31:04,912 [FATAL] Updater:308 - Updater called before beeing initialized
2025-05-20 08:31:04,912 [WARN] DetailPanel:346 - Failed to get advertising image, set to default
2025-05-20 08:31:04,913 [FATAL] Updater:308 - Updater called before beeing initialized
2025-05-20 08:31:04,962 [ERROR] Updater:1120 - MainUpdater not yet initialized. External WinMGr cannot be set.
2025-05-20 08:31:04,973 [INFO] Updater:1056 - Updater Version found : 6.9.0
2025-05-20 08:31:04,991 [INFO] ApplicationProperties:184 - Using Application install path: D:\ITC\STM32\STM32CubeIDE_1.13.0\STM32CubeIDE\plugins\com.st.stm32cube.common.mx_6.9.0.202307051724
2025-05-20 08:31:06,160 [INFO] MainUpdater:2868 - connection check result : 10
2025-05-20 08:31:06,163 [INFO] MainUpdater:285 - Updater Check For Update Now.
2025-05-20 08:31:06,164 [INFO] MicroXplorer:498 - Change Database Version : DB.6.0.90
2025-05-20 08:31:06,244 [INFO] McuFinderGlobals:63 - Set McuFinder mode to 2 (CubeIDE integrated)
2025-05-20 08:31:06,559 [INFO] CheckServerUpdateThread:120 - End of CheckServer Thread
2025-05-20 08:31:07,789 [WARN] PackLoader:240 - Cannot read IP mode file for STMicroelectronics.FP-SNS-MOTENVWB1.1.4.0
2025-05-20 08:31:07,807 [WARN] PackLoader:240 - Cannot read IP mode file for STMicroelectronics.FP-ATR-ASTRA1.2.0.2
2025-05-20 08:31:07,820 [WARN] PackLoader:240 - Cannot read IP mode file for STMicroelectronics.FP-ATR-ASTRA1.2.0.1
2025-05-20 08:31:07,836 [WARN] PackLoader:240 - Cannot read IP mode file for STMicroelectronics.X-CUBE-SMBUS.2.1.0
2025-05-20 08:31:07,855 [WARN] PackLoader:240 - Cannot read IP mode file for STMicroelectronics.X-CUBE-WB05N.1.1.0
2025-05-20 08:31:07,871 [WARN] PackLoader:240 - Cannot read IP mode file for STMicroelectronics.X-CUBE-TOUCHGFX.4.23.0
2025-05-20 08:31:07,884 [WARN] PackLoader:240 - Cannot read IP mode file for STMicroelectronics.X-CUBE-TOUCHGFX.4.23.2
2025-05-20 08:31:07,921 [WARN] PackLoader:240 - Cannot read IP mode file for STMicroelectronics.X-CUBE-AZRTOS-F7.1.1.0
2025-05-20 08:31:07,939 [ERROR] RealEvaluatedCondition:428 - Found unsupported composite condition: CLASS='Data Exchange' GROUP='STM32_MetaDataManager'
2025-05-20 08:31:07,939 [ERROR] RealEvaluatedCondition:428 - Found unsupported composite condition: CLASS='Data Exchange' GROUP='STM32_MetaDataManager'
2025-05-20 08:31:07,940 [WARN] PackLoader:240 - Cannot read IP mode file for STMicroelectronics.FP-SNS-MOTENV1.4.3.0
2025-05-20 08:31:07,956 [WARN] PackLoader:240 - Cannot read IP mode file for STMicroelectronics.FP-SNS-MOTENV1.4.3.2
2025-05-20 08:31:07,971 [WARN] PackLoader:240 - Cannot read IP mode file for STMicroelectronics.FP-SNS-FLIGHT1.5.0.0
2025-05-20 08:31:07,984 [WARN] PackLoader:240 - Cannot read IP mode file for STMicroelectronics.X-CUBE-BLE1.6.2.4
2025-05-20 08:31:07,997 [WARN] PackLoader:240 - Cannot read IP mode file for STMicroelectronics.FP-SNS-FLIGHT1.5.0.2
2025-05-20 08:31:08,013 [ERROR] Engine:466 - C:\Users\msi1\.stm32cubemx\thirdparties\pdsc\Infineon.AIROC-Wi-Fi-Bluetooth-STM32.1.7.0.pdsc: PDSC version is not supported
2025-05-20 08:31:08,029 [WARN] PackLoader:240 - Cannot read IP mode file for STMicroelectronics.X-CUBE-DISPLAY.3.0.0
2025-05-20 08:31:08,046 [WARN] PackLoader:240 - Cannot read IP mode file for STMicroelectronics.X-CUBE-BLE1.7.0.0
2025-05-20 08:31:08,059 [WARN] PackLoader:240 - Cannot read IP mode file for STMicroelectronics.X-CUBE-NFC10.1.0.0
2025-05-20 08:31:08,071 [ERROR] Engine:466 - C:\Users\msi1\.stm32cubemx\thirdparties\pdsc\STMicroelectronics.X-CUBE-BLEMGR.4.0.0.pdsc: PDSC version is not supported
2025-05-20 08:31:08,083 [WARN] PackLoader:240 - Cannot read IP mode file for emotas.I-CUBE-CANOPEN.1.3.0
2025-05-20 08:31:08,097 [WARN] PackLoader:240 - Cannot read IP mode file for STMicroelectronics.X-CUBE-TOUCHGFX.4.22.0
2025-05-20 08:31:08,111 [WARN] PackLoader:240 - Cannot read IP mode file for STMicroelectronics.X-CUBE-TOUCHGFX.4.22.1
2025-05-20 08:31:08,131 [WARN] PackLoader:240 - Cannot read IP mode file for STMicroelectronics.X-CUBE-BLEMGR.3.1.0
2025-05-20 08:31:08,151 [WARN] PackLoader:240 - Cannot read IP mode file for STMicroelectronics.X-CUBE-AI.10.0.0
2025-05-20 08:31:08,167 [WARN] PackLoader:240 - Cannot read IP mode file for STMicroelectronics.FP-SNS-SMARTAG2.1.2.0
2025-05-20 08:31:08,184 [ERROR] Engine:466 - C:\Users\msi1\.stm32cubemx\thirdparties\pdsc\STMicroelectronics.FP-SNS-FLIGHT1.5.1.0.pdsc: PDSC version is not supported
2025-05-20 08:31:08,263 [WARN] PackLoader:240 - Cannot read IP mode file for STMicroelectronics.X-CUBE-MEMS1.11.1.0
2025-05-20 08:31:08,389 [INFO] LogOutputStream:77 - [STDOUT_REDIRECT] 1 : Invalid condition id : UX_CORESTACK_Condition cause : null
2025-05-20 08:31:08,390 [INFO] LogOutputStream:77 - [STDOUT_REDIRECT] 1 : Invalid condition id : UX_CORESTACK_Condition cause : null
2025-05-20 08:31:08,390 [INFO] LogOutputStream:77 - [STDOUT_REDIRECT] 1 : Invalid condition id : UX_CORESTACK_Condition cause : null
2025-05-20 08:31:08,391 [INFO] LogOutputStream:77 - [STDOUT_REDIRECT] 1 : Invalid condition id : UX_CORESTACK_Condition cause : null
2025-05-20 08:31:08,392 [INFO] LogOutputStream:77 - [STDOUT_REDIRECT] 1 : Invalid condition id : UX_CORESTACK_Condition cause : null
2025-05-20 08:31:08,394 [WARN] PackLoader:240 - Cannot read IP mode file for STMicroelectronics.X-CUBE-AZRTOS-WL.2.0.0
2025-05-20 08:31:08,409 [WARN] PackLoader:240 - Cannot read IP mode file for STMicroelectronics.FP-SNS-MOTENV1.5.0.0
2025-05-20 08:31:08,423 [WARN] PackLoader:240 - Cannot read IP mode file for wolfSSL.I-CUBE-wolfMQTT.1.19.0
2025-05-20 08:31:08,440 [WARN] PackLoader:240 - Cannot read IP mode file for WES.I-CUBE-Cesium.1.3.0
2025-05-20 08:31:08,454 [WARN] PackLoader:240 - Cannot read IP mode file for STMicroelectronics.X-CUBE-BLE2.3.3.0
2025-05-20 08:31:08,469 [WARN] PackLoader:240 - Cannot read IP mode file for STMicroelectronics.X-CUBE-NFC9.1.0.0
2025-05-20 08:31:08,482 [WARN] PackLoader:240 - Cannot read IP mode file for STMicroelectronics.X-CUBE-BLE1.7.1.0
2025-05-20 08:31:08,497 [WARN] PackLoader:240 - Cannot read IP mode file for STMicroelectronics.X-CUBE-TCPP.4.1.0
2025-05-20 08:31:08,513 [WARN] PackLoader:240 - Cannot read IP mode file for STMicroelectronics.X-CUBE-TOUCHGFX.4.21.4
2025-05-20 08:31:08,529 [WARN] PackLoader:240 - Cannot read IP mode file for STMicroelectronics.X-CUBE-ALGOBUILD.1.3.0
2025-05-20 08:31:08,609 [WARN] PackLoader:240 - Cannot read IP mode file for STMicroelectronics.X-CUBE-MEMS1.11.2.0
2025-05-20 08:31:08,776 [WARN] PackLoader:240 - Cannot read IP mode file for STMicroelectronics.X-CUBE-AZRTOS-G0.1.1.0
2025-05-20 08:31:08,791 [WARN] PackLoader:240 - Cannot read IP mode file for STMicroelectronics.X-CUBE-SAFEA1.1.2.2
2025-05-20 08:31:08,805 [WARN] PackLoader:240 - Cannot read IP mode file for STMicroelectronics.X-CUBE-NFC4.3.0.0
2025-05-20 08:31:08,820 [WARN] PackLoader:240 - Cannot read IP mode file for wolfSSL.I-CUBE-wolfMQTT.1.18.0
2025-05-20 08:31:08,831 [ERROR] Engine:466 - C:\Users\msi1\.stm32cubemx\thirdparties\pdsc\EmbeddedOffice.I-CUBE-FS-RTOS.1.0.1.pdsc: PDSC version is not supported
2025-05-20 08:31:08,844 [WARN] PackLoader:240 - Cannot read IP mode file for STMicroelectronics.X-CUBE-WB05N.2.0.0
2025-05-20 08:31:08,862 [WARN] PackLoader:240 - Cannot read IP mode file for STMicroelectronics.X-CUBE-BLEMGR.3.0.0
2025-05-20 08:31:08,875 [ERROR] Engine:466 - C:\Users\msi1\.stm32cubemx\thirdparties\pdsc\STMicroelectronics.X-CUBE-TCPP.4.2.0.pdsc: PDSC version is not supported
2025-05-20 08:31:08,887 [ERROR] Engine:466 - C:\Users\msi1\.stm32cubemx\thirdparties\pdsc\RealThread.X-CUBE-RT-Thread_Nano.4.1.1.pdsc: PDSC version is not supported
2025-05-20 08:31:08,901 [WARN] PackLoader:240 - Cannot read IP mode file for STMicroelectronics.FP-ATR-SIGFOX1.3.2.0
2025-05-20 08:31:08,912 [ERROR] Engine:466 - C:\Users\msi1\.stm32cubemx\thirdparties\pdsc\quantropi.X-CUBE-qispace-sdk-base.1.9.3.pdsc: PDSC version is not supported
2025-05-20 08:31:08,926 [WARN] PackLoader:240 - Cannot read IP mode file for STMicroelectronics.X-CUBE-EEPRMA1.5.1.0
2025-05-20 08:31:08,940 [WARN] PackLoader:240 - Cannot read IP mode file for wolfSSL.I-CUBE-wolfSSL.5.7.6
2025-05-20 08:31:08,954 [WARN] PackLoader:240 - Cannot read IP mode file for ITTIA_DB.I-CUBE-ITTIADB.8.9.0
2025-05-20 08:31:08,986 [WARN] PackLoader:240 - Cannot read IP mode file for SEGGER.I-CUBE-embOS.1.3.1
2025-05-20 08:31:09,022 [WARN] PackLoader:240 - Cannot read IP mode file for STMicroelectronics.X-CUBE-ALGOBUILD.1.4.0
2025-05-20 08:31:09,035 [WARN] PackLoader:240 - Cannot read IP mode file for STMicroelectronics.X-CUBE-AI.9.1.0
2025-05-20 08:31:09,048 [WARN] PackLoader:240 - Cannot read IP mode file for STMicroelectronics.X-CUBE-GNSS1.6.0.0
2025-05-20 08:31:09,077 [WARN] PackLoader:240 - Cannot read IP mode file for STMicroelectronics.X-CUBE-AZRTOS-F4.1.1.0
2025-05-20 08:31:09,091 [ERROR] Engine:466 - C:\Users\msi1\.stm32cubemx\thirdparties\pdsc\Avnet-IotConnect.X-CUBE-IoTC-DA16k-PMOD.1.0.0.pdsc: PDSC version is not supported
2025-05-20 08:31:09,104 [WARN] PackLoader:240 - Cannot read IP mode file for wolfSSL.I-CUBE-wolfSSL.5.6.0
2025-05-20 08:31:09,120 [WARN] PackLoader:240 - Cannot read IP mode file for STMicroelectronics.X-CUBE-ISPU.2.1.0
2025-05-20 08:31:09,148 [WARN] PackLoader:240 - Cannot read IP mode file for STMicroelectronics.X-CUBE-FREERTOS.1.2.0
2025-05-20 08:31:09,179 [WARN] PackLoader:240 - Cannot read IP mode file for STMicroelectronics.X-CUBE-AZRTOS-L5.2.0.0
2025-05-20 08:31:09,225 [WARN] PackLoader:240 - Cannot read IP mode file for STMicroelectronics.X-CUBE-MEMS1.9.6.0
2025-05-20 08:31:09,342 [WARN] PackLoader:240 - Cannot read IP mode file for STMicroelectronics.X-CUBE-EEPRMA1.4.2.0
2025-05-20 08:31:09,361 [WARN] PackLoader:240 - Cannot read IP mode file for STMicroelectronics.X-CUBE-NFC6.3.1.0
2025-05-20 08:31:09,375 [WARN] PackLoader:240 - Cannot read IP mode file for ITTIA_DB.I-CUBE-ITTIADB.8.8.0
2025-05-20 08:31:09,391 [WARN] PackLoader:240 - Cannot read IP mode file for emotas.I-CUBE-CANOPEN.1.1.3
2025-05-20 08:31:09,409 [WARN] PackLoader:240 - Cannot read IP mode file for STMicroelectronics.X-CUBE-BLEMGR.2.0.0
2025-05-20 08:31:09,423 [ERROR] Engine:466 - C:\Users\msi1\.stm32cubemx\thirdparties\pdsc\STMicroelectronics.X-CUBE-DPower.1.2.0.pdsc: PDSC version is not supported
2025-05-20 08:31:09,435 [WARN] PackLoader:240 - Cannot read IP mode file for STMicroelectronics.X-CUBE-AI.9.0.0
2025-05-20 08:31:09,462 [WARN] ConditionMgr:438 - getConditionDescription Invalid condition id : UX DEVICE CLASS RTOS Condition cause : null
2025-05-20 08:31:09,462 [WARN] ConditionMgr:438 - getConditionDescription Invalid condition id : UX DEVICE CLASS RTOS Condition cause : null
2025-05-20 08:31:09,465 [WARN] PackLoader:240 - Cannot read IP mode file for STMicroelectronics.X-CUBE-AZRTOS-H7.3.1.0
2025-05-20 08:31:09,465 [WARN] ConditionMgr:1039 - genDependencies : Invalid condition id : UX DEVICE CLASS RTOS Condition cause : null
2025-05-20 08:31:09,465 [WARN] ConditionMgr:1039 - genDependencies : Invalid condition id : UX DEVICE CLASS RTOS Condition cause : null
2025-05-20 08:31:09,466 [WARN] ConditionMgr:1039 - genDependencies : Invalid condition id : UX DEVICE CLASS RTOS Condition cause : null
2025-05-20 08:31:09,466 [WARN] ConditionMgr:1039 - genDependencies : Invalid condition id : UX DEVICE CLASS RTOS Condition cause : null
2025-05-20 08:31:09,466 [WARN] ConditionMgr:1039 - genDependencies : Invalid condition id : UX DEVICE CLASS RTOS Condition cause : null
2025-05-20 08:31:09,482 [WARN] PackLoader:240 - Cannot read IP mode file for STMicroelectronics.X-CUBE-FREERTOS.1.3.1
2025-05-20 08:31:09,496 [WARN] PackLoader:240 - Cannot read IP mode file for STMicroelectronics.X-CUBE-FREERTOS.1.3.0
2025-05-20 08:31:09,510 [WARN] PackLoader:240 - Cannot read IP mode file for STMicroelectronics.X-CUBE-NFC7.1.0.1
2025-05-20 08:31:09,525 [WARN] PackLoader:240 - Cannot read IP mode file for STMicroelectronics.X-CUBE-NFC7.1.0.0
2025-05-20 08:31:09,539 [WARN] PackLoader:240 - Cannot read IP mode file for wolfSSL.I-CUBE-wolfTPM.3.2.0
2025-05-20 08:31:09,554 [WARN] PackLoader:240 - Cannot read IP mode file for STMicroelectronics.X-CUBE-NFC6.3.0.0
2025-05-20 08:31:09,571 [WARN] PackLoader:240 - Cannot read IP mode file for STMicroelectronics.X-CUBE-EEPRMA1.4.1.0
2025-05-20 08:31:09,583 [ERROR] Engine:466 - C:\Users\msi1\.stm32cubemx\thirdparties\pdsc\STMicroelectronics.X-CUBE-DPower.1.3.0.pdsc: PDSC version is not supported
2025-05-20 08:31:09,599 [WARN] PackLoader:240 - Cannot read IP mode file for STMicroelectronics.X-CUBE-AI.8.1.0
2025-05-20 08:31:09,628 [WARN] ConditionMgr:438 - getConditionDescription Invalid condition id : LAN8742 Phy interface Condition cause : null
2025-05-20 08:31:09,628 [WARN] PackLoader:240 - Cannot read IP mode file for STMicroelectronics.X-CUBE-AZRTOS-L4.2.0.0
2025-05-20 08:31:09,629 [WARN] ConditionMgr:1039 - genDependencies : Invalid condition id : LAN8742 Phy interface Condition cause : null
2025-05-20 08:31:09,629 [WARN] ConditionMgr:1039 - genDependencies : Invalid condition id : LAN8742 Phy interface Condition cause : null
2025-05-20 08:31:09,630 [WARN] ConditionMgr:1039 - genDependencies : Invalid condition id : LAN8742 Phy interface Condition cause : null
2025-05-20 08:31:09,648 [WARN] PackLoader:240 - Cannot read IP mode file for STMicroelectronics.X-CUBE-SFXS2LP1.4.0.0
2025-05-20 08:31:09,661 [WARN] PackLoader:240 - Cannot read IP mode file for STMicroelectronics.X-CUBE-ISPU.1.1.0
2025-05-20 08:31:09,692 [WARN] PackLoader:240 - Cannot read IP mode file for STMicroelectronics.X-CUBE-AZRTOS-H7.3.3.0
2025-05-20 08:31:09,708 [ERROR] Engine:466 - C:\Users\msi1\.stm32cubemx\thirdparties\pdsc\STMicroelectronics.X-CUBE-IPS.3.0.0.pdsc: PDSC version is not supported
2025-05-20 08:31:09,730 [WARN] ConditionMgr:438 - getConditionDescription Invalid condition id : UX DEVICE CLASS RTOS Condition cause : null
2025-05-20 08:31:09,730 [WARN] ConditionMgr:438 - getConditionDescription Invalid condition id : UX DEVICE CLASS RTOS Condition cause : null
2025-05-20 08:31:09,732 [WARN] PackLoader:240 - Cannot read IP mode file for STMicroelectronics.X-CUBE-AZRTOS-WB.2.0.0
2025-05-20 08:31:09,733 [WARN] ConditionMgr:1039 - genDependencies : Invalid condition id : UX DEVICE CLASS RTOS Condition cause : null
2025-05-20 08:31:09,733 [WARN] ConditionMgr:1039 - genDependencies : Invalid condition id : UX DEVICE CLASS RTOS Condition cause : null
2025-05-20 08:31:09,733 [WARN] ConditionMgr:1039 - genDependencies : Invalid condition id : UX DEVICE CLASS RTOS Condition cause : null
2025-05-20 08:31:09,734 [WARN] ConditionMgr:1039 - genDependencies : Invalid condition id : UX DEVICE CLASS RTOS Condition cause : null
2025-05-20 08:31:09,734 [WARN] ConditionMgr:1039 - genDependencies : Invalid condition id : UX DEVICE CLASS RTOS Condition cause : null
2025-05-20 08:31:09,749 [WARN] PackLoader:240 - Cannot read IP mode file for STMicroelectronics.X-CUBE-FREERTOS.1.0.1
2025-05-20 08:31:09,763 [WARN] PackLoader:240 - Cannot read IP mode file for STMicroelectronics.X-CUBE-GNSS1.7.0.1
2025-05-20 08:31:09,777 [WARN] PackLoader:240 - Cannot read IP mode file for STMicroelectronics.X-CUBE-TOUCHGFX.4.25.0
2025-05-20 08:31:09,789 [ERROR] Engine:466 - C:\Users\msi1\.stm32cubemx\thirdparties\pdsc\STMicroelectronics.FP-SNS-STBOX1.2.0.0.pdsc: PDSC version is not supported
2025-05-20 08:31:09,816 [WARN] PackLoader:240 - Cannot read IP mode file for STMicroelectronics.X-CUBE-AZRTOS-L5.1.1.0
2025-05-20 08:31:09,831 [WARN] PackLoader:240 - Cannot read IP mode file for STMicroelectronics.X-CUBE-AI.8.0.1
2025-05-20 08:31:09,850 [WARN] PackLoader:240 - Cannot read IP mode file for STMicroelectronics.X-CUBE-SUBG2.5.0.0
2025-05-20 08:31:09,883 [WARN] PackLoader:240 - Cannot read IP mode file for STMicroelectronics.X-CUBE-AZRTOS-H7RS.1.1.0
2025-05-20 08:31:09,898 [WARN] PackLoader:240 - Cannot read IP mode file for Cesanta.I-CUBE-Mongoose.7.13.0
2025-05-20 08:31:09,918 [WARN] PackLoader:240 - Cannot read IP mode file for STMicroelectronics.X-CUBE-TOF1.3.3.1
2025-05-20 08:31:09,950 [WARN] PackLoader:240 - Cannot read IP mode file for STMicroelectronics.X-CUBE-AZRTOS-G4.2.0.0
2025-05-20 08:31:09,970 [WARN] PackLoader:240 - Cannot read IP mode file for STMicroelectronics.X-CUBE-TOF1.3.3.0
2025-05-20 08:31:09,998 [WARN] PackLoader:240 - Cannot read IP mode file for Infineon.AIROC-Wi-Fi-Bluetooth-STM32.1.5.1
2025-05-20 08:31:10,014 [WARN] PackLoader:240 - Cannot read IP mode file for STMicroelectronics.FP-SNS-MOTENVWB1.1.3.0
2025-05-20 08:31:10,028 [WARN] PackLoader:240 - Cannot read IP mode file for STMicroelectronics.X-CUBE-NFC7.2.0.0
2025-05-20 08:31:10,044 [WARN] PackLoader:240 - Cannot read IP mode file for STMicroelectronics.FP-SNS-MOTENVWB1.1.3.1
2025-05-20 08:31:10,072 [WARN] PackLoader:240 - Cannot read IP mode file for STMicroelectronics.X-CUBE-AZRTOS-L4.1.0.0
2025-05-20 08:31:10,087 [WARN] PackLoader:240 - Cannot read IP mode file for STMicroelectronics.X-CUBE-ISPU.2.0.0
2025-05-20 08:31:10,102 [ERROR] Engine:466 - C:\Users\msi1\.stm32cubemx\thirdparties\pdsc\STMicroelectronics.X-CUBE-IPS.3.1.0.pdsc: PDSC version is not supported
2025-05-20 08:31:10,115 [WARN] PackLoader:240 - Cannot read IP mode file for STMicroelectronics.X-CUBE-ALS.1.0.2
2025-05-20 08:31:10,157 [WARN] PackLoader:240 - Cannot read IP mode file for STMicroelectronics.X-CUBE-MEMS1.10.0.0
2025-05-20 08:31:10,261 [WARN] PackLoader:240 - Cannot read IP mode file for STMicroelectronics.X-CUBE-FREERTOS.1.1.0
2025-05-20 08:31:10,274 [WARN] PackLoader:240 - Cannot read IP mode file for STMicroelectronics.X-CUBE-TOUCHGFX.4.24.0
2025-05-20 08:31:10,289 [WARN] PackLoader:240 - Cannot read IP mode file for STMicroelectronics.X-CUBE-TOUCHGFX.4.24.2
2025-05-20 08:31:10,316 [WARN] PackLoader:240 - Cannot read IP mode file for STMicroelectronics.X-CUBE-AZRTOS-WL.1.0.0
2025-05-20 08:31:10,334 [WARN] PackLoader:240 - Cannot read IP mode file for STMicroelectronics.X-CUBE-TOUCHGFX.4.24.1
2025-05-20 08:31:10,350 [WARN] PackLoader:240 - Cannot read IP mode file for wolfSSL.I-CUBE-wolfTPM.3.4.0
2025-05-20 08:31:10,371 [WARN] PackLoader:240 - Cannot read IP mode file for portGmbH.I-Cube-SoM-uGOAL.1.1.0
2025-05-20 08:31:10,389 [WARN] PackLoader:240 - Cannot read IP mode file for STMicroelectronics.X-CUBE-ALS.1.0.1
2025-05-20 08:31:10,420 [WARN] PackLoader:240 - Cannot read IP mode file for STMicroelectronics.X-CUBE-AZRTOS-WB.1.1.0
2025-05-20 08:31:10,462 [WARN] PackLoader:240 - Cannot read IP mode file for STMicroelectronics.X-CUBE-AZRTOS-H7RS.1.0.0
2025-05-20 08:31:10,484 [WARN] PackLoader:240 - Cannot read IP mode file for STMicroelectronics.FP-ATR-ASTRA1.2.0.0
2025-05-20 08:31:10,507 [ERROR] Engine:466 - C:\Users\msi1\.stm32cubemx\thirdparties\pdsc\STMicroelectronics.X-CUBE-TOF1.3.4.2.pdsc: PDSC version is not supported
2025-05-20 08:31:10,532 [ERROR] Engine:466 - C:\Users\msi1\.stm32cubemx\thirdparties\pdsc\STMicroelectronics.X-CUBE-TOF1.3.4.3.pdsc: PDSC version is not supported
2025-05-20 08:31:10,559 [WARN] PackLoader:240 - Cannot read IP mode file for STMicroelectronics.X-CUBE-TOF1.3.4.0
2025-05-20 08:31:10,587 [WARN] PackLoader:240 - Cannot read IP mode file for STMicroelectronics.X-CUBE-TOF1.3.4.1
2025-05-20 08:31:10,628 [WARN] PackLoader:240 - Cannot read IP mode file for STMicroelectronics.X-CUBE-AZRTOS-H7.3.2.0
2025-05-20 08:31:10,645 [WARN] PackLoader:240 - Cannot read IP mode file for wolfSSL.I-CUBE-wolfSSH.1.4.17
2025-05-20 08:31:10,646 [INFO] ThirdParty:978 - Integrity check success = true
2025-05-20 08:31:10,646 [INFO] IntegrityCheckThread:100 - exiting critical section [integrity check]
2025-05-20 08:31:10,646 [INFO] IntegrityCheckThread:103 - End integrity checks thread
2025-05-20 08:31:27,801 [ERROR] LogOutputStream:75 - [STDERR_REDIRECT] SLF4J: Failed to load class "org.slf4j.impl.StaticLoggerBinder".
2025-05-20 08:31:27,802 [ERROR] LogOutputStream:75 - [STDERR_REDIRECT] SLF4J: Defaulting to no-operation (NOP) logger implementation
2025-05-20 08:31:27,803 [ERROR] LogOutputStream:75 - [STDERR_REDIRECT] SLF4J: See http://www.slf4j.org/codes.html#StaticLoggerBinder for further details.
2025-05-20 08:31:27,896 [INFO] McuFinderGlobals:63 - Set McuFinder mode to 2 (CubeIDE integrated)
2025-05-20 08:31:27,936 [INFO] MainUpdater:2868 - connection check result : 10
2025-05-20 08:31:27,945 [INFO] MainUpdater:2868 - connection check result : 10
2025-05-20 08:31:28,157 [INFO] MicroXplorer:468 - Change Database Path : 
2025-05-20 08:31:28,157 [INFO] MicroXplorer:498 - Change Database Version : DB.6.0.90
2025-05-20 08:31:28,160 [WARN] ThirdParty:871 - waiting for thirdparty lock release [close project]
2025-05-20 08:31:28,160 [INFO] ThirdParty:873 - entering critical section [close project]
2025-05-20 08:31:28,161 [INFO] ThirdParty:883 - exiting critical section [close project]
2025-05-20 08:31:28,162 [INFO] PinOutPanel:1499 - setPackage(No Configuration,No Configuration)
2025-05-20 08:31:28,166 [INFO] UtilMem:75 - Begin LoadConfig() Used Memory: 183364864 Bytes (587202560)
2025-05-20 08:31:28,167 [INFO] MicroXplorer:468 - Change Database Path : 
2025-05-20 08:31:28,167 [INFO] MicroXplorer:498 - Change Database Version : DB.6.0.90
2025-05-20 08:31:28,167 [INFO] OpenFileManager:308 - Change cursor
2025-05-20 08:31:28,204 [INFO] Mcu:1946 - Initializing MCU STM32F103C(8-B)Tx STM32F103CBTx STM32F103CBT6
2025-05-20 08:31:29,400 [INFO] Context:659 - Trying to add GPIOservice into a context  which must be forbidden
2025-05-20 08:31:29,974 [INFO] RtosManager:555 - Registered RTOS mode: class=CMSIS, group=RTOS, mode=CMSIS_V1, owner=FREERTOS
2025-05-20 08:31:29,974 [INFO] RtosManager:555 - Registered RTOS mode: class=CMSIS, group=RTOS2, mode=CMSIS_V2, owner=FREERTOS
2025-05-20 08:31:29,974 [INFO] RtosManager:555 - Registered RTOS mode: class=RTOS, group=Core, mode=CMSIS_V1, owner=FREERTOS
2025-05-20 08:31:29,974 [INFO] RtosManager:555 - Registered RTOS mode: class=RTOS, group=Core, mode=CMSIS_V2, owner=FREERTOS
2025-05-20 08:31:29,975 [WARN] ModelIntegratedComponent:184 - Missing modes for component STMicroelectronics:FreeRTOS:0.0.1:STMicroelectronics:RTOS:FreeRTOS:Core:::10.2.0:
2025-05-20 08:31:29,980 [WARN] ModelIntegratedComponent:63 - No mode defined for component null
2025-05-20 08:31:29,980 [WARN] ModelIntegratedComponent:63 - No mode defined for component null
2025-05-20 08:31:29,980 [WARN] ModelIntegratedComponent:63 - No mode defined for component null
2025-05-20 08:31:29,980 [WARN] ModelIntegratedComponent:63 - No mode defined for component null
2025-05-20 08:31:29,980 [WARN] ModelIntegratedComponent:63 - No mode defined for component null
2025-05-20 08:31:29,980 [WARN] ModelIntegratedComponent:63 - No mode defined for component null
2025-05-20 08:31:29,980 [WARN] ModelIntegratedComponent:63 - No mode defined for component null
2025-05-20 08:31:29,980 [WARN] ModelIntegratedComponent:63 - No mode defined for component null
2025-05-20 08:31:29,982 [WARN] ModelIntegratedComponent:63 - No mode defined for component null
2025-05-20 08:31:29,982 [WARN] ModelIntegratedComponent:63 - No mode defined for component null
2025-05-20 08:31:29,982 [WARN] ModelIntegratedComponent:63 - No mode defined for component null
2025-05-20 08:31:29,982 [WARN] ModelIntegratedComponent:63 - No mode defined for component null
2025-05-20 08:31:29,982 [WARN] ModelIntegratedComponent:63 - No mode defined for component null
2025-05-20 08:31:29,982 [WARN] ModelIntegratedComponent:63 - No mode defined for component null
2025-05-20 08:31:29,982 [WARN] ModelIntegratedComponent:63 - No mode defined for component null
2025-05-20 08:31:29,982 [WARN] ModelIntegratedComponent:63 - No mode defined for component null
2025-05-20 08:31:29,982 [WARN] ModelIntegratedComponent:63 - No mode defined for component null
2025-05-20 08:31:29,982 [WARN] ModelIntegratedComponent:63 - No mode defined for component null
2025-05-20 08:31:29,982 [WARN] ModelIntegratedComponent:63 - No mode defined for component null
2025-05-20 08:31:29,982 [WARN] ModelIntegratedComponent:63 - No mode defined for component null
2025-05-20 08:31:29,982 [WARN] ModelIntegratedComponent:63 - No mode defined for component null
2025-05-20 08:31:29,982 [WARN] ModelIntegratedComponent:63 - No mode defined for component null
2025-05-20 08:31:29,982 [WARN] ModelIntegratedComponent:63 - No mode defined for component null
2025-05-20 08:31:29,982 [WARN] ModelIntegratedComponent:63 - No mode defined for component null
2025-05-20 08:31:29,983 [WARN] ModelIntegratedComponent:63 - No mode defined for component null
2025-05-20 08:31:29,983 [WARN] ModelIntegratedComponent:63 - No mode defined for component null
2025-05-20 08:31:29,983 [WARN] ModelIntegratedComponent:63 - No mode defined for component null
2025-05-20 08:31:29,983 [WARN] ModelIntegratedComponent:63 - No mode defined for component null
2025-05-20 08:31:29,983 [WARN] ModelIntegratedComponent:63 - No mode defined for component null
2025-05-20 08:31:29,983 [WARN] ModelIntegratedComponent:63 - No mode defined for component null
2025-05-20 08:31:29,983 [WARN] ModelIntegratedComponent:63 - No mode defined for component null
2025-05-20 08:31:29,983 [WARN] ModelIntegratedComponent:63 - No mode defined for component null
2025-05-20 08:31:29,983 [WARN] ModelIntegratedComponent:63 - No mode defined for component null
2025-05-20 08:31:30,293 [INFO] ThirdPartyModel:298 - Start build external matchings
2025-05-20 08:31:32,559 [INFO] ThirdPartyModel:316 - End build external matchings
2025-05-20 08:31:32,609 [INFO] ImportTextPane:194 - (OptionalMessage_ERROR) IP (RCC) : Parameter (ADCFreqValue) has invalid value (36000000)
2025-05-20 08:31:32,609 [INFO] ImportTextPane:194 - (OptionalMessage_ERROR) IP (RCC) : Invalid parameter (FamilyName)
2025-05-20 08:31:32,610 [INFO] ImportTextPane:194 - (OptionalMessage_ERROR) IP (RCC) : Parameter (MCOFreq_Value) has invalid value (72000000)
2025-05-20 08:31:32,610 [INFO] ImportTextPane:194 - (OptionalMessage_ERROR) IP (RCC) : Parameter (USBFreq_Value) has invalid value (72000000)
2025-05-20 08:31:32,841 [INFO] UtilMem:75 - End LoadConfig() Used Memory: 371588440 Bytes (587202560)
2025-05-20 08:31:33,016 [INFO] ApiDb:581 - Connected to CubeFinder SQLite database (C:\Users\msi1\.stmcufinder\plugins\mcufinder\mcu\cube-finder-db.db)
2025-05-20 08:31:33,148 [INFO] ApiDb:668 - CubeFinder database Data Model version=2.1
2025-05-20 08:31:33,149 [INFO] ApiDb:669 - CubeFinder database Configuration version=3.0.39
2025-05-20 08:31:33,149 [INFO] ApiDb:670 - CubeFinder database generation date=2025-04-23 (1745419778)
2025-05-20 08:31:33,149 [INFO] ApiDb:671 - CubeFinder database FW Pack versions=[FP-ATR-ASTRA1_V2.0.0, FP-SNS-FLIGHT1_V5.1.0, FP-SNS-MOTENV1_V5.0.0, FP-SNS-MOTENVWB1_V1.4.0, FP-SNS-SMARTAG2_V1.2.0, FP-SNS-STBOX1_V2.0.0, STM32Cube_FW_C0_V1.4.0, STM32Cube_FW_F4_V1.28.1, STM32Cube_FW_F7_V1.17.2, STM32Cube_FW_G0_V1.6.2, STM32Cube_FW_G4_V1.6.1, STM32Cube_FW_H5_V1.5.0, STM32Cube_FW_H7RS_V1.2.0, STM32Cube_FW_H7_V1.12.1, STM32Cube_FW_L0_V1.12.2, STM32Cube_FW_L4_V1.18.1, STM32Cube_FW_L5_V1.5.1, STM32Cube_FW_N6_V1.1.1, STM32Cube_FW_U0_V1.2.0, STM32Cube_FW_U3_V1.1.0, STM32Cube_FW_U5_V1.7.0, STM32Cube_FW_WB0_V1.2.0, STM32Cube_FW_WBA_V1.6.0, STM32Cube_FW_WB_V1.22.0, STM32Cube_FW_WL3_V1.1.0, STM32Cube_FW_WL_V1.3.1, X-CUBE-ALGOBUILD_V1.4.0, X-CUBE-ALS_V1.0.2, X-CUBE-AZRTOS-F4_V1.1.0, X-CUBE-AZRTOS-F7_V1.1.0, X-CUBE-AZRTOS-G0_V1.1.0, X-CUBE-AZRTOS-G4_V2.0.0, X-CUBE-AZRTOS-H7RS_V1.1.0, X-CUBE-AZRTOS-H7_V3.3.0, X-CUBE-AZRTOS-L4_V2.0.0, X-CUBE-AZRTOS-L5_V2.0.0, X-CUBE-AZRTOS-WB_V2.0.0, X-CUBE-AZRTOS-WL_V2.0.0, X-CUBE-BLE1_V7.1.0, X-CUBE-BLE2_V3.3.0, X-CUBE-BLEMGR_V4.0.0, X-CUBE-EEPRMA1_V5.1.0, X-CUBE-FREERTOS_V1.3.0, X-CUBE-GNSS1_V6.0.0, X-CUBE-MEMS1_V11.2.0, X-CUBE-NFC4_V3.0.0, X-CUBE-NFC7_V1.0.1, X-CUBE-SFXS2LP1_V4.0.0, X-CUBE-SUBG2_V5.0.0, X-CUBE-TOF1_V3.4.3]
2025-05-20 08:31:36,561 [INFO] ApiDb:240 - Found 323 in-development CPN: [B-G473E-ZEST1S, B-WB1M-WPAN1, B-WL5M-SUBG1, NUCLEO-C031C6, NUCLEO-H503RB, NUCLEO-H563ZI, NUCLEO-U545RE-Q, NUCLEO-U5A5ZJ-Q, NUCLEO-WBA52CG, STEVAL-PROTEUS1, STEVAL-SMARTAG2, STEVAL-STWINBX1, STM320518-EVAL, STM32C0116-DK, STM32C011D6Y3TR, STM32C011D6Y6TR, STM32C011F4P3, STM32C011F4P6, STM32C011F4U3, STM32C011F4U6TR, STM32C011F6P3, STM32C011F6P6, STM32C011F6U3, STM32C011F6U6TR, STM32C011J4M3, STM32C011J4M6, STM32C011J6M3, STM32C011J6M6, STM32C0316-DK, STM32C031C4T3, STM32C031C4T6, STM32C031C4U3, STM32C031C4U6, STM32C031C6T3, STM32C031C6T6, STM32C031C6U3, STM32C031C6U6, STM32C031F4P3, STM32C031F4P6, STM32C031F6P3, STM32C031F6P6, STM32C031G4U3, STM32C031G4U6, STM32C031G6U3, STM32C031G6U6, STM32C031K4T3, STM32C031K4T6, STM32C031K4U3, STM32C031K4U6, STM32C031K6T3, STM32C031K6T6, STM32C031K6U3, STM32C031K6U6, STM32G071K8TXN, STM32G071K8UXN, STM32G081GBU6N, STM32G081KBT6N, STM32G081KBUXN, STM32G0B1CCT6N, STM32G0B1KCT6, STM32G0B1NEY6TR, STM32G0B1RCT6N, STM32G0C1CCT6, STM32G0C1CCT6N, STM32G0C1CCU6N, STM32G0C1CET6N, STM32G0C1CEU6N, STM32G0C1KCT6, STM32G0C1NEY6TR, STM32G0C1RCI6N, STM32G0C1RCT6N, STM32G0C1REI6N, STM32G0C1RET6N, STM32G0C1VCI6, STM32G0C1VEI6, STM32G471CCT6, STM32G471CCU6, STM32G471CET3, STM32G471CET6, STM32G471CEU3, STM32G471CEU6, STM32G471MCT6, STM32G471MET3, STM32G471MET6, STM32G471MEY6TR, STM32G471QCT6, STM32G471QET3, STM32G471RCT6, STM32G471RET3, STM32G471RET6, STM32G471VCH6, STM32G471VCI6, STM32G471VCT6, STM32G471VEH3, STM32G471VEH6, STM32G471VEI3, STM32G471VEI6, STM32G471VET3, STM32G471VET6, STM32G474CCT6, STM32H503CBT6, STM32H503CBU6, STM32H503EBY6TR, STM32H503KBU6, STM32H503RBT6, STM32H562AGI6, STM32H562AII6, STM32H562IGK6, STM32H562IGT6, STM32H562IIK6, STM32H562IIT6, STM32H562RGT6, STM32H562RGV6, STM32H562RIT6, STM32H562RIV6, STM32H562VGT6, STM32H562VIT6, STM32H562ZGT6, STM32H562ZIT6, STM32H563AGI6, STM32H563AII3Q, STM32H563AII6, STM32H563IGK6, STM32H563IGT6, STM32H563IIK3Q, STM32H563IIK6, STM32H563IIT3Q, STM32H563IIT6, STM32H563MIY3QTR, STM32H563RGT6, STM32H563RGV6, STM32H563RIT6, STM32H563RIV6, STM32H563VGT6, STM32H563VIT3Q, STM32H563VIT6, STM32H563ZGT6, STM32H563ZIT3Q, STM32H563ZIT6, STM32H573AII3Q, STM32H573AII6, STM32H573I-DK, STM32H573IIK3Q, STM32H573IIK6, STM32H573IIT3Q, STM32H573IIT6, STM32H573MIY3QTR, STM32H573RIT6, STM32H573RIV6, STM32H573VIT3Q, STM32H573VIT6, STM32H573ZIT3Q, STM32H573ZIT6, STM32L4R5QGI6STR, STM32MP131AAE3, STM32MP131AAF3, STM32MP131AAG3, STM32MP131CAE3, STM32MP131CAF3, STM32MP131CAG3, STM32MP131DAE7, STM32MP131DAF7, STM32MP131DAG7, STM32MP131FAE7, STM32MP131FAF7, STM32MP131FAG7, STM32MP133AAE3, STM32MP133AAF3, STM32MP133AAG3, STM32MP133CAE3, STM32MP133CAF3, STM32MP133CAG3, STM32MP133DAE7, STM32MP133DAF7, STM32MP133DAG7, STM32MP133FAE7, STM32MP133FAF7, STM32MP133FAG7, STM32MP135AAE3, STM32MP135AAF3, STM32MP135AAG3, STM32MP135CAE3, STM32MP135CAF3, STM32MP135CAG3, STM32MP135DAE7, STM32MP135DAF7, STM32MP135DAG7, STM32MP135F-DK, STM32MP135FAE7, STM32MP135FAF7, STM32MP135FAF7T, STM32MP135FAF7U, STM32MP135FAG7, STM32U535CBT6, STM32U535CBT6Q, STM32U535CBU6, STM32U535CBU6Q, STM32U535CCT6, STM32U535CCT6Q, STM32U535CCU6, STM32U535CCU6Q, STM32U535CET6, STM32U535CET6Q, STM32U535CEU6, STM32U535CEU6Q, STM32U535JEY6QTR, STM32U535NCY6QTR, STM32U535NEY6QTR, STM32U535RBI6, STM32U535RBI6Q, STM32U535RBT6, STM32U535RBT6Q, STM32U535RCI6, STM32U535RCI6Q, STM32U535RCT6, STM32U535RCT6Q, STM32U535REI6, STM32U535REI6Q, STM32U535RET6, STM32U535RET6Q, STM32U535VCI6, STM32U535VCI6Q, STM32U535VCT6, STM32U535VCT6Q, STM32U535VEI6, STM32U535VEI6Q, STM32U535VET6, STM32U535VET6Q, STM32U545CET6, STM32U545CET6Q, STM32U545CEU6, STM32U545CEU6Q, STM32U545JEY6QTR, STM32U545NEY6QTR, STM32U545REI6, STM32U545REI6Q, STM32U545RET6, STM32U545RET6Q, STM32U545VEI6, STM32U545VEI6Q, STM32U545VET6, STM32U545VET6Q, STM32U595AIH6, STM32U595AIH6Q, STM32U595AJH6, STM32U595AJH6Q, STM32U595QII6, STM32U595QII6Q, STM32U595QJI6, STM32U595QJI6Q, STM32U595RIT6, STM32U595RIT6Q, STM32U595RJT6, STM32U595RJT6Q, STM32U595VIT6, STM32U595VIT6Q, STM32U595VJT6, STM32U595VJT6Q, STM32U595ZIT6, STM32U595ZIT6Q, STM32U595ZIY6QTR, STM32U595ZJT6, STM32U595ZJT6Q, STM32U595ZJY6QTR, STM32U599BJY6QTR, STM32U599NIH6Q, STM32U599NJH6Q, STM32U599VIT6Q, STM32U599VJT6, STM32U599VJT6Q, STM32U599ZIT6Q, STM32U599ZIY6QTR, STM32U599ZJT6Q, STM32U599ZJY6QTR, STM32U5A5AJH6, STM32U5A5AJH6Q, STM32U5A5QJI6, STM32U5A5QJI6Q, STM32U5A5RJT6, STM32U5A5RJT6Q, STM32U5A5VJT6, STM32U5A5VJT6Q, STM32U5A5ZJT6, STM32U5A5ZJT6Q, STM32U5A5ZJY6QTR, STM32U5A9BJY6QTR, STM32U5A9J-DK, STM32U5A9NJH6Q, STM32U5A9VJT6Q, STM32U5A9ZJT6Q, STM32U5A9ZJY6QTR, STM32U5F7VIT6, STM32U5F7VIT6Q, STM32U5F7VJT6, STM32U5F7VJT6Q, STM32U5F9BJY6QTR, STM32U5F9NJH6Q, STM32U5F9VIT6Q, STM32U5F9VJT6Q, STM32U5F9ZIJ6QTR, STM32U5F9ZIT6Q, STM32U5F9ZJJ6QTR, STM32U5F9ZJT6Q, STM32U5G7VJT6, STM32U5G7VJT6Q, STM32U5G9BJY6QTR, STM32U5G9J-DK1, STM32U5G9J-DK2, STM32U5G9NJH6Q, STM32U5G9VJT6Q, STM32U5G9ZJJ6QTR, STM32U5G9ZJT6Q, STM32WB1MMCH6, STM32WBA52CEU6, STM32WBA52CEU6T, STM32WBA52CGU6, STM32WBA52CGU6T, STM32WBA52KEU6, STM32WBA52KEU6T, STM32WBA52KGU6, STM32WBA52KGU6T, STM32WL5MOCH6, STM32WL5MOCH6TR]
2025-05-20 08:31:36,583 [INFO] DbMcus:217 - Found 4642 MCUs, 4642 are supported
2025-05-20 08:31:36,592 [INFO] ApiDb:423 - Load user favorites file C:\Users\msi1/.stm32cubeide/favorites.mcus.txt: 4 item(s)
2025-05-20 08:31:36,592 [INFO] ApiDb:427 - User favorites MCUs=[STM32F103CBT6, STM32F303VCT6, STM32F401CCU6, STM32F407VGT6]
2025-05-20 08:31:36,592 [INFO] DbMcus:223 - Set 4 / 4 favorites MCUs
2025-05-20 08:31:37,267 [WARN] ThirdParty:833 - waiting for thirdparty lock release [change project]
2025-05-20 08:31:37,267 [INFO] ThirdParty:835 - entering critical section [change project]
2025-05-20 08:31:37,267 [INFO] ThirdParty:1030 - CMSIS Pack Vendor :STMicroelectronics USBPD 4.1
2025-05-20 08:31:37,267 [INFO] ThirdParty:1030 - CMSIS Pack Vendor :STMicroelectronics X-CUBE-GNSS1 6.0.0
2025-05-20 08:31:37,268 [INFO] ThirdParty:1030 - CMSIS Pack Vendor :STMicroelectronics USB_HOST 2.0.0
2025-05-20 08:31:37,268 [INFO] ThirdParty:1030 - CMSIS Pack Vendor :STMicroelectronics FP-SNS-MOTENVWB1 1.4.0
2025-05-20 08:31:37,268 [INFO] ThirdParty:1030 - CMSIS Pack Vendor :STMicroelectronics X-CUBE-AZRTOS-F4 1.1.0
2025-05-20 08:31:37,268 [INFO] ThirdParty:1030 - CMSIS Pack Vendor :STMicroelectronics LIBJPEG 8.0.0
2025-05-20 08:31:37,268 [INFO] ThirdParty:1030 - CMSIS Pack Vendor :STMicroelectronics FP-ATR-ASTRA1 2.0.2
2025-05-20 08:31:37,268 [INFO] ThirdParty:1030 - CMSIS Pack Vendor :STMicroelectronics FP-ATR-ASTRA1 2.0.1
2025-05-20 08:31:37,268 [INFO] ThirdParty:1030 - CMSIS Pack Vendor :STMicroelectronics X-CUBE-SMBUS 2.1.0
2025-05-20 08:31:37,268 [INFO] ThirdParty:1030 - CMSIS Pack Vendor :STMicroelectronics X-CUBE-WB05N 1.1.0
2025-05-20 08:31:37,268 [INFO] ThirdParty:1030 - CMSIS Pack Vendor :wolfSSL I-CUBE-wolfSSL 5.6.0
2025-05-20 08:31:37,268 [INFO] ThirdParty:1030 - CMSIS Pack Vendor :STMicroelectronics X-CUBE-ISPU 2.1.0
2025-05-20 08:31:37,268 [INFO] ThirdParty:1030 - CMSIS Pack Vendor :STMicroelectronics X-CUBE-FREERTOS 1.2.0
2025-05-20 08:31:37,268 [INFO] ThirdParty:1030 - CMSIS Pack Vendor :STMicroelectronics X-CUBE-TOUCHGFX 4.23.0
2025-05-20 08:31:37,268 [INFO] ThirdParty:1030 - CMSIS Pack Vendor :STMicroelectronics X-CUBE-TOUCHGFX 4.23.2
2025-05-20 08:31:37,268 [INFO] ThirdParty:1030 - CMSIS Pack Vendor :STMicroelectronics X-CUBE-AZRTOS-F7 1.1.0
2025-05-20 08:31:37,268 [INFO] ThirdParty:1030 - CMSIS Pack Vendor :STMicroelectronics X-CUBE-AZRTOS-L5 2.0.0
2025-05-20 08:31:37,268 [INFO] ThirdParty:1030 - CMSIS Pack Vendor :STMicroelectronics USB_DEVICE 2.0.0
2025-05-20 08:31:37,268 [INFO] ThirdParty:1030 - CMSIS Pack Vendor :STMicroelectronics X-CUBE-MEMS1 9.6.0
2025-05-20 08:31:37,268 [INFO] ThirdParty:1030 - CMSIS Pack Vendor :STMicroelectronics X-CUBE-EEPRMA1 4.2.0
2025-05-20 08:31:37,268 [INFO] ThirdParty:1030 - CMSIS Pack Vendor :STMicroelectronics X-CUBE-NFC6 3.1.0
2025-05-20 08:31:37,268 [INFO] ThirdParty:1030 - CMSIS Pack Vendor :ITTIA_DB I-CUBE-ITTIADB 8.8.0
2025-05-20 08:31:37,268 [INFO] ThirdParty:1030 - CMSIS Pack Vendor :STMicroelectronics FP-SNS-MOTENV1 4.3.0
2025-05-20 08:31:37,269 [INFO] ThirdParty:1030 - CMSIS Pack Vendor :STMicroelectronics FP-SNS-MOTENV1 4.3.2
2025-05-20 08:31:37,269 [INFO] ThirdParty:1030 - CMSIS Pack Vendor :STMicroelectronics FP-SNS-FLIGHT1 5.0.0
2025-05-20 08:31:37,269 [INFO] ThirdParty:1030 - CMSIS Pack Vendor :STMicroelectronics X-CUBE-BLE1 6.2.4
2025-05-20 08:31:37,269 [INFO] ThirdParty:1030 - CMSIS Pack Vendor :STMicroelectronics FreeRTOS 0.0.1
2025-05-20 08:31:37,269 [INFO] ThirdParty:1030 - CMSIS Pack Vendor :emotas I-CUBE-CANOPEN 1.1.3
2025-05-20 08:31:37,269 [INFO] ThirdParty:1030 - CMSIS Pack Vendor :STMicroelectronics X-CUBE-BLEMGR 2.0.0
2025-05-20 08:31:37,269 [INFO] ThirdParty:1030 - CMSIS Pack Vendor :STMicroelectronics FP-SNS-FLIGHT1 5.0.2
2025-05-20 08:31:37,269 [INFO] ThirdParty:1030 - CMSIS Pack Vendor :STMicroelectronics X-CUBE-AI 9.0.0
2025-05-20 08:31:37,269 [INFO] ThirdParty:1030 - CMSIS Pack Vendor :STMicroelectronics X-CUBE-AZRTOS-H7 3.1.0
2025-05-20 08:31:37,269 [INFO] ThirdParty:1030 - CMSIS Pack Vendor :STMicroelectronics PDM2PCM 3.3.0
2025-05-20 08:31:37,269 [INFO] ThirdParty:1030 - CMSIS Pack Vendor :STMicroelectronics X-CUBE-DISPLAY 3.0.0
2025-05-20 08:31:37,269 [INFO] ThirdParty:1030 - CMSIS Pack Vendor :STMicroelectronics X-CUBE-BLE1 7.0.0
2025-05-20 08:31:37,269 [INFO] ThirdParty:1030 - CMSIS Pack Vendor :STMicroelectronics X-CUBE-NFC10 1.0.0
2025-05-20 08:31:37,269 [INFO] ThirdParty:1030 - CMSIS Pack Vendor :STMicroelectronics X-CUBE-FREERTOS 1.3.1
2025-05-20 08:31:37,269 [INFO] ThirdParty:1030 - CMSIS Pack Vendor :STMicroelectronics HAL Drivers 0.0.0
2025-05-20 08:31:37,269 [INFO] ThirdParty:1030 - CMSIS Pack Vendor :emotas I-CUBE-CANOPEN 1.3.0
2025-05-20 08:31:37,269 [INFO] ThirdParty:1030 - CMSIS Pack Vendor :STMicroelectronics X-CUBE-FREERTOS 1.3.0
2025-05-20 08:31:37,269 [INFO] ThirdParty:1030 - CMSIS Pack Vendor :STMicroelectronics X-CUBE-TOUCHGFX 4.22.0
2025-05-20 08:31:37,269 [INFO] ThirdParty:1030 - CMSIS Pack Vendor :STMicroelectronics X-CUBE-NFC7 1.0.1
2025-05-20 08:31:37,269 [INFO] ThirdParty:1030 - CMSIS Pack Vendor :STMicroelectronics MBEDTLS 2.14.1
2025-05-20 08:31:37,270 [INFO] ThirdParty:1030 - CMSIS Pack Vendor :STMicroelectronics X-CUBE-NFC7 1.0.0
2025-05-20 08:31:37,270 [INFO] ThirdParty:1030 - CMSIS Pack Vendor :STMicroelectronics X-CUBE-TOUCHGFX 4.22.1
2025-05-20 08:31:37,270 [INFO] ThirdParty:1030 - CMSIS Pack Vendor :wolfSSL I-CUBE-wolfTPM 3.2.0
2025-05-20 08:31:37,270 [INFO] ThirdParty:1030 - CMSIS Pack Vendor :STMicroelectronics X-CUBE-NFC6 3.0.0
2025-05-20 08:31:37,270 [INFO] ThirdParty:1030 - CMSIS Pack Vendor :STMicroelectronics X-CUBE-EEPRMA1 4.1.0
2025-05-20 08:31:37,270 [INFO] ThirdParty:1030 - CMSIS Pack Vendor :STMicroelectronics X-CUBE-BLEMGR 3.1.0
2025-05-20 08:31:37,270 [INFO] ThirdParty:1030 - CMSIS Pack Vendor :STMicroelectronics X-CUBE-AI 10.0.0
2025-05-20 08:31:37,270 [INFO] ThirdParty:1030 - CMSIS Pack Vendor :STMicroelectronics FP-SNS-SMARTAG2 1.2.0
2025-05-20 08:31:37,270 [INFO] ThirdParty:1030 - CMSIS Pack Vendor :STMicroelectronics X-CUBE-MEMS1 11.1.0
2025-05-20 08:31:37,270 [INFO] ThirdParty:1030 - CMSIS Pack Vendor :STMicroelectronics X-CUBE-AZRTOS-WL 2.0.0
2025-05-20 08:31:37,270 [INFO] ThirdParty:1030 - CMSIS Pack Vendor :STMicroelectronics FP-SNS-MOTENV1 5.0.0
2025-05-20 08:31:37,270 [INFO] ThirdParty:1030 - CMSIS Pack Vendor :STMicroelectronics USB_DEVICE 1.0.0
2025-05-20 08:31:37,270 [INFO] ThirdParty:1030 - CMSIS Pack Vendor :STMicroelectronics X-CUBE-AI 8.1.0
2025-05-20 08:31:37,270 [INFO] ThirdParty:1030 - CMSIS Pack Vendor :wolfSSL I-CUBE-wolfMQTT 1.19.0
2025-05-20 08:31:37,270 [INFO] ThirdParty:1030 - CMSIS Pack Vendor :STMicroelectronics X-CUBE-AZRTOS-L4 2.0.0
2025-05-20 08:31:37,270 [INFO] ThirdParty:1030 - CMSIS Pack Vendor :STMicroelectronics ThreadX 0.0.2
2025-05-20 08:31:37,270 [INFO] ThirdParty:1030 - CMSIS Pack Vendor :WES I-CUBE-Cesium 1.3.0
2025-05-20 08:31:37,270 [INFO] ThirdParty:1030 - CMSIS Pack Vendor :STMicroelectronics lwIP 2.1.2
2025-05-20 08:31:37,270 [INFO] ThirdParty:1030 - CMSIS Pack Vendor :STMicroelectronics X-CUBE-SFXS2LP1 4.0.0
2025-05-20 08:31:37,270 [INFO] ThirdParty:1030 - CMSIS Pack Vendor :STMicroelectronics X-CUBE-BLE2 3.3.0
2025-05-20 08:31:37,270 [INFO] ThirdParty:1030 - CMSIS Pack Vendor :STMicroelectronics PDM2PCM 3.2.0
2025-05-20 08:31:37,270 [INFO] ThirdParty:1030 - CMSIS Pack Vendor :STMicroelectronics X-CUBE-ISPU 1.1.0
2025-05-20 08:31:37,271 [INFO] ThirdParty:1030 - CMSIS Pack Vendor :STMicroelectronics X-CUBE-AZRTOS-H7 3.3.0
2025-05-20 08:31:37,271 [INFO] ThirdParty:1030 - CMSIS Pack Vendor :STMicroelectronics X-CUBE-NFC9 1.0.0
2025-05-20 08:31:37,271 [INFO] ThirdParty:1030 - CMSIS Pack Vendor :STMicroelectronics X-CUBE-BLE1 7.1.0
2025-05-20 08:31:37,271 [INFO] ThirdParty:1030 - CMSIS Pack Vendor :STMicroelectronics USB_DEVICE 3.0.0
2025-05-20 08:31:37,271 [INFO] ThirdParty:1030 - CMSIS Pack Vendor :STMicroelectronics X-CUBE-TCPP 4.1.0
2025-05-20 08:31:37,271 [INFO] ThirdParty:1030 - CMSIS Pack Vendor :STMicroelectronics X-CUBE-AZRTOS-WB 2.0.0
2025-05-20 08:31:37,271 [INFO] ThirdParty:1030 - CMSIS Pack Vendor :STMicroelectronics X-CUBE-FREERTOS 1.0.1
2025-05-20 08:31:37,271 [INFO] ThirdParty:1030 - CMSIS Pack Vendor :STMicroelectronics X-CUBE-GNSS1 7.0.1
2025-05-20 08:31:37,271 [INFO] ThirdParty:1030 - CMSIS Pack Vendor :STMicroelectronics X-CUBE-TOUCHGFX 4.21.4
2025-05-20 08:31:37,271 [INFO] ThirdParty:1030 - CMSIS Pack Vendor :STMicroelectronics X-CUBE-TOUCHGFX 4.25.0
2025-05-20 08:31:37,271 [INFO] ThirdParty:1030 - CMSIS Pack Vendor :STMicroelectronics X-CUBE-ALGOBUILD 1.3.0
2025-05-20 08:31:37,271 [INFO] ThirdParty:1030 - CMSIS Pack Vendor :STMicroelectronics X-CUBE-AZRTOS-L5 1.1.0
2025-05-20 08:31:37,271 [INFO] ThirdParty:1030 - CMSIS Pack Vendor :STMicroelectronics X-CUBE-MEMS1 11.2.0
2025-05-20 08:31:37,271 [INFO] ThirdParty:1030 - CMSIS Pack Vendor :STMicroelectronics X-CUBE-AZRTOS-G0 1.1.0
2025-05-20 08:31:37,271 [INFO] ThirdParty:1030 - CMSIS Pack Vendor :STMicroelectronics X-CUBE-AI 8.0.1
2025-05-20 08:31:37,271 [INFO] ThirdParty:1030 - CMSIS Pack Vendor :STMicroelectronics X-CUBE-SAFEA1 1.2.2
2025-05-20 08:31:37,271 [INFO] ThirdParty:1030 - CMSIS Pack Vendor :STMicroelectronics X-CUBE-NFC4 3.0.0
2025-05-20 08:31:37,271 [INFO] ThirdParty:1030 - CMSIS Pack Vendor :STMicroelectronics X-CUBE-SUBG2 5.0.0
2025-05-20 08:31:37,271 [INFO] ThirdParty:1030 - CMSIS Pack Vendor :STMicroelectronics X-CUBE-AZRTOS-H7RS 1.1.0
2025-05-20 08:31:37,271 [INFO] ThirdParty:1030 - CMSIS Pack Vendor :STMicroelectronics STM32_WPAN 1.0.0
2025-05-20 08:31:37,271 [INFO] ThirdParty:1030 - CMSIS Pack Vendor :wolfSSL I-CUBE-wolfMQTT 1.18.0
2025-05-20 08:31:37,271 [INFO] ThirdParty:1030 - CMSIS Pack Vendor :STMicroelectronics lwIP 2.0.3
2025-05-20 08:31:37,272 [INFO] ThirdParty:1030 - CMSIS Pack Vendor :Cesanta I-CUBE-Mongoose 7.13.0
2025-05-20 08:31:37,272 [INFO] ThirdParty:1030 - CMSIS Pack Vendor :STMicroelectronics USB_HOST 1.0.0
2025-05-20 08:31:37,272 [INFO] ThirdParty:1030 - CMSIS Pack Vendor :STMicroelectronics X-CUBE-TOF1 3.3.1
2025-05-20 08:31:37,272 [INFO] ThirdParty:1030 - CMSIS Pack Vendor :STMicroelectronics X-CUBE-AZRTOS-G4 2.0.0
2025-05-20 08:31:37,272 [INFO] ThirdParty:1030 - CMSIS Pack Vendor :STMicroelectronics X-CUBE-WB05N 2.0.0
2025-05-20 08:31:37,272 [INFO] ThirdParty:1030 - CMSIS Pack Vendor :STMicroelectronics PDM2PCM 3.1.0
2025-05-20 08:31:37,272 [INFO] ThirdParty:1030 - CMSIS Pack Vendor :STMicroelectronics X-CUBE-TOF1 3.3.0
2025-05-20 08:31:37,272 [INFO] ThirdParty:1030 - CMSIS Pack Vendor :Infineon AIROC-Wi-Fi-Bluetooth-STM32 1.5.1
2025-05-20 08:31:37,272 [INFO] ThirdParty:1030 - CMSIS Pack Vendor :STMicroelectronics X-CUBE-BLEMGR 3.0.0
2025-05-20 08:31:37,272 [INFO] ThirdParty:1030 - CMSIS Pack Vendor :STMicroelectronics FP-SNS-MOTENVWB1 1.3.0
2025-05-20 08:31:37,272 [INFO] ThirdParty:1030 - CMSIS Pack Vendor :STMicroelectronics X-CUBE-NFC7 2.0.0
2025-05-20 08:31:37,272 [INFO] ThirdParty:1030 - CMSIS Pack Vendor :STMicroelectronics FP-SNS-MOTENVWB1 1.3.1
2025-05-20 08:31:37,272 [INFO] ThirdParty:1030 - CMSIS Pack Vendor :STMicroelectronics FP-ATR-SIGFOX1 3.2.0
2025-05-20 08:31:37,272 [INFO] ThirdParty:1030 - CMSIS Pack Vendor :STMicroelectronics X-CUBE-AZRTOS-L4 1.0.0
2025-05-20 08:31:37,272 [INFO] ThirdParty:1030 - CMSIS Pack Vendor :STMicroelectronics X-CUBE-ISPU 2.0.0
2025-05-20 08:31:37,272 [INFO] ThirdParty:1030 - CMSIS Pack Vendor :STMicroelectronics X-CUBE-EEPRMA1 5.1.0
2025-05-20 08:31:37,273 [INFO] ThirdParty:1030 - CMSIS Pack Vendor :STMicroelectronics MBEDTLS 2.16.2
2025-05-20 08:31:37,273 [INFO] ThirdParty:1030 - CMSIS Pack Vendor :STMicroelectronics X-CUBE-ALS 1.0.2
2025-05-20 08:31:37,273 [INFO] ThirdParty:1030 - CMSIS Pack Vendor :STMicroelectronics X-CUBE-MEMS1 10.0.0
2025-05-20 08:31:37,273 [INFO] ThirdParty:1030 - CMSIS Pack Vendor :STMicroelectronics X-CUBE-FREERTOS 1.1.0
2025-05-20 08:31:37,273 [INFO] ThirdParty:1030 - CMSIS Pack Vendor :wolfSSL I-CUBE-wolfSSL 5.7.6
2025-05-20 08:31:37,273 [INFO] ThirdParty:1030 - CMSIS Pack Vendor :STMicroelectronics X-CUBE-TOUCHGFX 4.24.0
2025-05-20 08:31:37,273 [INFO] ThirdParty:1030 - CMSIS Pack Vendor :ITTIA_DB I-CUBE-ITTIADB 8.9.0
2025-05-20 08:31:37,273 [INFO] ThirdParty:1030 - CMSIS Pack Vendor :STMicroelectronics X-CUBE-TOUCHGFX 4.24.2
2025-05-20 08:31:37,273 [INFO] ThirdParty:1030 - CMSIS Pack Vendor :STMicroelectronics X-CUBE-AZRTOS-WL 1.0.0
2025-05-20 08:31:37,273 [INFO] ThirdParty:1030 - CMSIS Pack Vendor :STMicroelectronics X-CUBE-TOUCHGFX 4.24.1
2025-05-20 08:31:37,273 [INFO] ThirdParty:1030 - CMSIS Pack Vendor :wolfSSL I-CUBE-wolfTPM 3.4.0
2025-05-20 08:31:37,273 [INFO] ThirdParty:1030 - CMSIS Pack Vendor :portGmbH I-Cube-SoM-uGOAL 1.1.0
2025-05-20 08:31:37,273 [INFO] ThirdParty:1030 - CMSIS Pack Vendor :STMicroelectronics X-CUBE-ALS 1.0.1
2025-05-20 08:31:37,273 [INFO] ThirdParty:1030 - CMSIS Pack Vendor :STMicroelectronics ThreadX 1.0.0
2025-05-20 08:31:37,273 [INFO] ThirdParty:1030 - CMSIS Pack Vendor :STMicroelectronics X-CUBE-AZRTOS-WB 1.1.0
2025-05-20 08:31:37,273 [INFO] ThirdParty:1030 - CMSIS Pack Vendor :SEGGER I-CUBE-embOS 1.3.1
2025-05-20 08:31:37,273 [INFO] ThirdParty:1030 - CMSIS Pack Vendor :STMicroelectronics X-CUBE-ALGOBUILD 1.4.0
2025-05-20 08:31:37,273 [INFO] ThirdParty:1030 - CMSIS Pack Vendor :STMicroelectronics X-CUBE-AZRTOS-H7RS 1.0.0
2025-05-20 08:31:37,273 [INFO] ThirdParty:1030 - CMSIS Pack Vendor :STMicroelectronics FP-ATR-ASTRA1 2.0.0
2025-05-20 08:31:37,273 [INFO] ThirdParty:1030 - CMSIS Pack Vendor :STMicroelectronics X-CUBE-AI 9.1.0
2025-05-20 08:31:37,273 [INFO] ThirdParty:1030 - CMSIS Pack Vendor :STMicroelectronics X-CUBE-TOF1 3.4.0
2025-05-20 08:31:37,273 [INFO] ThirdParty:1030 - CMSIS Pack Vendor :STMicroelectronics X-CUBE-TOF1 3.4.1
2025-05-20 08:31:37,273 [INFO] ThirdParty:1030 - CMSIS Pack Vendor :STMicroelectronics X-CUBE-AZRTOS-H7 3.2.0
2025-05-20 08:31:37,274 [INFO] ThirdParty:1030 - CMSIS Pack Vendor :wolfSSL I-CUBE-wolfSSH 1.4.17
2025-05-20 08:31:37,274 [INFO] ThirdParty:841 - exiting critical section [change project]
2025-05-20 08:31:37,533 [INFO] PinOutPanel:1499 - setPackage(No Configuration,No Configuration)
2025-05-20 08:31:37,534 [INFO] PinOutPanel:1499 - setPackage(STM32F103CBTx,LQFP48)
2025-05-20 08:31:38,009 [INFO] UtilMem:75 - Before build in PCC Used Memory: 425048640 Bytes (617611264)
2025-05-20 08:31:38,873 [INFO] UtilMem:75 - After build in PCC Used Memory: 509983296 Bytes (617611264)
2025-05-20 08:31:38,899 [INFO] IPUIPlugin:80 - create IPUIPlugin
2025-05-20 08:31:38,899 [INFO] IPUIPlugin:80 - create IPUIPlugin
2025-05-20 08:31:38,899 [INFO] IPUIPlugin:80 - create IPUIPlugin
2025-05-20 08:31:38,899 [INFO] IPUIPlugin:80 - create IPUIPlugin
2025-05-20 08:31:38,899 [INFO] IPUIPlugin:80 - create IPUIPlugin
2025-05-20 08:31:38,899 [INFO] IPUIPlugin:80 - create IPUIPlugin
2025-05-20 08:31:38,899 [INFO] IPUIPlugin:80 - create IPUIPlugin
2025-05-20 08:31:38,900 [INFO] IPUIPlugin:80 - create IPUIPlugin
2025-05-20 08:31:38,900 [INFO] IPUIPlugin:80 - create IPUIPlugin
2025-05-20 08:31:38,900 [INFO] IPUIPlugin:80 - create IPUIPlugin
2025-05-20 08:31:38,900 [INFO] IPUIPlugin:80 - create IPUIPlugin
2025-05-20 08:31:38,900 [INFO] IPUIPlugin:80 - create IPUIPlugin
2025-05-20 08:31:38,901 [INFO] IPUIPlugin:80 - create IPUIPlugin
2025-05-20 08:31:38,901 [INFO] IPUIPlugin:80 - create IPUIPlugin
2025-05-20 08:31:38,901 [INFO] IPUIPlugin:80 - create IPUIPlugin
2025-05-20 08:31:38,901 [INFO] IPUIPlugin:80 - create IPUIPlugin
2025-05-20 08:31:38,902 [INFO] IPUIPlugin:80 - create IPUIPlugin
2025-05-20 08:31:38,902 [INFO] IPUIPlugin:80 - create IPUIPlugin
2025-05-20 08:31:38,902 [INFO] IPUIPlugin:80 - create IPUIPlugin
2025-05-20 08:31:38,902 [INFO] IPUIPlugin:80 - create IPUIPlugin
2025-05-20 08:31:38,902 [INFO] IPUIPlugin:80 - create IPUIPlugin
2025-05-20 08:31:38,902 [INFO] IPUIPlugin:80 - create IPUIPlugin
2025-05-20 08:31:38,903 [INFO] IPUIPlugin:80 - create IPUIPlugin
2025-05-20 08:31:38,903 [INFO] IPUIPlugin:80 - create IPUIPlugin
2025-05-20 08:31:38,903 [INFO] IPUIPlugin:80 - create IPUIPlugin
2025-05-20 08:31:38,903 [INFO] IPUIPlugin:80 - create IPUIPlugin
2025-05-20 08:31:38,903 [INFO] IPUIPlugin:80 - create IPUIPlugin
2025-05-20 08:31:38,914 [WARN] IP:2114 - I2C_Coeff_DF not found: check if there is a RefParameter without a condition.
2025-05-20 08:31:38,914 [WARN] IP:2114 - Analog_Filter not found: check if there is a RefParameter without a condition.
2025-05-20 08:31:39,155 [INFO] CADModel:165 - CPN selected for project levelSTM32F103CBT6
2025-05-20 08:31:39,155 [INFO] CADModel:114 - Register for checkConnection events
2025-05-20 08:31:39,209 [INFO] OpenFileManager:328 - Restore cursor
2025-05-20 08:31:39,417 [WARN] IP:2114 - I2C_Coeff_DF not found: check if there is a RefParameter without a condition.
2025-05-20 08:31:39,417 [WARN] IP:2114 - Analog_Filter not found: check if there is a RefParameter without a condition.
2025-05-20 08:31:39,417 [WARN] IP:2114 - I2C_Coeff_DF not found: check if there is a RefParameter without a condition.
2025-05-20 08:31:39,418 [WARN] IP:2114 - Analog_Filter not found: check if there is a RefParameter without a condition.
2025-05-20 08:34:41,940 [WARN] IP:2114 - I2C_Coeff_DF not found: check if there is a RefParameter without a condition.
2025-05-20 08:34:41,940 [WARN] IP:2114 - Analog_Filter not found: check if there is a RefParameter without a condition.
2025-05-20 08:36:32,872 [WARN] IP:2114 - I2C_Coeff_DF not found: check if there is a RefParameter without a condition.
2025-05-20 08:36:32,872 [WARN] IP:2114 - Analog_Filter not found: check if there is a RefParameter without a condition.
2025-05-20 08:36:32,872 [WARN] IP:2114 - I2C_Coeff_DF not found: check if there is a RefParameter without a condition.
2025-05-20 08:36:32,872 [WARN] IP:2114 - Analog_Filter not found: check if there is a RefParameter without a condition.
2025-05-20 08:36:32,951 [WARN] IP:2114 - I2C_Coeff_DF not found: check if there is a RefParameter without a condition.
2025-05-20 08:36:32,952 [WARN] IP:2114 - Analog_Filter not found: check if there is a RefParameter without a condition.
2025-05-20 08:36:32,952 [WARN] IP:2114 - I2C_Coeff_DF not found: check if there is a RefParameter without a condition.
2025-05-20 08:36:32,952 [WARN] IP:2114 - Analog_Filter not found: check if there is a RefParameter without a condition.
2025-05-20 08:37:49,528 [INFO] Gpio:273 - dependency for GPIO [I2C1, RCC, SYS, USART1, USART2]
2025-05-20 08:38:25,198 [INFO] UtilMem:75 - End SaveConfig() Used Memory: 642917880 Bytes (1073741824)
2025-05-20 08:38:25,634 [INFO] BlockDiagram:2759 - set Specific Code input for plugin: NVIC
2025-05-20 08:38:25,634 [INFO] BlockDiagram:2759 - set Specific Code input for plugin: USART
2025-05-20 08:38:25,634 [INFO] BlockDiagram:2759 - set Specific Code input for plugin: USART
2025-05-20 08:38:25,635 [INFO] BlockDiagram:2759 - set Specific Code input for plugin: SYS
2025-05-20 08:38:25,635 [INFO] BlockDiagram:2759 - set Specific Code input for plugin: GPIO
2025-05-20 08:38:25,635 [INFO] BlockDiagram:2759 - set Specific Code input for plugin: RCC
2025-05-20 08:38:25,635 [INFO] BlockDiagram:2759 - set Specific Code input for plugin: I2C
2025-05-20 08:38:25,636 [INFO] CodeGenerator:799 - code generatio: config db path: D:\ITC\STM32\STM32CubeIDE_1.13.0\STM32CubeIDE\plugins\com.st.stm32cube.common.mx_6.9.0.202307051724\\db\
2025-05-20 08:38:25,645 [WARN] IP:2114 - I2C_Coeff_DF not found: check if there is a RefParameter without a condition.
2025-05-20 08:38:25,645 [WARN] IP:2114 - Analog_Filter not found: check if there is a RefParameter without a condition.
2025-05-20 08:38:25,853 [INFO] CodeEngine:255 - oldGeneratedFile, D:\AIFARM\STM32_GREENB\stm32f103_nethouse\MXTmpFiles\license.tmp_save
2025-05-20 08:38:26,194 [INFO] CodeEngine:279 - Generated code: D:\AIFARM\STM32_GREENB\stm32f103_nethouse\MXTmpFiles\license.tmp
2025-05-20 08:38:26,323 [INFO] CodeEngine:255 - oldGeneratedFile, D:\AIFARM\STM32_GREENB\stm32f103_nethouse\MXTmpFiles\gpio.tmp_save
2025-05-20 08:38:26,461 [INFO] CodeEngine:279 - Generated code: D:\AIFARM\STM32_GREENB\stm32f103_nethouse\MXTmpFiles\gpio.tmp
2025-05-20 08:38:26,644 [INFO] CodeEngine:255 - oldGeneratedFile, D:\AIFARM\STM32_GREENB\stm32f103_nethouse\Core\Src\stm32f1xx_it.c_save
2025-05-20 08:38:26,767 [INFO] CodeEngine:279 - Generated code: D:\AIFARM\STM32_GREENB\stm32f103_nethouse\Core\Src\stm32f1xx_it.c
2025-05-20 08:38:26,792 [INFO] CodeEngine:255 - oldGeneratedFile, D:\AIFARM\STM32_GREENB\stm32f103_nethouse\Core\Inc\stm32f1xx_it.h_save
2025-05-20 08:38:26,882 [INFO] CodeEngine:279 - Generated code: D:\AIFARM\STM32_GREENB\stm32f103_nethouse\Core\Inc\stm32f1xx_it.h
2025-05-20 08:38:26,921 [INFO] CodeEngine:255 - oldGeneratedFile, D:\AIFARM\STM32_GREENB\stm32f103_nethouse\Core\Src\stm32f1xx_hal_msp.c_save
2025-05-20 08:38:27,042 [INFO] CodeEngine:279 - Generated code: D:\AIFARM\STM32_GREENB\stm32f103_nethouse\Core\Src\stm32f1xx_hal_msp.c
2025-05-20 08:38:27,054 [INFO] CodeEngine:255 - oldGeneratedFile, D:\AIFARM\STM32_GREENB\stm32f103_nethouse\MXTmpFiles\system.tmp_save
2025-05-20 08:38:27,125 [INFO] CodeEngine:279 - Generated code: D:\AIFARM\STM32_GREENB\stm32f103_nethouse\MXTmpFiles\system.tmp
2025-05-20 08:38:27,165 [INFO] CodeEngine:311 - oldGeneratedFile, D:\AIFARM\STM32_GREENB\stm32f103_nethouse\Core\Inc\stm32f1xx_hal_conf.h_save
2025-05-20 08:38:27,269 [INFO] CodeEngine:335 - Generated code: D:\AIFARM\STM32_GREENB\stm32f103_nethouse\Core\Inc\stm32f1xx_hal_conf.h
2025-05-20 08:38:27,332 [INFO] CodeEngine:255 - oldGeneratedFile, D:\AIFARM\STM32_GREENB\stm32f103_nethouse\Core\Inc\main.h_save
2025-05-20 08:38:27,435 [INFO] CodeEngine:279 - Generated code: D:\AIFARM\STM32_GREENB\stm32f103_nethouse\Core\Inc\main.h
2025-05-20 08:38:27,458 [INFO] CodeEngine:255 - oldGeneratedFile, D:\AIFARM\STM32_GREENB\stm32f103_nethouse\Core\Src\main.c_save
2025-05-20 08:38:27,602 [INFO] CodeEngine:279 - Generated code: D:\AIFARM\STM32_GREENB\stm32f103_nethouse\Core\Src\main.c
2025-05-20 08:38:28,189 [INFO] ProjectBuilder:3064 - Time for Copy HAL[1] : 201mS.
2025-05-20 08:38:28,194 [INFO] ProjectBuilder:4404 - Project Generator version: 4.1.0
2025-05-20 08:38:28,442 [INFO] ConfigFileManager:1457 - The Die is : DIE410
2025-05-20 08:38:28,470 [INFO] ApiDbMcu:507 - Load IP Config File for FATFS
2025-05-20 08:38:28,485 [INFO] ApiDbMcu:507 - Load IP Config File for FREERTOS
2025-05-20 08:38:28,498 [INFO] ApiDbMcu:507 - Load IP Config File for USB_DEVICE
2025-05-20 08:38:29,835 [INFO] LogOutputStream:77 - [STDOUT_REDIRECT] 
2025-05-20 08:38:31,457 [INFO] ProjectBuilder:4626 - Time for Generating toolchain IDE Files: 3262mS.
2025-05-20 08:38:31,458 [INFO] ProjectBuilder:2935 - Time for Copy CMSIS : 0mS.
2025-05-20 08:38:31,460 [INFO] ProjectBuilder:2935 - Time for Copy CMSIS : 0mS.
2025-05-20 09:30:30,776 [INFO] UtilMem:75 - End SaveConfig() Used Memory: 654389528 Bytes (1073741824)
2025-05-20 09:30:31,147 [INFO] BlockDiagram:2759 - set Specific Code input for plugin: NVIC
2025-05-20 09:30:31,147 [INFO] BlockDiagram:2759 - set Specific Code input for plugin: USART
2025-05-20 09:30:31,147 [INFO] BlockDiagram:2759 - set Specific Code input for plugin: USART
2025-05-20 09:30:31,147 [INFO] BlockDiagram:2759 - set Specific Code input for plugin: SYS
2025-05-20 09:30:31,147 [INFO] BlockDiagram:2759 - set Specific Code input for plugin: GPIO
2025-05-20 09:30:31,148 [INFO] BlockDiagram:2759 - set Specific Code input for plugin: RCC
2025-05-20 09:30:31,148 [INFO] BlockDiagram:2759 - set Specific Code input for plugin: I2C
2025-05-20 09:30:31,149 [INFO] CodeGenerator:799 - code generatio: config db path: D:\ITC\STM32\STM32CubeIDE_1.13.0\STM32CubeIDE\plugins\com.st.stm32cube.common.mx_6.9.0.202307051724\\db\
2025-05-20 09:30:31,152 [WARN] IP:2114 - I2C_Coeff_DF not found: check if there is a RefParameter without a condition.
2025-05-20 09:30:31,153 [WARN] IP:2114 - Analog_Filter not found: check if there is a RefParameter without a condition.
2025-05-20 09:30:31,374 [INFO] CodeEngine:255 - oldGeneratedFile, D:\AIFARM\STM32_GREENB\stm32f103_nethouse\MXTmpFiles\license.tmp_save
2025-05-20 09:30:31,544 [INFO] CodeEngine:279 - Generated code: D:\AIFARM\STM32_GREENB\stm32f103_nethouse\MXTmpFiles\license.tmp
2025-05-20 09:30:31,602 [INFO] CodeEngine:255 - oldGeneratedFile, D:\AIFARM\STM32_GREENB\stm32f103_nethouse\MXTmpFiles\gpio.tmp_save
2025-05-20 09:30:31,693 [INFO] CodeEngine:279 - Generated code: D:\AIFARM\STM32_GREENB\stm32f103_nethouse\MXTmpFiles\gpio.tmp
2025-05-20 09:30:31,838 [INFO] CodeEngine:255 - oldGeneratedFile, D:\AIFARM\STM32_GREENB\stm32f103_nethouse\Core\Src\stm32f1xx_it.c_save
2025-05-20 09:30:32,118 [INFO] CodeEngine:279 - Generated code: D:\AIFARM\STM32_GREENB\stm32f103_nethouse\Core\Src\stm32f1xx_it.c
2025-05-20 09:30:32,141 [INFO] CodeEngine:255 - oldGeneratedFile, D:\AIFARM\STM32_GREENB\stm32f103_nethouse\Core\Inc\stm32f1xx_it.h_save
2025-05-20 09:30:32,230 [INFO] CodeEngine:279 - Generated code: D:\AIFARM\STM32_GREENB\stm32f103_nethouse\Core\Inc\stm32f1xx_it.h
2025-05-20 09:30:32,268 [INFO] CodeEngine:255 - oldGeneratedFile, D:\AIFARM\STM32_GREENB\stm32f103_nethouse\Core\Src\stm32f1xx_hal_msp.c_save
2025-05-20 09:30:32,405 [INFO] CodeEngine:279 - Generated code: D:\AIFARM\STM32_GREENB\stm32f103_nethouse\Core\Src\stm32f1xx_hal_msp.c
2025-05-20 09:30:32,418 [INFO] CodeEngine:255 - oldGeneratedFile, D:\AIFARM\STM32_GREENB\stm32f103_nethouse\MXTmpFiles\system.tmp_save
2025-05-20 09:30:32,479 [INFO] CodeEngine:279 - Generated code: D:\AIFARM\STM32_GREENB\stm32f103_nethouse\MXTmpFiles\system.tmp
2025-05-20 09:30:32,514 [INFO] CodeEngine:311 - oldGeneratedFile, D:\AIFARM\STM32_GREENB\stm32f103_nethouse\Core\Inc\stm32f1xx_hal_conf.h_save
2025-05-20 09:30:32,618 [INFO] CodeEngine:335 - Generated code: D:\AIFARM\STM32_GREENB\stm32f103_nethouse\Core\Inc\stm32f1xx_hal_conf.h
2025-05-20 09:30:32,675 [INFO] CodeEngine:255 - oldGeneratedFile, D:\AIFARM\STM32_GREENB\stm32f103_nethouse\Core\Inc\main.h_save
2025-05-20 09:30:32,799 [INFO] CodeEngine:279 - Generated code: D:\AIFARM\STM32_GREENB\stm32f103_nethouse\Core\Inc\main.h
2025-05-20 09:30:32,830 [INFO] CodeEngine:255 - oldGeneratedFile, D:\AIFARM\STM32_GREENB\stm32f103_nethouse\Core\Src\main.c_save
2025-05-20 09:30:32,983 [INFO] CodeEngine:279 - Generated code: D:\AIFARM\STM32_GREENB\stm32f103_nethouse\Core\Src\main.c
2025-05-20 09:30:33,564 [INFO] ProjectBuilder:3064 - Time for Copy HAL[1] : 192mS.
2025-05-20 09:30:33,567 [INFO] ProjectBuilder:4404 - Project Generator version: 4.1.0
2025-05-20 09:30:33,783 [INFO] ConfigFileManager:1457 - The Die is : DIE410
2025-05-20 09:30:36,075 [INFO] ProjectBuilder:4626 - Time for Generating toolchain IDE Files: 2508mS.
2025-05-20 09:30:36,076 [INFO] ProjectBuilder:2935 - Time for Copy CMSIS : 0mS.
2025-05-20 09:30:36,078 [INFO] ProjectBuilder:2935 - Time for Copy CMSIS : 0mS.
2025-05-20 09:56:37,106 [INFO] Gpio:273 - dependency for GPIO [I2C1, RCC, SYS, USART1, USART2]
2025-05-20 09:56:37,208 [WARN] IP:2114 - I2C_Coeff_DF not found: check if there is a RefParameter without a condition.
2025-05-20 09:56:37,208 [WARN] IP:2114 - Analog_Filter not found: check if there is a RefParameter without a condition.
2025-05-20 09:56:37,208 [WARN] IP:2114 - I2C_Coeff_DF not found: check if there is a RefParameter without a condition.
2025-05-20 09:56:37,208 [WARN] IP:2114 - Analog_Filter not found: check if there is a RefParameter without a condition.
2025-05-20 09:56:37,218 [WARN] IP:2114 - I2C_Coeff_DF not found: check if there is a RefParameter without a condition.
2025-05-20 09:56:37,218 [WARN] IP:2114 - Analog_Filter not found: check if there is a RefParameter without a condition.
2025-05-20 09:56:37,228 [WARN] IP:2114 - I2C_Coeff_DF not found: check if there is a RefParameter without a condition.
2025-05-20 09:56:37,228 [WARN] IP:2114 - Analog_Filter not found: check if there is a RefParameter without a condition.
2025-05-20 09:56:37,241 [INFO] Gpio:273 - dependency for GPIO [I2C1, RCC, SYS, USART1, USART2]
2025-05-20 09:56:39,595 [INFO] UtilMem:75 - End SaveConfig() Used Memory: 807108016 Bytes (1073741824)
2025-05-20 09:56:40,041 [INFO] UtilMem:75 - End SaveConfig() Used Memory: 835291520 Bytes (1073741824)
2025-05-20 09:56:40,270 [INFO] BlockDiagram:2759 - set Specific Code input for plugin: NVIC
2025-05-20 09:56:40,270 [INFO] BlockDiagram:2759 - set Specific Code input for plugin: USART
2025-05-20 09:56:40,270 [INFO] BlockDiagram:2759 - set Specific Code input for plugin: USART
2025-05-20 09:56:40,270 [INFO] BlockDiagram:2759 - set Specific Code input for plugin: SYS
2025-05-20 09:56:40,271 [INFO] BlockDiagram:2759 - set Specific Code input for plugin: GPIO
2025-05-20 09:56:40,271 [INFO] BlockDiagram:2759 - set Specific Code input for plugin: RCC
2025-05-20 09:56:40,271 [INFO] BlockDiagram:2759 - set Specific Code input for plugin: I2C
2025-05-20 09:56:40,272 [INFO] CodeGenerator:799 - code generatio: config db path: D:\ITC\STM32\STM32CubeIDE_1.13.0\STM32CubeIDE\plugins\com.st.stm32cube.common.mx_6.9.0.202307051724\\db\
2025-05-20 09:56:40,274 [WARN] IP:2114 - I2C_Coeff_DF not found: check if there is a RefParameter without a condition.
2025-05-20 09:56:40,275 [WARN] IP:2114 - Analog_Filter not found: check if there is a RefParameter without a condition.
2025-05-20 09:56:40,499 [INFO] CodeEngine:255 - oldGeneratedFile, D:\AIFARM\STM32_GREENB\stm32f103_nethouse\MXTmpFiles\license.tmp_save
2025-05-20 09:56:40,581 [INFO] CodeEngine:279 - Generated code: D:\AIFARM\STM32_GREENB\stm32f103_nethouse\MXTmpFiles\license.tmp
2025-05-20 09:56:40,601 [INFO] CodeEngine:255 - oldGeneratedFile, D:\AIFARM\STM32_GREENB\stm32f103_nethouse\MXTmpFiles\gpio.tmp_save
2025-05-20 09:56:40,709 [INFO] CodeEngine:279 - Generated code: D:\AIFARM\STM32_GREENB\stm32f103_nethouse\MXTmpFiles\gpio.tmp
2025-05-20 09:56:40,799 [INFO] CodeEngine:255 - oldGeneratedFile, D:\AIFARM\STM32_GREENB\stm32f103_nethouse\Core\Src\stm32f1xx_it.c_save
2025-05-20 09:56:40,974 [INFO] CodeEngine:279 - Generated code: D:\AIFARM\STM32_GREENB\stm32f103_nethouse\Core\Src\stm32f1xx_it.c
2025-05-20 09:56:40,978 [INFO] CodeEngine:255 - oldGeneratedFile, D:\AIFARM\STM32_GREENB\stm32f103_nethouse\Core\Inc\stm32f1xx_it.h_save
2025-05-20 09:56:41,024 [INFO] CodeEngine:279 - Generated code: D:\AIFARM\STM32_GREENB\stm32f103_nethouse\Core\Inc\stm32f1xx_it.h
2025-05-20 09:56:41,038 [INFO] CodeEngine:255 - oldGeneratedFile, D:\AIFARM\STM32_GREENB\stm32f103_nethouse\Core\Src\stm32f1xx_hal_msp.c_save
2025-05-20 09:56:41,135 [INFO] CodeEngine:279 - Generated code: D:\AIFARM\STM32_GREENB\stm32f103_nethouse\Core\Src\stm32f1xx_hal_msp.c
2025-05-20 09:56:41,138 [INFO] CodeEngine:255 - oldGeneratedFile, D:\AIFARM\STM32_GREENB\stm32f103_nethouse\MXTmpFiles\system.tmp_save
2025-05-20 09:56:41,194 [INFO] CodeEngine:279 - Generated code: D:\AIFARM\STM32_GREENB\stm32f103_nethouse\MXTmpFiles\system.tmp
2025-05-20 09:56:41,211 [INFO] CodeEngine:311 - oldGeneratedFile, D:\AIFARM\STM32_GREENB\stm32f103_nethouse\Core\Inc\stm32f1xx_hal_conf.h_save
2025-05-20 09:56:41,318 [INFO] CodeEngine:335 - Generated code: D:\AIFARM\STM32_GREENB\stm32f103_nethouse\Core\Inc\stm32f1xx_hal_conf.h
2025-05-20 09:56:41,363 [INFO] CodeEngine:255 - oldGeneratedFile, D:\AIFARM\STM32_GREENB\stm32f103_nethouse\Core\Inc\main.h_save
2025-05-20 09:56:41,466 [INFO] CodeEngine:279 - Generated code: D:\AIFARM\STM32_GREENB\stm32f103_nethouse\Core\Inc\main.h
2025-05-20 09:56:41,492 [INFO] CodeEngine:255 - oldGeneratedFile, D:\AIFARM\STM32_GREENB\stm32f103_nethouse\Core\Src\main.c_save
2025-05-20 09:56:41,597 [INFO] CodeEngine:279 - Generated code: D:\AIFARM\STM32_GREENB\stm32f103_nethouse\Core\Src\main.c
2025-05-20 09:56:42,052 [INFO] ProjectBuilder:3064 - Time for Copy HAL[1] : 185mS.
2025-05-20 09:56:42,055 [INFO] ProjectBuilder:4404 - Project Generator version: 4.1.0
2025-05-20 09:56:42,306 [INFO] ConfigFileManager:1457 - The Die is : DIE410
2025-05-20 09:56:43,516 [INFO] ProjectBuilder:4626 - Time for Generating toolchain IDE Files: 1460mS.
2025-05-20 09:56:43,517 [INFO] ProjectBuilder:2935 - Time for Copy CMSIS : 1mS.
2025-05-20 09:56:43,519 [INFO] ProjectBuilder:2935 - Time for Copy CMSIS : 0mS.
2025-05-20 10:01:59,170 [INFO] Gpio:273 - dependency for GPIO [I2C1, RCC, SYS, USART1, USART2]
2025-05-20 10:01:59,271 [WARN] IP:2114 - I2C_Coeff_DF not found: check if there is a RefParameter without a condition.
2025-05-20 10:01:59,271 [WARN] IP:2114 - Analog_Filter not found: check if there is a RefParameter without a condition.
2025-05-20 10:01:59,271 [WARN] IP:2114 - I2C_Coeff_DF not found: check if there is a RefParameter without a condition.
2025-05-20 10:01:59,271 [WARN] IP:2114 - Analog_Filter not found: check if there is a RefParameter without a condition.
2025-05-20 10:01:59,283 [WARN] IP:2114 - I2C_Coeff_DF not found: check if there is a RefParameter without a condition.
2025-05-20 10:01:59,283 [WARN] IP:2114 - Analog_Filter not found: check if there is a RefParameter without a condition.
2025-05-20 10:01:59,294 [WARN] IP:2114 - I2C_Coeff_DF not found: check if there is a RefParameter without a condition.
2025-05-20 10:01:59,294 [WARN] IP:2114 - Analog_Filter not found: check if there is a RefParameter without a condition.
2025-05-20 10:01:59,310 [INFO] Gpio:273 - dependency for GPIO [I2C1, RCC, SYS, USART1, USART2]
2025-05-20 10:02:05,355 [INFO] UtilMem:75 - End SaveConfig() Used Memory: 717350784 Bytes (1073741824)
2025-05-20 10:02:05,892 [INFO] UtilMem:75 - End SaveConfig() Used Memory: 749244880 Bytes (1073741824)
2025-05-20 10:02:06,153 [INFO] BlockDiagram:2759 - set Specific Code input for plugin: NVIC
2025-05-20 10:02:06,153 [INFO] BlockDiagram:2759 - set Specific Code input for plugin: USART
2025-05-20 10:02:06,154 [INFO] BlockDiagram:2759 - set Specific Code input for plugin: USART
2025-05-20 10:02:06,154 [INFO] BlockDiagram:2759 - set Specific Code input for plugin: SYS
2025-05-20 10:02:06,154 [INFO] BlockDiagram:2759 - set Specific Code input for plugin: GPIO
2025-05-20 10:02:06,154 [INFO] BlockDiagram:2759 - set Specific Code input for plugin: RCC
2025-05-20 10:02:06,154 [INFO] BlockDiagram:2759 - set Specific Code input for plugin: I2C
2025-05-20 10:02:06,155 [INFO] CodeGenerator:799 - code generatio: config db path: D:\ITC\STM32\STM32CubeIDE_1.13.0\STM32CubeIDE\plugins\com.st.stm32cube.common.mx_6.9.0.202307051724\\db\
2025-05-20 10:02:06,159 [WARN] IP:2114 - I2C_Coeff_DF not found: check if there is a RefParameter without a condition.
2025-05-20 10:02:06,159 [WARN] IP:2114 - Analog_Filter not found: check if there is a RefParameter without a condition.
2025-05-20 10:02:06,273 [INFO] CodeEngine:255 - oldGeneratedFile, D:\AIFARM\STM32_GREENB\stm32f103_nethouse\MXTmpFiles\license.tmp_save
2025-05-20 10:02:06,357 [INFO] CodeEngine:279 - Generated code: D:\AIFARM\STM32_GREENB\stm32f103_nethouse\MXTmpFiles\license.tmp
2025-05-20 10:02:06,375 [INFO] CodeEngine:255 - oldGeneratedFile, D:\AIFARM\STM32_GREENB\stm32f103_nethouse\MXTmpFiles\gpio.tmp_save
2025-05-20 10:02:06,484 [INFO] CodeEngine:279 - Generated code: D:\AIFARM\STM32_GREENB\stm32f103_nethouse\MXTmpFiles\gpio.tmp
2025-05-20 10:02:06,545 [INFO] CodeEngine:255 - oldGeneratedFile, D:\AIFARM\STM32_GREENB\stm32f103_nethouse\Core\Src\stm32f1xx_it.c_save
2025-05-20 10:02:06,610 [INFO] CodeEngine:279 - Generated code: D:\AIFARM\STM32_GREENB\stm32f103_nethouse\Core\Src\stm32f1xx_it.c
2025-05-20 10:02:06,614 [INFO] CodeEngine:255 - oldGeneratedFile, D:\AIFARM\STM32_GREENB\stm32f103_nethouse\Core\Inc\stm32f1xx_it.h_save
2025-05-20 10:02:06,668 [INFO] CodeEngine:279 - Generated code: D:\AIFARM\STM32_GREENB\stm32f103_nethouse\Core\Inc\stm32f1xx_it.h
2025-05-20 10:02:06,683 [INFO] CodeEngine:255 - oldGeneratedFile, D:\AIFARM\STM32_GREENB\stm32f103_nethouse\Core\Src\stm32f1xx_hal_msp.c_save
2025-05-20 10:02:06,749 [INFO] CodeEngine:279 - Generated code: D:\AIFARM\STM32_GREENB\stm32f103_nethouse\Core\Src\stm32f1xx_hal_msp.c
2025-05-20 10:02:06,752 [INFO] CodeEngine:255 - oldGeneratedFile, D:\AIFARM\STM32_GREENB\stm32f103_nethouse\MXTmpFiles\system.tmp_save
2025-05-20 10:02:06,794 [INFO] CodeEngine:279 - Generated code: D:\AIFARM\STM32_GREENB\stm32f103_nethouse\MXTmpFiles\system.tmp
2025-05-20 10:02:06,808 [INFO] CodeEngine:311 - oldGeneratedFile, D:\AIFARM\STM32_GREENB\stm32f103_nethouse\Core\Inc\stm32f1xx_hal_conf.h_save
2025-05-20 10:02:06,889 [INFO] CodeEngine:335 - Generated code: D:\AIFARM\STM32_GREENB\stm32f103_nethouse\Core\Inc\stm32f1xx_hal_conf.h
2025-05-20 10:02:06,918 [INFO] CodeEngine:255 - oldGeneratedFile, D:\AIFARM\STM32_GREENB\stm32f103_nethouse\Core\Inc\main.h_save
2025-05-20 10:02:06,989 [INFO] CodeEngine:279 - Generated code: D:\AIFARM\STM32_GREENB\stm32f103_nethouse\Core\Inc\main.h
2025-05-20 10:02:07,003 [INFO] CodeEngine:255 - oldGeneratedFile, D:\AIFARM\STM32_GREENB\stm32f103_nethouse\Core\Src\main.c_save
2025-05-20 10:02:07,152 [INFO] CodeEngine:279 - Generated code: D:\AIFARM\STM32_GREENB\stm32f103_nethouse\Core\Src\main.c
2025-05-20 10:02:07,742 [INFO] ProjectBuilder:3064 - Time for Copy HAL[1] : 174mS.
2025-05-20 10:02:07,745 [INFO] ProjectBuilder:4404 - Project Generator version: 4.1.0
2025-05-20 10:02:07,985 [INFO] ConfigFileManager:1457 - The Die is : DIE410
2025-05-20 10:02:09,244 [INFO] ProjectBuilder:4626 - Time for Generating toolchain IDE Files: 1499mS.
2025-05-20 10:02:09,245 [INFO] ProjectBuilder:2935 - Time for Copy CMSIS : 0mS.
2025-05-20 10:02:09,248 [INFO] ProjectBuilder:2935 - Time for Copy CMSIS : 0mS.
2025-05-20 14:39:59,796 [INFO] Activator:176 - 


2025-05-20 14:39:59,798 [INFO] Activator:177 - !SESSION log4j initialized
2025-05-20 14:40:07,278 [INFO] LogOutputStream:77 - [STDOUT_REDIRECT] 
2025-05-20 14:40:11,197 [INFO] ApplicationProperties:184 - Using Application install path: D:\ITC\STM32\STM32CubeIDE_1.13.0\STM32CubeIDE\plugins\com.st.stm32cube.common.mx_6.9.0.202307051724
2025-05-20 14:40:11,214 [INFO] DbMcusXml:78 - Set database path to: D:\ITC\STM32\STM32CubeIDE_1.13.0\STM32CubeIDE\plugins\com.st.stm32cube.common.mx_6.9.0.202307051724\\db\/mcu/
2025-05-20 14:40:11,214 [INFO] ApiDb:274 - Set plugin database path to: D:\ITC\STM32\STM32CubeIDE_1.13.0\STM32CubeIDE\plugins\com.st.stm32cube.common.mx_6.9.0.202307051724\\db\/plugins/boardmanager/
2025-05-20 14:40:11,214 [WARN] ApiDb:259 - Overriding images path with different value:  => D:\ITC\STM32\STM32CubeIDE_1.13.0\STM32CubeIDE\plugins\com.st.stm32cube.common.mx_6.9.0.202307051724\\db\/plugins/mcufinder/images/
2025-05-20 14:40:11,226 [INFO] ApiDb:250 - Set database path to: C:\Users\msi1\.stmcufinder\plugins\mcufinder//mcu/
2025-05-20 14:40:11,227 [INFO] DbMcusAds:125 - Set database path to: C:\Users\msi1\.stmcufinder\plugins\mcufinder//mcu/
2025-05-20 14:40:11,229 [INFO] CrossReferenceDbSqlite:203 - Set database path to: C:\Users\msi1\.stmcufinder\plugins\mcufinder//mcu/cs/
2025-05-20 14:40:11,337 [INFO] RulesReader:64 - Compatibility file has been processed (293 Rules)
2025-05-20 14:40:11,423 [INFO] DbMcusXml:78 - Set database path to: D:\ITC\STM32\STM32CubeIDE_1.13.0\STM32CubeIDE\plugins\com.st.stm32cube.common.mx_6.9.0.202307051724\\db\/mcu/
2025-05-20 14:40:11,423 [INFO] ApiDb:274 - Set plugin database path to: D:\ITC\STM32\STM32CubeIDE_1.13.0\STM32CubeIDE\plugins\com.st.stm32cube.common.mx_6.9.0.202307051724\\db\/plugins/boardmanager/
2025-05-20 14:40:11,424 [INFO] ApiDb:261 - Set plugin images path to: D:\ITC\STM32\STM32CubeIDE_1.13.0\STM32CubeIDE\plugins\com.st.stm32cube.common.mx_6.9.0.202307051724\\db\/plugins/mcufinder/images/
2025-05-20 14:40:11,424 [WARN] DbFile:41 - Overriding database path with different value: C:\Users\msi1\.stmcufinder\plugins\mcufinder/ => C:\Users\msi1\.stmcufinder\plugins\mcufinder
2025-05-20 14:40:11,424 [INFO] ApiDb:250 - Set database path to: C:\Users\msi1\.stmcufinder\plugins\mcufinder//mcu/
2025-05-20 14:40:11,424 [WARN] DbFile:41 - Overriding database path with different value: C:\Users\msi1\.stmcufinder\plugins\mcufinder/ => C:\Users\msi1\.stmcufinder\plugins\mcufinder
2025-05-20 14:40:11,424 [INFO] DbMcusAds:125 - Set database path to: C:\Users\msi1\.stmcufinder\plugins\mcufinder//mcu/
2025-05-20 14:40:11,424 [WARN] DbFile:41 - Overriding database path with different value: C:\Users\msi1\.stmcufinder\plugins\mcufinder/ => C:\Users\msi1\.stmcufinder\plugins\mcufinder
2025-05-20 14:40:11,424 [WARN] DbFile:41 - Overriding database path with different value: C:\Users\msi1\.stmcufinder\plugins\mcufinder/ => C:\Users\msi1\.stmcufinder\plugins\mcufinder
2025-05-20 14:40:11,424 [INFO] CrossReferenceDbSqlite:203 - Set database path to: C:\Users\msi1\.stmcufinder\plugins\mcufinder//mcu/cs/
2025-05-20 14:40:11,501 [INFO] MainPanel:262 - HeapMemory: 268435456
2025-05-20 14:40:11,598 [INFO] DbMcusXml:78 - Set database path to: D:\ITC\STM32\STM32CubeIDE_1.13.0\STM32CubeIDE\plugins\com.st.stm32cube.common.mx_6.9.0.202307051724\\db\/mcu/
2025-05-20 14:40:11,598 [INFO] ApiDb:274 - Set plugin database path to: D:\ITC\STM32\STM32CubeIDE_1.13.0\STM32CubeIDE\plugins\com.st.stm32cube.common.mx_6.9.0.202307051724\\db\/plugins/boardmanager/
2025-05-20 14:40:11,598 [INFO] ApiDb:261 - Set plugin images path to: D:\ITC\STM32\STM32CubeIDE_1.13.0\STM32CubeIDE\plugins\com.st.stm32cube.common.mx_6.9.0.202307051724\\db\/plugins/mcufinder/images/
2025-05-20 14:40:11,599 [WARN] DbFile:41 - Overriding database path with different value: C:\Users\msi1\.stmcufinder\plugins\mcufinder/ => C:\Users\msi1\.stmcufinder\plugins\mcufinder
2025-05-20 14:40:11,599 [INFO] ApiDb:250 - Set database path to: C:\Users\msi1\.stmcufinder\plugins\mcufinder//mcu/
2025-05-20 14:40:11,599 [WARN] DbFile:41 - Overriding database path with different value: C:\Users\msi1\.stmcufinder\plugins\mcufinder/ => C:\Users\msi1\.stmcufinder\plugins\mcufinder
2025-05-20 14:40:11,599 [INFO] DbMcusAds:125 - Set database path to: C:\Users\msi1\.stmcufinder\plugins\mcufinder//mcu/
2025-05-20 14:40:11,599 [WARN] DbFile:41 - Overriding database path with different value: C:\Users\msi1\.stmcufinder\plugins\mcufinder/ => C:\Users\msi1\.stmcufinder\plugins\mcufinder
2025-05-20 14:40:11,599 [WARN] DbFile:41 - Overriding database path with different value: C:\Users\msi1\.stmcufinder\plugins\mcufinder/ => C:\Users\msi1\.stmcufinder\plugins\mcufinder
2025-05-20 14:40:11,599 [INFO] CrossReferenceDbSqlite:203 - Set database path to: C:\Users\msi1\.stmcufinder\plugins\mcufinder//mcu/cs/
2025-05-20 14:40:11,616 [INFO] ApplicationProperties:184 - Using Application install path: D:\ITC\STM32\STM32CubeIDE_1.13.0\STM32CubeIDE\plugins\com.st.stm32cube.common.mx_6.9.0.202307051724
2025-05-20 14:40:11,617 [INFO] PluginManage:196 - Search for loadable plugins [exclusion list=, ]
2025-05-20 14:40:11,618 [INFO] PluginManage:310 - Check plugin analytics
2025-05-20 14:40:11,756 [INFO] AnalyticsPlugin:253 - Accepted Software Licenses: 
2025-05-20 14:40:11,756 [INFO] AnalyticsPlugin:255 - Accepted CMSIS Pack Licenses: 
2025-05-20 14:40:11,756 [INFO] AnalyticsPlugin:257 - Accepted Firmware Licenses: FW.F4.1.27.0
2025-05-20 14:40:11,759 [INFO] PluginManage:359 - Loaded plugin analytics (category:tool,tabindex:-1)
2025-05-20 14:40:11,759 [INFO] PluginManage:310 - Check plugin cadmodel
2025-05-20 14:40:11,779 [INFO] CADModel:105 - Init CAD model plugin
2025-05-20 14:40:11,779 [INFO] PluginManage:359 - Loaded plugin cadmodel (category:power,tabindex:5)
2025-05-20 14:40:11,779 [INFO] PluginManage:310 - Check plugin clock
2025-05-20 14:40:11,799 [INFO] PluginManage:359 - Loaded plugin clock (category:base,tabindex:2)
2025-05-20 14:40:11,799 [INFO] PluginManage:310 - Check plugin ddr
2025-05-20 14:40:11,801 [INFO] PluginManage:359 - Loaded plugin ddr (category:tool,tabindex:6)
2025-05-20 14:40:11,802 [INFO] PluginManage:310 - Check plugin filemanager
2025-05-20 14:40:11,919 [INFO] PluginManage:359 - Loaded plugin filemanager (category:base,tabindex:10)
2025-05-20 14:40:11,919 [INFO] PluginManage:310 - Check plugin ipmanager
2025-05-20 14:40:11,927 [INFO] PluginManage:359 - Loaded plugin ipmanager (category:base,tabindex:5)
2025-05-20 14:40:11,927 [INFO] PluginManage:310 - Check plugin lpbam
2025-05-20 14:40:11,944 [INFO] PluginManage:359 - Loaded plugin lpbam (category:base,tabindex:0)
2025-05-20 14:40:11,944 [INFO] PluginManage:310 - Check plugin memorymap
2025-05-20 14:40:11,971 [INFO] PluginManage:359 - Loaded plugin memorymap (category:base,tabindex:4)
2025-05-20 14:40:11,972 [INFO] PluginManage:310 - Check plugin pinoutandconfiguration
2025-05-20 14:40:11,993 [INFO] PluginManage:359 - Loaded plugin pinoutandconfiguration (category:base,tabindex:1)
2025-05-20 14:40:11,993 [INFO] PluginManage:310 - Check plugin pinoutconfig
2025-05-20 14:40:12,101 [WARN] SupportedApi:132 - Cannot load RTOS API schema: s4s-elt-must-match.1: The content of 'definitions' must match (annotation?, (simpleType | complexType)?, (unique | key | keyref)*)). A problem was found starting at: attribute.
2025-05-20 14:40:12,233 [INFO] PluginManage:359 - Loaded plugin pinoutconfig (category:base,tabindex:0)
2025-05-20 14:40:12,233 [INFO] PluginManage:310 - Check plugin power
2025-05-20 14:40:12,259 [INFO] PluginManage:359 - Loaded plugin power (category:power,tabindex:4)
2025-05-20 14:40:12,259 [INFO] PluginManage:310 - Check plugin projectmanager
2025-05-20 14:40:12,273 [INFO] PluginManage:359 - Loaded plugin projectmanager (category:projectmanager,tabindex:3)
2025-05-20 14:40:12,273 [INFO] PluginManage:310 - Check plugin thirdparty
2025-05-20 14:40:12,556 [INFO] PluginManage:359 - Loaded plugin thirdparty (category:base,tabindex:-1)
2025-05-20 14:40:12,556 [WARN] IntegrityCheckThread:84 - waiting for thirdparty lock release [integrity check]
2025-05-20 14:40:12,557 [INFO] PluginManage:310 - Check plugin tools
2025-05-20 14:40:12,557 [INFO] IntegrityCheckThread:86 - entering critical section [integrity check]
2025-05-20 14:40:12,558 [INFO] ThirdPartyUpdaterWithRetryManager:70 - Updater plugin not ready yet. [1/15]
2025-05-20 14:40:12,598 [INFO] PluginManage:359 - Loaded plugin tools (category:base,tabindex:7)
2025-05-20 14:40:12,598 [INFO] PluginManage:310 - Check plugin tutovideos
2025-05-20 14:40:12,775 [INFO] PluginManage:359 - Loaded plugin tutovideos (category:base,tabindex:-1)
2025-05-20 14:40:12,775 [INFO] PluginManage:310 - Check plugin updater
2025-05-20 14:40:12,786 [INFO] PluginManage:359 - Loaded plugin updater (category:base,tabindex:12)
2025-05-20 14:40:12,786 [INFO] PluginManage:310 - Check plugin userauth
2025-05-20 14:40:12,791 [INFO] UserAuth:113 - Init User Auth plugin
2025-05-20 14:40:12,792 [INFO] PluginManage:359 - Loaded plugin userauth (category:base,tabindex:14)
2025-05-20 14:40:12,792 [INFO] PluginManage:283 - PluginManage : Loaded plugins [17]
2025-05-20 14:40:13,005 [INFO] PinOutPanel:1499 - setPackage(No Configuration,No Configuration)
2025-05-20 14:40:13,128 [INFO] CADModel:165 - CPN selected for project level
2025-05-20 14:40:13,128 [INFO] CADModel:114 - Register for checkConnection events
2025-05-20 14:40:13,162 [INFO] IPUIPlugin:80 - create IPUIPlugin
2025-05-20 14:40:13,162 [INFO] PluginManager:220 - loadIPPluginJar : add adc
2025-05-20 14:40:13,205 [INFO] IPUIPlugin:80 - create IPUIPlugin
2025-05-20 14:40:13,205 [INFO] PluginManager:220 - loadIPPluginJar : add aes
2025-05-20 14:40:13,253 [INFO] IPUIPlugin:80 - create IPUIPlugin
2025-05-20 14:40:13,254 [INFO] PluginManager:220 - loadIPPluginJar : add can
2025-05-20 14:40:13,282 [INFO] IPUIPlugin:80 - create IPUIPlugin
2025-05-20 14:40:13,282 [INFO] PluginManager:220 - loadIPPluginJar : add comp
2025-05-20 14:40:13,319 [INFO] IPUIPlugin:80 - create IPUIPlugin
2025-05-20 14:40:13,319 [INFO] PluginManager:220 - loadIPPluginJar : add cryp
2025-05-20 14:40:13,353 [INFO] IPUIPlugin:80 - create IPUIPlugin
2025-05-20 14:40:13,353 [INFO] PluginManager:220 - loadIPPluginJar : add dfsdm
2025-05-20 14:40:13,367 [INFO] IPUIPlugin:80 - create IPUIPlugin
2025-05-20 14:40:13,368 [INFO] PluginManager:220 - loadIPPluginJar : add dma
2025-05-20 14:40:13,416 [INFO] IPUIPlugin:80 - create IPUIPlugin
2025-05-20 14:40:13,416 [INFO] PluginManager:220 - loadIPPluginJar : add dma3
2025-05-20 14:40:13,440 [INFO] IPUIPlugin:80 - create IPUIPlugin
2025-05-20 14:40:13,441 [INFO] PluginManager:220 - loadIPPluginJar : add fatfs
2025-05-20 14:40:13,491 [INFO] IPUIPlugin:80 - create IPUIPlugin
2025-05-20 14:40:13,492 [INFO] PluginManager:220 - loadIPPluginJar : add fmc
2025-05-20 14:40:13,508 [INFO] IPUIPlugin:80 - create IPUIPlugin
2025-05-20 14:40:13,508 [INFO] PluginManager:220 - loadIPPluginJar : add freertos
2025-05-20 14:40:13,534 [INFO] IPUIPlugin:80 - create IPUIPlugin
2025-05-20 14:40:13,534 [INFO] PluginManager:220 - loadIPPluginJar : add genericplugin
2025-05-20 14:40:13,636 [INFO] IPUIPlugin:80 - create IPUIPlugin
2025-05-20 14:40:13,636 [INFO] PluginManager:220 - loadIPPluginJar : add gfxmmu
2025-05-20 14:40:13,779 [INFO] IPUIPlugin:80 - create IPUIPlugin
2025-05-20 14:40:13,779 [INFO] PluginManager:220 - loadIPPluginJar : add gic
2025-05-20 14:40:13,794 [INFO] IPUIPlugin:80 - create IPUIPlugin
2025-05-20 14:40:13,794 [INFO] PluginManager:220 - loadIPPluginJar : add gpio
2025-05-20 14:40:13,894 [INFO] IPUIPlugin:80 - create IPUIPlugin
2025-05-20 14:40:13,894 [INFO] PluginManager:220 - loadIPPluginJar : add gtzc
2025-05-20 14:40:13,933 [INFO] IPUIPlugin:80 - create IPUIPlugin
2025-05-20 14:40:13,933 [INFO] PluginManager:220 - loadIPPluginJar : add hash
2025-05-20 14:40:13,993 [INFO] IPUIPlugin:80 - create IPUIPlugin
2025-05-20 14:40:13,993 [INFO] PluginManager:220 - loadIPPluginJar : add i2c
2025-05-20 14:40:14,036 [INFO] IPUIPlugin:80 - create IPUIPlugin
2025-05-20 14:40:14,036 [INFO] PluginManager:220 - loadIPPluginJar : add i2s
2025-05-20 14:40:14,081 [INFO] IPUIPlugin:80 - create IPUIPlugin
2025-05-20 14:40:14,081 [INFO] PluginManager:220 - loadIPPluginJar : add i3c
2025-05-20 14:40:14,186 [INFO] IPUIPlugin:80 - create IPUIPlugin
2025-05-20 14:40:14,186 [INFO] PluginManager:220 - loadIPPluginJar : add ipddr
2025-05-20 14:40:14,285 [INFO] IPUIPlugin:80 - create IPUIPlugin
2025-05-20 14:40:14,285 [INFO] PluginManager:220 - loadIPPluginJar : add linkedlist
2025-05-20 14:40:14,326 [INFO] IPUIPlugin:80 - create IPUIPlugin
2025-05-20 14:40:14,326 [INFO] PluginManager:220 - loadIPPluginJar : add lorawan
2025-05-20 14:40:14,368 [INFO] IPUIPlugin:80 - create IPUIPlugin
2025-05-20 14:40:14,368 [INFO] PluginManager:220 - loadIPPluginJar : add ltdc
2025-05-20 14:40:14,385 [INFO] IPUIPlugin:80 - create IPUIPlugin
2025-05-20 14:40:14,385 [INFO] PluginManager:220 - loadIPPluginJar : add mdma
2025-05-20 14:40:14,398 [INFO] IPUIPlugin:80 - create IPUIPlugin
2025-05-20 14:40:14,398 [INFO] PluginManager:220 - loadIPPluginJar : add nvic
2025-05-20 14:40:14,440 [INFO] IPUIPlugin:80 - create IPUIPlugin
2025-05-20 14:40:14,441 [INFO] PluginManager:220 - loadIPPluginJar : add opamp
2025-05-20 14:40:14,508 [INFO] IPUIPlugin:80 - create IPUIPlugin
2025-05-20 14:40:14,508 [INFO] PluginManager:220 - loadIPPluginJar : add openamp
2025-05-20 14:40:14,557 [INFO] IPUIPlugin:80 - create IPUIPlugin
2025-05-20 14:40:14,557 [INFO] PluginManager:220 - loadIPPluginJar : add pdm2pcm
2025-05-20 14:40:14,576 [INFO] IPUIPlugin:80 - create IPUIPlugin
2025-05-20 14:40:14,579 [INFO] PluginManager:220 - loadIPPluginJar : add plateformsettings
2025-05-20 14:40:14,611 [INFO] IPUIPlugin:80 - create IPUIPlugin
2025-05-20 14:40:14,611 [INFO] PluginManager:220 - loadIPPluginJar : add quadspi
2025-05-20 14:40:14,630 [INFO] IPUIPlugin:80 - create IPUIPlugin
2025-05-20 14:40:14,630 [INFO] PluginManager:220 - loadIPPluginJar : add resmgrutility
2025-05-20 14:40:14,694 [INFO] IPUIPlugin:80 - create IPUIPlugin
2025-05-20 14:40:14,694 [INFO] PluginManager:220 - loadIPPluginJar : add sai
2025-05-20 14:40:14,736 [INFO] IPUIPlugin:80 - create IPUIPlugin
2025-05-20 14:40:14,736 [INFO] PluginManager:220 - loadIPPluginJar : add spi
2025-05-20 14:40:14,798 [INFO] IPUIPlugin:80 - create IPUIPlugin
2025-05-20 14:40:14,798 [INFO] PluginManager:220 - loadIPPluginJar : add stm32_wpan
2025-05-20 14:40:14,827 [INFO] IPUIPlugin:80 - create IPUIPlugin
2025-05-20 14:40:14,827 [INFO] PluginManager:220 - loadIPPluginJar : add tim
2025-05-20 14:40:14,887 [INFO] IPUIPlugin:80 - create IPUIPlugin
2025-05-20 14:40:14,888 [INFO] PluginManager:220 - loadIPPluginJar : add touchsensing
2025-05-20 14:40:14,914 [INFO] IPUIPlugin:80 - create IPUIPlugin
2025-05-20 14:40:14,914 [INFO] PluginManager:220 - loadIPPluginJar : add tracer_emb
2025-05-20 14:40:14,941 [INFO] IPUIPlugin:80 - create IPUIPlugin
2025-05-20 14:40:14,941 [INFO] PluginManager:220 - loadIPPluginJar : add ts
2025-05-20 14:40:14,971 [INFO] IPUIPlugin:80 - create IPUIPlugin
2025-05-20 14:40:14,971 [INFO] PluginManager:220 - loadIPPluginJar : add tsc
2025-05-20 14:40:14,997 [INFO] IPUIPlugin:80 - create IPUIPlugin
2025-05-20 14:40:14,997 [INFO] PluginManager:220 - loadIPPluginJar : add ucpd
2025-05-20 14:40:15,047 [INFO] IPUIPlugin:80 - create IPUIPlugin
2025-05-20 14:40:15,047 [INFO] PluginManager:220 - loadIPPluginJar : add usart
2025-05-20 14:40:15,095 [INFO] IPUIPlugin:80 - create IPUIPlugin
2025-05-20 14:40:15,095 [INFO] PluginManager:220 - loadIPPluginJar : add usbx
2025-05-20 14:40:15,211 [INFO] CADModel:165 - CPN selected for project level
2025-05-20 14:40:15,211 [INFO] CADModel:114 - Register for checkConnection events
2025-05-20 14:40:15,212 [FATAL] Updater:308 - Updater called before beeing initialized
2025-05-20 14:40:15,212 [ERROR] CADModel:125 - Updater not yet initialized, retry later 
2025-05-20 14:40:15,353 [INFO] CADModel:165 - CPN selected for project level
2025-05-20 14:40:15,353 [INFO] CADModel:114 - Register for checkConnection events
2025-05-20 14:40:15,353 [FATAL] Updater:308 - Updater called before beeing initialized
2025-05-20 14:40:15,353 [ERROR] CADModel:125 - Updater not yet initialized, retry later 
2025-05-20 14:40:15,357 [FATAL] Updater:308 - Updater called before beeing initialized
2025-05-20 14:40:15,470 [FATAL] Updater:308 - Updater called before beeing initialized
2025-05-20 14:40:15,483 [INFO] DbMcusAds:53 - JSON generation date=Wed May 07 16:07:55 ICT 2025 (1746608875679)
2025-05-20 14:40:15,483 [FATAL] Updater:308 - Updater called before beeing initialized
2025-05-20 14:40:15,558 [INFO] ThirdPartyUpdaterWithRetryManager:70 - Updater plugin not ready yet. [2/15]
2025-05-20 14:40:15,572 [WARN] DetailPanel:346 - Failed to get advertising image, set to default
2025-05-20 14:40:15,654 [FATAL] Updater:308 - Updater called before beeing initialized
2025-05-20 14:40:15,656 [FATAL] Updater:308 - Updater called before beeing initialized
2025-05-20 14:40:15,656 [FATAL] Updater:308 - Updater called before beeing initialized
2025-05-20 14:40:15,656 [WARN] DetailPanel:346 - Failed to get advertising image, set to default
2025-05-20 14:40:15,657 [FATAL] Updater:308 - Updater called before beeing initialized
2025-05-20 14:40:15,709 [ERROR] Updater:1120 - MainUpdater not yet initialized. External WinMGr cannot be set.
2025-05-20 14:40:15,720 [INFO] Updater:1056 - Updater Version found : 6.9.0
2025-05-20 14:40:15,736 [INFO] ApplicationProperties:184 - Using Application install path: D:\ITC\STM32\STM32CubeIDE_1.13.0\STM32CubeIDE\plugins\com.st.stm32cube.common.mx_6.9.0.202307051724
2025-05-20 14:40:16,128 [INFO] MainUpdater:2868 - connection check result : 10
2025-05-20 14:40:16,129 [INFO] MainUpdater:285 - Updater Check For Update Now.
2025-05-20 14:40:16,129 [INFO] MicroXplorer:498 - Change Database Version : DB.6.0.90
2025-05-20 14:40:16,151 [INFO] McuFinderGlobals:63 - Set McuFinder mode to 2 (CubeIDE integrated)
2025-05-20 14:40:16,369 [INFO] CheckServerUpdateThread:120 - End of CheckServer Thread
2025-05-20 14:40:18,845 [WARN] PackLoader:240 - Cannot read IP mode file for STMicroelectronics.FP-SNS-MOTENVWB1.1.4.0
2025-05-20 14:40:18,860 [WARN] PackLoader:240 - Cannot read IP mode file for STMicroelectronics.FP-ATR-ASTRA1.2.0.2
2025-05-20 14:40:18,872 [WARN] PackLoader:240 - Cannot read IP mode file for STMicroelectronics.FP-ATR-ASTRA1.2.0.1
2025-05-20 14:40:18,886 [WARN] PackLoader:240 - Cannot read IP mode file for STMicroelectronics.X-CUBE-SMBUS.2.1.0
2025-05-20 14:40:18,901 [WARN] PackLoader:240 - Cannot read IP mode file for STMicroelectronics.X-CUBE-WB05N.1.1.0
2025-05-20 14:40:18,916 [WARN] PackLoader:240 - Cannot read IP mode file for STMicroelectronics.X-CUBE-TOUCHGFX.4.23.0
2025-05-20 14:40:18,929 [WARN] PackLoader:240 - Cannot read IP mode file for STMicroelectronics.X-CUBE-TOUCHGFX.4.23.2
2025-05-20 14:40:18,967 [WARN] PackLoader:240 - Cannot read IP mode file for STMicroelectronics.X-CUBE-AZRTOS-F7.1.1.0
2025-05-20 14:40:18,987 [ERROR] RealEvaluatedCondition:428 - Found unsupported composite condition: CLASS='Data Exchange' GROUP='STM32_MetaDataManager'
2025-05-20 14:40:18,987 [ERROR] RealEvaluatedCondition:428 - Found unsupported composite condition: CLASS='Data Exchange' GROUP='STM32_MetaDataManager'
2025-05-20 14:40:18,988 [WARN] PackLoader:240 - Cannot read IP mode file for STMicroelectronics.FP-SNS-MOTENV1.4.3.0
2025-05-20 14:40:19,004 [WARN] PackLoader:240 - Cannot read IP mode file for STMicroelectronics.FP-SNS-MOTENV1.4.3.2
2025-05-20 14:40:19,022 [WARN] PackLoader:240 - Cannot read IP mode file for STMicroelectronics.FP-SNS-FLIGHT1.5.0.0
2025-05-20 14:40:19,038 [WARN] PackLoader:240 - Cannot read IP mode file for STMicroelectronics.X-CUBE-BLE1.6.2.4
2025-05-20 14:40:19,053 [WARN] PackLoader:240 - Cannot read IP mode file for STMicroelectronics.FP-SNS-FLIGHT1.5.0.2
2025-05-20 14:40:19,075 [ERROR] Engine:466 - C:\Users\msi1\.stm32cubemx\thirdparties\pdsc\Infineon.AIROC-Wi-Fi-Bluetooth-STM32.1.7.0.pdsc: PDSC version is not supported
2025-05-20 14:40:19,094 [WARN] PackLoader:240 - Cannot read IP mode file for STMicroelectronics.X-CUBE-DISPLAY.3.0.0
2025-05-20 14:40:19,112 [WARN] PackLoader:240 - Cannot read IP mode file for STMicroelectronics.X-CUBE-BLE1.7.0.0
2025-05-20 14:40:19,129 [WARN] PackLoader:240 - Cannot read IP mode file for STMicroelectronics.X-CUBE-NFC10.1.0.0
2025-05-20 14:40:19,144 [ERROR] Engine:466 - C:\Users\msi1\.stm32cubemx\thirdparties\pdsc\STMicroelectronics.X-CUBE-BLEMGR.4.0.0.pdsc: PDSC version is not supported
2025-05-20 14:40:19,157 [WARN] PackLoader:240 - Cannot read IP mode file for emotas.I-CUBE-CANOPEN.1.3.0
2025-05-20 14:40:19,171 [WARN] PackLoader:240 - Cannot read IP mode file for STMicroelectronics.X-CUBE-TOUCHGFX.4.22.0
2025-05-20 14:40:19,183 [WARN] PackLoader:240 - Cannot read IP mode file for STMicroelectronics.X-CUBE-TOUCHGFX.4.22.1
2025-05-20 14:40:19,200 [WARN] PackLoader:240 - Cannot read IP mode file for STMicroelectronics.X-CUBE-BLEMGR.3.1.0
2025-05-20 14:40:19,217 [WARN] PackLoader:240 - Cannot read IP mode file for STMicroelectronics.X-CUBE-AI.10.0.0
2025-05-20 14:40:19,230 [WARN] PackLoader:240 - Cannot read IP mode file for STMicroelectronics.FP-SNS-SMARTAG2.1.2.0
2025-05-20 14:40:19,243 [ERROR] Engine:466 - C:\Users\msi1\.stm32cubemx\thirdparties\pdsc\STMicroelectronics.FP-SNS-FLIGHT1.5.1.0.pdsc: PDSC version is not supported
2025-05-20 14:40:19,315 [WARN] PackLoader:240 - Cannot read IP mode file for STMicroelectronics.X-CUBE-MEMS1.11.1.0
2025-05-20 14:40:19,443 [INFO] LogOutputStream:77 - [STDOUT_REDIRECT] 1 : Invalid condition id : UX_CORESTACK_Condition cause : null
2025-05-20 14:40:19,444 [INFO] LogOutputStream:77 - [STDOUT_REDIRECT] 1 : Invalid condition id : UX_CORESTACK_Condition cause : null
2025-05-20 14:40:19,445 [INFO] LogOutputStream:77 - [STDOUT_REDIRECT] 1 : Invalid condition id : UX_CORESTACK_Condition cause : null
2025-05-20 14:40:19,446 [INFO] LogOutputStream:77 - [STDOUT_REDIRECT] 1 : Invalid condition id : UX_CORESTACK_Condition cause : null
2025-05-20 14:40:19,447 [INFO] LogOutputStream:77 - [STDOUT_REDIRECT] 1 : Invalid condition id : UX_CORESTACK_Condition cause : null
2025-05-20 14:40:19,450 [WARN] PackLoader:240 - Cannot read IP mode file for STMicroelectronics.X-CUBE-AZRTOS-WL.2.0.0
2025-05-20 14:40:19,466 [WARN] PackLoader:240 - Cannot read IP mode file for STMicroelectronics.FP-SNS-MOTENV1.5.0.0
2025-05-20 14:40:19,481 [WARN] PackLoader:240 - Cannot read IP mode file for wolfSSL.I-CUBE-wolfMQTT.1.19.0
2025-05-20 14:40:19,499 [WARN] PackLoader:240 - Cannot read IP mode file for WES.I-CUBE-Cesium.1.3.0
2025-05-20 14:40:19,515 [WARN] PackLoader:240 - Cannot read IP mode file for STMicroelectronics.X-CUBE-BLE2.3.3.0
2025-05-20 14:40:19,533 [WARN] PackLoader:240 - Cannot read IP mode file for STMicroelectronics.X-CUBE-NFC9.1.0.0
2025-05-20 14:40:19,550 [WARN] PackLoader:240 - Cannot read IP mode file for STMicroelectronics.X-CUBE-BLE1.7.1.0
2025-05-20 14:40:19,567 [WARN] PackLoader:240 - Cannot read IP mode file for STMicroelectronics.X-CUBE-TCPP.4.1.0
2025-05-20 14:40:19,583 [WARN] PackLoader:240 - Cannot read IP mode file for STMicroelectronics.X-CUBE-TOUCHGFX.4.21.4
2025-05-20 14:40:19,600 [WARN] PackLoader:240 - Cannot read IP mode file for STMicroelectronics.X-CUBE-ALGOBUILD.1.3.0
2025-05-20 14:40:19,660 [WARN] PackLoader:240 - Cannot read IP mode file for STMicroelectronics.X-CUBE-MEMS1.11.2.0
2025-05-20 14:40:19,773 [WARN] PackLoader:240 - Cannot read IP mode file for STMicroelectronics.X-CUBE-AZRTOS-G0.1.1.0
2025-05-20 14:40:19,793 [WARN] PackLoader:240 - Cannot read IP mode file for STMicroelectronics.X-CUBE-SAFEA1.1.2.2
2025-05-20 14:40:19,809 [WARN] PackLoader:240 - Cannot read IP mode file for STMicroelectronics.X-CUBE-NFC4.3.0.0
2025-05-20 14:40:19,822 [WARN] PackLoader:240 - Cannot read IP mode file for wolfSSL.I-CUBE-wolfMQTT.1.18.0
2025-05-20 14:40:19,835 [ERROR] Engine:466 - C:\Users\msi1\.stm32cubemx\thirdparties\pdsc\EmbeddedOffice.I-CUBE-FS-RTOS.1.0.1.pdsc: PDSC version is not supported
2025-05-20 14:40:19,849 [WARN] PackLoader:240 - Cannot read IP mode file for STMicroelectronics.X-CUBE-WB05N.2.0.0
2025-05-20 14:40:19,874 [WARN] PackLoader:240 - Cannot read IP mode file for STMicroelectronics.X-CUBE-BLEMGR.3.0.0
2025-05-20 14:40:19,891 [ERROR] Engine:466 - C:\Users\msi1\.stm32cubemx\thirdparties\pdsc\STMicroelectronics.X-CUBE-TCPP.4.2.0.pdsc: PDSC version is not supported
2025-05-20 14:40:19,905 [ERROR] Engine:466 - C:\Users\msi1\.stm32cubemx\thirdparties\pdsc\RealThread.X-CUBE-RT-Thread_Nano.4.1.1.pdsc: PDSC version is not supported
2025-05-20 14:40:19,920 [WARN] PackLoader:240 - Cannot read IP mode file for STMicroelectronics.FP-ATR-SIGFOX1.3.2.0
2025-05-20 14:40:19,940 [ERROR] Engine:466 - C:\Users\msi1\.stm32cubemx\thirdparties\pdsc\quantropi.X-CUBE-qispace-sdk-base.1.9.3.pdsc: PDSC version is not supported
2025-05-20 14:40:19,960 [WARN] PackLoader:240 - Cannot read IP mode file for STMicroelectronics.X-CUBE-EEPRMA1.5.1.0
2025-05-20 14:40:19,982 [WARN] PackLoader:240 - Cannot read IP mode file for wolfSSL.I-CUBE-wolfSSL.5.7.6
2025-05-20 14:40:19,999 [WARN] PackLoader:240 - Cannot read IP mode file for ITTIA_DB.I-CUBE-ITTIADB.8.9.0
2025-05-20 14:40:20,035 [WARN] PackLoader:240 - Cannot read IP mode file for SEGGER.I-CUBE-embOS.1.3.1
2025-05-20 14:40:20,072 [WARN] PackLoader:240 - Cannot read IP mode file for STMicroelectronics.X-CUBE-ALGOBUILD.1.4.0
2025-05-20 14:40:20,086 [WARN] PackLoader:240 - Cannot read IP mode file for STMicroelectronics.X-CUBE-AI.9.1.0
2025-05-20 14:40:20,103 [WARN] PackLoader:240 - Cannot read IP mode file for STMicroelectronics.X-CUBE-GNSS1.6.0.0
2025-05-20 14:40:20,131 [WARN] PackLoader:240 - Cannot read IP mode file for STMicroelectronics.X-CUBE-AZRTOS-F4.1.1.0
2025-05-20 14:40:20,146 [ERROR] Engine:466 - C:\Users\msi1\.stm32cubemx\thirdparties\pdsc\Avnet-IotConnect.X-CUBE-IoTC-DA16k-PMOD.1.0.0.pdsc: PDSC version is not supported
2025-05-20 14:40:20,159 [WARN] PackLoader:240 - Cannot read IP mode file for wolfSSL.I-CUBE-wolfSSL.5.6.0
2025-05-20 14:40:20,174 [WARN] PackLoader:240 - Cannot read IP mode file for STMicroelectronics.X-CUBE-ISPU.2.1.0
2025-05-20 14:40:20,189 [WARN] PackLoader:240 - Cannot read IP mode file for STMicroelectronics.X-CUBE-FREERTOS.1.2.0
2025-05-20 14:40:20,218 [WARN] PackLoader:240 - Cannot read IP mode file for STMicroelectronics.X-CUBE-AZRTOS-L5.2.0.0
2025-05-20 14:40:20,268 [WARN] PackLoader:240 - Cannot read IP mode file for STMicroelectronics.X-CUBE-MEMS1.9.6.0
2025-05-20 14:40:20,386 [WARN] PackLoader:240 - Cannot read IP mode file for STMicroelectronics.X-CUBE-EEPRMA1.4.2.0
2025-05-20 14:40:20,405 [WARN] PackLoader:240 - Cannot read IP mode file for STMicroelectronics.X-CUBE-NFC6.3.1.0
2025-05-20 14:40:20,421 [WARN] PackLoader:240 - Cannot read IP mode file for ITTIA_DB.I-CUBE-ITTIADB.8.8.0
2025-05-20 14:40:20,438 [WARN] PackLoader:240 - Cannot read IP mode file for emotas.I-CUBE-CANOPEN.1.1.3
2025-05-20 14:40:20,455 [WARN] PackLoader:240 - Cannot read IP mode file for STMicroelectronics.X-CUBE-BLEMGR.2.0.0
2025-05-20 14:40:20,467 [ERROR] Engine:466 - C:\Users\msi1\.stm32cubemx\thirdparties\pdsc\STMicroelectronics.X-CUBE-DPower.1.2.0.pdsc: PDSC version is not supported
2025-05-20 14:40:20,480 [WARN] PackLoader:240 - Cannot read IP mode file for STMicroelectronics.X-CUBE-AI.9.0.0
2025-05-20 14:40:20,512 [WARN] ConditionMgr:438 - getConditionDescription Invalid condition id : UX DEVICE CLASS RTOS Condition cause : null
2025-05-20 14:40:20,512 [WARN] ConditionMgr:438 - getConditionDescription Invalid condition id : UX DEVICE CLASS RTOS Condition cause : null
2025-05-20 14:40:20,515 [WARN] PackLoader:240 - Cannot read IP mode file for STMicroelectronics.X-CUBE-AZRTOS-H7.3.1.0
2025-05-20 14:40:20,515 [WARN] ConditionMgr:1039 - genDependencies : Invalid condition id : UX DEVICE CLASS RTOS Condition cause : null
2025-05-20 14:40:20,516 [WARN] ConditionMgr:1039 - genDependencies : Invalid condition id : UX DEVICE CLASS RTOS Condition cause : null
2025-05-20 14:40:20,516 [WARN] ConditionMgr:1039 - genDependencies : Invalid condition id : UX DEVICE CLASS RTOS Condition cause : null
2025-05-20 14:40:20,516 [WARN] ConditionMgr:1039 - genDependencies : Invalid condition id : UX DEVICE CLASS RTOS Condition cause : null
2025-05-20 14:40:20,516 [WARN] ConditionMgr:1039 - genDependencies : Invalid condition id : UX DEVICE CLASS RTOS Condition cause : null
2025-05-20 14:40:20,534 [WARN] PackLoader:240 - Cannot read IP mode file for STMicroelectronics.X-CUBE-FREERTOS.1.3.1
2025-05-20 14:40:20,549 [WARN] PackLoader:240 - Cannot read IP mode file for STMicroelectronics.X-CUBE-FREERTOS.1.3.0
2025-05-20 14:40:20,564 [WARN] PackLoader:240 - Cannot read IP mode file for STMicroelectronics.X-CUBE-NFC7.1.0.1
2025-05-20 14:40:20,583 [WARN] PackLoader:240 - Cannot read IP mode file for STMicroelectronics.X-CUBE-NFC7.1.0.0
2025-05-20 14:40:20,599 [WARN] PackLoader:240 - Cannot read IP mode file for wolfSSL.I-CUBE-wolfTPM.3.2.0
2025-05-20 14:40:20,617 [WARN] PackLoader:240 - Cannot read IP mode file for STMicroelectronics.X-CUBE-NFC6.3.0.0
2025-05-20 14:40:20,633 [WARN] PackLoader:240 - Cannot read IP mode file for STMicroelectronics.X-CUBE-EEPRMA1.4.1.0
2025-05-20 14:40:20,647 [ERROR] Engine:466 - C:\Users\msi1\.stm32cubemx\thirdparties\pdsc\STMicroelectronics.X-CUBE-DPower.1.3.0.pdsc: PDSC version is not supported
2025-05-20 14:40:20,662 [WARN] PackLoader:240 - Cannot read IP mode file for STMicroelectronics.X-CUBE-AI.8.1.0
2025-05-20 14:40:20,697 [WARN] ConditionMgr:438 - getConditionDescription Invalid condition id : LAN8742 Phy interface Condition cause : null
2025-05-20 14:40:20,698 [WARN] PackLoader:240 - Cannot read IP mode file for STMicroelectronics.X-CUBE-AZRTOS-L4.2.0.0
2025-05-20 14:40:20,699 [WARN] ConditionMgr:1039 - genDependencies : Invalid condition id : LAN8742 Phy interface Condition cause : null
2025-05-20 14:40:20,699 [WARN] ConditionMgr:1039 - genDependencies : Invalid condition id : LAN8742 Phy interface Condition cause : null
2025-05-20 14:40:20,700 [WARN] ConditionMgr:1039 - genDependencies : Invalid condition id : LAN8742 Phy interface Condition cause : null
2025-05-20 14:40:20,719 [WARN] PackLoader:240 - Cannot read IP mode file for STMicroelectronics.X-CUBE-SFXS2LP1.4.0.0
2025-05-20 14:40:20,735 [WARN] PackLoader:240 - Cannot read IP mode file for STMicroelectronics.X-CUBE-ISPU.1.1.0
2025-05-20 14:40:20,781 [WARN] PackLoader:240 - Cannot read IP mode file for STMicroelectronics.X-CUBE-AZRTOS-H7.3.3.0
2025-05-20 14:40:20,804 [ERROR] Engine:466 - C:\Users\msi1\.stm32cubemx\thirdparties\pdsc\STMicroelectronics.X-CUBE-IPS.3.0.0.pdsc: PDSC version is not supported
2025-05-20 14:40:20,828 [WARN] ConditionMgr:438 - getConditionDescription Invalid condition id : UX DEVICE CLASS RTOS Condition cause : null
2025-05-20 14:40:20,828 [WARN] ConditionMgr:438 - getConditionDescription Invalid condition id : UX DEVICE CLASS RTOS Condition cause : null
2025-05-20 14:40:20,829 [WARN] PackLoader:240 - Cannot read IP mode file for STMicroelectronics.X-CUBE-AZRTOS-WB.2.0.0
2025-05-20 14:40:20,830 [WARN] ConditionMgr:1039 - genDependencies : Invalid condition id : UX DEVICE CLASS RTOS Condition cause : null
2025-05-20 14:40:20,830 [WARN] ConditionMgr:1039 - genDependencies : Invalid condition id : UX DEVICE CLASS RTOS Condition cause : null
2025-05-20 14:40:20,830 [WARN] ConditionMgr:1039 - genDependencies : Invalid condition id : UX DEVICE CLASS RTOS Condition cause : null
2025-05-20 14:40:20,830 [WARN] ConditionMgr:1039 - genDependencies : Invalid condition id : UX DEVICE CLASS RTOS Condition cause : null
2025-05-20 14:40:20,830 [WARN] ConditionMgr:1039 - genDependencies : Invalid condition id : UX DEVICE CLASS RTOS Condition cause : null
2025-05-20 14:40:20,844 [WARN] PackLoader:240 - Cannot read IP mode file for STMicroelectronics.X-CUBE-FREERTOS.1.0.1
2025-05-20 14:40:20,860 [WARN] PackLoader:240 - Cannot read IP mode file for STMicroelectronics.X-CUBE-GNSS1.7.0.1
2025-05-20 14:40:20,876 [WARN] PackLoader:240 - Cannot read IP mode file for STMicroelectronics.X-CUBE-TOUCHGFX.4.25.0
2025-05-20 14:40:20,889 [ERROR] Engine:466 - C:\Users\msi1\.stm32cubemx\thirdparties\pdsc\STMicroelectronics.FP-SNS-STBOX1.2.0.0.pdsc: PDSC version is not supported
2025-05-20 14:40:20,914 [WARN] PackLoader:240 - Cannot read IP mode file for STMicroelectronics.X-CUBE-AZRTOS-L5.1.1.0
2025-05-20 14:40:20,930 [WARN] PackLoader:240 - Cannot read IP mode file for STMicroelectronics.X-CUBE-AI.8.0.1
2025-05-20 14:40:20,950 [WARN] PackLoader:240 - Cannot read IP mode file for STMicroelectronics.X-CUBE-SUBG2.5.0.0
2025-05-20 14:40:20,986 [WARN] PackLoader:240 - Cannot read IP mode file for STMicroelectronics.X-CUBE-AZRTOS-H7RS.1.1.0
2025-05-20 14:40:21,002 [WARN] PackLoader:240 - Cannot read IP mode file for Cesanta.I-CUBE-Mongoose.7.13.0
2025-05-20 14:40:21,024 [WARN] PackLoader:240 - Cannot read IP mode file for STMicroelectronics.X-CUBE-TOF1.3.3.1
2025-05-20 14:40:21,059 [WARN] PackLoader:240 - Cannot read IP mode file for STMicroelectronics.X-CUBE-AZRTOS-G4.2.0.0
2025-05-20 14:40:21,079 [WARN] PackLoader:240 - Cannot read IP mode file for STMicroelectronics.X-CUBE-TOF1.3.3.0
2025-05-20 14:40:21,111 [WARN] PackLoader:240 - Cannot read IP mode file for Infineon.AIROC-Wi-Fi-Bluetooth-STM32.1.5.1
2025-05-20 14:40:21,125 [WARN] PackLoader:240 - Cannot read IP mode file for STMicroelectronics.FP-SNS-MOTENVWB1.1.3.0
2025-05-20 14:40:21,140 [WARN] PackLoader:240 - Cannot read IP mode file for STMicroelectronics.X-CUBE-NFC7.2.0.0
2025-05-20 14:40:21,157 [WARN] PackLoader:240 - Cannot read IP mode file for STMicroelectronics.FP-SNS-MOTENVWB1.1.3.1
2025-05-20 14:40:21,186 [WARN] PackLoader:240 - Cannot read IP mode file for STMicroelectronics.X-CUBE-AZRTOS-L4.1.0.0
2025-05-20 14:40:21,201 [WARN] PackLoader:240 - Cannot read IP mode file for STMicroelectronics.X-CUBE-ISPU.2.0.0
2025-05-20 14:40:21,216 [ERROR] Engine:466 - C:\Users\msi1\.stm32cubemx\thirdparties\pdsc\STMicroelectronics.X-CUBE-IPS.3.1.0.pdsc: PDSC version is not supported
2025-05-20 14:40:21,229 [WARN] PackLoader:240 - Cannot read IP mode file for STMicroelectronics.X-CUBE-ALS.1.0.2
2025-05-20 14:40:21,265 [WARN] PackLoader:240 - Cannot read IP mode file for STMicroelectronics.X-CUBE-MEMS1.10.0.0
2025-05-20 14:40:21,342 [WARN] PackLoader:240 - Cannot read IP mode file for STMicroelectronics.X-CUBE-FREERTOS.1.1.0
2025-05-20 14:40:21,356 [WARN] PackLoader:240 - Cannot read IP mode file for STMicroelectronics.X-CUBE-TOUCHGFX.4.24.0
2025-05-20 14:40:21,372 [WARN] PackLoader:240 - Cannot read IP mode file for STMicroelectronics.X-CUBE-TOUCHGFX.4.24.2
2025-05-20 14:40:21,397 [WARN] PackLoader:240 - Cannot read IP mode file for STMicroelectronics.X-CUBE-AZRTOS-WL.1.0.0
2025-05-20 14:40:21,411 [WARN] PackLoader:240 - Cannot read IP mode file for STMicroelectronics.X-CUBE-TOUCHGFX.4.24.1
2025-05-20 14:40:21,425 [WARN] PackLoader:240 - Cannot read IP mode file for wolfSSL.I-CUBE-wolfTPM.3.4.0
2025-05-20 14:40:21,444 [WARN] PackLoader:240 - Cannot read IP mode file for portGmbH.I-Cube-SoM-uGOAL.1.1.0
2025-05-20 14:40:21,462 [WARN] PackLoader:240 - Cannot read IP mode file for STMicroelectronics.X-CUBE-ALS.1.0.1
2025-05-20 14:40:21,494 [WARN] PackLoader:240 - Cannot read IP mode file for STMicroelectronics.X-CUBE-AZRTOS-WB.1.1.0
2025-05-20 14:40:21,539 [WARN] PackLoader:240 - Cannot read IP mode file for STMicroelectronics.X-CUBE-AZRTOS-H7RS.1.0.0
2025-05-20 14:40:21,556 [WARN] PackLoader:240 - Cannot read IP mode file for STMicroelectronics.FP-ATR-ASTRA1.2.0.0
2025-05-20 14:40:21,576 [ERROR] Engine:466 - C:\Users\msi1\.stm32cubemx\thirdparties\pdsc\STMicroelectronics.X-CUBE-TOF1.3.4.2.pdsc: PDSC version is not supported
2025-05-20 14:40:21,595 [ERROR] Engine:466 - C:\Users\msi1\.stm32cubemx\thirdparties\pdsc\STMicroelectronics.X-CUBE-TOF1.3.4.3.pdsc: PDSC version is not supported
2025-05-20 14:40:21,618 [WARN] PackLoader:240 - Cannot read IP mode file for STMicroelectronics.X-CUBE-TOF1.3.4.0
2025-05-20 14:40:21,646 [WARN] PackLoader:240 - Cannot read IP mode file for STMicroelectronics.X-CUBE-TOF1.3.4.1
2025-05-20 14:40:21,681 [WARN] PackLoader:240 - Cannot read IP mode file for STMicroelectronics.X-CUBE-AZRTOS-H7.3.2.0
2025-05-20 14:40:21,698 [WARN] PackLoader:240 - Cannot read IP mode file for wolfSSL.I-CUBE-wolfSSH.1.4.17
2025-05-20 14:40:21,698 [INFO] ThirdParty:978 - Integrity check success = true
2025-05-20 14:40:21,699 [INFO] IntegrityCheckThread:100 - exiting critical section [integrity check]
2025-05-20 14:40:21,699 [INFO] IntegrityCheckThread:103 - End integrity checks thread
2025-05-20 14:40:37,278 [ERROR] LogOutputStream:75 - [STDERR_REDIRECT] SLF4J: Failed to load class "org.slf4j.impl.StaticLoggerBinder".
2025-05-20 14:40:37,278 [ERROR] LogOutputStream:75 - [STDERR_REDIRECT] SLF4J: Defaulting to no-operation (NOP) logger implementation
2025-05-20 14:40:37,280 [ERROR] LogOutputStream:75 - [STDERR_REDIRECT] SLF4J: See http://www.slf4j.org/codes.html#StaticLoggerBinder for further details.
2025-05-20 14:47:55,496 [INFO] McuFinderGlobals:63 - Set McuFinder mode to 2 (CubeIDE integrated)
2025-05-20 14:47:55,526 [INFO] MainUpdater:2868 - connection check result : 10
2025-05-20 14:47:55,533 [INFO] MainUpdater:2868 - connection check result : 10
2025-05-20 14:47:55,838 [INFO] MicroXplorer:468 - Change Database Path : 
2025-05-20 14:47:55,838 [INFO] MicroXplorer:498 - Change Database Version : DB.6.0.90
2025-05-20 14:47:55,841 [WARN] ThirdParty:871 - waiting for thirdparty lock release [close project]
2025-05-20 14:47:55,841 [INFO] ThirdParty:873 - entering critical section [close project]
2025-05-20 14:47:55,842 [INFO] ThirdParty:883 - exiting critical section [close project]
2025-05-20 14:47:55,843 [INFO] PinOutPanel:1499 - setPackage(No Configuration,No Configuration)
2025-05-20 14:47:55,851 [INFO] UtilMem:75 - Begin LoadConfig() Used Memory: 685928112 Bytes (1073741824)
2025-05-20 14:47:55,852 [INFO] MicroXplorer:468 - Change Database Path : 
2025-05-20 14:47:55,852 [INFO] MicroXplorer:498 - Change Database Version : DB.6.0.90
2025-05-20 14:47:55,853 [INFO] OpenFileManager:308 - Change cursor
2025-05-20 14:47:55,910 [INFO] Mcu:1946 - Initializing MCU STM32F103C(8-B)Tx STM32F103CBTx STM32F103CBT6
2025-05-20 14:47:56,820 [INFO] Context:659 - Trying to add GPIOservice into a context  which must be forbidden
2025-05-20 14:47:57,199 [INFO] RtosManager:555 - Registered RTOS mode: class=CMSIS, group=RTOS, mode=CMSIS_V1, owner=FREERTOS
2025-05-20 14:47:57,199 [INFO] RtosManager:555 - Registered RTOS mode: class=CMSIS, group=RTOS2, mode=CMSIS_V2, owner=FREERTOS
2025-05-20 14:47:57,199 [INFO] RtosManager:555 - Registered RTOS mode: class=RTOS, group=Core, mode=CMSIS_V1, owner=FREERTOS
2025-05-20 14:47:57,199 [INFO] RtosManager:555 - Registered RTOS mode: class=RTOS, group=Core, mode=CMSIS_V2, owner=FREERTOS
2025-05-20 14:47:57,200 [WARN] ModelIntegratedComponent:184 - Missing modes for component STMicroelectronics:FreeRTOS:0.0.1:STMicroelectronics:RTOS:FreeRTOS:Core:::10.2.0:
2025-05-20 14:47:57,206 [WARN] ModelIntegratedComponent:63 - No mode defined for component null
2025-05-20 14:47:57,206 [WARN] ModelIntegratedComponent:63 - No mode defined for component null
2025-05-20 14:47:57,206 [WARN] ModelIntegratedComponent:63 - No mode defined for component null
2025-05-20 14:47:57,206 [WARN] ModelIntegratedComponent:63 - No mode defined for component null
2025-05-20 14:47:57,206 [WARN] ModelIntegratedComponent:63 - No mode defined for component null
2025-05-20 14:47:57,206 [WARN] ModelIntegratedComponent:63 - No mode defined for component null
2025-05-20 14:47:57,206 [WARN] ModelIntegratedComponent:63 - No mode defined for component null
2025-05-20 14:47:57,207 [WARN] ModelIntegratedComponent:63 - No mode defined for component null
2025-05-20 14:47:57,207 [WARN] ModelIntegratedComponent:63 - No mode defined for component null
2025-05-20 14:47:57,207 [WARN] ModelIntegratedComponent:63 - No mode defined for component null
2025-05-20 14:47:57,207 [WARN] ModelIntegratedComponent:63 - No mode defined for component null
2025-05-20 14:47:57,207 [WARN] ModelIntegratedComponent:63 - No mode defined for component null
2025-05-20 14:47:57,207 [WARN] ModelIntegratedComponent:63 - No mode defined for component null
2025-05-20 14:47:57,207 [WARN] ModelIntegratedComponent:63 - No mode defined for component null
2025-05-20 14:47:57,207 [WARN] ModelIntegratedComponent:63 - No mode defined for component null
2025-05-20 14:47:57,207 [WARN] ModelIntegratedComponent:63 - No mode defined for component null
2025-05-20 14:47:57,207 [WARN] ModelIntegratedComponent:63 - No mode defined for component null
2025-05-20 14:47:57,207 [WARN] ModelIntegratedComponent:63 - No mode defined for component null
2025-05-20 14:47:57,207 [WARN] ModelIntegratedComponent:63 - No mode defined for component null
2025-05-20 14:47:57,207 [WARN] ModelIntegratedComponent:63 - No mode defined for component null
2025-05-20 14:47:57,207 [WARN] ModelIntegratedComponent:63 - No mode defined for component null
2025-05-20 14:47:57,208 [WARN] ModelIntegratedComponent:63 - No mode defined for component null
2025-05-20 14:47:57,208 [WARN] ModelIntegratedComponent:63 - No mode defined for component null
2025-05-20 14:47:57,208 [WARN] ModelIntegratedComponent:63 - No mode defined for component null
2025-05-20 14:47:57,208 [WARN] ModelIntegratedComponent:63 - No mode defined for component null
2025-05-20 14:47:57,208 [WARN] ModelIntegratedComponent:63 - No mode defined for component null
2025-05-20 14:47:57,208 [WARN] ModelIntegratedComponent:63 - No mode defined for component null
2025-05-20 14:47:57,208 [WARN] ModelIntegratedComponent:63 - No mode defined for component null
2025-05-20 14:47:57,208 [WARN] ModelIntegratedComponent:63 - No mode defined for component null
2025-05-20 14:47:57,208 [WARN] ModelIntegratedComponent:63 - No mode defined for component null
2025-05-20 14:47:57,208 [WARN] ModelIntegratedComponent:63 - No mode defined for component null
2025-05-20 14:47:57,208 [WARN] ModelIntegratedComponent:63 - No mode defined for component null
2025-05-20 14:47:57,208 [WARN] ModelIntegratedComponent:63 - No mode defined for component null
2025-05-20 14:47:57,585 [INFO] ThirdPartyModel:298 - Start build external matchings
2025-05-20 14:48:00,092 [INFO] ThirdPartyModel:316 - End build external matchings
2025-05-20 14:48:00,134 [INFO] ImportTextPane:194 - (OptionalMessage_ERROR) IP (RCC) : Parameter (ADCFreqValue) has invalid value (36000000)
2025-05-20 14:48:00,134 [INFO] ImportTextPane:194 - (OptionalMessage_ERROR) IP (RCC) : Invalid parameter (FamilyName)
2025-05-20 14:48:00,135 [INFO] ImportTextPane:194 - (OptionalMessage_ERROR) IP (RCC) : Parameter (MCOFreq_Value) has invalid value (72000000)
2025-05-20 14:48:00,135 [INFO] ImportTextPane:194 - (OptionalMessage_ERROR) IP (RCC) : Parameter (USBFreq_Value) has invalid value (72000000)
2025-05-20 14:48:00,347 [INFO] UtilMem:75 - End LoadConfig() Used Memory: 612592024 Bytes (1073741824)
2025-05-20 14:48:00,514 [INFO] ApiDb:581 - Connected to CubeFinder SQLite database (C:\Users\msi1\.stmcufinder\plugins\mcufinder\mcu\cube-finder-db.db)
2025-05-20 14:48:00,604 [INFO] ApiDb:668 - CubeFinder database Data Model version=2.1
2025-05-20 14:48:00,604 [INFO] ApiDb:669 - CubeFinder database Configuration version=3.0.39
2025-05-20 14:48:00,605 [INFO] ApiDb:670 - CubeFinder database generation date=2025-04-23 (1745419778)
2025-05-20 14:48:00,605 [INFO] ApiDb:671 - CubeFinder database FW Pack versions=[FP-ATR-ASTRA1_V2.0.0, FP-SNS-FLIGHT1_V5.1.0, FP-SNS-MOTENV1_V5.0.0, FP-SNS-MOTENVWB1_V1.4.0, FP-SNS-SMARTAG2_V1.2.0, FP-SNS-STBOX1_V2.0.0, STM32Cube_FW_C0_V1.4.0, STM32Cube_FW_F4_V1.28.1, STM32Cube_FW_F7_V1.17.2, STM32Cube_FW_G0_V1.6.2, STM32Cube_FW_G4_V1.6.1, STM32Cube_FW_H5_V1.5.0, STM32Cube_FW_H7RS_V1.2.0, STM32Cube_FW_H7_V1.12.1, STM32Cube_FW_L0_V1.12.2, STM32Cube_FW_L4_V1.18.1, STM32Cube_FW_L5_V1.5.1, STM32Cube_FW_N6_V1.1.1, STM32Cube_FW_U0_V1.2.0, STM32Cube_FW_U3_V1.1.0, STM32Cube_FW_U5_V1.7.0, STM32Cube_FW_WB0_V1.2.0, STM32Cube_FW_WBA_V1.6.0, STM32Cube_FW_WB_V1.22.0, STM32Cube_FW_WL3_V1.1.0, STM32Cube_FW_WL_V1.3.1, X-CUBE-ALGOBUILD_V1.4.0, X-CUBE-ALS_V1.0.2, X-CUBE-AZRTOS-F4_V1.1.0, X-CUBE-AZRTOS-F7_V1.1.0, X-CUBE-AZRTOS-G0_V1.1.0, X-CUBE-AZRTOS-G4_V2.0.0, X-CUBE-AZRTOS-H7RS_V1.1.0, X-CUBE-AZRTOS-H7_V3.3.0, X-CUBE-AZRTOS-L4_V2.0.0, X-CUBE-AZRTOS-L5_V2.0.0, X-CUBE-AZRTOS-WB_V2.0.0, X-CUBE-AZRTOS-WL_V2.0.0, X-CUBE-BLE1_V7.1.0, X-CUBE-BLE2_V3.3.0, X-CUBE-BLEMGR_V4.0.0, X-CUBE-EEPRMA1_V5.1.0, X-CUBE-FREERTOS_V1.3.0, X-CUBE-GNSS1_V6.0.0, X-CUBE-MEMS1_V11.2.0, X-CUBE-NFC4_V3.0.0, X-CUBE-NFC7_V1.0.1, X-CUBE-SFXS2LP1_V4.0.0, X-CUBE-SUBG2_V5.0.0, X-CUBE-TOF1_V3.4.3]
2025-05-20 14:48:03,322 [INFO] ApiDb:240 - Found 323 in-development CPN: [B-G473E-ZEST1S, B-WB1M-WPAN1, B-WL5M-SUBG1, NUCLEO-C031C6, NUCLEO-H503RB, NUCLEO-H563ZI, NUCLEO-U545RE-Q, NUCLEO-U5A5ZJ-Q, NUCLEO-WBA52CG, STEVAL-PROTEUS1, STEVAL-SMARTAG2, STEVAL-STWINBX1, STM320518-EVAL, STM32C0116-DK, STM32C011D6Y3TR, STM32C011D6Y6TR, STM32C011F4P3, STM32C011F4P6, STM32C011F4U3, STM32C011F4U6TR, STM32C011F6P3, STM32C011F6P6, STM32C011F6U3, STM32C011F6U6TR, STM32C011J4M3, STM32C011J4M6, STM32C011J6M3, STM32C011J6M6, STM32C0316-DK, STM32C031C4T3, STM32C031C4T6, STM32C031C4U3, STM32C031C4U6, STM32C031C6T3, STM32C031C6T6, STM32C031C6U3, STM32C031C6U6, STM32C031F4P3, STM32C031F4P6, STM32C031F6P3, STM32C031F6P6, STM32C031G4U3, STM32C031G4U6, STM32C031G6U3, STM32C031G6U6, STM32C031K4T3, STM32C031K4T6, STM32C031K4U3, STM32C031K4U6, STM32C031K6T3, STM32C031K6T6, STM32C031K6U3, STM32C031K6U6, STM32G071K8TXN, STM32G071K8UXN, STM32G081GBU6N, STM32G081KBT6N, STM32G081KBUXN, STM32G0B1CCT6N, STM32G0B1KCT6, STM32G0B1NEY6TR, STM32G0B1RCT6N, STM32G0C1CCT6, STM32G0C1CCT6N, STM32G0C1CCU6N, STM32G0C1CET6N, STM32G0C1CEU6N, STM32G0C1KCT6, STM32G0C1NEY6TR, STM32G0C1RCI6N, STM32G0C1RCT6N, STM32G0C1REI6N, STM32G0C1RET6N, STM32G0C1VCI6, STM32G0C1VEI6, STM32G471CCT6, STM32G471CCU6, STM32G471CET3, STM32G471CET6, STM32G471CEU3, STM32G471CEU6, STM32G471MCT6, STM32G471MET3, STM32G471MET6, STM32G471MEY6TR, STM32G471QCT6, STM32G471QET3, STM32G471RCT6, STM32G471RET3, STM32G471RET6, STM32G471VCH6, STM32G471VCI6, STM32G471VCT6, STM32G471VEH3, STM32G471VEH6, STM32G471VEI3, STM32G471VEI6, STM32G471VET3, STM32G471VET6, STM32G474CCT6, STM32H503CBT6, STM32H503CBU6, STM32H503EBY6TR, STM32H503KBU6, STM32H503RBT6, STM32H562AGI6, STM32H562AII6, STM32H562IGK6, STM32H562IGT6, STM32H562IIK6, STM32H562IIT6, STM32H562RGT6, STM32H562RGV6, STM32H562RIT6, STM32H562RIV6, STM32H562VGT6, STM32H562VIT6, STM32H562ZGT6, STM32H562ZIT6, STM32H563AGI6, STM32H563AII3Q, STM32H563AII6, STM32H563IGK6, STM32H563IGT6, STM32H563IIK3Q, STM32H563IIK6, STM32H563IIT3Q, STM32H563IIT6, STM32H563MIY3QTR, STM32H563RGT6, STM32H563RGV6, STM32H563RIT6, STM32H563RIV6, STM32H563VGT6, STM32H563VIT3Q, STM32H563VIT6, STM32H563ZGT6, STM32H563ZIT3Q, STM32H563ZIT6, STM32H573AII3Q, STM32H573AII6, STM32H573I-DK, STM32H573IIK3Q, STM32H573IIK6, STM32H573IIT3Q, STM32H573IIT6, STM32H573MIY3QTR, STM32H573RIT6, STM32H573RIV6, STM32H573VIT3Q, STM32H573VIT6, STM32H573ZIT3Q, STM32H573ZIT6, STM32L4R5QGI6STR, STM32MP131AAE3, STM32MP131AAF3, STM32MP131AAG3, STM32MP131CAE3, STM32MP131CAF3, STM32MP131CAG3, STM32MP131DAE7, STM32MP131DAF7, STM32MP131DAG7, STM32MP131FAE7, STM32MP131FAF7, STM32MP131FAG7, STM32MP133AAE3, STM32MP133AAF3, STM32MP133AAG3, STM32MP133CAE3, STM32MP133CAF3, STM32MP133CAG3, STM32MP133DAE7, STM32MP133DAF7, STM32MP133DAG7, STM32MP133FAE7, STM32MP133FAF7, STM32MP133FAG7, STM32MP135AAE3, STM32MP135AAF3, STM32MP135AAG3, STM32MP135CAE3, STM32MP135CAF3, STM32MP135CAG3, STM32MP135DAE7, STM32MP135DAF7, STM32MP135DAG7, STM32MP135F-DK, STM32MP135FAE7, STM32MP135FAF7, STM32MP135FAF7T, STM32MP135FAF7U, STM32MP135FAG7, STM32U535CBT6, STM32U535CBT6Q, STM32U535CBU6, STM32U535CBU6Q, STM32U535CCT6, STM32U535CCT6Q, STM32U535CCU6, STM32U535CCU6Q, STM32U535CET6, STM32U535CET6Q, STM32U535CEU6, STM32U535CEU6Q, STM32U535JEY6QTR, STM32U535NCY6QTR, STM32U535NEY6QTR, STM32U535RBI6, STM32U535RBI6Q, STM32U535RBT6, STM32U535RBT6Q, STM32U535RCI6, STM32U535RCI6Q, STM32U535RCT6, STM32U535RCT6Q, STM32U535REI6, STM32U535REI6Q, STM32U535RET6, STM32U535RET6Q, STM32U535VCI6, STM32U535VCI6Q, STM32U535VCT6, STM32U535VCT6Q, STM32U535VEI6, STM32U535VEI6Q, STM32U535VET6, STM32U535VET6Q, STM32U545CET6, STM32U545CET6Q, STM32U545CEU6, STM32U545CEU6Q, STM32U545JEY6QTR, STM32U545NEY6QTR, STM32U545REI6, STM32U545REI6Q, STM32U545RET6, STM32U545RET6Q, STM32U545VEI6, STM32U545VEI6Q, STM32U545VET6, STM32U545VET6Q, STM32U595AIH6, STM32U595AIH6Q, STM32U595AJH6, STM32U595AJH6Q, STM32U595QII6, STM32U595QII6Q, STM32U595QJI6, STM32U595QJI6Q, STM32U595RIT6, STM32U595RIT6Q, STM32U595RJT6, STM32U595RJT6Q, STM32U595VIT6, STM32U595VIT6Q, STM32U595VJT6, STM32U595VJT6Q, STM32U595ZIT6, STM32U595ZIT6Q, STM32U595ZIY6QTR, STM32U595ZJT6, STM32U595ZJT6Q, STM32U595ZJY6QTR, STM32U599BJY6QTR, STM32U599NIH6Q, STM32U599NJH6Q, STM32U599VIT6Q, STM32U599VJT6, STM32U599VJT6Q, STM32U599ZIT6Q, STM32U599ZIY6QTR, STM32U599ZJT6Q, STM32U599ZJY6QTR, STM32U5A5AJH6, STM32U5A5AJH6Q, STM32U5A5QJI6, STM32U5A5QJI6Q, STM32U5A5RJT6, STM32U5A5RJT6Q, STM32U5A5VJT6, STM32U5A5VJT6Q, STM32U5A5ZJT6, STM32U5A5ZJT6Q, STM32U5A5ZJY6QTR, STM32U5A9BJY6QTR, STM32U5A9J-DK, STM32U5A9NJH6Q, STM32U5A9VJT6Q, STM32U5A9ZJT6Q, STM32U5A9ZJY6QTR, STM32U5F7VIT6, STM32U5F7VIT6Q, STM32U5F7VJT6, STM32U5F7VJT6Q, STM32U5F9BJY6QTR, STM32U5F9NJH6Q, STM32U5F9VIT6Q, STM32U5F9VJT6Q, STM32U5F9ZIJ6QTR, STM32U5F9ZIT6Q, STM32U5F9ZJJ6QTR, STM32U5F9ZJT6Q, STM32U5G7VJT6, STM32U5G7VJT6Q, STM32U5G9BJY6QTR, STM32U5G9J-DK1, STM32U5G9J-DK2, STM32U5G9NJH6Q, STM32U5G9VJT6Q, STM32U5G9ZJJ6QTR, STM32U5G9ZJT6Q, STM32WB1MMCH6, STM32WBA52CEU6, STM32WBA52CEU6T, STM32WBA52CGU6, STM32WBA52CGU6T, STM32WBA52KEU6, STM32WBA52KEU6T, STM32WBA52KGU6, STM32WBA52KGU6T, STM32WL5MOCH6, STM32WL5MOCH6TR]
2025-05-20 14:48:03,325 [INFO] DbMcus:217 - Found 4642 MCUs, 4642 are supported
2025-05-20 14:48:03,336 [INFO] ApiDb:423 - Load user favorites file C:\Users\msi1/.stm32cubeide/favorites.mcus.txt: 4 item(s)
2025-05-20 14:48:03,337 [INFO] ApiDb:427 - User favorites MCUs=[STM32F103CBT6, STM32F303VCT6, STM32F401CCU6, STM32F407VGT6]
2025-05-20 14:48:03,337 [INFO] DbMcus:223 - Set 4 / 4 favorites MCUs
2025-05-20 14:48:03,849 [WARN] ThirdParty:833 - waiting for thirdparty lock release [change project]
2025-05-20 14:48:03,849 [INFO] ThirdParty:835 - entering critical section [change project]
2025-05-20 14:48:03,849 [INFO] ThirdParty:1030 - CMSIS Pack Vendor :STMicroelectronics USBPD 4.1
2025-05-20 14:48:03,849 [INFO] ThirdParty:1030 - CMSIS Pack Vendor :STMicroelectronics X-CUBE-GNSS1 6.0.0
2025-05-20 14:48:03,850 [INFO] ThirdParty:1030 - CMSIS Pack Vendor :STMicroelectronics USB_HOST 2.0.0
2025-05-20 14:48:03,850 [INFO] ThirdParty:1030 - CMSIS Pack Vendor :STMicroelectronics FP-SNS-MOTENVWB1 1.4.0
2025-05-20 14:48:03,850 [INFO] ThirdParty:1030 - CMSIS Pack Vendor :STMicroelectronics X-CUBE-AZRTOS-F4 1.1.0
2025-05-20 14:48:03,850 [INFO] ThirdParty:1030 - CMSIS Pack Vendor :STMicroelectronics LIBJPEG 8.0.0
2025-05-20 14:48:03,850 [INFO] ThirdParty:1030 - CMSIS Pack Vendor :STMicroelectronics FP-ATR-ASTRA1 2.0.2
2025-05-20 14:48:03,850 [INFO] ThirdParty:1030 - CMSIS Pack Vendor :STMicroelectronics FP-ATR-ASTRA1 2.0.1
2025-05-20 14:48:03,850 [INFO] ThirdParty:1030 - CMSIS Pack Vendor :STMicroelectronics X-CUBE-SMBUS 2.1.0
2025-05-20 14:48:03,850 [INFO] ThirdParty:1030 - CMSIS Pack Vendor :STMicroelectronics X-CUBE-WB05N 1.1.0
2025-05-20 14:48:03,850 [INFO] ThirdParty:1030 - CMSIS Pack Vendor :wolfSSL I-CUBE-wolfSSL 5.6.0
2025-05-20 14:48:03,850 [INFO] ThirdParty:1030 - CMSIS Pack Vendor :STMicroelectronics X-CUBE-ISPU 2.1.0
2025-05-20 14:48:03,850 [INFO] ThirdParty:1030 - CMSIS Pack Vendor :STMicroelectronics X-CUBE-FREERTOS 1.2.0
2025-05-20 14:48:03,850 [INFO] ThirdParty:1030 - CMSIS Pack Vendor :STMicroelectronics X-CUBE-TOUCHGFX 4.23.0
2025-05-20 14:48:03,851 [INFO] ThirdParty:1030 - CMSIS Pack Vendor :STMicroelectronics X-CUBE-TOUCHGFX 4.23.2
2025-05-20 14:48:03,851 [INFO] ThirdParty:1030 - CMSIS Pack Vendor :STMicroelectronics X-CUBE-AZRTOS-F7 1.1.0
2025-05-20 14:48:03,851 [INFO] ThirdParty:1030 - CMSIS Pack Vendor :STMicroelectronics X-CUBE-AZRTOS-L5 2.0.0
2025-05-20 14:48:03,851 [INFO] ThirdParty:1030 - CMSIS Pack Vendor :STMicroelectronics USB_DEVICE 2.0.0
2025-05-20 14:48:03,851 [INFO] ThirdParty:1030 - CMSIS Pack Vendor :STMicroelectronics X-CUBE-MEMS1 9.6.0
2025-05-20 14:48:03,851 [INFO] ThirdParty:1030 - CMSIS Pack Vendor :STMicroelectronics X-CUBE-EEPRMA1 4.2.0
2025-05-20 14:48:03,851 [INFO] ThirdParty:1030 - CMSIS Pack Vendor :STMicroelectronics X-CUBE-NFC6 3.1.0
2025-05-20 14:48:03,851 [INFO] ThirdParty:1030 - CMSIS Pack Vendor :ITTIA_DB I-CUBE-ITTIADB 8.8.0
2025-05-20 14:48:03,851 [INFO] ThirdParty:1030 - CMSIS Pack Vendor :STMicroelectronics FP-SNS-MOTENV1 4.3.0
2025-05-20 14:48:03,851 [INFO] ThirdParty:1030 - CMSIS Pack Vendor :STMicroelectronics FP-SNS-MOTENV1 4.3.2
2025-05-20 14:48:03,851 [INFO] ThirdParty:1030 - CMSIS Pack Vendor :STMicroelectronics FP-SNS-FLIGHT1 5.0.0
2025-05-20 14:48:03,851 [INFO] ThirdParty:1030 - CMSIS Pack Vendor :STMicroelectronics X-CUBE-BLE1 6.2.4
2025-05-20 14:48:03,852 [INFO] ThirdParty:1030 - CMSIS Pack Vendor :STMicroelectronics FreeRTOS 0.0.1
2025-05-20 14:48:03,852 [INFO] ThirdParty:1030 - CMSIS Pack Vendor :emotas I-CUBE-CANOPEN 1.1.3
2025-05-20 14:48:03,852 [INFO] ThirdParty:1030 - CMSIS Pack Vendor :STMicroelectronics X-CUBE-BLEMGR 2.0.0
2025-05-20 14:48:03,852 [INFO] ThirdParty:1030 - CMSIS Pack Vendor :STMicroelectronics FP-SNS-FLIGHT1 5.0.2
2025-05-20 14:48:03,852 [INFO] ThirdParty:1030 - CMSIS Pack Vendor :STMicroelectronics X-CUBE-AI 9.0.0
2025-05-20 14:48:03,852 [INFO] ThirdParty:1030 - CMSIS Pack Vendor :STMicroelectronics X-CUBE-AZRTOS-H7 3.1.0
2025-05-20 14:48:03,852 [INFO] ThirdParty:1030 - CMSIS Pack Vendor :STMicroelectronics PDM2PCM 3.3.0
2025-05-20 14:48:03,852 [INFO] ThirdParty:1030 - CMSIS Pack Vendor :STMicroelectronics X-CUBE-DISPLAY 3.0.0
2025-05-20 14:48:03,852 [INFO] ThirdParty:1030 - CMSIS Pack Vendor :STMicroelectronics X-CUBE-BLE1 7.0.0
2025-05-20 14:48:03,852 [INFO] ThirdParty:1030 - CMSIS Pack Vendor :STMicroelectronics X-CUBE-NFC10 1.0.0
2025-05-20 14:48:03,852 [INFO] ThirdParty:1030 - CMSIS Pack Vendor :STMicroelectronics X-CUBE-FREERTOS 1.3.1
2025-05-20 14:48:03,852 [INFO] ThirdParty:1030 - CMSIS Pack Vendor :STMicroelectronics HAL Drivers 0.0.0
2025-05-20 14:48:03,852 [INFO] ThirdParty:1030 - CMSIS Pack Vendor :emotas I-CUBE-CANOPEN 1.3.0
2025-05-20 14:48:03,852 [INFO] ThirdParty:1030 - CMSIS Pack Vendor :STMicroelectronics X-CUBE-FREERTOS 1.3.0
2025-05-20 14:48:03,852 [INFO] ThirdParty:1030 - CMSIS Pack Vendor :STMicroelectronics X-CUBE-TOUCHGFX 4.22.0
2025-05-20 14:48:03,852 [INFO] ThirdParty:1030 - CMSIS Pack Vendor :STMicroelectronics X-CUBE-NFC7 1.0.1
2025-05-20 14:48:03,852 [INFO] ThirdParty:1030 - CMSIS Pack Vendor :STMicroelectronics MBEDTLS 2.14.1
2025-05-20 14:48:03,852 [INFO] ThirdParty:1030 - CMSIS Pack Vendor :STMicroelectronics X-CUBE-NFC7 1.0.0
2025-05-20 14:48:03,852 [INFO] ThirdParty:1030 - CMSIS Pack Vendor :STMicroelectronics X-CUBE-TOUCHGFX 4.22.1
2025-05-20 14:48:03,852 [INFO] ThirdParty:1030 - CMSIS Pack Vendor :wolfSSL I-CUBE-wolfTPM 3.2.0
2025-05-20 14:48:03,852 [INFO] ThirdParty:1030 - CMSIS Pack Vendor :STMicroelectronics X-CUBE-NFC6 3.0.0
2025-05-20 14:48:03,852 [INFO] ThirdParty:1030 - CMSIS Pack Vendor :STMicroelectronics X-CUBE-EEPRMA1 4.1.0
2025-05-20 14:48:03,852 [INFO] ThirdParty:1030 - CMSIS Pack Vendor :STMicroelectronics X-CUBE-BLEMGR 3.1.0
2025-05-20 14:48:03,852 [INFO] ThirdParty:1030 - CMSIS Pack Vendor :STMicroelectronics X-CUBE-AI 10.0.0
2025-05-20 14:48:03,852 [INFO] ThirdParty:1030 - CMSIS Pack Vendor :STMicroelectronics FP-SNS-SMARTAG2 1.2.0
2025-05-20 14:48:03,853 [INFO] ThirdParty:1030 - CMSIS Pack Vendor :STMicroelectronics X-CUBE-MEMS1 11.1.0
2025-05-20 14:48:03,853 [INFO] ThirdParty:1030 - CMSIS Pack Vendor :STMicroelectronics X-CUBE-AZRTOS-WL 2.0.0
2025-05-20 14:48:03,853 [INFO] ThirdParty:1030 - CMSIS Pack Vendor :STMicroelectronics FP-SNS-MOTENV1 5.0.0
2025-05-20 14:48:03,853 [INFO] ThirdParty:1030 - CMSIS Pack Vendor :STMicroelectronics USB_DEVICE 1.0.0
2025-05-20 14:48:03,853 [INFO] ThirdParty:1030 - CMSIS Pack Vendor :STMicroelectronics X-CUBE-AI 8.1.0
2025-05-20 14:48:03,853 [INFO] ThirdParty:1030 - CMSIS Pack Vendor :wolfSSL I-CUBE-wolfMQTT 1.19.0
2025-05-20 14:48:03,853 [INFO] ThirdParty:1030 - CMSIS Pack Vendor :STMicroelectronics X-CUBE-AZRTOS-L4 2.0.0
2025-05-20 14:48:03,853 [INFO] ThirdParty:1030 - CMSIS Pack Vendor :STMicroelectronics ThreadX 0.0.2
2025-05-20 14:48:03,853 [INFO] ThirdParty:1030 - CMSIS Pack Vendor :WES I-CUBE-Cesium 1.3.0
2025-05-20 14:48:03,853 [INFO] ThirdParty:1030 - CMSIS Pack Vendor :STMicroelectronics lwIP 2.1.2
2025-05-20 14:48:03,853 [INFO] ThirdParty:1030 - CMSIS Pack Vendor :STMicroelectronics X-CUBE-SFXS2LP1 4.0.0
2025-05-20 14:48:03,853 [INFO] ThirdParty:1030 - CMSIS Pack Vendor :STMicroelectronics X-CUBE-BLE2 3.3.0
2025-05-20 14:48:03,853 [INFO] ThirdParty:1030 - CMSIS Pack Vendor :STMicroelectronics PDM2PCM 3.2.0
2025-05-20 14:48:03,853 [INFO] ThirdParty:1030 - CMSIS Pack Vendor :STMicroelectronics X-CUBE-ISPU 1.1.0
2025-05-20 14:48:03,853 [INFO] ThirdParty:1030 - CMSIS Pack Vendor :STMicroelectronics X-CUBE-AZRTOS-H7 3.3.0
2025-05-20 14:48:03,853 [INFO] ThirdParty:1030 - CMSIS Pack Vendor :STMicroelectronics X-CUBE-NFC9 1.0.0
2025-05-20 14:48:03,853 [INFO] ThirdParty:1030 - CMSIS Pack Vendor :STMicroelectronics X-CUBE-BLE1 7.1.0
2025-05-20 14:48:03,853 [INFO] ThirdParty:1030 - CMSIS Pack Vendor :STMicroelectronics USB_DEVICE 3.0.0
2025-05-20 14:48:03,853 [INFO] ThirdParty:1030 - CMSIS Pack Vendor :STMicroelectronics X-CUBE-TCPP 4.1.0
2025-05-20 14:48:03,853 [INFO] ThirdParty:1030 - CMSIS Pack Vendor :STMicroelectronics X-CUBE-AZRTOS-WB 2.0.0
2025-05-20 14:48:03,853 [INFO] ThirdParty:1030 - CMSIS Pack Vendor :STMicroelectronics X-CUBE-FREERTOS 1.0.1
2025-05-20 14:48:03,853 [INFO] ThirdParty:1030 - CMSIS Pack Vendor :STMicroelectronics X-CUBE-GNSS1 7.0.1
2025-05-20 14:48:03,853 [INFO] ThirdParty:1030 - CMSIS Pack Vendor :STMicroelectronics X-CUBE-TOUCHGFX 4.21.4
2025-05-20 14:48:03,853 [INFO] ThirdParty:1030 - CMSIS Pack Vendor :STMicroelectronics X-CUBE-TOUCHGFX 4.25.0
2025-05-20 14:48:03,853 [INFO] ThirdParty:1030 - CMSIS Pack Vendor :STMicroelectronics X-CUBE-ALGOBUILD 1.3.0
2025-05-20 14:48:03,853 [INFO] ThirdParty:1030 - CMSIS Pack Vendor :STMicroelectronics X-CUBE-AZRTOS-L5 1.1.0
2025-05-20 14:48:03,853 [INFO] ThirdParty:1030 - CMSIS Pack Vendor :STMicroelectronics X-CUBE-MEMS1 11.2.0
2025-05-20 14:48:03,853 [INFO] ThirdParty:1030 - CMSIS Pack Vendor :STMicroelectronics X-CUBE-AZRTOS-G0 1.1.0
2025-05-20 14:48:03,853 [INFO] ThirdParty:1030 - CMSIS Pack Vendor :STMicroelectronics X-CUBE-AI 8.0.1
2025-05-20 14:48:03,854 [INFO] ThirdParty:1030 - CMSIS Pack Vendor :STMicroelectronics X-CUBE-SAFEA1 1.2.2
2025-05-20 14:48:03,854 [INFO] ThirdParty:1030 - CMSIS Pack Vendor :STMicroelectronics X-CUBE-NFC4 3.0.0
2025-05-20 14:48:03,854 [INFO] ThirdParty:1030 - CMSIS Pack Vendor :STMicroelectronics X-CUBE-SUBG2 5.0.0
2025-05-20 14:48:03,854 [INFO] ThirdParty:1030 - CMSIS Pack Vendor :STMicroelectronics X-CUBE-AZRTOS-H7RS 1.1.0
2025-05-20 14:48:03,854 [INFO] ThirdParty:1030 - CMSIS Pack Vendor :STMicroelectronics STM32_WPAN 1.0.0
2025-05-20 14:48:03,854 [INFO] ThirdParty:1030 - CMSIS Pack Vendor :wolfSSL I-CUBE-wolfMQTT 1.18.0
2025-05-20 14:48:03,854 [INFO] ThirdParty:1030 - CMSIS Pack Vendor :STMicroelectronics lwIP 2.0.3
2025-05-20 14:48:03,854 [INFO] ThirdParty:1030 - CMSIS Pack Vendor :Cesanta I-CUBE-Mongoose 7.13.0
2025-05-20 14:48:03,854 [INFO] ThirdParty:1030 - CMSIS Pack Vendor :STMicroelectronics USB_HOST 1.0.0
2025-05-20 14:48:03,854 [INFO] ThirdParty:1030 - CMSIS Pack Vendor :STMicroelectronics X-CUBE-TOF1 3.3.1
2025-05-20 14:48:03,854 [INFO] ThirdParty:1030 - CMSIS Pack Vendor :STMicroelectronics X-CUBE-AZRTOS-G4 2.0.0
2025-05-20 14:48:03,854 [INFO] ThirdParty:1030 - CMSIS Pack Vendor :STMicroelectronics X-CUBE-WB05N 2.0.0
2025-05-20 14:48:03,855 [INFO] ThirdParty:1030 - CMSIS Pack Vendor :STMicroelectronics PDM2PCM 3.1.0
2025-05-20 14:48:03,855 [INFO] ThirdParty:1030 - CMSIS Pack Vendor :STMicroelectronics X-CUBE-TOF1 3.3.0
2025-05-20 14:48:03,855 [INFO] ThirdParty:1030 - CMSIS Pack Vendor :Infineon AIROC-Wi-Fi-Bluetooth-STM32 1.5.1
2025-05-20 14:48:03,855 [INFO] ThirdParty:1030 - CMSIS Pack Vendor :STMicroelectronics X-CUBE-BLEMGR 3.0.0
2025-05-20 14:48:03,855 [INFO] ThirdParty:1030 - CMSIS Pack Vendor :STMicroelectronics FP-SNS-MOTENVWB1 1.3.0
2025-05-20 14:48:03,855 [INFO] ThirdParty:1030 - CMSIS Pack Vendor :STMicroelectronics X-CUBE-NFC7 2.0.0
2025-05-20 14:48:03,855 [INFO] ThirdParty:1030 - CMSIS Pack Vendor :STMicroelectronics FP-SNS-MOTENVWB1 1.3.1
2025-05-20 14:48:03,855 [INFO] ThirdParty:1030 - CMSIS Pack Vendor :STMicroelectronics FP-ATR-SIGFOX1 3.2.0
2025-05-20 14:48:03,855 [INFO] ThirdParty:1030 - CMSIS Pack Vendor :STMicroelectronics X-CUBE-AZRTOS-L4 1.0.0
2025-05-20 14:48:03,855 [INFO] ThirdParty:1030 - CMSIS Pack Vendor :STMicroelectronics X-CUBE-ISPU 2.0.0
2025-05-20 14:48:03,855 [INFO] ThirdParty:1030 - CMSIS Pack Vendor :STMicroelectronics X-CUBE-EEPRMA1 5.1.0
2025-05-20 14:48:03,855 [INFO] ThirdParty:1030 - CMSIS Pack Vendor :STMicroelectronics MBEDTLS 2.16.2
2025-05-20 14:48:03,855 [INFO] ThirdParty:1030 - CMSIS Pack Vendor :STMicroelectronics X-CUBE-ALS 1.0.2
2025-05-20 14:48:03,855 [INFO] ThirdParty:1030 - CMSIS Pack Vendor :STMicroelectronics X-CUBE-MEMS1 10.0.0
2025-05-20 14:48:03,855 [INFO] ThirdParty:1030 - CMSIS Pack Vendor :STMicroelectronics X-CUBE-FREERTOS 1.1.0
2025-05-20 14:48:03,855 [INFO] ThirdParty:1030 - CMSIS Pack Vendor :wolfSSL I-CUBE-wolfSSL 5.7.6
2025-05-20 14:48:03,855 [INFO] ThirdParty:1030 - CMSIS Pack Vendor :STMicroelectronics X-CUBE-TOUCHGFX 4.24.0
2025-05-20 14:48:03,855 [INFO] ThirdParty:1030 - CMSIS Pack Vendor :ITTIA_DB I-CUBE-ITTIADB 8.9.0
2025-05-20 14:48:03,855 [INFO] ThirdParty:1030 - CMSIS Pack Vendor :STMicroelectronics X-CUBE-TOUCHGFX 4.24.2
2025-05-20 14:48:03,856 [INFO] ThirdParty:1030 - CMSIS Pack Vendor :STMicroelectronics X-CUBE-AZRTOS-WL 1.0.0
2025-05-20 14:48:03,856 [INFO] ThirdParty:1030 - CMSIS Pack Vendor :STMicroelectronics X-CUBE-TOUCHGFX 4.24.1
2025-05-20 14:48:03,856 [INFO] ThirdParty:1030 - CMSIS Pack Vendor :wolfSSL I-CUBE-wolfTPM 3.4.0
2025-05-20 14:48:03,856 [INFO] ThirdParty:1030 - CMSIS Pack Vendor :portGmbH I-Cube-SoM-uGOAL 1.1.0
2025-05-20 14:48:03,856 [INFO] ThirdParty:1030 - CMSIS Pack Vendor :STMicroelectronics X-CUBE-ALS 1.0.1
2025-05-20 14:48:03,856 [INFO] ThirdParty:1030 - CMSIS Pack Vendor :STMicroelectronics ThreadX 1.0.0
2025-05-20 14:48:03,856 [INFO] ThirdParty:1030 - CMSIS Pack Vendor :STMicroelectronics X-CUBE-AZRTOS-WB 1.1.0
2025-05-20 14:48:03,856 [INFO] ThirdParty:1030 - CMSIS Pack Vendor :SEGGER I-CUBE-embOS 1.3.1
2025-05-20 14:48:03,856 [INFO] ThirdParty:1030 - CMSIS Pack Vendor :STMicroelectronics X-CUBE-ALGOBUILD 1.4.0
2025-05-20 14:48:03,856 [INFO] ThirdParty:1030 - CMSIS Pack Vendor :STMicroelectronics X-CUBE-AZRTOS-H7RS 1.0.0
2025-05-20 14:48:03,856 [INFO] ThirdParty:1030 - CMSIS Pack Vendor :STMicroelectronics FP-ATR-ASTRA1 2.0.0
2025-05-20 14:48:03,856 [INFO] ThirdParty:1030 - CMSIS Pack Vendor :STMicroelectronics X-CUBE-AI 9.1.0
2025-05-20 14:48:03,856 [INFO] ThirdParty:1030 - CMSIS Pack Vendor :STMicroelectronics X-CUBE-TOF1 3.4.0
2025-05-20 14:48:03,856 [INFO] ThirdParty:1030 - CMSIS Pack Vendor :STMicroelectronics X-CUBE-TOF1 3.4.1
2025-05-20 14:48:03,856 [INFO] ThirdParty:1030 - CMSIS Pack Vendor :STMicroelectronics X-CUBE-AZRTOS-H7 3.2.0
2025-05-20 14:48:03,856 [INFO] ThirdParty:1030 - CMSIS Pack Vendor :wolfSSL I-CUBE-wolfSSH 1.4.17
2025-05-20 14:48:03,856 [INFO] ThirdParty:841 - exiting critical section [change project]
2025-05-20 14:48:04,101 [INFO] PinOutPanel:1499 - setPackage(No Configuration,No Configuration)
2025-05-20 14:48:04,102 [INFO] PinOutPanel:1499 - setPackage(STM32F103CBTx,LQFP48)
2025-05-20 14:48:04,611 [INFO] UtilMem:75 - Before build in PCC Used Memory: 668903776 Bytes (1073741824)
2025-05-20 14:48:05,539 [INFO] UtilMem:75 - After build in PCC Used Memory: 744399200 Bytes (1073741824)
2025-05-20 14:48:05,559 [INFO] IPUIPlugin:80 - create IPUIPlugin
2025-05-20 14:48:05,559 [INFO] IPUIPlugin:80 - create IPUIPlugin
2025-05-20 14:48:05,559 [INFO] IPUIPlugin:80 - create IPUIPlugin
2025-05-20 14:48:05,560 [INFO] IPUIPlugin:80 - create IPUIPlugin
2025-05-20 14:48:05,560 [INFO] IPUIPlugin:80 - create IPUIPlugin
2025-05-20 14:48:05,560 [INFO] IPUIPlugin:80 - create IPUIPlugin
2025-05-20 14:48:05,560 [INFO] IPUIPlugin:80 - create IPUIPlugin
2025-05-20 14:48:05,560 [INFO] IPUIPlugin:80 - create IPUIPlugin
2025-05-20 14:48:05,560 [INFO] IPUIPlugin:80 - create IPUIPlugin
2025-05-20 14:48:05,560 [INFO] IPUIPlugin:80 - create IPUIPlugin
2025-05-20 14:48:05,560 [INFO] IPUIPlugin:80 - create IPUIPlugin
2025-05-20 14:48:05,560 [INFO] IPUIPlugin:80 - create IPUIPlugin
2025-05-20 14:48:05,560 [INFO] IPUIPlugin:80 - create IPUIPlugin
2025-05-20 14:48:05,561 [INFO] IPUIPlugin:80 - create IPUIPlugin
2025-05-20 14:48:05,561 [INFO] IPUIPlugin:80 - create IPUIPlugin
2025-05-20 14:48:05,561 [INFO] IPUIPlugin:80 - create IPUIPlugin
2025-05-20 14:48:05,561 [INFO] IPUIPlugin:80 - create IPUIPlugin
2025-05-20 14:48:05,561 [INFO] IPUIPlugin:80 - create IPUIPlugin
2025-05-20 14:48:05,562 [INFO] IPUIPlugin:80 - create IPUIPlugin
2025-05-20 14:48:05,562 [INFO] IPUIPlugin:80 - create IPUIPlugin
2025-05-20 14:48:05,562 [INFO] IPUIPlugin:80 - create IPUIPlugin
2025-05-20 14:48:05,562 [INFO] IPUIPlugin:80 - create IPUIPlugin
2025-05-20 14:48:05,562 [INFO] IPUIPlugin:80 - create IPUIPlugin
2025-05-20 14:48:05,562 [INFO] IPUIPlugin:80 - create IPUIPlugin
2025-05-20 14:48:05,562 [INFO] IPUIPlugin:80 - create IPUIPlugin
2025-05-20 14:48:05,563 [INFO] IPUIPlugin:80 - create IPUIPlugin
2025-05-20 14:48:05,563 [INFO] IPUIPlugin:80 - create IPUIPlugin
2025-05-20 14:48:05,573 [WARN] IP:2114 - I2C_Coeff_DF not found: check if there is a RefParameter without a condition.
2025-05-20 14:48:05,573 [WARN] IP:2114 - Analog_Filter not found: check if there is a RefParameter without a condition.
2025-05-20 14:48:05,807 [INFO] CADModel:165 - CPN selected for project levelSTM32F103CBT6
2025-05-20 14:48:05,807 [INFO] CADModel:114 - Register for checkConnection events
2025-05-20 14:48:05,857 [INFO] OpenFileManager:328 - Restore cursor
2025-05-20 14:48:06,003 [WARN] IP:2114 - I2C_Coeff_DF not found: check if there is a RefParameter without a condition.
2025-05-20 14:48:06,003 [WARN] IP:2114 - Analog_Filter not found: check if there is a RefParameter without a condition.
2025-05-20 14:48:06,003 [WARN] IP:2114 - I2C_Coeff_DF not found: check if there is a RefParameter without a condition.
2025-05-20 14:48:06,003 [WARN] IP:2114 - Analog_Filter not found: check if there is a RefParameter without a condition.
2025-05-20 14:48:35,502 [INFO] UtilMem:75 - End SaveConfig() Used Memory: 690133104 Bytes (1073741824)
2025-05-20 14:48:35,970 [INFO] BlockDiagram:2759 - set Specific Code input for plugin: NVIC
2025-05-20 14:48:35,970 [INFO] BlockDiagram:2759 - set Specific Code input for plugin: USART
2025-05-20 14:48:35,970 [INFO] BlockDiagram:2759 - set Specific Code input for plugin: USART
2025-05-20 14:48:35,970 [INFO] BlockDiagram:2759 - set Specific Code input for plugin: SYS
2025-05-20 14:48:35,971 [INFO] BlockDiagram:2759 - set Specific Code input for plugin: GPIO
2025-05-20 14:48:35,971 [INFO] BlockDiagram:2759 - set Specific Code input for plugin: RCC
2025-05-20 14:48:35,971 [INFO] BlockDiagram:2759 - set Specific Code input for plugin: I2C
2025-05-20 14:48:35,973 [INFO] CodeGenerator:799 - code generatio: config db path: D:\ITC\STM32\STM32CubeIDE_1.13.0\STM32CubeIDE\plugins\com.st.stm32cube.common.mx_6.9.0.202307051724\\db\
2025-05-20 14:48:35,978 [WARN] IP:2114 - I2C_Coeff_DF not found: check if there is a RefParameter without a condition.
2025-05-20 14:48:35,978 [WARN] IP:2114 - Analog_Filter not found: check if there is a RefParameter without a condition.
2025-05-20 14:48:36,234 [INFO] CodeEngine:255 - oldGeneratedFile, D:\AIFARM\STM32_GREENB\stm32f103_nethouse\MXTmpFiles\license.tmp_save
2025-05-20 14:48:36,544 [INFO] CodeEngine:279 - Generated code: D:\AIFARM\STM32_GREENB\stm32f103_nethouse\MXTmpFiles\license.tmp
2025-05-20 14:48:36,677 [INFO] CodeEngine:255 - oldGeneratedFile, D:\AIFARM\STM32_GREENB\stm32f103_nethouse\MXTmpFiles\gpio.tmp_save
2025-05-20 14:48:36,813 [INFO] CodeEngine:279 - Generated code: D:\AIFARM\STM32_GREENB\stm32f103_nethouse\MXTmpFiles\gpio.tmp
2025-05-20 14:48:36,990 [INFO] CodeEngine:255 - oldGeneratedFile, D:\AIFARM\STM32_GREENB\stm32f103_nethouse\Core\Src\stm32f1xx_it.c_save
2025-05-20 14:48:37,108 [INFO] CodeEngine:279 - Generated code: D:\AIFARM\STM32_GREENB\stm32f103_nethouse\Core\Src\stm32f1xx_it.c
2025-05-20 14:48:37,134 [INFO] CodeEngine:255 - oldGeneratedFile, D:\AIFARM\STM32_GREENB\stm32f103_nethouse\Core\Inc\stm32f1xx_it.h_save
2025-05-20 14:48:37,221 [INFO] CodeEngine:279 - Generated code: D:\AIFARM\STM32_GREENB\stm32f103_nethouse\Core\Inc\stm32f1xx_it.h
2025-05-20 14:48:37,255 [INFO] CodeEngine:255 - oldGeneratedFile, D:\AIFARM\STM32_GREENB\stm32f103_nethouse\Core\Src\stm32f1xx_hal_msp.c_save
2025-05-20 14:48:37,381 [INFO] CodeEngine:279 - Generated code: D:\AIFARM\STM32_GREENB\stm32f103_nethouse\Core\Src\stm32f1xx_hal_msp.c
2025-05-20 14:48:37,396 [INFO] CodeEngine:255 - oldGeneratedFile, D:\AIFARM\STM32_GREENB\stm32f103_nethouse\MXTmpFiles\system.tmp_save
2025-05-20 14:48:37,517 [INFO] CodeEngine:279 - Generated code: D:\AIFARM\STM32_GREENB\stm32f103_nethouse\MXTmpFiles\system.tmp
2025-05-20 14:48:37,556 [INFO] CodeEngine:311 - oldGeneratedFile, D:\AIFARM\STM32_GREENB\stm32f103_nethouse\Core\Inc\stm32f1xx_hal_conf.h_save
2025-05-20 14:48:37,697 [INFO] CodeEngine:335 - Generated code: D:\AIFARM\STM32_GREENB\stm32f103_nethouse\Core\Inc\stm32f1xx_hal_conf.h
2025-05-20 14:48:37,757 [INFO] CodeEngine:255 - oldGeneratedFile, D:\AIFARM\STM32_GREENB\stm32f103_nethouse\Core\Inc\main.h_save
2025-05-20 14:48:37,853 [INFO] CodeEngine:279 - Generated code: D:\AIFARM\STM32_GREENB\stm32f103_nethouse\Core\Inc\main.h
2025-05-20 14:48:37,878 [INFO] CodeEngine:255 - oldGeneratedFile, D:\AIFARM\STM32_GREENB\stm32f103_nethouse\Core\Src\main.c_save
2025-05-20 14:48:38,036 [INFO] CodeEngine:279 - Generated code: D:\AIFARM\STM32_GREENB\stm32f103_nethouse\Core\Src\main.c
2025-05-20 14:48:38,603 [INFO] ProjectBuilder:3064 - Time for Copy HAL[1] : 206mS.
2025-05-20 14:48:38,607 [INFO] ProjectBuilder:4404 - Project Generator version: 4.1.0
2025-05-20 14:48:38,897 [INFO] ConfigFileManager:1457 - The Die is : DIE410
2025-05-20 14:48:38,919 [INFO] ApiDbMcu:507 - Load IP Config File for FATFS
2025-05-20 14:48:38,937 [INFO] ApiDbMcu:507 - Load IP Config File for FREERTOS
2025-05-20 14:48:38,955 [INFO] ApiDbMcu:507 - Load IP Config File for USB_DEVICE
2025-05-20 14:48:40,006 [INFO] LogOutputStream:77 - [STDOUT_REDIRECT] 
2025-05-20 14:48:41,613 [INFO] ProjectBuilder:4626 - Time for Generating toolchain IDE Files: 3006mS.
2025-05-20 14:48:41,614 [INFO] ProjectBuilder:2935 - Time for Copy CMSIS : 1mS.
2025-05-20 14:48:41,615 [INFO] ProjectBuilder:2935 - Time for Copy CMSIS : 0mS.
