2025-05-16 08:21:13,260 [INFO] Activator:176 - 


2025-05-16 08:21:13,266 [INFO] Activator:177 - !SESSION log4j initialized
2025-05-16 08:21:20,483 [INFO] LogOutputStream:77 - [STDOUT_REDIRECT] 
2025-05-16 08:21:23,692 [INFO] ApplicationProperties:184 - Using Application install path: D:\ITC\STM32\STM32CubeIDE_1.13.0\STM32CubeIDE\plugins\com.st.stm32cube.common.mx_6.9.0.202307051724
2025-05-16 08:21:23,711 [INFO] DbMcusXml:78 - Set database path to: D:\ITC\STM32\STM32CubeIDE_1.13.0\STM32CubeIDE\plugins\com.st.stm32cube.common.mx_6.9.0.202307051724\\db\/mcu/
2025-05-16 08:21:23,712 [INFO] ApiDb:274 - Set plugin database path to: D:\ITC\STM32\STM32CubeIDE_1.13.0\STM32CubeIDE\plugins\com.st.stm32cube.common.mx_6.9.0.202307051724\\db\/plugins/boardmanager/
2025-05-16 08:21:23,712 [WARN] ApiDb:259 - Overriding images path with different value:  => D:\ITC\STM32\STM32CubeIDE_1.13.0\STM32CubeIDE\plugins\com.st.stm32cube.common.mx_6.9.0.202307051724\\db\/plugins/mcufinder/images/
2025-05-16 08:21:23,725 [INFO] ApiDb:250 - Set database path to: C:\Users\msi1\.stmcufinder\plugins\mcufinder//mcu/
2025-05-16 08:21:23,726 [INFO] DbMcusAds:125 - Set database path to: C:\Users\msi1\.stmcufinder\plugins\mcufinder//mcu/
2025-05-16 08:21:23,728 [INFO] CrossReferenceDbSqlite:203 - Set database path to: C:\Users\msi1\.stmcufinder\plugins\mcufinder//mcu/cs/
2025-05-16 08:21:23,837 [INFO] RulesReader:64 - Compatibility file has been processed (293 Rules)
2025-05-16 08:21:23,922 [INFO] DbMcusXml:78 - Set database path to: D:\ITC\STM32\STM32CubeIDE_1.13.0\STM32CubeIDE\plugins\com.st.stm32cube.common.mx_6.9.0.202307051724\\db\/mcu/
2025-05-16 08:21:23,922 [INFO] ApiDb:274 - Set plugin database path to: D:\ITC\STM32\STM32CubeIDE_1.13.0\STM32CubeIDE\plugins\com.st.stm32cube.common.mx_6.9.0.202307051724\\db\/plugins/boardmanager/
2025-05-16 08:21:23,923 [INFO] ApiDb:261 - Set plugin images path to: D:\ITC\STM32\STM32CubeIDE_1.13.0\STM32CubeIDE\plugins\com.st.stm32cube.common.mx_6.9.0.202307051724\\db\/plugins/mcufinder/images/
2025-05-16 08:21:23,923 [WARN] DbFile:41 - Overriding database path with different value: C:\Users\msi1\.stmcufinder\plugins\mcufinder/ => C:\Users\msi1\.stmcufinder\plugins\mcufinder
2025-05-16 08:21:23,923 [INFO] ApiDb:250 - Set database path to: C:\Users\msi1\.stmcufinder\plugins\mcufinder//mcu/
2025-05-16 08:21:23,923 [WARN] DbFile:41 - Overriding database path with different value: C:\Users\msi1\.stmcufinder\plugins\mcufinder/ => C:\Users\msi1\.stmcufinder\plugins\mcufinder
2025-05-16 08:21:23,923 [INFO] DbMcusAds:125 - Set database path to: C:\Users\msi1\.stmcufinder\plugins\mcufinder//mcu/
2025-05-16 08:21:23,923 [WARN] DbFile:41 - Overriding database path with different value: C:\Users\msi1\.stmcufinder\plugins\mcufinder/ => C:\Users\msi1\.stmcufinder\plugins\mcufinder
2025-05-16 08:21:23,923 [WARN] DbFile:41 - Overriding database path with different value: C:\Users\msi1\.stmcufinder\plugins\mcufinder/ => C:\Users\msi1\.stmcufinder\plugins\mcufinder
2025-05-16 08:21:23,923 [INFO] CrossReferenceDbSqlite:203 - Set database path to: C:\Users\msi1\.stmcufinder\plugins\mcufinder//mcu/cs/
2025-05-16 08:21:23,998 [INFO] MainPanel:262 - HeapMemory: 268435456
2025-05-16 08:21:24,106 [INFO] DbMcusXml:78 - Set database path to: D:\ITC\STM32\STM32CubeIDE_1.13.0\STM32CubeIDE\plugins\com.st.stm32cube.common.mx_6.9.0.202307051724\\db\/mcu/
2025-05-16 08:21:24,107 [INFO] ApiDb:274 - Set plugin database path to: D:\ITC\STM32\STM32CubeIDE_1.13.0\STM32CubeIDE\plugins\com.st.stm32cube.common.mx_6.9.0.202307051724\\db\/plugins/boardmanager/
2025-05-16 08:21:24,107 [INFO] ApiDb:261 - Set plugin images path to: D:\ITC\STM32\STM32CubeIDE_1.13.0\STM32CubeIDE\plugins\com.st.stm32cube.common.mx_6.9.0.202307051724\\db\/plugins/mcufinder/images/
2025-05-16 08:21:24,107 [WARN] DbFile:41 - Overriding database path with different value: C:\Users\msi1\.stmcufinder\plugins\mcufinder/ => C:\Users\msi1\.stmcufinder\plugins\mcufinder
2025-05-16 08:21:24,107 [INFO] ApiDb:250 - Set database path to: C:\Users\msi1\.stmcufinder\plugins\mcufinder//mcu/
2025-05-16 08:21:24,107 [WARN] DbFile:41 - Overriding database path with different value: C:\Users\msi1\.stmcufinder\plugins\mcufinder/ => C:\Users\msi1\.stmcufinder\plugins\mcufinder
2025-05-16 08:21:24,108 [INFO] DbMcusAds:125 - Set database path to: C:\Users\msi1\.stmcufinder\plugins\mcufinder//mcu/
2025-05-16 08:21:24,108 [WARN] DbFile:41 - Overriding database path with different value: C:\Users\msi1\.stmcufinder\plugins\mcufinder/ => C:\Users\msi1\.stmcufinder\plugins\mcufinder
2025-05-16 08:21:24,108 [WARN] DbFile:41 - Overriding database path with different value: C:\Users\msi1\.stmcufinder\plugins\mcufinder/ => C:\Users\msi1\.stmcufinder\plugins\mcufinder
2025-05-16 08:21:24,108 [INFO] CrossReferenceDbSqlite:203 - Set database path to: C:\Users\msi1\.stmcufinder\plugins\mcufinder//mcu/cs/
2025-05-16 08:21:24,134 [INFO] ApplicationProperties:184 - Using Application install path: D:\ITC\STM32\STM32CubeIDE_1.13.0\STM32CubeIDE\plugins\com.st.stm32cube.common.mx_6.9.0.202307051724
2025-05-16 08:21:24,136 [INFO] PluginManage:196 - Search for loadable plugins [exclusion list=, ]
2025-05-16 08:21:24,137 [INFO] PluginManage:310 - Check plugin analytics
2025-05-16 08:21:24,288 [INFO] AnalyticsPlugin:253 - Accepted Software Licenses: 
2025-05-16 08:21:24,288 [INFO] AnalyticsPlugin:255 - Accepted CMSIS Pack Licenses: 
2025-05-16 08:21:24,288 [INFO] AnalyticsPlugin:257 - Accepted Firmware Licenses: FW.F4.1.27.0
2025-05-16 08:21:24,291 [INFO] PluginManage:359 - Loaded plugin analytics (category:tool,tabindex:-1)
2025-05-16 08:21:24,292 [INFO] PluginManage:310 - Check plugin cadmodel
2025-05-16 08:21:24,308 [INFO] CADModel:105 - Init CAD model plugin
2025-05-16 08:21:24,308 [INFO] PluginManage:359 - Loaded plugin cadmodel (category:power,tabindex:5)
2025-05-16 08:21:24,308 [INFO] PluginManage:310 - Check plugin clock
2025-05-16 08:21:24,326 [INFO] PluginManage:359 - Loaded plugin clock (category:base,tabindex:2)
2025-05-16 08:21:24,326 [INFO] PluginManage:310 - Check plugin ddr
2025-05-16 08:21:24,329 [INFO] PluginManage:359 - Loaded plugin ddr (category:tool,tabindex:6)
2025-05-16 08:21:24,329 [INFO] PluginManage:310 - Check plugin filemanager
2025-05-16 08:21:24,447 [INFO] PluginManage:359 - Loaded plugin filemanager (category:base,tabindex:10)
2025-05-16 08:21:24,447 [INFO] PluginManage:310 - Check plugin ipmanager
2025-05-16 08:21:24,455 [INFO] PluginManage:359 - Loaded plugin ipmanager (category:base,tabindex:5)
2025-05-16 08:21:24,455 [INFO] PluginManage:310 - Check plugin lpbam
2025-05-16 08:21:24,471 [INFO] PluginManage:359 - Loaded plugin lpbam (category:base,tabindex:0)
2025-05-16 08:21:24,471 [INFO] PluginManage:310 - Check plugin memorymap
2025-05-16 08:21:24,505 [INFO] PluginManage:359 - Loaded plugin memorymap (category:base,tabindex:4)
2025-05-16 08:21:24,505 [INFO] PluginManage:310 - Check plugin pinoutandconfiguration
2025-05-16 08:21:24,522 [INFO] PluginManage:359 - Loaded plugin pinoutandconfiguration (category:base,tabindex:1)
2025-05-16 08:21:24,522 [INFO] PluginManage:310 - Check plugin pinoutconfig
2025-05-16 08:21:24,609 [WARN] SupportedApi:132 - Cannot load RTOS API schema: s4s-elt-must-match.1: The content of 'definitions' must match (annotation?, (simpleType | complexType)?, (unique | key | keyref)*)). A problem was found starting at: attribute.
2025-05-16 08:21:24,731 [INFO] PluginManage:359 - Loaded plugin pinoutconfig (category:base,tabindex:0)
2025-05-16 08:21:24,731 [INFO] PluginManage:310 - Check plugin power
2025-05-16 08:21:24,755 [INFO] PluginManage:359 - Loaded plugin power (category:power,tabindex:4)
2025-05-16 08:21:24,756 [INFO] PluginManage:310 - Check plugin projectmanager
2025-05-16 08:21:24,770 [INFO] PluginManage:359 - Loaded plugin projectmanager (category:projectmanager,tabindex:3)
2025-05-16 08:21:24,770 [INFO] PluginManage:310 - Check plugin thirdparty
2025-05-16 08:21:25,061 [WARN] IntegrityCheckThread:84 - waiting for thirdparty lock release [integrity check]
2025-05-16 08:21:25,061 [INFO] PluginManage:359 - Loaded plugin thirdparty (category:base,tabindex:-1)
2025-05-16 08:21:25,062 [INFO] IntegrityCheckThread:86 - entering critical section [integrity check]
2025-05-16 08:21:25,062 [INFO] PluginManage:310 - Check plugin tools
2025-05-16 08:21:25,063 [INFO] ThirdPartyUpdaterWithRetryManager:70 - Updater plugin not ready yet. [1/15]
2025-05-16 08:21:25,098 [INFO] PluginManage:359 - Loaded plugin tools (category:base,tabindex:7)
2025-05-16 08:21:25,098 [INFO] PluginManage:310 - Check plugin tutovideos
2025-05-16 08:21:25,315 [INFO] PluginManage:359 - Loaded plugin tutovideos (category:base,tabindex:-1)
2025-05-16 08:21:25,315 [INFO] PluginManage:310 - Check plugin updater
2025-05-16 08:21:25,325 [INFO] PluginManage:359 - Loaded plugin updater (category:base,tabindex:12)
2025-05-16 08:21:25,326 [INFO] PluginManage:310 - Check plugin userauth
2025-05-16 08:21:25,331 [INFO] UserAuth:113 - Init User Auth plugin
2025-05-16 08:21:25,331 [INFO] PluginManage:359 - Loaded plugin userauth (category:base,tabindex:14)
2025-05-16 08:21:25,331 [INFO] PluginManage:283 - PluginManage : Loaded plugins [17]
2025-05-16 08:21:25,529 [INFO] PinOutPanel:1499 - setPackage(No Configuration,No Configuration)
2025-05-16 08:21:25,626 [INFO] CADModel:165 - CPN selected for project level
2025-05-16 08:21:25,626 [INFO] CADModel:114 - Register for checkConnection events
2025-05-16 08:21:25,659 [INFO] IPUIPlugin:80 - create IPUIPlugin
2025-05-16 08:21:25,659 [INFO] PluginManager:220 - loadIPPluginJar : add adc
2025-05-16 08:21:25,705 [INFO] IPUIPlugin:80 - create IPUIPlugin
2025-05-16 08:21:25,705 [INFO] PluginManager:220 - loadIPPluginJar : add aes
2025-05-16 08:21:25,749 [INFO] IPUIPlugin:80 - create IPUIPlugin
2025-05-16 08:21:25,749 [INFO] PluginManager:220 - loadIPPluginJar : add can
2025-05-16 08:21:25,777 [INFO] IPUIPlugin:80 - create IPUIPlugin
2025-05-16 08:21:25,777 [INFO] PluginManager:220 - loadIPPluginJar : add comp
2025-05-16 08:21:25,820 [INFO] IPUIPlugin:80 - create IPUIPlugin
2025-05-16 08:21:25,821 [INFO] PluginManager:220 - loadIPPluginJar : add cryp
2025-05-16 08:21:25,855 [INFO] IPUIPlugin:80 - create IPUIPlugin
2025-05-16 08:21:25,855 [INFO] PluginManager:220 - loadIPPluginJar : add dfsdm
2025-05-16 08:21:25,870 [INFO] IPUIPlugin:80 - create IPUIPlugin
2025-05-16 08:21:25,871 [INFO] PluginManager:220 - loadIPPluginJar : add dma
2025-05-16 08:21:25,926 [INFO] IPUIPlugin:80 - create IPUIPlugin
2025-05-16 08:21:25,926 [INFO] PluginManager:220 - loadIPPluginJar : add dma3
2025-05-16 08:21:25,949 [INFO] IPUIPlugin:80 - create IPUIPlugin
2025-05-16 08:21:25,950 [INFO] PluginManager:220 - loadIPPluginJar : add fatfs
2025-05-16 08:21:25,994 [INFO] IPUIPlugin:80 - create IPUIPlugin
2025-05-16 08:21:25,994 [INFO] PluginManager:220 - loadIPPluginJar : add fmc
2025-05-16 08:21:26,008 [INFO] IPUIPlugin:80 - create IPUIPlugin
2025-05-16 08:21:26,008 [INFO] PluginManager:220 - loadIPPluginJar : add freertos
2025-05-16 08:21:26,030 [INFO] IPUIPlugin:80 - create IPUIPlugin
2025-05-16 08:21:26,030 [INFO] PluginManager:220 - loadIPPluginJar : add genericplugin
2025-05-16 08:21:26,124 [INFO] IPUIPlugin:80 - create IPUIPlugin
2025-05-16 08:21:26,124 [INFO] PluginManager:220 - loadIPPluginJar : add gfxmmu
2025-05-16 08:21:26,252 [INFO] IPUIPlugin:80 - create IPUIPlugin
2025-05-16 08:21:26,252 [INFO] PluginManager:220 - loadIPPluginJar : add gic
2025-05-16 08:21:26,264 [INFO] IPUIPlugin:80 - create IPUIPlugin
2025-05-16 08:21:26,264 [INFO] PluginManager:220 - loadIPPluginJar : add gpio
2025-05-16 08:21:26,348 [INFO] IPUIPlugin:80 - create IPUIPlugin
2025-05-16 08:21:26,348 [INFO] PluginManager:220 - loadIPPluginJar : add gtzc
2025-05-16 08:21:26,380 [INFO] IPUIPlugin:80 - create IPUIPlugin
2025-05-16 08:21:26,380 [INFO] PluginManager:220 - loadIPPluginJar : add hash
2025-05-16 08:21:26,429 [INFO] IPUIPlugin:80 - create IPUIPlugin
2025-05-16 08:21:26,429 [INFO] PluginManager:220 - loadIPPluginJar : add i2c
2025-05-16 08:21:26,468 [INFO] IPUIPlugin:80 - create IPUIPlugin
2025-05-16 08:21:26,469 [INFO] PluginManager:220 - loadIPPluginJar : add i2s
2025-05-16 08:21:26,508 [INFO] IPUIPlugin:80 - create IPUIPlugin
2025-05-16 08:21:26,508 [INFO] PluginManager:220 - loadIPPluginJar : add i3c
2025-05-16 08:21:26,601 [INFO] IPUIPlugin:80 - create IPUIPlugin
2025-05-16 08:21:26,601 [INFO] PluginManager:220 - loadIPPluginJar : add ipddr
2025-05-16 08:21:26,684 [INFO] IPUIPlugin:80 - create IPUIPlugin
2025-05-16 08:21:26,684 [INFO] PluginManager:220 - loadIPPluginJar : add linkedlist
2025-05-16 08:21:26,717 [INFO] IPUIPlugin:80 - create IPUIPlugin
2025-05-16 08:21:26,717 [INFO] PluginManager:220 - loadIPPluginJar : add lorawan
2025-05-16 08:21:26,751 [INFO] IPUIPlugin:80 - create IPUIPlugin
2025-05-16 08:21:26,751 [INFO] PluginManager:220 - loadIPPluginJar : add ltdc
2025-05-16 08:21:26,764 [INFO] IPUIPlugin:80 - create IPUIPlugin
2025-05-16 08:21:26,764 [INFO] PluginManager:220 - loadIPPluginJar : add mdma
2025-05-16 08:21:26,777 [INFO] IPUIPlugin:80 - create IPUIPlugin
2025-05-16 08:21:26,777 [INFO] PluginManager:220 - loadIPPluginJar : add nvic
2025-05-16 08:21:26,812 [INFO] IPUIPlugin:80 - create IPUIPlugin
2025-05-16 08:21:26,812 [INFO] PluginManager:220 - loadIPPluginJar : add opamp
2025-05-16 08:21:26,867 [INFO] IPUIPlugin:80 - create IPUIPlugin
2025-05-16 08:21:26,867 [INFO] PluginManager:220 - loadIPPluginJar : add openamp
2025-05-16 08:21:26,911 [INFO] IPUIPlugin:80 - create IPUIPlugin
2025-05-16 08:21:26,912 [INFO] PluginManager:220 - loadIPPluginJar : add pdm2pcm
2025-05-16 08:21:26,926 [INFO] IPUIPlugin:80 - create IPUIPlugin
2025-05-16 08:21:26,927 [INFO] PluginManager:220 - loadIPPluginJar : add plateformsettings
2025-05-16 08:21:26,949 [INFO] IPUIPlugin:80 - create IPUIPlugin
2025-05-16 08:21:26,950 [INFO] PluginManager:220 - loadIPPluginJar : add quadspi
2025-05-16 08:21:26,962 [INFO] IPUIPlugin:80 - create IPUIPlugin
2025-05-16 08:21:26,963 [INFO] PluginManager:220 - loadIPPluginJar : add resmgrutility
2025-05-16 08:21:27,019 [INFO] IPUIPlugin:80 - create IPUIPlugin
2025-05-16 08:21:27,019 [INFO] PluginManager:220 - loadIPPluginJar : add sai
2025-05-16 08:21:27,057 [INFO] IPUIPlugin:80 - create IPUIPlugin
2025-05-16 08:21:27,057 [INFO] PluginManager:220 - loadIPPluginJar : add spi
2025-05-16 08:21:27,118 [INFO] IPUIPlugin:80 - create IPUIPlugin
2025-05-16 08:21:27,118 [INFO] PluginManager:220 - loadIPPluginJar : add stm32_wpan
2025-05-16 08:21:27,145 [INFO] IPUIPlugin:80 - create IPUIPlugin
2025-05-16 08:21:27,145 [INFO] PluginManager:220 - loadIPPluginJar : add tim
2025-05-16 08:21:27,217 [INFO] IPUIPlugin:80 - create IPUIPlugin
2025-05-16 08:21:27,217 [INFO] PluginManager:220 - loadIPPluginJar : add touchsensing
2025-05-16 08:21:27,247 [INFO] IPUIPlugin:80 - create IPUIPlugin
2025-05-16 08:21:27,247 [INFO] PluginManager:220 - loadIPPluginJar : add tracer_emb
2025-05-16 08:21:27,277 [INFO] IPUIPlugin:80 - create IPUIPlugin
2025-05-16 08:21:27,277 [INFO] PluginManager:220 - loadIPPluginJar : add ts
2025-05-16 08:21:27,306 [INFO] IPUIPlugin:80 - create IPUIPlugin
2025-05-16 08:21:27,306 [INFO] PluginManager:220 - loadIPPluginJar : add tsc
2025-05-16 08:21:27,330 [INFO] IPUIPlugin:80 - create IPUIPlugin
2025-05-16 08:21:27,331 [INFO] PluginManager:220 - loadIPPluginJar : add ucpd
2025-05-16 08:21:27,374 [INFO] IPUIPlugin:80 - create IPUIPlugin
2025-05-16 08:21:27,374 [INFO] PluginManager:220 - loadIPPluginJar : add usart
2025-05-16 08:21:27,418 [INFO] IPUIPlugin:80 - create IPUIPlugin
2025-05-16 08:21:27,418 [INFO] PluginManager:220 - loadIPPluginJar : add usbx
2025-05-16 08:21:27,535 [INFO] CADModel:165 - CPN selected for project level
2025-05-16 08:21:27,535 [INFO] CADModel:114 - Register for checkConnection events
2025-05-16 08:21:27,535 [FATAL] Updater:308 - Updater called before beeing initialized
2025-05-16 08:21:27,535 [ERROR] CADModel:125 - Updater not yet initialized, retry later 
2025-05-16 08:21:27,685 [INFO] CADModel:165 - CPN selected for project level
2025-05-16 08:21:27,685 [INFO] CADModel:114 - Register for checkConnection events
2025-05-16 08:21:27,685 [FATAL] Updater:308 - Updater called before beeing initialized
2025-05-16 08:21:27,685 [ERROR] CADModel:125 - Updater not yet initialized, retry later 
2025-05-16 08:21:27,689 [FATAL] Updater:308 - Updater called before beeing initialized
2025-05-16 08:21:27,795 [FATAL] Updater:308 - Updater called before beeing initialized
2025-05-16 08:21:27,810 [INFO] DbMcusAds:53 - JSON generation date=Tue Dec 17 23:01:15 ICT 2024 (1734451275230)
2025-05-16 08:21:27,810 [FATAL] Updater:308 - Updater called before beeing initialized
2025-05-16 08:21:27,896 [WARN] DetailPanel:346 - Failed to get advertising image, set to default
2025-05-16 08:21:27,977 [FATAL] Updater:308 - Updater called before beeing initialized
2025-05-16 08:21:27,979 [FATAL] Updater:308 - Updater called before beeing initialized
2025-05-16 08:21:27,979 [FATAL] Updater:308 - Updater called before beeing initialized
2025-05-16 08:21:27,979 [WARN] DetailPanel:346 - Failed to get advertising image, set to default
2025-05-16 08:21:27,980 [FATAL] Updater:308 - Updater called before beeing initialized
2025-05-16 08:21:28,033 [ERROR] Updater:1120 - MainUpdater not yet initialized. External WinMGr cannot be set.
2025-05-16 08:21:28,045 [INFO] Updater:1056 - Updater Version found : 6.9.0
2025-05-16 08:21:28,063 [INFO] ApplicationProperties:184 - Using Application install path: D:\ITC\STM32\STM32CubeIDE_1.13.0\STM32CubeIDE\plugins\com.st.stm32cube.common.mx_6.9.0.202307051724
2025-05-16 08:21:28,064 [INFO] ThirdPartyUpdaterWithRetryManager:70 - Updater plugin not ready yet. [2/15]
2025-05-16 08:21:28,459 [INFO] MainUpdater:2868 - connection check result : 10
2025-05-16 08:21:28,460 [INFO] MainUpdater:285 - Updater Check For Update Now.
2025-05-16 08:21:28,460 [INFO] MicroXplorer:498 - Change Database Version : DB.6.0.90
2025-05-16 08:21:28,482 [INFO] McuFinderGlobals:63 - Set McuFinder mode to 2 (CubeIDE integrated)
2025-05-16 08:21:28,697 [INFO] CheckServerUpdateThread:120 - End of CheckServer Thread
2025-05-16 08:21:31,476 [WARN] PackLoader:240 - Cannot read IP mode file for STMicroelectronics.FP-SNS-MOTENVWB1.1.4.0
2025-05-16 08:21:31,503 [WARN] PackLoader:240 - Cannot read IP mode file for STMicroelectronics.FP-ATR-ASTRA1.2.0.2
2025-05-16 08:21:31,519 [WARN] PackLoader:240 - Cannot read IP mode file for STMicroelectronics.FP-ATR-ASTRA1.2.0.1
2025-05-16 08:21:31,539 [WARN] PackLoader:240 - Cannot read IP mode file for STMicroelectronics.X-CUBE-SMBUS.2.1.0
2025-05-16 08:21:31,557 [WARN] PackLoader:240 - Cannot read IP mode file for STMicroelectronics.X-CUBE-WB05N.1.1.0
2025-05-16 08:21:31,576 [WARN] PackLoader:240 - Cannot read IP mode file for STMicroelectronics.X-CUBE-TOUCHGFX.4.23.0
2025-05-16 08:21:31,596 [WARN] PackLoader:240 - Cannot read IP mode file for STMicroelectronics.X-CUBE-TOUCHGFX.4.23.2
2025-05-16 08:21:31,645 [WARN] PackLoader:240 - Cannot read IP mode file for STMicroelectronics.X-CUBE-AZRTOS-F7.1.1.0
2025-05-16 08:21:31,670 [ERROR] RealEvaluatedCondition:428 - Found unsupported composite condition: CLASS='Data Exchange' GROUP='STM32_MetaDataManager'
2025-05-16 08:21:31,671 [ERROR] RealEvaluatedCondition:428 - Found unsupported composite condition: CLASS='Data Exchange' GROUP='STM32_MetaDataManager'
2025-05-16 08:21:31,673 [WARN] PackLoader:240 - Cannot read IP mode file for STMicroelectronics.FP-SNS-MOTENV1.4.3.0
2025-05-16 08:21:31,700 [WARN] PackLoader:240 - Cannot read IP mode file for STMicroelectronics.FP-SNS-MOTENV1.4.3.2
2025-05-16 08:21:31,718 [WARN] PackLoader:240 - Cannot read IP mode file for STMicroelectronics.FP-SNS-FLIGHT1.5.0.0
2025-05-16 08:21:31,735 [WARN] PackLoader:240 - Cannot read IP mode file for STMicroelectronics.X-CUBE-BLE1.6.2.4
2025-05-16 08:21:31,750 [WARN] PackLoader:240 - Cannot read IP mode file for STMicroelectronics.FP-SNS-FLIGHT1.5.0.2
2025-05-16 08:21:31,777 [ERROR] Engine:466 - C:\Users\msi1\.stm32cubemx\thirdparties\pdsc\Infineon.AIROC-Wi-Fi-Bluetooth-STM32.1.7.0.pdsc: PDSC version is not supported
2025-05-16 08:21:31,799 [WARN] PackLoader:240 - Cannot read IP mode file for STMicroelectronics.X-CUBE-DISPLAY.3.0.0
2025-05-16 08:21:31,822 [WARN] PackLoader:240 - Cannot read IP mode file for STMicroelectronics.X-CUBE-BLE1.7.0.0
2025-05-16 08:21:31,838 [WARN] PackLoader:240 - Cannot read IP mode file for STMicroelectronics.X-CUBE-NFC10.1.0.0
2025-05-16 08:21:31,853 [ERROR] Engine:466 - C:\Users\msi1\.stm32cubemx\thirdparties\pdsc\STMicroelectronics.X-CUBE-BLEMGR.4.0.0.pdsc: PDSC version is not supported
2025-05-16 08:21:31,867 [WARN] PackLoader:240 - Cannot read IP mode file for emotas.I-CUBE-CANOPEN.1.3.0
2025-05-16 08:21:31,880 [WARN] PackLoader:240 - Cannot read IP mode file for STMicroelectronics.X-CUBE-TOUCHGFX.4.22.0
2025-05-16 08:21:31,895 [WARN] PackLoader:240 - Cannot read IP mode file for STMicroelectronics.X-CUBE-TOUCHGFX.4.22.1
2025-05-16 08:21:31,912 [WARN] PackLoader:240 - Cannot read IP mode file for STMicroelectronics.X-CUBE-BLEMGR.3.1.0
2025-05-16 08:21:31,927 [WARN] PackLoader:240 - Cannot read IP mode file for STMicroelectronics.X-CUBE-AI.10.0.0
2025-05-16 08:21:31,940 [WARN] PackLoader:240 - Cannot read IP mode file for STMicroelectronics.FP-SNS-SMARTAG2.1.2.0
2025-05-16 08:21:31,949 [ERROR] Engine:466 - C:\Users\msi1\.stm32cubemx\thirdparties\pdsc\STMicroelectronics.FP-SNS-FLIGHT1.5.1.0.pdsc: PDSC version is not supported
2025-05-16 08:21:32,000 [WARN] PackLoader:240 - Cannot read IP mode file for STMicroelectronics.X-CUBE-MEMS1.11.1.0
2025-05-16 08:21:32,140 [INFO] LogOutputStream:77 - [STDOUT_REDIRECT] 1 : Invalid condition id : UX_CORESTACK_Condition cause : null
2025-05-16 08:21:32,140 [INFO] LogOutputStream:77 - [STDOUT_REDIRECT] 1 : Invalid condition id : UX_CORESTACK_Condition cause : null
2025-05-16 08:21:32,141 [INFO] LogOutputStream:77 - [STDOUT_REDIRECT] 1 : Invalid condition id : UX_CORESTACK_Condition cause : null
2025-05-16 08:21:32,142 [INFO] LogOutputStream:77 - [STDOUT_REDIRECT] 1 : Invalid condition id : UX_CORESTACK_Condition cause : null
2025-05-16 08:21:32,142 [INFO] LogOutputStream:77 - [STDOUT_REDIRECT] 1 : Invalid condition id : UX_CORESTACK_Condition cause : null
2025-05-16 08:21:32,145 [WARN] PackLoader:240 - Cannot read IP mode file for STMicroelectronics.X-CUBE-AZRTOS-WL.2.0.0
2025-05-16 08:21:32,161 [WARN] PackLoader:240 - Cannot read IP mode file for STMicroelectronics.FP-SNS-MOTENV1.5.0.0
2025-05-16 08:21:32,174 [WARN] PackLoader:240 - Cannot read IP mode file for wolfSSL.I-CUBE-wolfMQTT.1.19.0
2025-05-16 08:21:32,191 [WARN] PackLoader:240 - Cannot read IP mode file for WES.I-CUBE-Cesium.1.3.0
2025-05-16 08:21:32,207 [WARN] PackLoader:240 - Cannot read IP mode file for STMicroelectronics.X-CUBE-BLE2.3.3.0
2025-05-16 08:21:32,222 [WARN] PackLoader:240 - Cannot read IP mode file for STMicroelectronics.X-CUBE-NFC9.1.0.0
2025-05-16 08:21:32,237 [WARN] PackLoader:240 - Cannot read IP mode file for STMicroelectronics.X-CUBE-BLE1.7.1.0
2025-05-16 08:21:32,250 [WARN] PackLoader:240 - Cannot read IP mode file for STMicroelectronics.X-CUBE-TCPP.4.1.0
2025-05-16 08:21:32,264 [WARN] PackLoader:240 - Cannot read IP mode file for STMicroelectronics.X-CUBE-TOUCHGFX.4.21.4
2025-05-16 08:21:32,278 [WARN] PackLoader:240 - Cannot read IP mode file for STMicroelectronics.X-CUBE-ALGOBUILD.1.3.0
2025-05-16 08:21:32,323 [WARN] PackLoader:240 - Cannot read IP mode file for STMicroelectronics.X-CUBE-MEMS1.11.2.0
2025-05-16 08:21:32,462 [WARN] PackLoader:240 - Cannot read IP mode file for STMicroelectronics.X-CUBE-AZRTOS-G0.1.1.0
2025-05-16 08:21:32,479 [WARN] PackLoader:240 - Cannot read IP mode file for STMicroelectronics.X-CUBE-SAFEA1.1.2.2
2025-05-16 08:21:32,495 [WARN] PackLoader:240 - Cannot read IP mode file for STMicroelectronics.X-CUBE-NFC4.3.0.0
2025-05-16 08:21:32,512 [WARN] PackLoader:240 - Cannot read IP mode file for wolfSSL.I-CUBE-wolfMQTT.1.18.0
2025-05-16 08:21:32,526 [ERROR] Engine:466 - C:\Users\msi1\.stm32cubemx\thirdparties\pdsc\EmbeddedOffice.I-CUBE-FS-RTOS.1.0.1.pdsc: PDSC version is not supported
2025-05-16 08:21:32,540 [WARN] PackLoader:240 - Cannot read IP mode file for STMicroelectronics.X-CUBE-WB05N.2.0.0
2025-05-16 08:21:32,559 [WARN] PackLoader:240 - Cannot read IP mode file for STMicroelectronics.X-CUBE-BLEMGR.3.0.0
2025-05-16 08:21:32,575 [ERROR] Engine:466 - C:\Users\msi1\.stm32cubemx\thirdparties\pdsc\STMicroelectronics.X-CUBE-TCPP.4.2.0.pdsc: PDSC version is not supported
2025-05-16 08:21:32,589 [ERROR] Engine:466 - C:\Users\msi1\.stm32cubemx\thirdparties\pdsc\RealThread.X-CUBE-RT-Thread_Nano.4.1.1.pdsc: PDSC version is not supported
2025-05-16 08:21:32,602 [WARN] PackLoader:240 - Cannot read IP mode file for STMicroelectronics.FP-ATR-SIGFOX1.3.2.0
2025-05-16 08:21:32,614 [ERROR] Engine:466 - C:\Users\msi1\.stm32cubemx\thirdparties\pdsc\quantropi.X-CUBE-qispace-sdk-base.1.9.3.pdsc: PDSC version is not supported
2025-05-16 08:21:32,628 [WARN] PackLoader:240 - Cannot read IP mode file for STMicroelectronics.X-CUBE-EEPRMA1.5.1.0
2025-05-16 08:21:32,642 [WARN] PackLoader:240 - Cannot read IP mode file for wolfSSL.I-CUBE-wolfSSL.5.7.6
2025-05-16 08:21:32,659 [WARN] PackLoader:240 - Cannot read IP mode file for ITTIA_DB.I-CUBE-ITTIADB.8.9.0
2025-05-16 08:21:32,702 [WARN] PackLoader:240 - Cannot read IP mode file for SEGGER.I-CUBE-embOS.1.3.1
2025-05-16 08:21:32,740 [WARN] PackLoader:240 - Cannot read IP mode file for STMicroelectronics.X-CUBE-ALGOBUILD.1.4.0
2025-05-16 08:21:32,754 [WARN] PackLoader:240 - Cannot read IP mode file for STMicroelectronics.X-CUBE-AI.9.1.0
2025-05-16 08:21:32,769 [WARN] PackLoader:240 - Cannot read IP mode file for STMicroelectronics.X-CUBE-GNSS1.6.0.0
2025-05-16 08:21:32,798 [WARN] PackLoader:240 - Cannot read IP mode file for STMicroelectronics.X-CUBE-AZRTOS-F4.1.1.0
2025-05-16 08:21:32,814 [ERROR] Engine:466 - C:\Users\msi1\.stm32cubemx\thirdparties\pdsc\Avnet-IotConnect.X-CUBE-IoTC-DA16k-PMOD.1.0.0.pdsc: PDSC version is not supported
2025-05-16 08:21:32,828 [WARN] PackLoader:240 - Cannot read IP mode file for wolfSSL.I-CUBE-wolfSSL.5.6.0
2025-05-16 08:21:32,843 [WARN] PackLoader:240 - Cannot read IP mode file for STMicroelectronics.X-CUBE-ISPU.2.1.0
2025-05-16 08:21:32,856 [WARN] PackLoader:240 - Cannot read IP mode file for STMicroelectronics.X-CUBE-FREERTOS.1.2.0
2025-05-16 08:21:32,885 [WARN] PackLoader:240 - Cannot read IP mode file for STMicroelectronics.X-CUBE-AZRTOS-L5.2.0.0
2025-05-16 08:21:32,928 [WARN] PackLoader:240 - Cannot read IP mode file for STMicroelectronics.X-CUBE-MEMS1.9.6.0
2025-05-16 08:21:33,075 [WARN] PackLoader:240 - Cannot read IP mode file for STMicroelectronics.X-CUBE-EEPRMA1.4.2.0
2025-05-16 08:21:33,092 [WARN] PackLoader:240 - Cannot read IP mode file for STMicroelectronics.X-CUBE-NFC6.3.1.0
2025-05-16 08:21:33,106 [WARN] PackLoader:240 - Cannot read IP mode file for ITTIA_DB.I-CUBE-ITTIADB.8.8.0
2025-05-16 08:21:33,120 [WARN] PackLoader:240 - Cannot read IP mode file for emotas.I-CUBE-CANOPEN.1.1.3
2025-05-16 08:21:33,136 [WARN] PackLoader:240 - Cannot read IP mode file for STMicroelectronics.X-CUBE-BLEMGR.2.0.0
2025-05-16 08:21:33,148 [ERROR] Engine:466 - C:\Users\msi1\.stm32cubemx\thirdparties\pdsc\STMicroelectronics.X-CUBE-DPower.1.2.0.pdsc: PDSC version is not supported
2025-05-16 08:21:33,160 [WARN] PackLoader:240 - Cannot read IP mode file for STMicroelectronics.X-CUBE-AI.9.0.0
2025-05-16 08:21:33,186 [WARN] ConditionMgr:438 - getConditionDescription Invalid condition id : UX DEVICE CLASS RTOS Condition cause : null
2025-05-16 08:21:33,186 [WARN] ConditionMgr:438 - getConditionDescription Invalid condition id : UX DEVICE CLASS RTOS Condition cause : null
2025-05-16 08:21:33,188 [WARN] PackLoader:240 - Cannot read IP mode file for STMicroelectronics.X-CUBE-AZRTOS-H7.3.1.0
2025-05-16 08:21:33,189 [WARN] ConditionMgr:1039 - genDependencies : Invalid condition id : UX DEVICE CLASS RTOS Condition cause : null
2025-05-16 08:21:33,189 [WARN] ConditionMgr:1039 - genDependencies : Invalid condition id : UX DEVICE CLASS RTOS Condition cause : null
2025-05-16 08:21:33,189 [WARN] ConditionMgr:1039 - genDependencies : Invalid condition id : UX DEVICE CLASS RTOS Condition cause : null
2025-05-16 08:21:33,190 [WARN] ConditionMgr:1039 - genDependencies : Invalid condition id : UX DEVICE CLASS RTOS Condition cause : null
2025-05-16 08:21:33,190 [WARN] ConditionMgr:1039 - genDependencies : Invalid condition id : UX DEVICE CLASS RTOS Condition cause : null
2025-05-16 08:21:33,208 [WARN] PackLoader:240 - Cannot read IP mode file for STMicroelectronics.X-CUBE-FREERTOS.1.3.1
2025-05-16 08:21:33,220 [WARN] PackLoader:240 - Cannot read IP mode file for STMicroelectronics.X-CUBE-FREERTOS.1.3.0
2025-05-16 08:21:33,234 [WARN] PackLoader:240 - Cannot read IP mode file for STMicroelectronics.X-CUBE-NFC7.1.0.1
2025-05-16 08:21:33,249 [WARN] PackLoader:240 - Cannot read IP mode file for STMicroelectronics.X-CUBE-NFC7.1.0.0
2025-05-16 08:21:33,262 [WARN] PackLoader:240 - Cannot read IP mode file for wolfSSL.I-CUBE-wolfTPM.3.2.0
2025-05-16 08:21:33,274 [WARN] PackLoader:240 - Cannot read IP mode file for STMicroelectronics.X-CUBE-NFC6.3.0.0
2025-05-16 08:21:33,287 [WARN] PackLoader:240 - Cannot read IP mode file for STMicroelectronics.X-CUBE-EEPRMA1.4.1.0
2025-05-16 08:21:33,302 [ERROR] Engine:466 - C:\Users\msi1\.stm32cubemx\thirdparties\pdsc\STMicroelectronics.X-CUBE-DPower.1.3.0.pdsc: PDSC version is not supported
2025-05-16 08:21:33,314 [WARN] PackLoader:240 - Cannot read IP mode file for STMicroelectronics.X-CUBE-AI.8.1.0
2025-05-16 08:21:33,342 [WARN] ConditionMgr:438 - getConditionDescription Invalid condition id : LAN8742 Phy interface Condition cause : null
2025-05-16 08:21:33,342 [WARN] PackLoader:240 - Cannot read IP mode file for STMicroelectronics.X-CUBE-AZRTOS-L4.2.0.0
2025-05-16 08:21:33,343 [WARN] ConditionMgr:1039 - genDependencies : Invalid condition id : LAN8742 Phy interface Condition cause : null
2025-05-16 08:21:33,344 [WARN] ConditionMgr:1039 - genDependencies : Invalid condition id : LAN8742 Phy interface Condition cause : null
2025-05-16 08:21:33,344 [WARN] ConditionMgr:1039 - genDependencies : Invalid condition id : LAN8742 Phy interface Condition cause : null
2025-05-16 08:21:33,360 [WARN] PackLoader:240 - Cannot read IP mode file for STMicroelectronics.X-CUBE-SFXS2LP1.4.0.0
2025-05-16 08:21:33,374 [WARN] PackLoader:240 - Cannot read IP mode file for STMicroelectronics.X-CUBE-ISPU.1.1.0
2025-05-16 08:21:33,402 [WARN] PackLoader:240 - Cannot read IP mode file for STMicroelectronics.X-CUBE-AZRTOS-H7.3.3.0
2025-05-16 08:21:33,416 [ERROR] Engine:466 - C:\Users\msi1\.stm32cubemx\thirdparties\pdsc\STMicroelectronics.X-CUBE-IPS.3.0.0.pdsc: PDSC version is not supported
2025-05-16 08:21:33,439 [WARN] ConditionMgr:438 - getConditionDescription Invalid condition id : UX DEVICE CLASS RTOS Condition cause : null
2025-05-16 08:21:33,439 [WARN] ConditionMgr:438 - getConditionDescription Invalid condition id : UX DEVICE CLASS RTOS Condition cause : null
2025-05-16 08:21:33,441 [WARN] PackLoader:240 - Cannot read IP mode file for STMicroelectronics.X-CUBE-AZRTOS-WB.2.0.0
2025-05-16 08:21:33,441 [WARN] ConditionMgr:1039 - genDependencies : Invalid condition id : UX DEVICE CLASS RTOS Condition cause : null
2025-05-16 08:21:33,441 [WARN] ConditionMgr:1039 - genDependencies : Invalid condition id : UX DEVICE CLASS RTOS Condition cause : null
2025-05-16 08:21:33,441 [WARN] ConditionMgr:1039 - genDependencies : Invalid condition id : UX DEVICE CLASS RTOS Condition cause : null
2025-05-16 08:21:33,441 [WARN] ConditionMgr:1039 - genDependencies : Invalid condition id : UX DEVICE CLASS RTOS Condition cause : null
2025-05-16 08:21:33,442 [WARN] ConditionMgr:1039 - genDependencies : Invalid condition id : UX DEVICE CLASS RTOS Condition cause : null
2025-05-16 08:21:33,454 [WARN] PackLoader:240 - Cannot read IP mode file for STMicroelectronics.X-CUBE-FREERTOS.1.0.1
2025-05-16 08:21:33,467 [WARN] PackLoader:240 - Cannot read IP mode file for STMicroelectronics.X-CUBE-GNSS1.7.0.1
2025-05-16 08:21:33,479 [WARN] PackLoader:240 - Cannot read IP mode file for STMicroelectronics.X-CUBE-TOUCHGFX.4.25.0
2025-05-16 08:21:33,490 [ERROR] Engine:466 - C:\Users\msi1\.stm32cubemx\thirdparties\pdsc\STMicroelectronics.FP-SNS-STBOX1.2.0.0.pdsc: PDSC version is not supported
2025-05-16 08:21:33,511 [WARN] PackLoader:240 - Cannot read IP mode file for STMicroelectronics.X-CUBE-AZRTOS-L5.1.1.0
2025-05-16 08:21:33,524 [WARN] PackLoader:240 - Cannot read IP mode file for STMicroelectronics.X-CUBE-AI.8.0.1
2025-05-16 08:21:33,540 [WARN] PackLoader:240 - Cannot read IP mode file for STMicroelectronics.X-CUBE-SUBG2.5.0.0
2025-05-16 08:21:33,575 [WARN] PackLoader:240 - Cannot read IP mode file for STMicroelectronics.X-CUBE-AZRTOS-H7RS.1.1.0
2025-05-16 08:21:33,592 [WARN] PackLoader:240 - Cannot read IP mode file for Cesanta.I-CUBE-Mongoose.7.13.0
2025-05-16 08:21:33,609 [WARN] PackLoader:240 - Cannot read IP mode file for STMicroelectronics.X-CUBE-TOF1.3.3.1
2025-05-16 08:21:33,638 [WARN] PackLoader:240 - Cannot read IP mode file for STMicroelectronics.X-CUBE-AZRTOS-G4.2.0.0
2025-05-16 08:21:33,661 [WARN] PackLoader:240 - Cannot read IP mode file for STMicroelectronics.X-CUBE-TOF1.3.3.0
2025-05-16 08:21:33,694 [WARN] PackLoader:240 - Cannot read IP mode file for Infineon.AIROC-Wi-Fi-Bluetooth-STM32.1.5.1
2025-05-16 08:21:33,711 [WARN] PackLoader:240 - Cannot read IP mode file for STMicroelectronics.FP-SNS-MOTENVWB1.1.3.0
2025-05-16 08:21:33,728 [WARN] PackLoader:240 - Cannot read IP mode file for STMicroelectronics.X-CUBE-NFC7.2.0.0
2025-05-16 08:21:33,745 [WARN] PackLoader:240 - Cannot read IP mode file for STMicroelectronics.FP-SNS-MOTENVWB1.1.3.1
2025-05-16 08:21:33,769 [WARN] PackLoader:240 - Cannot read IP mode file for STMicroelectronics.X-CUBE-AZRTOS-L4.1.0.0
2025-05-16 08:21:33,783 [WARN] PackLoader:240 - Cannot read IP mode file for STMicroelectronics.X-CUBE-ISPU.2.0.0
2025-05-16 08:21:33,796 [ERROR] Engine:466 - C:\Users\msi1\.stm32cubemx\thirdparties\pdsc\STMicroelectronics.X-CUBE-IPS.3.1.0.pdsc: PDSC version is not supported
2025-05-16 08:21:33,806 [WARN] PackLoader:240 - Cannot read IP mode file for STMicroelectronics.X-CUBE-ALS.1.0.2
2025-05-16 08:21:33,843 [WARN] PackLoader:240 - Cannot read IP mode file for STMicroelectronics.X-CUBE-MEMS1.10.0.0
2025-05-16 08:21:33,923 [WARN] PackLoader:240 - Cannot read IP mode file for STMicroelectronics.X-CUBE-FREERTOS.1.1.0
2025-05-16 08:21:33,934 [WARN] PackLoader:240 - Cannot read IP mode file for STMicroelectronics.X-CUBE-TOUCHGFX.4.24.0
2025-05-16 08:21:33,946 [WARN] PackLoader:240 - Cannot read IP mode file for STMicroelectronics.X-CUBE-TOUCHGFX.4.24.2
2025-05-16 08:21:33,964 [WARN] PackLoader:240 - Cannot read IP mode file for STMicroelectronics.X-CUBE-AZRTOS-WL.1.0.0
2025-05-16 08:21:33,978 [WARN] PackLoader:240 - Cannot read IP mode file for STMicroelectronics.X-CUBE-TOUCHGFX.4.24.1
2025-05-16 08:21:33,992 [WARN] PackLoader:240 - Cannot read IP mode file for wolfSSL.I-CUBE-wolfTPM.3.4.0
2025-05-16 08:21:34,010 [WARN] PackLoader:240 - Cannot read IP mode file for portGmbH.I-Cube-SoM-uGOAL.1.1.0
2025-05-16 08:21:34,028 [WARN] PackLoader:240 - Cannot read IP mode file for STMicroelectronics.X-CUBE-ALS.1.0.1
2025-05-16 08:21:34,056 [WARN] PackLoader:240 - Cannot read IP mode file for STMicroelectronics.X-CUBE-AZRTOS-WB.1.1.0
2025-05-16 08:21:34,088 [WARN] PackLoader:240 - Cannot read IP mode file for STMicroelectronics.X-CUBE-AZRTOS-H7RS.1.0.0
2025-05-16 08:21:34,106 [WARN] PackLoader:240 - Cannot read IP mode file for STMicroelectronics.FP-ATR-ASTRA1.2.0.0
2025-05-16 08:21:34,125 [ERROR] Engine:466 - C:\Users\msi1\.stm32cubemx\thirdparties\pdsc\STMicroelectronics.X-CUBE-TOF1.3.4.2.pdsc: PDSC version is not supported
2025-05-16 08:21:34,143 [ERROR] Engine:466 - C:\Users\msi1\.stm32cubemx\thirdparties\pdsc\STMicroelectronics.X-CUBE-TOF1.3.4.3.pdsc: PDSC version is not supported
2025-05-16 08:21:34,166 [WARN] PackLoader:240 - Cannot read IP mode file for STMicroelectronics.X-CUBE-TOF1.3.4.0
2025-05-16 08:21:34,194 [WARN] PackLoader:240 - Cannot read IP mode file for STMicroelectronics.X-CUBE-TOF1.3.4.1
2025-05-16 08:21:34,241 [WARN] PackLoader:240 - Cannot read IP mode file for STMicroelectronics.X-CUBE-AZRTOS-H7.3.2.0
2025-05-16 08:21:34,261 [WARN] PackLoader:240 - Cannot read IP mode file for wolfSSL.I-CUBE-wolfSSH.1.4.17
2025-05-16 08:21:34,262 [INFO] ThirdParty:978 - Integrity check success = true
2025-05-16 08:21:34,262 [INFO] IntegrityCheckThread:100 - exiting critical section [integrity check]
2025-05-16 08:21:34,262 [INFO] IntegrityCheckThread:103 - End integrity checks thread
2025-05-16 08:21:48,040 [INFO] McuFinderGlobals:63 - Set McuFinder mode to 2 (CubeIDE integrated)
2025-05-16 08:21:48,124 [INFO] MainUpdater:2868 - connection check result : 10
2025-05-16 08:21:48,143 [INFO] MainUpdater:2868 - connection check result : 10
2025-05-16 08:21:48,849 [INFO] MicroXplorer:468 - Change Database Path : 
2025-05-16 08:21:48,849 [INFO] MicroXplorer:498 - Change Database Version : DB.6.0.90
2025-05-16 08:21:48,851 [WARN] ThirdParty:871 - waiting for thirdparty lock release [close project]
2025-05-16 08:21:48,852 [INFO] ThirdParty:873 - entering critical section [close project]
2025-05-16 08:21:48,852 [INFO] ThirdParty:883 - exiting critical section [close project]
2025-05-16 08:21:48,853 [INFO] PinOutPanel:1499 - setPackage(No Configuration,No Configuration)
2025-05-16 08:21:48,857 [INFO] UtilMem:75 - Begin LoadConfig() Used Memory: 164832296 Bytes (271581184)
2025-05-16 08:21:48,859 [INFO] MicroXplorer:468 - Change Database Path : 
2025-05-16 08:21:48,859 [INFO] MicroXplorer:498 - Change Database Version : DB.6.0.90
2025-05-16 08:21:48,859 [INFO] OpenFileManager:308 - Change cursor
2025-05-16 08:21:48,968 [INFO] Mcu:1946 - Initializing MCU STM32F103C(8-B)Tx STM32F103CBTx STM32F103CBT6
2025-05-16 08:21:50,578 [ERROR] LogOutputStream:75 - [STDERR_REDIRECT] SLF4J: Failed to load class "org.slf4j.impl.StaticLoggerBinder".
2025-05-16 08:21:50,578 [ERROR] LogOutputStream:75 - [STDERR_REDIRECT] SLF4J: Defaulting to no-operation (NOP) logger implementation
2025-05-16 08:21:50,579 [ERROR] LogOutputStream:75 - [STDERR_REDIRECT] SLF4J: See http://www.slf4j.org/codes.html#StaticLoggerBinder for further details.
2025-05-16 08:21:50,892 [INFO] Context:659 - Trying to add GPIOservice into a context  which must be forbidden
2025-05-16 08:21:51,313 [INFO] RtosManager:555 - Registered RTOS mode: class=CMSIS, group=RTOS, mode=CMSIS_V1, owner=FREERTOS
2025-05-16 08:21:51,314 [INFO] RtosManager:555 - Registered RTOS mode: class=CMSIS, group=RTOS2, mode=CMSIS_V2, owner=FREERTOS
2025-05-16 08:21:51,314 [INFO] RtosManager:555 - Registered RTOS mode: class=RTOS, group=Core, mode=CMSIS_V1, owner=FREERTOS
2025-05-16 08:21:51,314 [INFO] RtosManager:555 - Registered RTOS mode: class=RTOS, group=Core, mode=CMSIS_V2, owner=FREERTOS
2025-05-16 08:21:51,314 [WARN] ModelIntegratedComponent:184 - Missing modes for component STMicroelectronics:FreeRTOS:0.0.1:STMicroelectronics:RTOS:FreeRTOS:Core:::10.2.0:
2025-05-16 08:21:51,319 [WARN] ModelIntegratedComponent:63 - No mode defined for component null
2025-05-16 08:21:51,319 [WARN] ModelIntegratedComponent:63 - No mode defined for component null
2025-05-16 08:21:51,319 [WARN] ModelIntegratedComponent:63 - No mode defined for component null
2025-05-16 08:21:51,319 [WARN] ModelIntegratedComponent:63 - No mode defined for component null
2025-05-16 08:21:51,319 [WARN] ModelIntegratedComponent:63 - No mode defined for component null
2025-05-16 08:21:51,319 [WARN] ModelIntegratedComponent:63 - No mode defined for component null
2025-05-16 08:21:51,319 [WARN] ModelIntegratedComponent:63 - No mode defined for component null
2025-05-16 08:21:51,319 [WARN] ModelIntegratedComponent:63 - No mode defined for component null
2025-05-16 08:21:51,319 [WARN] ModelIntegratedComponent:63 - No mode defined for component null
2025-05-16 08:21:51,319 [WARN] ModelIntegratedComponent:63 - No mode defined for component null
2025-05-16 08:21:51,319 [WARN] ModelIntegratedComponent:63 - No mode defined for component null
2025-05-16 08:21:51,319 [WARN] ModelIntegratedComponent:63 - No mode defined for component null
2025-05-16 08:21:51,320 [WARN] ModelIntegratedComponent:63 - No mode defined for component null
2025-05-16 08:21:51,320 [WARN] ModelIntegratedComponent:63 - No mode defined for component null
2025-05-16 08:21:51,320 [WARN] ModelIntegratedComponent:63 - No mode defined for component null
2025-05-16 08:21:51,320 [WARN] ModelIntegratedComponent:63 - No mode defined for component null
2025-05-16 08:21:51,320 [WARN] ModelIntegratedComponent:63 - No mode defined for component null
2025-05-16 08:21:51,320 [WARN] ModelIntegratedComponent:63 - No mode defined for component null
2025-05-16 08:21:51,320 [WARN] ModelIntegratedComponent:63 - No mode defined for component null
2025-05-16 08:21:51,320 [WARN] ModelIntegratedComponent:63 - No mode defined for component null
2025-05-16 08:21:51,320 [WARN] ModelIntegratedComponent:63 - No mode defined for component null
2025-05-16 08:21:51,320 [WARN] ModelIntegratedComponent:63 - No mode defined for component null
2025-05-16 08:21:51,320 [WARN] ModelIntegratedComponent:63 - No mode defined for component null
2025-05-16 08:21:51,320 [WARN] ModelIntegratedComponent:63 - No mode defined for component null
2025-05-16 08:21:51,320 [WARN] ModelIntegratedComponent:63 - No mode defined for component null
2025-05-16 08:21:51,320 [WARN] ModelIntegratedComponent:63 - No mode defined for component null
2025-05-16 08:21:51,320 [WARN] ModelIntegratedComponent:63 - No mode defined for component null
2025-05-16 08:21:51,320 [WARN] ModelIntegratedComponent:63 - No mode defined for component null
2025-05-16 08:21:51,320 [WARN] ModelIntegratedComponent:63 - No mode defined for component null
2025-05-16 08:21:51,320 [WARN] ModelIntegratedComponent:63 - No mode defined for component null
2025-05-16 08:21:51,320 [WARN] ModelIntegratedComponent:63 - No mode defined for component null
2025-05-16 08:21:51,321 [WARN] ModelIntegratedComponent:63 - No mode defined for component null
2025-05-16 08:21:51,321 [WARN] ModelIntegratedComponent:63 - No mode defined for component null
2025-05-16 08:21:51,546 [INFO] ThirdPartyModel:298 - Start build external matchings
2025-05-16 08:21:53,901 [INFO] ThirdPartyModel:316 - End build external matchings
2025-05-16 08:21:53,944 [INFO] ImportTextPane:194 - (OptionalMessage_ERROR) IP (RCC) : Parameter (ADCFreqValue) has invalid value (36000000)
2025-05-16 08:21:53,944 [INFO] ImportTextPane:194 - (OptionalMessage_ERROR) IP (RCC) : Invalid parameter (FamilyName)
2025-05-16 08:21:53,944 [INFO] ImportTextPane:194 - (OptionalMessage_ERROR) IP (RCC) : Parameter (MCOFreq_Value) has invalid value (72000000)
2025-05-16 08:21:53,945 [INFO] ImportTextPane:194 - (OptionalMessage_ERROR) IP (RCC) : Parameter (USBFreq_Value) has invalid value (72000000)
2025-05-16 08:21:54,148 [INFO] UtilMem:75 - End LoadConfig() Used Memory: 190508760 Bytes (346030080)
2025-05-16 08:21:54,320 [INFO] ApiDb:581 - Connected to CubeFinder SQLite database (C:\Users\msi1\.stmcufinder\plugins\mcufinder\mcu\cube-finder-db.db)
2025-05-16 08:21:54,414 [INFO] ApiDb:668 - CubeFinder database Data Model version=2.1
2025-05-16 08:21:54,414 [INFO] ApiDb:669 - CubeFinder database Configuration version=3.0.39
2025-05-16 08:21:54,414 [INFO] ApiDb:670 - CubeFinder database generation date=2025-04-23 (1745419778)
2025-05-16 08:21:54,414 [INFO] ApiDb:671 - CubeFinder database FW Pack versions=[FP-ATR-ASTRA1_V2.0.0, FP-SNS-FLIGHT1_V5.1.0, FP-SNS-MOTENV1_V5.0.0, FP-SNS-MOTENVWB1_V1.4.0, FP-SNS-SMARTAG2_V1.2.0, FP-SNS-STBOX1_V2.0.0, STM32Cube_FW_C0_V1.4.0, STM32Cube_FW_F4_V1.28.1, STM32Cube_FW_F7_V1.17.2, STM32Cube_FW_G0_V1.6.2, STM32Cube_FW_G4_V1.6.1, STM32Cube_FW_H5_V1.5.0, STM32Cube_FW_H7RS_V1.2.0, STM32Cube_FW_H7_V1.12.1, STM32Cube_FW_L0_V1.12.2, STM32Cube_FW_L4_V1.18.1, STM32Cube_FW_L5_V1.5.1, STM32Cube_FW_N6_V1.1.1, STM32Cube_FW_U0_V1.2.0, STM32Cube_FW_U3_V1.1.0, STM32Cube_FW_U5_V1.7.0, STM32Cube_FW_WB0_V1.2.0, STM32Cube_FW_WBA_V1.6.0, STM32Cube_FW_WB_V1.22.0, STM32Cube_FW_WL3_V1.1.0, STM32Cube_FW_WL_V1.3.1, X-CUBE-ALGOBUILD_V1.4.0, X-CUBE-ALS_V1.0.2, X-CUBE-AZRTOS-F4_V1.1.0, X-CUBE-AZRTOS-F7_V1.1.0, X-CUBE-AZRTOS-G0_V1.1.0, X-CUBE-AZRTOS-G4_V2.0.0, X-CUBE-AZRTOS-H7RS_V1.1.0, X-CUBE-AZRTOS-H7_V3.3.0, X-CUBE-AZRTOS-L4_V2.0.0, X-CUBE-AZRTOS-L5_V2.0.0, X-CUBE-AZRTOS-WB_V2.0.0, X-CUBE-AZRTOS-WL_V2.0.0, X-CUBE-BLE1_V7.1.0, X-CUBE-BLE2_V3.3.0, X-CUBE-BLEMGR_V4.0.0, X-CUBE-EEPRMA1_V5.1.0, X-CUBE-FREERTOS_V1.3.0, X-CUBE-GNSS1_V6.0.0, X-CUBE-MEMS1_V11.2.0, X-CUBE-NFC4_V3.0.0, X-CUBE-NFC7_V1.0.1, X-CUBE-SFXS2LP1_V4.0.0, X-CUBE-SUBG2_V5.0.0, X-CUBE-TOF1_V3.4.3]
2025-05-16 08:21:57,205 [INFO] ApiDb:240 - Found 323 in-development CPN: [B-G473E-ZEST1S, B-WB1M-WPAN1, B-WL5M-SUBG1, NUCLEO-C031C6, NUCLEO-H503RB, NUCLEO-H563ZI, NUCLEO-U545RE-Q, NUCLEO-U5A5ZJ-Q, NUCLEO-WBA52CG, STEVAL-PROTEUS1, STEVAL-SMARTAG2, STEVAL-STWINBX1, STM320518-EVAL, STM32C0116-DK, STM32C011D6Y3TR, STM32C011D6Y6TR, STM32C011F4P3, STM32C011F4P6, STM32C011F4U3, STM32C011F4U6TR, STM32C011F6P3, STM32C011F6P6, STM32C011F6U3, STM32C011F6U6TR, STM32C011J4M3, STM32C011J4M6, STM32C011J6M3, STM32C011J6M6, STM32C0316-DK, STM32C031C4T3, STM32C031C4T6, STM32C031C4U3, STM32C031C4U6, STM32C031C6T3, STM32C031C6T6, STM32C031C6U3, STM32C031C6U6, STM32C031F4P3, STM32C031F4P6, STM32C031F6P3, STM32C031F6P6, STM32C031G4U3, STM32C031G4U6, STM32C031G6U3, STM32C031G6U6, STM32C031K4T3, STM32C031K4T6, STM32C031K4U3, STM32C031K4U6, STM32C031K6T3, STM32C031K6T6, STM32C031K6U3, STM32C031K6U6, STM32G071K8TXN, STM32G071K8UXN, STM32G081GBU6N, STM32G081KBT6N, STM32G081KBUXN, STM32G0B1CCT6N, STM32G0B1KCT6, STM32G0B1NEY6TR, STM32G0B1RCT6N, STM32G0C1CCT6, STM32G0C1CCT6N, STM32G0C1CCU6N, STM32G0C1CET6N, STM32G0C1CEU6N, STM32G0C1KCT6, STM32G0C1NEY6TR, STM32G0C1RCI6N, STM32G0C1RCT6N, STM32G0C1REI6N, STM32G0C1RET6N, STM32G0C1VCI6, STM32G0C1VEI6, STM32G471CCT6, STM32G471CCU6, STM32G471CET3, STM32G471CET6, STM32G471CEU3, STM32G471CEU6, STM32G471MCT6, STM32G471MET3, STM32G471MET6, STM32G471MEY6TR, STM32G471QCT6, STM32G471QET3, STM32G471RCT6, STM32G471RET3, STM32G471RET6, STM32G471VCH6, STM32G471VCI6, STM32G471VCT6, STM32G471VEH3, STM32G471VEH6, STM32G471VEI3, STM32G471VEI6, STM32G471VET3, STM32G471VET6, STM32G474CCT6, STM32H503CBT6, STM32H503CBU6, STM32H503EBY6TR, STM32H503KBU6, STM32H503RBT6, STM32H562AGI6, STM32H562AII6, STM32H562IGK6, STM32H562IGT6, STM32H562IIK6, STM32H562IIT6, STM32H562RGT6, STM32H562RGV6, STM32H562RIT6, STM32H562RIV6, STM32H562VGT6, STM32H562VIT6, STM32H562ZGT6, STM32H562ZIT6, STM32H563AGI6, STM32H563AII3Q, STM32H563AII6, STM32H563IGK6, STM32H563IGT6, STM32H563IIK3Q, STM32H563IIK6, STM32H563IIT3Q, STM32H563IIT6, STM32H563MIY3QTR, STM32H563RGT6, STM32H563RGV6, STM32H563RIT6, STM32H563RIV6, STM32H563VGT6, STM32H563VIT3Q, STM32H563VIT6, STM32H563ZGT6, STM32H563ZIT3Q, STM32H563ZIT6, STM32H573AII3Q, STM32H573AII6, STM32H573I-DK, STM32H573IIK3Q, STM32H573IIK6, STM32H573IIT3Q, STM32H573IIT6, STM32H573MIY3QTR, STM32H573RIT6, STM32H573RIV6, STM32H573VIT3Q, STM32H573VIT6, STM32H573ZIT3Q, STM32H573ZIT6, STM32L4R5QGI6STR, STM32MP131AAE3, STM32MP131AAF3, STM32MP131AAG3, STM32MP131CAE3, STM32MP131CAF3, STM32MP131CAG3, STM32MP131DAE7, STM32MP131DAF7, STM32MP131DAG7, STM32MP131FAE7, STM32MP131FAF7, STM32MP131FAG7, STM32MP133AAE3, STM32MP133AAF3, STM32MP133AAG3, STM32MP133CAE3, STM32MP133CAF3, STM32MP133CAG3, STM32MP133DAE7, STM32MP133DAF7, STM32MP133DAG7, STM32MP133FAE7, STM32MP133FAF7, STM32MP133FAG7, STM32MP135AAE3, STM32MP135AAF3, STM32MP135AAG3, STM32MP135CAE3, STM32MP135CAF3, STM32MP135CAG3, STM32MP135DAE7, STM32MP135DAF7, STM32MP135DAG7, STM32MP135F-DK, STM32MP135FAE7, STM32MP135FAF7, STM32MP135FAF7T, STM32MP135FAF7U, STM32MP135FAG7, STM32U535CBT6, STM32U535CBT6Q, STM32U535CBU6, STM32U535CBU6Q, STM32U535CCT6, STM32U535CCT6Q, STM32U535CCU6, STM32U535CCU6Q, STM32U535CET6, STM32U535CET6Q, STM32U535CEU6, STM32U535CEU6Q, STM32U535JEY6QTR, STM32U535NCY6QTR, STM32U535NEY6QTR, STM32U535RBI6, STM32U535RBI6Q, STM32U535RBT6, STM32U535RBT6Q, STM32U535RCI6, STM32U535RCI6Q, STM32U535RCT6, STM32U535RCT6Q, STM32U535REI6, STM32U535REI6Q, STM32U535RET6, STM32U535RET6Q, STM32U535VCI6, STM32U535VCI6Q, STM32U535VCT6, STM32U535VCT6Q, STM32U535VEI6, STM32U535VEI6Q, STM32U535VET6, STM32U535VET6Q, STM32U545CET6, STM32U545CET6Q, STM32U545CEU6, STM32U545CEU6Q, STM32U545JEY6QTR, STM32U545NEY6QTR, STM32U545REI6, STM32U545REI6Q, STM32U545RET6, STM32U545RET6Q, STM32U545VEI6, STM32U545VEI6Q, STM32U545VET6, STM32U545VET6Q, STM32U595AIH6, STM32U595AIH6Q, STM32U595AJH6, STM32U595AJH6Q, STM32U595QII6, STM32U595QII6Q, STM32U595QJI6, STM32U595QJI6Q, STM32U595RIT6, STM32U595RIT6Q, STM32U595RJT6, STM32U595RJT6Q, STM32U595VIT6, STM32U595VIT6Q, STM32U595VJT6, STM32U595VJT6Q, STM32U595ZIT6, STM32U595ZIT6Q, STM32U595ZIY6QTR, STM32U595ZJT6, STM32U595ZJT6Q, STM32U595ZJY6QTR, STM32U599BJY6QTR, STM32U599NIH6Q, STM32U599NJH6Q, STM32U599VIT6Q, STM32U599VJT6, STM32U599VJT6Q, STM32U599ZIT6Q, STM32U599ZIY6QTR, STM32U599ZJT6Q, STM32U599ZJY6QTR, STM32U5A5AJH6, STM32U5A5AJH6Q, STM32U5A5QJI6, STM32U5A5QJI6Q, STM32U5A5RJT6, STM32U5A5RJT6Q, STM32U5A5VJT6, STM32U5A5VJT6Q, STM32U5A5ZJT6, STM32U5A5ZJT6Q, STM32U5A5ZJY6QTR, STM32U5A9BJY6QTR, STM32U5A9J-DK, STM32U5A9NJH6Q, STM32U5A9VJT6Q, STM32U5A9ZJT6Q, STM32U5A9ZJY6QTR, STM32U5F7VIT6, STM32U5F7VIT6Q, STM32U5F7VJT6, STM32U5F7VJT6Q, STM32U5F9BJY6QTR, STM32U5F9NJH6Q, STM32U5F9VIT6Q, STM32U5F9VJT6Q, STM32U5F9ZIJ6QTR, STM32U5F9ZIT6Q, STM32U5F9ZJJ6QTR, STM32U5F9ZJT6Q, STM32U5G7VJT6, STM32U5G7VJT6Q, STM32U5G9BJY6QTR, STM32U5G9J-DK1, STM32U5G9J-DK2, STM32U5G9NJH6Q, STM32U5G9VJT6Q, STM32U5G9ZJJ6QTR, STM32U5G9ZJT6Q, STM32WB1MMCH6, STM32WBA52CEU6, STM32WBA52CEU6T, STM32WBA52CGU6, STM32WBA52CGU6T, STM32WBA52KEU6, STM32WBA52KEU6T, STM32WBA52KGU6, STM32WBA52KGU6T, STM32WL5MOCH6, STM32WL5MOCH6TR]
2025-05-16 08:21:57,210 [INFO] DbMcus:217 - Found 4642 MCUs, 4642 are supported
2025-05-16 08:21:57,220 [INFO] ApiDb:423 - Load user favorites file C:\Users\msi1/.stm32cubeide/favorites.mcus.txt: 4 item(s)
2025-05-16 08:21:57,221 [INFO] ApiDb:427 - User favorites MCUs=[STM32F103CBT6, STM32F303VCT6, STM32F401CCU6, STM32F407VGT6]
2025-05-16 08:21:57,221 [INFO] DbMcus:223 - Set 4 / 4 favorites MCUs
2025-05-16 08:21:57,750 [WARN] ThirdParty:833 - waiting for thirdparty lock release [change project]
2025-05-16 08:21:57,750 [INFO] ThirdParty:835 - entering critical section [change project]
2025-05-16 08:21:57,750 [INFO] ThirdParty:1030 - CMSIS Pack Vendor :STMicroelectronics USBPD 4.1
2025-05-16 08:21:57,750 [INFO] ThirdParty:1030 - CMSIS Pack Vendor :STMicroelectronics X-CUBE-GNSS1 6.0.0
2025-05-16 08:21:57,750 [INFO] ThirdParty:1030 - CMSIS Pack Vendor :STMicroelectronics USB_HOST 2.0.0
2025-05-16 08:21:57,750 [INFO] ThirdParty:1030 - CMSIS Pack Vendor :STMicroelectronics FP-SNS-MOTENVWB1 1.4.0
2025-05-16 08:21:57,750 [INFO] ThirdParty:1030 - CMSIS Pack Vendor :STMicroelectronics X-CUBE-AZRTOS-F4 1.1.0
2025-05-16 08:21:57,750 [INFO] ThirdParty:1030 - CMSIS Pack Vendor :STMicroelectronics LIBJPEG 8.0.0
2025-05-16 08:21:57,750 [INFO] ThirdParty:1030 - CMSIS Pack Vendor :STMicroelectronics FP-ATR-ASTRA1 2.0.2
2025-05-16 08:21:57,750 [INFO] ThirdParty:1030 - CMSIS Pack Vendor :STMicroelectronics FP-ATR-ASTRA1 2.0.1
2025-05-16 08:21:57,750 [INFO] ThirdParty:1030 - CMSIS Pack Vendor :STMicroelectronics X-CUBE-SMBUS 2.1.0
2025-05-16 08:21:57,750 [INFO] ThirdParty:1030 - CMSIS Pack Vendor :STMicroelectronics X-CUBE-WB05N 1.1.0
2025-05-16 08:21:57,751 [INFO] ThirdParty:1030 - CMSIS Pack Vendor :wolfSSL I-CUBE-wolfSSL 5.6.0
2025-05-16 08:21:57,751 [INFO] ThirdParty:1030 - CMSIS Pack Vendor :STMicroelectronics X-CUBE-ISPU 2.1.0
2025-05-16 08:21:57,751 [INFO] ThirdParty:1030 - CMSIS Pack Vendor :STMicroelectronics X-CUBE-FREERTOS 1.2.0
2025-05-16 08:21:57,751 [INFO] ThirdParty:1030 - CMSIS Pack Vendor :STMicroelectronics X-CUBE-TOUCHGFX 4.23.0
2025-05-16 08:21:57,751 [INFO] ThirdParty:1030 - CMSIS Pack Vendor :STMicroelectronics X-CUBE-TOUCHGFX 4.23.2
2025-05-16 08:21:57,751 [INFO] ThirdParty:1030 - CMSIS Pack Vendor :STMicroelectronics X-CUBE-AZRTOS-F7 1.1.0
2025-05-16 08:21:57,751 [INFO] ThirdParty:1030 - CMSIS Pack Vendor :STMicroelectronics X-CUBE-AZRTOS-L5 2.0.0
2025-05-16 08:21:57,751 [INFO] ThirdParty:1030 - CMSIS Pack Vendor :STMicroelectronics USB_DEVICE 2.0.0
2025-05-16 08:21:57,751 [INFO] ThirdParty:1030 - CMSIS Pack Vendor :STMicroelectronics X-CUBE-MEMS1 9.6.0
2025-05-16 08:21:57,751 [INFO] ThirdParty:1030 - CMSIS Pack Vendor :STMicroelectronics X-CUBE-EEPRMA1 4.2.0
2025-05-16 08:21:57,751 [INFO] ThirdParty:1030 - CMSIS Pack Vendor :STMicroelectronics X-CUBE-NFC6 3.1.0
2025-05-16 08:21:57,751 [INFO] ThirdParty:1030 - CMSIS Pack Vendor :ITTIA_DB I-CUBE-ITTIADB 8.8.0
2025-05-16 08:21:57,751 [INFO] ThirdParty:1030 - CMSIS Pack Vendor :STMicroelectronics FP-SNS-MOTENV1 4.3.0
2025-05-16 08:21:57,751 [INFO] ThirdParty:1030 - CMSIS Pack Vendor :STMicroelectronics FP-SNS-MOTENV1 4.3.2
2025-05-16 08:21:57,751 [INFO] ThirdParty:1030 - CMSIS Pack Vendor :STMicroelectronics FP-SNS-FLIGHT1 5.0.0
2025-05-16 08:21:57,751 [INFO] ThirdParty:1030 - CMSIS Pack Vendor :STMicroelectronics X-CUBE-BLE1 6.2.4
2025-05-16 08:21:57,751 [INFO] ThirdParty:1030 - CMSIS Pack Vendor :STMicroelectronics FreeRTOS 0.0.1
2025-05-16 08:21:57,751 [INFO] ThirdParty:1030 - CMSIS Pack Vendor :emotas I-CUBE-CANOPEN 1.1.3
2025-05-16 08:21:57,751 [INFO] ThirdParty:1030 - CMSIS Pack Vendor :STMicroelectronics X-CUBE-BLEMGR 2.0.0
2025-05-16 08:21:57,751 [INFO] ThirdParty:1030 - CMSIS Pack Vendor :STMicroelectronics FP-SNS-FLIGHT1 5.0.2
2025-05-16 08:21:57,751 [INFO] ThirdParty:1030 - CMSIS Pack Vendor :STMicroelectronics X-CUBE-AI 9.0.0
2025-05-16 08:21:57,751 [INFO] ThirdParty:1030 - CMSIS Pack Vendor :STMicroelectronics X-CUBE-AZRTOS-H7 3.1.0
2025-05-16 08:21:57,751 [INFO] ThirdParty:1030 - CMSIS Pack Vendor :STMicroelectronics PDM2PCM 3.3.0
2025-05-16 08:21:57,751 [INFO] ThirdParty:1030 - CMSIS Pack Vendor :STMicroelectronics X-CUBE-DISPLAY 3.0.0
2025-05-16 08:21:57,751 [INFO] ThirdParty:1030 - CMSIS Pack Vendor :STMicroelectronics X-CUBE-BLE1 7.0.0
2025-05-16 08:21:57,751 [INFO] ThirdParty:1030 - CMSIS Pack Vendor :STMicroelectronics X-CUBE-NFC10 1.0.0
2025-05-16 08:21:57,752 [INFO] ThirdParty:1030 - CMSIS Pack Vendor :STMicroelectronics X-CUBE-FREERTOS 1.3.1
2025-05-16 08:21:57,752 [INFO] ThirdParty:1030 - CMSIS Pack Vendor :STMicroelectronics HAL Drivers 0.0.0
2025-05-16 08:21:57,752 [INFO] ThirdParty:1030 - CMSIS Pack Vendor :emotas I-CUBE-CANOPEN 1.3.0
2025-05-16 08:21:57,752 [INFO] ThirdParty:1030 - CMSIS Pack Vendor :STMicroelectronics X-CUBE-FREERTOS 1.3.0
2025-05-16 08:21:57,752 [INFO] ThirdParty:1030 - CMSIS Pack Vendor :STMicroelectronics X-CUBE-TOUCHGFX 4.22.0
2025-05-16 08:21:57,752 [INFO] ThirdParty:1030 - CMSIS Pack Vendor :STMicroelectronics X-CUBE-NFC7 1.0.1
2025-05-16 08:21:57,752 [INFO] ThirdParty:1030 - CMSIS Pack Vendor :STMicroelectronics MBEDTLS 2.14.1
2025-05-16 08:21:57,752 [INFO] ThirdParty:1030 - CMSIS Pack Vendor :STMicroelectronics X-CUBE-NFC7 1.0.0
2025-05-16 08:21:57,752 [INFO] ThirdParty:1030 - CMSIS Pack Vendor :STMicroelectronics X-CUBE-TOUCHGFX 4.22.1
2025-05-16 08:21:57,752 [INFO] ThirdParty:1030 - CMSIS Pack Vendor :wolfSSL I-CUBE-wolfTPM 3.2.0
2025-05-16 08:21:57,752 [INFO] ThirdParty:1030 - CMSIS Pack Vendor :STMicroelectronics X-CUBE-NFC6 3.0.0
2025-05-16 08:21:57,752 [INFO] ThirdParty:1030 - CMSIS Pack Vendor :STMicroelectronics X-CUBE-EEPRMA1 4.1.0
2025-05-16 08:21:57,752 [INFO] ThirdParty:1030 - CMSIS Pack Vendor :STMicroelectronics X-CUBE-BLEMGR 3.1.0
2025-05-16 08:21:57,752 [INFO] ThirdParty:1030 - CMSIS Pack Vendor :STMicroelectronics X-CUBE-AI 10.0.0
2025-05-16 08:21:57,752 [INFO] ThirdParty:1030 - CMSIS Pack Vendor :STMicroelectronics FP-SNS-SMARTAG2 1.2.0
2025-05-16 08:21:57,752 [INFO] ThirdParty:1030 - CMSIS Pack Vendor :STMicroelectronics X-CUBE-MEMS1 11.1.0
2025-05-16 08:21:57,752 [INFO] ThirdParty:1030 - CMSIS Pack Vendor :STMicroelectronics X-CUBE-AZRTOS-WL 2.0.0
2025-05-16 08:21:57,752 [INFO] ThirdParty:1030 - CMSIS Pack Vendor :STMicroelectronics FP-SNS-MOTENV1 5.0.0
2025-05-16 08:21:57,752 [INFO] ThirdParty:1030 - CMSIS Pack Vendor :STMicroelectronics USB_DEVICE 1.0.0
2025-05-16 08:21:57,752 [INFO] ThirdParty:1030 - CMSIS Pack Vendor :STMicroelectronics X-CUBE-AI 8.1.0
2025-05-16 08:21:57,752 [INFO] ThirdParty:1030 - CMSIS Pack Vendor :wolfSSL I-CUBE-wolfMQTT 1.19.0
2025-05-16 08:21:57,752 [INFO] ThirdParty:1030 - CMSIS Pack Vendor :STMicroelectronics X-CUBE-AZRTOS-L4 2.0.0
2025-05-16 08:21:57,752 [INFO] ThirdParty:1030 - CMSIS Pack Vendor :STMicroelectronics ThreadX 0.0.2
2025-05-16 08:21:57,752 [INFO] ThirdParty:1030 - CMSIS Pack Vendor :WES I-CUBE-Cesium 1.3.0
2025-05-16 08:21:57,752 [INFO] ThirdParty:1030 - CMSIS Pack Vendor :STMicroelectronics lwIP 2.1.2
2025-05-16 08:21:57,753 [INFO] ThirdParty:1030 - CMSIS Pack Vendor :STMicroelectronics X-CUBE-SFXS2LP1 4.0.0
2025-05-16 08:21:57,753 [INFO] ThirdParty:1030 - CMSIS Pack Vendor :STMicroelectronics X-CUBE-BLE2 3.3.0
2025-05-16 08:21:57,753 [INFO] ThirdParty:1030 - CMSIS Pack Vendor :STMicroelectronics PDM2PCM 3.2.0
2025-05-16 08:21:57,753 [INFO] ThirdParty:1030 - CMSIS Pack Vendor :STMicroelectronics X-CUBE-ISPU 1.1.0
2025-05-16 08:21:57,753 [INFO] ThirdParty:1030 - CMSIS Pack Vendor :STMicroelectronics X-CUBE-AZRTOS-H7 3.3.0
2025-05-16 08:21:57,753 [INFO] ThirdParty:1030 - CMSIS Pack Vendor :STMicroelectronics X-CUBE-NFC9 1.0.0
2025-05-16 08:21:57,753 [INFO] ThirdParty:1030 - CMSIS Pack Vendor :STMicroelectronics X-CUBE-BLE1 7.1.0
2025-05-16 08:21:57,753 [INFO] ThirdParty:1030 - CMSIS Pack Vendor :STMicroelectronics USB_DEVICE 3.0.0
2025-05-16 08:21:57,753 [INFO] ThirdParty:1030 - CMSIS Pack Vendor :STMicroelectronics X-CUBE-TCPP 4.1.0
2025-05-16 08:21:57,753 [INFO] ThirdParty:1030 - CMSIS Pack Vendor :STMicroelectronics X-CUBE-AZRTOS-WB 2.0.0
2025-05-16 08:21:57,753 [INFO] ThirdParty:1030 - CMSIS Pack Vendor :STMicroelectronics X-CUBE-FREERTOS 1.0.1
2025-05-16 08:21:57,753 [INFO] ThirdParty:1030 - CMSIS Pack Vendor :STMicroelectronics X-CUBE-GNSS1 7.0.1
2025-05-16 08:21:57,753 [INFO] ThirdParty:1030 - CMSIS Pack Vendor :STMicroelectronics X-CUBE-TOUCHGFX 4.21.4
2025-05-16 08:21:57,753 [INFO] ThirdParty:1030 - CMSIS Pack Vendor :STMicroelectronics X-CUBE-TOUCHGFX 4.25.0
2025-05-16 08:21:57,753 [INFO] ThirdParty:1030 - CMSIS Pack Vendor :STMicroelectronics X-CUBE-ALGOBUILD 1.3.0
2025-05-16 08:21:57,753 [INFO] ThirdParty:1030 - CMSIS Pack Vendor :STMicroelectronics X-CUBE-AZRTOS-L5 1.1.0
2025-05-16 08:21:57,753 [INFO] ThirdParty:1030 - CMSIS Pack Vendor :STMicroelectronics X-CUBE-MEMS1 11.2.0
2025-05-16 08:21:57,753 [INFO] ThirdParty:1030 - CMSIS Pack Vendor :STMicroelectronics X-CUBE-AZRTOS-G0 1.1.0
2025-05-16 08:21:57,753 [INFO] ThirdParty:1030 - CMSIS Pack Vendor :STMicroelectronics X-CUBE-AI 8.0.1
2025-05-16 08:21:57,753 [INFO] ThirdParty:1030 - CMSIS Pack Vendor :STMicroelectronics X-CUBE-SAFEA1 1.2.2
2025-05-16 08:21:57,753 [INFO] ThirdParty:1030 - CMSIS Pack Vendor :STMicroelectronics X-CUBE-NFC4 3.0.0
2025-05-16 08:21:57,753 [INFO] ThirdParty:1030 - CMSIS Pack Vendor :STMicroelectronics X-CUBE-SUBG2 5.0.0
2025-05-16 08:21:57,753 [INFO] ThirdParty:1030 - CMSIS Pack Vendor :STMicroelectronics X-CUBE-AZRTOS-H7RS 1.1.0
2025-05-16 08:21:57,753 [INFO] ThirdParty:1030 - CMSIS Pack Vendor :STMicroelectronics STM32_WPAN 1.0.0
2025-05-16 08:21:57,753 [INFO] ThirdParty:1030 - CMSIS Pack Vendor :wolfSSL I-CUBE-wolfMQTT 1.18.0
2025-05-16 08:21:57,753 [INFO] ThirdParty:1030 - CMSIS Pack Vendor :STMicroelectronics lwIP 2.0.3
2025-05-16 08:21:57,754 [INFO] ThirdParty:1030 - CMSIS Pack Vendor :Cesanta I-CUBE-Mongoose 7.13.0
2025-05-16 08:21:57,754 [INFO] ThirdParty:1030 - CMSIS Pack Vendor :STMicroelectronics USB_HOST 1.0.0
2025-05-16 08:21:57,754 [INFO] ThirdParty:1030 - CMSIS Pack Vendor :STMicroelectronics X-CUBE-TOF1 3.3.1
2025-05-16 08:21:57,754 [INFO] ThirdParty:1030 - CMSIS Pack Vendor :STMicroelectronics X-CUBE-AZRTOS-G4 2.0.0
2025-05-16 08:21:57,754 [INFO] ThirdParty:1030 - CMSIS Pack Vendor :STMicroelectronics X-CUBE-WB05N 2.0.0
2025-05-16 08:21:57,754 [INFO] ThirdParty:1030 - CMSIS Pack Vendor :STMicroelectronics PDM2PCM 3.1.0
2025-05-16 08:21:57,754 [INFO] ThirdParty:1030 - CMSIS Pack Vendor :STMicroelectronics X-CUBE-TOF1 3.3.0
2025-05-16 08:21:57,754 [INFO] ThirdParty:1030 - CMSIS Pack Vendor :Infineon AIROC-Wi-Fi-Bluetooth-STM32 1.5.1
2025-05-16 08:21:57,754 [INFO] ThirdParty:1030 - CMSIS Pack Vendor :STMicroelectronics X-CUBE-BLEMGR 3.0.0
2025-05-16 08:21:57,754 [INFO] ThirdParty:1030 - CMSIS Pack Vendor :STMicroelectronics FP-SNS-MOTENVWB1 1.3.0
2025-05-16 08:21:57,754 [INFO] ThirdParty:1030 - CMSIS Pack Vendor :STMicroelectronics X-CUBE-NFC7 2.0.0
2025-05-16 08:21:57,754 [INFO] ThirdParty:1030 - CMSIS Pack Vendor :STMicroelectronics FP-SNS-MOTENVWB1 1.3.1
2025-05-16 08:21:57,754 [INFO] ThirdParty:1030 - CMSIS Pack Vendor :STMicroelectronics FP-ATR-SIGFOX1 3.2.0
2025-05-16 08:21:57,754 [INFO] ThirdParty:1030 - CMSIS Pack Vendor :STMicroelectronics X-CUBE-AZRTOS-L4 1.0.0
2025-05-16 08:21:57,754 [INFO] ThirdParty:1030 - CMSIS Pack Vendor :STMicroelectronics X-CUBE-ISPU 2.0.0
2025-05-16 08:21:57,755 [INFO] ThirdParty:1030 - CMSIS Pack Vendor :STMicroelectronics X-CUBE-EEPRMA1 5.1.0
2025-05-16 08:21:57,755 [INFO] ThirdParty:1030 - CMSIS Pack Vendor :STMicroelectronics MBEDTLS 2.16.2
2025-05-16 08:21:57,755 [INFO] ThirdParty:1030 - CMSIS Pack Vendor :STMicroelectronics X-CUBE-ALS 1.0.2
2025-05-16 08:21:57,755 [INFO] ThirdParty:1030 - CMSIS Pack Vendor :STMicroelectronics X-CUBE-MEMS1 10.0.0
2025-05-16 08:21:57,755 [INFO] ThirdParty:1030 - CMSIS Pack Vendor :STMicroelectronics X-CUBE-FREERTOS 1.1.0
2025-05-16 08:21:57,755 [INFO] ThirdParty:1030 - CMSIS Pack Vendor :wolfSSL I-CUBE-wolfSSL 5.7.6
2025-05-16 08:21:57,755 [INFO] ThirdParty:1030 - CMSIS Pack Vendor :STMicroelectronics X-CUBE-TOUCHGFX 4.24.0
2025-05-16 08:21:57,755 [INFO] ThirdParty:1030 - CMSIS Pack Vendor :ITTIA_DB I-CUBE-ITTIADB 8.9.0
2025-05-16 08:21:57,755 [INFO] ThirdParty:1030 - CMSIS Pack Vendor :STMicroelectronics X-CUBE-TOUCHGFX 4.24.2
2025-05-16 08:21:57,755 [INFO] ThirdParty:1030 - CMSIS Pack Vendor :STMicroelectronics X-CUBE-AZRTOS-WL 1.0.0
2025-05-16 08:21:57,755 [INFO] ThirdParty:1030 - CMSIS Pack Vendor :STMicroelectronics X-CUBE-TOUCHGFX 4.24.1
2025-05-16 08:21:57,755 [INFO] ThirdParty:1030 - CMSIS Pack Vendor :wolfSSL I-CUBE-wolfTPM 3.4.0
2025-05-16 08:21:57,755 [INFO] ThirdParty:1030 - CMSIS Pack Vendor :portGmbH I-Cube-SoM-uGOAL 1.1.0
2025-05-16 08:21:57,755 [INFO] ThirdParty:1030 - CMSIS Pack Vendor :STMicroelectronics X-CUBE-ALS 1.0.1
2025-05-16 08:21:57,755 [INFO] ThirdParty:1030 - CMSIS Pack Vendor :STMicroelectronics ThreadX 1.0.0
2025-05-16 08:21:57,756 [INFO] ThirdParty:1030 - CMSIS Pack Vendor :STMicroelectronics X-CUBE-AZRTOS-WB 1.1.0
2025-05-16 08:21:57,756 [INFO] ThirdParty:1030 - CMSIS Pack Vendor :SEGGER I-CUBE-embOS 1.3.1
2025-05-16 08:21:57,756 [INFO] ThirdParty:1030 - CMSIS Pack Vendor :STMicroelectronics X-CUBE-ALGOBUILD 1.4.0
2025-05-16 08:21:57,756 [INFO] ThirdParty:1030 - CMSIS Pack Vendor :STMicroelectronics X-CUBE-AZRTOS-H7RS 1.0.0
2025-05-16 08:21:57,756 [INFO] ThirdParty:1030 - CMSIS Pack Vendor :STMicroelectronics FP-ATR-ASTRA1 2.0.0
2025-05-16 08:21:57,756 [INFO] ThirdParty:1030 - CMSIS Pack Vendor :STMicroelectronics X-CUBE-AI 9.1.0
2025-05-16 08:21:57,756 [INFO] ThirdParty:1030 - CMSIS Pack Vendor :STMicroelectronics X-CUBE-TOF1 3.4.0
2025-05-16 08:21:57,756 [INFO] ThirdParty:1030 - CMSIS Pack Vendor :STMicroelectronics X-CUBE-TOF1 3.4.1
2025-05-16 08:21:57,756 [INFO] ThirdParty:1030 - CMSIS Pack Vendor :STMicroelectronics X-CUBE-AZRTOS-H7 3.2.0
2025-05-16 08:21:57,756 [INFO] ThirdParty:1030 - CMSIS Pack Vendor :wolfSSL I-CUBE-wolfSSH 1.4.17
2025-05-16 08:21:57,756 [INFO] ThirdParty:841 - exiting critical section [change project]
2025-05-16 08:21:58,079 [INFO] PinOutPanel:1499 - setPackage(No Configuration,No Configuration)
2025-05-16 08:21:58,081 [INFO] PinOutPanel:1499 - setPackage(STM32F103CBTx,LQFP48)
2025-05-16 08:21:58,725 [INFO] UtilMem:75 - Before build in PCC Used Memory: 258690048 Bytes (358612992)
2025-05-16 08:21:59,687 [INFO] UtilMem:75 - After build in PCC Used Memory: 222876304 Bytes (358612992)
2025-05-16 08:21:59,716 [INFO] IPUIPlugin:80 - create IPUIPlugin
2025-05-16 08:21:59,717 [INFO] IPUIPlugin:80 - create IPUIPlugin
2025-05-16 08:21:59,717 [INFO] IPUIPlugin:80 - create IPUIPlugin
2025-05-16 08:21:59,717 [INFO] IPUIPlugin:80 - create IPUIPlugin
2025-05-16 08:21:59,717 [INFO] IPUIPlugin:80 - create IPUIPlugin
2025-05-16 08:21:59,717 [INFO] IPUIPlugin:80 - create IPUIPlugin
2025-05-16 08:21:59,717 [INFO] IPUIPlugin:80 - create IPUIPlugin
2025-05-16 08:21:59,717 [INFO] IPUIPlugin:80 - create IPUIPlugin
2025-05-16 08:21:59,717 [INFO] IPUIPlugin:80 - create IPUIPlugin
2025-05-16 08:21:59,717 [INFO] IPUIPlugin:80 - create IPUIPlugin
2025-05-16 08:21:59,718 [INFO] IPUIPlugin:80 - create IPUIPlugin
2025-05-16 08:21:59,718 [INFO] IPUIPlugin:80 - create IPUIPlugin
2025-05-16 08:21:59,718 [INFO] IPUIPlugin:80 - create IPUIPlugin
2025-05-16 08:21:59,718 [INFO] IPUIPlugin:80 - create IPUIPlugin
2025-05-16 08:21:59,718 [INFO] IPUIPlugin:80 - create IPUIPlugin
2025-05-16 08:21:59,718 [INFO] IPUIPlugin:80 - create IPUIPlugin
2025-05-16 08:21:59,718 [INFO] IPUIPlugin:80 - create IPUIPlugin
2025-05-16 08:21:59,719 [INFO] IPUIPlugin:80 - create IPUIPlugin
2025-05-16 08:21:59,719 [INFO] IPUIPlugin:80 - create IPUIPlugin
2025-05-16 08:21:59,719 [INFO] IPUIPlugin:80 - create IPUIPlugin
2025-05-16 08:21:59,719 [INFO] IPUIPlugin:80 - create IPUIPlugin
2025-05-16 08:21:59,719 [INFO] IPUIPlugin:80 - create IPUIPlugin
2025-05-16 08:21:59,719 [INFO] IPUIPlugin:80 - create IPUIPlugin
2025-05-16 08:21:59,719 [INFO] IPUIPlugin:80 - create IPUIPlugin
2025-05-16 08:21:59,720 [INFO] IPUIPlugin:80 - create IPUIPlugin
2025-05-16 08:21:59,720 [INFO] IPUIPlugin:80 - create IPUIPlugin
2025-05-16 08:21:59,720 [INFO] IPUIPlugin:80 - create IPUIPlugin
2025-05-16 08:21:59,971 [INFO] CADModel:165 - CPN selected for project levelSTM32F103CBT6
2025-05-16 08:21:59,971 [INFO] CADModel:114 - Register for checkConnection events
2025-05-16 08:22:00,025 [INFO] OpenFileManager:328 - Restore cursor
2025-05-16 08:22:17,520 [INFO] UtilMem:75 - End SaveConfig() Used Memory: 421659552 Bytes (492830720)
2025-05-16 08:22:18,033 [INFO] BlockDiagram:2759 - set Specific Code input for plugin: NVIC
2025-05-16 08:22:18,034 [INFO] BlockDiagram:2759 - set Specific Code input for plugin: USART
2025-05-16 08:22:18,034 [INFO] BlockDiagram:2759 - set Specific Code input for plugin: USART
2025-05-16 08:22:18,034 [INFO] BlockDiagram:2759 - set Specific Code input for plugin: SYS
2025-05-16 08:22:18,034 [INFO] BlockDiagram:2759 - set Specific Code input for plugin: GPIO
2025-05-16 08:22:18,034 [INFO] BlockDiagram:2759 - set Specific Code input for plugin: RCC
2025-05-16 08:22:18,036 [INFO] CodeGenerator:799 - code generatio: config db path: D:\ITC\STM32\STM32CubeIDE_1.13.0\STM32CubeIDE\plugins\com.st.stm32cube.common.mx_6.9.0.202307051724\\db\
2025-05-16 08:22:18,277 [INFO] CodeEngine:255 - oldGeneratedFile, D:\AIFARM\STM32_GREENB\stm32f103_nethouse\MXTmpFiles\license.tmp_save
2025-05-16 08:22:18,680 [INFO] CodeEngine:279 - Generated code: D:\AIFARM\STM32_GREENB\stm32f103_nethouse\MXTmpFiles\license.tmp
2025-05-16 08:22:18,848 [INFO] CodeEngine:255 - oldGeneratedFile, D:\AIFARM\STM32_GREENB\stm32f103_nethouse\MXTmpFiles\gpio.tmp_save
2025-05-16 08:22:18,999 [INFO] CodeEngine:279 - Generated code: D:\AIFARM\STM32_GREENB\stm32f103_nethouse\MXTmpFiles\gpio.tmp
2025-05-16 08:22:19,135 [INFO] CodeEngine:255 - oldGeneratedFile, D:\AIFARM\STM32_GREENB\stm32f103_nethouse\Core\Src\stm32f1xx_it.c_save
2025-05-16 08:22:19,269 [INFO] CodeEngine:279 - Generated code: D:\AIFARM\STM32_GREENB\stm32f103_nethouse\Core\Src\stm32f1xx_it.c
2025-05-16 08:22:19,297 [INFO] CodeEngine:255 - oldGeneratedFile, D:\AIFARM\STM32_GREENB\stm32f103_nethouse\Core\Inc\stm32f1xx_it.h_save
2025-05-16 08:22:19,398 [INFO] CodeEngine:279 - Generated code: D:\AIFARM\STM32_GREENB\stm32f103_nethouse\Core\Inc\stm32f1xx_it.h
2025-05-16 08:22:19,449 [INFO] CodeEngine:255 - oldGeneratedFile, D:\AIFARM\STM32_GREENB\stm32f103_nethouse\Core\Src\stm32f1xx_hal_msp.c_save
2025-05-16 08:22:19,601 [INFO] CodeEngine:279 - Generated code: D:\AIFARM\STM32_GREENB\stm32f103_nethouse\Core\Src\stm32f1xx_hal_msp.c
2025-05-16 08:22:19,616 [INFO] CodeEngine:255 - oldGeneratedFile, D:\AIFARM\STM32_GREENB\stm32f103_nethouse\MXTmpFiles\system.tmp_save
2025-05-16 08:22:19,706 [INFO] CodeEngine:279 - Generated code: D:\AIFARM\STM32_GREENB\stm32f103_nethouse\MXTmpFiles\system.tmp
2025-05-16 08:22:19,741 [INFO] CodeEngine:311 - oldGeneratedFile, D:\AIFARM\STM32_GREENB\stm32f103_nethouse\Core\Inc\stm32f1xx_hal_conf.h_save
2025-05-16 08:22:19,856 [INFO] CodeEngine:335 - Generated code: D:\AIFARM\STM32_GREENB\stm32f103_nethouse\Core\Inc\stm32f1xx_hal_conf.h
2025-05-16 08:22:19,936 [INFO] CodeEngine:255 - oldGeneratedFile, D:\AIFARM\STM32_GREENB\stm32f103_nethouse\Core\Inc\main.h_save
2025-05-16 08:22:20,099 [INFO] CodeEngine:279 - Generated code: D:\AIFARM\STM32_GREENB\stm32f103_nethouse\Core\Inc\main.h
2025-05-16 08:22:20,134 [INFO] CodeEngine:255 - oldGeneratedFile, D:\AIFARM\STM32_GREENB\stm32f103_nethouse\Core\Src\main.c_save
2025-05-16 08:22:20,320 [INFO] CodeEngine:279 - Generated code: D:\AIFARM\STM32_GREENB\stm32f103_nethouse\Core\Src\main.c
2025-05-16 08:22:20,877 [INFO] ProjectBuilder:3064 - Time for Copy HAL[1] : 176mS.
2025-05-16 08:22:20,900 [INFO] ProjectBuilder:4404 - Project Generator version: 4.1.0
2025-05-16 08:22:21,138 [INFO] ConfigFileManager:1457 - The Die is : DIE410
2025-05-16 08:22:21,161 [INFO] ApiDbMcu:507 - Load IP Config File for FATFS
2025-05-16 08:22:21,173 [INFO] ApiDbMcu:507 - Load IP Config File for FREERTOS
2025-05-16 08:22:21,187 [INFO] ApiDbMcu:507 - Load IP Config File for USB_DEVICE
2025-05-16 08:22:22,440 [INFO] LogOutputStream:77 - [STDOUT_REDIRECT] 
2025-05-16 08:22:25,004 [INFO] ProjectBuilder:4626 - Time for Generating toolchain IDE Files: 4104mS.
2025-05-16 08:22:25,005 [INFO] ProjectBuilder:2935 - Time for Copy CMSIS : 0mS.
2025-05-16 08:22:25,007 [INFO] ProjectBuilder:2935 - Time for Copy CMSIS : 0mS.
2025-05-16 15:08:37,513 [INFO] Activator:176 - 


2025-05-16 15:08:37,514 [INFO] Activator:177 - !SESSION log4j initialized
2025-05-16 15:08:54,130 [INFO] LogOutputStream:77 - [STDOUT_REDIRECT] 
2025-05-16 15:08:59,822 [INFO] ApplicationProperties:184 - Using Application install path: D:\ITC\STM32\STM32CubeIDE_1.13.0\STM32CubeIDE\plugins\com.st.stm32cube.common.mx_6.9.0.202307051724
2025-05-16 15:08:59,842 [INFO] DbMcusXml:78 - Set database path to: D:\ITC\STM32\STM32CubeIDE_1.13.0\STM32CubeIDE\plugins\com.st.stm32cube.common.mx_6.9.0.202307051724\\db\/mcu/
2025-05-16 15:08:59,842 [INFO] ApiDb:274 - Set plugin database path to: D:\ITC\STM32\STM32CubeIDE_1.13.0\STM32CubeIDE\plugins\com.st.stm32cube.common.mx_6.9.0.202307051724\\db\/plugins/boardmanager/
2025-05-16 15:08:59,842 [WARN] ApiDb:259 - Overriding images path with different value:  => D:\ITC\STM32\STM32CubeIDE_1.13.0\STM32CubeIDE\plugins\com.st.stm32cube.common.mx_6.9.0.202307051724\\db\/plugins/mcufinder/images/
2025-05-16 15:08:59,855 [INFO] ApiDb:250 - Set database path to: C:\Users\msi1\.stmcufinder\plugins\mcufinder//mcu/
2025-05-16 15:08:59,856 [INFO] DbMcusAds:125 - Set database path to: C:\Users\msi1\.stmcufinder\plugins\mcufinder//mcu/
2025-05-16 15:08:59,858 [INFO] CrossReferenceDbSqlite:203 - Set database path to: C:\Users\msi1\.stmcufinder\plugins\mcufinder//mcu/cs/
2025-05-16 15:08:59,993 [INFO] RulesReader:64 - Compatibility file has been processed (293 Rules)
2025-05-16 15:09:00,100 [INFO] DbMcusXml:78 - Set database path to: D:\ITC\STM32\STM32CubeIDE_1.13.0\STM32CubeIDE\plugins\com.st.stm32cube.common.mx_6.9.0.202307051724\\db\/mcu/
2025-05-16 15:09:00,101 [INFO] ApiDb:274 - Set plugin database path to: D:\ITC\STM32\STM32CubeIDE_1.13.0\STM32CubeIDE\plugins\com.st.stm32cube.common.mx_6.9.0.202307051724\\db\/plugins/boardmanager/
2025-05-16 15:09:00,101 [INFO] ApiDb:261 - Set plugin images path to: D:\ITC\STM32\STM32CubeIDE_1.13.0\STM32CubeIDE\plugins\com.st.stm32cube.common.mx_6.9.0.202307051724\\db\/plugins/mcufinder/images/
2025-05-16 15:09:00,101 [WARN] DbFile:41 - Overriding database path with different value: C:\Users\msi1\.stmcufinder\plugins\mcufinder/ => C:\Users\msi1\.stmcufinder\plugins\mcufinder
2025-05-16 15:09:00,101 [INFO] ApiDb:250 - Set database path to: C:\Users\msi1\.stmcufinder\plugins\mcufinder//mcu/
2025-05-16 15:09:00,101 [WARN] DbFile:41 - Overriding database path with different value: C:\Users\msi1\.stmcufinder\plugins\mcufinder/ => C:\Users\msi1\.stmcufinder\plugins\mcufinder
2025-05-16 15:09:00,101 [INFO] DbMcusAds:125 - Set database path to: C:\Users\msi1\.stmcufinder\plugins\mcufinder//mcu/
2025-05-16 15:09:00,102 [WARN] DbFile:41 - Overriding database path with different value: C:\Users\msi1\.stmcufinder\plugins\mcufinder/ => C:\Users\msi1\.stmcufinder\plugins\mcufinder
2025-05-16 15:09:00,102 [WARN] DbFile:41 - Overriding database path with different value: C:\Users\msi1\.stmcufinder\plugins\mcufinder/ => C:\Users\msi1\.stmcufinder\plugins\mcufinder
2025-05-16 15:09:00,102 [INFO] CrossReferenceDbSqlite:203 - Set database path to: C:\Users\msi1\.stmcufinder\plugins\mcufinder//mcu/cs/
2025-05-16 15:09:00,189 [INFO] MainPanel:262 - HeapMemory: 268435456
2025-05-16 15:09:00,320 [INFO] DbMcusXml:78 - Set database path to: D:\ITC\STM32\STM32CubeIDE_1.13.0\STM32CubeIDE\plugins\com.st.stm32cube.common.mx_6.9.0.202307051724\\db\/mcu/
2025-05-16 15:09:00,320 [INFO] ApiDb:274 - Set plugin database path to: D:\ITC\STM32\STM32CubeIDE_1.13.0\STM32CubeIDE\plugins\com.st.stm32cube.common.mx_6.9.0.202307051724\\db\/plugins/boardmanager/
2025-05-16 15:09:00,320 [INFO] ApiDb:261 - Set plugin images path to: D:\ITC\STM32\STM32CubeIDE_1.13.0\STM32CubeIDE\plugins\com.st.stm32cube.common.mx_6.9.0.202307051724\\db\/plugins/mcufinder/images/
2025-05-16 15:09:00,321 [WARN] DbFile:41 - Overriding database path with different value: C:\Users\msi1\.stmcufinder\plugins\mcufinder/ => C:\Users\msi1\.stmcufinder\plugins\mcufinder
2025-05-16 15:09:00,321 [INFO] ApiDb:250 - Set database path to: C:\Users\msi1\.stmcufinder\plugins\mcufinder//mcu/
2025-05-16 15:09:00,321 [WARN] DbFile:41 - Overriding database path with different value: C:\Users\msi1\.stmcufinder\plugins\mcufinder/ => C:\Users\msi1\.stmcufinder\plugins\mcufinder
2025-05-16 15:09:00,321 [INFO] DbMcusAds:125 - Set database path to: C:\Users\msi1\.stmcufinder\plugins\mcufinder//mcu/
2025-05-16 15:09:00,321 [WARN] DbFile:41 - Overriding database path with different value: C:\Users\msi1\.stmcufinder\plugins\mcufinder/ => C:\Users\msi1\.stmcufinder\plugins\mcufinder
2025-05-16 15:09:00,321 [WARN] DbFile:41 - Overriding database path with different value: C:\Users\msi1\.stmcufinder\plugins\mcufinder/ => C:\Users\msi1\.stmcufinder\plugins\mcufinder
2025-05-16 15:09:00,322 [INFO] CrossReferenceDbSqlite:203 - Set database path to: C:\Users\msi1\.stmcufinder\plugins\mcufinder//mcu/cs/
2025-05-16 15:09:00,349 [INFO] ApplicationProperties:184 - Using Application install path: D:\ITC\STM32\STM32CubeIDE_1.13.0\STM32CubeIDE\plugins\com.st.stm32cube.common.mx_6.9.0.202307051724
2025-05-16 15:09:00,350 [INFO] PluginManage:196 - Search for loadable plugins [exclusion list=, ]
2025-05-16 15:09:00,352 [INFO] PluginManage:310 - Check plugin analytics
2025-05-16 15:09:00,652 [INFO] AnalyticsPlugin:253 - Accepted Software Licenses: 
2025-05-16 15:09:00,652 [INFO] AnalyticsPlugin:255 - Accepted CMSIS Pack Licenses: 
2025-05-16 15:09:00,652 [INFO] AnalyticsPlugin:257 - Accepted Firmware Licenses: FW.F4.1.27.0
2025-05-16 15:09:00,657 [INFO] PluginManage:359 - Loaded plugin analytics (category:tool,tabindex:-1)
2025-05-16 15:09:00,658 [INFO] PluginManage:310 - Check plugin cadmodel
2025-05-16 15:09:00,675 [INFO] CADModel:105 - Init CAD model plugin
2025-05-16 15:09:00,675 [INFO] PluginManage:359 - Loaded plugin cadmodel (category:power,tabindex:5)
2025-05-16 15:09:00,675 [INFO] PluginManage:310 - Check plugin clock
2025-05-16 15:09:00,695 [INFO] PluginManage:359 - Loaded plugin clock (category:base,tabindex:2)
2025-05-16 15:09:00,695 [INFO] PluginManage:310 - Check plugin ddr
2025-05-16 15:09:00,699 [INFO] PluginManage:359 - Loaded plugin ddr (category:tool,tabindex:6)
2025-05-16 15:09:00,699 [INFO] PluginManage:310 - Check plugin filemanager
2025-05-16 15:09:00,848 [INFO] PluginManage:359 - Loaded plugin filemanager (category:base,tabindex:10)
2025-05-16 15:09:00,849 [INFO] PluginManage:310 - Check plugin ipmanager
2025-05-16 15:09:00,861 [INFO] PluginManage:359 - Loaded plugin ipmanager (category:base,tabindex:5)
2025-05-16 15:09:00,861 [INFO] PluginManage:310 - Check plugin lpbam
2025-05-16 15:09:00,879 [INFO] PluginManage:359 - Loaded plugin lpbam (category:base,tabindex:0)
2025-05-16 15:09:00,881 [INFO] PluginManage:310 - Check plugin memorymap
2025-05-16 15:09:00,909 [INFO] PluginManage:359 - Loaded plugin memorymap (category:base,tabindex:4)
2025-05-16 15:09:00,909 [INFO] PluginManage:310 - Check plugin pinoutandconfiguration
2025-05-16 15:09:00,926 [INFO] PluginManage:359 - Loaded plugin pinoutandconfiguration (category:base,tabindex:1)
2025-05-16 15:09:00,926 [INFO] PluginManage:310 - Check plugin pinoutconfig
2025-05-16 15:09:01,024 [WARN] SupportedApi:132 - Cannot load RTOS API schema: s4s-elt-must-match.1: The content of 'definitions' must match (annotation?, (simpleType | complexType)?, (unique | key | keyref)*)). A problem was found starting at: attribute.
2025-05-16 15:09:01,168 [INFO] PluginManage:359 - Loaded plugin pinoutconfig (category:base,tabindex:0)
2025-05-16 15:09:01,168 [INFO] PluginManage:310 - Check plugin power
2025-05-16 15:09:01,192 [INFO] PluginManage:359 - Loaded plugin power (category:power,tabindex:4)
2025-05-16 15:09:01,192 [INFO] PluginManage:310 - Check plugin projectmanager
2025-05-16 15:09:01,207 [INFO] PluginManage:359 - Loaded plugin projectmanager (category:projectmanager,tabindex:3)
2025-05-16 15:09:01,207 [INFO] PluginManage:310 - Check plugin thirdparty
2025-05-16 15:09:01,720 [INFO] PluginManage:359 - Loaded plugin thirdparty (category:base,tabindex:-1)
2025-05-16 15:09:01,720 [WARN] IntegrityCheckThread:84 - waiting for thirdparty lock release [integrity check]
2025-05-16 15:09:01,720 [INFO] PluginManage:310 - Check plugin tools
2025-05-16 15:09:01,720 [INFO] IntegrityCheckThread:86 - entering critical section [integrity check]
2025-05-16 15:09:01,721 [INFO] ThirdPartyUpdaterWithRetryManager:70 - Updater plugin not ready yet. [1/15]
2025-05-16 15:09:01,800 [INFO] PluginManage:359 - Loaded plugin tools (category:base,tabindex:7)
2025-05-16 15:09:01,800 [INFO] PluginManage:310 - Check plugin tutovideos
2025-05-16 15:09:01,993 [INFO] PluginManage:359 - Loaded plugin tutovideos (category:base,tabindex:-1)
2025-05-16 15:09:01,994 [INFO] PluginManage:310 - Check plugin updater
2025-05-16 15:09:02,006 [INFO] PluginManage:359 - Loaded plugin updater (category:base,tabindex:12)
2025-05-16 15:09:02,006 [INFO] PluginManage:310 - Check plugin userauth
2025-05-16 15:09:02,012 [INFO] UserAuth:113 - Init User Auth plugin
2025-05-16 15:09:02,012 [INFO] PluginManage:359 - Loaded plugin userauth (category:base,tabindex:14)
2025-05-16 15:09:02,013 [INFO] PluginManage:283 - PluginManage : Loaded plugins [17]
2025-05-16 15:09:02,277 [INFO] PinOutPanel:1499 - setPackage(No Configuration,No Configuration)
2025-05-16 15:09:02,500 [INFO] CADModel:165 - CPN selected for project level
2025-05-16 15:09:02,501 [INFO] CADModel:114 - Register for checkConnection events
2025-05-16 15:09:02,564 [INFO] IPUIPlugin:80 - create IPUIPlugin
2025-05-16 15:09:02,564 [INFO] PluginManager:220 - loadIPPluginJar : add adc
2025-05-16 15:09:02,621 [INFO] IPUIPlugin:80 - create IPUIPlugin
2025-05-16 15:09:02,621 [INFO] PluginManager:220 - loadIPPluginJar : add aes
2025-05-16 15:09:02,685 [INFO] IPUIPlugin:80 - create IPUIPlugin
2025-05-16 15:09:02,685 [INFO] PluginManager:220 - loadIPPluginJar : add can
2025-05-16 15:09:02,717 [INFO] IPUIPlugin:80 - create IPUIPlugin
2025-05-16 15:09:02,717 [INFO] PluginManager:220 - loadIPPluginJar : add comp
2025-05-16 15:09:02,753 [INFO] IPUIPlugin:80 - create IPUIPlugin
2025-05-16 15:09:02,753 [INFO] PluginManager:220 - loadIPPluginJar : add cryp
2025-05-16 15:09:02,793 [INFO] IPUIPlugin:80 - create IPUIPlugin
2025-05-16 15:09:02,793 [INFO] PluginManager:220 - loadIPPluginJar : add dfsdm
2025-05-16 15:09:02,809 [INFO] IPUIPlugin:80 - create IPUIPlugin
2025-05-16 15:09:02,809 [INFO] PluginManager:220 - loadIPPluginJar : add dma
2025-05-16 15:09:02,877 [INFO] IPUIPlugin:80 - create IPUIPlugin
2025-05-16 15:09:02,878 [INFO] PluginManager:220 - loadIPPluginJar : add dma3
2025-05-16 15:09:02,926 [INFO] IPUIPlugin:80 - create IPUIPlugin
2025-05-16 15:09:02,927 [INFO] PluginManager:220 - loadIPPluginJar : add fatfs
2025-05-16 15:09:03,022 [INFO] IPUIPlugin:80 - create IPUIPlugin
2025-05-16 15:09:03,022 [INFO] PluginManager:220 - loadIPPluginJar : add fmc
2025-05-16 15:09:03,058 [INFO] IPUIPlugin:80 - create IPUIPlugin
2025-05-16 15:09:03,059 [INFO] PluginManager:220 - loadIPPluginJar : add freertos
2025-05-16 15:09:03,124 [INFO] IPUIPlugin:80 - create IPUIPlugin
2025-05-16 15:09:03,124 [INFO] PluginManager:220 - loadIPPluginJar : add genericplugin
2025-05-16 15:09:03,247 [INFO] IPUIPlugin:80 - create IPUIPlugin
2025-05-16 15:09:03,247 [INFO] PluginManager:220 - loadIPPluginJar : add gfxmmu
2025-05-16 15:09:03,385 [INFO] IPUIPlugin:80 - create IPUIPlugin
2025-05-16 15:09:03,385 [INFO] PluginManager:220 - loadIPPluginJar : add gic
2025-05-16 15:09:03,398 [INFO] IPUIPlugin:80 - create IPUIPlugin
2025-05-16 15:09:03,398 [INFO] PluginManager:220 - loadIPPluginJar : add gpio
2025-05-16 15:09:03,549 [INFO] IPUIPlugin:80 - create IPUIPlugin
2025-05-16 15:09:03,549 [INFO] PluginManager:220 - loadIPPluginJar : add gtzc
2025-05-16 15:09:03,602 [INFO] IPUIPlugin:80 - create IPUIPlugin
2025-05-16 15:09:03,602 [INFO] PluginManager:220 - loadIPPluginJar : add hash
2025-05-16 15:09:03,668 [INFO] IPUIPlugin:80 - create IPUIPlugin
2025-05-16 15:09:03,669 [INFO] PluginManager:220 - loadIPPluginJar : add i2c
2025-05-16 15:09:03,706 [INFO] IPUIPlugin:80 - create IPUIPlugin
2025-05-16 15:09:03,706 [INFO] PluginManager:220 - loadIPPluginJar : add i2s
2025-05-16 15:09:03,748 [INFO] IPUIPlugin:80 - create IPUIPlugin
2025-05-16 15:09:03,748 [INFO] PluginManager:220 - loadIPPluginJar : add i3c
2025-05-16 15:09:03,900 [INFO] IPUIPlugin:80 - create IPUIPlugin
2025-05-16 15:09:03,901 [INFO] PluginManager:220 - loadIPPluginJar : add ipddr
2025-05-16 15:09:03,992 [INFO] IPUIPlugin:80 - create IPUIPlugin
2025-05-16 15:09:03,992 [INFO] PluginManager:220 - loadIPPluginJar : add linkedlist
2025-05-16 15:09:04,032 [INFO] IPUIPlugin:80 - create IPUIPlugin
2025-05-16 15:09:04,032 [INFO] PluginManager:220 - loadIPPluginJar : add lorawan
2025-05-16 15:09:04,069 [INFO] IPUIPlugin:80 - create IPUIPlugin
2025-05-16 15:09:04,069 [INFO] PluginManager:220 - loadIPPluginJar : add ltdc
2025-05-16 15:09:04,086 [INFO] IPUIPlugin:80 - create IPUIPlugin
2025-05-16 15:09:04,086 [INFO] PluginManager:220 - loadIPPluginJar : add mdma
2025-05-16 15:09:04,099 [INFO] IPUIPlugin:80 - create IPUIPlugin
2025-05-16 15:09:04,099 [INFO] PluginManager:220 - loadIPPluginJar : add nvic
2025-05-16 15:09:04,138 [INFO] IPUIPlugin:80 - create IPUIPlugin
2025-05-16 15:09:04,138 [INFO] PluginManager:220 - loadIPPluginJar : add opamp
2025-05-16 15:09:04,219 [INFO] IPUIPlugin:80 - create IPUIPlugin
2025-05-16 15:09:04,220 [INFO] PluginManager:220 - loadIPPluginJar : add openamp
2025-05-16 15:09:04,271 [INFO] IPUIPlugin:80 - create IPUIPlugin
2025-05-16 15:09:04,271 [INFO] PluginManager:220 - loadIPPluginJar : add pdm2pcm
2025-05-16 15:09:04,287 [INFO] IPUIPlugin:80 - create IPUIPlugin
2025-05-16 15:09:04,288 [INFO] PluginManager:220 - loadIPPluginJar : add plateformsettings
2025-05-16 15:09:04,314 [INFO] IPUIPlugin:80 - create IPUIPlugin
2025-05-16 15:09:04,314 [INFO] PluginManager:220 - loadIPPluginJar : add quadspi
2025-05-16 15:09:04,334 [INFO] IPUIPlugin:80 - create IPUIPlugin
2025-05-16 15:09:04,334 [INFO] PluginManager:220 - loadIPPluginJar : add resmgrutility
2025-05-16 15:09:04,405 [INFO] IPUIPlugin:80 - create IPUIPlugin
2025-05-16 15:09:04,405 [INFO] PluginManager:220 - loadIPPluginJar : add sai
2025-05-16 15:09:04,440 [INFO] IPUIPlugin:80 - create IPUIPlugin
2025-05-16 15:09:04,440 [INFO] PluginManager:220 - loadIPPluginJar : add spi
2025-05-16 15:09:04,496 [INFO] IPUIPlugin:80 - create IPUIPlugin
2025-05-16 15:09:04,496 [INFO] PluginManager:220 - loadIPPluginJar : add stm32_wpan
2025-05-16 15:09:04,535 [INFO] IPUIPlugin:80 - create IPUIPlugin
2025-05-16 15:09:04,535 [INFO] PluginManager:220 - loadIPPluginJar : add tim
2025-05-16 15:09:04,676 [INFO] IPUIPlugin:80 - create IPUIPlugin
2025-05-16 15:09:04,678 [INFO] PluginManager:220 - loadIPPluginJar : add touchsensing
2025-05-16 15:09:04,730 [INFO] ThirdPartyUpdaterWithRetryManager:70 - Updater plugin not ready yet. [2/15]
2025-05-16 15:09:04,742 [INFO] IPUIPlugin:80 - create IPUIPlugin
2025-05-16 15:09:04,742 [INFO] PluginManager:220 - loadIPPluginJar : add tracer_emb
2025-05-16 15:09:04,806 [INFO] IPUIPlugin:80 - create IPUIPlugin
2025-05-16 15:09:04,807 [INFO] PluginManager:220 - loadIPPluginJar : add ts
2025-05-16 15:09:04,865 [INFO] IPUIPlugin:80 - create IPUIPlugin
2025-05-16 15:09:04,865 [INFO] PluginManager:220 - loadIPPluginJar : add tsc
2025-05-16 15:09:04,927 [INFO] IPUIPlugin:80 - create IPUIPlugin
2025-05-16 15:09:04,928 [INFO] PluginManager:220 - loadIPPluginJar : add ucpd
2025-05-16 15:09:05,033 [INFO] IPUIPlugin:80 - create IPUIPlugin
2025-05-16 15:09:05,033 [INFO] PluginManager:220 - loadIPPluginJar : add usart
2025-05-16 15:09:05,116 [INFO] IPUIPlugin:80 - create IPUIPlugin
2025-05-16 15:09:05,117 [INFO] PluginManager:220 - loadIPPluginJar : add usbx
2025-05-16 15:09:05,282 [INFO] CADModel:165 - CPN selected for project level
2025-05-16 15:09:05,282 [INFO] CADModel:114 - Register for checkConnection events
2025-05-16 15:09:05,282 [FATAL] Updater:308 - Updater called before beeing initialized
2025-05-16 15:09:05,282 [ERROR] CADModel:125 - Updater not yet initialized, retry later 
2025-05-16 15:09:05,504 [INFO] CADModel:165 - CPN selected for project level
2025-05-16 15:09:05,504 [INFO] CADModel:114 - Register for checkConnection events
2025-05-16 15:09:05,505 [FATAL] Updater:308 - Updater called before beeing initialized
2025-05-16 15:09:05,505 [ERROR] CADModel:125 - Updater not yet initialized, retry later 
2025-05-16 15:09:05,510 [FATAL] Updater:308 - Updater called before beeing initialized
2025-05-16 15:09:05,672 [FATAL] Updater:308 - Updater called before beeing initialized
2025-05-16 15:09:05,694 [INFO] DbMcusAds:53 - JSON generation date=Tue Dec 17 23:01:15 ICT 2024 (1734451275230)
2025-05-16 15:09:05,695 [FATAL] Updater:308 - Updater called before beeing initialized
2025-05-16 15:09:05,849 [WARN] DetailPanel:346 - Failed to get advertising image, set to default
2025-05-16 15:09:05,937 [FATAL] Updater:308 - Updater called before beeing initialized
2025-05-16 15:09:05,940 [FATAL] Updater:308 - Updater called before beeing initialized
2025-05-16 15:09:05,940 [FATAL] Updater:308 - Updater called before beeing initialized
2025-05-16 15:09:05,940 [WARN] DetailPanel:346 - Failed to get advertising image, set to default
2025-05-16 15:09:05,941 [FATAL] Updater:308 - Updater called before beeing initialized
2025-05-16 15:09:06,051 [ERROR] Updater:1120 - MainUpdater not yet initialized. External WinMGr cannot be set.
2025-05-16 15:09:06,067 [INFO] Updater:1056 - Updater Version found : 6.9.0
2025-05-16 15:09:06,097 [INFO] ApplicationProperties:184 - Using Application install path: D:\ITC\STM32\STM32CubeIDE_1.13.0\STM32CubeIDE\plugins\com.st.stm32cube.common.mx_6.9.0.202307051724
2025-05-16 15:09:06,559 [INFO] MainUpdater:2868 - connection check result : 10
2025-05-16 15:09:06,561 [INFO] MainUpdater:285 - Updater Check For Update Now.
2025-05-16 15:09:06,562 [INFO] MicroXplorer:498 - Change Database Version : DB.6.0.90
2025-05-16 15:09:06,624 [INFO] McuFinderGlobals:63 - Set McuFinder mode to 2 (CubeIDE integrated)
2025-05-16 15:09:06,828 [INFO] CheckServerUpdateThread:120 - End of CheckServer Thread
2025-05-16 15:09:08,086 [WARN] PackLoader:240 - Cannot read IP mode file for STMicroelectronics.FP-SNS-MOTENVWB1.1.4.0
2025-05-16 15:09:08,118 [WARN] PackLoader:240 - Cannot read IP mode file for STMicroelectronics.FP-ATR-ASTRA1.2.0.2
2025-05-16 15:09:08,134 [WARN] PackLoader:240 - Cannot read IP mode file for STMicroelectronics.FP-ATR-ASTRA1.2.0.1
2025-05-16 15:09:08,157 [WARN] PackLoader:240 - Cannot read IP mode file for STMicroelectronics.X-CUBE-SMBUS.2.1.0
2025-05-16 15:09:08,182 [WARN] PackLoader:240 - Cannot read IP mode file for STMicroelectronics.X-CUBE-WB05N.1.1.0
2025-05-16 15:09:08,206 [WARN] PackLoader:240 - Cannot read IP mode file for STMicroelectronics.X-CUBE-TOUCHGFX.4.23.0
2025-05-16 15:09:08,224 [WARN] PackLoader:240 - Cannot read IP mode file for STMicroelectronics.X-CUBE-TOUCHGFX.4.23.2
2025-05-16 15:09:08,272 [WARN] PackLoader:240 - Cannot read IP mode file for STMicroelectronics.X-CUBE-AZRTOS-F7.1.1.0
2025-05-16 15:09:08,304 [ERROR] RealEvaluatedCondition:428 - Found unsupported composite condition: GROUP='STM32_MetaDataManager' CLASS='Data Exchange'
2025-05-16 15:09:08,306 [ERROR] RealEvaluatedCondition:428 - Found unsupported composite condition: GROUP='STM32_MetaDataManager' CLASS='Data Exchange'
2025-05-16 15:09:08,310 [WARN] PackLoader:240 - Cannot read IP mode file for STMicroelectronics.FP-SNS-MOTENV1.4.3.0
2025-05-16 15:09:08,338 [WARN] PackLoader:240 - Cannot read IP mode file for STMicroelectronics.FP-SNS-MOTENV1.4.3.2
2025-05-16 15:09:08,360 [WARN] PackLoader:240 - Cannot read IP mode file for STMicroelectronics.FP-SNS-FLIGHT1.5.0.0
2025-05-16 15:09:08,383 [WARN] PackLoader:240 - Cannot read IP mode file for STMicroelectronics.X-CUBE-BLE1.6.2.4
2025-05-16 15:09:08,404 [WARN] PackLoader:240 - Cannot read IP mode file for STMicroelectronics.FP-SNS-FLIGHT1.5.0.2
2025-05-16 15:09:08,431 [ERROR] Engine:466 - C:\Users\msi1\.stm32cubemx\thirdparties\pdsc\Infineon.AIROC-Wi-Fi-Bluetooth-STM32.1.7.0.pdsc: PDSC version is not supported
2025-05-16 15:09:08,452 [WARN] PackLoader:240 - Cannot read IP mode file for STMicroelectronics.X-CUBE-DISPLAY.3.0.0
2025-05-16 15:09:08,477 [WARN] PackLoader:240 - Cannot read IP mode file for STMicroelectronics.X-CUBE-BLE1.7.0.0
2025-05-16 15:09:08,498 [WARN] PackLoader:240 - Cannot read IP mode file for STMicroelectronics.X-CUBE-NFC10.1.0.0
2025-05-16 15:09:08,519 [ERROR] Engine:466 - C:\Users\msi1\.stm32cubemx\thirdparties\pdsc\STMicroelectronics.X-CUBE-BLEMGR.4.0.0.pdsc: PDSC version is not supported
2025-05-16 15:09:08,537 [WARN] PackLoader:240 - Cannot read IP mode file for emotas.I-CUBE-CANOPEN.1.3.0
2025-05-16 15:09:08,554 [WARN] PackLoader:240 - Cannot read IP mode file for STMicroelectronics.X-CUBE-TOUCHGFX.4.22.0
2025-05-16 15:09:08,586 [WARN] PackLoader:240 - Cannot read IP mode file for STMicroelectronics.X-CUBE-TOUCHGFX.4.22.1
2025-05-16 15:09:08,619 [WARN] PackLoader:240 - Cannot read IP mode file for STMicroelectronics.X-CUBE-BLEMGR.3.1.0
2025-05-16 15:09:08,635 [WARN] PackLoader:240 - Cannot read IP mode file for STMicroelectronics.X-CUBE-AI.10.0.0
2025-05-16 15:09:08,653 [WARN] PackLoader:240 - Cannot read IP mode file for STMicroelectronics.FP-SNS-SMARTAG2.1.2.0
2025-05-16 15:09:08,665 [ERROR] Engine:466 - C:\Users\msi1\.stm32cubemx\thirdparties\pdsc\STMicroelectronics.FP-SNS-FLIGHT1.5.1.0.pdsc: PDSC version is not supported
2025-05-16 15:09:08,721 [WARN] PackLoader:240 - Cannot read IP mode file for STMicroelectronics.X-CUBE-MEMS1.11.1.0
2025-05-16 15:09:08,925 [INFO] LogOutputStream:77 - [STDOUT_REDIRECT] 1 : Invalid condition id : UX_CORESTACK_Condition cause : null
2025-05-16 15:09:08,925 [INFO] LogOutputStream:77 - [STDOUT_REDIRECT] 1 : Invalid condition id : UX_CORESTACK_Condition cause : null
2025-05-16 15:09:08,927 [INFO] LogOutputStream:77 - [STDOUT_REDIRECT] 1 : Invalid condition id : UX_CORESTACK_Condition cause : null
2025-05-16 15:09:08,943 [INFO] LogOutputStream:77 - [STDOUT_REDIRECT] 1 : Invalid condition id : UX_CORESTACK_Condition cause : null
2025-05-16 15:09:08,944 [INFO] LogOutputStream:77 - [STDOUT_REDIRECT] 1 : Invalid condition id : UX_CORESTACK_Condition cause : null
2025-05-16 15:09:08,950 [WARN] PackLoader:240 - Cannot read IP mode file for STMicroelectronics.X-CUBE-AZRTOS-WL.2.0.0
2025-05-16 15:09:08,987 [WARN] PackLoader:240 - Cannot read IP mode file for STMicroelectronics.FP-SNS-MOTENV1.5.0.0
2025-05-16 15:09:09,026 [WARN] PackLoader:240 - Cannot read IP mode file for wolfSSL.I-CUBE-wolfMQTT.1.19.0
2025-05-16 15:09:09,066 [WARN] PackLoader:240 - Cannot read IP mode file for WES.I-CUBE-Cesium.1.3.0
2025-05-16 15:09:09,106 [WARN] PackLoader:240 - Cannot read IP mode file for STMicroelectronics.X-CUBE-BLE2.3.3.0
2025-05-16 15:09:09,130 [WARN] PackLoader:240 - Cannot read IP mode file for STMicroelectronics.X-CUBE-NFC9.1.0.0
2025-05-16 15:09:09,149 [WARN] PackLoader:240 - Cannot read IP mode file for STMicroelectronics.X-CUBE-BLE1.7.1.0
2025-05-16 15:09:09,164 [WARN] PackLoader:240 - Cannot read IP mode file for STMicroelectronics.X-CUBE-TCPP.4.1.0
2025-05-16 15:09:09,180 [WARN] PackLoader:240 - Cannot read IP mode file for STMicroelectronics.X-CUBE-TOUCHGFX.4.21.4
2025-05-16 15:09:09,196 [WARN] PackLoader:240 - Cannot read IP mode file for STMicroelectronics.X-CUBE-ALGOBUILD.1.3.0
2025-05-16 15:09:09,250 [WARN] PackLoader:240 - Cannot read IP mode file for STMicroelectronics.X-CUBE-MEMS1.11.2.0
2025-05-16 15:09:09,392 [WARN] PackLoader:240 - Cannot read IP mode file for STMicroelectronics.X-CUBE-AZRTOS-G0.1.1.0
2025-05-16 15:09:09,410 [WARN] PackLoader:240 - Cannot read IP mode file for STMicroelectronics.X-CUBE-SAFEA1.1.2.2
2025-05-16 15:09:09,425 [WARN] PackLoader:240 - Cannot read IP mode file for STMicroelectronics.X-CUBE-NFC4.3.0.0
2025-05-16 15:09:09,440 [WARN] PackLoader:240 - Cannot read IP mode file for wolfSSL.I-CUBE-wolfMQTT.1.18.0
2025-05-16 15:09:09,454 [ERROR] Engine:466 - C:\Users\msi1\.stm32cubemx\thirdparties\pdsc\EmbeddedOffice.I-CUBE-FS-RTOS.1.0.1.pdsc: PDSC version is not supported
2025-05-16 15:09:09,472 [WARN] PackLoader:240 - Cannot read IP mode file for STMicroelectronics.X-CUBE-WB05N.2.0.0
2025-05-16 15:09:09,495 [WARN] PackLoader:240 - Cannot read IP mode file for STMicroelectronics.X-CUBE-BLEMGR.3.0.0
2025-05-16 15:09:09,516 [ERROR] Engine:466 - C:\Users\msi1\.stm32cubemx\thirdparties\pdsc\STMicroelectronics.X-CUBE-TCPP.4.2.0.pdsc: PDSC version is not supported
2025-05-16 15:09:09,532 [ERROR] Engine:466 - C:\Users\msi1\.stm32cubemx\thirdparties\pdsc\RealThread.X-CUBE-RT-Thread_Nano.4.1.1.pdsc: PDSC version is not supported
2025-05-16 15:09:09,549 [WARN] PackLoader:240 - Cannot read IP mode file for STMicroelectronics.FP-ATR-SIGFOX1.3.2.0
2025-05-16 15:09:09,562 [ERROR] Engine:466 - C:\Users\msi1\.stm32cubemx\thirdparties\pdsc\quantropi.X-CUBE-qispace-sdk-base.1.9.3.pdsc: PDSC version is not supported
2025-05-16 15:09:09,580 [WARN] PackLoader:240 - Cannot read IP mode file for STMicroelectronics.X-CUBE-EEPRMA1.5.1.0
2025-05-16 15:09:09,606 [WARN] PackLoader:240 - Cannot read IP mode file for wolfSSL.I-CUBE-wolfSSL.5.7.6
2025-05-16 15:09:09,622 [WARN] PackLoader:240 - Cannot read IP mode file for ITTIA_DB.I-CUBE-ITTIADB.8.9.0
2025-05-16 15:09:09,656 [WARN] PackLoader:240 - Cannot read IP mode file for SEGGER.I-CUBE-embOS.1.3.1
2025-05-16 15:09:09,736 [WARN] PackLoader:240 - Cannot read IP mode file for STMicroelectronics.X-CUBE-ALGOBUILD.1.4.0
2025-05-16 15:09:09,760 [WARN] PackLoader:240 - Cannot read IP mode file for STMicroelectronics.X-CUBE-AI.9.1.0
2025-05-16 15:09:09,787 [WARN] PackLoader:240 - Cannot read IP mode file for STMicroelectronics.X-CUBE-GNSS1.6.0.0
2025-05-16 15:09:09,832 [WARN] PackLoader:240 - Cannot read IP mode file for STMicroelectronics.X-CUBE-AZRTOS-F4.1.1.0
2025-05-16 15:09:09,866 [ERROR] Engine:466 - C:\Users\msi1\.stm32cubemx\thirdparties\pdsc\Avnet-IotConnect.X-CUBE-IoTC-DA16k-PMOD.1.0.0.pdsc: PDSC version is not supported
2025-05-16 15:09:09,886 [WARN] PackLoader:240 - Cannot read IP mode file for wolfSSL.I-CUBE-wolfSSL.5.6.0
2025-05-16 15:09:09,904 [WARN] PackLoader:240 - Cannot read IP mode file for STMicroelectronics.X-CUBE-ISPU.2.1.0
2025-05-16 15:09:09,928 [WARN] PackLoader:240 - Cannot read IP mode file for STMicroelectronics.X-CUBE-FREERTOS.1.2.0
2025-05-16 15:09:09,961 [WARN] PackLoader:240 - Cannot read IP mode file for STMicroelectronics.X-CUBE-AZRTOS-L5.2.0.0
2025-05-16 15:09:10,003 [WARN] PackLoader:240 - Cannot read IP mode file for STMicroelectronics.X-CUBE-MEMS1.9.6.0
2025-05-16 15:09:10,130 [WARN] PackLoader:240 - Cannot read IP mode file for STMicroelectronics.X-CUBE-EEPRMA1.4.2.0
2025-05-16 15:09:10,148 [WARN] PackLoader:240 - Cannot read IP mode file for STMicroelectronics.X-CUBE-NFC6.3.1.0
2025-05-16 15:09:10,160 [WARN] PackLoader:240 - Cannot read IP mode file for ITTIA_DB.I-CUBE-ITTIADB.8.8.0
2025-05-16 15:09:10,176 [WARN] PackLoader:240 - Cannot read IP mode file for emotas.I-CUBE-CANOPEN.1.1.3
2025-05-16 15:09:10,191 [WARN] PackLoader:240 - Cannot read IP mode file for STMicroelectronics.X-CUBE-BLEMGR.2.0.0
2025-05-16 15:09:10,203 [ERROR] Engine:466 - C:\Users\msi1\.stm32cubemx\thirdparties\pdsc\STMicroelectronics.X-CUBE-DPower.1.2.0.pdsc: PDSC version is not supported
2025-05-16 15:09:10,217 [WARN] PackLoader:240 - Cannot read IP mode file for STMicroelectronics.X-CUBE-AI.9.0.0
2025-05-16 15:09:10,249 [WARN] ConditionMgr:438 - getConditionDescription Invalid condition id : UX DEVICE CLASS RTOS Condition cause : null
2025-05-16 15:09:10,250 [WARN] ConditionMgr:438 - getConditionDescription Invalid condition id : UX DEVICE CLASS RTOS Condition cause : null
2025-05-16 15:09:10,252 [WARN] PackLoader:240 - Cannot read IP mode file for STMicroelectronics.X-CUBE-AZRTOS-H7.3.1.0
2025-05-16 15:09:10,252 [WARN] ConditionMgr:1039 - genDependencies : Invalid condition id : UX DEVICE CLASS RTOS Condition cause : null
2025-05-16 15:09:10,252 [WARN] ConditionMgr:1039 - genDependencies : Invalid condition id : UX DEVICE CLASS RTOS Condition cause : null
2025-05-16 15:09:10,253 [WARN] ConditionMgr:1039 - genDependencies : Invalid condition id : UX DEVICE CLASS RTOS Condition cause : null
2025-05-16 15:09:10,253 [WARN] ConditionMgr:1039 - genDependencies : Invalid condition id : UX DEVICE CLASS RTOS Condition cause : null
2025-05-16 15:09:10,253 [WARN] ConditionMgr:1039 - genDependencies : Invalid condition id : UX DEVICE CLASS RTOS Condition cause : null
2025-05-16 15:09:10,275 [WARN] PackLoader:240 - Cannot read IP mode file for STMicroelectronics.X-CUBE-FREERTOS.1.3.1
2025-05-16 15:09:10,290 [WARN] PackLoader:240 - Cannot read IP mode file for STMicroelectronics.X-CUBE-FREERTOS.1.3.0
2025-05-16 15:09:10,304 [WARN] PackLoader:240 - Cannot read IP mode file for STMicroelectronics.X-CUBE-NFC7.1.0.1
2025-05-16 15:09:10,320 [WARN] PackLoader:240 - Cannot read IP mode file for STMicroelectronics.X-CUBE-NFC7.1.0.0
2025-05-16 15:09:10,337 [WARN] PackLoader:240 - Cannot read IP mode file for wolfSSL.I-CUBE-wolfTPM.3.2.0
2025-05-16 15:09:10,354 [WARN] PackLoader:240 - Cannot read IP mode file for STMicroelectronics.X-CUBE-NFC6.3.0.0
2025-05-16 15:09:10,389 [WARN] PackLoader:240 - Cannot read IP mode file for STMicroelectronics.X-CUBE-EEPRMA1.4.1.0
2025-05-16 15:09:10,408 [ERROR] Engine:466 - C:\Users\msi1\.stm32cubemx\thirdparties\pdsc\STMicroelectronics.X-CUBE-DPower.1.3.0.pdsc: PDSC version is not supported
2025-05-16 15:09:10,426 [WARN] PackLoader:240 - Cannot read IP mode file for STMicroelectronics.X-CUBE-AI.8.1.0
2025-05-16 15:09:10,468 [WARN] ConditionMgr:438 - getConditionDescription Invalid condition id : LAN8742 Phy interface Condition cause : null
2025-05-16 15:09:10,469 [WARN] PackLoader:240 - Cannot read IP mode file for STMicroelectronics.X-CUBE-AZRTOS-L4.2.0.0
2025-05-16 15:09:10,471 [WARN] ConditionMgr:1039 - genDependencies : Invalid condition id : LAN8742 Phy interface Condition cause : null
2025-05-16 15:09:10,471 [WARN] ConditionMgr:1039 - genDependencies : Invalid condition id : LAN8742 Phy interface Condition cause : null
2025-05-16 15:09:10,472 [WARN] ConditionMgr:1039 - genDependencies : Invalid condition id : LAN8742 Phy interface Condition cause : null
2025-05-16 15:09:10,492 [WARN] PackLoader:240 - Cannot read IP mode file for STMicroelectronics.X-CUBE-SFXS2LP1.4.0.0
2025-05-16 15:09:10,509 [WARN] PackLoader:240 - Cannot read IP mode file for STMicroelectronics.X-CUBE-ISPU.1.1.0
2025-05-16 15:09:10,541 [WARN] PackLoader:240 - Cannot read IP mode file for STMicroelectronics.X-CUBE-AZRTOS-H7.3.3.0
2025-05-16 15:09:10,559 [ERROR] Engine:466 - C:\Users\msi1\.stm32cubemx\thirdparties\pdsc\STMicroelectronics.X-CUBE-IPS.3.0.0.pdsc: PDSC version is not supported
2025-05-16 15:09:10,585 [WARN] ConditionMgr:438 - getConditionDescription Invalid condition id : UX DEVICE CLASS RTOS Condition cause : null
2025-05-16 15:09:10,585 [WARN] ConditionMgr:438 - getConditionDescription Invalid condition id : UX DEVICE CLASS RTOS Condition cause : null
2025-05-16 15:09:10,586 [WARN] PackLoader:240 - Cannot read IP mode file for STMicroelectronics.X-CUBE-AZRTOS-WB.2.0.0
2025-05-16 15:09:10,587 [WARN] ConditionMgr:1039 - genDependencies : Invalid condition id : UX DEVICE CLASS RTOS Condition cause : null
2025-05-16 15:09:10,587 [WARN] ConditionMgr:1039 - genDependencies : Invalid condition id : UX DEVICE CLASS RTOS Condition cause : null
2025-05-16 15:09:10,587 [WARN] ConditionMgr:1039 - genDependencies : Invalid condition id : UX DEVICE CLASS RTOS Condition cause : null
2025-05-16 15:09:10,587 [WARN] ConditionMgr:1039 - genDependencies : Invalid condition id : UX DEVICE CLASS RTOS Condition cause : null
2025-05-16 15:09:10,588 [WARN] ConditionMgr:1039 - genDependencies : Invalid condition id : UX DEVICE CLASS RTOS Condition cause : null
2025-05-16 15:09:10,604 [WARN] PackLoader:240 - Cannot read IP mode file for STMicroelectronics.X-CUBE-FREERTOS.1.0.1
2025-05-16 15:09:10,627 [WARN] PackLoader:240 - Cannot read IP mode file for STMicroelectronics.X-CUBE-GNSS1.7.0.1
2025-05-16 15:09:10,651 [WARN] PackLoader:240 - Cannot read IP mode file for STMicroelectronics.X-CUBE-TOUCHGFX.4.25.0
2025-05-16 15:09:10,668 [ERROR] Engine:466 - C:\Users\msi1\.stm32cubemx\thirdparties\pdsc\STMicroelectronics.FP-SNS-STBOX1.2.0.0.pdsc: PDSC version is not supported
2025-05-16 15:09:10,691 [WARN] PackLoader:240 - Cannot read IP mode file for STMicroelectronics.X-CUBE-AZRTOS-L5.1.1.0
2025-05-16 15:09:10,705 [WARN] PackLoader:240 - Cannot read IP mode file for STMicroelectronics.X-CUBE-AI.8.0.1
2025-05-16 15:09:10,725 [WARN] PackLoader:240 - Cannot read IP mode file for STMicroelectronics.X-CUBE-SUBG2.5.0.0
2025-05-16 15:09:10,760 [WARN] PackLoader:240 - Cannot read IP mode file for STMicroelectronics.X-CUBE-AZRTOS-H7RS.1.1.0
2025-05-16 15:09:10,780 [WARN] PackLoader:240 - Cannot read IP mode file for Cesanta.I-CUBE-Mongoose.7.13.0
2025-05-16 15:09:10,807 [WARN] PackLoader:240 - Cannot read IP mode file for STMicroelectronics.X-CUBE-TOF1.3.3.1
2025-05-16 15:09:10,841 [WARN] PackLoader:240 - Cannot read IP mode file for STMicroelectronics.X-CUBE-AZRTOS-G4.2.0.0
2025-05-16 15:09:10,863 [WARN] PackLoader:240 - Cannot read IP mode file for STMicroelectronics.X-CUBE-TOF1.3.3.0
2025-05-16 15:09:10,900 [WARN] PackLoader:240 - Cannot read IP mode file for Infineon.AIROC-Wi-Fi-Bluetooth-STM32.1.5.1
2025-05-16 15:09:10,919 [WARN] PackLoader:240 - Cannot read IP mode file for STMicroelectronics.FP-SNS-MOTENVWB1.1.3.0
2025-05-16 15:09:10,936 [WARN] PackLoader:240 - Cannot read IP mode file for STMicroelectronics.X-CUBE-NFC7.2.0.0
2025-05-16 15:09:10,952 [WARN] PackLoader:240 - Cannot read IP mode file for STMicroelectronics.FP-SNS-MOTENVWB1.1.3.1
2025-05-16 15:09:10,982 [WARN] PackLoader:240 - Cannot read IP mode file for STMicroelectronics.X-CUBE-AZRTOS-L4.1.0.0
2025-05-16 15:09:10,998 [WARN] PackLoader:240 - Cannot read IP mode file for STMicroelectronics.X-CUBE-ISPU.2.0.0
2025-05-16 15:09:11,016 [ERROR] Engine:466 - C:\Users\msi1\.stm32cubemx\thirdparties\pdsc\STMicroelectronics.X-CUBE-IPS.3.1.0.pdsc: PDSC version is not supported
2025-05-16 15:09:11,032 [WARN] PackLoader:240 - Cannot read IP mode file for STMicroelectronics.X-CUBE-ALS.1.0.2
2025-05-16 15:09:11,096 [WARN] PackLoader:240 - Cannot read IP mode file for STMicroelectronics.X-CUBE-MEMS1.10.0.0
2025-05-16 15:09:11,197 [WARN] PackLoader:240 - Cannot read IP mode file for STMicroelectronics.X-CUBE-FREERTOS.1.1.0
2025-05-16 15:09:11,217 [WARN] PackLoader:240 - Cannot read IP mode file for STMicroelectronics.X-CUBE-TOUCHGFX.4.24.0
2025-05-16 15:09:11,237 [WARN] PackLoader:240 - Cannot read IP mode file for STMicroelectronics.X-CUBE-TOUCHGFX.4.24.2
2025-05-16 15:09:11,266 [WARN] PackLoader:240 - Cannot read IP mode file for STMicroelectronics.X-CUBE-AZRTOS-WL.1.0.0
2025-05-16 15:09:11,283 [WARN] PackLoader:240 - Cannot read IP mode file for STMicroelectronics.X-CUBE-TOUCHGFX.4.24.1
2025-05-16 15:09:11,298 [WARN] PackLoader:240 - Cannot read IP mode file for wolfSSL.I-CUBE-wolfTPM.3.4.0
2025-05-16 15:09:11,315 [WARN] PackLoader:240 - Cannot read IP mode file for portGmbH.I-Cube-SoM-uGOAL.1.1.0
2025-05-16 15:09:11,329 [WARN] PackLoader:240 - Cannot read IP mode file for STMicroelectronics.X-CUBE-ALS.1.0.1
2025-05-16 15:09:11,352 [WARN] PackLoader:240 - Cannot read IP mode file for STMicroelectronics.X-CUBE-AZRTOS-WB.1.1.0
2025-05-16 15:09:11,384 [WARN] PackLoader:240 - Cannot read IP mode file for STMicroelectronics.X-CUBE-AZRTOS-H7RS.1.0.0
2025-05-16 15:09:11,409 [WARN] PackLoader:240 - Cannot read IP mode file for STMicroelectronics.FP-ATR-ASTRA1.2.0.0
2025-05-16 15:09:11,424 [ERROR] Engine:466 - C:\Users\msi1\.stm32cubemx\thirdparties\pdsc\STMicroelectronics.X-CUBE-TOF1.3.4.2.pdsc: PDSC version is not supported
2025-05-16 15:09:11,438 [ERROR] Engine:466 - C:\Users\msi1\.stm32cubemx\thirdparties\pdsc\STMicroelectronics.X-CUBE-TOF1.3.4.3.pdsc: PDSC version is not supported
2025-05-16 15:09:11,454 [WARN] PackLoader:240 - Cannot read IP mode file for STMicroelectronics.X-CUBE-TOF1.3.4.0
2025-05-16 15:09:11,482 [WARN] PackLoader:240 - Cannot read IP mode file for STMicroelectronics.X-CUBE-TOF1.3.4.1
2025-05-16 15:09:11,518 [WARN] PackLoader:240 - Cannot read IP mode file for STMicroelectronics.X-CUBE-AZRTOS-H7.3.2.0
2025-05-16 15:09:11,532 [WARN] PackLoader:240 - Cannot read IP mode file for wolfSSL.I-CUBE-wolfSSH.1.4.17
2025-05-16 15:09:11,533 [INFO] ThirdParty:978 - Integrity check success = true
2025-05-16 15:09:11,533 [INFO] IntegrityCheckThread:100 - exiting critical section [integrity check]
2025-05-16 15:09:11,533 [INFO] IntegrityCheckThread:103 - End integrity checks thread
2025-05-16 15:09:28,331 [ERROR] LogOutputStream:75 - [STDERR_REDIRECT] SLF4J: Failed to load class "org.slf4j.impl.StaticLoggerBinder".
2025-05-16 15:09:28,331 [ERROR] LogOutputStream:75 - [STDERR_REDIRECT] SLF4J: Defaulting to no-operation (NOP) logger implementation
2025-05-16 15:09:28,332 [ERROR] LogOutputStream:75 - [STDERR_REDIRECT] SLF4J: See http://www.slf4j.org/codes.html#StaticLoggerBinder for further details.
