2025-05-06 11:16:39,973 [INFO] Activator:176 - 


2025-05-06 11:16:39,979 [INFO] Activator:177 - !SESSION log4j initialized
2025-05-06 11:16:54,442 [INFO] LogOutputStream:77 - [STDOUT_REDIRECT] 
2025-05-06 11:16:59,621 [INFO] ApplicationProperties:184 - Using Application install path: D:\ITC\STM32\STM32CubeIDE_1.13.0\STM32CubeIDE\plugins\com.st.stm32cube.common.mx_6.9.0.202307051724
2025-05-06 11:16:59,639 [INFO] DbMcusXml:78 - Set database path to: D:\ITC\STM32\STM32CubeIDE_1.13.0\STM32CubeIDE\plugins\com.st.stm32cube.common.mx_6.9.0.202307051724\\db\/mcu/
2025-05-06 11:16:59,639 [INFO] ApiDb:274 - Set plugin database path to: D:\ITC\STM32\STM32CubeIDE_1.13.0\STM32CubeIDE\plugins\com.st.stm32cube.common.mx_6.9.0.202307051724\\db\/plugins/boardmanager/
2025-05-06 11:16:59,640 [WARN] ApiDb:259 - Overriding images path with different value:  => D:\ITC\STM32\STM32CubeIDE_1.13.0\STM32CubeIDE\plugins\com.st.stm32cube.common.mx_6.9.0.202307051724\\db\/plugins/mcufinder/images/
2025-05-06 11:16:59,651 [INFO] ApiDb:250 - Set database path to: C:\Users\msi1\.stmcufinder\plugins\mcufinder//mcu/
2025-05-06 11:16:59,652 [INFO] DbMcusAds:125 - Set database path to: C:\Users\msi1\.stmcufinder\plugins\mcufinder//mcu/
2025-05-06 11:16:59,654 [INFO] CrossReferenceDbSqlite:203 - Set database path to: C:\Users\msi1\.stmcufinder\plugins\mcufinder//mcu/cs/
2025-05-06 11:16:59,817 [INFO] RulesReader:64 - Compatibility file has been processed (293 Rules)
2025-05-06 11:16:59,987 [INFO] DbMcusXml:78 - Set database path to: D:\ITC\STM32\STM32CubeIDE_1.13.0\STM32CubeIDE\plugins\com.st.stm32cube.common.mx_6.9.0.202307051724\\db\/mcu/
2025-05-06 11:16:59,989 [INFO] ApiDb:274 - Set plugin database path to: D:\ITC\STM32\STM32CubeIDE_1.13.0\STM32CubeIDE\plugins\com.st.stm32cube.common.mx_6.9.0.202307051724\\db\/plugins/boardmanager/
2025-05-06 11:16:59,989 [INFO] ApiDb:261 - Set plugin images path to: D:\ITC\STM32\STM32CubeIDE_1.13.0\STM32CubeIDE\plugins\com.st.stm32cube.common.mx_6.9.0.202307051724\\db\/plugins/mcufinder/images/
2025-05-06 11:16:59,990 [WARN] DbFile:41 - Overriding database path with different value: C:\Users\msi1\.stmcufinder\plugins\mcufinder/ => C:\Users\msi1\.stmcufinder\plugins\mcufinder
2025-05-06 11:16:59,990 [INFO] ApiDb:250 - Set database path to: C:\Users\msi1\.stmcufinder\plugins\mcufinder//mcu/
2025-05-06 11:16:59,990 [WARN] DbFile:41 - Overriding database path with different value: C:\Users\msi1\.stmcufinder\plugins\mcufinder/ => C:\Users\msi1\.stmcufinder\plugins\mcufinder
2025-05-06 11:16:59,990 [INFO] DbMcusAds:125 - Set database path to: C:\Users\msi1\.stmcufinder\plugins\mcufinder//mcu/
2025-05-06 11:16:59,990 [WARN] DbFile:41 - Overriding database path with different value: C:\Users\msi1\.stmcufinder\plugins\mcufinder/ => C:\Users\msi1\.stmcufinder\plugins\mcufinder
2025-05-06 11:16:59,990 [WARN] DbFile:41 - Overriding database path with different value: C:\Users\msi1\.stmcufinder\plugins\mcufinder/ => C:\Users\msi1\.stmcufinder\plugins\mcufinder
2025-05-06 11:16:59,990 [INFO] CrossReferenceDbSqlite:203 - Set database path to: C:\Users\msi1\.stmcufinder\plugins\mcufinder//mcu/cs/
2025-05-06 11:17:00,108 [INFO] MainPanel:262 - HeapMemory: 268435456
2025-05-06 11:17:00,212 [INFO] DbMcusXml:78 - Set database path to: D:\ITC\STM32\STM32CubeIDE_1.13.0\STM32CubeIDE\plugins\com.st.stm32cube.common.mx_6.9.0.202307051724\\db\/mcu/
2025-05-06 11:17:00,212 [INFO] ApiDb:274 - Set plugin database path to: D:\ITC\STM32\STM32CubeIDE_1.13.0\STM32CubeIDE\plugins\com.st.stm32cube.common.mx_6.9.0.202307051724\\db\/plugins/boardmanager/
2025-05-06 11:17:00,212 [INFO] ApiDb:261 - Set plugin images path to: D:\ITC\STM32\STM32CubeIDE_1.13.0\STM32CubeIDE\plugins\com.st.stm32cube.common.mx_6.9.0.202307051724\\db\/plugins/mcufinder/images/
2025-05-06 11:17:00,212 [WARN] DbFile:41 - Overriding database path with different value: C:\Users\msi1\.stmcufinder\plugins\mcufinder/ => C:\Users\msi1\.stmcufinder\plugins\mcufinder
2025-05-06 11:17:00,213 [INFO] ApiDb:250 - Set database path to: C:\Users\msi1\.stmcufinder\plugins\mcufinder//mcu/
2025-05-06 11:17:00,213 [WARN] DbFile:41 - Overriding database path with different value: C:\Users\msi1\.stmcufinder\plugins\mcufinder/ => C:\Users\msi1\.stmcufinder\plugins\mcufinder
2025-05-06 11:17:00,213 [INFO] DbMcusAds:125 - Set database path to: C:\Users\msi1\.stmcufinder\plugins\mcufinder//mcu/
2025-05-06 11:17:00,213 [WARN] DbFile:41 - Overriding database path with different value: C:\Users\msi1\.stmcufinder\plugins\mcufinder/ => C:\Users\msi1\.stmcufinder\plugins\mcufinder
2025-05-06 11:17:00,213 [WARN] DbFile:41 - Overriding database path with different value: C:\Users\msi1\.stmcufinder\plugins\mcufinder/ => C:\Users\msi1\.stmcufinder\plugins\mcufinder
2025-05-06 11:17:00,213 [INFO] CrossReferenceDbSqlite:203 - Set database path to: C:\Users\msi1\.stmcufinder\plugins\mcufinder//mcu/cs/
2025-05-06 11:17:00,232 [INFO] ApplicationProperties:184 - Using Application install path: D:\ITC\STM32\STM32CubeIDE_1.13.0\STM32CubeIDE\plugins\com.st.stm32cube.common.mx_6.9.0.202307051724
2025-05-06 11:17:00,233 [INFO] PluginManage:196 - Search for loadable plugins [exclusion list=, ]
2025-05-06 11:17:00,234 [INFO] PluginManage:310 - Check plugin analytics
2025-05-06 11:17:00,376 [INFO] AnalyticsPlugin:253 - Accepted Software Licenses: 
2025-05-06 11:17:00,376 [INFO] AnalyticsPlugin:255 - Accepted CMSIS Pack Licenses: 
2025-05-06 11:17:00,376 [INFO] AnalyticsPlugin:257 - Accepted Firmware Licenses: FW.F4.1.27.0
2025-05-06 11:17:00,380 [INFO] PluginManage:359 - Loaded plugin analytics (category:tool,tabindex:-1)
2025-05-06 11:17:00,381 [INFO] PluginManage:310 - Check plugin cadmodel
2025-05-06 11:17:00,408 [INFO] CADModel:105 - Init CAD model plugin
2025-05-06 11:17:00,408 [INFO] PluginManage:359 - Loaded plugin cadmodel (category:power,tabindex:5)
2025-05-06 11:17:00,408 [INFO] PluginManage:310 - Check plugin clock
2025-05-06 11:17:00,433 [INFO] PluginManage:359 - Loaded plugin clock (category:base,tabindex:2)
2025-05-06 11:17:00,433 [INFO] PluginManage:310 - Check plugin ddr
2025-05-06 11:17:00,435 [INFO] PluginManage:359 - Loaded plugin ddr (category:tool,tabindex:6)
2025-05-06 11:17:00,435 [INFO] PluginManage:310 - Check plugin filemanager
2025-05-06 11:17:00,593 [INFO] PluginManage:359 - Loaded plugin filemanager (category:base,tabindex:10)
2025-05-06 11:17:00,593 [INFO] PluginManage:310 - Check plugin ipmanager
2025-05-06 11:17:00,600 [INFO] PluginManage:359 - Loaded plugin ipmanager (category:base,tabindex:5)
2025-05-06 11:17:00,601 [INFO] PluginManage:310 - Check plugin lpbam
2025-05-06 11:17:00,619 [INFO] PluginManage:359 - Loaded plugin lpbam (category:base,tabindex:0)
2025-05-06 11:17:00,620 [INFO] PluginManage:310 - Check plugin memorymap
2025-05-06 11:17:00,644 [INFO] PluginManage:359 - Loaded plugin memorymap (category:base,tabindex:4)
2025-05-06 11:17:00,645 [INFO] PluginManage:310 - Check plugin pinoutandconfiguration
2025-05-06 11:17:00,662 [INFO] PluginManage:359 - Loaded plugin pinoutandconfiguration (category:base,tabindex:1)
2025-05-06 11:17:00,662 [INFO] PluginManage:310 - Check plugin pinoutconfig
2025-05-06 11:17:00,754 [WARN] SupportedApi:132 - Cannot load RTOS API schema: s4s-elt-must-match.1: The content of 'definitions' must match (annotation?, (simpleType | complexType)?, (unique | key | keyref)*)). A problem was found starting at: attribute.
2025-05-06 11:17:00,884 [INFO] PluginManage:359 - Loaded plugin pinoutconfig (category:base,tabindex:0)
2025-05-06 11:17:00,884 [INFO] PluginManage:310 - Check plugin power
2025-05-06 11:17:00,911 [INFO] PluginManage:359 - Loaded plugin power (category:power,tabindex:4)
2025-05-06 11:17:00,911 [INFO] PluginManage:310 - Check plugin projectmanager
2025-05-06 11:17:00,923 [INFO] PluginManage:359 - Loaded plugin projectmanager (category:projectmanager,tabindex:3)
2025-05-06 11:17:00,924 [INFO] PluginManage:310 - Check plugin thirdparty
2025-05-06 11:17:01,243 [WARN] IntegrityCheckThread:84 - waiting for thirdparty lock release [integrity check]
2025-05-06 11:17:01,243 [INFO] PluginManage:359 - Loaded plugin thirdparty (category:base,tabindex:-1)
2025-05-06 11:17:01,243 [INFO] IntegrityCheckThread:86 - entering critical section [integrity check]
2025-05-06 11:17:01,244 [INFO] PluginManage:310 - Check plugin tools
2025-05-06 11:17:01,244 [INFO] ThirdPartyUpdaterWithRetryManager:70 - Updater plugin not ready yet. [1/15]
2025-05-06 11:17:01,290 [INFO] PluginManage:359 - Loaded plugin tools (category:base,tabindex:7)
2025-05-06 11:17:01,290 [INFO] PluginManage:310 - Check plugin tutovideos
2025-05-06 11:17:01,467 [INFO] PluginManage:359 - Loaded plugin tutovideos (category:base,tabindex:-1)
2025-05-06 11:17:01,467 [INFO] PluginManage:310 - Check plugin updater
2025-05-06 11:17:01,477 [INFO] PluginManage:359 - Loaded plugin updater (category:base,tabindex:12)
2025-05-06 11:17:01,477 [INFO] PluginManage:310 - Check plugin userauth
2025-05-06 11:17:01,482 [INFO] UserAuth:113 - Init User Auth plugin
2025-05-06 11:17:01,483 [INFO] PluginManage:359 - Loaded plugin userauth (category:base,tabindex:14)
2025-05-06 11:17:01,483 [INFO] PluginManage:283 - PluginManage : Loaded plugins [17]
2025-05-06 11:17:01,684 [INFO] PinOutPanel:1499 - setPackage(No Configuration,No Configuration)
2025-05-06 11:17:01,785 [INFO] CADModel:165 - CPN selected for project level
2025-05-06 11:17:01,785 [INFO] CADModel:114 - Register for checkConnection events
2025-05-06 11:17:01,814 [INFO] IPUIPlugin:80 - create IPUIPlugin
2025-05-06 11:17:01,814 [INFO] PluginManager:220 - loadIPPluginJar : add adc
2025-05-06 11:17:01,853 [INFO] IPUIPlugin:80 - create IPUIPlugin
2025-05-06 11:17:01,853 [INFO] PluginManager:220 - loadIPPluginJar : add aes
2025-05-06 11:17:01,898 [INFO] IPUIPlugin:80 - create IPUIPlugin
2025-05-06 11:17:01,898 [INFO] PluginManager:220 - loadIPPluginJar : add can
2025-05-06 11:17:01,929 [INFO] IPUIPlugin:80 - create IPUIPlugin
2025-05-06 11:17:01,929 [INFO] PluginManager:220 - loadIPPluginJar : add comp
2025-05-06 11:17:01,969 [INFO] IPUIPlugin:80 - create IPUIPlugin
2025-05-06 11:17:01,969 [INFO] PluginManager:220 - loadIPPluginJar : add cryp
2025-05-06 11:17:02,005 [INFO] IPUIPlugin:80 - create IPUIPlugin
2025-05-06 11:17:02,006 [INFO] PluginManager:220 - loadIPPluginJar : add dfsdm
2025-05-06 11:17:02,021 [INFO] IPUIPlugin:80 - create IPUIPlugin
2025-05-06 11:17:02,022 [INFO] PluginManager:220 - loadIPPluginJar : add dma
2025-05-06 11:17:02,072 [INFO] IPUIPlugin:80 - create IPUIPlugin
2025-05-06 11:17:02,072 [INFO] PluginManager:220 - loadIPPluginJar : add dma3
2025-05-06 11:17:02,096 [INFO] IPUIPlugin:80 - create IPUIPlugin
2025-05-06 11:17:02,096 [INFO] PluginManager:220 - loadIPPluginJar : add fatfs
2025-05-06 11:17:02,147 [INFO] IPUIPlugin:80 - create IPUIPlugin
2025-05-06 11:17:02,147 [INFO] PluginManager:220 - loadIPPluginJar : add fmc
2025-05-06 11:17:02,162 [INFO] IPUIPlugin:80 - create IPUIPlugin
2025-05-06 11:17:02,162 [INFO] PluginManager:220 - loadIPPluginJar : add freertos
2025-05-06 11:17:02,186 [INFO] IPUIPlugin:80 - create IPUIPlugin
2025-05-06 11:17:02,186 [INFO] PluginManager:220 - loadIPPluginJar : add genericplugin
2025-05-06 11:17:02,289 [INFO] IPUIPlugin:80 - create IPUIPlugin
2025-05-06 11:17:02,289 [INFO] PluginManager:220 - loadIPPluginJar : add gfxmmu
2025-05-06 11:17:02,429 [INFO] IPUIPlugin:80 - create IPUIPlugin
2025-05-06 11:17:02,429 [INFO] PluginManager:220 - loadIPPluginJar : add gic
2025-05-06 11:17:02,442 [INFO] IPUIPlugin:80 - create IPUIPlugin
2025-05-06 11:17:02,442 [INFO] PluginManager:220 - loadIPPluginJar : add gpio
2025-05-06 11:17:02,539 [INFO] IPUIPlugin:80 - create IPUIPlugin
2025-05-06 11:17:02,540 [INFO] PluginManager:220 - loadIPPluginJar : add gtzc
2025-05-06 11:17:02,574 [INFO] IPUIPlugin:80 - create IPUIPlugin
2025-05-06 11:17:02,574 [INFO] PluginManager:220 - loadIPPluginJar : add hash
2025-05-06 11:17:02,630 [INFO] IPUIPlugin:80 - create IPUIPlugin
2025-05-06 11:17:02,630 [INFO] PluginManager:220 - loadIPPluginJar : add i2c
2025-05-06 11:17:02,673 [INFO] IPUIPlugin:80 - create IPUIPlugin
2025-05-06 11:17:02,673 [INFO] PluginManager:220 - loadIPPluginJar : add i2s
2025-05-06 11:17:02,718 [INFO] IPUIPlugin:80 - create IPUIPlugin
2025-05-06 11:17:02,718 [INFO] PluginManager:220 - loadIPPluginJar : add i3c
2025-05-06 11:17:02,852 [INFO] IPUIPlugin:80 - create IPUIPlugin
2025-05-06 11:17:02,852 [INFO] PluginManager:220 - loadIPPluginJar : add ipddr
2025-05-06 11:17:02,956 [INFO] IPUIPlugin:80 - create IPUIPlugin
2025-05-06 11:17:02,956 [INFO] PluginManager:220 - loadIPPluginJar : add linkedlist
2025-05-06 11:17:02,994 [INFO] IPUIPlugin:80 - create IPUIPlugin
2025-05-06 11:17:02,994 [INFO] PluginManager:220 - loadIPPluginJar : add lorawan
2025-05-06 11:17:03,039 [INFO] IPUIPlugin:80 - create IPUIPlugin
2025-05-06 11:17:03,039 [INFO] PluginManager:220 - loadIPPluginJar : add ltdc
2025-05-06 11:17:03,053 [INFO] IPUIPlugin:80 - create IPUIPlugin
2025-05-06 11:17:03,053 [INFO] PluginManager:220 - loadIPPluginJar : add mdma
2025-05-06 11:17:03,067 [INFO] IPUIPlugin:80 - create IPUIPlugin
2025-05-06 11:17:03,067 [INFO] PluginManager:220 - loadIPPluginJar : add nvic
2025-05-06 11:17:03,110 [INFO] IPUIPlugin:80 - create IPUIPlugin
2025-05-06 11:17:03,110 [INFO] PluginManager:220 - loadIPPluginJar : add opamp
2025-05-06 11:17:03,181 [INFO] IPUIPlugin:80 - create IPUIPlugin
2025-05-06 11:17:03,182 [INFO] PluginManager:220 - loadIPPluginJar : add openamp
2025-05-06 11:17:03,245 [INFO] IPUIPlugin:80 - create IPUIPlugin
2025-05-06 11:17:03,245 [INFO] PluginManager:220 - loadIPPluginJar : add pdm2pcm
2025-05-06 11:17:03,260 [INFO] IPUIPlugin:80 - create IPUIPlugin
2025-05-06 11:17:03,262 [INFO] PluginManager:220 - loadIPPluginJar : add plateformsettings
2025-05-06 11:17:03,293 [INFO] IPUIPlugin:80 - create IPUIPlugin
2025-05-06 11:17:03,294 [INFO] PluginManager:220 - loadIPPluginJar : add quadspi
2025-05-06 11:17:03,312 [INFO] IPUIPlugin:80 - create IPUIPlugin
2025-05-06 11:17:03,312 [INFO] PluginManager:220 - loadIPPluginJar : add resmgrutility
2025-05-06 11:17:03,377 [INFO] IPUIPlugin:80 - create IPUIPlugin
2025-05-06 11:17:03,378 [INFO] PluginManager:220 - loadIPPluginJar : add sai
2025-05-06 11:17:03,420 [INFO] IPUIPlugin:80 - create IPUIPlugin
2025-05-06 11:17:03,420 [INFO] PluginManager:220 - loadIPPluginJar : add spi
2025-05-06 11:17:03,482 [INFO] IPUIPlugin:80 - create IPUIPlugin
2025-05-06 11:17:03,483 [INFO] PluginManager:220 - loadIPPluginJar : add stm32_wpan
2025-05-06 11:17:03,510 [INFO] IPUIPlugin:80 - create IPUIPlugin
2025-05-06 11:17:03,510 [INFO] PluginManager:220 - loadIPPluginJar : add tim
2025-05-06 11:17:03,569 [INFO] IPUIPlugin:80 - create IPUIPlugin
2025-05-06 11:17:03,569 [INFO] PluginManager:220 - loadIPPluginJar : add touchsensing
2025-05-06 11:17:03,595 [INFO] IPUIPlugin:80 - create IPUIPlugin
2025-05-06 11:17:03,595 [INFO] PluginManager:220 - loadIPPluginJar : add tracer_emb
2025-05-06 11:17:03,621 [INFO] IPUIPlugin:80 - create IPUIPlugin
2025-05-06 11:17:03,621 [INFO] PluginManager:220 - loadIPPluginJar : add ts
2025-05-06 11:17:03,646 [INFO] IPUIPlugin:80 - create IPUIPlugin
2025-05-06 11:17:03,646 [INFO] PluginManager:220 - loadIPPluginJar : add tsc
2025-05-06 11:17:03,675 [INFO] IPUIPlugin:80 - create IPUIPlugin
2025-05-06 11:17:03,675 [INFO] PluginManager:220 - loadIPPluginJar : add ucpd
2025-05-06 11:17:03,723 [INFO] IPUIPlugin:80 - create IPUIPlugin
2025-05-06 11:17:03,723 [INFO] PluginManager:220 - loadIPPluginJar : add usart
2025-05-06 11:17:03,772 [INFO] IPUIPlugin:80 - create IPUIPlugin
2025-05-06 11:17:03,772 [INFO] PluginManager:220 - loadIPPluginJar : add usbx
2025-05-06 11:17:03,888 [INFO] CADModel:165 - CPN selected for project level
2025-05-06 11:17:03,888 [INFO] CADModel:114 - Register for checkConnection events
2025-05-06 11:17:03,888 [FATAL] Updater:308 - Updater called before beeing initialized
2025-05-06 11:17:03,889 [ERROR] CADModel:125 - Updater not yet initialized, retry later 
2025-05-06 11:17:04,014 [INFO] CADModel:165 - CPN selected for project level
2025-05-06 11:17:04,014 [INFO] CADModel:114 - Register for checkConnection events
2025-05-06 11:17:04,014 [FATAL] Updater:308 - Updater called before beeing initialized
2025-05-06 11:17:04,014 [ERROR] CADModel:125 - Updater not yet initialized, retry later 
2025-05-06 11:17:04,018 [FATAL] Updater:308 - Updater called before beeing initialized
2025-05-06 11:17:04,104 [FATAL] Updater:308 - Updater called before beeing initialized
2025-05-06 11:17:04,116 [INFO] DbMcusAds:53 - JSON generation date=Thu Mar 06 21:54:22 ICT 2025 (1741272862204)
2025-05-06 11:17:04,116 [FATAL] Updater:308 - Updater called before beeing initialized
2025-05-06 11:17:04,235 [WARN] DetailPanel:346 - Failed to get advertising image, set to default
2025-05-06 11:17:04,246 [INFO] ThirdPartyUpdaterWithRetryManager:70 - Updater plugin not ready yet. [2/15]
2025-05-06 11:17:04,326 [FATAL] Updater:308 - Updater called before beeing initialized
2025-05-06 11:17:04,329 [FATAL] Updater:308 - Updater called before beeing initialized
2025-05-06 11:17:04,329 [FATAL] Updater:308 - Updater called before beeing initialized
2025-05-06 11:17:04,329 [WARN] DetailPanel:346 - Failed to get advertising image, set to default
2025-05-06 11:17:04,330 [FATAL] Updater:308 - Updater called before beeing initialized
2025-05-06 11:17:04,408 [ERROR] Updater:1120 - MainUpdater not yet initialized. External WinMGr cannot be set.
2025-05-06 11:17:04,426 [INFO] Updater:1056 - Updater Version found : 6.9.0
2025-05-06 11:17:04,461 [INFO] ApplicationProperties:184 - Using Application install path: D:\ITC\STM32\STM32CubeIDE_1.13.0\STM32CubeIDE\plugins\com.st.stm32cube.common.mx_6.9.0.202307051724
2025-05-06 11:17:04,893 [INFO] MainUpdater:2868 - connection check result : 10
2025-05-06 11:17:04,893 [INFO] MainUpdater:3562 - Updater definition file requires update
2025-05-06 11:17:04,895 [INFO] MainUpdater:285 - Updater Check For Update Now.
2025-05-06 11:17:04,895 [INFO] MicroXplorer:498 - Change Database Version : DB.6.0.90
2025-05-06 11:17:04,914 [INFO] McuFinderGlobals:63 - Set McuFinder mode to 2 (CubeIDE integrated)
2025-05-06 11:17:05,041 [INFO] ServerAccessManage:473 - Download File updaters.zip
2025-05-06 11:17:05,345 [INFO] FileExtend:240 - Unzip File : updaters.zip
2025-05-06 11:17:05,345 [INFO] FileExtend:255 - Standard Zip Deflate
2025-05-06 11:17:06,530 [INFO] ServerAccessManage:473 - Download File PacksControlFlags.xml
2025-05-06 11:17:06,716 [INFO] ServerAccessManage:473 - Download File cubemx.pidx
2025-05-06 11:17:07,248 [WARN] MainUpdater:1189 - Updater busy. Cannot search thirdparties
2025-05-06 11:17:07,248 [INFO] ThirdPartyUpdaterWithRetryManager:96 - Updater plugin is busy. [1/15]
2025-05-06 11:17:07,828 [INFO] ServerAccessManage:473 - Download File STMicroelectronics.X-CUBE-NFC7.pdsc
2025-05-06 11:17:08,092 [INFO] McuFinderGlobals:63 - Set McuFinder mode to 2 (CubeIDE integrated)
2025-05-06 11:17:09,281 [WARN] PackLoader:240 - Cannot read IP mode file for STMicroelectronics.X-CUBE-NFC7.2.0.0
2025-05-06 11:17:09,284 [INFO] PopulateThirdPartyThread:66 - Ending populate Thread
2025-05-06 11:17:09,285 [INFO] ThirdParty:1030 - CMSIS Pack Vendor :STMicroelectronics X-CUBE-NFC7 2.0.0
2025-05-06 11:17:09,285 [INFO] LoadServerUpdatesThread:373 - End of LoadServerUpdate Thread
2025-05-06 11:17:09,415 [INFO] CheckServerUpdateThread:120 - End of CheckServer Thread
2025-05-06 11:17:09,528 [INFO] MainUpdater:2868 - connection check result : 10
2025-05-06 11:17:09,538 [INFO] MainUpdater:2868 - connection check result : 10
2025-05-06 11:17:09,793 [INFO] MicroXplorer:468 - Change Database Path : 
2025-05-06 11:17:09,793 [INFO] MicroXplorer:498 - Change Database Version : DB.6.0.90
2025-05-06 11:17:09,797 [WARN] ThirdParty:871 - waiting for thirdparty lock release [close project]
2025-05-06 11:17:10,482 [WARN] PackLoader:240 - Cannot read IP mode file for STMicroelectronics.FP-SNS-MOTENVWB1.1.4.0
2025-05-06 11:17:10,490 [WARN] PackLoader:240 - Cannot read IP mode file for STMicroelectronics.FP-ATR-ASTRA1.2.0.2
2025-05-06 11:17:10,503 [WARN] PackLoader:240 - Cannot read IP mode file for STMicroelectronics.FP-ATR-ASTRA1.2.0.1
2025-05-06 11:17:10,521 [WARN] PackLoader:240 - Cannot read IP mode file for STMicroelectronics.X-CUBE-SMBUS.2.1.0
2025-05-06 11:17:10,536 [WARN] PackLoader:240 - Cannot read IP mode file for STMicroelectronics.X-CUBE-WB05N.1.1.0
2025-05-06 11:17:10,556 [WARN] PackLoader:240 - Cannot read IP mode file for STMicroelectronics.X-CUBE-TOUCHGFX.4.23.0
2025-05-06 11:17:10,571 [WARN] PackLoader:240 - Cannot read IP mode file for STMicroelectronics.X-CUBE-TOUCHGFX.4.23.2
2025-05-06 11:17:10,614 [WARN] PackLoader:240 - Cannot read IP mode file for STMicroelectronics.X-CUBE-AZRTOS-F7.1.1.0
2025-05-06 11:17:10,631 [ERROR] RealEvaluatedCondition:428 - Found unsupported composite condition: CLASS='Data Exchange' GROUP='STM32_MetaDataManager'
2025-05-06 11:17:10,631 [ERROR] RealEvaluatedCondition:428 - Found unsupported composite condition: CLASS='Data Exchange' GROUP='STM32_MetaDataManager'
2025-05-06 11:17:10,632 [WARN] PackLoader:240 - Cannot read IP mode file for STMicroelectronics.FP-SNS-MOTENV1.4.3.0
2025-05-06 11:17:10,652 [WARN] PackLoader:240 - Cannot read IP mode file for STMicroelectronics.FP-SNS-MOTENV1.4.3.2
2025-05-06 11:17:10,668 [WARN] PackLoader:240 - Cannot read IP mode file for STMicroelectronics.FP-SNS-FLIGHT1.5.0.0
2025-05-06 11:17:10,681 [WARN] PackLoader:240 - Cannot read IP mode file for STMicroelectronics.X-CUBE-BLE1.6.2.4
2025-05-06 11:17:10,696 [WARN] PackLoader:240 - Cannot read IP mode file for STMicroelectronics.FP-SNS-FLIGHT1.5.0.2
2025-05-06 11:17:10,711 [ERROR] Engine:466 - C:\Users\msi1\.stm32cubemx\thirdparties\pdsc\Infineon.AIROC-Wi-Fi-Bluetooth-STM32.1.7.0.pdsc: PDSC version is not supported
2025-05-06 11:17:10,725 [WARN] PackLoader:240 - Cannot read IP mode file for STMicroelectronics.X-CUBE-DISPLAY.3.0.0
2025-05-06 11:17:10,740 [WARN] PackLoader:240 - Cannot read IP mode file for STMicroelectronics.X-CUBE-BLE1.7.0.0
2025-05-06 11:17:10,755 [WARN] PackLoader:240 - Cannot read IP mode file for STMicroelectronics.X-CUBE-NFC10.1.0.0
2025-05-06 11:17:10,768 [ERROR] Engine:466 - C:\Users\msi1\.stm32cubemx\thirdparties\pdsc\STMicroelectronics.X-CUBE-BLEMGR.4.0.0.pdsc: PDSC version is not supported
2025-05-06 11:17:10,781 [WARN] PackLoader:240 - Cannot read IP mode file for emotas.I-CUBE-CANOPEN.1.3.0
2025-05-06 11:17:10,793 [WARN] PackLoader:240 - Cannot read IP mode file for STMicroelectronics.X-CUBE-TOUCHGFX.4.22.0
2025-05-06 11:17:10,805 [WARN] PackLoader:240 - Cannot read IP mode file for STMicroelectronics.X-CUBE-TOUCHGFX.4.22.1
2025-05-06 11:17:10,822 [WARN] PackLoader:240 - Cannot read IP mode file for STMicroelectronics.X-CUBE-BLEMGR.3.1.0
2025-05-06 11:17:10,838 [WARN] PackLoader:240 - Cannot read IP mode file for STMicroelectronics.X-CUBE-AI.10.0.0
2025-05-06 11:17:10,853 [WARN] PackLoader:240 - Cannot read IP mode file for STMicroelectronics.FP-SNS-SMARTAG2.1.2.0
2025-05-06 11:17:10,856 [ERROR] Engine:466 - C:\Users\msi1\.stm32cubemx\thirdparties\pdsc\STMicroelectronics.FP-SNS-FLIGHT1.5.1.0.pdsc: PDSC version is not supported
2025-05-06 11:17:10,919 [WARN] PackLoader:240 - Cannot read IP mode file for STMicroelectronics.X-CUBE-MEMS1.11.1.0
2025-05-06 11:17:11,048 [INFO] LogOutputStream:77 - [STDOUT_REDIRECT] 1 : Invalid condition id : UX_CORESTACK_Condition cause : null
2025-05-06 11:17:11,048 [INFO] LogOutputStream:77 - [STDOUT_REDIRECT] 1 : Invalid condition id : UX_CORESTACK_Condition cause : null
2025-05-06 11:17:11,049 [INFO] LogOutputStream:77 - [STDOUT_REDIRECT] 1 : Invalid condition id : UX_CORESTACK_Condition cause : null
2025-05-06 11:17:11,050 [INFO] LogOutputStream:77 - [STDOUT_REDIRECT] 1 : Invalid condition id : UX_CORESTACK_Condition cause : null
2025-05-06 11:17:11,051 [INFO] LogOutputStream:77 - [STDOUT_REDIRECT] 1 : Invalid condition id : UX_CORESTACK_Condition cause : null
2025-05-06 11:17:11,053 [WARN] PackLoader:240 - Cannot read IP mode file for STMicroelectronics.X-CUBE-AZRTOS-WL.2.0.0
2025-05-06 11:17:11,066 [WARN] PackLoader:240 - Cannot read IP mode file for STMicroelectronics.FP-SNS-MOTENV1.5.0.0
2025-05-06 11:17:11,073 [WARN] PackLoader:240 - Cannot read IP mode file for wolfSSL.I-CUBE-wolfMQTT.1.19.0
2025-05-06 11:17:11,087 [WARN] PackLoader:240 - Cannot read IP mode file for WES.I-CUBE-Cesium.1.3.0
2025-05-06 11:17:11,101 [WARN] PackLoader:240 - Cannot read IP mode file for STMicroelectronics.X-CUBE-BLE2.3.3.0
2025-05-06 11:17:11,116 [WARN] PackLoader:240 - Cannot read IP mode file for STMicroelectronics.X-CUBE-NFC9.1.0.0
2025-05-06 11:17:11,130 [WARN] PackLoader:240 - Cannot read IP mode file for STMicroelectronics.X-CUBE-BLE1.7.1.0
2025-05-06 11:17:11,144 [WARN] PackLoader:240 - Cannot read IP mode file for STMicroelectronics.X-CUBE-TCPP.4.1.0
2025-05-06 11:17:11,161 [WARN] PackLoader:240 - Cannot read IP mode file for STMicroelectronics.X-CUBE-TOUCHGFX.4.21.4
2025-05-06 11:17:11,175 [WARN] PackLoader:240 - Cannot read IP mode file for STMicroelectronics.X-CUBE-ALGOBUILD.1.3.0
2025-05-06 11:17:11,229 [WARN] PackLoader:240 - Cannot read IP mode file for STMicroelectronics.X-CUBE-MEMS1.11.2.0
2025-05-06 11:17:11,339 [WARN] PackLoader:240 - Cannot read IP mode file for STMicroelectronics.X-CUBE-AZRTOS-G0.1.1.0
2025-05-06 11:17:11,355 [WARN] PackLoader:240 - Cannot read IP mode file for STMicroelectronics.X-CUBE-SAFEA1.1.2.2
2025-05-06 11:17:11,369 [WARN] PackLoader:240 - Cannot read IP mode file for STMicroelectronics.X-CUBE-NFC4.3.0.0
2025-05-06 11:17:11,381 [WARN] PackLoader:240 - Cannot read IP mode file for wolfSSL.I-CUBE-wolfMQTT.1.18.0
2025-05-06 11:17:11,393 [ERROR] Engine:466 - C:\Users\msi1\.stm32cubemx\thirdparties\pdsc\EmbeddedOffice.I-CUBE-FS-RTOS.1.0.1.pdsc: PDSC version is not supported
2025-05-06 11:17:11,407 [WARN] PackLoader:240 - Cannot read IP mode file for STMicroelectronics.X-CUBE-WB05N.2.0.0
2025-05-06 11:17:11,425 [WARN] PackLoader:240 - Cannot read IP mode file for STMicroelectronics.X-CUBE-BLEMGR.3.0.0
2025-05-06 11:17:11,439 [ERROR] Engine:466 - C:\Users\msi1\.stm32cubemx\thirdparties\pdsc\STMicroelectronics.X-CUBE-TCPP.4.2.0.pdsc: PDSC version is not supported
2025-05-06 11:17:11,452 [ERROR] Engine:466 - C:\Users\msi1\.stm32cubemx\thirdparties\pdsc\RealThread.X-CUBE-RT-Thread_Nano.4.1.1.pdsc: PDSC version is not supported
2025-05-06 11:17:11,457 [WARN] PackLoader:240 - Cannot read IP mode file for STMicroelectronics.FP-ATR-SIGFOX1.3.2.0
2025-05-06 11:17:11,460 [ERROR] Engine:466 - C:\Users\msi1\.stm32cubemx\thirdparties\pdsc\quantropi.X-CUBE-qispace-sdk-base.1.9.3.pdsc: PDSC version is not supported
2025-05-06 11:17:11,476 [WARN] PackLoader:240 - Cannot read IP mode file for STMicroelectronics.X-CUBE-EEPRMA1.5.1.0
2025-05-06 11:17:11,493 [WARN] PackLoader:240 - Cannot read IP mode file for wolfSSL.I-CUBE-wolfSSL.5.7.6
2025-05-06 11:17:11,508 [WARN] PackLoader:240 - Cannot read IP mode file for ITTIA_DB.I-CUBE-ITTIADB.8.9.0
2025-05-06 11:17:11,548 [WARN] PackLoader:240 - Cannot read IP mode file for SEGGER.I-CUBE-embOS.1.3.1
2025-05-06 11:17:11,584 [WARN] PackLoader:240 - Cannot read IP mode file for STMicroelectronics.X-CUBE-ALGOBUILD.1.4.0
2025-05-06 11:17:11,597 [WARN] PackLoader:240 - Cannot read IP mode file for STMicroelectronics.X-CUBE-AI.9.1.0
2025-05-06 11:17:11,612 [WARN] PackLoader:240 - Cannot read IP mode file for STMicroelectronics.X-CUBE-GNSS1.6.0.0
2025-05-06 11:17:11,636 [WARN] PackLoader:240 - Cannot read IP mode file for STMicroelectronics.X-CUBE-AZRTOS-F4.1.1.0
2025-05-06 11:17:11,641 [ERROR] Engine:466 - C:\Users\msi1\.stm32cubemx\thirdparties\pdsc\Avnet-IotConnect.X-CUBE-IoTC-DA16k-PMOD.1.0.0.pdsc: PDSC version is not supported
2025-05-06 11:17:11,652 [WARN] PackLoader:240 - Cannot read IP mode file for wolfSSL.I-CUBE-wolfSSL.5.6.0
2025-05-06 11:17:11,664 [WARN] PackLoader:240 - Cannot read IP mode file for STMicroelectronics.X-CUBE-ISPU.2.1.0
2025-05-06 11:17:11,678 [WARN] PackLoader:240 - Cannot read IP mode file for STMicroelectronics.X-CUBE-FREERTOS.1.2.0
2025-05-06 11:17:11,705 [WARN] PackLoader:240 - Cannot read IP mode file for STMicroelectronics.X-CUBE-AZRTOS-L5.2.0.0
2025-05-06 11:17:11,748 [WARN] PackLoader:240 - Cannot read IP mode file for STMicroelectronics.X-CUBE-MEMS1.9.6.0
2025-05-06 11:17:11,844 [WARN] PackLoader:240 - Cannot read IP mode file for STMicroelectronics.X-CUBE-EEPRMA1.4.2.0
2025-05-06 11:17:11,864 [WARN] PackLoader:240 - Cannot read IP mode file for STMicroelectronics.X-CUBE-NFC6.3.1.0
2025-05-06 11:17:11,880 [WARN] PackLoader:240 - Cannot read IP mode file for ITTIA_DB.I-CUBE-ITTIADB.8.8.0
2025-05-06 11:17:11,897 [WARN] PackLoader:240 - Cannot read IP mode file for emotas.I-CUBE-CANOPEN.1.1.3
2025-05-06 11:17:11,915 [WARN] PackLoader:240 - Cannot read IP mode file for STMicroelectronics.X-CUBE-BLEMGR.2.0.0
2025-05-06 11:17:11,928 [ERROR] Engine:466 - C:\Users\msi1\.stm32cubemx\thirdparties\pdsc\STMicroelectronics.X-CUBE-DPower.1.2.0.pdsc: PDSC version is not supported
2025-05-06 11:17:11,940 [WARN] PackLoader:240 - Cannot read IP mode file for STMicroelectronics.X-CUBE-AI.9.0.0
2025-05-06 11:17:11,970 [WARN] ConditionMgr:438 - getConditionDescription Invalid condition id : UX DEVICE CLASS RTOS Condition cause : null
2025-05-06 11:17:11,971 [WARN] ConditionMgr:438 - getConditionDescription Invalid condition id : UX DEVICE CLASS RTOS Condition cause : null
2025-05-06 11:17:11,973 [WARN] PackLoader:240 - Cannot read IP mode file for STMicroelectronics.X-CUBE-AZRTOS-H7.3.1.0
2025-05-06 11:17:11,973 [WARN] ConditionMgr:1039 - genDependencies : Invalid condition id : UX DEVICE CLASS RTOS Condition cause : null
2025-05-06 11:17:11,973 [WARN] ConditionMgr:1039 - genDependencies : Invalid condition id : UX DEVICE CLASS RTOS Condition cause : null
2025-05-06 11:17:11,974 [WARN] ConditionMgr:1039 - genDependencies : Invalid condition id : UX DEVICE CLASS RTOS Condition cause : null
2025-05-06 11:17:11,974 [WARN] ConditionMgr:1039 - genDependencies : Invalid condition id : UX DEVICE CLASS RTOS Condition cause : null
2025-05-06 11:17:11,974 [WARN] ConditionMgr:1039 - genDependencies : Invalid condition id : UX DEVICE CLASS RTOS Condition cause : null
2025-05-06 11:17:11,988 [WARN] PackLoader:240 - Cannot read IP mode file for STMicroelectronics.X-CUBE-FREERTOS.1.3.0
2025-05-06 11:17:12,001 [WARN] PackLoader:240 - Cannot read IP mode file for STMicroelectronics.X-CUBE-NFC7.1.0.1
2025-05-06 11:17:12,014 [WARN] PackLoader:240 - Cannot read IP mode file for STMicroelectronics.X-CUBE-NFC7.1.0.0
2025-05-06 11:17:12,029 [WARN] PackLoader:240 - Cannot read IP mode file for wolfSSL.I-CUBE-wolfTPM.3.2.0
2025-05-06 11:17:12,044 [WARN] PackLoader:240 - Cannot read IP mode file for STMicroelectronics.X-CUBE-NFC6.3.0.0
2025-05-06 11:17:12,058 [WARN] PackLoader:240 - Cannot read IP mode file for STMicroelectronics.X-CUBE-EEPRMA1.4.1.0
2025-05-06 11:17:12,070 [ERROR] Engine:466 - C:\Users\msi1\.stm32cubemx\thirdparties\pdsc\STMicroelectronics.X-CUBE-DPower.1.3.0.pdsc: PDSC version is not supported
2025-05-06 11:17:12,085 [WARN] PackLoader:240 - Cannot read IP mode file for STMicroelectronics.X-CUBE-AI.8.1.0
2025-05-06 11:17:12,114 [WARN] ConditionMgr:438 - getConditionDescription Invalid condition id : LAN8742 Phy interface Condition cause : null
2025-05-06 11:17:12,115 [WARN] PackLoader:240 - Cannot read IP mode file for STMicroelectronics.X-CUBE-AZRTOS-L4.2.0.0
2025-05-06 11:17:12,116 [WARN] ConditionMgr:1039 - genDependencies : Invalid condition id : LAN8742 Phy interface Condition cause : null
2025-05-06 11:17:12,116 [WARN] ConditionMgr:1039 - genDependencies : Invalid condition id : LAN8742 Phy interface Condition cause : null
2025-05-06 11:17:12,117 [WARN] ConditionMgr:1039 - genDependencies : Invalid condition id : LAN8742 Phy interface Condition cause : null
2025-05-06 11:17:12,135 [WARN] PackLoader:240 - Cannot read IP mode file for STMicroelectronics.X-CUBE-SFXS2LP1.4.0.0
2025-05-06 11:17:12,150 [WARN] PackLoader:240 - Cannot read IP mode file for STMicroelectronics.X-CUBE-ISPU.1.1.0
2025-05-06 11:17:12,182 [WARN] PackLoader:240 - Cannot read IP mode file for STMicroelectronics.X-CUBE-AZRTOS-H7.3.3.0
2025-05-06 11:17:12,202 [ERROR] Engine:466 - C:\Users\msi1\.stm32cubemx\thirdparties\pdsc\STMicroelectronics.X-CUBE-IPS.3.0.0.pdsc: PDSC version is not supported
2025-05-06 11:17:12,231 [WARN] ConditionMgr:438 - getConditionDescription Invalid condition id : UX DEVICE CLASS RTOS Condition cause : null
2025-05-06 11:17:12,231 [WARN] ConditionMgr:438 - getConditionDescription Invalid condition id : UX DEVICE CLASS RTOS Condition cause : null
2025-05-06 11:17:12,233 [WARN] PackLoader:240 - Cannot read IP mode file for STMicroelectronics.X-CUBE-AZRTOS-WB.2.0.0
2025-05-06 11:17:12,234 [WARN] ConditionMgr:1039 - genDependencies : Invalid condition id : UX DEVICE CLASS RTOS Condition cause : null
2025-05-06 11:17:12,234 [WARN] ConditionMgr:1039 - genDependencies : Invalid condition id : UX DEVICE CLASS RTOS Condition cause : null
2025-05-06 11:17:12,235 [WARN] ConditionMgr:1039 - genDependencies : Invalid condition id : UX DEVICE CLASS RTOS Condition cause : null
2025-05-06 11:17:12,235 [WARN] ConditionMgr:1039 - genDependencies : Invalid condition id : UX DEVICE CLASS RTOS Condition cause : null
2025-05-06 11:17:12,235 [WARN] ConditionMgr:1039 - genDependencies : Invalid condition id : UX DEVICE CLASS RTOS Condition cause : null
2025-05-06 11:17:12,251 [WARN] PackLoader:240 - Cannot read IP mode file for STMicroelectronics.X-CUBE-FREERTOS.1.0.1
2025-05-06 11:17:12,264 [WARN] PackLoader:240 - Cannot read IP mode file for STMicroelectronics.X-CUBE-GNSS1.7.0.1
2025-05-06 11:17:12,276 [WARN] PackLoader:240 - Cannot read IP mode file for STMicroelectronics.X-CUBE-TOUCHGFX.4.25.0
2025-05-06 11:17:12,288 [ERROR] Engine:466 - C:\Users\msi1\.stm32cubemx\thirdparties\pdsc\STMicroelectronics.FP-SNS-STBOX1.2.0.0.pdsc: PDSC version is not supported
2025-05-06 11:17:12,310 [WARN] PackLoader:240 - Cannot read IP mode file for STMicroelectronics.X-CUBE-AZRTOS-L5.1.1.0
2025-05-06 11:17:12,323 [WARN] PackLoader:240 - Cannot read IP mode file for STMicroelectronics.X-CUBE-AI.8.0.1
2025-05-06 11:17:12,340 [WARN] PackLoader:240 - Cannot read IP mode file for STMicroelectronics.X-CUBE-SUBG2.5.0.0
2025-05-06 11:17:12,373 [WARN] PackLoader:240 - Cannot read IP mode file for STMicroelectronics.X-CUBE-AZRTOS-H7RS.1.1.0
2025-05-06 11:17:12,380 [WARN] PackLoader:240 - Cannot read IP mode file for Cesanta.I-CUBE-Mongoose.7.13.0
2025-05-06 11:17:12,400 [WARN] PackLoader:240 - Cannot read IP mode file for STMicroelectronics.X-CUBE-TOF1.3.3.1
2025-05-06 11:17:12,432 [WARN] PackLoader:240 - Cannot read IP mode file for STMicroelectronics.X-CUBE-AZRTOS-G4.2.0.0
2025-05-06 11:17:12,450 [WARN] PackLoader:240 - Cannot read IP mode file for STMicroelectronics.X-CUBE-TOF1.3.3.0
2025-05-06 11:17:12,482 [WARN] PackLoader:240 - Cannot read IP mode file for Infineon.AIROC-Wi-Fi-Bluetooth-STM32.1.5.1
2025-05-06 11:17:12,496 [WARN] PackLoader:240 - Cannot read IP mode file for STMicroelectronics.FP-SNS-MOTENVWB1.1.3.0
2025-05-06 11:17:12,499 [WARN] PackLoader:240 - Cannot read IP mode file for STMicroelectronics.X-CUBE-NFC7.2.0.0
2025-05-06 11:17:12,512 [WARN] PackLoader:240 - Cannot read IP mode file for STMicroelectronics.FP-SNS-MOTENVWB1.1.3.1
2025-05-06 11:17:12,538 [WARN] PackLoader:240 - Cannot read IP mode file for STMicroelectronics.X-CUBE-AZRTOS-L4.1.0.0
2025-05-06 11:17:12,551 [WARN] PackLoader:240 - Cannot read IP mode file for STMicroelectronics.X-CUBE-ISPU.2.0.0
2025-05-06 11:17:12,565 [ERROR] Engine:466 - C:\Users\msi1\.stm32cubemx\thirdparties\pdsc\STMicroelectronics.X-CUBE-IPS.3.1.0.pdsc: PDSC version is not supported
2025-05-06 11:17:12,578 [WARN] PackLoader:240 - Cannot read IP mode file for STMicroelectronics.X-CUBE-ALS.1.0.2
2025-05-06 11:17:12,615 [WARN] PackLoader:240 - Cannot read IP mode file for STMicroelectronics.X-CUBE-MEMS1.10.0.0
2025-05-06 11:17:12,693 [WARN] PackLoader:240 - Cannot read IP mode file for STMicroelectronics.X-CUBE-FREERTOS.1.1.0
2025-05-06 11:17:12,709 [WARN] PackLoader:240 - Cannot read IP mode file for STMicroelectronics.X-CUBE-TOUCHGFX.4.24.0
2025-05-06 11:17:12,724 [WARN] PackLoader:240 - Cannot read IP mode file for STMicroelectronics.X-CUBE-TOUCHGFX.4.24.2
2025-05-06 11:17:12,748 [WARN] PackLoader:240 - Cannot read IP mode file for STMicroelectronics.X-CUBE-AZRTOS-WL.1.0.0
2025-05-06 11:17:12,769 [WARN] PackLoader:240 - Cannot read IP mode file for STMicroelectronics.X-CUBE-TOUCHGFX.4.24.1
2025-05-06 11:17:12,773 [WARN] PackLoader:240 - Cannot read IP mode file for wolfSSL.I-CUBE-wolfTPM.3.4.0
2025-05-06 11:17:12,789 [WARN] PackLoader:240 - Cannot read IP mode file for portGmbH.I-Cube-SoM-uGOAL.1.1.0
2025-05-06 11:17:12,803 [WARN] PackLoader:240 - Cannot read IP mode file for STMicroelectronics.X-CUBE-ALS.1.0.1
2025-05-06 11:17:12,823 [WARN] PackLoader:240 - Cannot read IP mode file for STMicroelectronics.X-CUBE-AZRTOS-WB.1.1.0
2025-05-06 11:17:12,849 [WARN] PackLoader:240 - Cannot read IP mode file for STMicroelectronics.X-CUBE-AZRTOS-H7RS.1.0.0
2025-05-06 11:17:12,863 [WARN] PackLoader:240 - Cannot read IP mode file for STMicroelectronics.FP-ATR-ASTRA1.2.0.0
2025-05-06 11:17:12,879 [ERROR] Engine:466 - C:\Users\msi1\.stm32cubemx\thirdparties\pdsc\STMicroelectronics.X-CUBE-TOF1.3.4.2.pdsc: PDSC version is not supported
2025-05-06 11:17:12,895 [ERROR] Engine:466 - C:\Users\msi1\.stm32cubemx\thirdparties\pdsc\STMicroelectronics.X-CUBE-TOF1.3.4.3.pdsc: PDSC version is not supported
2025-05-06 11:17:12,914 [WARN] PackLoader:240 - Cannot read IP mode file for STMicroelectronics.X-CUBE-TOF1.3.4.0
2025-05-06 11:17:12,938 [WARN] PackLoader:240 - Cannot read IP mode file for STMicroelectronics.X-CUBE-TOF1.3.4.1
2025-05-06 11:17:12,973 [WARN] PackLoader:240 - Cannot read IP mode file for STMicroelectronics.X-CUBE-AZRTOS-H7.3.2.0
2025-05-06 11:17:12,980 [WARN] PackLoader:240 - Cannot read IP mode file for wolfSSL.I-CUBE-wolfSSH.1.4.17
2025-05-06 11:17:12,981 [INFO] ThirdParty:978 - Integrity check success = true
2025-05-06 11:17:12,981 [INFO] IntegrityCheckThread:100 - exiting critical section [integrity check]
2025-05-06 11:17:12,981 [INFO] IntegrityCheckThread:103 - End integrity checks thread
2025-05-06 11:17:12,981 [INFO] ThirdParty:873 - entering critical section [close project]
2025-05-06 11:17:12,982 [INFO] ThirdParty:883 - exiting critical section [close project]
2025-05-06 11:17:12,983 [INFO] PinOutPanel:1499 - setPackage(No Configuration,No Configuration)
2025-05-06 11:17:12,988 [INFO] UtilMem:75 - Begin LoadConfig() Used Memory: 275221272 Bytes (424673280)
2025-05-06 11:17:12,990 [INFO] MicroXplorer:468 - Change Database Path : 
2025-05-06 11:17:12,990 [INFO] MicroXplorer:498 - Change Database Version : DB.6.0.90
2025-05-06 11:17:12,990 [INFO] OpenFileManager:308 - Change cursor
2025-05-06 11:17:13,031 [INFO] Mcu:1946 - Initializing MCU STM32F103C(8-B)Tx STM32F103CBTx STM32F103CBT6
2025-05-06 11:17:13,867 [INFO] Context:659 - Trying to add GPIOservice into a context  which must be forbidden
2025-05-06 11:17:14,226 [INFO] RtosManager:555 - Registered RTOS mode: class=CMSIS, group=RTOS, mode=CMSIS_V1, owner=FREERTOS
2025-05-06 11:17:14,226 [INFO] RtosManager:555 - Registered RTOS mode: class=CMSIS, group=RTOS2, mode=CMSIS_V2, owner=FREERTOS
2025-05-06 11:17:14,226 [INFO] RtosManager:555 - Registered RTOS mode: class=RTOS, group=Core, mode=CMSIS_V1, owner=FREERTOS
2025-05-06 11:17:14,227 [INFO] RtosManager:555 - Registered RTOS mode: class=RTOS, group=Core, mode=CMSIS_V2, owner=FREERTOS
2025-05-06 11:17:14,227 [WARN] ModelIntegratedComponent:184 - Missing modes for component STMicroelectronics:FreeRTOS:0.0.1:STMicroelectronics:RTOS:FreeRTOS:Core:::10.2.0:
2025-05-06 11:17:14,231 [WARN] ModelIntegratedComponent:63 - No mode defined for component null
2025-05-06 11:17:14,232 [WARN] ModelIntegratedComponent:63 - No mode defined for component null
2025-05-06 11:17:14,232 [WARN] ModelIntegratedComponent:63 - No mode defined for component null
2025-05-06 11:17:14,232 [WARN] ModelIntegratedComponent:63 - No mode defined for component null
2025-05-06 11:17:14,232 [WARN] ModelIntegratedComponent:63 - No mode defined for component null
2025-05-06 11:17:14,232 [WARN] ModelIntegratedComponent:63 - No mode defined for component null
2025-05-06 11:17:14,232 [WARN] ModelIntegratedComponent:63 - No mode defined for component null
2025-05-06 11:17:14,232 [WARN] ModelIntegratedComponent:63 - No mode defined for component null
2025-05-06 11:17:14,232 [WARN] ModelIntegratedComponent:63 - No mode defined for component null
2025-05-06 11:17:14,232 [WARN] ModelIntegratedComponent:63 - No mode defined for component null
2025-05-06 11:17:14,232 [WARN] ModelIntegratedComponent:63 - No mode defined for component null
2025-05-06 11:17:14,232 [WARN] ModelIntegratedComponent:63 - No mode defined for component null
2025-05-06 11:17:14,232 [WARN] ModelIntegratedComponent:63 - No mode defined for component null
2025-05-06 11:17:14,232 [WARN] ModelIntegratedComponent:63 - No mode defined for component null
2025-05-06 11:17:14,232 [WARN] ModelIntegratedComponent:63 - No mode defined for component null
2025-05-06 11:17:14,232 [WARN] ModelIntegratedComponent:63 - No mode defined for component null
2025-05-06 11:17:14,232 [WARN] ModelIntegratedComponent:63 - No mode defined for component null
2025-05-06 11:17:14,232 [WARN] ModelIntegratedComponent:63 - No mode defined for component null
2025-05-06 11:17:14,232 [WARN] ModelIntegratedComponent:63 - No mode defined for component null
2025-05-06 11:17:14,232 [WARN] ModelIntegratedComponent:63 - No mode defined for component null
2025-05-06 11:17:14,233 [WARN] ModelIntegratedComponent:63 - No mode defined for component null
2025-05-06 11:17:14,233 [WARN] ModelIntegratedComponent:63 - No mode defined for component null
2025-05-06 11:17:14,233 [WARN] ModelIntegratedComponent:63 - No mode defined for component null
2025-05-06 11:17:14,233 [WARN] ModelIntegratedComponent:63 - No mode defined for component null
2025-05-06 11:17:14,233 [WARN] ModelIntegratedComponent:63 - No mode defined for component null
2025-05-06 11:17:14,233 [WARN] ModelIntegratedComponent:63 - No mode defined for component null
2025-05-06 11:17:14,233 [WARN] ModelIntegratedComponent:63 - No mode defined for component null
2025-05-06 11:17:14,233 [WARN] ModelIntegratedComponent:63 - No mode defined for component null
2025-05-06 11:17:14,233 [WARN] ModelIntegratedComponent:63 - No mode defined for component null
2025-05-06 11:17:14,233 [WARN] ModelIntegratedComponent:63 - No mode defined for component null
2025-05-06 11:17:14,233 [WARN] ModelIntegratedComponent:63 - No mode defined for component null
2025-05-06 11:17:14,233 [WARN] ModelIntegratedComponent:63 - No mode defined for component null
2025-05-06 11:17:14,233 [WARN] ModelIntegratedComponent:63 - No mode defined for component null
2025-05-06 11:17:14,457 [INFO] ThirdPartyModel:298 - Start build external matchings
2025-05-06 11:17:16,481 [INFO] ThirdPartyModel:316 - End build external matchings
2025-05-06 11:17:16,521 [INFO] ImportTextPane:194 - (OptionalMessage_ERROR) IP (RCC) : Parameter (ADCFreqValue) has invalid value (36000000)
2025-05-06 11:17:16,521 [INFO] ImportTextPane:194 - (OptionalMessage_ERROR) IP (RCC) : Invalid parameter (FamilyName)
2025-05-06 11:17:16,521 [INFO] ImportTextPane:194 - (OptionalMessage_ERROR) IP (RCC) : Parameter (MCOFreq_Value) has invalid value (72000000)
2025-05-06 11:17:16,522 [INFO] ImportTextPane:194 - (OptionalMessage_ERROR) IP (RCC) : Parameter (USBFreq_Value) has invalid value (72000000)
2025-05-06 11:17:16,725 [INFO] UtilMem:75 - End LoadConfig() Used Memory: 184755856 Bytes (424673280)
2025-05-06 11:17:16,885 [INFO] ApiDb:581 - Connected to CubeFinder SQLite database (C:\Users\msi1\.stmcufinder\plugins\mcufinder\mcu\cube-finder-db.db)
2025-05-06 11:17:16,983 [INFO] ApiDb:668 - CubeFinder database Data Model version=2.1
2025-05-06 11:17:16,983 [INFO] ApiDb:669 - CubeFinder database Configuration version=3.0.39
2025-05-06 11:17:16,983 [INFO] ApiDb:670 - CubeFinder database generation date=2025-04-23 (1745419778)
2025-05-06 11:17:16,983 [INFO] ApiDb:671 - CubeFinder database FW Pack versions=[FP-ATR-ASTRA1_V2.0.0, FP-SNS-FLIGHT1_V5.1.0, FP-SNS-MOTENV1_V5.0.0, FP-SNS-MOTENVWB1_V1.4.0, FP-SNS-SMARTAG2_V1.2.0, FP-SNS-STBOX1_V2.0.0, STM32Cube_FW_C0_V1.4.0, STM32Cube_FW_F4_V1.28.1, STM32Cube_FW_F7_V1.17.2, STM32Cube_FW_G0_V1.6.2, STM32Cube_FW_G4_V1.6.1, STM32Cube_FW_H5_V1.5.0, STM32Cube_FW_H7RS_V1.2.0, STM32Cube_FW_H7_V1.12.1, STM32Cube_FW_L0_V1.12.2, STM32Cube_FW_L4_V1.18.1, STM32Cube_FW_L5_V1.5.1, STM32Cube_FW_N6_V1.1.1, STM32Cube_FW_U0_V1.2.0, STM32Cube_FW_U3_V1.1.0, STM32Cube_FW_U5_V1.7.0, STM32Cube_FW_WB0_V1.2.0, STM32Cube_FW_WBA_V1.6.0, STM32Cube_FW_WB_V1.22.0, STM32Cube_FW_WL3_V1.1.0, STM32Cube_FW_WL_V1.3.1, X-CUBE-ALGOBUILD_V1.4.0, X-CUBE-ALS_V1.0.2, X-CUBE-AZRTOS-F4_V1.1.0, X-CUBE-AZRTOS-F7_V1.1.0, X-CUBE-AZRTOS-G0_V1.1.0, X-CUBE-AZRTOS-G4_V2.0.0, X-CUBE-AZRTOS-H7RS_V1.1.0, X-CUBE-AZRTOS-H7_V3.3.0, X-CUBE-AZRTOS-L4_V2.0.0, X-CUBE-AZRTOS-L5_V2.0.0, X-CUBE-AZRTOS-WB_V2.0.0, X-CUBE-AZRTOS-WL_V2.0.0, X-CUBE-BLE1_V7.1.0, X-CUBE-BLE2_V3.3.0, X-CUBE-BLEMGR_V4.0.0, X-CUBE-EEPRMA1_V5.1.0, X-CUBE-FREERTOS_V1.3.0, X-CUBE-GNSS1_V6.0.0, X-CUBE-MEMS1_V11.2.0, X-CUBE-NFC4_V3.0.0, X-CUBE-NFC7_V1.0.1, X-CUBE-SFXS2LP1_V4.0.0, X-CUBE-SUBG2_V5.0.0, X-CUBE-TOF1_V3.4.3]
2025-05-06 11:17:19,764 [INFO] ApiDb:240 - Found 323 in-development CPN: [B-G473E-ZEST1S, B-WB1M-WPAN1, B-WL5M-SUBG1, NUCLEO-C031C6, NUCLEO-H503RB, NUCLEO-H563ZI, NUCLEO-U545RE-Q, NUCLEO-U5A5ZJ-Q, NUCLEO-WBA52CG, STEVAL-PROTEUS1, STEVAL-SMARTAG2, STEVAL-STWINBX1, STM320518-EVAL, STM32C0116-DK, STM32C011D6Y3TR, STM32C011D6Y6TR, STM32C011F4P3, STM32C011F4P6, STM32C011F4U3, STM32C011F4U6TR, STM32C011F6P3, STM32C011F6P6, STM32C011F6U3, STM32C011F6U6TR, STM32C011J4M3, STM32C011J4M6, STM32C011J6M3, STM32C011J6M6, STM32C0316-DK, STM32C031C4T3, STM32C031C4T6, STM32C031C4U3, STM32C031C4U6, STM32C031C6T3, STM32C031C6T6, STM32C031C6U3, STM32C031C6U6, STM32C031F4P3, STM32C031F4P6, STM32C031F6P3, STM32C031F6P6, STM32C031G4U3, STM32C031G4U6, STM32C031G6U3, STM32C031G6U6, STM32C031K4T3, STM32C031K4T6, STM32C031K4U3, STM32C031K4U6, STM32C031K6T3, STM32C031K6T6, STM32C031K6U3, STM32C031K6U6, STM32G071K8TXN, STM32G071K8UXN, STM32G081GBU6N, STM32G081KBT6N, STM32G081KBUXN, STM32G0B1CCT6N, STM32G0B1KCT6, STM32G0B1NEY6TR, STM32G0B1RCT6N, STM32G0C1CCT6, STM32G0C1CCT6N, STM32G0C1CCU6N, STM32G0C1CET6N, STM32G0C1CEU6N, STM32G0C1KCT6, STM32G0C1NEY6TR, STM32G0C1RCI6N, STM32G0C1RCT6N, STM32G0C1REI6N, STM32G0C1RET6N, STM32G0C1VCI6, STM32G0C1VEI6, STM32G471CCT6, STM32G471CCU6, STM32G471CET3, STM32G471CET6, STM32G471CEU3, STM32G471CEU6, STM32G471MCT6, STM32G471MET3, STM32G471MET6, STM32G471MEY6TR, STM32G471QCT6, STM32G471QET3, STM32G471RCT6, STM32G471RET3, STM32G471RET6, STM32G471VCH6, STM32G471VCI6, STM32G471VCT6, STM32G471VEH3, STM32G471VEH6, STM32G471VEI3, STM32G471VEI6, STM32G471VET3, STM32G471VET6, STM32G474CCT6, STM32H503CBT6, STM32H503CBU6, STM32H503EBY6TR, STM32H503KBU6, STM32H503RBT6, STM32H562AGI6, STM32H562AII6, STM32H562IGK6, STM32H562IGT6, STM32H562IIK6, STM32H562IIT6, STM32H562RGT6, STM32H562RGV6, STM32H562RIT6, STM32H562RIV6, STM32H562VGT6, STM32H562VIT6, STM32H562ZGT6, STM32H562ZIT6, STM32H563AGI6, STM32H563AII3Q, STM32H563AII6, STM32H563IGK6, STM32H563IGT6, STM32H563IIK3Q, STM32H563IIK6, STM32H563IIT3Q, STM32H563IIT6, STM32H563MIY3QTR, STM32H563RGT6, STM32H563RGV6, STM32H563RIT6, STM32H563RIV6, STM32H563VGT6, STM32H563VIT3Q, STM32H563VIT6, STM32H563ZGT6, STM32H563ZIT3Q, STM32H563ZIT6, STM32H573AII3Q, STM32H573AII6, STM32H573I-DK, STM32H573IIK3Q, STM32H573IIK6, STM32H573IIT3Q, STM32H573IIT6, STM32H573MIY3QTR, STM32H573RIT6, STM32H573RIV6, STM32H573VIT3Q, STM32H573VIT6, STM32H573ZIT3Q, STM32H573ZIT6, STM32L4R5QGI6STR, STM32MP131AAE3, STM32MP131AAF3, STM32MP131AAG3, STM32MP131CAE3, STM32MP131CAF3, STM32MP131CAG3, STM32MP131DAE7, STM32MP131DAF7, STM32MP131DAG7, STM32MP131FAE7, STM32MP131FAF7, STM32MP131FAG7, STM32MP133AAE3, STM32MP133AAF3, STM32MP133AAG3, STM32MP133CAE3, STM32MP133CAF3, STM32MP133CAG3, STM32MP133DAE7, STM32MP133DAF7, STM32MP133DAG7, STM32MP133FAE7, STM32MP133FAF7, STM32MP133FAG7, STM32MP135AAE3, STM32MP135AAF3, STM32MP135AAG3, STM32MP135CAE3, STM32MP135CAF3, STM32MP135CAG3, STM32MP135DAE7, STM32MP135DAF7, STM32MP135DAG7, STM32MP135F-DK, STM32MP135FAE7, STM32MP135FAF7, STM32MP135FAF7T, STM32MP135FAF7U, STM32MP135FAG7, STM32U535CBT6, STM32U535CBT6Q, STM32U535CBU6, STM32U535CBU6Q, STM32U535CCT6, STM32U535CCT6Q, STM32U535CCU6, STM32U535CCU6Q, STM32U535CET6, STM32U535CET6Q, STM32U535CEU6, STM32U535CEU6Q, STM32U535JEY6QTR, STM32U535NCY6QTR, STM32U535NEY6QTR, STM32U535RBI6, STM32U535RBI6Q, STM32U535RBT6, STM32U535RBT6Q, STM32U535RCI6, STM32U535RCI6Q, STM32U535RCT6, STM32U535RCT6Q, STM32U535REI6, STM32U535REI6Q, STM32U535RET6, STM32U535RET6Q, STM32U535VCI6, STM32U535VCI6Q, STM32U535VCT6, STM32U535VCT6Q, STM32U535VEI6, STM32U535VEI6Q, STM32U535VET6, STM32U535VET6Q, STM32U545CET6, STM32U545CET6Q, STM32U545CEU6, STM32U545CEU6Q, STM32U545JEY6QTR, STM32U545NEY6QTR, STM32U545REI6, STM32U545REI6Q, STM32U545RET6, STM32U545RET6Q, STM32U545VEI6, STM32U545VEI6Q, STM32U545VET6, STM32U545VET6Q, STM32U595AIH6, STM32U595AIH6Q, STM32U595AJH6, STM32U595AJH6Q, STM32U595QII6, STM32U595QII6Q, STM32U595QJI6, STM32U595QJI6Q, STM32U595RIT6, STM32U595RIT6Q, STM32U595RJT6, STM32U595RJT6Q, STM32U595VIT6, STM32U595VIT6Q, STM32U595VJT6, STM32U595VJT6Q, STM32U595ZIT6, STM32U595ZIT6Q, STM32U595ZIY6QTR, STM32U595ZJT6, STM32U595ZJT6Q, STM32U595ZJY6QTR, STM32U599BJY6QTR, STM32U599NIH6Q, STM32U599NJH6Q, STM32U599VIT6Q, STM32U599VJT6, STM32U599VJT6Q, STM32U599ZIT6Q, STM32U599ZIY6QTR, STM32U599ZJT6Q, STM32U599ZJY6QTR, STM32U5A5AJH6, STM32U5A5AJH6Q, STM32U5A5QJI6, STM32U5A5QJI6Q, STM32U5A5RJT6, STM32U5A5RJT6Q, STM32U5A5VJT6, STM32U5A5VJT6Q, STM32U5A5ZJT6, STM32U5A5ZJT6Q, STM32U5A5ZJY6QTR, STM32U5A9BJY6QTR, STM32U5A9J-DK, STM32U5A9NJH6Q, STM32U5A9VJT6Q, STM32U5A9ZJT6Q, STM32U5A9ZJY6QTR, STM32U5F7VIT6, STM32U5F7VIT6Q, STM32U5F7VJT6, STM32U5F7VJT6Q, STM32U5F9BJY6QTR, STM32U5F9NJH6Q, STM32U5F9VIT6Q, STM32U5F9VJT6Q, STM32U5F9ZIJ6QTR, STM32U5F9ZIT6Q, STM32U5F9ZJJ6QTR, STM32U5F9ZJT6Q, STM32U5G7VJT6, STM32U5G7VJT6Q, STM32U5G9BJY6QTR, STM32U5G9J-DK1, STM32U5G9J-DK2, STM32U5G9NJH6Q, STM32U5G9VJT6Q, STM32U5G9ZJJ6QTR, STM32U5G9ZJT6Q, STM32WB1MMCH6, STM32WBA52CEU6, STM32WBA52CEU6T, STM32WBA52CGU6, STM32WBA52CGU6T, STM32WBA52KEU6, STM32WBA52KEU6T, STM32WBA52KGU6, STM32WBA52KGU6T, STM32WL5MOCH6, STM32WL5MOCH6TR]
2025-05-06 11:17:19,770 [INFO] DbMcus:217 - Found 4642 MCUs, 4642 are supported
2025-05-06 11:17:19,778 [INFO] ApiDb:423 - Load user favorites file C:\Users\msi1/.stm32cubeide/favorites.mcus.txt: 3 item(s)
2025-05-06 11:17:19,779 [INFO] ApiDb:427 - User favorites MCUs=[STM32F103CBT6, STM32F303VCT6, STM32F407VGT6]
2025-05-06 11:17:19,779 [INFO] DbMcus:223 - Set 3 / 3 favorites MCUs
2025-05-06 11:17:20,215 [WARN] ThirdParty:833 - waiting for thirdparty lock release [change project]
2025-05-06 11:17:20,215 [INFO] ThirdParty:835 - entering critical section [change project]
2025-05-06 11:17:20,215 [INFO] ThirdParty:1030 - CMSIS Pack Vendor :STMicroelectronics USBPD 4.1
2025-05-06 11:17:20,215 [INFO] ThirdParty:1030 - CMSIS Pack Vendor :STMicroelectronics X-CUBE-GNSS1 6.0.0
2025-05-06 11:17:20,215 [INFO] ThirdParty:1030 - CMSIS Pack Vendor :STMicroelectronics USB_HOST 2.0.0
2025-05-06 11:17:20,215 [INFO] ThirdParty:1030 - CMSIS Pack Vendor :STMicroelectronics FP-SNS-MOTENVWB1 1.4.0
2025-05-06 11:17:20,215 [INFO] ThirdParty:1030 - CMSIS Pack Vendor :STMicroelectronics X-CUBE-AZRTOS-F4 1.1.0
2025-05-06 11:17:20,215 [INFO] ThirdParty:1030 - CMSIS Pack Vendor :STMicroelectronics LIBJPEG 8.0.0
2025-05-06 11:17:20,215 [INFO] ThirdParty:1030 - CMSIS Pack Vendor :STMicroelectronics FP-ATR-ASTRA1 2.0.2
2025-05-06 11:17:20,215 [INFO] ThirdParty:1030 - CMSIS Pack Vendor :STMicroelectronics FP-ATR-ASTRA1 2.0.1
2025-05-06 11:17:20,215 [INFO] ThirdParty:1030 - CMSIS Pack Vendor :STMicroelectronics X-CUBE-SMBUS 2.1.0
2025-05-06 11:17:20,215 [INFO] ThirdParty:1030 - CMSIS Pack Vendor :STMicroelectronics X-CUBE-WB05N 1.1.0
2025-05-06 11:17:20,215 [INFO] ThirdParty:1030 - CMSIS Pack Vendor :wolfSSL I-CUBE-wolfSSL 5.6.0
2025-05-06 11:17:20,215 [INFO] ThirdParty:1030 - CMSIS Pack Vendor :STMicroelectronics X-CUBE-ISPU 2.1.0
2025-05-06 11:17:20,215 [INFO] ThirdParty:1030 - CMSIS Pack Vendor :STMicroelectronics X-CUBE-FREERTOS 1.2.0
2025-05-06 11:17:20,215 [INFO] ThirdParty:1030 - CMSIS Pack Vendor :STMicroelectronics X-CUBE-TOUCHGFX 4.23.0
2025-05-06 11:17:20,215 [INFO] ThirdParty:1030 - CMSIS Pack Vendor :STMicroelectronics X-CUBE-TOUCHGFX 4.23.2
2025-05-06 11:17:20,216 [INFO] ThirdParty:1030 - CMSIS Pack Vendor :STMicroelectronics X-CUBE-AZRTOS-F7 1.1.0
2025-05-06 11:17:20,216 [INFO] ThirdParty:1030 - CMSIS Pack Vendor :STMicroelectronics X-CUBE-AZRTOS-L5 2.0.0
2025-05-06 11:17:20,216 [INFO] ThirdParty:1030 - CMSIS Pack Vendor :STMicroelectronics USB_DEVICE 2.0.0
2025-05-06 11:17:20,216 [INFO] ThirdParty:1030 - CMSIS Pack Vendor :STMicroelectronics X-CUBE-MEMS1 9.6.0
2025-05-06 11:17:20,216 [INFO] ThirdParty:1030 - CMSIS Pack Vendor :STMicroelectronics X-CUBE-EEPRMA1 4.2.0
2025-05-06 11:17:20,216 [INFO] ThirdParty:1030 - CMSIS Pack Vendor :STMicroelectronics X-CUBE-NFC6 3.1.0
2025-05-06 11:17:20,216 [INFO] ThirdParty:1030 - CMSIS Pack Vendor :ITTIA_DB I-CUBE-ITTIADB 8.8.0
2025-05-06 11:17:20,216 [INFO] ThirdParty:1030 - CMSIS Pack Vendor :STMicroelectronics FP-SNS-MOTENV1 4.3.0
2025-05-06 11:17:20,216 [INFO] ThirdParty:1030 - CMSIS Pack Vendor :STMicroelectronics FP-SNS-MOTENV1 4.3.2
2025-05-06 11:17:20,216 [INFO] ThirdParty:1030 - CMSIS Pack Vendor :STMicroelectronics FP-SNS-FLIGHT1 5.0.0
2025-05-06 11:17:20,216 [INFO] ThirdParty:1030 - CMSIS Pack Vendor :STMicroelectronics X-CUBE-BLE1 6.2.4
2025-05-06 11:17:20,216 [INFO] ThirdParty:1030 - CMSIS Pack Vendor :STMicroelectronics FreeRTOS 0.0.1
2025-05-06 11:17:20,216 [INFO] ThirdParty:1030 - CMSIS Pack Vendor :emotas I-CUBE-CANOPEN 1.1.3
2025-05-06 11:17:20,216 [INFO] ThirdParty:1030 - CMSIS Pack Vendor :STMicroelectronics X-CUBE-BLEMGR 2.0.0
2025-05-06 11:17:20,216 [INFO] ThirdParty:1030 - CMSIS Pack Vendor :STMicroelectronics FP-SNS-FLIGHT1 5.0.2
2025-05-06 11:17:20,216 [INFO] ThirdParty:1030 - CMSIS Pack Vendor :STMicroelectronics X-CUBE-AI 9.0.0
2025-05-06 11:17:20,216 [INFO] ThirdParty:1030 - CMSIS Pack Vendor :STMicroelectronics X-CUBE-AZRTOS-H7 3.1.0
2025-05-06 11:17:20,216 [INFO] ThirdParty:1030 - CMSIS Pack Vendor :STMicroelectronics PDM2PCM 3.3.0
2025-05-06 11:17:20,216 [INFO] ThirdParty:1030 - CMSIS Pack Vendor :STMicroelectronics X-CUBE-DISPLAY 3.0.0
2025-05-06 11:17:20,216 [INFO] ThirdParty:1030 - CMSIS Pack Vendor :STMicroelectronics X-CUBE-BLE1 7.0.0
2025-05-06 11:17:20,216 [INFO] ThirdParty:1030 - CMSIS Pack Vendor :STMicroelectronics X-CUBE-NFC10 1.0.0
2025-05-06 11:17:20,216 [INFO] ThirdParty:1030 - CMSIS Pack Vendor :STMicroelectronics HAL Drivers 0.0.0
2025-05-06 11:17:20,216 [INFO] ThirdParty:1030 - CMSIS Pack Vendor :emotas I-CUBE-CANOPEN 1.3.0
2025-05-06 11:17:20,216 [INFO] ThirdParty:1030 - CMSIS Pack Vendor :STMicroelectronics X-CUBE-FREERTOS 1.3.0
2025-05-06 11:17:20,216 [INFO] ThirdParty:1030 - CMSIS Pack Vendor :STMicroelectronics X-CUBE-TOUCHGFX 4.22.0
2025-05-06 11:17:20,216 [INFO] ThirdParty:1030 - CMSIS Pack Vendor :STMicroelectronics X-CUBE-NFC7 1.0.1
2025-05-06 11:17:20,216 [INFO] ThirdParty:1030 - CMSIS Pack Vendor :STMicroelectronics MBEDTLS 2.14.1
2025-05-06 11:17:20,216 [INFO] ThirdParty:1030 - CMSIS Pack Vendor :STMicroelectronics X-CUBE-NFC7 1.0.0
2025-05-06 11:17:20,216 [INFO] ThirdParty:1030 - CMSIS Pack Vendor :STMicroelectronics X-CUBE-TOUCHGFX 4.22.1
2025-05-06 11:17:20,216 [INFO] ThirdParty:1030 - CMSIS Pack Vendor :wolfSSL I-CUBE-wolfTPM 3.2.0
2025-05-06 11:17:20,216 [INFO] ThirdParty:1030 - CMSIS Pack Vendor :STMicroelectronics X-CUBE-NFC6 3.0.0
2025-05-06 11:17:20,216 [INFO] ThirdParty:1030 - CMSIS Pack Vendor :STMicroelectronics X-CUBE-EEPRMA1 4.1.0
2025-05-06 11:17:20,216 [INFO] ThirdParty:1030 - CMSIS Pack Vendor :STMicroelectronics X-CUBE-BLEMGR 3.1.0
2025-05-06 11:17:20,216 [INFO] ThirdParty:1030 - CMSIS Pack Vendor :STMicroelectronics X-CUBE-AI 10.0.0
2025-05-06 11:17:20,216 [INFO] ThirdParty:1030 - CMSIS Pack Vendor :STMicroelectronics FP-SNS-SMARTAG2 1.2.0
2025-05-06 11:17:20,216 [INFO] ThirdParty:1030 - CMSIS Pack Vendor :STMicroelectronics X-CUBE-MEMS1 11.1.0
2025-05-06 11:17:20,216 [INFO] ThirdParty:1030 - CMSIS Pack Vendor :STMicroelectronics X-CUBE-AZRTOS-WL 2.0.0
2025-05-06 11:17:20,216 [INFO] ThirdParty:1030 - CMSIS Pack Vendor :STMicroelectronics FP-SNS-MOTENV1 5.0.0
2025-05-06 11:17:20,216 [INFO] ThirdParty:1030 - CMSIS Pack Vendor :STMicroelectronics USB_DEVICE 1.0.0
2025-05-06 11:17:20,216 [INFO] ThirdParty:1030 - CMSIS Pack Vendor :STMicroelectronics X-CUBE-AI 8.1.0
2025-05-06 11:17:20,218 [INFO] ThirdParty:1030 - CMSIS Pack Vendor :wolfSSL I-CUBE-wolfMQTT 1.19.0
2025-05-06 11:17:20,218 [INFO] ThirdParty:1030 - CMSIS Pack Vendor :STMicroelectronics X-CUBE-AZRTOS-L4 2.0.0
2025-05-06 11:17:20,218 [INFO] ThirdParty:1030 - CMSIS Pack Vendor :STMicroelectronics ThreadX 0.0.2
2025-05-06 11:17:20,218 [INFO] ThirdParty:1030 - CMSIS Pack Vendor :WES I-CUBE-Cesium 1.3.0
2025-05-06 11:17:20,218 [INFO] ThirdParty:1030 - CMSIS Pack Vendor :STMicroelectronics lwIP 2.1.2
2025-05-06 11:17:20,218 [INFO] ThirdParty:1030 - CMSIS Pack Vendor :STMicroelectronics X-CUBE-SFXS2LP1 4.0.0
2025-05-06 11:17:20,218 [INFO] ThirdParty:1030 - CMSIS Pack Vendor :STMicroelectronics X-CUBE-BLE2 3.3.0
2025-05-06 11:17:20,218 [INFO] ThirdParty:1030 - CMSIS Pack Vendor :STMicroelectronics PDM2PCM 3.2.0
2025-05-06 11:17:20,218 [INFO] ThirdParty:1030 - CMSIS Pack Vendor :STMicroelectronics X-CUBE-ISPU 1.1.0
2025-05-06 11:17:20,218 [INFO] ThirdParty:1030 - CMSIS Pack Vendor :STMicroelectronics X-CUBE-AZRTOS-H7 3.3.0
2025-05-06 11:17:20,218 [INFO] ThirdParty:1030 - CMSIS Pack Vendor :STMicroelectronics X-CUBE-NFC9 1.0.0
2025-05-06 11:17:20,218 [INFO] ThirdParty:1030 - CMSIS Pack Vendor :STMicroelectronics X-CUBE-BLE1 7.1.0
2025-05-06 11:17:20,218 [INFO] ThirdParty:1030 - CMSIS Pack Vendor :STMicroelectronics USB_DEVICE 3.0.0
2025-05-06 11:17:20,218 [INFO] ThirdParty:1030 - CMSIS Pack Vendor :STMicroelectronics X-CUBE-TCPP 4.1.0
2025-05-06 11:17:20,218 [INFO] ThirdParty:1030 - CMSIS Pack Vendor :STMicroelectronics X-CUBE-AZRTOS-WB 2.0.0
2025-05-06 11:17:20,218 [INFO] ThirdParty:1030 - CMSIS Pack Vendor :STMicroelectronics X-CUBE-FREERTOS 1.0.1
2025-05-06 11:17:20,218 [INFO] ThirdParty:1030 - CMSIS Pack Vendor :STMicroelectronics X-CUBE-GNSS1 7.0.1
2025-05-06 11:17:20,218 [INFO] ThirdParty:1030 - CMSIS Pack Vendor :STMicroelectronics X-CUBE-TOUCHGFX 4.21.4
2025-05-06 11:17:20,218 [INFO] ThirdParty:1030 - CMSIS Pack Vendor :STMicroelectronics X-CUBE-TOUCHGFX 4.25.0
2025-05-06 11:17:20,218 [INFO] ThirdParty:1030 - CMSIS Pack Vendor :STMicroelectronics X-CUBE-ALGOBUILD 1.3.0
2025-05-06 11:17:20,218 [INFO] ThirdParty:1030 - CMSIS Pack Vendor :STMicroelectronics X-CUBE-AZRTOS-L5 1.1.0
2025-05-06 11:17:20,218 [INFO] ThirdParty:1030 - CMSIS Pack Vendor :STMicroelectronics X-CUBE-MEMS1 11.2.0
2025-05-06 11:17:20,218 [INFO] ThirdParty:1030 - CMSIS Pack Vendor :STMicroelectronics X-CUBE-AZRTOS-G0 1.1.0
2025-05-06 11:17:20,218 [INFO] ThirdParty:1030 - CMSIS Pack Vendor :STMicroelectronics X-CUBE-AI 8.0.1
2025-05-06 11:17:20,218 [INFO] ThirdParty:1030 - CMSIS Pack Vendor :STMicroelectronics X-CUBE-SAFEA1 1.2.2
2025-05-06 11:17:20,218 [INFO] ThirdParty:1030 - CMSIS Pack Vendor :STMicroelectronics X-CUBE-NFC4 3.0.0
2025-05-06 11:17:20,218 [INFO] ThirdParty:1030 - CMSIS Pack Vendor :STMicroelectronics X-CUBE-SUBG2 5.0.0
2025-05-06 11:17:20,219 [INFO] ThirdParty:1030 - CMSIS Pack Vendor :STMicroelectronics X-CUBE-AZRTOS-H7RS 1.1.0
2025-05-06 11:17:20,219 [INFO] ThirdParty:1030 - CMSIS Pack Vendor :STMicroelectronics STM32_WPAN 1.0.0
2025-05-06 11:17:20,219 [INFO] ThirdParty:1030 - CMSIS Pack Vendor :wolfSSL I-CUBE-wolfMQTT 1.18.0
2025-05-06 11:17:20,219 [INFO] ThirdParty:1030 - CMSIS Pack Vendor :STMicroelectronics lwIP 2.0.3
2025-05-06 11:17:20,219 [INFO] ThirdParty:1030 - CMSIS Pack Vendor :Cesanta I-CUBE-Mongoose 7.13.0
2025-05-06 11:17:20,219 [INFO] ThirdParty:1030 - CMSIS Pack Vendor :STMicroelectronics USB_HOST 1.0.0
2025-05-06 11:17:20,219 [INFO] ThirdParty:1030 - CMSIS Pack Vendor :STMicroelectronics X-CUBE-TOF1 3.3.1
2025-05-06 11:17:20,219 [INFO] ThirdParty:1030 - CMSIS Pack Vendor :STMicroelectronics X-CUBE-AZRTOS-G4 2.0.0
2025-05-06 11:17:20,219 [INFO] ThirdParty:1030 - CMSIS Pack Vendor :STMicroelectronics X-CUBE-WB05N 2.0.0
2025-05-06 11:17:20,219 [INFO] ThirdParty:1030 - CMSIS Pack Vendor :STMicroelectronics PDM2PCM 3.1.0
2025-05-06 11:17:20,219 [INFO] ThirdParty:1030 - CMSIS Pack Vendor :STMicroelectronics X-CUBE-TOF1 3.3.0
2025-05-06 11:17:20,219 [INFO] ThirdParty:1030 - CMSIS Pack Vendor :Infineon AIROC-Wi-Fi-Bluetooth-STM32 1.5.1
2025-05-06 11:17:20,219 [INFO] ThirdParty:1030 - CMSIS Pack Vendor :STMicroelectronics X-CUBE-BLEMGR 3.0.0
2025-05-06 11:17:20,219 [INFO] ThirdParty:1030 - CMSIS Pack Vendor :STMicroelectronics FP-SNS-MOTENVWB1 1.3.0
2025-05-06 11:17:20,219 [INFO] ThirdParty:1030 - CMSIS Pack Vendor :STMicroelectronics X-CUBE-NFC7 2.0.0
2025-05-06 11:17:20,219 [INFO] ThirdParty:1030 - CMSIS Pack Vendor :STMicroelectronics FP-SNS-MOTENVWB1 1.3.1
2025-05-06 11:17:20,219 [INFO] ThirdParty:1030 - CMSIS Pack Vendor :STMicroelectronics FP-ATR-SIGFOX1 3.2.0
2025-05-06 11:17:20,219 [INFO] ThirdParty:1030 - CMSIS Pack Vendor :STMicroelectronics X-CUBE-AZRTOS-L4 1.0.0
2025-05-06 11:17:20,219 [INFO] ThirdParty:1030 - CMSIS Pack Vendor :STMicroelectronics X-CUBE-ISPU 2.0.0
2025-05-06 11:17:20,220 [INFO] ThirdParty:1030 - CMSIS Pack Vendor :STMicroelectronics X-CUBE-EEPRMA1 5.1.0
2025-05-06 11:17:20,220 [INFO] ThirdParty:1030 - CMSIS Pack Vendor :STMicroelectronics MBEDTLS 2.16.2
2025-05-06 11:17:20,220 [INFO] ThirdParty:1030 - CMSIS Pack Vendor :STMicroelectronics X-CUBE-ALS 1.0.2
2025-05-06 11:17:20,220 [INFO] ThirdParty:1030 - CMSIS Pack Vendor :STMicroelectronics X-CUBE-MEMS1 10.0.0
2025-05-06 11:17:20,220 [INFO] ThirdParty:1030 - CMSIS Pack Vendor :STMicroelectronics X-CUBE-FREERTOS 1.1.0
2025-05-06 11:17:20,220 [INFO] ThirdParty:1030 - CMSIS Pack Vendor :wolfSSL I-CUBE-wolfSSL 5.7.6
2025-05-06 11:17:20,220 [INFO] ThirdParty:1030 - CMSIS Pack Vendor :STMicroelectronics X-CUBE-TOUCHGFX 4.24.0
2025-05-06 11:17:20,220 [INFO] ThirdParty:1030 - CMSIS Pack Vendor :ITTIA_DB I-CUBE-ITTIADB 8.9.0
2025-05-06 11:17:20,220 [INFO] ThirdParty:1030 - CMSIS Pack Vendor :STMicroelectronics X-CUBE-TOUCHGFX 4.24.2
2025-05-06 11:17:20,220 [INFO] ThirdParty:1030 - CMSIS Pack Vendor :STMicroelectronics X-CUBE-AZRTOS-WL 1.0.0
2025-05-06 11:17:20,220 [INFO] ThirdParty:1030 - CMSIS Pack Vendor :STMicroelectronics X-CUBE-TOUCHGFX 4.24.1
2025-05-06 11:17:20,220 [INFO] ThirdParty:1030 - CMSIS Pack Vendor :wolfSSL I-CUBE-wolfTPM 3.4.0
2025-05-06 11:17:20,220 [INFO] ThirdParty:1030 - CMSIS Pack Vendor :portGmbH I-Cube-SoM-uGOAL 1.1.0
2025-05-06 11:17:20,220 [INFO] ThirdParty:1030 - CMSIS Pack Vendor :STMicroelectronics X-CUBE-ALS 1.0.1
2025-05-06 11:17:20,220 [INFO] ThirdParty:1030 - CMSIS Pack Vendor :STMicroelectronics ThreadX 1.0.0
2025-05-06 11:17:20,220 [INFO] ThirdParty:1030 - CMSIS Pack Vendor :STMicroelectronics X-CUBE-AZRTOS-WB 1.1.0
2025-05-06 11:17:20,220 [INFO] ThirdParty:1030 - CMSIS Pack Vendor :SEGGER I-CUBE-embOS 1.3.1
2025-05-06 11:17:20,220 [INFO] ThirdParty:1030 - CMSIS Pack Vendor :STMicroelectronics X-CUBE-ALGOBUILD 1.4.0
2025-05-06 11:17:20,220 [INFO] ThirdParty:1030 - CMSIS Pack Vendor :STMicroelectronics X-CUBE-AZRTOS-H7RS 1.0.0
2025-05-06 11:17:20,220 [INFO] ThirdParty:1030 - CMSIS Pack Vendor :STMicroelectronics FP-ATR-ASTRA1 2.0.0
2025-05-06 11:17:20,220 [INFO] ThirdParty:1030 - CMSIS Pack Vendor :STMicroelectronics X-CUBE-AI 9.1.0
2025-05-06 11:17:20,220 [INFO] ThirdParty:1030 - CMSIS Pack Vendor :STMicroelectronics X-CUBE-TOF1 3.4.0
2025-05-06 11:17:20,220 [INFO] ThirdParty:1030 - CMSIS Pack Vendor :STMicroelectronics X-CUBE-TOF1 3.4.1
2025-05-06 11:17:20,220 [INFO] ThirdParty:1030 - CMSIS Pack Vendor :STMicroelectronics X-CUBE-AZRTOS-H7 3.2.0
2025-05-06 11:17:20,220 [INFO] ThirdParty:1030 - CMSIS Pack Vendor :wolfSSL I-CUBE-wolfSSH 1.4.17
2025-05-06 11:17:20,221 [INFO] ThirdParty:841 - exiting critical section [change project]
2025-05-06 11:17:20,474 [INFO] PinOutPanel:1499 - setPackage(No Configuration,No Configuration)
2025-05-06 11:17:20,475 [INFO] PinOutPanel:1499 - setPackage(STM32F103CBTx,LQFP48)
2025-05-06 11:17:20,909 [INFO] UtilMem:75 - Before build in PCC Used Memory: 285713328 Bytes (424673280)
2025-05-06 11:17:21,698 [INFO] UtilMem:75 - After build in PCC Used Memory: 202252584 Bytes (424673280)
2025-05-06 11:17:21,717 [INFO] IPUIPlugin:80 - create IPUIPlugin
2025-05-06 11:17:21,717 [INFO] IPUIPlugin:80 - create IPUIPlugin
2025-05-06 11:17:21,719 [INFO] IPUIPlugin:80 - create IPUIPlugin
2025-05-06 11:17:21,719 [INFO] IPUIPlugin:80 - create IPUIPlugin
2025-05-06 11:17:21,719 [INFO] IPUIPlugin:80 - create IPUIPlugin
2025-05-06 11:17:21,719 [INFO] IPUIPlugin:80 - create IPUIPlugin
2025-05-06 11:17:21,719 [INFO] IPUIPlugin:80 - create IPUIPlugin
2025-05-06 11:17:21,719 [INFO] IPUIPlugin:80 - create IPUIPlugin
2025-05-06 11:17:21,719 [INFO] IPUIPlugin:80 - create IPUIPlugin
2025-05-06 11:17:21,719 [INFO] IPUIPlugin:80 - create IPUIPlugin
2025-05-06 11:17:21,719 [INFO] IPUIPlugin:80 - create IPUIPlugin
2025-05-06 11:17:21,719 [INFO] IPUIPlugin:80 - create IPUIPlugin
2025-05-06 11:17:21,720 [INFO] IPUIPlugin:80 - create IPUIPlugin
2025-05-06 11:17:21,720 [INFO] IPUIPlugin:80 - create IPUIPlugin
2025-05-06 11:17:21,720 [INFO] IPUIPlugin:80 - create IPUIPlugin
2025-05-06 11:17:21,720 [INFO] IPUIPlugin:80 - create IPUIPlugin
2025-05-06 11:17:21,720 [INFO] IPUIPlugin:80 - create IPUIPlugin
2025-05-06 11:17:21,720 [INFO] IPUIPlugin:80 - create IPUIPlugin
2025-05-06 11:17:21,721 [INFO] IPUIPlugin:80 - create IPUIPlugin
2025-05-06 11:17:21,721 [INFO] IPUIPlugin:80 - create IPUIPlugin
2025-05-06 11:17:21,721 [INFO] IPUIPlugin:80 - create IPUIPlugin
2025-05-06 11:17:21,721 [INFO] IPUIPlugin:80 - create IPUIPlugin
2025-05-06 11:17:21,722 [INFO] IPUIPlugin:80 - create IPUIPlugin
2025-05-06 11:17:21,722 [INFO] IPUIPlugin:80 - create IPUIPlugin
2025-05-06 11:17:21,722 [INFO] IPUIPlugin:80 - create IPUIPlugin
2025-05-06 11:17:21,722 [INFO] IPUIPlugin:80 - create IPUIPlugin
2025-05-06 11:17:21,723 [INFO] IPUIPlugin:80 - create IPUIPlugin
2025-05-06 11:17:21,925 [INFO] CADModel:165 - CPN selected for project levelSTM32F103CBT6
2025-05-06 11:17:21,925 [INFO] CADModel:114 - Register for checkConnection events
2025-05-06 11:17:21,976 [INFO] OpenFileManager:328 - Restore cursor
2025-05-06 11:17:26,316 [ERROR] LogOutputStream:75 - [STDERR_REDIRECT] SLF4J: Failed to load class "org.slf4j.impl.StaticLoggerBinder".
2025-05-06 11:17:26,317 [ERROR] LogOutputStream:75 - [STDERR_REDIRECT] SLF4J: Defaulting to no-operation (NOP) logger implementation
2025-05-06 11:17:26,318 [ERROR] LogOutputStream:75 - [STDERR_REDIRECT] SLF4J: See http://www.slf4j.org/codes.html#StaticLoggerBinder for further details.
2025-05-06 11:22:07,181 [INFO] UtilMem:75 - End SaveConfig() Used Memory: 882402920 Bytes (1073741824)
2025-05-06 11:22:08,143 [INFO] UtilMem:75 - End SaveConfig() Used Memory: 644507896 Bytes (1073741824)
2025-05-06 11:22:08,788 [INFO] BlockDiagram:2759 - set Specific Code input for plugin: NVIC
2025-05-06 11:22:08,789 [INFO] BlockDiagram:2759 - set Specific Code input for plugin: USART
2025-05-06 11:22:08,789 [INFO] BlockDiagram:2759 - set Specific Code input for plugin: USART
2025-05-06 11:22:08,789 [INFO] BlockDiagram:2759 - set Specific Code input for plugin: SYS
2025-05-06 11:22:08,789 [INFO] BlockDiagram:2759 - set Specific Code input for plugin: GPIO
2025-05-06 11:22:08,789 [INFO] BlockDiagram:2759 - set Specific Code input for plugin: RCC
2025-05-06 11:22:08,791 [INFO] CodeGenerator:799 - code generatio: config db path: D:\ITC\STM32\STM32CubeIDE_1.13.0\STM32CubeIDE\plugins\com.st.stm32cube.common.mx_6.9.0.202307051724\\db\
2025-05-06 11:22:09,219 [INFO] CodeEngine:255 - oldGeneratedFile, D:\AIFARM\STM32_GREENB\stm32f103_nethouse\MXTmpFiles\license.tmp_save
2025-05-06 11:22:09,589 [INFO] CodeEngine:279 - Generated code: D:\AIFARM\STM32_GREENB\stm32f103_nethouse\MXTmpFiles\license.tmp
2025-05-06 11:22:09,726 [INFO] CodeEngine:255 - oldGeneratedFile, D:\AIFARM\STM32_GREENB\stm32f103_nethouse\MXTmpFiles\gpio.tmp_save
2025-05-06 11:22:09,870 [INFO] CodeEngine:279 - Generated code: D:\AIFARM\STM32_GREENB\stm32f103_nethouse\MXTmpFiles\gpio.tmp
2025-05-06 11:22:10,020 [INFO] CodeEngine:255 - oldGeneratedFile, D:\AIFARM\STM32_GREENB\stm32f103_nethouse\Core\Src\stm32f1xx_it.c_save
2025-05-06 11:22:10,173 [INFO] CodeEngine:279 - Generated code: D:\AIFARM\STM32_GREENB\stm32f103_nethouse\Core\Src\stm32f1xx_it.c
2025-05-06 11:22:10,203 [INFO] CodeEngine:255 - oldGeneratedFile, D:\AIFARM\STM32_GREENB\stm32f103_nethouse\Core\Inc\stm32f1xx_it.h_save
2025-05-06 11:22:10,300 [INFO] CodeEngine:279 - Generated code: D:\AIFARM\STM32_GREENB\stm32f103_nethouse\Core\Inc\stm32f1xx_it.h
2025-05-06 11:22:10,338 [INFO] CodeEngine:255 - oldGeneratedFile, D:\AIFARM\STM32_GREENB\stm32f103_nethouse\Core\Src\stm32f1xx_hal_msp.c_save
2025-05-06 11:22:10,488 [INFO] CodeEngine:279 - Generated code: D:\AIFARM\STM32_GREENB\stm32f103_nethouse\Core\Src\stm32f1xx_hal_msp.c
2025-05-06 11:22:10,504 [INFO] CodeEngine:255 - oldGeneratedFile, D:\AIFARM\STM32_GREENB\stm32f103_nethouse\MXTmpFiles\system.tmp_save
2025-05-06 11:22:10,578 [INFO] CodeEngine:279 - Generated code: D:\AIFARM\STM32_GREENB\stm32f103_nethouse\MXTmpFiles\system.tmp
2025-05-06 11:22:10,612 [INFO] CodeEngine:311 - oldGeneratedFile, D:\AIFARM\STM32_GREENB\stm32f103_nethouse\Core\Inc\stm32f1xx_hal_conf.h_save
2025-05-06 11:22:10,727 [INFO] CodeEngine:335 - Generated code: D:\AIFARM\STM32_GREENB\stm32f103_nethouse\Core\Inc\stm32f1xx_hal_conf.h
2025-05-06 11:22:10,833 [INFO] CodeEngine:255 - oldGeneratedFile, D:\AIFARM\STM32_GREENB\stm32f103_nethouse\Core\Inc\main.h_save
2025-05-06 11:22:10,950 [INFO] CodeEngine:279 - Generated code: D:\AIFARM\STM32_GREENB\stm32f103_nethouse\Core\Inc\main.h
2025-05-06 11:22:10,976 [INFO] CodeEngine:255 - oldGeneratedFile, D:\AIFARM\STM32_GREENB\stm32f103_nethouse\Core\Src\main.c_save
2025-05-06 11:22:11,139 [INFO] CodeEngine:279 - Generated code: D:\AIFARM\STM32_GREENB\stm32f103_nethouse\Core\Src\main.c
2025-05-06 11:22:11,765 [INFO] ProjectBuilder:3064 - Time for Copy HAL[1] : 240mS.
2025-05-06 11:22:11,771 [INFO] ProjectBuilder:4404 - Project Generator version: 4.1.0
2025-05-06 11:22:12,056 [INFO] ConfigFileManager:1457 - The Die is : DIE410
2025-05-06 11:22:12,078 [INFO] ApiDbMcu:507 - Load IP Config File for FATFS
2025-05-06 11:22:12,093 [INFO] ApiDbMcu:507 - Load IP Config File for FREERTOS
2025-05-06 11:22:12,108 [INFO] ApiDbMcu:507 - Load IP Config File for USB_DEVICE
2025-05-06 11:22:13,124 [INFO] LogOutputStream:77 - [STDOUT_REDIRECT] 
2025-05-06 11:22:14,929 [INFO] ProjectBuilder:4626 - Time for Generating toolchain IDE Files: 3159mS.
2025-05-06 11:22:14,930 [INFO] ProjectBuilder:2935 - Time for Copy CMSIS : 0mS.
2025-05-06 11:22:14,931 [INFO] ProjectBuilder:2935 - Time for Copy CMSIS : 0mS.
2025-05-06 11:23:03,315 [INFO] UtilMem:75 - End SaveConfig() Used Memory: 822331896 Bytes (1073741824)
2025-05-06 11:23:03,624 [INFO] BlockDiagram:2759 - set Specific Code input for plugin: NVIC
2025-05-06 11:23:03,624 [INFO] BlockDiagram:2759 - set Specific Code input for plugin: USART
2025-05-06 11:23:03,624 [INFO] BlockDiagram:2759 - set Specific Code input for plugin: USART
2025-05-06 11:23:03,624 [INFO] BlockDiagram:2759 - set Specific Code input for plugin: SYS
2025-05-06 11:23:03,625 [INFO] BlockDiagram:2759 - set Specific Code input for plugin: GPIO
2025-05-06 11:23:03,625 [INFO] BlockDiagram:2759 - set Specific Code input for plugin: RCC
2025-05-06 11:23:03,626 [INFO] CodeGenerator:799 - code generatio: config db path: D:\ITC\STM32\STM32CubeIDE_1.13.0\STM32CubeIDE\plugins\com.st.stm32cube.common.mx_6.9.0.202307051724\\db\
2025-05-06 11:23:03,774 [INFO] CodeEngine:255 - oldGeneratedFile, D:\AIFARM\STM32_GREENB\stm32f103_nethouse\MXTmpFiles\license.tmp_save
2025-05-06 11:23:03,886 [INFO] CodeEngine:279 - Generated code: D:\AIFARM\STM32_GREENB\stm32f103_nethouse\MXTmpFiles\license.tmp
2025-05-06 11:23:03,907 [INFO] CodeEngine:255 - oldGeneratedFile, D:\AIFARM\STM32_GREENB\stm32f103_nethouse\MXTmpFiles\gpio.tmp_save
2025-05-06 11:23:04,025 [INFO] CodeEngine:279 - Generated code: D:\AIFARM\STM32_GREENB\stm32f103_nethouse\MXTmpFiles\gpio.tmp
2025-05-06 11:23:04,087 [INFO] CodeEngine:255 - oldGeneratedFile, D:\AIFARM\STM32_GREENB\stm32f103_nethouse\Core\Src\stm32f1xx_it.c_save
2025-05-06 11:23:04,176 [INFO] CodeEngine:279 - Generated code: D:\AIFARM\STM32_GREENB\stm32f103_nethouse\Core\Src\stm32f1xx_it.c
2025-05-06 11:23:04,181 [INFO] CodeEngine:255 - oldGeneratedFile, D:\AIFARM\STM32_GREENB\stm32f103_nethouse\Core\Inc\stm32f1xx_it.h_save
2025-05-06 11:23:04,232 [INFO] CodeEngine:279 - Generated code: D:\AIFARM\STM32_GREENB\stm32f103_nethouse\Core\Inc\stm32f1xx_it.h
2025-05-06 11:23:04,250 [INFO] CodeEngine:255 - oldGeneratedFile, D:\AIFARM\STM32_GREENB\stm32f103_nethouse\Core\Src\stm32f1xx_hal_msp.c_save
2025-05-06 11:23:04,321 [INFO] CodeEngine:279 - Generated code: D:\AIFARM\STM32_GREENB\stm32f103_nethouse\Core\Src\stm32f1xx_hal_msp.c
2025-05-06 11:23:04,324 [INFO] CodeEngine:255 - oldGeneratedFile, D:\AIFARM\STM32_GREENB\stm32f103_nethouse\MXTmpFiles\system.tmp_save
2025-05-06 11:23:04,372 [INFO] CodeEngine:279 - Generated code: D:\AIFARM\STM32_GREENB\stm32f103_nethouse\MXTmpFiles\system.tmp
2025-05-06 11:23:04,390 [INFO] CodeEngine:311 - oldGeneratedFile, D:\AIFARM\STM32_GREENB\stm32f103_nethouse\Core\Inc\stm32f1xx_hal_conf.h_save
2025-05-06 11:23:04,485 [INFO] CodeEngine:335 - Generated code: D:\AIFARM\STM32_GREENB\stm32f103_nethouse\Core\Inc\stm32f1xx_hal_conf.h
2025-05-06 11:23:04,519 [INFO] CodeEngine:255 - oldGeneratedFile, D:\AIFARM\STM32_GREENB\stm32f103_nethouse\Core\Inc\main.h_save
2025-05-06 11:23:04,623 [INFO] CodeEngine:279 - Generated code: D:\AIFARM\STM32_GREENB\stm32f103_nethouse\Core\Inc\main.h
2025-05-06 11:23:04,639 [INFO] CodeEngine:255 - oldGeneratedFile, D:\AIFARM\STM32_GREENB\stm32f103_nethouse\Core\Src\main.c_save
2025-05-06 11:23:04,717 [INFO] CodeEngine:279 - Generated code: D:\AIFARM\STM32_GREENB\stm32f103_nethouse\Core\Src\main.c
2025-05-06 11:23:05,250 [INFO] ProjectBuilder:3064 - Time for Copy HAL[1] : 146mS.
2025-05-06 11:23:05,254 [INFO] ProjectBuilder:4404 - Project Generator version: 4.1.0
2025-05-06 11:23:05,476 [INFO] ConfigFileManager:1457 - The Die is : DIE410
2025-05-06 11:23:06,713 [INFO] ProjectBuilder:4626 - Time for Generating toolchain IDE Files: 1459mS.
2025-05-06 11:23:06,714 [INFO] ProjectBuilder:2935 - Time for Copy CMSIS : 0mS.
2025-05-06 11:23:06,716 [INFO] ProjectBuilder:2935 - Time for Copy CMSIS : 0mS.
2025-05-06 13:14:19,970 [INFO] Activator:176 - 


2025-05-06 13:14:19,972 [INFO] Activator:177 - !SESSION log4j initialized
2025-05-06 13:14:28,904 [INFO] LogOutputStream:77 - [STDOUT_REDIRECT] 
2025-05-06 13:14:34,457 [INFO] ApplicationProperties:184 - Using Application install path: D:\ITC\STM32\STM32CubeIDE_1.13.0\STM32CubeIDE\plugins\com.st.stm32cube.common.mx_6.9.0.202307051724
2025-05-06 13:14:34,478 [INFO] DbMcusXml:78 - Set database path to: D:\ITC\STM32\STM32CubeIDE_1.13.0\STM32CubeIDE\plugins\com.st.stm32cube.common.mx_6.9.0.202307051724\\db\/mcu/
2025-05-06 13:14:34,478 [INFO] ApiDb:274 - Set plugin database path to: D:\ITC\STM32\STM32CubeIDE_1.13.0\STM32CubeIDE\plugins\com.st.stm32cube.common.mx_6.9.0.202307051724\\db\/plugins/boardmanager/
2025-05-06 13:14:34,478 [WARN] ApiDb:259 - Overriding images path with different value:  => D:\ITC\STM32\STM32CubeIDE_1.13.0\STM32CubeIDE\plugins\com.st.stm32cube.common.mx_6.9.0.202307051724\\db\/plugins/mcufinder/images/
2025-05-06 13:14:34,492 [INFO] ApiDb:250 - Set database path to: C:\Users\msi1\.stmcufinder\plugins\mcufinder//mcu/
2025-05-06 13:14:34,493 [INFO] DbMcusAds:125 - Set database path to: C:\Users\msi1\.stmcufinder\plugins\mcufinder//mcu/
2025-05-06 13:14:34,495 [INFO] CrossReferenceDbSqlite:203 - Set database path to: C:\Users\msi1\.stmcufinder\plugins\mcufinder//mcu/cs/
2025-05-06 13:14:34,644 [INFO] RulesReader:64 - Compatibility file has been processed (293 Rules)
2025-05-06 13:14:34,778 [INFO] DbMcusXml:78 - Set database path to: D:\ITC\STM32\STM32CubeIDE_1.13.0\STM32CubeIDE\plugins\com.st.stm32cube.common.mx_6.9.0.202307051724\\db\/mcu/
2025-05-06 13:14:34,779 [INFO] ApiDb:274 - Set plugin database path to: D:\ITC\STM32\STM32CubeIDE_1.13.0\STM32CubeIDE\plugins\com.st.stm32cube.common.mx_6.9.0.202307051724\\db\/plugins/boardmanager/
2025-05-06 13:14:34,779 [INFO] ApiDb:261 - Set plugin images path to: D:\ITC\STM32\STM32CubeIDE_1.13.0\STM32CubeIDE\plugins\com.st.stm32cube.common.mx_6.9.0.202307051724\\db\/plugins/mcufinder/images/
2025-05-06 13:14:34,779 [WARN] DbFile:41 - Overriding database path with different value: C:\Users\msi1\.stmcufinder\plugins\mcufinder/ => C:\Users\msi1\.stmcufinder\plugins\mcufinder
2025-05-06 13:14:34,779 [INFO] ApiDb:250 - Set database path to: C:\Users\msi1\.stmcufinder\plugins\mcufinder//mcu/
2025-05-06 13:14:34,779 [WARN] DbFile:41 - Overriding database path with different value: C:\Users\msi1\.stmcufinder\plugins\mcufinder/ => C:\Users\msi1\.stmcufinder\plugins\mcufinder
2025-05-06 13:14:34,779 [INFO] DbMcusAds:125 - Set database path to: C:\Users\msi1\.stmcufinder\plugins\mcufinder//mcu/
2025-05-06 13:14:34,780 [WARN] DbFile:41 - Overriding database path with different value: C:\Users\msi1\.stmcufinder\plugins\mcufinder/ => C:\Users\msi1\.stmcufinder\plugins\mcufinder
2025-05-06 13:14:34,780 [WARN] DbFile:41 - Overriding database path with different value: C:\Users\msi1\.stmcufinder\plugins\mcufinder/ => C:\Users\msi1\.stmcufinder\plugins\mcufinder
2025-05-06 13:14:34,780 [INFO] CrossReferenceDbSqlite:203 - Set database path to: C:\Users\msi1\.stmcufinder\plugins\mcufinder//mcu/cs/
2025-05-06 13:14:34,882 [INFO] MainPanel:262 - HeapMemory: 268435456
2025-05-06 13:14:35,038 [INFO] DbMcusXml:78 - Set database path to: D:\ITC\STM32\STM32CubeIDE_1.13.0\STM32CubeIDE\plugins\com.st.stm32cube.common.mx_6.9.0.202307051724\\db\/mcu/
2025-05-06 13:14:35,038 [INFO] ApiDb:274 - Set plugin database path to: D:\ITC\STM32\STM32CubeIDE_1.13.0\STM32CubeIDE\plugins\com.st.stm32cube.common.mx_6.9.0.202307051724\\db\/plugins/boardmanager/
2025-05-06 13:14:35,038 [INFO] ApiDb:261 - Set plugin images path to: D:\ITC\STM32\STM32CubeIDE_1.13.0\STM32CubeIDE\plugins\com.st.stm32cube.common.mx_6.9.0.202307051724\\db\/plugins/mcufinder/images/
2025-05-06 13:14:35,039 [WARN] DbFile:41 - Overriding database path with different value: C:\Users\msi1\.stmcufinder\plugins\mcufinder/ => C:\Users\msi1\.stmcufinder\plugins\mcufinder
2025-05-06 13:14:35,039 [INFO] ApiDb:250 - Set database path to: C:\Users\msi1\.stmcufinder\plugins\mcufinder//mcu/
2025-05-06 13:14:35,039 [WARN] DbFile:41 - Overriding database path with different value: C:\Users\msi1\.stmcufinder\plugins\mcufinder/ => C:\Users\msi1\.stmcufinder\plugins\mcufinder
2025-05-06 13:14:35,039 [INFO] DbMcusAds:125 - Set database path to: C:\Users\msi1\.stmcufinder\plugins\mcufinder//mcu/
2025-05-06 13:14:35,039 [WARN] DbFile:41 - Overriding database path with different value: C:\Users\msi1\.stmcufinder\plugins\mcufinder/ => C:\Users\msi1\.stmcufinder\plugins\mcufinder
2025-05-06 13:14:35,039 [WARN] DbFile:41 - Overriding database path with different value: C:\Users\msi1\.stmcufinder\plugins\mcufinder/ => C:\Users\msi1\.stmcufinder\plugins\mcufinder
2025-05-06 13:14:35,039 [INFO] CrossReferenceDbSqlite:203 - Set database path to: C:\Users\msi1\.stmcufinder\plugins\mcufinder//mcu/cs/
2025-05-06 13:14:35,063 [INFO] ApplicationProperties:184 - Using Application install path: D:\ITC\STM32\STM32CubeIDE_1.13.0\STM32CubeIDE\plugins\com.st.stm32cube.common.mx_6.9.0.202307051724
2025-05-06 13:14:35,064 [INFO] PluginManage:196 - Search for loadable plugins [exclusion list=, ]
2025-05-06 13:14:35,066 [INFO] PluginManage:310 - Check plugin analytics
2025-05-06 13:14:35,272 [INFO] AnalyticsPlugin:253 - Accepted Software Licenses: 
2025-05-06 13:14:35,272 [INFO] AnalyticsPlugin:255 - Accepted CMSIS Pack Licenses: 
2025-05-06 13:14:35,272 [INFO] AnalyticsPlugin:257 - Accepted Firmware Licenses: FW.F4.1.27.0
2025-05-06 13:14:35,276 [INFO] PluginManage:359 - Loaded plugin analytics (category:tool,tabindex:-1)
2025-05-06 13:14:35,277 [INFO] PluginManage:310 - Check plugin cadmodel
2025-05-06 13:14:35,294 [INFO] CADModel:105 - Init CAD model plugin
2025-05-06 13:14:35,295 [INFO] PluginManage:359 - Loaded plugin cadmodel (category:power,tabindex:5)
2025-05-06 13:14:35,295 [INFO] PluginManage:310 - Check plugin clock
2025-05-06 13:14:35,322 [INFO] PluginManage:359 - Loaded plugin clock (category:base,tabindex:2)
2025-05-06 13:14:35,322 [INFO] PluginManage:310 - Check plugin ddr
2025-05-06 13:14:35,324 [INFO] PluginManage:359 - Loaded plugin ddr (category:tool,tabindex:6)
2025-05-06 13:14:35,324 [INFO] PluginManage:310 - Check plugin filemanager
2025-05-06 13:14:35,489 [INFO] PluginManage:359 - Loaded plugin filemanager (category:base,tabindex:10)
2025-05-06 13:14:35,490 [INFO] PluginManage:310 - Check plugin ipmanager
2025-05-06 13:14:35,498 [INFO] PluginManage:359 - Loaded plugin ipmanager (category:base,tabindex:5)
2025-05-06 13:14:35,498 [INFO] PluginManage:310 - Check plugin lpbam
2025-05-06 13:14:35,518 [INFO] PluginManage:359 - Loaded plugin lpbam (category:base,tabindex:0)
2025-05-06 13:14:35,518 [INFO] PluginManage:310 - Check plugin memorymap
2025-05-06 13:14:35,549 [INFO] PluginManage:359 - Loaded plugin memorymap (category:base,tabindex:4)
2025-05-06 13:14:35,550 [INFO] PluginManage:310 - Check plugin pinoutandconfiguration
2025-05-06 13:14:35,575 [INFO] PluginManage:359 - Loaded plugin pinoutandconfiguration (category:base,tabindex:1)
2025-05-06 13:14:35,575 [INFO] PluginManage:310 - Check plugin pinoutconfig
2025-05-06 13:14:35,722 [WARN] SupportedApi:132 - Cannot load RTOS API schema: s4s-elt-must-match.1: The content of 'definitions' must match (annotation?, (simpleType | complexType)?, (unique | key | keyref)*)). A problem was found starting at: attribute.
2025-05-06 13:14:35,862 [INFO] PluginManage:359 - Loaded plugin pinoutconfig (category:base,tabindex:0)
2025-05-06 13:14:35,863 [INFO] PluginManage:310 - Check plugin power
2025-05-06 13:14:35,892 [INFO] PluginManage:359 - Loaded plugin power (category:power,tabindex:4)
2025-05-06 13:14:35,892 [INFO] PluginManage:310 - Check plugin projectmanager
2025-05-06 13:14:35,908 [INFO] PluginManage:359 - Loaded plugin projectmanager (category:projectmanager,tabindex:3)
2025-05-06 13:14:35,908 [INFO] PluginManage:310 - Check plugin thirdparty
2025-05-06 13:14:36,238 [INFO] PluginManage:359 - Loaded plugin thirdparty (category:base,tabindex:-1)
2025-05-06 13:14:36,238 [WARN] IntegrityCheckThread:84 - waiting for thirdparty lock release [integrity check]
2025-05-06 13:14:36,239 [INFO] PluginManage:310 - Check plugin tools
2025-05-06 13:14:36,239 [INFO] IntegrityCheckThread:86 - entering critical section [integrity check]
2025-05-06 13:14:36,239 [INFO] ThirdPartyUpdaterWithRetryManager:70 - Updater plugin not ready yet. [1/15]
2025-05-06 13:14:36,282 [INFO] PluginManage:359 - Loaded plugin tools (category:base,tabindex:7)
2025-05-06 13:14:36,282 [INFO] PluginManage:310 - Check plugin tutovideos
2025-05-06 13:14:36,656 [INFO] PluginManage:359 - Loaded plugin tutovideos (category:base,tabindex:-1)
2025-05-06 13:14:36,656 [INFO] PluginManage:310 - Check plugin updater
2025-05-06 13:14:36,678 [INFO] PluginManage:359 - Loaded plugin updater (category:base,tabindex:12)
2025-05-06 13:14:36,679 [INFO] PluginManage:310 - Check plugin userauth
2025-05-06 13:14:36,690 [INFO] UserAuth:113 - Init User Auth plugin
2025-05-06 13:14:36,690 [INFO] PluginManage:359 - Loaded plugin userauth (category:base,tabindex:14)
2025-05-06 13:14:36,691 [INFO] PluginManage:283 - PluginManage : Loaded plugins [17]
2025-05-06 13:14:37,422 [INFO] PinOutPanel:1499 - setPackage(No Configuration,No Configuration)
2025-05-06 13:14:37,855 [INFO] CADModel:165 - CPN selected for project level
2025-05-06 13:14:37,855 [INFO] CADModel:114 - Register for checkConnection events
2025-05-06 13:14:37,912 [INFO] IPUIPlugin:80 - create IPUIPlugin
2025-05-06 13:14:37,912 [INFO] PluginManager:220 - loadIPPluginJar : add adc
2025-05-06 13:14:37,966 [INFO] IPUIPlugin:80 - create IPUIPlugin
2025-05-06 13:14:37,966 [INFO] PluginManager:220 - loadIPPluginJar : add aes
2025-05-06 13:14:38,009 [INFO] IPUIPlugin:80 - create IPUIPlugin
2025-05-06 13:14:38,009 [INFO] PluginManager:220 - loadIPPluginJar : add can
2025-05-06 13:14:38,039 [INFO] IPUIPlugin:80 - create IPUIPlugin
2025-05-06 13:14:38,039 [INFO] PluginManager:220 - loadIPPluginJar : add comp
2025-05-06 13:14:38,080 [INFO] IPUIPlugin:80 - create IPUIPlugin
2025-05-06 13:14:38,080 [INFO] PluginManager:220 - loadIPPluginJar : add cryp
2025-05-06 13:14:38,120 [INFO] IPUIPlugin:80 - create IPUIPlugin
2025-05-06 13:14:38,120 [INFO] PluginManager:220 - loadIPPluginJar : add dfsdm
2025-05-06 13:14:38,136 [INFO] IPUIPlugin:80 - create IPUIPlugin
2025-05-06 13:14:38,137 [INFO] PluginManager:220 - loadIPPluginJar : add dma
2025-05-06 13:14:38,196 [INFO] IPUIPlugin:80 - create IPUIPlugin
2025-05-06 13:14:38,196 [INFO] PluginManager:220 - loadIPPluginJar : add dma3
2025-05-06 13:14:38,234 [INFO] IPUIPlugin:80 - create IPUIPlugin
2025-05-06 13:14:38,235 [INFO] PluginManager:220 - loadIPPluginJar : add fatfs
2025-05-06 13:14:38,290 [INFO] IPUIPlugin:80 - create IPUIPlugin
2025-05-06 13:14:38,290 [INFO] PluginManager:220 - loadIPPluginJar : add fmc
2025-05-06 13:14:38,307 [INFO] IPUIPlugin:80 - create IPUIPlugin
2025-05-06 13:14:38,307 [INFO] PluginManager:220 - loadIPPluginJar : add freertos
2025-05-06 13:14:38,332 [INFO] IPUIPlugin:80 - create IPUIPlugin
2025-05-06 13:14:38,334 [INFO] PluginManager:220 - loadIPPluginJar : add genericplugin
2025-05-06 13:14:38,485 [INFO] IPUIPlugin:80 - create IPUIPlugin
2025-05-06 13:14:38,485 [INFO] PluginManager:220 - loadIPPluginJar : add gfxmmu
2025-05-06 13:14:38,633 [INFO] IPUIPlugin:80 - create IPUIPlugin
2025-05-06 13:14:38,633 [INFO] PluginManager:220 - loadIPPluginJar : add gic
2025-05-06 13:14:38,650 [INFO] IPUIPlugin:80 - create IPUIPlugin
2025-05-06 13:14:38,650 [INFO] PluginManager:220 - loadIPPluginJar : add gpio
2025-05-06 13:14:38,753 [INFO] IPUIPlugin:80 - create IPUIPlugin
2025-05-06 13:14:38,753 [INFO] PluginManager:220 - loadIPPluginJar : add gtzc
2025-05-06 13:14:38,790 [INFO] IPUIPlugin:80 - create IPUIPlugin
2025-05-06 13:14:38,790 [INFO] PluginManager:220 - loadIPPluginJar : add hash
2025-05-06 13:14:38,882 [INFO] IPUIPlugin:80 - create IPUIPlugin
2025-05-06 13:14:38,882 [INFO] PluginManager:220 - loadIPPluginJar : add i2c
2025-05-06 13:14:38,949 [INFO] IPUIPlugin:80 - create IPUIPlugin
2025-05-06 13:14:38,949 [INFO] PluginManager:220 - loadIPPluginJar : add i2s
2025-05-06 13:14:39,022 [INFO] IPUIPlugin:80 - create IPUIPlugin
2025-05-06 13:14:39,022 [INFO] PluginManager:220 - loadIPPluginJar : add i3c
2025-05-06 13:14:39,153 [INFO] IPUIPlugin:80 - create IPUIPlugin
2025-05-06 13:14:39,153 [INFO] PluginManager:220 - loadIPPluginJar : add ipddr
2025-05-06 13:14:39,240 [INFO] ThirdPartyUpdaterWithRetryManager:70 - Updater plugin not ready yet. [2/15]
2025-05-06 13:14:39,267 [INFO] IPUIPlugin:80 - create IPUIPlugin
2025-05-06 13:14:39,267 [INFO] PluginManager:220 - loadIPPluginJar : add linkedlist
2025-05-06 13:14:39,307 [INFO] IPUIPlugin:80 - create IPUIPlugin
2025-05-06 13:14:39,308 [INFO] PluginManager:220 - loadIPPluginJar : add lorawan
2025-05-06 13:14:39,354 [INFO] IPUIPlugin:80 - create IPUIPlugin
2025-05-06 13:14:39,354 [INFO] PluginManager:220 - loadIPPluginJar : add ltdc
2025-05-06 13:14:39,374 [INFO] IPUIPlugin:80 - create IPUIPlugin
2025-05-06 13:14:39,374 [INFO] PluginManager:220 - loadIPPluginJar : add mdma
2025-05-06 13:14:39,398 [INFO] IPUIPlugin:80 - create IPUIPlugin
2025-05-06 13:14:39,398 [INFO] PluginManager:220 - loadIPPluginJar : add nvic
2025-05-06 13:14:39,478 [INFO] IPUIPlugin:80 - create IPUIPlugin
2025-05-06 13:14:39,478 [INFO] PluginManager:220 - loadIPPluginJar : add opamp
2025-05-06 13:14:39,561 [INFO] IPUIPlugin:80 - create IPUIPlugin
2025-05-06 13:14:39,561 [INFO] PluginManager:220 - loadIPPluginJar : add openamp
2025-05-06 13:14:39,606 [INFO] IPUIPlugin:80 - create IPUIPlugin
2025-05-06 13:14:39,606 [INFO] PluginManager:220 - loadIPPluginJar : add pdm2pcm
2025-05-06 13:14:39,621 [INFO] IPUIPlugin:80 - create IPUIPlugin
2025-05-06 13:14:39,623 [INFO] PluginManager:220 - loadIPPluginJar : add plateformsettings
2025-05-06 13:14:39,646 [INFO] IPUIPlugin:80 - create IPUIPlugin
2025-05-06 13:14:39,646 [INFO] PluginManager:220 - loadIPPluginJar : add quadspi
2025-05-06 13:14:39,662 [INFO] IPUIPlugin:80 - create IPUIPlugin
2025-05-06 13:14:39,662 [INFO] PluginManager:220 - loadIPPluginJar : add resmgrutility
2025-05-06 13:14:39,731 [INFO] IPUIPlugin:80 - create IPUIPlugin
2025-05-06 13:14:39,733 [INFO] PluginManager:220 - loadIPPluginJar : add sai
2025-05-06 13:14:39,779 [INFO] IPUIPlugin:80 - create IPUIPlugin
2025-05-06 13:14:39,780 [INFO] PluginManager:220 - loadIPPluginJar : add spi
2025-05-06 13:14:39,848 [INFO] IPUIPlugin:80 - create IPUIPlugin
2025-05-06 13:14:39,848 [INFO] PluginManager:220 - loadIPPluginJar : add stm32_wpan
2025-05-06 13:14:39,877 [INFO] IPUIPlugin:80 - create IPUIPlugin
2025-05-06 13:14:39,877 [INFO] PluginManager:220 - loadIPPluginJar : add tim
2025-05-06 13:14:39,938 [INFO] IPUIPlugin:80 - create IPUIPlugin
2025-05-06 13:14:39,939 [INFO] PluginManager:220 - loadIPPluginJar : add touchsensing
2025-05-06 13:14:39,975 [INFO] IPUIPlugin:80 - create IPUIPlugin
2025-05-06 13:14:39,975 [INFO] PluginManager:220 - loadIPPluginJar : add tracer_emb
2025-05-06 13:14:40,007 [INFO] IPUIPlugin:80 - create IPUIPlugin
2025-05-06 13:14:40,008 [INFO] PluginManager:220 - loadIPPluginJar : add ts
2025-05-06 13:14:40,038 [INFO] IPUIPlugin:80 - create IPUIPlugin
2025-05-06 13:14:40,038 [INFO] PluginManager:220 - loadIPPluginJar : add tsc
2025-05-06 13:14:40,067 [INFO] IPUIPlugin:80 - create IPUIPlugin
2025-05-06 13:14:40,067 [INFO] PluginManager:220 - loadIPPluginJar : add ucpd
2025-05-06 13:14:40,121 [INFO] IPUIPlugin:80 - create IPUIPlugin
2025-05-06 13:14:40,121 [INFO] PluginManager:220 - loadIPPluginJar : add usart
2025-05-06 13:14:40,169 [INFO] IPUIPlugin:80 - create IPUIPlugin
2025-05-06 13:14:40,169 [INFO] PluginManager:220 - loadIPPluginJar : add usbx
2025-05-06 13:14:40,306 [INFO] CADModel:165 - CPN selected for project level
2025-05-06 13:14:40,306 [INFO] CADModel:114 - Register for checkConnection events
2025-05-06 13:14:40,306 [FATAL] Updater:308 - Updater called before beeing initialized
2025-05-06 13:14:40,306 [ERROR] CADModel:125 - Updater not yet initialized, retry later 
2025-05-06 13:14:40,527 [INFO] CADModel:165 - CPN selected for project level
2025-05-06 13:14:40,528 [INFO] CADModel:114 - Register for checkConnection events
2025-05-06 13:14:40,528 [FATAL] Updater:308 - Updater called before beeing initialized
2025-05-06 13:14:40,528 [ERROR] CADModel:125 - Updater not yet initialized, retry later 
2025-05-06 13:14:40,532 [FATAL] Updater:308 - Updater called before beeing initialized
2025-05-06 13:14:40,673 [FATAL] Updater:308 - Updater called before beeing initialized
2025-05-06 13:14:40,697 [INFO] DbMcusAds:53 - JSON generation date=Thu Mar 06 21:54:22 ICT 2025 (1741272862204)
2025-05-06 13:14:40,697 [FATAL] Updater:308 - Updater called before beeing initialized
2025-05-06 13:14:40,826 [WARN] DetailPanel:346 - Failed to get advertising image, set to default
2025-05-06 13:14:40,928 [FATAL] Updater:308 - Updater called before beeing initialized
2025-05-06 13:14:40,930 [FATAL] Updater:308 - Updater called before beeing initialized
2025-05-06 13:14:40,930 [FATAL] Updater:308 - Updater called before beeing initialized
2025-05-06 13:14:40,930 [WARN] DetailPanel:346 - Failed to get advertising image, set to default
2025-05-06 13:14:40,932 [FATAL] Updater:308 - Updater called before beeing initialized
2025-05-06 13:14:41,038 [ERROR] Updater:1120 - MainUpdater not yet initialized. External WinMGr cannot be set.
2025-05-06 13:14:41,057 [INFO] Updater:1056 - Updater Version found : 6.9.0
2025-05-06 13:14:41,107 [INFO] ApplicationProperties:184 - Using Application install path: D:\ITC\STM32\STM32CubeIDE_1.13.0\STM32CubeIDE\plugins\com.st.stm32cube.common.mx_6.9.0.202307051724
2025-05-06 13:14:42,241 [INFO] ThirdPartyUpdaterWithRetryManager:70 - Updater plugin not ready yet. [3/15]
2025-05-06 13:14:43,581 [INFO] MainUpdater:2868 - connection check result : 10
2025-05-06 13:14:43,583 [INFO] MainUpdater:285 - Updater Check For Update Now.
2025-05-06 13:14:43,583 [INFO] MicroXplorer:498 - Change Database Version : DB.6.0.90
2025-05-06 13:14:43,653 [INFO] McuFinderGlobals:63 - Set McuFinder mode to 2 (CubeIDE integrated)
2025-05-06 13:14:44,367 [INFO] CheckServerUpdateThread:120 - End of CheckServer Thread
2025-05-06 13:14:45,623 [WARN] PackLoader:240 - Cannot read IP mode file for STMicroelectronics.FP-SNS-MOTENVWB1.1.4.0
2025-05-06 13:14:45,639 [WARN] PackLoader:240 - Cannot read IP mode file for STMicroelectronics.FP-ATR-ASTRA1.2.0.2
2025-05-06 13:14:45,651 [WARN] PackLoader:240 - Cannot read IP mode file for STMicroelectronics.FP-ATR-ASTRA1.2.0.1
2025-05-06 13:14:45,666 [WARN] PackLoader:240 - Cannot read IP mode file for STMicroelectronics.X-CUBE-SMBUS.2.1.0
2025-05-06 13:14:45,684 [WARN] PackLoader:240 - Cannot read IP mode file for STMicroelectronics.X-CUBE-WB05N.1.1.0
2025-05-06 13:14:45,702 [WARN] PackLoader:240 - Cannot read IP mode file for STMicroelectronics.X-CUBE-TOUCHGFX.4.23.0
2025-05-06 13:14:45,713 [WARN] PackLoader:240 - Cannot read IP mode file for STMicroelectronics.X-CUBE-TOUCHGFX.4.23.2
2025-05-06 13:14:45,768 [WARN] PackLoader:240 - Cannot read IP mode file for STMicroelectronics.X-CUBE-AZRTOS-F7.1.1.0
2025-05-06 13:14:45,791 [ERROR] RealEvaluatedCondition:428 - Found unsupported composite condition: CLASS='Data Exchange' GROUP='STM32_MetaDataManager'
2025-05-06 13:14:45,792 [ERROR] RealEvaluatedCondition:428 - Found unsupported composite condition: CLASS='Data Exchange' GROUP='STM32_MetaDataManager'
2025-05-06 13:14:45,793 [WARN] PackLoader:240 - Cannot read IP mode file for STMicroelectronics.FP-SNS-MOTENV1.4.3.0
2025-05-06 13:14:45,812 [WARN] PackLoader:240 - Cannot read IP mode file for STMicroelectronics.FP-SNS-MOTENV1.4.3.2
2025-05-06 13:14:45,832 [WARN] PackLoader:240 - Cannot read IP mode file for STMicroelectronics.FP-SNS-FLIGHT1.5.0.0
2025-05-06 13:14:45,851 [WARN] PackLoader:240 - Cannot read IP mode file for STMicroelectronics.X-CUBE-BLE1.6.2.4
2025-05-06 13:14:45,871 [WARN] PackLoader:240 - Cannot read IP mode file for STMicroelectronics.FP-SNS-FLIGHT1.5.0.2
2025-05-06 13:14:45,894 [ERROR] Engine:466 - C:\Users\msi1\.stm32cubemx\thirdparties\pdsc\Infineon.AIROC-Wi-Fi-Bluetooth-STM32.1.7.0.pdsc: PDSC version is not supported
2025-05-06 13:14:45,911 [WARN] PackLoader:240 - Cannot read IP mode file for STMicroelectronics.X-CUBE-DISPLAY.3.0.0
2025-05-06 13:14:45,933 [WARN] PackLoader:240 - Cannot read IP mode file for STMicroelectronics.X-CUBE-BLE1.7.0.0
2025-05-06 13:14:45,954 [WARN] PackLoader:240 - Cannot read IP mode file for STMicroelectronics.X-CUBE-NFC10.1.0.0
2025-05-06 13:14:45,972 [ERROR] Engine:466 - C:\Users\msi1\.stm32cubemx\thirdparties\pdsc\STMicroelectronics.X-CUBE-BLEMGR.4.0.0.pdsc: PDSC version is not supported
2025-05-06 13:14:45,987 [WARN] PackLoader:240 - Cannot read IP mode file for emotas.I-CUBE-CANOPEN.1.3.0
2025-05-06 13:14:46,015 [WARN] PackLoader:240 - Cannot read IP mode file for STMicroelectronics.X-CUBE-TOUCHGFX.4.22.0
2025-05-06 13:14:46,032 [WARN] PackLoader:240 - Cannot read IP mode file for STMicroelectronics.X-CUBE-TOUCHGFX.4.22.1
2025-05-06 13:14:46,056 [WARN] PackLoader:240 - Cannot read IP mode file for STMicroelectronics.X-CUBE-BLEMGR.3.1.0
2025-05-06 13:14:46,077 [WARN] PackLoader:240 - Cannot read IP mode file for STMicroelectronics.X-CUBE-AI.10.0.0
2025-05-06 13:14:46,094 [WARN] PackLoader:240 - Cannot read IP mode file for STMicroelectronics.FP-SNS-SMARTAG2.1.2.0
2025-05-06 13:14:46,110 [ERROR] Engine:466 - C:\Users\msi1\.stm32cubemx\thirdparties\pdsc\STMicroelectronics.FP-SNS-FLIGHT1.5.1.0.pdsc: PDSC version is not supported
2025-05-06 13:14:46,174 [WARN] PackLoader:240 - Cannot read IP mode file for STMicroelectronics.X-CUBE-MEMS1.11.1.0
2025-05-06 13:14:46,422 [INFO] LogOutputStream:77 - [STDOUT_REDIRECT] 1 : Invalid condition id : UX_CORESTACK_Condition cause : null
2025-05-06 13:14:46,423 [INFO] LogOutputStream:77 - [STDOUT_REDIRECT] 1 : Invalid condition id : UX_CORESTACK_Condition cause : null
2025-05-06 13:14:46,424 [INFO] LogOutputStream:77 - [STDOUT_REDIRECT] 1 : Invalid condition id : UX_CORESTACK_Condition cause : null
2025-05-06 13:14:46,425 [INFO] LogOutputStream:77 - [STDOUT_REDIRECT] 1 : Invalid condition id : UX_CORESTACK_Condition cause : null
2025-05-06 13:14:46,426 [INFO] LogOutputStream:77 - [STDOUT_REDIRECT] 1 : Invalid condition id : UX_CORESTACK_Condition cause : null
2025-05-06 13:14:46,429 [WARN] PackLoader:240 - Cannot read IP mode file for STMicroelectronics.X-CUBE-AZRTOS-WL.2.0.0
2025-05-06 13:14:46,452 [WARN] PackLoader:240 - Cannot read IP mode file for STMicroelectronics.FP-SNS-MOTENV1.5.0.0
2025-05-06 13:14:46,468 [WARN] PackLoader:240 - Cannot read IP mode file for wolfSSL.I-CUBE-wolfMQTT.1.19.0
2025-05-06 13:14:46,486 [WARN] PackLoader:240 - Cannot read IP mode file for WES.I-CUBE-Cesium.1.3.0
2025-05-06 13:14:46,502 [WARN] PackLoader:240 - Cannot read IP mode file for STMicroelectronics.X-CUBE-BLE2.3.3.0
2025-05-06 13:14:46,532 [WARN] PackLoader:240 - Cannot read IP mode file for STMicroelectronics.X-CUBE-NFC9.1.0.0
2025-05-06 13:14:46,552 [WARN] PackLoader:240 - Cannot read IP mode file for STMicroelectronics.X-CUBE-BLE1.7.1.0
2025-05-06 13:14:46,569 [WARN] PackLoader:240 - Cannot read IP mode file for STMicroelectronics.X-CUBE-TCPP.4.1.0
2025-05-06 13:14:46,587 [WARN] PackLoader:240 - Cannot read IP mode file for STMicroelectronics.X-CUBE-TOUCHGFX.4.21.4
2025-05-06 13:14:46,606 [WARN] PackLoader:240 - Cannot read IP mode file for STMicroelectronics.X-CUBE-ALGOBUILD.1.3.0
2025-05-06 13:14:46,667 [WARN] PackLoader:240 - Cannot read IP mode file for STMicroelectronics.X-CUBE-MEMS1.11.2.0
2025-05-06 13:14:46,850 [WARN] PackLoader:240 - Cannot read IP mode file for STMicroelectronics.X-CUBE-AZRTOS-G0.1.1.0
2025-05-06 13:14:46,877 [WARN] PackLoader:240 - Cannot read IP mode file for STMicroelectronics.X-CUBE-SAFEA1.1.2.2
2025-05-06 13:14:46,899 [WARN] PackLoader:240 - Cannot read IP mode file for STMicroelectronics.X-CUBE-NFC4.3.0.0
2025-05-06 13:14:46,915 [WARN] PackLoader:240 - Cannot read IP mode file for wolfSSL.I-CUBE-wolfMQTT.1.18.0
2025-05-06 13:14:46,934 [ERROR] Engine:466 - C:\Users\msi1\.stm32cubemx\thirdparties\pdsc\EmbeddedOffice.I-CUBE-FS-RTOS.1.0.1.pdsc: PDSC version is not supported
2025-05-06 13:14:46,955 [WARN] PackLoader:240 - Cannot read IP mode file for STMicroelectronics.X-CUBE-WB05N.2.0.0
2025-05-06 13:14:46,992 [WARN] PackLoader:240 - Cannot read IP mode file for STMicroelectronics.X-CUBE-BLEMGR.3.0.0
2025-05-06 13:14:47,038 [ERROR] Engine:466 - C:\Users\msi1\.stm32cubemx\thirdparties\pdsc\STMicroelectronics.X-CUBE-TCPP.4.2.0.pdsc: PDSC version is not supported
2025-05-06 13:14:47,071 [ERROR] Engine:466 - C:\Users\msi1\.stm32cubemx\thirdparties\pdsc\RealThread.X-CUBE-RT-Thread_Nano.4.1.1.pdsc: PDSC version is not supported
2025-05-06 13:14:47,105 [WARN] PackLoader:240 - Cannot read IP mode file for STMicroelectronics.FP-ATR-SIGFOX1.3.2.0
2025-05-06 13:14:47,141 [ERROR] Engine:466 - C:\Users\msi1\.stm32cubemx\thirdparties\pdsc\quantropi.X-CUBE-qispace-sdk-base.1.9.3.pdsc: PDSC version is not supported
2025-05-06 13:14:47,182 [WARN] PackLoader:240 - Cannot read IP mode file for STMicroelectronics.X-CUBE-EEPRMA1.5.1.0
2025-05-06 13:14:47,213 [WARN] PackLoader:240 - Cannot read IP mode file for wolfSSL.I-CUBE-wolfSSL.5.7.6
2025-05-06 13:14:47,234 [WARN] PackLoader:240 - Cannot read IP mode file for ITTIA_DB.I-CUBE-ITTIADB.8.9.0
2025-05-06 13:14:47,284 [WARN] PackLoader:240 - Cannot read IP mode file for SEGGER.I-CUBE-embOS.1.3.1
2025-05-06 13:14:47,343 [WARN] PackLoader:240 - Cannot read IP mode file for STMicroelectronics.X-CUBE-ALGOBUILD.1.4.0
2025-05-06 13:14:47,361 [WARN] PackLoader:240 - Cannot read IP mode file for STMicroelectronics.X-CUBE-AI.9.1.0
2025-05-06 13:14:47,381 [WARN] PackLoader:240 - Cannot read IP mode file for STMicroelectronics.X-CUBE-GNSS1.6.0.0
2025-05-06 13:14:47,416 [WARN] PackLoader:240 - Cannot read IP mode file for STMicroelectronics.X-CUBE-AZRTOS-F4.1.1.0
2025-05-06 13:14:47,438 [ERROR] Engine:466 - C:\Users\msi1\.stm32cubemx\thirdparties\pdsc\Avnet-IotConnect.X-CUBE-IoTC-DA16k-PMOD.1.0.0.pdsc: PDSC version is not supported
2025-05-06 13:14:47,453 [WARN] PackLoader:240 - Cannot read IP mode file for wolfSSL.I-CUBE-wolfSSL.5.6.0
2025-05-06 13:14:47,474 [WARN] PackLoader:240 - Cannot read IP mode file for STMicroelectronics.X-CUBE-ISPU.2.1.0
2025-05-06 13:14:47,490 [WARN] PackLoader:240 - Cannot read IP mode file for STMicroelectronics.X-CUBE-FREERTOS.1.2.0
2025-05-06 13:14:47,520 [WARN] PackLoader:240 - Cannot read IP mode file for STMicroelectronics.X-CUBE-AZRTOS-L5.2.0.0
2025-05-06 13:14:47,600 [WARN] PackLoader:240 - Cannot read IP mode file for STMicroelectronics.X-CUBE-MEMS1.9.6.0
2025-05-06 13:14:47,762 [WARN] PackLoader:240 - Cannot read IP mode file for STMicroelectronics.X-CUBE-EEPRMA1.4.2.0
2025-05-06 13:14:47,794 [WARN] PackLoader:240 - Cannot read IP mode file for STMicroelectronics.X-CUBE-NFC6.3.1.0
2025-05-06 13:14:47,816 [WARN] PackLoader:240 - Cannot read IP mode file for ITTIA_DB.I-CUBE-ITTIADB.8.8.0
2025-05-06 13:14:47,837 [WARN] PackLoader:240 - Cannot read IP mode file for emotas.I-CUBE-CANOPEN.1.1.3
2025-05-06 13:14:47,856 [WARN] PackLoader:240 - Cannot read IP mode file for STMicroelectronics.X-CUBE-BLEMGR.2.0.0
2025-05-06 13:14:47,870 [ERROR] Engine:466 - C:\Users\msi1\.stm32cubemx\thirdparties\pdsc\STMicroelectronics.X-CUBE-DPower.1.2.0.pdsc: PDSC version is not supported
2025-05-06 13:14:47,884 [WARN] PackLoader:240 - Cannot read IP mode file for STMicroelectronics.X-CUBE-AI.9.0.0
2025-05-06 13:14:47,917 [WARN] ConditionMgr:438 - getConditionDescription Invalid condition id : UX DEVICE CLASS RTOS Condition cause : null
2025-05-06 13:14:47,918 [WARN] ConditionMgr:438 - getConditionDescription Invalid condition id : UX DEVICE CLASS RTOS Condition cause : null
2025-05-06 13:14:47,921 [WARN] PackLoader:240 - Cannot read IP mode file for STMicroelectronics.X-CUBE-AZRTOS-H7.3.1.0
2025-05-06 13:14:47,922 [WARN] ConditionMgr:1039 - genDependencies : Invalid condition id : UX DEVICE CLASS RTOS Condition cause : null
2025-05-06 13:14:47,922 [WARN] ConditionMgr:1039 - genDependencies : Invalid condition id : UX DEVICE CLASS RTOS Condition cause : null
2025-05-06 13:14:47,923 [WARN] ConditionMgr:1039 - genDependencies : Invalid condition id : UX DEVICE CLASS RTOS Condition cause : null
2025-05-06 13:14:47,924 [WARN] ConditionMgr:1039 - genDependencies : Invalid condition id : UX DEVICE CLASS RTOS Condition cause : null
2025-05-06 13:14:47,924 [WARN] ConditionMgr:1039 - genDependencies : Invalid condition id : UX DEVICE CLASS RTOS Condition cause : null
2025-05-06 13:14:47,938 [WARN] PackLoader:240 - Cannot read IP mode file for STMicroelectronics.X-CUBE-FREERTOS.1.3.0
2025-05-06 13:14:47,954 [WARN] PackLoader:240 - Cannot read IP mode file for STMicroelectronics.X-CUBE-NFC7.1.0.1
2025-05-06 13:14:47,969 [WARN] PackLoader:240 - Cannot read IP mode file for STMicroelectronics.X-CUBE-NFC7.1.0.0
2025-05-06 13:14:47,987 [WARN] PackLoader:240 - Cannot read IP mode file for wolfSSL.I-CUBE-wolfTPM.3.2.0
2025-05-06 13:14:48,005 [WARN] PackLoader:240 - Cannot read IP mode file for STMicroelectronics.X-CUBE-NFC6.3.0.0
2025-05-06 13:14:48,021 [WARN] PackLoader:240 - Cannot read IP mode file for STMicroelectronics.X-CUBE-EEPRMA1.4.1.0
2025-05-06 13:14:48,045 [ERROR] Engine:466 - C:\Users\msi1\.stm32cubemx\thirdparties\pdsc\STMicroelectronics.X-CUBE-DPower.1.3.0.pdsc: PDSC version is not supported
2025-05-06 13:14:48,060 [WARN] PackLoader:240 - Cannot read IP mode file for STMicroelectronics.X-CUBE-AI.8.1.0
2025-05-06 13:14:48,091 [WARN] ConditionMgr:438 - getConditionDescription Invalid condition id : LAN8742 Phy interface Condition cause : null
2025-05-06 13:14:48,091 [WARN] PackLoader:240 - Cannot read IP mode file for STMicroelectronics.X-CUBE-AZRTOS-L4.2.0.0
2025-05-06 13:14:48,092 [WARN] ConditionMgr:1039 - genDependencies : Invalid condition id : LAN8742 Phy interface Condition cause : null
2025-05-06 13:14:48,092 [WARN] ConditionMgr:1039 - genDependencies : Invalid condition id : LAN8742 Phy interface Condition cause : null
2025-05-06 13:14:48,092 [WARN] ConditionMgr:1039 - genDependencies : Invalid condition id : LAN8742 Phy interface Condition cause : null
2025-05-06 13:14:48,112 [WARN] PackLoader:240 - Cannot read IP mode file for STMicroelectronics.X-CUBE-SFXS2LP1.4.0.0
2025-05-06 13:14:48,129 [WARN] PackLoader:240 - Cannot read IP mode file for STMicroelectronics.X-CUBE-ISPU.1.1.0
2025-05-06 13:14:48,164 [WARN] PackLoader:240 - Cannot read IP mode file for STMicroelectronics.X-CUBE-AZRTOS-H7.3.3.0
2025-05-06 13:14:48,186 [ERROR] Engine:466 - C:\Users\msi1\.stm32cubemx\thirdparties\pdsc\STMicroelectronics.X-CUBE-IPS.3.0.0.pdsc: PDSC version is not supported
2025-05-06 13:14:48,212 [WARN] ConditionMgr:438 - getConditionDescription Invalid condition id : UX DEVICE CLASS RTOS Condition cause : null
2025-05-06 13:14:48,212 [WARN] ConditionMgr:438 - getConditionDescription Invalid condition id : UX DEVICE CLASS RTOS Condition cause : null
2025-05-06 13:14:48,214 [WARN] PackLoader:240 - Cannot read IP mode file for STMicroelectronics.X-CUBE-AZRTOS-WB.2.0.0
2025-05-06 13:14:48,214 [WARN] ConditionMgr:1039 - genDependencies : Invalid condition id : UX DEVICE CLASS RTOS Condition cause : null
2025-05-06 13:14:48,214 [WARN] ConditionMgr:1039 - genDependencies : Invalid condition id : UX DEVICE CLASS RTOS Condition cause : null
2025-05-06 13:14:48,214 [WARN] ConditionMgr:1039 - genDependencies : Invalid condition id : UX DEVICE CLASS RTOS Condition cause : null
2025-05-06 13:14:48,215 [WARN] ConditionMgr:1039 - genDependencies : Invalid condition id : UX DEVICE CLASS RTOS Condition cause : null
2025-05-06 13:14:48,215 [WARN] ConditionMgr:1039 - genDependencies : Invalid condition id : UX DEVICE CLASS RTOS Condition cause : null
2025-05-06 13:14:48,231 [WARN] PackLoader:240 - Cannot read IP mode file for STMicroelectronics.X-CUBE-FREERTOS.1.0.1
2025-05-06 13:14:48,248 [WARN] PackLoader:240 - Cannot read IP mode file for STMicroelectronics.X-CUBE-GNSS1.7.0.1
2025-05-06 13:14:48,263 [WARN] PackLoader:240 - Cannot read IP mode file for STMicroelectronics.X-CUBE-TOUCHGFX.4.25.0
2025-05-06 13:14:48,288 [ERROR] Engine:466 - C:\Users\msi1\.stm32cubemx\thirdparties\pdsc\STMicroelectronics.FP-SNS-STBOX1.2.0.0.pdsc: PDSC version is not supported
2025-05-06 13:14:48,320 [WARN] PackLoader:240 - Cannot read IP mode file for STMicroelectronics.X-CUBE-AZRTOS-L5.1.1.0
2025-05-06 13:14:48,334 [WARN] PackLoader:240 - Cannot read IP mode file for STMicroelectronics.X-CUBE-AI.8.0.1
2025-05-06 13:14:48,354 [WARN] PackLoader:240 - Cannot read IP mode file for STMicroelectronics.X-CUBE-SUBG2.5.0.0
2025-05-06 13:14:48,390 [WARN] PackLoader:240 - Cannot read IP mode file for STMicroelectronics.X-CUBE-AZRTOS-H7RS.1.1.0
2025-05-06 13:14:48,411 [WARN] PackLoader:240 - Cannot read IP mode file for Cesanta.I-CUBE-Mongoose.7.13.0
2025-05-06 13:14:48,437 [WARN] PackLoader:240 - Cannot read IP mode file for STMicroelectronics.X-CUBE-TOF1.3.3.1
2025-05-06 13:14:48,484 [WARN] PackLoader:240 - Cannot read IP mode file for STMicroelectronics.X-CUBE-AZRTOS-G4.2.0.0
2025-05-06 13:14:48,515 [WARN] PackLoader:240 - Cannot read IP mode file for STMicroelectronics.X-CUBE-TOF1.3.3.0
2025-05-06 13:14:48,558 [WARN] PackLoader:240 - Cannot read IP mode file for Infineon.AIROC-Wi-Fi-Bluetooth-STM32.1.5.1
2025-05-06 13:14:48,573 [WARN] PackLoader:240 - Cannot read IP mode file for STMicroelectronics.FP-SNS-MOTENVWB1.1.3.0
2025-05-06 13:14:48,589 [WARN] PackLoader:240 - Cannot read IP mode file for STMicroelectronics.X-CUBE-NFC7.2.0.0
2025-05-06 13:14:48,600 [WARN] PackLoader:240 - Cannot read IP mode file for STMicroelectronics.FP-SNS-MOTENVWB1.1.3.1
2025-05-06 13:14:48,630 [WARN] PackLoader:240 - Cannot read IP mode file for STMicroelectronics.X-CUBE-AZRTOS-L4.1.0.0
2025-05-06 13:14:48,648 [WARN] PackLoader:240 - Cannot read IP mode file for STMicroelectronics.X-CUBE-ISPU.2.0.0
2025-05-06 13:14:48,664 [ERROR] Engine:466 - C:\Users\msi1\.stm32cubemx\thirdparties\pdsc\STMicroelectronics.X-CUBE-IPS.3.1.0.pdsc: PDSC version is not supported
2025-05-06 13:14:48,680 [WARN] PackLoader:240 - Cannot read IP mode file for STMicroelectronics.X-CUBE-ALS.1.0.2
2025-05-06 13:14:48,735 [WARN] PackLoader:240 - Cannot read IP mode file for STMicroelectronics.X-CUBE-MEMS1.10.0.0
2025-05-06 13:14:48,871 [WARN] PackLoader:240 - Cannot read IP mode file for STMicroelectronics.X-CUBE-FREERTOS.1.1.0
2025-05-06 13:14:48,888 [WARN] PackLoader:240 - Cannot read IP mode file for STMicroelectronics.X-CUBE-TOUCHGFX.4.24.0
2025-05-06 13:14:48,905 [WARN] PackLoader:240 - Cannot read IP mode file for STMicroelectronics.X-CUBE-TOUCHGFX.4.24.2
2025-05-06 13:14:48,929 [WARN] PackLoader:240 - Cannot read IP mode file for STMicroelectronics.X-CUBE-AZRTOS-WL.1.0.0
2025-05-06 13:14:48,947 [WARN] PackLoader:240 - Cannot read IP mode file for STMicroelectronics.X-CUBE-TOUCHGFX.4.24.1
2025-05-06 13:14:48,964 [WARN] PackLoader:240 - Cannot read IP mode file for wolfSSL.I-CUBE-wolfTPM.3.4.0
2025-05-06 13:14:48,983 [WARN] PackLoader:240 - Cannot read IP mode file for portGmbH.I-Cube-SoM-uGOAL.1.1.0
2025-05-06 13:14:49,000 [WARN] PackLoader:240 - Cannot read IP mode file for STMicroelectronics.X-CUBE-ALS.1.0.1
2025-05-06 13:14:49,028 [WARN] PackLoader:240 - Cannot read IP mode file for STMicroelectronics.X-CUBE-AZRTOS-WB.1.1.0
2025-05-06 13:14:49,076 [WARN] PackLoader:240 - Cannot read IP mode file for STMicroelectronics.X-CUBE-AZRTOS-H7RS.1.0.0
2025-05-06 13:14:49,096 [WARN] PackLoader:240 - Cannot read IP mode file for STMicroelectronics.FP-ATR-ASTRA1.2.0.0
2025-05-06 13:14:49,114 [ERROR] Engine:466 - C:\Users\msi1\.stm32cubemx\thirdparties\pdsc\STMicroelectronics.X-CUBE-TOF1.3.4.2.pdsc: PDSC version is not supported
2025-05-06 13:14:49,135 [ERROR] Engine:466 - C:\Users\msi1\.stm32cubemx\thirdparties\pdsc\STMicroelectronics.X-CUBE-TOF1.3.4.3.pdsc: PDSC version is not supported
2025-05-06 13:14:49,155 [WARN] PackLoader:240 - Cannot read IP mode file for STMicroelectronics.X-CUBE-TOF1.3.4.0
2025-05-06 13:14:49,187 [WARN] PackLoader:240 - Cannot read IP mode file for STMicroelectronics.X-CUBE-TOF1.3.4.1
2025-05-06 13:14:49,228 [WARN] PackLoader:240 - Cannot read IP mode file for STMicroelectronics.X-CUBE-AZRTOS-H7.3.2.0
2025-05-06 13:14:49,246 [WARN] PackLoader:240 - Cannot read IP mode file for wolfSSL.I-CUBE-wolfSSH.1.4.17
2025-05-06 13:14:49,246 [INFO] ThirdParty:978 - Integrity check success = true
2025-05-06 13:14:49,247 [INFO] IntegrityCheckThread:100 - exiting critical section [integrity check]
2025-05-06 13:14:49,247 [INFO] IntegrityCheckThread:103 - End integrity checks thread
2025-05-06 13:15:06,357 [ERROR] LogOutputStream:75 - [STDERR_REDIRECT] SLF4J: Failed to load class "org.slf4j.impl.StaticLoggerBinder".
2025-05-06 13:15:06,358 [ERROR] LogOutputStream:75 - [STDERR_REDIRECT] SLF4J: Defaulting to no-operation (NOP) logger implementation
2025-05-06 13:15:06,359 [ERROR] LogOutputStream:75 - [STDERR_REDIRECT] SLF4J: See http://www.slf4j.org/codes.html#StaticLoggerBinder for further details.
2025-05-06 15:20:28,152 [INFO] McuFinderGlobals:63 - Set McuFinder mode to 2 (CubeIDE integrated)
2025-05-06 15:20:28,189 [INFO] MainUpdater:2868 - connection check result : 10
2025-05-06 15:20:28,196 [INFO] MainUpdater:2868 - connection check result : 10
2025-05-06 15:20:28,567 [INFO] MicroXplorer:468 - Change Database Path : 
2025-05-06 15:20:28,568 [INFO] MicroXplorer:498 - Change Database Version : DB.6.0.90
2025-05-06 15:20:28,573 [WARN] ThirdParty:871 - waiting for thirdparty lock release [close project]
2025-05-06 15:20:28,573 [INFO] ThirdParty:873 - entering critical section [close project]
2025-05-06 15:20:28,608 [INFO] ThirdParty:883 - exiting critical section [close project]
2025-05-06 15:20:28,613 [INFO] PinOutPanel:1499 - setPackage(No Configuration,No Configuration)
2025-05-06 15:20:28,638 [INFO] UtilMem:75 - Begin LoadConfig() Used Memory: 651082240 Bytes (1073741824)
2025-05-06 15:20:28,641 [INFO] MicroXplorer:468 - Change Database Path : 
2025-05-06 15:20:28,641 [INFO] MicroXplorer:498 - Change Database Version : DB.6.0.90
2025-05-06 15:20:28,641 [INFO] OpenFileManager:308 - Change cursor
2025-05-06 15:20:28,751 [INFO] Mcu:1946 - Initializing MCU STM32F103C(8-B)Tx STM32F103CBTx STM32F103CBT6
2025-05-06 15:20:30,053 [INFO] Context:659 - Trying to add GPIOservice into a context  which must be forbidden
2025-05-06 15:20:30,632 [INFO] RtosManager:555 - Registered RTOS mode: class=CMSIS, group=RTOS, mode=CMSIS_V1, owner=FREERTOS
2025-05-06 15:20:30,632 [INFO] RtosManager:555 - Registered RTOS mode: class=CMSIS, group=RTOS2, mode=CMSIS_V2, owner=FREERTOS
2025-05-06 15:20:30,632 [INFO] RtosManager:555 - Registered RTOS mode: class=RTOS, group=Core, mode=CMSIS_V1, owner=FREERTOS
2025-05-06 15:20:30,632 [INFO] RtosManager:555 - Registered RTOS mode: class=RTOS, group=Core, mode=CMSIS_V2, owner=FREERTOS
2025-05-06 15:20:30,633 [WARN] ModelIntegratedComponent:184 - Missing modes for component STMicroelectronics:FreeRTOS:0.0.1:STMicroelectronics:RTOS:FreeRTOS:Core:::10.2.0:
2025-05-06 15:20:30,646 [WARN] ModelIntegratedComponent:63 - No mode defined for component null
2025-05-06 15:20:30,646 [WARN] ModelIntegratedComponent:63 - No mode defined for component null
2025-05-06 15:20:30,646 [WARN] ModelIntegratedComponent:63 - No mode defined for component null
2025-05-06 15:20:30,646 [WARN] ModelIntegratedComponent:63 - No mode defined for component null
2025-05-06 15:20:30,646 [WARN] ModelIntegratedComponent:63 - No mode defined for component null
2025-05-06 15:20:30,646 [WARN] ModelIntegratedComponent:63 - No mode defined for component null
2025-05-06 15:20:30,646 [WARN] ModelIntegratedComponent:63 - No mode defined for component null
2025-05-06 15:20:30,646 [WARN] ModelIntegratedComponent:63 - No mode defined for component null
2025-05-06 15:20:30,646 [WARN] ModelIntegratedComponent:63 - No mode defined for component null
2025-05-06 15:20:30,646 [WARN] ModelIntegratedComponent:63 - No mode defined for component null
2025-05-06 15:20:30,646 [WARN] ModelIntegratedComponent:63 - No mode defined for component null
2025-05-06 15:20:30,647 [WARN] ModelIntegratedComponent:63 - No mode defined for component null
2025-05-06 15:20:30,647 [WARN] ModelIntegratedComponent:63 - No mode defined for component null
2025-05-06 15:20:30,647 [WARN] ModelIntegratedComponent:63 - No mode defined for component null
2025-05-06 15:20:30,647 [WARN] ModelIntegratedComponent:63 - No mode defined for component null
2025-05-06 15:20:30,647 [WARN] ModelIntegratedComponent:63 - No mode defined for component null
2025-05-06 15:20:30,647 [WARN] ModelIntegratedComponent:63 - No mode defined for component null
2025-05-06 15:20:30,647 [WARN] ModelIntegratedComponent:63 - No mode defined for component null
2025-05-06 15:20:30,647 [WARN] ModelIntegratedComponent:63 - No mode defined for component null
2025-05-06 15:20:30,647 [WARN] ModelIntegratedComponent:63 - No mode defined for component null
2025-05-06 15:20:30,647 [WARN] ModelIntegratedComponent:63 - No mode defined for component null
2025-05-06 15:20:30,647 [WARN] ModelIntegratedComponent:63 - No mode defined for component null
2025-05-06 15:20:30,647 [WARN] ModelIntegratedComponent:63 - No mode defined for component null
2025-05-06 15:20:30,647 [WARN] ModelIntegratedComponent:63 - No mode defined for component null
2025-05-06 15:20:30,647 [WARN] ModelIntegratedComponent:63 - No mode defined for component null
2025-05-06 15:20:30,647 [WARN] ModelIntegratedComponent:63 - No mode defined for component null
2025-05-06 15:20:30,647 [WARN] ModelIntegratedComponent:63 - No mode defined for component null
2025-05-06 15:20:30,648 [WARN] ModelIntegratedComponent:63 - No mode defined for component null
2025-05-06 15:20:30,648 [WARN] ModelIntegratedComponent:63 - No mode defined for component null
2025-05-06 15:20:30,648 [WARN] ModelIntegratedComponent:63 - No mode defined for component null
2025-05-06 15:20:30,648 [WARN] ModelIntegratedComponent:63 - No mode defined for component null
2025-05-06 15:20:30,648 [WARN] ModelIntegratedComponent:63 - No mode defined for component null
2025-05-06 15:20:30,648 [WARN] ModelIntegratedComponent:63 - No mode defined for component null
2025-05-06 15:20:31,102 [INFO] ThirdPartyModel:298 - Start build external matchings
2025-05-06 15:20:34,069 [INFO] ThirdPartyModel:316 - End build external matchings
2025-05-06 15:20:34,123 [INFO] ImportTextPane:194 - (OptionalMessage_ERROR) IP (RCC) : Parameter (ADCFreqValue) has invalid value (36000000)
2025-05-06 15:20:34,123 [INFO] ImportTextPane:194 - (OptionalMessage_ERROR) IP (RCC) : Invalid parameter (FamilyName)
2025-05-06 15:20:34,124 [INFO] ImportTextPane:194 - (OptionalMessage_ERROR) IP (RCC) : Parameter (MCOFreq_Value) has invalid value (72000000)
2025-05-06 15:20:34,124 [INFO] ImportTextPane:194 - (OptionalMessage_ERROR) IP (RCC) : Parameter (USBFreq_Value) has invalid value (72000000)
2025-05-06 15:20:34,392 [INFO] UtilMem:75 - End LoadConfig() Used Memory: 827757240 Bytes (1073741824)
2025-05-06 15:20:34,603 [INFO] ApiDb:581 - Connected to CubeFinder SQLite database (C:\Users\msi1\.stmcufinder\plugins\mcufinder\mcu\cube-finder-db.db)
2025-05-06 15:20:34,726 [INFO] ApiDb:668 - CubeFinder database Data Model version=2.1
2025-05-06 15:20:34,726 [INFO] ApiDb:669 - CubeFinder database Configuration version=3.0.39
2025-05-06 15:20:34,728 [INFO] ApiDb:670 - CubeFinder database generation date=2025-04-23 (1745419778)
2025-05-06 15:20:34,728 [INFO] ApiDb:671 - CubeFinder database FW Pack versions=[FP-ATR-ASTRA1_V2.0.0, FP-SNS-FLIGHT1_V5.1.0, FP-SNS-MOTENV1_V5.0.0, FP-SNS-MOTENVWB1_V1.4.0, FP-SNS-SMARTAG2_V1.2.0, FP-SNS-STBOX1_V2.0.0, STM32Cube_FW_C0_V1.4.0, STM32Cube_FW_F4_V1.28.1, STM32Cube_FW_F7_V1.17.2, STM32Cube_FW_G0_V1.6.2, STM32Cube_FW_G4_V1.6.1, STM32Cube_FW_H5_V1.5.0, STM32Cube_FW_H7RS_V1.2.0, STM32Cube_FW_H7_V1.12.1, STM32Cube_FW_L0_V1.12.2, STM32Cube_FW_L4_V1.18.1, STM32Cube_FW_L5_V1.5.1, STM32Cube_FW_N6_V1.1.1, STM32Cube_FW_U0_V1.2.0, STM32Cube_FW_U3_V1.1.0, STM32Cube_FW_U5_V1.7.0, STM32Cube_FW_WB0_V1.2.0, STM32Cube_FW_WBA_V1.6.0, STM32Cube_FW_WB_V1.22.0, STM32Cube_FW_WL3_V1.1.0, STM32Cube_FW_WL_V1.3.1, X-CUBE-ALGOBUILD_V1.4.0, X-CUBE-ALS_V1.0.2, X-CUBE-AZRTOS-F4_V1.1.0, X-CUBE-AZRTOS-F7_V1.1.0, X-CUBE-AZRTOS-G0_V1.1.0, X-CUBE-AZRTOS-G4_V2.0.0, X-CUBE-AZRTOS-H7RS_V1.1.0, X-CUBE-AZRTOS-H7_V3.3.0, X-CUBE-AZRTOS-L4_V2.0.0, X-CUBE-AZRTOS-L5_V2.0.0, X-CUBE-AZRTOS-WB_V2.0.0, X-CUBE-AZRTOS-WL_V2.0.0, X-CUBE-BLE1_V7.1.0, X-CUBE-BLE2_V3.3.0, X-CUBE-BLEMGR_V4.0.0, X-CUBE-EEPRMA1_V5.1.0, X-CUBE-FREERTOS_V1.3.0, X-CUBE-GNSS1_V6.0.0, X-CUBE-MEMS1_V11.2.0, X-CUBE-NFC4_V3.0.0, X-CUBE-NFC7_V1.0.1, X-CUBE-SFXS2LP1_V4.0.0, X-CUBE-SUBG2_V5.0.0, X-CUBE-TOF1_V3.4.3]
2025-05-06 15:20:38,573 [INFO] ApiDb:240 - Found 323 in-development CPN: [B-G473E-ZEST1S, B-WB1M-WPAN1, B-WL5M-SUBG1, NUCLEO-C031C6, NUCLEO-H503RB, NUCLEO-H563ZI, NUCLEO-U545RE-Q, NUCLEO-U5A5ZJ-Q, NUCLEO-WBA52CG, STEVAL-PROTEUS1, STEVAL-SMARTAG2, STEVAL-STWINBX1, STM320518-EVAL, STM32C0116-DK, STM32C011D6Y3TR, STM32C011D6Y6TR, STM32C011F4P3, STM32C011F4P6, STM32C011F4U3, STM32C011F4U6TR, STM32C011F6P3, STM32C011F6P6, STM32C011F6U3, STM32C011F6U6TR, STM32C011J4M3, STM32C011J4M6, STM32C011J6M3, STM32C011J6M6, STM32C0316-DK, STM32C031C4T3, STM32C031C4T6, STM32C031C4U3, STM32C031C4U6, STM32C031C6T3, STM32C031C6T6, STM32C031C6U3, STM32C031C6U6, STM32C031F4P3, STM32C031F4P6, STM32C031F6P3, STM32C031F6P6, STM32C031G4U3, STM32C031G4U6, STM32C031G6U3, STM32C031G6U6, STM32C031K4T3, STM32C031K4T6, STM32C031K4U3, STM32C031K4U6, STM32C031K6T3, STM32C031K6T6, STM32C031K6U3, STM32C031K6U6, STM32G071K8TXN, STM32G071K8UXN, STM32G081GBU6N, STM32G081KBT6N, STM32G081KBUXN, STM32G0B1CCT6N, STM32G0B1KCT6, STM32G0B1NEY6TR, STM32G0B1RCT6N, STM32G0C1CCT6, STM32G0C1CCT6N, STM32G0C1CCU6N, STM32G0C1CET6N, STM32G0C1CEU6N, STM32G0C1KCT6, STM32G0C1NEY6TR, STM32G0C1RCI6N, STM32G0C1RCT6N, STM32G0C1REI6N, STM32G0C1RET6N, STM32G0C1VCI6, STM32G0C1VEI6, STM32G471CCT6, STM32G471CCU6, STM32G471CET3, STM32G471CET6, STM32G471CEU3, STM32G471CEU6, STM32G471MCT6, STM32G471MET3, STM32G471MET6, STM32G471MEY6TR, STM32G471QCT6, STM32G471QET3, STM32G471RCT6, STM32G471RET3, STM32G471RET6, STM32G471VCH6, STM32G471VCI6, STM32G471VCT6, STM32G471VEH3, STM32G471VEH6, STM32G471VEI3, STM32G471VEI6, STM32G471VET3, STM32G471VET6, STM32G474CCT6, STM32H503CBT6, STM32H503CBU6, STM32H503EBY6TR, STM32H503KBU6, STM32H503RBT6, STM32H562AGI6, STM32H562AII6, STM32H562IGK6, STM32H562IGT6, STM32H562IIK6, STM32H562IIT6, STM32H562RGT6, STM32H562RGV6, STM32H562RIT6, STM32H562RIV6, STM32H562VGT6, STM32H562VIT6, STM32H562ZGT6, STM32H562ZIT6, STM32H563AGI6, STM32H563AII3Q, STM32H563AII6, STM32H563IGK6, STM32H563IGT6, STM32H563IIK3Q, STM32H563IIK6, STM32H563IIT3Q, STM32H563IIT6, STM32H563MIY3QTR, STM32H563RGT6, STM32H563RGV6, STM32H563RIT6, STM32H563RIV6, STM32H563VGT6, STM32H563VIT3Q, STM32H563VIT6, STM32H563ZGT6, STM32H563ZIT3Q, STM32H563ZIT6, STM32H573AII3Q, STM32H573AII6, STM32H573I-DK, STM32H573IIK3Q, STM32H573IIK6, STM32H573IIT3Q, STM32H573IIT6, STM32H573MIY3QTR, STM32H573RIT6, STM32H573RIV6, STM32H573VIT3Q, STM32H573VIT6, STM32H573ZIT3Q, STM32H573ZIT6, STM32L4R5QGI6STR, STM32MP131AAE3, STM32MP131AAF3, STM32MP131AAG3, STM32MP131CAE3, STM32MP131CAF3, STM32MP131CAG3, STM32MP131DAE7, STM32MP131DAF7, STM32MP131DAG7, STM32MP131FAE7, STM32MP131FAF7, STM32MP131FAG7, STM32MP133AAE3, STM32MP133AAF3, STM32MP133AAG3, STM32MP133CAE3, STM32MP133CAF3, STM32MP133CAG3, STM32MP133DAE7, STM32MP133DAF7, STM32MP133DAG7, STM32MP133FAE7, STM32MP133FAF7, STM32MP133FAG7, STM32MP135AAE3, STM32MP135AAF3, STM32MP135AAG3, STM32MP135CAE3, STM32MP135CAF3, STM32MP135CAG3, STM32MP135DAE7, STM32MP135DAF7, STM32MP135DAG7, STM32MP135F-DK, STM32MP135FAE7, STM32MP135FAF7, STM32MP135FAF7T, STM32MP135FAF7U, STM32MP135FAG7, STM32U535CBT6, STM32U535CBT6Q, STM32U535CBU6, STM32U535CBU6Q, STM32U535CCT6, STM32U535CCT6Q, STM32U535CCU6, STM32U535CCU6Q, STM32U535CET6, STM32U535CET6Q, STM32U535CEU6, STM32U535CEU6Q, STM32U535JEY6QTR, STM32U535NCY6QTR, STM32U535NEY6QTR, STM32U535RBI6, STM32U535RBI6Q, STM32U535RBT6, STM32U535RBT6Q, STM32U535RCI6, STM32U535RCI6Q, STM32U535RCT6, STM32U535RCT6Q, STM32U535REI6, STM32U535REI6Q, STM32U535RET6, STM32U535RET6Q, STM32U535VCI6, STM32U535VCI6Q, STM32U535VCT6, STM32U535VCT6Q, STM32U535VEI6, STM32U535VEI6Q, STM32U535VET6, STM32U535VET6Q, STM32U545CET6, STM32U545CET6Q, STM32U545CEU6, STM32U545CEU6Q, STM32U545JEY6QTR, STM32U545NEY6QTR, STM32U545REI6, STM32U545REI6Q, STM32U545RET6, STM32U545RET6Q, STM32U545VEI6, STM32U545VEI6Q, STM32U545VET6, STM32U545VET6Q, STM32U595AIH6, STM32U595AIH6Q, STM32U595AJH6, STM32U595AJH6Q, STM32U595QII6, STM32U595QII6Q, STM32U595QJI6, STM32U595QJI6Q, STM32U595RIT6, STM32U595RIT6Q, STM32U595RJT6, STM32U595RJT6Q, STM32U595VIT6, STM32U595VIT6Q, STM32U595VJT6, STM32U595VJT6Q, STM32U595ZIT6, STM32U595ZIT6Q, STM32U595ZIY6QTR, STM32U595ZJT6, STM32U595ZJT6Q, STM32U595ZJY6QTR, STM32U599BJY6QTR, STM32U599NIH6Q, STM32U599NJH6Q, STM32U599VIT6Q, STM32U599VJT6, STM32U599VJT6Q, STM32U599ZIT6Q, STM32U599ZIY6QTR, STM32U599ZJT6Q, STM32U599ZJY6QTR, STM32U5A5AJH6, STM32U5A5AJH6Q, STM32U5A5QJI6, STM32U5A5QJI6Q, STM32U5A5RJT6, STM32U5A5RJT6Q, STM32U5A5VJT6, STM32U5A5VJT6Q, STM32U5A5ZJT6, STM32U5A5ZJT6Q, STM32U5A5ZJY6QTR, STM32U5A9BJY6QTR, STM32U5A9J-DK, STM32U5A9NJH6Q, STM32U5A9VJT6Q, STM32U5A9ZJT6Q, STM32U5A9ZJY6QTR, STM32U5F7VIT6, STM32U5F7VIT6Q, STM32U5F7VJT6, STM32U5F7VJT6Q, STM32U5F9BJY6QTR, STM32U5F9NJH6Q, STM32U5F9VIT6Q, STM32U5F9VJT6Q, STM32U5F9ZIJ6QTR, STM32U5F9ZIT6Q, STM32U5F9ZJJ6QTR, STM32U5F9ZJT6Q, STM32U5G7VJT6, STM32U5G7VJT6Q, STM32U5G9BJY6QTR, STM32U5G9J-DK1, STM32U5G9J-DK2, STM32U5G9NJH6Q, STM32U5G9VJT6Q, STM32U5G9ZJJ6QTR, STM32U5G9ZJT6Q, STM32WB1MMCH6, STM32WBA52CEU6, STM32WBA52CEU6T, STM32WBA52CGU6, STM32WBA52CGU6T, STM32WBA52KEU6, STM32WBA52KEU6T, STM32WBA52KGU6, STM32WBA52KGU6T, STM32WL5MOCH6, STM32WL5MOCH6TR]
2025-05-06 15:20:38,582 [INFO] DbMcus:217 - Found 4642 MCUs, 4642 are supported
2025-05-06 15:20:38,604 [INFO] ApiDb:423 - Load user favorites file C:\Users\msi1/.stm32cubeide/favorites.mcus.txt: 3 item(s)
2025-05-06 15:20:38,604 [INFO] ApiDb:427 - User favorites MCUs=[STM32F103CBT6, STM32F303VCT6, STM32F407VGT6]
2025-05-06 15:20:38,605 [INFO] DbMcus:223 - Set 3 / 3 favorites MCUs
2025-05-06 15:20:39,310 [WARN] ThirdParty:833 - waiting for thirdparty lock release [change project]
2025-05-06 15:20:39,310 [INFO] ThirdParty:835 - entering critical section [change project]
2025-05-06 15:20:39,310 [INFO] ThirdParty:1030 - CMSIS Pack Vendor :STMicroelectronics USBPD 4.1
2025-05-06 15:20:39,311 [INFO] ThirdParty:1030 - CMSIS Pack Vendor :STMicroelectronics X-CUBE-GNSS1 6.0.0
2025-05-06 15:20:39,311 [INFO] ThirdParty:1030 - CMSIS Pack Vendor :STMicroelectronics USB_HOST 2.0.0
2025-05-06 15:20:39,311 [INFO] ThirdParty:1030 - CMSIS Pack Vendor :STMicroelectronics FP-SNS-MOTENVWB1 1.4.0
2025-05-06 15:20:39,311 [INFO] ThirdParty:1030 - CMSIS Pack Vendor :STMicroelectronics X-CUBE-AZRTOS-F4 1.1.0
2025-05-06 15:20:39,311 [INFO] ThirdParty:1030 - CMSIS Pack Vendor :STMicroelectronics LIBJPEG 8.0.0
2025-05-06 15:20:39,311 [INFO] ThirdParty:1030 - CMSIS Pack Vendor :STMicroelectronics FP-ATR-ASTRA1 2.0.2
2025-05-06 15:20:39,311 [INFO] ThirdParty:1030 - CMSIS Pack Vendor :STMicroelectronics FP-ATR-ASTRA1 2.0.1
2025-05-06 15:20:39,311 [INFO] ThirdParty:1030 - CMSIS Pack Vendor :STMicroelectronics X-CUBE-SMBUS 2.1.0
2025-05-06 15:20:39,311 [INFO] ThirdParty:1030 - CMSIS Pack Vendor :STMicroelectronics X-CUBE-WB05N 1.1.0
2025-05-06 15:20:39,311 [INFO] ThirdParty:1030 - CMSIS Pack Vendor :wolfSSL I-CUBE-wolfSSL 5.6.0
2025-05-06 15:20:39,311 [INFO] ThirdParty:1030 - CMSIS Pack Vendor :STMicroelectronics X-CUBE-ISPU 2.1.0
2025-05-06 15:20:39,311 [INFO] ThirdParty:1030 - CMSIS Pack Vendor :STMicroelectronics X-CUBE-FREERTOS 1.2.0
2025-05-06 15:20:39,311 [INFO] ThirdParty:1030 - CMSIS Pack Vendor :STMicroelectronics X-CUBE-TOUCHGFX 4.23.0
2025-05-06 15:20:39,311 [INFO] ThirdParty:1030 - CMSIS Pack Vendor :STMicroelectronics X-CUBE-TOUCHGFX 4.23.2
2025-05-06 15:20:39,311 [INFO] ThirdParty:1030 - CMSIS Pack Vendor :STMicroelectronics X-CUBE-AZRTOS-F7 1.1.0
2025-05-06 15:20:39,311 [INFO] ThirdParty:1030 - CMSIS Pack Vendor :STMicroelectronics X-CUBE-AZRTOS-L5 2.0.0
2025-05-06 15:20:39,311 [INFO] ThirdParty:1030 - CMSIS Pack Vendor :STMicroelectronics USB_DEVICE 2.0.0
2025-05-06 15:20:39,311 [INFO] ThirdParty:1030 - CMSIS Pack Vendor :STMicroelectronics X-CUBE-MEMS1 9.6.0
2025-05-06 15:20:39,311 [INFO] ThirdParty:1030 - CMSIS Pack Vendor :STMicroelectronics X-CUBE-EEPRMA1 4.2.0
2025-05-06 15:20:39,311 [INFO] ThirdParty:1030 - CMSIS Pack Vendor :STMicroelectronics X-CUBE-NFC6 3.1.0
2025-05-06 15:20:39,311 [INFO] ThirdParty:1030 - CMSIS Pack Vendor :ITTIA_DB I-CUBE-ITTIADB 8.8.0
2025-05-06 15:20:39,312 [INFO] ThirdParty:1030 - CMSIS Pack Vendor :STMicroelectronics FP-SNS-MOTENV1 4.3.0
2025-05-06 15:20:39,312 [INFO] ThirdParty:1030 - CMSIS Pack Vendor :STMicroelectronics FP-SNS-MOTENV1 4.3.2
2025-05-06 15:20:39,312 [INFO] ThirdParty:1030 - CMSIS Pack Vendor :STMicroelectronics FP-SNS-FLIGHT1 5.0.0
2025-05-06 15:20:39,312 [INFO] ThirdParty:1030 - CMSIS Pack Vendor :STMicroelectronics X-CUBE-BLE1 6.2.4
2025-05-06 15:20:39,312 [INFO] ThirdParty:1030 - CMSIS Pack Vendor :STMicroelectronics FreeRTOS 0.0.1
2025-05-06 15:20:39,312 [INFO] ThirdParty:1030 - CMSIS Pack Vendor :emotas I-CUBE-CANOPEN 1.1.3
2025-05-06 15:20:39,312 [INFO] ThirdParty:1030 - CMSIS Pack Vendor :STMicroelectronics X-CUBE-BLEMGR 2.0.0
2025-05-06 15:20:39,312 [INFO] ThirdParty:1030 - CMSIS Pack Vendor :STMicroelectronics FP-SNS-FLIGHT1 5.0.2
2025-05-06 15:20:39,312 [INFO] ThirdParty:1030 - CMSIS Pack Vendor :STMicroelectronics X-CUBE-AI 9.0.0
2025-05-06 15:20:39,312 [INFO] ThirdParty:1030 - CMSIS Pack Vendor :STMicroelectronics X-CUBE-AZRTOS-H7 3.1.0
2025-05-06 15:20:39,312 [INFO] ThirdParty:1030 - CMSIS Pack Vendor :STMicroelectronics PDM2PCM 3.3.0
2025-05-06 15:20:39,312 [INFO] ThirdParty:1030 - CMSIS Pack Vendor :STMicroelectronics X-CUBE-DISPLAY 3.0.0
2025-05-06 15:20:39,312 [INFO] ThirdParty:1030 - CMSIS Pack Vendor :STMicroelectronics X-CUBE-BLE1 7.0.0
2025-05-06 15:20:39,312 [INFO] ThirdParty:1030 - CMSIS Pack Vendor :STMicroelectronics X-CUBE-NFC10 1.0.0
2025-05-06 15:20:39,312 [INFO] ThirdParty:1030 - CMSIS Pack Vendor :STMicroelectronics HAL Drivers 0.0.0
2025-05-06 15:20:39,312 [INFO] ThirdParty:1030 - CMSIS Pack Vendor :emotas I-CUBE-CANOPEN 1.3.0
2025-05-06 15:20:39,312 [INFO] ThirdParty:1030 - CMSIS Pack Vendor :STMicroelectronics X-CUBE-FREERTOS 1.3.0
2025-05-06 15:20:39,312 [INFO] ThirdParty:1030 - CMSIS Pack Vendor :STMicroelectronics X-CUBE-TOUCHGFX 4.22.0
2025-05-06 15:20:39,312 [INFO] ThirdParty:1030 - CMSIS Pack Vendor :STMicroelectronics X-CUBE-NFC7 1.0.1
2025-05-06 15:20:39,312 [INFO] ThirdParty:1030 - CMSIS Pack Vendor :STMicroelectronics MBEDTLS 2.14.1
2025-05-06 15:20:39,312 [INFO] ThirdParty:1030 - CMSIS Pack Vendor :STMicroelectronics X-CUBE-NFC7 1.0.0
2025-05-06 15:20:39,312 [INFO] ThirdParty:1030 - CMSIS Pack Vendor :STMicroelectronics X-CUBE-TOUCHGFX 4.22.1
2025-05-06 15:20:39,313 [INFO] ThirdParty:1030 - CMSIS Pack Vendor :wolfSSL I-CUBE-wolfTPM 3.2.0
2025-05-06 15:20:39,313 [INFO] ThirdParty:1030 - CMSIS Pack Vendor :STMicroelectronics X-CUBE-NFC6 3.0.0
2025-05-06 15:20:39,313 [INFO] ThirdParty:1030 - CMSIS Pack Vendor :STMicroelectronics X-CUBE-EEPRMA1 4.1.0
2025-05-06 15:20:39,313 [INFO] ThirdParty:1030 - CMSIS Pack Vendor :STMicroelectronics X-CUBE-BLEMGR 3.1.0
2025-05-06 15:20:39,313 [INFO] ThirdParty:1030 - CMSIS Pack Vendor :STMicroelectronics X-CUBE-AI 10.0.0
2025-05-06 15:20:39,313 [INFO] ThirdParty:1030 - CMSIS Pack Vendor :STMicroelectronics FP-SNS-SMARTAG2 1.2.0
2025-05-06 15:20:39,313 [INFO] ThirdParty:1030 - CMSIS Pack Vendor :STMicroelectronics X-CUBE-MEMS1 11.1.0
2025-05-06 15:20:39,313 [INFO] ThirdParty:1030 - CMSIS Pack Vendor :STMicroelectronics X-CUBE-AZRTOS-WL 2.0.0
2025-05-06 15:20:39,313 [INFO] ThirdParty:1030 - CMSIS Pack Vendor :STMicroelectronics FP-SNS-MOTENV1 5.0.0
2025-05-06 15:20:39,313 [INFO] ThirdParty:1030 - CMSIS Pack Vendor :STMicroelectronics USB_DEVICE 1.0.0
2025-05-06 15:20:39,313 [INFO] ThirdParty:1030 - CMSIS Pack Vendor :STMicroelectronics X-CUBE-AI 8.1.0
2025-05-06 15:20:39,313 [INFO] ThirdParty:1030 - CMSIS Pack Vendor :wolfSSL I-CUBE-wolfMQTT 1.19.0
2025-05-06 15:20:39,313 [INFO] ThirdParty:1030 - CMSIS Pack Vendor :STMicroelectronics X-CUBE-AZRTOS-L4 2.0.0
2025-05-06 15:20:39,313 [INFO] ThirdParty:1030 - CMSIS Pack Vendor :STMicroelectronics ThreadX 0.0.2
2025-05-06 15:20:39,313 [INFO] ThirdParty:1030 - CMSIS Pack Vendor :WES I-CUBE-Cesium 1.3.0
2025-05-06 15:20:39,313 [INFO] ThirdParty:1030 - CMSIS Pack Vendor :STMicroelectronics lwIP 2.1.2
2025-05-06 15:20:39,313 [INFO] ThirdParty:1030 - CMSIS Pack Vendor :STMicroelectronics X-CUBE-SFXS2LP1 4.0.0
2025-05-06 15:20:39,313 [INFO] ThirdParty:1030 - CMSIS Pack Vendor :STMicroelectronics X-CUBE-BLE2 3.3.0
2025-05-06 15:20:39,313 [INFO] ThirdParty:1030 - CMSIS Pack Vendor :STMicroelectronics PDM2PCM 3.2.0
2025-05-06 15:20:39,313 [INFO] ThirdParty:1030 - CMSIS Pack Vendor :STMicroelectronics X-CUBE-ISPU 1.1.0
2025-05-06 15:20:39,313 [INFO] ThirdParty:1030 - CMSIS Pack Vendor :STMicroelectronics X-CUBE-AZRTOS-H7 3.3.0
2025-05-06 15:20:39,313 [INFO] ThirdParty:1030 - CMSIS Pack Vendor :STMicroelectronics X-CUBE-NFC9 1.0.0
2025-05-06 15:20:39,313 [INFO] ThirdParty:1030 - CMSIS Pack Vendor :STMicroelectronics X-CUBE-BLE1 7.1.0
2025-05-06 15:20:39,313 [INFO] ThirdParty:1030 - CMSIS Pack Vendor :STMicroelectronics USB_DEVICE 3.0.0
2025-05-06 15:20:39,313 [INFO] ThirdParty:1030 - CMSIS Pack Vendor :STMicroelectronics X-CUBE-TCPP 4.1.0
2025-05-06 15:20:39,313 [INFO] ThirdParty:1030 - CMSIS Pack Vendor :STMicroelectronics X-CUBE-AZRTOS-WB 2.0.0
2025-05-06 15:20:39,313 [INFO] ThirdParty:1030 - CMSIS Pack Vendor :STMicroelectronics X-CUBE-FREERTOS 1.0.1
2025-05-06 15:20:39,313 [INFO] ThirdParty:1030 - CMSIS Pack Vendor :STMicroelectronics X-CUBE-GNSS1 7.0.1
2025-05-06 15:20:39,313 [INFO] ThirdParty:1030 - CMSIS Pack Vendor :STMicroelectronics X-CUBE-TOUCHGFX 4.21.4
2025-05-06 15:20:39,313 [INFO] ThirdParty:1030 - CMSIS Pack Vendor :STMicroelectronics X-CUBE-TOUCHGFX 4.25.0
2025-05-06 15:20:39,313 [INFO] ThirdParty:1030 - CMSIS Pack Vendor :STMicroelectronics X-CUBE-ALGOBUILD 1.3.0
2025-05-06 15:20:39,313 [INFO] ThirdParty:1030 - CMSIS Pack Vendor :STMicroelectronics X-CUBE-AZRTOS-L5 1.1.0
2025-05-06 15:20:39,313 [INFO] ThirdParty:1030 - CMSIS Pack Vendor :STMicroelectronics X-CUBE-MEMS1 11.2.0
2025-05-06 15:20:39,313 [INFO] ThirdParty:1030 - CMSIS Pack Vendor :STMicroelectronics X-CUBE-AZRTOS-G0 1.1.0
2025-05-06 15:20:39,314 [INFO] ThirdParty:1030 - CMSIS Pack Vendor :STMicroelectronics X-CUBE-AI 8.0.1
2025-05-06 15:20:39,314 [INFO] ThirdParty:1030 - CMSIS Pack Vendor :STMicroelectronics X-CUBE-SAFEA1 1.2.2
2025-05-06 15:20:39,314 [INFO] ThirdParty:1030 - CMSIS Pack Vendor :STMicroelectronics X-CUBE-NFC4 3.0.0
2025-05-06 15:20:39,314 [INFO] ThirdParty:1030 - CMSIS Pack Vendor :STMicroelectronics X-CUBE-SUBG2 5.0.0
2025-05-06 15:20:39,314 [INFO] ThirdParty:1030 - CMSIS Pack Vendor :STMicroelectronics X-CUBE-AZRTOS-H7RS 1.1.0
2025-05-06 15:20:39,314 [INFO] ThirdParty:1030 - CMSIS Pack Vendor :STMicroelectronics STM32_WPAN 1.0.0
2025-05-06 15:20:39,314 [INFO] ThirdParty:1030 - CMSIS Pack Vendor :wolfSSL I-CUBE-wolfMQTT 1.18.0
2025-05-06 15:20:39,314 [INFO] ThirdParty:1030 - CMSIS Pack Vendor :STMicroelectronics lwIP 2.0.3
2025-05-06 15:20:39,314 [INFO] ThirdParty:1030 - CMSIS Pack Vendor :Cesanta I-CUBE-Mongoose 7.13.0
2025-05-06 15:20:39,314 [INFO] ThirdParty:1030 - CMSIS Pack Vendor :STMicroelectronics USB_HOST 1.0.0
2025-05-06 15:20:39,314 [INFO] ThirdParty:1030 - CMSIS Pack Vendor :STMicroelectronics X-CUBE-TOF1 3.3.1
2025-05-06 15:20:39,314 [INFO] ThirdParty:1030 - CMSIS Pack Vendor :STMicroelectronics X-CUBE-AZRTOS-G4 2.0.0
2025-05-06 15:20:39,314 [INFO] ThirdParty:1030 - CMSIS Pack Vendor :STMicroelectronics X-CUBE-WB05N 2.0.0
2025-05-06 15:20:39,314 [INFO] ThirdParty:1030 - CMSIS Pack Vendor :STMicroelectronics PDM2PCM 3.1.0
2025-05-06 15:20:39,314 [INFO] ThirdParty:1030 - CMSIS Pack Vendor :STMicroelectronics X-CUBE-TOF1 3.3.0
2025-05-06 15:20:39,314 [INFO] ThirdParty:1030 - CMSIS Pack Vendor :Infineon AIROC-Wi-Fi-Bluetooth-STM32 1.5.1
2025-05-06 15:20:39,314 [INFO] ThirdParty:1030 - CMSIS Pack Vendor :STMicroelectronics X-CUBE-BLEMGR 3.0.0
2025-05-06 15:20:39,314 [INFO] ThirdParty:1030 - CMSIS Pack Vendor :STMicroelectronics FP-SNS-MOTENVWB1 1.3.0
2025-05-06 15:20:39,314 [INFO] ThirdParty:1030 - CMSIS Pack Vendor :STMicroelectronics X-CUBE-NFC7 2.0.0
2025-05-06 15:20:39,314 [INFO] ThirdParty:1030 - CMSIS Pack Vendor :STMicroelectronics FP-SNS-MOTENVWB1 1.3.1
2025-05-06 15:20:39,314 [INFO] ThirdParty:1030 - CMSIS Pack Vendor :STMicroelectronics FP-ATR-SIGFOX1 3.2.0
2025-05-06 15:20:39,314 [INFO] ThirdParty:1030 - CMSIS Pack Vendor :STMicroelectronics X-CUBE-AZRTOS-L4 1.0.0
2025-05-06 15:20:39,314 [INFO] ThirdParty:1030 - CMSIS Pack Vendor :STMicroelectronics X-CUBE-ISPU 2.0.0
2025-05-06 15:20:39,315 [INFO] ThirdParty:1030 - CMSIS Pack Vendor :STMicroelectronics X-CUBE-EEPRMA1 5.1.0
2025-05-06 15:20:39,315 [INFO] ThirdParty:1030 - CMSIS Pack Vendor :STMicroelectronics MBEDTLS 2.16.2
2025-05-06 15:20:39,315 [INFO] ThirdParty:1030 - CMSIS Pack Vendor :STMicroelectronics X-CUBE-ALS 1.0.2
2025-05-06 15:20:39,316 [INFO] ThirdParty:1030 - CMSIS Pack Vendor :STMicroelectronics X-CUBE-MEMS1 10.0.0
2025-05-06 15:20:39,316 [INFO] ThirdParty:1030 - CMSIS Pack Vendor :STMicroelectronics X-CUBE-FREERTOS 1.1.0
2025-05-06 15:20:39,316 [INFO] ThirdParty:1030 - CMSIS Pack Vendor :wolfSSL I-CUBE-wolfSSL 5.7.6
2025-05-06 15:20:39,316 [INFO] ThirdParty:1030 - CMSIS Pack Vendor :STMicroelectronics X-CUBE-TOUCHGFX 4.24.0
2025-05-06 15:20:39,316 [INFO] ThirdParty:1030 - CMSIS Pack Vendor :ITTIA_DB I-CUBE-ITTIADB 8.9.0
2025-05-06 15:20:39,316 [INFO] ThirdParty:1030 - CMSIS Pack Vendor :STMicroelectronics X-CUBE-TOUCHGFX 4.24.2
2025-05-06 15:20:39,316 [INFO] ThirdParty:1030 - CMSIS Pack Vendor :STMicroelectronics X-CUBE-AZRTOS-WL 1.0.0
2025-05-06 15:20:39,316 [INFO] ThirdParty:1030 - CMSIS Pack Vendor :STMicroelectronics X-CUBE-TOUCHGFX 4.24.1
2025-05-06 15:20:39,316 [INFO] ThirdParty:1030 - CMSIS Pack Vendor :wolfSSL I-CUBE-wolfTPM 3.4.0
2025-05-06 15:20:39,316 [INFO] ThirdParty:1030 - CMSIS Pack Vendor :portGmbH I-Cube-SoM-uGOAL 1.1.0
2025-05-06 15:20:39,316 [INFO] ThirdParty:1030 - CMSIS Pack Vendor :STMicroelectronics X-CUBE-ALS 1.0.1
2025-05-06 15:20:39,316 [INFO] ThirdParty:1030 - CMSIS Pack Vendor :STMicroelectronics ThreadX 1.0.0
2025-05-06 15:20:39,316 [INFO] ThirdParty:1030 - CMSIS Pack Vendor :STMicroelectronics X-CUBE-AZRTOS-WB 1.1.0
2025-05-06 15:20:39,316 [INFO] ThirdParty:1030 - CMSIS Pack Vendor :SEGGER I-CUBE-embOS 1.3.1
2025-05-06 15:20:39,317 [INFO] ThirdParty:1030 - CMSIS Pack Vendor :STMicroelectronics X-CUBE-ALGOBUILD 1.4.0
2025-05-06 15:20:39,317 [INFO] ThirdParty:1030 - CMSIS Pack Vendor :STMicroelectronics X-CUBE-AZRTOS-H7RS 1.0.0
2025-05-06 15:20:39,317 [INFO] ThirdParty:1030 - CMSIS Pack Vendor :STMicroelectronics FP-ATR-ASTRA1 2.0.0
2025-05-06 15:20:39,317 [INFO] ThirdParty:1030 - CMSIS Pack Vendor :STMicroelectronics X-CUBE-AI 9.1.0
2025-05-06 15:20:39,317 [INFO] ThirdParty:1030 - CMSIS Pack Vendor :STMicroelectronics X-CUBE-TOF1 3.4.0
2025-05-06 15:20:39,317 [INFO] ThirdParty:1030 - CMSIS Pack Vendor :STMicroelectronics X-CUBE-TOF1 3.4.1
2025-05-06 15:20:39,317 [INFO] ThirdParty:1030 - CMSIS Pack Vendor :STMicroelectronics X-CUBE-AZRTOS-H7 3.2.0
2025-05-06 15:20:39,317 [INFO] ThirdParty:1030 - CMSIS Pack Vendor :wolfSSL I-CUBE-wolfSSH 1.4.17
2025-05-06 15:20:39,317 [INFO] ThirdParty:841 - exiting critical section [change project]
2025-05-06 15:20:39,704 [INFO] PinOutPanel:1499 - setPackage(No Configuration,No Configuration)
2025-05-06 15:20:39,707 [INFO] PinOutPanel:1499 - setPackage(STM32F103CBTx,LQFP48)
2025-05-06 15:20:40,197 [INFO] UtilMem:75 - Before build in PCC Used Memory: 751400032 Bytes (1073741824)
2025-05-06 15:20:41,083 [INFO] UtilMem:75 - After build in PCC Used Memory: 828444296 Bytes (1073741824)
2025-05-06 15:20:41,111 [INFO] IPUIPlugin:80 - create IPUIPlugin
2025-05-06 15:20:41,111 [INFO] IPUIPlugin:80 - create IPUIPlugin
2025-05-06 15:20:41,112 [INFO] IPUIPlugin:80 - create IPUIPlugin
2025-05-06 15:20:41,112 [INFO] IPUIPlugin:80 - create IPUIPlugin
2025-05-06 15:20:41,112 [INFO] IPUIPlugin:80 - create IPUIPlugin
2025-05-06 15:20:41,112 [INFO] IPUIPlugin:80 - create IPUIPlugin
2025-05-06 15:20:41,112 [INFO] IPUIPlugin:80 - create IPUIPlugin
2025-05-06 15:20:41,112 [INFO] IPUIPlugin:80 - create IPUIPlugin
2025-05-06 15:20:41,112 [INFO] IPUIPlugin:80 - create IPUIPlugin
2025-05-06 15:20:41,113 [INFO] IPUIPlugin:80 - create IPUIPlugin
2025-05-06 15:20:41,113 [INFO] IPUIPlugin:80 - create IPUIPlugin
2025-05-06 15:20:41,113 [INFO] IPUIPlugin:80 - create IPUIPlugin
2025-05-06 15:20:41,113 [INFO] IPUIPlugin:80 - create IPUIPlugin
2025-05-06 15:20:41,113 [INFO] IPUIPlugin:80 - create IPUIPlugin
2025-05-06 15:20:41,114 [INFO] IPUIPlugin:80 - create IPUIPlugin
2025-05-06 15:20:41,114 [INFO] IPUIPlugin:80 - create IPUIPlugin
2025-05-06 15:20:41,115 [INFO] IPUIPlugin:80 - create IPUIPlugin
2025-05-06 15:20:41,115 [INFO] IPUIPlugin:80 - create IPUIPlugin
2025-05-06 15:20:41,116 [INFO] IPUIPlugin:80 - create IPUIPlugin
2025-05-06 15:20:41,116 [INFO] IPUIPlugin:80 - create IPUIPlugin
2025-05-06 15:20:41,116 [INFO] IPUIPlugin:80 - create IPUIPlugin
2025-05-06 15:20:41,116 [INFO] IPUIPlugin:80 - create IPUIPlugin
2025-05-06 15:20:41,116 [INFO] IPUIPlugin:80 - create IPUIPlugin
2025-05-06 15:20:41,117 [INFO] IPUIPlugin:80 - create IPUIPlugin
2025-05-06 15:20:41,117 [INFO] IPUIPlugin:80 - create IPUIPlugin
2025-05-06 15:20:41,117 [INFO] IPUIPlugin:80 - create IPUIPlugin
2025-05-06 15:20:41,117 [INFO] IPUIPlugin:80 - create IPUIPlugin
2025-05-06 15:20:41,415 [INFO] CADModel:165 - CPN selected for project levelSTM32F103CBT6
2025-05-06 15:20:41,415 [INFO] CADModel:114 - Register for checkConnection events
2025-05-06 15:20:41,472 [INFO] OpenFileManager:328 - Restore cursor
2025-05-06 15:21:09,861 [INFO] MainUpdater:2868 - connection check result : 10
2025-05-06 15:21:09,861 [INFO] MainUpdater:2868 - connection check result : 10
2025-05-06 15:21:10,095 [INFO] MicroXplorer:468 - Change Database Path : 
2025-05-06 15:21:10,095 [INFO] MicroXplorer:498 - Change Database Version : DB.6.0.90
2025-05-06 15:21:10,142 [WARN] ThirdParty:871 - waiting for thirdparty lock release [close project]
2025-05-06 15:21:10,142 [INFO] ThirdParty:873 - entering critical section [close project]
2025-05-06 15:21:10,143 [INFO] ThirdParty:883 - exiting critical section [close project]
2025-05-06 15:21:10,144 [INFO] PinOutPanel:1499 - setPackage(No Configuration,No Configuration)
2025-05-06 15:21:10,158 [INFO] UtilMem:75 - Begin LoadConfig() Used Memory: 884130824 Bytes (1073741824)
2025-05-06 15:21:10,158 [INFO] MicroXplorer:468 - Change Database Path : 
2025-05-06 15:21:10,158 [INFO] MicroXplorer:498 - Change Database Version : DB.6.0.90
2025-05-06 15:21:10,158 [INFO] OpenFileManager:308 - Change cursor
2025-05-06 15:21:10,186 [INFO] Mcu:1946 - Initializing MCU STM32F303V(B-C)Tx STM32F303VCTx STM32F303VCT6
2025-05-06 15:21:12,168 [INFO] Context:659 - Trying to add GPIOservice into a context  which must be forbidden
2025-05-06 15:21:12,649 [INFO] RtosManager:555 - Registered RTOS mode: class=CMSIS, group=RTOS, mode=CMSIS_V1, owner=FREERTOS
2025-05-06 15:21:12,649 [INFO] RtosManager:555 - Registered RTOS mode: class=CMSIS, group=RTOS2, mode=CMSIS_V2, owner=FREERTOS
2025-05-06 15:21:12,649 [INFO] RtosManager:555 - Registered RTOS mode: class=RTOS, group=Core, mode=CMSIS_V1, owner=FREERTOS
2025-05-06 15:21:12,649 [INFO] RtosManager:555 - Registered RTOS mode: class=RTOS, group=Core, mode=CMSIS_V2, owner=FREERTOS
2025-05-06 15:21:12,649 [WARN] ModelIntegratedComponent:184 - Missing modes for component STMicroelectronics:FreeRTOS:0.0.1:STMicroelectronics:RTOS:FreeRTOS:Core:::10.2.0:
2025-05-06 15:21:12,653 [WARN] ModelIntegratedComponent:63 - No mode defined for component null
2025-05-06 15:21:12,653 [WARN] ModelIntegratedComponent:63 - No mode defined for component null
2025-05-06 15:21:12,653 [WARN] ModelIntegratedComponent:63 - No mode defined for component null
2025-05-06 15:21:12,653 [WARN] ModelIntegratedComponent:63 - No mode defined for component null
2025-05-06 15:21:12,653 [WARN] ModelIntegratedComponent:63 - No mode defined for component null
2025-05-06 15:21:12,653 [WARN] ModelIntegratedComponent:63 - No mode defined for component null
2025-05-06 15:21:12,653 [WARN] ModelIntegratedComponent:63 - No mode defined for component null
2025-05-06 15:21:12,653 [WARN] ModelIntegratedComponent:63 - No mode defined for component null
2025-05-06 15:21:12,653 [WARN] ModelIntegratedComponent:63 - No mode defined for component null
2025-05-06 15:21:12,653 [WARN] ModelIntegratedComponent:63 - No mode defined for component null
2025-05-06 15:21:12,653 [WARN] ModelIntegratedComponent:63 - No mode defined for component null
2025-05-06 15:21:12,653 [WARN] ModelIntegratedComponent:63 - No mode defined for component null
2025-05-06 15:21:12,654 [WARN] ModelIntegratedComponent:63 - No mode defined for component null
2025-05-06 15:21:12,654 [WARN] ModelIntegratedComponent:63 - No mode defined for component null
2025-05-06 15:21:12,654 [WARN] ModelIntegratedComponent:63 - No mode defined for component null
2025-05-06 15:21:12,654 [WARN] ModelIntegratedComponent:63 - No mode defined for component null
2025-05-06 15:21:12,654 [WARN] ModelIntegratedComponent:63 - No mode defined for component null
2025-05-06 15:21:12,654 [WARN] ModelIntegratedComponent:63 - No mode defined for component null
2025-05-06 15:21:12,654 [WARN] ModelIntegratedComponent:63 - No mode defined for component null
2025-05-06 15:21:12,654 [WARN] ModelIntegratedComponent:63 - No mode defined for component null
2025-05-06 15:21:12,654 [WARN] ModelIntegratedComponent:63 - No mode defined for component null
2025-05-06 15:21:12,655 [WARN] ModelIntegratedComponent:63 - No mode defined for component null
2025-05-06 15:21:12,655 [WARN] ModelIntegratedComponent:63 - No mode defined for component null
2025-05-06 15:21:12,655 [WARN] ModelIntegratedComponent:63 - No mode defined for component null
2025-05-06 15:21:12,655 [WARN] ModelIntegratedComponent:63 - No mode defined for component null
2025-05-06 15:21:12,655 [WARN] ModelIntegratedComponent:63 - No mode defined for component null
2025-05-06 15:21:12,655 [WARN] ModelIntegratedComponent:63 - No mode defined for component null
2025-05-06 15:21:12,655 [WARN] ModelIntegratedComponent:63 - No mode defined for component null
2025-05-06 15:21:12,655 [WARN] ModelIntegratedComponent:63 - No mode defined for component null
2025-05-06 15:21:12,655 [WARN] ModelIntegratedComponent:63 - No mode defined for component null
2025-05-06 15:21:12,655 [WARN] ModelIntegratedComponent:63 - No mode defined for component null
2025-05-06 15:21:12,655 [WARN] ModelIntegratedComponent:63 - No mode defined for component null
2025-05-06 15:21:12,655 [WARN] ModelIntegratedComponent:63 - No mode defined for component null
2025-05-06 15:21:13,023 [INFO] ThirdPartyModel:298 - Start build external matchings
2025-05-06 15:21:15,627 [INFO] ThirdPartyModel:316 - End build external matchings
2025-05-06 15:21:15,698 [INFO] ImportTextPane:194 - (OptionalMessage_ERROR) IP (RCC) : Invalid parameter (FamilyName)
2025-05-06 15:21:15,701 [INFO] ImportTextPane:194 - (OptionalMessage_ERROR) IP (RCC) : Invalid parameter (TIM2Freq_Value)
2025-05-06 15:21:15,701 [INFO] ImportTextPane:194 - (OptionalMessage_ERROR) IP (RCC) : Parameter (USBFreq_Value) has invalid value (72000000)
2025-05-06 15:21:16,203 [INFO] UtilMem:75 - End LoadConfig() Used Memory: 782000888 Bytes (1073741824)
2025-05-06 15:21:16,396 [WARN] ThirdParty:833 - waiting for thirdparty lock release [change project]
2025-05-06 15:21:16,396 [INFO] ThirdParty:835 - entering critical section [change project]
2025-05-06 15:21:16,396 [INFO] ThirdParty:1030 - CMSIS Pack Vendor :STMicroelectronics USBPD 4.1
2025-05-06 15:21:16,396 [INFO] ThirdParty:1030 - CMSIS Pack Vendor :STMicroelectronics X-CUBE-GNSS1 6.0.0
2025-05-06 15:21:16,396 [INFO] ThirdParty:1030 - CMSIS Pack Vendor :STMicroelectronics USB_HOST 2.0.0
2025-05-06 15:21:16,396 [INFO] ThirdParty:1030 - CMSIS Pack Vendor :STMicroelectronics FP-SNS-MOTENVWB1 1.4.0
2025-05-06 15:21:16,396 [INFO] ThirdParty:1030 - CMSIS Pack Vendor :STMicroelectronics X-CUBE-AZRTOS-F4 1.1.0
2025-05-06 15:21:16,396 [INFO] ThirdParty:1030 - CMSIS Pack Vendor :STMicroelectronics LIBJPEG 8.0.0
2025-05-06 15:21:16,396 [INFO] ThirdParty:1030 - CMSIS Pack Vendor :STMicroelectronics FP-ATR-ASTRA1 2.0.2
2025-05-06 15:21:16,396 [INFO] ThirdParty:1030 - CMSIS Pack Vendor :STMicroelectronics FP-ATR-ASTRA1 2.0.1
2025-05-06 15:21:16,396 [INFO] ThirdParty:1030 - CMSIS Pack Vendor :STMicroelectronics X-CUBE-SMBUS 2.1.0
2025-05-06 15:21:16,396 [INFO] ThirdParty:1030 - CMSIS Pack Vendor :STMicroelectronics X-CUBE-WB05N 1.1.0
2025-05-06 15:21:16,396 [INFO] ThirdParty:1030 - CMSIS Pack Vendor :wolfSSL I-CUBE-wolfSSL 5.6.0
2025-05-06 15:21:16,396 [INFO] ThirdParty:1030 - CMSIS Pack Vendor :STMicroelectronics X-CUBE-ISPU 2.1.0
2025-05-06 15:21:16,396 [INFO] ThirdParty:1030 - CMSIS Pack Vendor :STMicroelectronics X-CUBE-FREERTOS 1.2.0
2025-05-06 15:21:16,397 [INFO] ThirdParty:1030 - CMSIS Pack Vendor :STMicroelectronics X-CUBE-TOUCHGFX 4.23.0
2025-05-06 15:21:16,397 [INFO] ThirdParty:1030 - CMSIS Pack Vendor :STMicroelectronics X-CUBE-TOUCHGFX 4.23.2
2025-05-06 15:21:16,397 [INFO] ThirdParty:1030 - CMSIS Pack Vendor :STMicroelectronics X-CUBE-AZRTOS-F7 1.1.0
2025-05-06 15:21:16,397 [INFO] ThirdParty:1030 - CMSIS Pack Vendor :STMicroelectronics X-CUBE-AZRTOS-L5 2.0.0
2025-05-06 15:21:16,397 [INFO] ThirdParty:1030 - CMSIS Pack Vendor :STMicroelectronics USB_DEVICE 2.0.0
2025-05-06 15:21:16,397 [INFO] ThirdParty:1030 - CMSIS Pack Vendor :STMicroelectronics X-CUBE-MEMS1 9.6.0
2025-05-06 15:21:16,397 [INFO] ThirdParty:1030 - CMSIS Pack Vendor :STMicroelectronics X-CUBE-EEPRMA1 4.2.0
2025-05-06 15:21:16,397 [INFO] ThirdParty:1030 - CMSIS Pack Vendor :STMicroelectronics X-CUBE-NFC6 3.1.0
2025-05-06 15:21:16,397 [INFO] ThirdParty:1030 - CMSIS Pack Vendor :ITTIA_DB I-CUBE-ITTIADB 8.8.0
2025-05-06 15:21:16,397 [INFO] ThirdParty:1030 - CMSIS Pack Vendor :STMicroelectronics FP-SNS-MOTENV1 4.3.0
2025-05-06 15:21:16,397 [INFO] ThirdParty:1030 - CMSIS Pack Vendor :STMicroelectronics FP-SNS-MOTENV1 4.3.2
2025-05-06 15:21:16,397 [INFO] ThirdParty:1030 - CMSIS Pack Vendor :STMicroelectronics FP-SNS-FLIGHT1 5.0.0
2025-05-06 15:21:16,397 [INFO] ThirdParty:1030 - CMSIS Pack Vendor :STMicroelectronics X-CUBE-BLE1 6.2.4
2025-05-06 15:21:16,397 [INFO] ThirdParty:1030 - CMSIS Pack Vendor :STMicroelectronics FreeRTOS 0.0.1
2025-05-06 15:21:16,397 [INFO] ThirdParty:1030 - CMSIS Pack Vendor :emotas I-CUBE-CANOPEN 1.1.3
2025-05-06 15:21:16,397 [INFO] ThirdParty:1030 - CMSIS Pack Vendor :STMicroelectronics X-CUBE-BLEMGR 2.0.0
2025-05-06 15:21:16,397 [INFO] ThirdParty:1030 - CMSIS Pack Vendor :STMicroelectronics FP-SNS-FLIGHT1 5.0.2
2025-05-06 15:21:16,397 [INFO] ThirdParty:1030 - CMSIS Pack Vendor :STMicroelectronics X-CUBE-AI 9.0.0
2025-05-06 15:21:16,397 [INFO] ThirdParty:1030 - CMSIS Pack Vendor :STMicroelectronics X-CUBE-AZRTOS-H7 3.1.0
2025-05-06 15:21:16,397 [INFO] ThirdParty:1030 - CMSIS Pack Vendor :STMicroelectronics PDM2PCM 3.3.0
2025-05-06 15:21:16,397 [INFO] ThirdParty:1030 - CMSIS Pack Vendor :STMicroelectronics X-CUBE-DISPLAY 3.0.0
2025-05-06 15:21:16,397 [INFO] ThirdParty:1030 - CMSIS Pack Vendor :STMicroelectronics X-CUBE-BLE1 7.0.0
2025-05-06 15:21:16,397 [INFO] ThirdParty:1030 - CMSIS Pack Vendor :STMicroelectronics X-CUBE-NFC10 1.0.0
2025-05-06 15:21:16,398 [INFO] ThirdParty:1030 - CMSIS Pack Vendor :STMicroelectronics HAL Drivers 0.0.0
2025-05-06 15:21:16,398 [INFO] ThirdParty:1030 - CMSIS Pack Vendor :emotas I-CUBE-CANOPEN 1.3.0
2025-05-06 15:21:16,398 [INFO] ThirdParty:1030 - CMSIS Pack Vendor :STMicroelectronics X-CUBE-FREERTOS 1.3.0
2025-05-06 15:21:16,398 [INFO] ThirdParty:1030 - CMSIS Pack Vendor :STMicroelectronics X-CUBE-TOUCHGFX 4.22.0
2025-05-06 15:21:16,398 [INFO] ThirdParty:1030 - CMSIS Pack Vendor :STMicroelectronics X-CUBE-NFC7 1.0.1
2025-05-06 15:21:16,398 [INFO] ThirdParty:1030 - CMSIS Pack Vendor :STMicroelectronics MBEDTLS 2.14.1
2025-05-06 15:21:16,398 [INFO] ThirdParty:1030 - CMSIS Pack Vendor :STMicroelectronics X-CUBE-NFC7 1.0.0
2025-05-06 15:21:16,398 [INFO] ThirdParty:1030 - CMSIS Pack Vendor :STMicroelectronics X-CUBE-TOUCHGFX 4.22.1
2025-05-06 15:21:16,398 [INFO] ThirdParty:1030 - CMSIS Pack Vendor :wolfSSL I-CUBE-wolfTPM 3.2.0
2025-05-06 15:21:16,398 [INFO] ThirdParty:1030 - CMSIS Pack Vendor :STMicroelectronics X-CUBE-NFC6 3.0.0
2025-05-06 15:21:16,398 [INFO] ThirdParty:1030 - CMSIS Pack Vendor :STMicroelectronics X-CUBE-EEPRMA1 4.1.0
2025-05-06 15:21:16,398 [INFO] ThirdParty:1030 - CMSIS Pack Vendor :STMicroelectronics X-CUBE-BLEMGR 3.1.0
2025-05-06 15:21:16,398 [INFO] ThirdParty:1030 - CMSIS Pack Vendor :STMicroelectronics X-CUBE-AI 10.0.0
2025-05-06 15:21:16,398 [INFO] ThirdParty:1030 - CMSIS Pack Vendor :STMicroelectronics FP-SNS-SMARTAG2 1.2.0
2025-05-06 15:21:16,398 [INFO] ThirdParty:1030 - CMSIS Pack Vendor :STMicroelectronics X-CUBE-MEMS1 11.1.0
2025-05-06 15:21:16,398 [INFO] ThirdParty:1030 - CMSIS Pack Vendor :STMicroelectronics X-CUBE-AZRTOS-WL 2.0.0
2025-05-06 15:21:16,399 [INFO] ThirdParty:1030 - CMSIS Pack Vendor :STMicroelectronics FP-SNS-MOTENV1 5.0.0
2025-05-06 15:21:16,399 [INFO] ThirdParty:1030 - CMSIS Pack Vendor :STMicroelectronics USB_DEVICE 1.0.0
2025-05-06 15:21:16,399 [INFO] ThirdParty:1030 - CMSIS Pack Vendor :STMicroelectronics X-CUBE-AI 8.1.0
2025-05-06 15:21:16,399 [INFO] ThirdParty:1030 - CMSIS Pack Vendor :wolfSSL I-CUBE-wolfMQTT 1.19.0
2025-05-06 15:21:16,399 [INFO] ThirdParty:1030 - CMSIS Pack Vendor :STMicroelectronics X-CUBE-AZRTOS-L4 2.0.0
2025-05-06 15:21:16,399 [INFO] ThirdParty:1030 - CMSIS Pack Vendor :STMicroelectronics ThreadX 0.0.2
2025-05-06 15:21:16,399 [INFO] ThirdParty:1030 - CMSIS Pack Vendor :WES I-CUBE-Cesium 1.3.0
2025-05-06 15:21:16,399 [INFO] ThirdParty:1030 - CMSIS Pack Vendor :STMicroelectronics lwIP 2.1.2
2025-05-06 15:21:16,399 [INFO] ThirdParty:1030 - CMSIS Pack Vendor :STMicroelectronics X-CUBE-SFXS2LP1 4.0.0
2025-05-06 15:21:16,399 [INFO] ThirdParty:1030 - CMSIS Pack Vendor :STMicroelectronics X-CUBE-BLE2 3.3.0
2025-05-06 15:21:16,399 [INFO] ThirdParty:1030 - CMSIS Pack Vendor :STMicroelectronics PDM2PCM 3.2.0
2025-05-06 15:21:16,399 [INFO] ThirdParty:1030 - CMSIS Pack Vendor :STMicroelectronics X-CUBE-ISPU 1.1.0
2025-05-06 15:21:16,399 [INFO] ThirdParty:1030 - CMSIS Pack Vendor :STMicroelectronics X-CUBE-AZRTOS-H7 3.3.0
2025-05-06 15:21:16,399 [INFO] ThirdParty:1030 - CMSIS Pack Vendor :STMicroelectronics X-CUBE-NFC9 1.0.0
2025-05-06 15:21:16,399 [INFO] ThirdParty:1030 - CMSIS Pack Vendor :STMicroelectronics X-CUBE-BLE1 7.1.0
2025-05-06 15:21:16,399 [INFO] ThirdParty:1030 - CMSIS Pack Vendor :STMicroelectronics USB_DEVICE 3.0.0
2025-05-06 15:21:16,399 [INFO] ThirdParty:1030 - CMSIS Pack Vendor :STMicroelectronics X-CUBE-TCPP 4.1.0
2025-05-06 15:21:16,399 [INFO] ThirdParty:1030 - CMSIS Pack Vendor :STMicroelectronics X-CUBE-AZRTOS-WB 2.0.0
2025-05-06 15:21:16,399 [INFO] ThirdParty:1030 - CMSIS Pack Vendor :STMicroelectronics X-CUBE-FREERTOS 1.0.1
2025-05-06 15:21:16,399 [INFO] ThirdParty:1030 - CMSIS Pack Vendor :STMicroelectronics X-CUBE-GNSS1 7.0.1
2025-05-06 15:21:16,399 [INFO] ThirdParty:1030 - CMSIS Pack Vendor :STMicroelectronics X-CUBE-TOUCHGFX 4.21.4
2025-05-06 15:21:16,399 [INFO] ThirdParty:1030 - CMSIS Pack Vendor :STMicroelectronics X-CUBE-TOUCHGFX 4.25.0
2025-05-06 15:21:16,399 [INFO] ThirdParty:1030 - CMSIS Pack Vendor :STMicroelectronics X-CUBE-ALGOBUILD 1.3.0
2025-05-06 15:21:16,399 [INFO] ThirdParty:1030 - CMSIS Pack Vendor :STMicroelectronics X-CUBE-AZRTOS-L5 1.1.0
2025-05-06 15:21:16,399 [INFO] ThirdParty:1030 - CMSIS Pack Vendor :STMicroelectronics X-CUBE-MEMS1 11.2.0
2025-05-06 15:21:16,400 [INFO] ThirdParty:1030 - CMSIS Pack Vendor :STMicroelectronics X-CUBE-AZRTOS-G0 1.1.0
2025-05-06 15:21:16,400 [INFO] ThirdParty:1030 - CMSIS Pack Vendor :STMicroelectronics X-CUBE-AI 8.0.1
2025-05-06 15:21:16,400 [INFO] ThirdParty:1030 - CMSIS Pack Vendor :STMicroelectronics X-CUBE-SAFEA1 1.2.2
2025-05-06 15:21:16,400 [INFO] ThirdParty:1030 - CMSIS Pack Vendor :STMicroelectronics X-CUBE-NFC4 3.0.0
2025-05-06 15:21:16,400 [INFO] ThirdParty:1030 - CMSIS Pack Vendor :STMicroelectronics X-CUBE-SUBG2 5.0.0
2025-05-06 15:21:16,400 [INFO] ThirdParty:1030 - CMSIS Pack Vendor :STMicroelectronics X-CUBE-AZRTOS-H7RS 1.1.0
2025-05-06 15:21:16,400 [INFO] ThirdParty:1030 - CMSIS Pack Vendor :STMicroelectronics STM32_WPAN 1.0.0
2025-05-06 15:21:16,400 [INFO] ThirdParty:1030 - CMSIS Pack Vendor :wolfSSL I-CUBE-wolfMQTT 1.18.0
2025-05-06 15:21:16,400 [INFO] ThirdParty:1030 - CMSIS Pack Vendor :STMicroelectronics lwIP 2.0.3
2025-05-06 15:21:16,400 [INFO] ThirdParty:1030 - CMSIS Pack Vendor :Cesanta I-CUBE-Mongoose 7.13.0
2025-05-06 15:21:16,400 [INFO] ThirdParty:1030 - CMSIS Pack Vendor :STMicroelectronics USB_HOST 1.0.0
2025-05-06 15:21:16,400 [INFO] ThirdParty:1030 - CMSIS Pack Vendor :STMicroelectronics X-CUBE-TOF1 3.3.1
2025-05-06 15:21:16,400 [INFO] ThirdParty:1030 - CMSIS Pack Vendor :STMicroelectronics X-CUBE-AZRTOS-G4 2.0.0
2025-05-06 15:21:16,400 [INFO] ThirdParty:1030 - CMSIS Pack Vendor :STMicroelectronics X-CUBE-WB05N 2.0.0
2025-05-06 15:21:16,400 [INFO] ThirdParty:1030 - CMSIS Pack Vendor :STMicroelectronics PDM2PCM 3.1.0
2025-05-06 15:21:16,400 [INFO] ThirdParty:1030 - CMSIS Pack Vendor :STMicroelectronics X-CUBE-TOF1 3.3.0
2025-05-06 15:21:16,400 [INFO] ThirdParty:1030 - CMSIS Pack Vendor :Infineon AIROC-Wi-Fi-Bluetooth-STM32 1.5.1
2025-05-06 15:21:16,400 [INFO] ThirdParty:1030 - CMSIS Pack Vendor :STMicroelectronics X-CUBE-BLEMGR 3.0.0
2025-05-06 15:21:16,400 [INFO] ThirdParty:1030 - CMSIS Pack Vendor :STMicroelectronics FP-SNS-MOTENVWB1 1.3.0
2025-05-06 15:21:16,400 [INFO] ThirdParty:1030 - CMSIS Pack Vendor :STMicroelectronics X-CUBE-NFC7 2.0.0
2025-05-06 15:21:16,400 [INFO] ThirdParty:1030 - CMSIS Pack Vendor :STMicroelectronics FP-SNS-MOTENVWB1 1.3.1
2025-05-06 15:21:16,400 [INFO] ThirdParty:1030 - CMSIS Pack Vendor :STMicroelectronics FP-ATR-SIGFOX1 3.2.0
2025-05-06 15:21:16,401 [INFO] ThirdParty:1030 - CMSIS Pack Vendor :STMicroelectronics X-CUBE-AZRTOS-L4 1.0.0
2025-05-06 15:21:16,401 [INFO] ThirdParty:1030 - CMSIS Pack Vendor :STMicroelectronics X-CUBE-ISPU 2.0.0
2025-05-06 15:21:16,401 [INFO] ThirdParty:1030 - CMSIS Pack Vendor :STMicroelectronics X-CUBE-EEPRMA1 5.1.0
2025-05-06 15:21:16,401 [INFO] ThirdParty:1030 - CMSIS Pack Vendor :STMicroelectronics MBEDTLS 2.16.2
2025-05-06 15:21:16,401 [INFO] ThirdParty:1030 - CMSIS Pack Vendor :STMicroelectronics X-CUBE-ALS 1.0.2
2025-05-06 15:21:16,401 [INFO] ThirdParty:1030 - CMSIS Pack Vendor :STMicroelectronics X-CUBE-MEMS1 10.0.0
2025-05-06 15:21:16,401 [INFO] ThirdParty:1030 - CMSIS Pack Vendor :STMicroelectronics X-CUBE-FREERTOS 1.1.0
2025-05-06 15:21:16,401 [INFO] ThirdParty:1030 - CMSIS Pack Vendor :wolfSSL I-CUBE-wolfSSL 5.7.6
2025-05-06 15:21:16,401 [INFO] ThirdParty:1030 - CMSIS Pack Vendor :STMicroelectronics X-CUBE-TOUCHGFX 4.24.0
2025-05-06 15:21:16,401 [INFO] ThirdParty:1030 - CMSIS Pack Vendor :ITTIA_DB I-CUBE-ITTIADB 8.9.0
2025-05-06 15:21:16,401 [INFO] ThirdParty:1030 - CMSIS Pack Vendor :STMicroelectronics X-CUBE-TOUCHGFX 4.24.2
2025-05-06 15:21:16,401 [INFO] ThirdParty:1030 - CMSIS Pack Vendor :STMicroelectronics X-CUBE-AZRTOS-WL 1.0.0
2025-05-06 15:21:16,401 [INFO] ThirdParty:1030 - CMSIS Pack Vendor :STMicroelectronics X-CUBE-TOUCHGFX 4.24.1
2025-05-06 15:21:16,401 [INFO] ThirdParty:1030 - CMSIS Pack Vendor :wolfSSL I-CUBE-wolfTPM 3.4.0
2025-05-06 15:21:16,401 [INFO] ThirdParty:1030 - CMSIS Pack Vendor :portGmbH I-Cube-SoM-uGOAL 1.1.0
2025-05-06 15:21:16,401 [INFO] ThirdParty:1030 - CMSIS Pack Vendor :STMicroelectronics X-CUBE-ALS 1.0.1
2025-05-06 15:21:16,401 [INFO] ThirdParty:1030 - CMSIS Pack Vendor :STMicroelectronics ThreadX 1.0.0
2025-05-06 15:21:16,401 [INFO] ThirdParty:1030 - CMSIS Pack Vendor :STMicroelectronics X-CUBE-AZRTOS-WB 1.1.0
2025-05-06 15:21:16,401 [INFO] ThirdParty:1030 - CMSIS Pack Vendor :SEGGER I-CUBE-embOS 1.3.1
2025-05-06 15:21:16,401 [INFO] ThirdParty:1030 - CMSIS Pack Vendor :STMicroelectronics X-CUBE-ALGOBUILD 1.4.0
2025-05-06 15:21:16,401 [INFO] ThirdParty:1030 - CMSIS Pack Vendor :STMicroelectronics X-CUBE-AZRTOS-H7RS 1.0.0
2025-05-06 15:21:16,401 [INFO] ThirdParty:1030 - CMSIS Pack Vendor :STMicroelectronics FP-ATR-ASTRA1 2.0.0
2025-05-06 15:21:16,401 [INFO] ThirdParty:1030 - CMSIS Pack Vendor :STMicroelectronics X-CUBE-AI 9.1.0
2025-05-06 15:21:16,401 [INFO] ThirdParty:1030 - CMSIS Pack Vendor :STMicroelectronics X-CUBE-TOF1 3.4.0
2025-05-06 15:21:16,401 [INFO] ThirdParty:1030 - CMSIS Pack Vendor :STMicroelectronics X-CUBE-TOF1 3.4.1
2025-05-06 15:21:16,401 [INFO] ThirdParty:1030 - CMSIS Pack Vendor :STMicroelectronics X-CUBE-AZRTOS-H7 3.2.0
2025-05-06 15:21:16,401 [INFO] ThirdParty:1030 - CMSIS Pack Vendor :wolfSSL I-CUBE-wolfSSH 1.4.17
2025-05-06 15:21:16,401 [INFO] ThirdParty:841 - exiting critical section [change project]
2025-05-06 15:21:16,820 [INFO] PinOutPanel:1499 - setPackage(No Configuration,No Configuration)
2025-05-06 15:21:16,821 [INFO] PinOutPanel:1499 - setPackage(STM32F303VCTx,LQFP100)
2025-05-06 15:21:17,530 [INFO] UtilMem:75 - Before build in PCC Used Memory: 775341928 Bytes (1073741824)
2025-05-06 15:21:18,203 [INFO] UtilMem:75 - After build in PCC Used Memory: 820952936 Bytes (1073741824)
2025-05-06 15:21:18,251 [INFO] IPUIPlugin:80 - create IPUIPlugin
2025-05-06 15:21:18,252 [INFO] IPUIPlugin:80 - create IPUIPlugin
2025-05-06 15:21:18,252 [INFO] IPUIPlugin:80 - create IPUIPlugin
2025-05-06 15:21:18,252 [INFO] IPUIPlugin:80 - create IPUIPlugin
2025-05-06 15:21:18,252 [INFO] IPUIPlugin:80 - create IPUIPlugin
2025-05-06 15:21:18,253 [INFO] IPUIPlugin:80 - create IPUIPlugin
2025-05-06 15:21:18,253 [INFO] IPUIPlugin:80 - create IPUIPlugin
2025-05-06 15:21:18,253 [INFO] IPUIPlugin:80 - create IPUIPlugin
2025-05-06 15:21:18,253 [INFO] IPUIPlugin:80 - create IPUIPlugin
2025-05-06 15:21:18,254 [INFO] IPUIPlugin:80 - create IPUIPlugin
2025-05-06 15:21:18,254 [INFO] IPUIPlugin:80 - create IPUIPlugin
2025-05-06 15:21:18,254 [INFO] IPUIPlugin:80 - create IPUIPlugin
2025-05-06 15:21:18,255 [INFO] IPUIPlugin:80 - create IPUIPlugin
2025-05-06 15:21:18,255 [INFO] IPUIPlugin:80 - create IPUIPlugin
2025-05-06 15:21:18,255 [INFO] IPUIPlugin:80 - create IPUIPlugin
2025-05-06 15:21:18,256 [INFO] IPUIPlugin:80 - create IPUIPlugin
2025-05-06 15:21:18,256 [INFO] IPUIPlugin:80 - create IPUIPlugin
2025-05-06 15:21:18,256 [INFO] IPUIPlugin:80 - create IPUIPlugin
2025-05-06 15:21:18,257 [INFO] IPUIPlugin:80 - create IPUIPlugin
2025-05-06 15:21:18,257 [INFO] IPUIPlugin:80 - create IPUIPlugin
2025-05-06 15:21:18,257 [INFO] IPUIPlugin:80 - create IPUIPlugin
2025-05-06 15:21:18,257 [INFO] IPUIPlugin:80 - create IPUIPlugin
2025-05-06 15:21:18,258 [INFO] IPUIPlugin:80 - create IPUIPlugin
2025-05-06 15:21:18,258 [INFO] IPUIPlugin:80 - create IPUIPlugin
2025-05-06 15:21:18,258 [INFO] IPUIPlugin:80 - create IPUIPlugin
2025-05-06 15:21:18,259 [INFO] IPUIPlugin:80 - create IPUIPlugin
2025-05-06 15:21:18,259 [INFO] IPUIPlugin:80 - create IPUIPlugin
2025-05-06 15:21:18,259 [INFO] IPUIPlugin:80 - create IPUIPlugin
2025-05-06 15:21:18,260 [INFO] IPUIPlugin:80 - create IPUIPlugin
2025-05-06 15:21:18,260 [INFO] IPUIPlugin:80 - create IPUIPlugin
2025-05-06 15:21:18,260 [INFO] IPUIPlugin:80 - create IPUIPlugin
2025-05-06 15:21:18,261 [INFO] IPUIPlugin:80 - create IPUIPlugin
2025-05-06 15:21:18,261 [INFO] IPUIPlugin:80 - create IPUIPlugin
2025-05-06 15:21:18,261 [INFO] IPUIPlugin:80 - create IPUIPlugin
2025-05-06 15:21:18,261 [INFO] IPUIPlugin:80 - create IPUIPlugin
2025-05-06 15:21:18,262 [INFO] IPUIPlugin:80 - create IPUIPlugin
2025-05-06 15:21:18,262 [INFO] IPUIPlugin:80 - create IPUIPlugin
2025-05-06 15:21:18,263 [INFO] IPUIPlugin:80 - create IPUIPlugin
2025-05-06 15:21:18,263 [INFO] IPUIPlugin:80 - create IPUIPlugin
2025-05-06 15:21:18,263 [INFO] IPUIPlugin:80 - create IPUIPlugin
2025-05-06 15:21:18,263 [INFO] IPUIPlugin:80 - create IPUIPlugin
2025-05-06 15:21:18,264 [INFO] IPUIPlugin:80 - create IPUIPlugin
2025-05-06 15:21:18,264 [INFO] IPUIPlugin:80 - create IPUIPlugin
2025-05-06 15:21:18,264 [INFO] IPUIPlugin:80 - create IPUIPlugin
2025-05-06 15:21:18,265 [INFO] IPUIPlugin:80 - create IPUIPlugin
2025-05-06 15:21:18,266 [INFO] IPUIPlugin:80 - create IPUIPlugin
2025-05-06 15:21:18,266 [INFO] IPUIPlugin:80 - create IPUIPlugin
2025-05-06 15:21:18,267 [INFO] IPUIPlugin:80 - create IPUIPlugin
2025-05-06 15:21:18,268 [INFO] IPUIPlugin:80 - create IPUIPlugin
2025-05-06 15:21:18,269 [INFO] IPUIPlugin:80 - create IPUIPlugin
2025-05-06 15:21:18,269 [INFO] IPUIPlugin:80 - create IPUIPlugin
2025-05-06 15:21:18,270 [INFO] IPUIPlugin:80 - create IPUIPlugin
2025-05-06 15:21:18,272 [INFO] IPUIPlugin:80 - create IPUIPlugin
2025-05-06 15:21:18,272 [INFO] IPUIPlugin:80 - create IPUIPlugin
2025-05-06 15:21:18,274 [INFO] IPUIPlugin:80 - create IPUIPlugin
2025-05-06 15:21:18,459 [INFO] CADModel:165 - CPN selected for project levelSTM32F303VCT6
2025-05-06 15:21:18,459 [INFO] CADModel:114 - Register for checkConnection events
2025-05-06 15:21:18,503 [INFO] OpenFileManager:328 - Restore cursor
2025-05-06 15:35:10,899 [INFO] MainUpdater:2868 - connection check result : 10
2025-05-06 15:35:10,901 [INFO] MainUpdater:2868 - connection check result : 10
2025-05-06 15:35:11,254 [INFO] MicroXplorer:468 - Change Database Path : 
2025-05-06 15:35:11,254 [INFO] MicroXplorer:498 - Change Database Version : DB.6.0.90
2025-05-06 15:35:11,323 [WARN] ThirdParty:871 - waiting for thirdparty lock release [close project]
2025-05-06 15:35:11,323 [INFO] ThirdParty:873 - entering critical section [close project]
2025-05-06 15:35:11,323 [INFO] ThirdParty:883 - exiting critical section [close project]
2025-05-06 15:35:11,328 [INFO] PinOutPanel:1499 - setPackage(No Configuration,No Configuration)
2025-05-06 15:35:11,333 [INFO] UtilMem:75 - Begin LoadConfig() Used Memory: 670909104 Bytes (1073741824)
2025-05-06 15:35:11,334 [INFO] MicroXplorer:468 - Change Database Path : 
2025-05-06 15:35:11,334 [INFO] MicroXplorer:498 - Change Database Version : DB.6.0.90
2025-05-06 15:35:11,334 [INFO] OpenFileManager:308 - Change cursor
2025-05-06 15:35:11,353 [INFO] Mcu:1946 - Initializing MCU STM32F303V(B-C)Tx STM32F303VCTx STM32F303VCT6
2025-05-06 15:35:13,019 [INFO] Context:659 - Trying to add GPIOservice into a context  which must be forbidden
2025-05-06 15:35:13,527 [INFO] RtosManager:555 - Registered RTOS mode: class=CMSIS, group=RTOS, mode=CMSIS_V1, owner=FREERTOS
2025-05-06 15:35:13,527 [INFO] RtosManager:555 - Registered RTOS mode: class=CMSIS, group=RTOS2, mode=CMSIS_V2, owner=FREERTOS
2025-05-06 15:35:13,527 [INFO] RtosManager:555 - Registered RTOS mode: class=RTOS, group=Core, mode=CMSIS_V1, owner=FREERTOS
2025-05-06 15:35:13,527 [INFO] RtosManager:555 - Registered RTOS mode: class=RTOS, group=Core, mode=CMSIS_V2, owner=FREERTOS
2025-05-06 15:35:13,527 [WARN] ModelIntegratedComponent:184 - Missing modes for component STMicroelectronics:FreeRTOS:0.0.1:STMicroelectronics:RTOS:FreeRTOS:Core:::10.2.0:
2025-05-06 15:35:13,531 [WARN] ModelIntegratedComponent:63 - No mode defined for component null
2025-05-06 15:35:13,531 [WARN] ModelIntegratedComponent:63 - No mode defined for component null
2025-05-06 15:35:13,531 [WARN] ModelIntegratedComponent:63 - No mode defined for component null
2025-05-06 15:35:13,531 [WARN] ModelIntegratedComponent:63 - No mode defined for component null
2025-05-06 15:35:13,531 [WARN] ModelIntegratedComponent:63 - No mode defined for component null
2025-05-06 15:35:13,531 [WARN] ModelIntegratedComponent:63 - No mode defined for component null
2025-05-06 15:35:13,531 [WARN] ModelIntegratedComponent:63 - No mode defined for component null
2025-05-06 15:35:13,531 [WARN] ModelIntegratedComponent:63 - No mode defined for component null
2025-05-06 15:35:13,531 [WARN] ModelIntegratedComponent:63 - No mode defined for component null
2025-05-06 15:35:13,531 [WARN] ModelIntegratedComponent:63 - No mode defined for component null
2025-05-06 15:35:13,531 [WARN] ModelIntegratedComponent:63 - No mode defined for component null
2025-05-06 15:35:13,531 [WARN] ModelIntegratedComponent:63 - No mode defined for component null
2025-05-06 15:35:13,532 [WARN] ModelIntegratedComponent:63 - No mode defined for component null
2025-05-06 15:35:13,532 [WARN] ModelIntegratedComponent:63 - No mode defined for component null
2025-05-06 15:35:13,532 [WARN] ModelIntegratedComponent:63 - No mode defined for component null
2025-05-06 15:35:13,532 [WARN] ModelIntegratedComponent:63 - No mode defined for component null
2025-05-06 15:35:13,532 [WARN] ModelIntegratedComponent:63 - No mode defined for component null
2025-05-06 15:35:13,532 [WARN] ModelIntegratedComponent:63 - No mode defined for component null
2025-05-06 15:35:13,532 [WARN] ModelIntegratedComponent:63 - No mode defined for component null
2025-05-06 15:35:13,532 [WARN] ModelIntegratedComponent:63 - No mode defined for component null
2025-05-06 15:35:13,532 [WARN] ModelIntegratedComponent:63 - No mode defined for component null
2025-05-06 15:35:13,532 [WARN] ModelIntegratedComponent:63 - No mode defined for component null
2025-05-06 15:35:13,532 [WARN] ModelIntegratedComponent:63 - No mode defined for component null
2025-05-06 15:35:13,532 [WARN] ModelIntegratedComponent:63 - No mode defined for component null
2025-05-06 15:35:13,532 [WARN] ModelIntegratedComponent:63 - No mode defined for component null
2025-05-06 15:35:13,532 [WARN] ModelIntegratedComponent:63 - No mode defined for component null
2025-05-06 15:35:13,532 [WARN] ModelIntegratedComponent:63 - No mode defined for component null
2025-05-06 15:35:13,532 [WARN] ModelIntegratedComponent:63 - No mode defined for component null
2025-05-06 15:35:13,532 [WARN] ModelIntegratedComponent:63 - No mode defined for component null
2025-05-06 15:35:13,532 [WARN] ModelIntegratedComponent:63 - No mode defined for component null
2025-05-06 15:35:13,532 [WARN] ModelIntegratedComponent:63 - No mode defined for component null
2025-05-06 15:35:13,533 [WARN] ModelIntegratedComponent:63 - No mode defined for component null
2025-05-06 15:35:13,533 [WARN] ModelIntegratedComponent:63 - No mode defined for component null
2025-05-06 15:35:13,975 [INFO] ThirdPartyModel:298 - Start build external matchings
2025-05-06 15:35:16,863 [INFO] ThirdPartyModel:316 - End build external matchings
2025-05-06 15:35:16,908 [INFO] ImportTextPane:194 - (OptionalMessage_ERROR) IP (RCC) : Invalid parameter (FamilyName)
2025-05-06 15:35:16,910 [INFO] ImportTextPane:194 - (OptionalMessage_ERROR) IP (RCC) : Invalid parameter (TIM2Freq_Value)
2025-05-06 15:35:17,322 [INFO] UtilMem:75 - End LoadConfig() Used Memory: 885881536 Bytes (1073741824)
2025-05-06 15:35:17,365 [WARN] ThirdParty:833 - waiting for thirdparty lock release [change project]
2025-05-06 15:35:17,365 [INFO] ThirdParty:835 - entering critical section [change project]
2025-05-06 15:35:17,365 [INFO] ThirdParty:1030 - CMSIS Pack Vendor :STMicroelectronics USBPD 4.1
2025-05-06 15:35:17,365 [INFO] ThirdParty:1030 - CMSIS Pack Vendor :STMicroelectronics X-CUBE-GNSS1 6.0.0
2025-05-06 15:35:17,365 [INFO] ThirdParty:1030 - CMSIS Pack Vendor :STMicroelectronics USB_HOST 2.0.0
2025-05-06 15:35:17,365 [INFO] ThirdParty:1030 - CMSIS Pack Vendor :STMicroelectronics FP-SNS-MOTENVWB1 1.4.0
2025-05-06 15:35:17,365 [INFO] ThirdParty:1030 - CMSIS Pack Vendor :STMicroelectronics X-CUBE-AZRTOS-F4 1.1.0
2025-05-06 15:35:17,365 [INFO] ThirdParty:1030 - CMSIS Pack Vendor :STMicroelectronics LIBJPEG 8.0.0
2025-05-06 15:35:17,365 [INFO] ThirdParty:1030 - CMSIS Pack Vendor :STMicroelectronics FP-ATR-ASTRA1 2.0.2
2025-05-06 15:35:17,365 [INFO] ThirdParty:1030 - CMSIS Pack Vendor :STMicroelectronics FP-ATR-ASTRA1 2.0.1
2025-05-06 15:35:17,366 [INFO] ThirdParty:1030 - CMSIS Pack Vendor :STMicroelectronics X-CUBE-SMBUS 2.1.0
2025-05-06 15:35:17,366 [INFO] ThirdParty:1030 - CMSIS Pack Vendor :STMicroelectronics X-CUBE-WB05N 1.1.0
2025-05-06 15:35:17,366 [INFO] ThirdParty:1030 - CMSIS Pack Vendor :wolfSSL I-CUBE-wolfSSL 5.6.0
2025-05-06 15:35:17,366 [INFO] ThirdParty:1030 - CMSIS Pack Vendor :STMicroelectronics X-CUBE-ISPU 2.1.0
2025-05-06 15:35:17,366 [INFO] ThirdParty:1030 - CMSIS Pack Vendor :STMicroelectronics X-CUBE-FREERTOS 1.2.0
2025-05-06 15:35:17,366 [INFO] ThirdParty:1030 - CMSIS Pack Vendor :STMicroelectronics X-CUBE-TOUCHGFX 4.23.0
2025-05-06 15:35:17,366 [INFO] ThirdParty:1030 - CMSIS Pack Vendor :STMicroelectronics X-CUBE-TOUCHGFX 4.23.2
2025-05-06 15:35:17,366 [INFO] ThirdParty:1030 - CMSIS Pack Vendor :STMicroelectronics X-CUBE-AZRTOS-F7 1.1.0
2025-05-06 15:35:17,366 [INFO] ThirdParty:1030 - CMSIS Pack Vendor :STMicroelectronics X-CUBE-AZRTOS-L5 2.0.0
2025-05-06 15:35:17,366 [INFO] ThirdParty:1030 - CMSIS Pack Vendor :STMicroelectronics USB_DEVICE 2.0.0
2025-05-06 15:35:17,366 [INFO] ThirdParty:1030 - CMSIS Pack Vendor :STMicroelectronics X-CUBE-MEMS1 9.6.0
2025-05-06 15:35:17,366 [INFO] ThirdParty:1030 - CMSIS Pack Vendor :STMicroelectronics X-CUBE-EEPRMA1 4.2.0
2025-05-06 15:35:17,366 [INFO] ThirdParty:1030 - CMSIS Pack Vendor :STMicroelectronics X-CUBE-NFC6 3.1.0
2025-05-06 15:35:17,366 [INFO] ThirdParty:1030 - CMSIS Pack Vendor :ITTIA_DB I-CUBE-ITTIADB 8.8.0
2025-05-06 15:35:17,366 [INFO] ThirdParty:1030 - CMSIS Pack Vendor :STMicroelectronics FP-SNS-MOTENV1 4.3.0
2025-05-06 15:35:17,366 [INFO] ThirdParty:1030 - CMSIS Pack Vendor :STMicroelectronics FP-SNS-MOTENV1 4.3.2
2025-05-06 15:35:17,366 [INFO] ThirdParty:1030 - CMSIS Pack Vendor :STMicroelectronics FP-SNS-FLIGHT1 5.0.0
2025-05-06 15:35:17,366 [INFO] ThirdParty:1030 - CMSIS Pack Vendor :STMicroelectronics X-CUBE-BLE1 6.2.4
2025-05-06 15:35:17,366 [INFO] ThirdParty:1030 - CMSIS Pack Vendor :STMicroelectronics FreeRTOS 0.0.1
2025-05-06 15:35:17,366 [INFO] ThirdParty:1030 - CMSIS Pack Vendor :emotas I-CUBE-CANOPEN 1.1.3
2025-05-06 15:35:17,366 [INFO] ThirdParty:1030 - CMSIS Pack Vendor :STMicroelectronics X-CUBE-BLEMGR 2.0.0
2025-05-06 15:35:17,366 [INFO] ThirdParty:1030 - CMSIS Pack Vendor :STMicroelectronics FP-SNS-FLIGHT1 5.0.2
2025-05-06 15:35:17,366 [INFO] ThirdParty:1030 - CMSIS Pack Vendor :STMicroelectronics X-CUBE-AI 9.0.0
2025-05-06 15:35:17,366 [INFO] ThirdParty:1030 - CMSIS Pack Vendor :STMicroelectronics X-CUBE-AZRTOS-H7 3.1.0
2025-05-06 15:35:17,366 [INFO] ThirdParty:1030 - CMSIS Pack Vendor :STMicroelectronics PDM2PCM 3.3.0
2025-05-06 15:35:17,366 [INFO] ThirdParty:1030 - CMSIS Pack Vendor :STMicroelectronics X-CUBE-DISPLAY 3.0.0
2025-05-06 15:35:17,366 [INFO] ThirdParty:1030 - CMSIS Pack Vendor :STMicroelectronics X-CUBE-BLE1 7.0.0
2025-05-06 15:35:17,366 [INFO] ThirdParty:1030 - CMSIS Pack Vendor :STMicroelectronics X-CUBE-NFC10 1.0.0
2025-05-06 15:35:17,366 [INFO] ThirdParty:1030 - CMSIS Pack Vendor :STMicroelectronics HAL Drivers 0.0.0
2025-05-06 15:35:17,366 [INFO] ThirdParty:1030 - CMSIS Pack Vendor :emotas I-CUBE-CANOPEN 1.3.0
2025-05-06 15:35:17,366 [INFO] ThirdParty:1030 - CMSIS Pack Vendor :STMicroelectronics X-CUBE-FREERTOS 1.3.0
2025-05-06 15:35:17,367 [INFO] ThirdParty:1030 - CMSIS Pack Vendor :STMicroelectronics X-CUBE-TOUCHGFX 4.22.0
2025-05-06 15:35:17,367 [INFO] ThirdParty:1030 - CMSIS Pack Vendor :STMicroelectronics X-CUBE-NFC7 1.0.1
2025-05-06 15:35:17,367 [INFO] ThirdParty:1030 - CMSIS Pack Vendor :STMicroelectronics MBEDTLS 2.14.1
2025-05-06 15:35:17,367 [INFO] ThirdParty:1030 - CMSIS Pack Vendor :STMicroelectronics X-CUBE-NFC7 1.0.0
2025-05-06 15:35:17,367 [INFO] ThirdParty:1030 - CMSIS Pack Vendor :STMicroelectronics X-CUBE-TOUCHGFX 4.22.1
2025-05-06 15:35:17,367 [INFO] ThirdParty:1030 - CMSIS Pack Vendor :wolfSSL I-CUBE-wolfTPM 3.2.0
2025-05-06 15:35:17,367 [INFO] ThirdParty:1030 - CMSIS Pack Vendor :STMicroelectronics X-CUBE-NFC6 3.0.0
2025-05-06 15:35:17,367 [INFO] ThirdParty:1030 - CMSIS Pack Vendor :STMicroelectronics X-CUBE-EEPRMA1 4.1.0
2025-05-06 15:35:17,367 [INFO] ThirdParty:1030 - CMSIS Pack Vendor :STMicroelectronics X-CUBE-BLEMGR 3.1.0
2025-05-06 15:35:17,367 [INFO] ThirdParty:1030 - CMSIS Pack Vendor :STMicroelectronics X-CUBE-AI 10.0.0
2025-05-06 15:35:17,367 [INFO] ThirdParty:1030 - CMSIS Pack Vendor :STMicroelectronics FP-SNS-SMARTAG2 1.2.0
2025-05-06 15:35:17,367 [INFO] ThirdParty:1030 - CMSIS Pack Vendor :STMicroelectronics X-CUBE-MEMS1 11.1.0
2025-05-06 15:35:17,367 [INFO] ThirdParty:1030 - CMSIS Pack Vendor :STMicroelectronics X-CUBE-AZRTOS-WL 2.0.0
2025-05-06 15:35:17,367 [INFO] ThirdParty:1030 - CMSIS Pack Vendor :STMicroelectronics FP-SNS-MOTENV1 5.0.0
2025-05-06 15:35:17,367 [INFO] ThirdParty:1030 - CMSIS Pack Vendor :STMicroelectronics USB_DEVICE 1.0.0
2025-05-06 15:35:17,367 [INFO] ThirdParty:1030 - CMSIS Pack Vendor :STMicroelectronics X-CUBE-AI 8.1.0
2025-05-06 15:35:17,367 [INFO] ThirdParty:1030 - CMSIS Pack Vendor :wolfSSL I-CUBE-wolfMQTT 1.19.0
2025-05-06 15:35:17,367 [INFO] ThirdParty:1030 - CMSIS Pack Vendor :STMicroelectronics X-CUBE-AZRTOS-L4 2.0.0
2025-05-06 15:35:17,367 [INFO] ThirdParty:1030 - CMSIS Pack Vendor :STMicroelectronics ThreadX 0.0.2
2025-05-06 15:35:17,367 [INFO] ThirdParty:1030 - CMSIS Pack Vendor :WES I-CUBE-Cesium 1.3.0
2025-05-06 15:35:17,367 [INFO] ThirdParty:1030 - CMSIS Pack Vendor :STMicroelectronics lwIP 2.1.2
2025-05-06 15:35:17,367 [INFO] ThirdParty:1030 - CMSIS Pack Vendor :STMicroelectronics X-CUBE-SFXS2LP1 4.0.0
2025-05-06 15:35:17,367 [INFO] ThirdParty:1030 - CMSIS Pack Vendor :STMicroelectronics X-CUBE-BLE2 3.3.0
2025-05-06 15:35:17,367 [INFO] ThirdParty:1030 - CMSIS Pack Vendor :STMicroelectronics PDM2PCM 3.2.0
2025-05-06 15:35:17,367 [INFO] ThirdParty:1030 - CMSIS Pack Vendor :STMicroelectronics X-CUBE-ISPU 1.1.0
2025-05-06 15:35:17,367 [INFO] ThirdParty:1030 - CMSIS Pack Vendor :STMicroelectronics X-CUBE-AZRTOS-H7 3.3.0
2025-05-06 15:35:17,367 [INFO] ThirdParty:1030 - CMSIS Pack Vendor :STMicroelectronics X-CUBE-NFC9 1.0.0
2025-05-06 15:35:17,367 [INFO] ThirdParty:1030 - CMSIS Pack Vendor :STMicroelectronics X-CUBE-BLE1 7.1.0
2025-05-06 15:35:17,367 [INFO] ThirdParty:1030 - CMSIS Pack Vendor :STMicroelectronics USB_DEVICE 3.0.0
2025-05-06 15:35:17,367 [INFO] ThirdParty:1030 - CMSIS Pack Vendor :STMicroelectronics X-CUBE-TCPP 4.1.0
2025-05-06 15:35:17,367 [INFO] ThirdParty:1030 - CMSIS Pack Vendor :STMicroelectronics X-CUBE-AZRTOS-WB 2.0.0
2025-05-06 15:35:17,367 [INFO] ThirdParty:1030 - CMSIS Pack Vendor :STMicroelectronics X-CUBE-FREERTOS 1.0.1
2025-05-06 15:35:17,367 [INFO] ThirdParty:1030 - CMSIS Pack Vendor :STMicroelectronics X-CUBE-GNSS1 7.0.1
2025-05-06 15:35:17,367 [INFO] ThirdParty:1030 - CMSIS Pack Vendor :STMicroelectronics X-CUBE-TOUCHGFX 4.21.4
2025-05-06 15:35:17,367 [INFO] ThirdParty:1030 - CMSIS Pack Vendor :STMicroelectronics X-CUBE-TOUCHGFX 4.25.0
2025-05-06 15:35:17,367 [INFO] ThirdParty:1030 - CMSIS Pack Vendor :STMicroelectronics X-CUBE-ALGOBUILD 1.3.0
2025-05-06 15:35:17,367 [INFO] ThirdParty:1030 - CMSIS Pack Vendor :STMicroelectronics X-CUBE-AZRTOS-L5 1.1.0
2025-05-06 15:35:17,368 [INFO] ThirdParty:1030 - CMSIS Pack Vendor :STMicroelectronics X-CUBE-MEMS1 11.2.0
2025-05-06 15:35:17,368 [INFO] ThirdParty:1030 - CMSIS Pack Vendor :STMicroelectronics X-CUBE-AZRTOS-G0 1.1.0
2025-05-06 15:35:17,368 [INFO] ThirdParty:1030 - CMSIS Pack Vendor :STMicroelectronics X-CUBE-AI 8.0.1
2025-05-06 15:35:17,368 [INFO] ThirdParty:1030 - CMSIS Pack Vendor :STMicroelectronics X-CUBE-SAFEA1 1.2.2
2025-05-06 15:35:17,368 [INFO] ThirdParty:1030 - CMSIS Pack Vendor :STMicroelectronics X-CUBE-NFC4 3.0.0
2025-05-06 15:35:17,368 [INFO] ThirdParty:1030 - CMSIS Pack Vendor :STMicroelectronics X-CUBE-SUBG2 5.0.0
2025-05-06 15:35:17,368 [INFO] ThirdParty:1030 - CMSIS Pack Vendor :STMicroelectronics X-CUBE-AZRTOS-H7RS 1.1.0
2025-05-06 15:35:17,368 [INFO] ThirdParty:1030 - CMSIS Pack Vendor :STMicroelectronics STM32_WPAN 1.0.0
2025-05-06 15:35:17,368 [INFO] ThirdParty:1030 - CMSIS Pack Vendor :wolfSSL I-CUBE-wolfMQTT 1.18.0
2025-05-06 15:35:17,368 [INFO] ThirdParty:1030 - CMSIS Pack Vendor :STMicroelectronics lwIP 2.0.3
2025-05-06 15:35:17,368 [INFO] ThirdParty:1030 - CMSIS Pack Vendor :Cesanta I-CUBE-Mongoose 7.13.0
2025-05-06 15:35:17,368 [INFO] ThirdParty:1030 - CMSIS Pack Vendor :STMicroelectronics USB_HOST 1.0.0
2025-05-06 15:35:17,368 [INFO] ThirdParty:1030 - CMSIS Pack Vendor :STMicroelectronics X-CUBE-TOF1 3.3.1
2025-05-06 15:35:17,368 [INFO] ThirdParty:1030 - CMSIS Pack Vendor :STMicroelectronics X-CUBE-AZRTOS-G4 2.0.0
2025-05-06 15:35:17,368 [INFO] ThirdParty:1030 - CMSIS Pack Vendor :STMicroelectronics X-CUBE-WB05N 2.0.0
2025-05-06 15:35:17,368 [INFO] ThirdParty:1030 - CMSIS Pack Vendor :STMicroelectronics PDM2PCM 3.1.0
2025-05-06 15:35:17,368 [INFO] ThirdParty:1030 - CMSIS Pack Vendor :STMicroelectronics X-CUBE-TOF1 3.3.0
2025-05-06 15:35:17,368 [INFO] ThirdParty:1030 - CMSIS Pack Vendor :Infineon AIROC-Wi-Fi-Bluetooth-STM32 1.5.1
2025-05-06 15:35:17,368 [INFO] ThirdParty:1030 - CMSIS Pack Vendor :STMicroelectronics X-CUBE-BLEMGR 3.0.0
2025-05-06 15:35:17,368 [INFO] ThirdParty:1030 - CMSIS Pack Vendor :STMicroelectronics FP-SNS-MOTENVWB1 1.3.0
2025-05-06 15:35:17,368 [INFO] ThirdParty:1030 - CMSIS Pack Vendor :STMicroelectronics X-CUBE-NFC7 2.0.0
2025-05-06 15:35:17,368 [INFO] ThirdParty:1030 - CMSIS Pack Vendor :STMicroelectronics FP-SNS-MOTENVWB1 1.3.1
2025-05-06 15:35:17,368 [INFO] ThirdParty:1030 - CMSIS Pack Vendor :STMicroelectronics FP-ATR-SIGFOX1 3.2.0
2025-05-06 15:35:17,368 [INFO] ThirdParty:1030 - CMSIS Pack Vendor :STMicroelectronics X-CUBE-AZRTOS-L4 1.0.0
2025-05-06 15:35:17,368 [INFO] ThirdParty:1030 - CMSIS Pack Vendor :STMicroelectronics X-CUBE-ISPU 2.0.0
2025-05-06 15:35:17,368 [INFO] ThirdParty:1030 - CMSIS Pack Vendor :STMicroelectronics X-CUBE-EEPRMA1 5.1.0
2025-05-06 15:35:17,368 [INFO] ThirdParty:1030 - CMSIS Pack Vendor :STMicroelectronics MBEDTLS 2.16.2
2025-05-06 15:35:17,369 [INFO] ThirdParty:1030 - CMSIS Pack Vendor :STMicroelectronics X-CUBE-ALS 1.0.2
2025-05-06 15:35:17,369 [INFO] ThirdParty:1030 - CMSIS Pack Vendor :STMicroelectronics X-CUBE-MEMS1 10.0.0
2025-05-06 15:35:17,369 [INFO] ThirdParty:1030 - CMSIS Pack Vendor :STMicroelectronics X-CUBE-FREERTOS 1.1.0
2025-05-06 15:35:17,369 [INFO] ThirdParty:1030 - CMSIS Pack Vendor :wolfSSL I-CUBE-wolfSSL 5.7.6
2025-05-06 15:35:17,369 [INFO] ThirdParty:1030 - CMSIS Pack Vendor :STMicroelectronics X-CUBE-TOUCHGFX 4.24.0
2025-05-06 15:35:17,369 [INFO] ThirdParty:1030 - CMSIS Pack Vendor :ITTIA_DB I-CUBE-ITTIADB 8.9.0
2025-05-06 15:35:17,369 [INFO] ThirdParty:1030 - CMSIS Pack Vendor :STMicroelectronics X-CUBE-TOUCHGFX 4.24.2
2025-05-06 15:35:17,369 [INFO] ThirdParty:1030 - CMSIS Pack Vendor :STMicroelectronics X-CUBE-AZRTOS-WL 1.0.0
2025-05-06 15:35:17,369 [INFO] ThirdParty:1030 - CMSIS Pack Vendor :STMicroelectronics X-CUBE-TOUCHGFX 4.24.1
2025-05-06 15:35:17,369 [INFO] ThirdParty:1030 - CMSIS Pack Vendor :wolfSSL I-CUBE-wolfTPM 3.4.0
2025-05-06 15:35:17,369 [INFO] ThirdParty:1030 - CMSIS Pack Vendor :portGmbH I-Cube-SoM-uGOAL 1.1.0
2025-05-06 15:35:17,369 [INFO] ThirdParty:1030 - CMSIS Pack Vendor :STMicroelectronics X-CUBE-ALS 1.0.1
2025-05-06 15:35:17,369 [INFO] ThirdParty:1030 - CMSIS Pack Vendor :STMicroelectronics ThreadX 1.0.0
2025-05-06 15:35:17,369 [INFO] ThirdParty:1030 - CMSIS Pack Vendor :STMicroelectronics X-CUBE-AZRTOS-WB 1.1.0
2025-05-06 15:35:17,369 [INFO] ThirdParty:1030 - CMSIS Pack Vendor :SEGGER I-CUBE-embOS 1.3.1
2025-05-06 15:35:17,369 [INFO] ThirdParty:1030 - CMSIS Pack Vendor :STMicroelectronics X-CUBE-ALGOBUILD 1.4.0
2025-05-06 15:35:17,369 [INFO] ThirdParty:1030 - CMSIS Pack Vendor :STMicroelectronics X-CUBE-AZRTOS-H7RS 1.0.0
2025-05-06 15:35:17,369 [INFO] ThirdParty:1030 - CMSIS Pack Vendor :STMicroelectronics FP-ATR-ASTRA1 2.0.0
2025-05-06 15:35:17,369 [INFO] ThirdParty:1030 - CMSIS Pack Vendor :STMicroelectronics X-CUBE-AI 9.1.0
2025-05-06 15:35:17,369 [INFO] ThirdParty:1030 - CMSIS Pack Vendor :STMicroelectronics X-CUBE-TOF1 3.4.0
2025-05-06 15:35:17,369 [INFO] ThirdParty:1030 - CMSIS Pack Vendor :STMicroelectronics X-CUBE-TOF1 3.4.1
2025-05-06 15:35:17,369 [INFO] ThirdParty:1030 - CMSIS Pack Vendor :STMicroelectronics X-CUBE-AZRTOS-H7 3.2.0
2025-05-06 15:35:17,369 [INFO] ThirdParty:1030 - CMSIS Pack Vendor :wolfSSL I-CUBE-wolfSSH 1.4.17
2025-05-06 15:35:17,370 [INFO] ThirdParty:841 - exiting critical section [change project]
2025-05-06 15:35:17,682 [INFO] PinOutPanel:1499 - setPackage(No Configuration,No Configuration)
2025-05-06 15:35:17,683 [INFO] PinOutPanel:1499 - setPackage(STM32F303VCTx,LQFP100)
2025-05-06 15:35:18,004 [INFO] UtilMem:75 - Before build in PCC Used Memory: 687812160 Bytes (1073741824)
2025-05-06 15:35:18,233 [INFO] UtilMem:75 - After build in PCC Used Memory: 733427264 Bytes (1073741824)
2025-05-06 15:35:18,274 [INFO] IPUIPlugin:80 - create IPUIPlugin
2025-05-06 15:35:18,274 [INFO] IPUIPlugin:80 - create IPUIPlugin
2025-05-06 15:35:18,274 [INFO] IPUIPlugin:80 - create IPUIPlugin
2025-05-06 15:35:18,274 [INFO] IPUIPlugin:80 - create IPUIPlugin
2025-05-06 15:35:18,274 [INFO] IPUIPlugin:80 - create IPUIPlugin
2025-05-06 15:35:18,274 [INFO] IPUIPlugin:80 - create IPUIPlugin
2025-05-06 15:35:18,275 [INFO] IPUIPlugin:80 - create IPUIPlugin
2025-05-06 15:35:18,275 [INFO] IPUIPlugin:80 - create IPUIPlugin
2025-05-06 15:35:18,275 [INFO] IPUIPlugin:80 - create IPUIPlugin
2025-05-06 15:35:18,275 [INFO] IPUIPlugin:80 - create IPUIPlugin
2025-05-06 15:35:18,275 [INFO] IPUIPlugin:80 - create IPUIPlugin
2025-05-06 15:35:18,275 [INFO] IPUIPlugin:80 - create IPUIPlugin
2025-05-06 15:35:18,275 [INFO] IPUIPlugin:80 - create IPUIPlugin
2025-05-06 15:35:18,275 [INFO] IPUIPlugin:80 - create IPUIPlugin
2025-05-06 15:35:18,275 [INFO] IPUIPlugin:80 - create IPUIPlugin
2025-05-06 15:35:18,275 [INFO] IPUIPlugin:80 - create IPUIPlugin
2025-05-06 15:35:18,275 [INFO] IPUIPlugin:80 - create IPUIPlugin
2025-05-06 15:35:18,275 [INFO] IPUIPlugin:80 - create IPUIPlugin
2025-05-06 15:35:18,275 [INFO] IPUIPlugin:80 - create IPUIPlugin
2025-05-06 15:35:18,277 [INFO] IPUIPlugin:80 - create IPUIPlugin
2025-05-06 15:35:18,277 [INFO] IPUIPlugin:80 - create IPUIPlugin
2025-05-06 15:35:18,277 [INFO] IPUIPlugin:80 - create IPUIPlugin
2025-05-06 15:35:18,277 [INFO] IPUIPlugin:80 - create IPUIPlugin
2025-05-06 15:35:18,277 [INFO] IPUIPlugin:80 - create IPUIPlugin
2025-05-06 15:35:18,277 [INFO] IPUIPlugin:80 - create IPUIPlugin
2025-05-06 15:35:18,278 [INFO] IPUIPlugin:80 - create IPUIPlugin
2025-05-06 15:35:18,278 [INFO] IPUIPlugin:80 - create IPUIPlugin
2025-05-06 15:35:18,278 [INFO] IPUIPlugin:80 - create IPUIPlugin
2025-05-06 15:35:18,278 [INFO] IPUIPlugin:80 - create IPUIPlugin
2025-05-06 15:35:18,278 [INFO] IPUIPlugin:80 - create IPUIPlugin
2025-05-06 15:35:18,279 [INFO] IPUIPlugin:80 - create IPUIPlugin
2025-05-06 15:35:18,279 [INFO] IPUIPlugin:80 - create IPUIPlugin
2025-05-06 15:35:18,279 [INFO] IPUIPlugin:80 - create IPUIPlugin
2025-05-06 15:35:18,280 [INFO] IPUIPlugin:80 - create IPUIPlugin
2025-05-06 15:35:18,280 [INFO] IPUIPlugin:80 - create IPUIPlugin
2025-05-06 15:35:18,280 [INFO] IPUIPlugin:80 - create IPUIPlugin
2025-05-06 15:35:18,281 [INFO] IPUIPlugin:80 - create IPUIPlugin
2025-05-06 15:35:18,281 [INFO] IPUIPlugin:80 - create IPUIPlugin
2025-05-06 15:35:18,282 [INFO] IPUIPlugin:80 - create IPUIPlugin
2025-05-06 15:35:18,282 [INFO] IPUIPlugin:80 - create IPUIPlugin
2025-05-06 15:35:18,282 [INFO] IPUIPlugin:80 - create IPUIPlugin
2025-05-06 15:35:18,282 [INFO] IPUIPlugin:80 - create IPUIPlugin
2025-05-06 15:35:18,282 [INFO] IPUIPlugin:80 - create IPUIPlugin
2025-05-06 15:35:18,283 [INFO] IPUIPlugin:80 - create IPUIPlugin
2025-05-06 15:35:18,283 [INFO] IPUIPlugin:80 - create IPUIPlugin
2025-05-06 15:35:18,283 [INFO] IPUIPlugin:80 - create IPUIPlugin
2025-05-06 15:35:18,284 [INFO] IPUIPlugin:80 - create IPUIPlugin
2025-05-06 15:35:18,284 [INFO] IPUIPlugin:80 - create IPUIPlugin
2025-05-06 15:35:18,284 [INFO] IPUIPlugin:80 - create IPUIPlugin
2025-05-06 15:35:18,284 [INFO] IPUIPlugin:80 - create IPUIPlugin
2025-05-06 15:35:18,285 [INFO] IPUIPlugin:80 - create IPUIPlugin
2025-05-06 15:35:18,285 [INFO] IPUIPlugin:80 - create IPUIPlugin
2025-05-06 15:35:18,285 [INFO] IPUIPlugin:80 - create IPUIPlugin
2025-05-06 15:35:18,286 [INFO] IPUIPlugin:80 - create IPUIPlugin
2025-05-06 15:35:18,286 [INFO] IPUIPlugin:80 - create IPUIPlugin
2025-05-06 15:35:18,379 [INFO] CADModel:165 - CPN selected for project levelSTM32F303VCT6
2025-05-06 15:35:18,379 [INFO] CADModel:114 - Register for checkConnection events
2025-05-06 15:35:18,433 [INFO] OpenFileManager:328 - Restore cursor
2025-05-06 15:38:52,140 [INFO] Activator:176 - 


2025-05-06 15:38:52,142 [INFO] Activator:177 - !SESSION log4j initialized
2025-05-06 15:38:59,144 [INFO] LogOutputStream:77 - [STDOUT_REDIRECT] 
2025-05-06 15:39:02,136 [INFO] ApplicationProperties:184 - Using Application install path: D:\ITC\STM32\STM32CubeIDE_1.13.0\STM32CubeIDE\plugins\com.st.stm32cube.common.mx_6.9.0.202307051724
2025-05-06 15:39:02,155 [INFO] DbMcusXml:78 - Set database path to: D:\ITC\STM32\STM32CubeIDE_1.13.0\STM32CubeIDE\plugins\com.st.stm32cube.common.mx_6.9.0.202307051724\\db\/mcu/
2025-05-06 15:39:02,156 [INFO] ApiDb:274 - Set plugin database path to: D:\ITC\STM32\STM32CubeIDE_1.13.0\STM32CubeIDE\plugins\com.st.stm32cube.common.mx_6.9.0.202307051724\\db\/plugins/boardmanager/
2025-05-06 15:39:02,157 [WARN] ApiDb:259 - Overriding images path with different value:  => D:\ITC\STM32\STM32CubeIDE_1.13.0\STM32CubeIDE\plugins\com.st.stm32cube.common.mx_6.9.0.202307051724\\db\/plugins/mcufinder/images/
2025-05-06 15:39:02,168 [INFO] ApiDb:250 - Set database path to: C:\Users\msi1\.stmcufinder\plugins\mcufinder//mcu/
2025-05-06 15:39:02,169 [INFO] DbMcusAds:125 - Set database path to: C:\Users\msi1\.stmcufinder\plugins\mcufinder//mcu/
2025-05-06 15:39:02,170 [INFO] CrossReferenceDbSqlite:203 - Set database path to: C:\Users\msi1\.stmcufinder\plugins\mcufinder//mcu/cs/
2025-05-06 15:39:02,313 [INFO] RulesReader:64 - Compatibility file has been processed (293 Rules)
2025-05-06 15:39:02,413 [INFO] DbMcusXml:78 - Set database path to: D:\ITC\STM32\STM32CubeIDE_1.13.0\STM32CubeIDE\plugins\com.st.stm32cube.common.mx_6.9.0.202307051724\\db\/mcu/
2025-05-06 15:39:02,413 [INFO] ApiDb:274 - Set plugin database path to: D:\ITC\STM32\STM32CubeIDE_1.13.0\STM32CubeIDE\plugins\com.st.stm32cube.common.mx_6.9.0.202307051724\\db\/plugins/boardmanager/
2025-05-06 15:39:02,413 [INFO] ApiDb:261 - Set plugin images path to: D:\ITC\STM32\STM32CubeIDE_1.13.0\STM32CubeIDE\plugins\com.st.stm32cube.common.mx_6.9.0.202307051724\\db\/plugins/mcufinder/images/
2025-05-06 15:39:02,414 [WARN] DbFile:41 - Overriding database path with different value: C:\Users\msi1\.stmcufinder\plugins\mcufinder/ => C:\Users\msi1\.stmcufinder\plugins\mcufinder
2025-05-06 15:39:02,414 [INFO] ApiDb:250 - Set database path to: C:\Users\msi1\.stmcufinder\plugins\mcufinder//mcu/
2025-05-06 15:39:02,414 [WARN] DbFile:41 - Overriding database path with different value: C:\Users\msi1\.stmcufinder\plugins\mcufinder/ => C:\Users\msi1\.stmcufinder\plugins\mcufinder
2025-05-06 15:39:02,414 [INFO] DbMcusAds:125 - Set database path to: C:\Users\msi1\.stmcufinder\plugins\mcufinder//mcu/
2025-05-06 15:39:02,414 [WARN] DbFile:41 - Overriding database path with different value: C:\Users\msi1\.stmcufinder\plugins\mcufinder/ => C:\Users\msi1\.stmcufinder\plugins\mcufinder
2025-05-06 15:39:02,414 [WARN] DbFile:41 - Overriding database path with different value: C:\Users\msi1\.stmcufinder\plugins\mcufinder/ => C:\Users\msi1\.stmcufinder\plugins\mcufinder
2025-05-06 15:39:02,414 [INFO] CrossReferenceDbSqlite:203 - Set database path to: C:\Users\msi1\.stmcufinder\plugins\mcufinder//mcu/cs/
2025-05-06 15:39:02,514 [INFO] MainPanel:262 - HeapMemory: 268435456
2025-05-06 15:39:02,627 [INFO] DbMcusXml:78 - Set database path to: D:\ITC\STM32\STM32CubeIDE_1.13.0\STM32CubeIDE\plugins\com.st.stm32cube.common.mx_6.9.0.202307051724\\db\/mcu/
2025-05-06 15:39:02,627 [INFO] ApiDb:274 - Set plugin database path to: D:\ITC\STM32\STM32CubeIDE_1.13.0\STM32CubeIDE\plugins\com.st.stm32cube.common.mx_6.9.0.202307051724\\db\/plugins/boardmanager/
2025-05-06 15:39:02,627 [INFO] ApiDb:261 - Set plugin images path to: D:\ITC\STM32\STM32CubeIDE_1.13.0\STM32CubeIDE\plugins\com.st.stm32cube.common.mx_6.9.0.202307051724\\db\/plugins/mcufinder/images/
2025-05-06 15:39:02,627 [WARN] DbFile:41 - Overriding database path with different value: C:\Users\msi1\.stmcufinder\plugins\mcufinder/ => C:\Users\msi1\.stmcufinder\plugins\mcufinder
2025-05-06 15:39:02,627 [INFO] ApiDb:250 - Set database path to: C:\Users\msi1\.stmcufinder\plugins\mcufinder//mcu/
2025-05-06 15:39:02,628 [WARN] DbFile:41 - Overriding database path with different value: C:\Users\msi1\.stmcufinder\plugins\mcufinder/ => C:\Users\msi1\.stmcufinder\plugins\mcufinder
2025-05-06 15:39:02,628 [INFO] DbMcusAds:125 - Set database path to: C:\Users\msi1\.stmcufinder\plugins\mcufinder//mcu/
2025-05-06 15:39:02,628 [WARN] DbFile:41 - Overriding database path with different value: C:\Users\msi1\.stmcufinder\plugins\mcufinder/ => C:\Users\msi1\.stmcufinder\plugins\mcufinder
2025-05-06 15:39:02,628 [WARN] DbFile:41 - Overriding database path with different value: C:\Users\msi1\.stmcufinder\plugins\mcufinder/ => C:\Users\msi1\.stmcufinder\plugins\mcufinder
2025-05-06 15:39:02,628 [INFO] CrossReferenceDbSqlite:203 - Set database path to: C:\Users\msi1\.stmcufinder\plugins\mcufinder//mcu/cs/
2025-05-06 15:39:02,661 [INFO] ApplicationProperties:184 - Using Application install path: D:\ITC\STM32\STM32CubeIDE_1.13.0\STM32CubeIDE\plugins\com.st.stm32cube.common.mx_6.9.0.202307051724
2025-05-06 15:39:02,664 [INFO] PluginManage:196 - Search for loadable plugins [exclusion list=, ]
2025-05-06 15:39:02,668 [INFO] PluginManage:310 - Check plugin analytics
2025-05-06 15:39:02,914 [INFO] AnalyticsPlugin:253 - Accepted Software Licenses: 
2025-05-06 15:39:02,914 [INFO] AnalyticsPlugin:255 - Accepted CMSIS Pack Licenses: 
2025-05-06 15:39:02,915 [INFO] AnalyticsPlugin:257 - Accepted Firmware Licenses: FW.F4.1.27.0
2025-05-06 15:39:02,917 [INFO] PluginManage:359 - Loaded plugin analytics (category:tool,tabindex:-1)
2025-05-06 15:39:02,917 [INFO] PluginManage:310 - Check plugin cadmodel
2025-05-06 15:39:02,935 [INFO] CADModel:105 - Init CAD model plugin
2025-05-06 15:39:02,935 [INFO] PluginManage:359 - Loaded plugin cadmodel (category:power,tabindex:5)
2025-05-06 15:39:02,935 [INFO] PluginManage:310 - Check plugin clock
2025-05-06 15:39:02,954 [INFO] PluginManage:359 - Loaded plugin clock (category:base,tabindex:2)
2025-05-06 15:39:02,954 [INFO] PluginManage:310 - Check plugin ddr
2025-05-06 15:39:02,956 [INFO] PluginManage:359 - Loaded plugin ddr (category:tool,tabindex:6)
2025-05-06 15:39:02,956 [INFO] PluginManage:310 - Check plugin filemanager
2025-05-06 15:39:03,089 [INFO] PluginManage:359 - Loaded plugin filemanager (category:base,tabindex:10)
2025-05-06 15:39:03,089 [INFO] PluginManage:310 - Check plugin ipmanager
2025-05-06 15:39:03,096 [INFO] PluginManage:359 - Loaded plugin ipmanager (category:base,tabindex:5)
2025-05-06 15:39:03,097 [INFO] PluginManage:310 - Check plugin lpbam
2025-05-06 15:39:03,114 [INFO] PluginManage:359 - Loaded plugin lpbam (category:base,tabindex:0)
2025-05-06 15:39:03,115 [INFO] PluginManage:310 - Check plugin memorymap
2025-05-06 15:39:03,144 [INFO] PluginManage:359 - Loaded plugin memorymap (category:base,tabindex:4)
2025-05-06 15:39:03,144 [INFO] PluginManage:310 - Check plugin pinoutandconfiguration
2025-05-06 15:39:03,165 [INFO] PluginManage:359 - Loaded plugin pinoutandconfiguration (category:base,tabindex:1)
2025-05-06 15:39:03,165 [INFO] PluginManage:310 - Check plugin pinoutconfig
2025-05-06 15:39:03,307 [WARN] SupportedApi:132 - Cannot load RTOS API schema: s4s-elt-must-match.1: The content of 'definitions' must match (annotation?, (simpleType | complexType)?, (unique | key | keyref)*)). A problem was found starting at: attribute.
2025-05-06 15:39:03,511 [INFO] PluginManage:359 - Loaded plugin pinoutconfig (category:base,tabindex:0)
2025-05-06 15:39:03,511 [INFO] PluginManage:310 - Check plugin power
2025-05-06 15:39:03,553 [INFO] PluginManage:359 - Loaded plugin power (category:power,tabindex:4)
2025-05-06 15:39:03,553 [INFO] PluginManage:310 - Check plugin projectmanager
2025-05-06 15:39:03,566 [INFO] PluginManage:359 - Loaded plugin projectmanager (category:projectmanager,tabindex:3)
2025-05-06 15:39:03,567 [INFO] PluginManage:310 - Check plugin thirdparty
2025-05-06 15:39:03,921 [INFO] PluginManage:359 - Loaded plugin thirdparty (category:base,tabindex:-1)
2025-05-06 15:39:03,921 [INFO] PluginManage:310 - Check plugin tools
2025-05-06 15:39:03,921 [WARN] IntegrityCheckThread:84 - waiting for thirdparty lock release [integrity check]
2025-05-06 15:39:03,921 [INFO] IntegrityCheckThread:86 - entering critical section [integrity check]
2025-05-06 15:39:03,922 [INFO] ThirdPartyUpdaterWithRetryManager:70 - Updater plugin not ready yet. [1/15]
2025-05-06 15:39:03,966 [INFO] PluginManage:359 - Loaded plugin tools (category:base,tabindex:7)
2025-05-06 15:39:03,967 [INFO] PluginManage:310 - Check plugin tutovideos
2025-05-06 15:39:04,178 [INFO] PluginManage:359 - Loaded plugin tutovideos (category:base,tabindex:-1)
2025-05-06 15:39:04,178 [INFO] PluginManage:310 - Check plugin updater
2025-05-06 15:39:04,188 [INFO] PluginManage:359 - Loaded plugin updater (category:base,tabindex:12)
2025-05-06 15:39:04,188 [INFO] PluginManage:310 - Check plugin userauth
2025-05-06 15:39:04,195 [INFO] UserAuth:113 - Init User Auth plugin
2025-05-06 15:39:04,195 [INFO] PluginManage:359 - Loaded plugin userauth (category:base,tabindex:14)
2025-05-06 15:39:04,195 [INFO] PluginManage:283 - PluginManage : Loaded plugins [17]
2025-05-06 15:39:04,416 [INFO] PinOutPanel:1499 - setPackage(No Configuration,No Configuration)
2025-05-06 15:39:04,507 [INFO] CADModel:165 - CPN selected for project level
2025-05-06 15:39:04,507 [INFO] CADModel:114 - Register for checkConnection events
2025-05-06 15:39:04,532 [INFO] IPUIPlugin:80 - create IPUIPlugin
2025-05-06 15:39:04,532 [INFO] PluginManager:220 - loadIPPluginJar : add adc
2025-05-06 15:39:04,574 [INFO] IPUIPlugin:80 - create IPUIPlugin
2025-05-06 15:39:04,574 [INFO] PluginManager:220 - loadIPPluginJar : add aes
2025-05-06 15:39:04,637 [INFO] IPUIPlugin:80 - create IPUIPlugin
2025-05-06 15:39:04,637 [INFO] PluginManager:220 - loadIPPluginJar : add can
2025-05-06 15:39:04,665 [INFO] IPUIPlugin:80 - create IPUIPlugin
2025-05-06 15:39:04,665 [INFO] PluginManager:220 - loadIPPluginJar : add comp
2025-05-06 15:39:04,702 [INFO] IPUIPlugin:80 - create IPUIPlugin
2025-05-06 15:39:04,702 [INFO] PluginManager:220 - loadIPPluginJar : add cryp
2025-05-06 15:39:04,738 [INFO] IPUIPlugin:80 - create IPUIPlugin
2025-05-06 15:39:04,739 [INFO] PluginManager:220 - loadIPPluginJar : add dfsdm
2025-05-06 15:39:04,753 [INFO] IPUIPlugin:80 - create IPUIPlugin
2025-05-06 15:39:04,754 [INFO] PluginManager:220 - loadIPPluginJar : add dma
2025-05-06 15:39:04,803 [INFO] IPUIPlugin:80 - create IPUIPlugin
2025-05-06 15:39:04,803 [INFO] PluginManager:220 - loadIPPluginJar : add dma3
2025-05-06 15:39:04,827 [INFO] IPUIPlugin:80 - create IPUIPlugin
2025-05-06 15:39:04,827 [INFO] PluginManager:220 - loadIPPluginJar : add fatfs
2025-05-06 15:39:04,901 [INFO] IPUIPlugin:80 - create IPUIPlugin
2025-05-06 15:39:04,901 [INFO] PluginManager:220 - loadIPPluginJar : add fmc
2025-05-06 15:39:04,918 [INFO] IPUIPlugin:80 - create IPUIPlugin
2025-05-06 15:39:04,918 [INFO] PluginManager:220 - loadIPPluginJar : add freertos
2025-05-06 15:39:04,942 [INFO] IPUIPlugin:80 - create IPUIPlugin
2025-05-06 15:39:04,943 [INFO] PluginManager:220 - loadIPPluginJar : add genericplugin
2025-05-06 15:39:05,066 [INFO] IPUIPlugin:80 - create IPUIPlugin
2025-05-06 15:39:05,066 [INFO] PluginManager:220 - loadIPPluginJar : add gfxmmu
2025-05-06 15:39:05,249 [INFO] IPUIPlugin:80 - create IPUIPlugin
2025-05-06 15:39:05,249 [INFO] PluginManager:220 - loadIPPluginJar : add gic
2025-05-06 15:39:05,264 [INFO] IPUIPlugin:80 - create IPUIPlugin
2025-05-06 15:39:05,264 [INFO] PluginManager:220 - loadIPPluginJar : add gpio
2025-05-06 15:39:05,395 [INFO] IPUIPlugin:80 - create IPUIPlugin
2025-05-06 15:39:05,395 [INFO] PluginManager:220 - loadIPPluginJar : add gtzc
2025-05-06 15:39:05,434 [INFO] IPUIPlugin:80 - create IPUIPlugin
2025-05-06 15:39:05,435 [INFO] PluginManager:220 - loadIPPluginJar : add hash
2025-05-06 15:39:05,503 [INFO] IPUIPlugin:80 - create IPUIPlugin
2025-05-06 15:39:05,504 [INFO] PluginManager:220 - loadIPPluginJar : add i2c
2025-05-06 15:39:05,570 [INFO] IPUIPlugin:80 - create IPUIPlugin
2025-05-06 15:39:05,571 [INFO] PluginManager:220 - loadIPPluginJar : add i2s
2025-05-06 15:39:05,694 [INFO] IPUIPlugin:80 - create IPUIPlugin
2025-05-06 15:39:05,694 [INFO] PluginManager:220 - loadIPPluginJar : add i3c
2025-05-06 15:39:05,913 [INFO] IPUIPlugin:80 - create IPUIPlugin
2025-05-06 15:39:05,914 [INFO] PluginManager:220 - loadIPPluginJar : add ipddr
2025-05-06 15:39:06,027 [INFO] IPUIPlugin:80 - create IPUIPlugin
2025-05-06 15:39:06,027 [INFO] PluginManager:220 - loadIPPluginJar : add linkedlist
2025-05-06 15:39:06,067 [INFO] IPUIPlugin:80 - create IPUIPlugin
2025-05-06 15:39:06,067 [INFO] PluginManager:220 - loadIPPluginJar : add lorawan
2025-05-06 15:39:06,107 [INFO] IPUIPlugin:80 - create IPUIPlugin
2025-05-06 15:39:06,107 [INFO] PluginManager:220 - loadIPPluginJar : add ltdc
2025-05-06 15:39:06,122 [INFO] IPUIPlugin:80 - create IPUIPlugin
2025-05-06 15:39:06,122 [INFO] PluginManager:220 - loadIPPluginJar : add mdma
2025-05-06 15:39:06,134 [INFO] IPUIPlugin:80 - create IPUIPlugin
2025-05-06 15:39:06,134 [INFO] PluginManager:220 - loadIPPluginJar : add nvic
2025-05-06 15:39:06,196 [INFO] IPUIPlugin:80 - create IPUIPlugin
2025-05-06 15:39:06,196 [INFO] PluginManager:220 - loadIPPluginJar : add opamp
2025-05-06 15:39:06,264 [INFO] IPUIPlugin:80 - create IPUIPlugin
2025-05-06 15:39:06,264 [INFO] PluginManager:220 - loadIPPluginJar : add openamp
2025-05-06 15:39:06,315 [INFO] IPUIPlugin:80 - create IPUIPlugin
2025-05-06 15:39:06,315 [INFO] PluginManager:220 - loadIPPluginJar : add pdm2pcm
2025-05-06 15:39:06,330 [INFO] IPUIPlugin:80 - create IPUIPlugin
2025-05-06 15:39:06,332 [INFO] PluginManager:220 - loadIPPluginJar : add plateformsettings
2025-05-06 15:39:06,359 [INFO] IPUIPlugin:80 - create IPUIPlugin
2025-05-06 15:39:06,360 [INFO] PluginManager:220 - loadIPPluginJar : add quadspi
2025-05-06 15:39:06,375 [INFO] IPUIPlugin:80 - create IPUIPlugin
2025-05-06 15:39:06,375 [INFO] PluginManager:220 - loadIPPluginJar : add resmgrutility
2025-05-06 15:39:06,454 [INFO] IPUIPlugin:80 - create IPUIPlugin
2025-05-06 15:39:06,454 [INFO] PluginManager:220 - loadIPPluginJar : add sai
2025-05-06 15:39:06,499 [INFO] IPUIPlugin:80 - create IPUIPlugin
2025-05-06 15:39:06,499 [INFO] PluginManager:220 - loadIPPluginJar : add spi
2025-05-06 15:39:06,559 [INFO] IPUIPlugin:80 - create IPUIPlugin
2025-05-06 15:39:06,559 [INFO] PluginManager:220 - loadIPPluginJar : add stm32_wpan
2025-05-06 15:39:06,586 [INFO] IPUIPlugin:80 - create IPUIPlugin
2025-05-06 15:39:06,586 [INFO] PluginManager:220 - loadIPPluginJar : add tim
2025-05-06 15:39:06,648 [INFO] IPUIPlugin:80 - create IPUIPlugin
2025-05-06 15:39:06,648 [INFO] PluginManager:220 - loadIPPluginJar : add touchsensing
2025-05-06 15:39:06,688 [INFO] IPUIPlugin:80 - create IPUIPlugin
2025-05-06 15:39:06,688 [INFO] PluginManager:220 - loadIPPluginJar : add tracer_emb
2025-05-06 15:39:06,717 [INFO] IPUIPlugin:80 - create IPUIPlugin
2025-05-06 15:39:06,717 [INFO] PluginManager:220 - loadIPPluginJar : add ts
2025-05-06 15:39:06,743 [INFO] IPUIPlugin:80 - create IPUIPlugin
2025-05-06 15:39:06,743 [INFO] PluginManager:220 - loadIPPluginJar : add tsc
2025-05-06 15:39:06,771 [INFO] IPUIPlugin:80 - create IPUIPlugin
2025-05-06 15:39:06,771 [INFO] PluginManager:220 - loadIPPluginJar : add ucpd
2025-05-06 15:39:06,824 [INFO] IPUIPlugin:80 - create IPUIPlugin
2025-05-06 15:39:06,824 [INFO] PluginManager:220 - loadIPPluginJar : add usart
2025-05-06 15:39:06,877 [INFO] IPUIPlugin:80 - create IPUIPlugin
2025-05-06 15:39:06,877 [INFO] PluginManager:220 - loadIPPluginJar : add usbx
2025-05-06 15:39:06,933 [INFO] ThirdPartyUpdaterWithRetryManager:70 - Updater plugin not ready yet. [2/15]
2025-05-06 15:39:07,002 [INFO] CADModel:165 - CPN selected for project level
2025-05-06 15:39:07,002 [INFO] CADModel:114 - Register for checkConnection events
2025-05-06 15:39:07,003 [FATAL] Updater:308 - Updater called before beeing initialized
2025-05-06 15:39:07,003 [ERROR] CADModel:125 - Updater not yet initialized, retry later 
2025-05-06 15:39:07,137 [INFO] CADModel:165 - CPN selected for project level
2025-05-06 15:39:07,137 [INFO] CADModel:114 - Register for checkConnection events
2025-05-06 15:39:07,137 [FATAL] Updater:308 - Updater called before beeing initialized
2025-05-06 15:39:07,137 [ERROR] CADModel:125 - Updater not yet initialized, retry later 
2025-05-06 15:39:07,140 [FATAL] Updater:308 - Updater called before beeing initialized
2025-05-06 15:39:07,243 [FATAL] Updater:308 - Updater called before beeing initialized
2025-05-06 15:39:07,256 [INFO] DbMcusAds:53 - JSON generation date=Thu Mar 06 21:54:22 ICT 2025 (1741272862204)
2025-05-06 15:39:07,256 [FATAL] Updater:308 - Updater called before beeing initialized
2025-05-06 15:39:07,351 [WARN] DetailPanel:346 - Failed to get advertising image, set to default
2025-05-06 15:39:07,433 [FATAL] Updater:308 - Updater called before beeing initialized
2025-05-06 15:39:07,435 [FATAL] Updater:308 - Updater called before beeing initialized
2025-05-06 15:39:07,435 [FATAL] Updater:308 - Updater called before beeing initialized
2025-05-06 15:39:07,435 [WARN] DetailPanel:346 - Failed to get advertising image, set to default
2025-05-06 15:39:07,436 [FATAL] Updater:308 - Updater called before beeing initialized
2025-05-06 15:39:07,504 [ERROR] Updater:1120 - MainUpdater not yet initialized. External WinMGr cannot be set.
2025-05-06 15:39:07,518 [INFO] Updater:1056 - Updater Version found : 6.9.0
2025-05-06 15:39:07,534 [INFO] ApplicationProperties:184 - Using Application install path: D:\ITC\STM32\STM32CubeIDE_1.13.0\STM32CubeIDE\plugins\com.st.stm32cube.common.mx_6.9.0.202307051724
2025-05-06 15:39:07,711 [INFO] MainUpdater:2868 - connection check result : 10
2025-05-06 15:39:07,712 [INFO] MainUpdater:285 - Updater Check For Update Now.
2025-05-06 15:39:07,712 [INFO] MicroXplorer:498 - Change Database Version : DB.6.0.90
2025-05-06 15:39:07,732 [INFO] McuFinderGlobals:63 - Set McuFinder mode to 2 (CubeIDE integrated)
2025-05-06 15:39:07,958 [INFO] CheckServerUpdateThread:120 - End of CheckServer Thread
2025-05-06 15:39:10,239 [WARN] PackLoader:240 - Cannot read IP mode file for STMicroelectronics.FP-SNS-MOTENVWB1.1.4.0
2025-05-06 15:39:10,257 [WARN] PackLoader:240 - Cannot read IP mode file for STMicroelectronics.FP-ATR-ASTRA1.2.0.2
2025-05-06 15:39:10,268 [WARN] PackLoader:240 - Cannot read IP mode file for STMicroelectronics.FP-ATR-ASTRA1.2.0.1
2025-05-06 15:39:10,284 [WARN] PackLoader:240 - Cannot read IP mode file for STMicroelectronics.X-CUBE-SMBUS.2.1.0
2025-05-06 15:39:10,303 [WARN] PackLoader:240 - Cannot read IP mode file for STMicroelectronics.X-CUBE-WB05N.1.1.0
2025-05-06 15:39:10,328 [WARN] PackLoader:240 - Cannot read IP mode file for STMicroelectronics.X-CUBE-TOUCHGFX.4.23.0
2025-05-06 15:39:10,340 [WARN] PackLoader:240 - Cannot read IP mode file for STMicroelectronics.X-CUBE-TOUCHGFX.4.23.2
2025-05-06 15:39:10,377 [WARN] PackLoader:240 - Cannot read IP mode file for STMicroelectronics.X-CUBE-AZRTOS-F7.1.1.0
2025-05-06 15:39:10,396 [ERROR] RealEvaluatedCondition:428 - Found unsupported composite condition: GROUP='STM32_MetaDataManager' CLASS='Data Exchange'
2025-05-06 15:39:10,397 [ERROR] RealEvaluatedCondition:428 - Found unsupported composite condition: GROUP='STM32_MetaDataManager' CLASS='Data Exchange'
2025-05-06 15:39:10,398 [WARN] PackLoader:240 - Cannot read IP mode file for STMicroelectronics.FP-SNS-MOTENV1.4.3.0
2025-05-06 15:39:10,414 [WARN] PackLoader:240 - Cannot read IP mode file for STMicroelectronics.FP-SNS-MOTENV1.4.3.2
2025-05-06 15:39:10,431 [WARN] PackLoader:240 - Cannot read IP mode file for STMicroelectronics.FP-SNS-FLIGHT1.5.0.0
2025-05-06 15:39:10,446 [WARN] PackLoader:240 - Cannot read IP mode file for STMicroelectronics.X-CUBE-BLE1.6.2.4
2025-05-06 15:39:10,459 [WARN] PackLoader:240 - Cannot read IP mode file for STMicroelectronics.FP-SNS-FLIGHT1.5.0.2
2025-05-06 15:39:10,480 [ERROR] Engine:466 - C:\Users\msi1\.stm32cubemx\thirdparties\pdsc\Infineon.AIROC-Wi-Fi-Bluetooth-STM32.1.7.0.pdsc: PDSC version is not supported
2025-05-06 15:39:10,497 [WARN] PackLoader:240 - Cannot read IP mode file for STMicroelectronics.X-CUBE-DISPLAY.3.0.0
2025-05-06 15:39:10,515 [WARN] PackLoader:240 - Cannot read IP mode file for STMicroelectronics.X-CUBE-BLE1.7.0.0
2025-05-06 15:39:10,533 [WARN] PackLoader:240 - Cannot read IP mode file for STMicroelectronics.X-CUBE-NFC10.1.0.0
2025-05-06 15:39:10,546 [ERROR] Engine:466 - C:\Users\msi1\.stm32cubemx\thirdparties\pdsc\STMicroelectronics.X-CUBE-BLEMGR.4.0.0.pdsc: PDSC version is not supported
2025-05-06 15:39:10,557 [WARN] PackLoader:240 - Cannot read IP mode file for emotas.I-CUBE-CANOPEN.1.3.0
2025-05-06 15:39:10,587 [WARN] PackLoader:240 - Cannot read IP mode file for STMicroelectronics.X-CUBE-TOUCHGFX.4.22.0
2025-05-06 15:39:10,600 [WARN] PackLoader:240 - Cannot read IP mode file for STMicroelectronics.X-CUBE-TOUCHGFX.4.22.1
2025-05-06 15:39:10,616 [WARN] PackLoader:240 - Cannot read IP mode file for STMicroelectronics.X-CUBE-BLEMGR.3.1.0
2025-05-06 15:39:10,633 [WARN] PackLoader:240 - Cannot read IP mode file for STMicroelectronics.X-CUBE-AI.10.0.0
2025-05-06 15:39:10,648 [WARN] PackLoader:240 - Cannot read IP mode file for STMicroelectronics.FP-SNS-SMARTAG2.1.2.0
2025-05-06 15:39:10,662 [ERROR] Engine:466 - C:\Users\msi1\.stm32cubemx\thirdparties\pdsc\STMicroelectronics.FP-SNS-FLIGHT1.5.1.0.pdsc: PDSC version is not supported
2025-05-06 15:39:10,715 [WARN] PackLoader:240 - Cannot read IP mode file for STMicroelectronics.X-CUBE-MEMS1.11.1.0
2025-05-06 15:39:10,853 [INFO] LogOutputStream:77 - [STDOUT_REDIRECT] 1 : Invalid condition id : UX_CORESTACK_Condition cause : null
2025-05-06 15:39:10,853 [INFO] LogOutputStream:77 - [STDOUT_REDIRECT] 1 : Invalid condition id : UX_CORESTACK_Condition cause : null
2025-05-06 15:39:10,854 [INFO] LogOutputStream:77 - [STDOUT_REDIRECT] 1 : Invalid condition id : UX_CORESTACK_Condition cause : null
2025-05-06 15:39:10,856 [INFO] LogOutputStream:77 - [STDOUT_REDIRECT] 1 : Invalid condition id : UX_CORESTACK_Condition cause : null
2025-05-06 15:39:10,856 [INFO] LogOutputStream:77 - [STDOUT_REDIRECT] 1 : Invalid condition id : UX_CORESTACK_Condition cause : null
2025-05-06 15:39:10,858 [WARN] PackLoader:240 - Cannot read IP mode file for STMicroelectronics.X-CUBE-AZRTOS-WL.2.0.0
2025-05-06 15:39:10,874 [WARN] PackLoader:240 - Cannot read IP mode file for STMicroelectronics.FP-SNS-MOTENV1.5.0.0
2025-05-06 15:39:10,887 [WARN] PackLoader:240 - Cannot read IP mode file for wolfSSL.I-CUBE-wolfMQTT.1.19.0
2025-05-06 15:39:10,906 [WARN] PackLoader:240 - Cannot read IP mode file for WES.I-CUBE-Cesium.1.3.0
2025-05-06 15:39:10,922 [WARN] PackLoader:240 - Cannot read IP mode file for STMicroelectronics.X-CUBE-BLE2.3.3.0
2025-05-06 15:39:10,937 [WARN] PackLoader:240 - Cannot read IP mode file for STMicroelectronics.X-CUBE-NFC9.1.0.0
2025-05-06 15:39:10,952 [WARN] PackLoader:240 - Cannot read IP mode file for STMicroelectronics.X-CUBE-BLE1.7.1.0
2025-05-06 15:39:10,968 [WARN] PackLoader:240 - Cannot read IP mode file for STMicroelectronics.X-CUBE-TCPP.4.1.0
2025-05-06 15:39:10,986 [WARN] PackLoader:240 - Cannot read IP mode file for STMicroelectronics.X-CUBE-TOUCHGFX.4.21.4
2025-05-06 15:39:11,001 [WARN] PackLoader:240 - Cannot read IP mode file for STMicroelectronics.X-CUBE-ALGOBUILD.1.3.0
2025-05-06 15:39:11,060 [WARN] PackLoader:240 - Cannot read IP mode file for STMicroelectronics.X-CUBE-MEMS1.11.2.0
2025-05-06 15:39:11,219 [WARN] PackLoader:240 - Cannot read IP mode file for STMicroelectronics.X-CUBE-AZRTOS-G0.1.1.0
2025-05-06 15:39:11,244 [WARN] PackLoader:240 - Cannot read IP mode file for STMicroelectronics.X-CUBE-SAFEA1.1.2.2
2025-05-06 15:39:11,261 [WARN] PackLoader:240 - Cannot read IP mode file for STMicroelectronics.X-CUBE-NFC4.3.0.0
2025-05-06 15:39:11,275 [WARN] PackLoader:240 - Cannot read IP mode file for wolfSSL.I-CUBE-wolfMQTT.1.18.0
2025-05-06 15:39:11,288 [ERROR] Engine:466 - C:\Users\msi1\.stm32cubemx\thirdparties\pdsc\EmbeddedOffice.I-CUBE-FS-RTOS.1.0.1.pdsc: PDSC version is not supported
2025-05-06 15:39:11,301 [WARN] PackLoader:240 - Cannot read IP mode file for STMicroelectronics.X-CUBE-WB05N.2.0.0
2025-05-06 15:39:11,320 [WARN] PackLoader:240 - Cannot read IP mode file for STMicroelectronics.X-CUBE-BLEMGR.3.0.0
2025-05-06 15:39:11,334 [ERROR] Engine:466 - C:\Users\msi1\.stm32cubemx\thirdparties\pdsc\STMicroelectronics.X-CUBE-TCPP.4.2.0.pdsc: PDSC version is not supported
2025-05-06 15:39:11,362 [ERROR] Engine:466 - C:\Users\msi1\.stm32cubemx\thirdparties\pdsc\RealThread.X-CUBE-RT-Thread_Nano.4.1.1.pdsc: PDSC version is not supported
2025-05-06 15:39:11,380 [WARN] PackLoader:240 - Cannot read IP mode file for STMicroelectronics.FP-ATR-SIGFOX1.3.2.0
2025-05-06 15:39:11,395 [ERROR] Engine:466 - C:\Users\msi1\.stm32cubemx\thirdparties\pdsc\quantropi.X-CUBE-qispace-sdk-base.1.9.3.pdsc: PDSC version is not supported
2025-05-06 15:39:11,415 [WARN] PackLoader:240 - Cannot read IP mode file for STMicroelectronics.X-CUBE-EEPRMA1.5.1.0
2025-05-06 15:39:11,432 [WARN] PackLoader:240 - Cannot read IP mode file for wolfSSL.I-CUBE-wolfSSL.5.7.6
2025-05-06 15:39:11,450 [WARN] PackLoader:240 - Cannot read IP mode file for ITTIA_DB.I-CUBE-ITTIADB.8.9.0
2025-05-06 15:39:11,486 [WARN] PackLoader:240 - Cannot read IP mode file for SEGGER.I-CUBE-embOS.1.3.1
2025-05-06 15:39:11,525 [WARN] PackLoader:240 - Cannot read IP mode file for STMicroelectronics.X-CUBE-ALGOBUILD.1.4.0
2025-05-06 15:39:11,543 [WARN] PackLoader:240 - Cannot read IP mode file for STMicroelectronics.X-CUBE-AI.9.1.0
2025-05-06 15:39:11,561 [WARN] PackLoader:240 - Cannot read IP mode file for STMicroelectronics.X-CUBE-GNSS1.6.0.0
2025-05-06 15:39:11,591 [WARN] PackLoader:240 - Cannot read IP mode file for STMicroelectronics.X-CUBE-AZRTOS-F4.1.1.0
2025-05-06 15:39:11,617 [ERROR] Engine:466 - C:\Users\msi1\.stm32cubemx\thirdparties\pdsc\Avnet-IotConnect.X-CUBE-IoTC-DA16k-PMOD.1.0.0.pdsc: PDSC version is not supported
2025-05-06 15:39:11,628 [WARN] PackLoader:240 - Cannot read IP mode file for wolfSSL.I-CUBE-wolfSSL.5.6.0
2025-05-06 15:39:11,641 [WARN] PackLoader:240 - Cannot read IP mode file for STMicroelectronics.X-CUBE-ISPU.2.1.0
2025-05-06 15:39:11,657 [WARN] PackLoader:240 - Cannot read IP mode file for STMicroelectronics.X-CUBE-FREERTOS.1.2.0
2025-05-06 15:39:11,687 [WARN] PackLoader:240 - Cannot read IP mode file for STMicroelectronics.X-CUBE-AZRTOS-L5.2.0.0
2025-05-06 15:39:11,730 [WARN] PackLoader:240 - Cannot read IP mode file for STMicroelectronics.X-CUBE-MEMS1.9.6.0
2025-05-06 15:39:11,852 [WARN] PackLoader:240 - Cannot read IP mode file for STMicroelectronics.X-CUBE-EEPRMA1.4.2.0
2025-05-06 15:39:11,885 [WARN] PackLoader:240 - Cannot read IP mode file for STMicroelectronics.X-CUBE-NFC6.3.1.0
2025-05-06 15:39:11,901 [WARN] PackLoader:240 - Cannot read IP mode file for ITTIA_DB.I-CUBE-ITTIADB.8.8.0
2025-05-06 15:39:11,918 [WARN] PackLoader:240 - Cannot read IP mode file for emotas.I-CUBE-CANOPEN.1.1.3
2025-05-06 15:39:11,934 [WARN] PackLoader:240 - Cannot read IP mode file for STMicroelectronics.X-CUBE-BLEMGR.2.0.0
2025-05-06 15:39:11,948 [ERROR] Engine:466 - C:\Users\msi1\.stm32cubemx\thirdparties\pdsc\STMicroelectronics.X-CUBE-DPower.1.2.0.pdsc: PDSC version is not supported
2025-05-06 15:39:11,964 [WARN] PackLoader:240 - Cannot read IP mode file for STMicroelectronics.X-CUBE-AI.9.0.0
2025-05-06 15:39:11,991 [WARN] ConditionMgr:438 - getConditionDescription Invalid condition id : UX DEVICE CLASS RTOS Condition cause : null
2025-05-06 15:39:11,991 [WARN] ConditionMgr:438 - getConditionDescription Invalid condition id : UX DEVICE CLASS RTOS Condition cause : null
2025-05-06 15:39:11,993 [WARN] PackLoader:240 - Cannot read IP mode file for STMicroelectronics.X-CUBE-AZRTOS-H7.3.1.0
2025-05-06 15:39:11,993 [WARN] ConditionMgr:1039 - genDependencies : Invalid condition id : UX DEVICE CLASS RTOS Condition cause : null
2025-05-06 15:39:11,993 [WARN] ConditionMgr:1039 - genDependencies : Invalid condition id : UX DEVICE CLASS RTOS Condition cause : null
2025-05-06 15:39:11,994 [WARN] ConditionMgr:1039 - genDependencies : Invalid condition id : UX DEVICE CLASS RTOS Condition cause : null
2025-05-06 15:39:11,994 [WARN] ConditionMgr:1039 - genDependencies : Invalid condition id : UX DEVICE CLASS RTOS Condition cause : null
2025-05-06 15:39:11,994 [WARN] ConditionMgr:1039 - genDependencies : Invalid condition id : UX DEVICE CLASS RTOS Condition cause : null
2025-05-06 15:39:12,007 [WARN] PackLoader:240 - Cannot read IP mode file for STMicroelectronics.X-CUBE-FREERTOS.1.3.0
2025-05-06 15:39:12,022 [WARN] PackLoader:240 - Cannot read IP mode file for STMicroelectronics.X-CUBE-NFC7.1.0.1
2025-05-06 15:39:12,034 [WARN] PackLoader:240 - Cannot read IP mode file for STMicroelectronics.X-CUBE-NFC7.1.0.0
2025-05-06 15:39:12,048 [WARN] PackLoader:240 - Cannot read IP mode file for wolfSSL.I-CUBE-wolfTPM.3.2.0
2025-05-06 15:39:12,062 [WARN] PackLoader:240 - Cannot read IP mode file for STMicroelectronics.X-CUBE-NFC6.3.0.0
2025-05-06 15:39:12,077 [WARN] PackLoader:240 - Cannot read IP mode file for STMicroelectronics.X-CUBE-EEPRMA1.4.1.0
2025-05-06 15:39:12,092 [ERROR] Engine:466 - C:\Users\msi1\.stm32cubemx\thirdparties\pdsc\STMicroelectronics.X-CUBE-DPower.1.3.0.pdsc: PDSC version is not supported
2025-05-06 15:39:12,106 [WARN] PackLoader:240 - Cannot read IP mode file for STMicroelectronics.X-CUBE-AI.8.1.0
2025-05-06 15:39:12,147 [WARN] ConditionMgr:438 - getConditionDescription Invalid condition id : LAN8742 Phy interface Condition cause : null
2025-05-06 15:39:12,147 [WARN] PackLoader:240 - Cannot read IP mode file for STMicroelectronics.X-CUBE-AZRTOS-L4.2.0.0
2025-05-06 15:39:12,148 [WARN] ConditionMgr:1039 - genDependencies : Invalid condition id : LAN8742 Phy interface Condition cause : null
2025-05-06 15:39:12,148 [WARN] ConditionMgr:1039 - genDependencies : Invalid condition id : LAN8742 Phy interface Condition cause : null
2025-05-06 15:39:12,148 [WARN] ConditionMgr:1039 - genDependencies : Invalid condition id : LAN8742 Phy interface Condition cause : null
2025-05-06 15:39:12,164 [WARN] PackLoader:240 - Cannot read IP mode file for STMicroelectronics.X-CUBE-SFXS2LP1.4.0.0
2025-05-06 15:39:12,181 [WARN] PackLoader:240 - Cannot read IP mode file for STMicroelectronics.X-CUBE-ISPU.1.1.0
2025-05-06 15:39:12,209 [WARN] PackLoader:240 - Cannot read IP mode file for STMicroelectronics.X-CUBE-AZRTOS-H7.3.3.0
2025-05-06 15:39:12,228 [ERROR] Engine:466 - C:\Users\msi1\.stm32cubemx\thirdparties\pdsc\STMicroelectronics.X-CUBE-IPS.3.0.0.pdsc: PDSC version is not supported
2025-05-06 15:39:12,249 [WARN] ConditionMgr:438 - getConditionDescription Invalid condition id : UX DEVICE CLASS RTOS Condition cause : null
2025-05-06 15:39:12,249 [WARN] ConditionMgr:438 - getConditionDescription Invalid condition id : UX DEVICE CLASS RTOS Condition cause : null
2025-05-06 15:39:12,250 [WARN] PackLoader:240 - Cannot read IP mode file for STMicroelectronics.X-CUBE-AZRTOS-WB.2.0.0
2025-05-06 15:39:12,251 [WARN] ConditionMgr:1039 - genDependencies : Invalid condition id : UX DEVICE CLASS RTOS Condition cause : null
2025-05-06 15:39:12,251 [WARN] ConditionMgr:1039 - genDependencies : Invalid condition id : UX DEVICE CLASS RTOS Condition cause : null
2025-05-06 15:39:12,251 [WARN] ConditionMgr:1039 - genDependencies : Invalid condition id : UX DEVICE CLASS RTOS Condition cause : null
2025-05-06 15:39:12,251 [WARN] ConditionMgr:1039 - genDependencies : Invalid condition id : UX DEVICE CLASS RTOS Condition cause : null
2025-05-06 15:39:12,251 [WARN] ConditionMgr:1039 - genDependencies : Invalid condition id : UX DEVICE CLASS RTOS Condition cause : null
2025-05-06 15:39:12,264 [WARN] PackLoader:240 - Cannot read IP mode file for STMicroelectronics.X-CUBE-FREERTOS.1.0.1
2025-05-06 15:39:12,277 [WARN] PackLoader:240 - Cannot read IP mode file for STMicroelectronics.X-CUBE-GNSS1.7.0.1
2025-05-06 15:39:12,289 [WARN] PackLoader:240 - Cannot read IP mode file for STMicroelectronics.X-CUBE-TOUCHGFX.4.25.0
2025-05-06 15:39:12,301 [ERROR] Engine:466 - C:\Users\msi1\.stm32cubemx\thirdparties\pdsc\STMicroelectronics.FP-SNS-STBOX1.2.0.0.pdsc: PDSC version is not supported
2025-05-06 15:39:12,321 [WARN] PackLoader:240 - Cannot read IP mode file for STMicroelectronics.X-CUBE-AZRTOS-L5.1.1.0
2025-05-06 15:39:12,336 [WARN] PackLoader:240 - Cannot read IP mode file for STMicroelectronics.X-CUBE-AI.8.0.1
2025-05-06 15:39:12,352 [WARN] PackLoader:240 - Cannot read IP mode file for STMicroelectronics.X-CUBE-SUBG2.5.0.0
2025-05-06 15:39:12,398 [WARN] PackLoader:240 - Cannot read IP mode file for STMicroelectronics.X-CUBE-AZRTOS-H7RS.1.1.0
2025-05-06 15:39:12,416 [WARN] PackLoader:240 - Cannot read IP mode file for Cesanta.I-CUBE-Mongoose.7.13.0
2025-05-06 15:39:12,434 [WARN] PackLoader:240 - Cannot read IP mode file for STMicroelectronics.X-CUBE-TOF1.3.3.1
2025-05-06 15:39:12,461 [WARN] PackLoader:240 - Cannot read IP mode file for STMicroelectronics.X-CUBE-AZRTOS-G4.2.0.0
2025-05-06 15:39:12,485 [WARN] PackLoader:240 - Cannot read IP mode file for STMicroelectronics.X-CUBE-TOF1.3.3.0
2025-05-06 15:39:12,513 [WARN] PackLoader:240 - Cannot read IP mode file for Infineon.AIROC-Wi-Fi-Bluetooth-STM32.1.5.1
2025-05-06 15:39:12,532 [WARN] PackLoader:240 - Cannot read IP mode file for STMicroelectronics.FP-SNS-MOTENVWB1.1.3.0
2025-05-06 15:39:12,547 [WARN] PackLoader:240 - Cannot read IP mode file for STMicroelectronics.X-CUBE-NFC7.2.0.0
2025-05-06 15:39:12,561 [WARN] PackLoader:240 - Cannot read IP mode file for STMicroelectronics.FP-SNS-MOTENVWB1.1.3.1
2025-05-06 15:39:12,587 [WARN] PackLoader:240 - Cannot read IP mode file for STMicroelectronics.X-CUBE-AZRTOS-L4.1.0.0
2025-05-06 15:39:12,602 [WARN] PackLoader:240 - Cannot read IP mode file for STMicroelectronics.X-CUBE-ISPU.2.0.0
2025-05-06 15:39:12,618 [ERROR] Engine:466 - C:\Users\msi1\.stm32cubemx\thirdparties\pdsc\STMicroelectronics.X-CUBE-IPS.3.1.0.pdsc: PDSC version is not supported
2025-05-06 15:39:12,647 [WARN] PackLoader:240 - Cannot read IP mode file for STMicroelectronics.X-CUBE-ALS.1.0.2
2025-05-06 15:39:12,688 [WARN] PackLoader:240 - Cannot read IP mode file for STMicroelectronics.X-CUBE-MEMS1.10.0.0
2025-05-06 15:39:12,799 [WARN] PackLoader:240 - Cannot read IP mode file for STMicroelectronics.X-CUBE-FREERTOS.1.1.0
2025-05-06 15:39:12,816 [WARN] PackLoader:240 - Cannot read IP mode file for STMicroelectronics.X-CUBE-TOUCHGFX.4.24.0
2025-05-06 15:39:12,830 [WARN] PackLoader:240 - Cannot read IP mode file for STMicroelectronics.X-CUBE-TOUCHGFX.4.24.2
2025-05-06 15:39:12,851 [WARN] PackLoader:240 - Cannot read IP mode file for STMicroelectronics.X-CUBE-AZRTOS-WL.1.0.0
2025-05-06 15:39:12,865 [WARN] PackLoader:240 - Cannot read IP mode file for STMicroelectronics.X-CUBE-TOUCHGFX.4.24.1
2025-05-06 15:39:12,877 [WARN] PackLoader:240 - Cannot read IP mode file for wolfSSL.I-CUBE-wolfTPM.3.4.0
2025-05-06 15:39:12,907 [WARN] PackLoader:240 - Cannot read IP mode file for portGmbH.I-Cube-SoM-uGOAL.1.1.0
2025-05-06 15:39:12,922 [WARN] PackLoader:240 - Cannot read IP mode file for STMicroelectronics.X-CUBE-ALS.1.0.1
2025-05-06 15:39:12,945 [WARN] PackLoader:240 - Cannot read IP mode file for STMicroelectronics.X-CUBE-AZRTOS-WB.1.1.0
2025-05-06 15:39:12,974 [WARN] PackLoader:240 - Cannot read IP mode file for STMicroelectronics.X-CUBE-AZRTOS-H7RS.1.0.0
2025-05-06 15:39:12,990 [WARN] PackLoader:240 - Cannot read IP mode file for STMicroelectronics.FP-ATR-ASTRA1.2.0.0
2025-05-06 15:39:13,008 [ERROR] Engine:466 - C:\Users\msi1\.stm32cubemx\thirdparties\pdsc\STMicroelectronics.X-CUBE-TOF1.3.4.2.pdsc: PDSC version is not supported
2025-05-06 15:39:13,024 [ERROR] Engine:466 - C:\Users\msi1\.stm32cubemx\thirdparties\pdsc\STMicroelectronics.X-CUBE-TOF1.3.4.3.pdsc: PDSC version is not supported
2025-05-06 15:39:13,042 [WARN] PackLoader:240 - Cannot read IP mode file for STMicroelectronics.X-CUBE-TOF1.3.4.0
2025-05-06 15:39:13,068 [WARN] PackLoader:240 - Cannot read IP mode file for STMicroelectronics.X-CUBE-TOF1.3.4.1
2025-05-06 15:39:13,108 [WARN] PackLoader:240 - Cannot read IP mode file for STMicroelectronics.X-CUBE-AZRTOS-H7.3.2.0
2025-05-06 15:39:13,134 [WARN] PackLoader:240 - Cannot read IP mode file for wolfSSL.I-CUBE-wolfSSH.1.4.17
2025-05-06 15:39:13,134 [INFO] ThirdParty:978 - Integrity check success = true
2025-05-06 15:39:13,135 [INFO] IntegrityCheckThread:100 - exiting critical section [integrity check]
2025-05-06 15:39:13,135 [INFO] IntegrityCheckThread:103 - End integrity checks thread
2025-05-06 15:39:29,657 [ERROR] LogOutputStream:75 - [STDERR_REDIRECT] SLF4J: Failed to load class "org.slf4j.impl.StaticLoggerBinder".
2025-05-06 15:39:29,658 [ERROR] LogOutputStream:75 - [STDERR_REDIRECT] SLF4J: Defaulting to no-operation (NOP) logger implementation
2025-05-06 15:39:29,659 [ERROR] LogOutputStream:75 - [STDERR_REDIRECT] SLF4J: See http://www.slf4j.org/codes.html#StaticLoggerBinder for further details.
2025-05-06 15:40:52,008 [INFO] McuFinderGlobals:63 - Set McuFinder mode to 2 (CubeIDE integrated)
2025-05-06 15:40:52,067 [INFO] MainUpdater:2868 - connection check result : 10
2025-05-06 15:40:52,100 [INFO] McuFinderGlobals:76 - Set McuFinderConnectedMode to true
2025-05-06 15:40:53,684 [INFO] ServerAccessManage:473 - Download File mcusAds.json._tmp_
2025-05-06 15:40:53,802 [INFO] LoadUrlFilesThread:156 - End of LoadUrlFiles Thread
2025-05-06 15:40:54,201 [INFO] ServerAccessManage:473 - Download File cube-finder-db.zip
2025-05-06 15:41:15,304 [INFO] FileExtend:240 - Unzip File : cube-finder-db.zip
2025-05-06 15:41:15,306 [INFO] FileExtend:255 - Standard Zip Deflate
2025-05-06 15:41:16,245 [INFO] LoadUrlFilesThread:156 - End of LoadUrlFiles Thread
2025-05-06 15:41:17,519 [INFO] ServerAccessManage:473 - Download File crdb.zip
2025-05-06 15:41:19,174 [INFO] FileExtend:240 - Unzip File : crdb.zip
2025-05-06 15:41:19,174 [INFO] FileExtend:255 - Standard Zip Deflate
2025-05-06 15:41:19,313 [INFO] LoadUrlFilesThread:156 - End of LoadUrlFiles Thread
2025-05-06 15:41:19,474 [INFO] ServerAccessManage:473 - Download File tutoVideoDB.zip
2025-05-06 15:41:19,530 [INFO] FileExtend:240 - Unzip File : tutoVideoDB.zip
2025-05-06 15:41:19,530 [INFO] FileExtend:255 - Standard Zip Deflate
2025-05-06 15:41:19,661 [INFO] LoadUrlFilesThread:156 - End of LoadUrlFiles Thread
2025-05-06 15:41:19,667 [WARN] DbFile:41 - Overriding database path with different value: C:\Users\msi1\.stmcufinder\plugins\mcufinder/ => C:\Users\msi1\.stmcufinder\plugins\mcufinder
2025-05-06 15:41:19,829 [INFO] ServerAccessManage:473 - Download File api_config.json
2025-05-06 15:41:19,953 [INFO] LoadUrlFilesThread:156 - End of LoadUrlFiles Thread
2025-05-06 15:41:19,954 [INFO] DbMcusAds:53 - JSON generation date=Tue Dec 17 23:01:15 ICT 2024 (1734451275230)
2025-05-06 15:41:19,981 [INFO] LoadUrlFilesThread:185 - End of LoadServerUrlFiles without Thread
2025-05-06 15:41:19,982 [INFO] TargetSelectorAdapter:259 - Refresh data is successful
2025-05-06 15:41:20,188 [INFO] ApiDb:581 - Connected to CubeFinder SQLite database (C:\Users\msi1\.stmcufinder\plugins\mcufinder\mcu\cube-finder-db.db)
2025-05-06 15:41:20,249 [INFO] ApiDb:668 - CubeFinder database Data Model version=2.1
2025-05-06 15:41:20,249 [INFO] ApiDb:669 - CubeFinder database Configuration version=3.0.39
2025-05-06 15:41:20,249 [INFO] ApiDb:670 - CubeFinder database generation date=2025-04-23 (1745419778)
2025-05-06 15:41:20,249 [INFO] ApiDb:671 - CubeFinder database FW Pack versions=[FP-ATR-ASTRA1_V2.0.0, FP-SNS-FLIGHT1_V5.1.0, FP-SNS-MOTENV1_V5.0.0, FP-SNS-MOTENVWB1_V1.4.0, FP-SNS-SMARTAG2_V1.2.0, FP-SNS-STBOX1_V2.0.0, STM32Cube_FW_C0_V1.4.0, STM32Cube_FW_F4_V1.28.1, STM32Cube_FW_F7_V1.17.2, STM32Cube_FW_G0_V1.6.2, STM32Cube_FW_G4_V1.6.1, STM32Cube_FW_H5_V1.5.0, STM32Cube_FW_H7RS_V1.2.0, STM32Cube_FW_H7_V1.12.1, STM32Cube_FW_L0_V1.12.2, STM32Cube_FW_L4_V1.18.1, STM32Cube_FW_L5_V1.5.1, STM32Cube_FW_N6_V1.1.1, STM32Cube_FW_U0_V1.2.0, STM32Cube_FW_U3_V1.1.0, STM32Cube_FW_U5_V1.7.0, STM32Cube_FW_WB0_V1.2.0, STM32Cube_FW_WBA_V1.6.0, STM32Cube_FW_WB_V1.22.0, STM32Cube_FW_WL3_V1.1.0, STM32Cube_FW_WL_V1.3.1, X-CUBE-ALGOBUILD_V1.4.0, X-CUBE-ALS_V1.0.2, X-CUBE-AZRTOS-F4_V1.1.0, X-CUBE-AZRTOS-F7_V1.1.0, X-CUBE-AZRTOS-G0_V1.1.0, X-CUBE-AZRTOS-G4_V2.0.0, X-CUBE-AZRTOS-H7RS_V1.1.0, X-CUBE-AZRTOS-H7_V3.3.0, X-CUBE-AZRTOS-L4_V2.0.0, X-CUBE-AZRTOS-L5_V2.0.0, X-CUBE-AZRTOS-WB_V2.0.0, X-CUBE-AZRTOS-WL_V2.0.0, X-CUBE-BLE1_V7.1.0, X-CUBE-BLE2_V3.3.0, X-CUBE-BLEMGR_V4.0.0, X-CUBE-EEPRMA1_V5.1.0, X-CUBE-FREERTOS_V1.3.0, X-CUBE-GNSS1_V6.0.0, X-CUBE-MEMS1_V11.2.0, X-CUBE-NFC4_V3.0.0, X-CUBE-NFC7_V1.0.1, X-CUBE-SFXS2LP1_V4.0.0, X-CUBE-SUBG2_V5.0.0, X-CUBE-TOF1_V3.4.3]
2025-05-06 15:41:22,130 [INFO] ApiDb:240 - Found 323 in-development CPN: [B-G473E-ZEST1S, B-WB1M-WPAN1, B-WL5M-SUBG1, NUCLEO-C031C6, NUCLEO-H503RB, NUCLEO-H563ZI, NUCLEO-U545RE-Q, NUCLEO-U5A5ZJ-Q, NUCLEO-WBA52CG, STEVAL-PROTEUS1, STEVAL-SMARTAG2, STEVAL-STWINBX1, STM320518-EVAL, STM32C0116-DK, STM32C011D6Y3TR, STM32C011D6Y6TR, STM32C011F4P3, STM32C011F4P6, STM32C011F4U3, STM32C011F4U6TR, STM32C011F6P3, STM32C011F6P6, STM32C011F6U3, STM32C011F6U6TR, STM32C011J4M3, STM32C011J4M6, STM32C011J6M3, STM32C011J6M6, STM32C0316-DK, STM32C031C4T3, STM32C031C4T6, STM32C031C4U3, STM32C031C4U6, STM32C031C6T3, STM32C031C6T6, STM32C031C6U3, STM32C031C6U6, STM32C031F4P3, STM32C031F4P6, STM32C031F6P3, STM32C031F6P6, STM32C031G4U3, STM32C031G4U6, STM32C031G6U3, STM32C031G6U6, STM32C031K4T3, STM32C031K4T6, STM32C031K4U3, STM32C031K4U6, STM32C031K6T3, STM32C031K6T6, STM32C031K6U3, STM32C031K6U6, STM32G071K8TXN, STM32G071K8UXN, STM32G081GBU6N, STM32G081KBT6N, STM32G081KBUXN, STM32G0B1CCT6N, STM32G0B1KCT6, STM32G0B1NEY6TR, STM32G0B1RCT6N, STM32G0C1CCT6, STM32G0C1CCT6N, STM32G0C1CCU6N, STM32G0C1CET6N, STM32G0C1CEU6N, STM32G0C1KCT6, STM32G0C1NEY6TR, STM32G0C1RCI6N, STM32G0C1RCT6N, STM32G0C1REI6N, STM32G0C1RET6N, STM32G0C1VCI6, STM32G0C1VEI6, STM32G471CCT6, STM32G471CCU6, STM32G471CET3, STM32G471CET6, STM32G471CEU3, STM32G471CEU6, STM32G471MCT6, STM32G471MET3, STM32G471MET6, STM32G471MEY6TR, STM32G471QCT6, STM32G471QET3, STM32G471RCT6, STM32G471RET3, STM32G471RET6, STM32G471VCH6, STM32G471VCI6, STM32G471VCT6, STM32G471VEH3, STM32G471VEH6, STM32G471VEI3, STM32G471VEI6, STM32G471VET3, STM32G471VET6, STM32G474CCT6, STM32H503CBT6, STM32H503CBU6, STM32H503EBY6TR, STM32H503KBU6, STM32H503RBT6, STM32H562AGI6, STM32H562AII6, STM32H562IGK6, STM32H562IGT6, STM32H562IIK6, STM32H562IIT6, STM32H562RGT6, STM32H562RGV6, STM32H562RIT6, STM32H562RIV6, STM32H562VGT6, STM32H562VIT6, STM32H562ZGT6, STM32H562ZIT6, STM32H563AGI6, STM32H563AII3Q, STM32H563AII6, STM32H563IGK6, STM32H563IGT6, STM32H563IIK3Q, STM32H563IIK6, STM32H563IIT3Q, STM32H563IIT6, STM32H563MIY3QTR, STM32H563RGT6, STM32H563RGV6, STM32H563RIT6, STM32H563RIV6, STM32H563VGT6, STM32H563VIT3Q, STM32H563VIT6, STM32H563ZGT6, STM32H563ZIT3Q, STM32H563ZIT6, STM32H573AII3Q, STM32H573AII6, STM32H573I-DK, STM32H573IIK3Q, STM32H573IIK6, STM32H573IIT3Q, STM32H573IIT6, STM32H573MIY3QTR, STM32H573RIT6, STM32H573RIV6, STM32H573VIT3Q, STM32H573VIT6, STM32H573ZIT3Q, STM32H573ZIT6, STM32L4R5QGI6STR, STM32MP131AAE3, STM32MP131AAF3, STM32MP131AAG3, STM32MP131CAE3, STM32MP131CAF3, STM32MP131CAG3, STM32MP131DAE7, STM32MP131DAF7, STM32MP131DAG7, STM32MP131FAE7, STM32MP131FAF7, STM32MP131FAG7, STM32MP133AAE3, STM32MP133AAF3, STM32MP133AAG3, STM32MP133CAE3, STM32MP133CAF3, STM32MP133CAG3, STM32MP133DAE7, STM32MP133DAF7, STM32MP133DAG7, STM32MP133FAE7, STM32MP133FAF7, STM32MP133FAG7, STM32MP135AAE3, STM32MP135AAF3, STM32MP135AAG3, STM32MP135CAE3, STM32MP135CAF3, STM32MP135CAG3, STM32MP135DAE7, STM32MP135DAF7, STM32MP135DAG7, STM32MP135F-DK, STM32MP135FAE7, STM32MP135FAF7, STM32MP135FAF7T, STM32MP135FAF7U, STM32MP135FAG7, STM32U535CBT6, STM32U535CBT6Q, STM32U535CBU6, STM32U535CBU6Q, STM32U535CCT6, STM32U535CCT6Q, STM32U535CCU6, STM32U535CCU6Q, STM32U535CET6, STM32U535CET6Q, STM32U535CEU6, STM32U535CEU6Q, STM32U535JEY6QTR, STM32U535NCY6QTR, STM32U535NEY6QTR, STM32U535RBI6, STM32U535RBI6Q, STM32U535RBT6, STM32U535RBT6Q, STM32U535RCI6, STM32U535RCI6Q, STM32U535RCT6, STM32U535RCT6Q, STM32U535REI6, STM32U535REI6Q, STM32U535RET6, STM32U535RET6Q, STM32U535VCI6, STM32U535VCI6Q, STM32U535VCT6, STM32U535VCT6Q, STM32U535VEI6, STM32U535VEI6Q, STM32U535VET6, STM32U535VET6Q, STM32U545CET6, STM32U545CET6Q, STM32U545CEU6, STM32U545CEU6Q, STM32U545JEY6QTR, STM32U545NEY6QTR, STM32U545REI6, STM32U545REI6Q, STM32U545RET6, STM32U545RET6Q, STM32U545VEI6, STM32U545VEI6Q, STM32U545VET6, STM32U545VET6Q, STM32U595AIH6, STM32U595AIH6Q, STM32U595AJH6, STM32U595AJH6Q, STM32U595QII6, STM32U595QII6Q, STM32U595QJI6, STM32U595QJI6Q, STM32U595RIT6, STM32U595RIT6Q, STM32U595RJT6, STM32U595RJT6Q, STM32U595VIT6, STM32U595VIT6Q, STM32U595VJT6, STM32U595VJT6Q, STM32U595ZIT6, STM32U595ZIT6Q, STM32U595ZIY6QTR, STM32U595ZJT6, STM32U595ZJT6Q, STM32U595ZJY6QTR, STM32U599BJY6QTR, STM32U599NIH6Q, STM32U599NJH6Q, STM32U599VIT6Q, STM32U599VJT6, STM32U599VJT6Q, STM32U599ZIT6Q, STM32U599ZIY6QTR, STM32U599ZJT6Q, STM32U599ZJY6QTR, STM32U5A5AJH6, STM32U5A5AJH6Q, STM32U5A5QJI6, STM32U5A5QJI6Q, STM32U5A5RJT6, STM32U5A5RJT6Q, STM32U5A5VJT6, STM32U5A5VJT6Q, STM32U5A5ZJT6, STM32U5A5ZJT6Q, STM32U5A5ZJY6QTR, STM32U5A9BJY6QTR, STM32U5A9J-DK, STM32U5A9NJH6Q, STM32U5A9VJT6Q, STM32U5A9ZJT6Q, STM32U5A9ZJY6QTR, STM32U5F7VIT6, STM32U5F7VIT6Q, STM32U5F7VJT6, STM32U5F7VJT6Q, STM32U5F9BJY6QTR, STM32U5F9NJH6Q, STM32U5F9VIT6Q, STM32U5F9VJT6Q, STM32U5F9ZIJ6QTR, STM32U5F9ZIT6Q, STM32U5F9ZJJ6QTR, STM32U5F9ZJT6Q, STM32U5G7VJT6, STM32U5G7VJT6Q, STM32U5G9BJY6QTR, STM32U5G9J-DK1, STM32U5G9J-DK2, STM32U5G9NJH6Q, STM32U5G9VJT6Q, STM32U5G9ZJJ6QTR, STM32U5G9ZJT6Q, STM32WB1MMCH6, STM32WBA52CEU6, STM32WBA52CEU6T, STM32WBA52CGU6, STM32WBA52CGU6T, STM32WBA52KEU6, STM32WBA52KEU6T, STM32WBA52KGU6, STM32WBA52KGU6T, STM32WL5MOCH6, STM32WL5MOCH6TR]
2025-05-06 15:41:22,134 [INFO] DbMcus:217 - Found 4642 MCUs, 4642 are supported
2025-05-06 15:41:22,147 [INFO] ApiDb:423 - Load user favorites file C:\Users\msi1/.stm32cubeide/favorites.mcus.txt: 3 item(s)
2025-05-06 15:41:22,147 [INFO] ApiDb:427 - User favorites MCUs=[STM32F103CBT6, STM32F303VCT6, STM32F407VGT6]
2025-05-06 15:41:22,147 [INFO] DbMcus:223 - Set 3 / 3 favorites MCUs
2025-05-06 15:41:22,493 [INFO] ApiDb:668 - CubeFinder database Data Model version=2.1
2025-05-06 15:41:22,494 [INFO] ApiDb:669 - CubeFinder database Configuration version=3.0.39
2025-05-06 15:41:22,494 [INFO] ApiDb:670 - CubeFinder database generation date=2025-04-23 (1745419778)
2025-05-06 15:41:22,494 [INFO] ApiDb:671 - CubeFinder database FW Pack versions=[FP-ATR-ASTRA1_V2.0.0, FP-SNS-FLIGHT1_V5.1.0, FP-SNS-MOTENV1_V5.0.0, FP-SNS-MOTENVWB1_V1.4.0, FP-SNS-SMARTAG2_V1.2.0, FP-SNS-STBOX1_V2.0.0, STM32Cube_FW_C0_V1.4.0, STM32Cube_FW_F4_V1.28.1, STM32Cube_FW_F7_V1.17.2, STM32Cube_FW_G0_V1.6.2, STM32Cube_FW_G4_V1.6.1, STM32Cube_FW_H5_V1.5.0, STM32Cube_FW_H7RS_V1.2.0, STM32Cube_FW_H7_V1.12.1, STM32Cube_FW_L0_V1.12.2, STM32Cube_FW_L4_V1.18.1, STM32Cube_FW_L5_V1.5.1, STM32Cube_FW_N6_V1.1.1, STM32Cube_FW_U0_V1.2.0, STM32Cube_FW_U3_V1.1.0, STM32Cube_FW_U5_V1.7.0, STM32Cube_FW_WB0_V1.2.0, STM32Cube_FW_WBA_V1.6.0, STM32Cube_FW_WB_V1.22.0, STM32Cube_FW_WL3_V1.1.0, STM32Cube_FW_WL_V1.3.1, X-CUBE-ALGOBUILD_V1.4.0, X-CUBE-ALS_V1.0.2, X-CUBE-AZRTOS-F4_V1.1.0, X-CUBE-AZRTOS-F7_V1.1.0, X-CUBE-AZRTOS-G0_V1.1.0, X-CUBE-AZRTOS-G4_V2.0.0, X-CUBE-AZRTOS-H7RS_V1.1.0, X-CUBE-AZRTOS-H7_V3.3.0, X-CUBE-AZRTOS-L4_V2.0.0, X-CUBE-AZRTOS-L5_V2.0.0, X-CUBE-AZRTOS-WB_V2.0.0, X-CUBE-AZRTOS-WL_V2.0.0, X-CUBE-BLE1_V7.1.0, X-CUBE-BLE2_V3.3.0, X-CUBE-BLEMGR_V4.0.0, X-CUBE-EEPRMA1_V5.1.0, X-CUBE-FREERTOS_V1.3.0, X-CUBE-GNSS1_V6.0.0, X-CUBE-MEMS1_V11.2.0, X-CUBE-NFC4_V3.0.0, X-CUBE-NFC7_V1.0.1, X-CUBE-SFXS2LP1_V4.0.0, X-CUBE-SUBG2_V5.0.0, X-CUBE-TOF1_V3.4.3]
2025-05-06 15:41:22,538 [INFO] DbBoardsSqlite:226 - include board P-NUCLEO-WB55-NUCLEO as a kit item of type 'Nucleo-64'
2025-05-06 15:41:22,538 [INFO] DbBoardsSqlite:226 - include board P-NUCLEO-WB55-USBDONGLE as a kit item of type 'Nucleo USB Dongle'
2025-05-06 15:41:22,539 [INFO] DbBoardsSqlite:226 - include board STEVAL-IDP005V1 as a kit item of type 'Evaluation Board'
2025-05-06 15:41:22,539 [INFO] DbBoardsSqlite:226 - include board STEVAL-IDP005V2 as a kit item of type 'Evaluation Board'
2025-05-06 15:41:22,594 [INFO] ApiDb:240 - Found 323 in-development CPN: [B-G473E-ZEST1S, B-WB1M-WPAN1, B-WL5M-SUBG1, NUCLEO-C031C6, NUCLEO-H503RB, NUCLEO-H563ZI, NUCLEO-U545RE-Q, NUCLEO-U5A5ZJ-Q, NUCLEO-WBA52CG, STEVAL-PROTEUS1, STEVAL-SMARTAG2, STEVAL-STWINBX1, STM320518-EVAL, STM32C0116-DK, STM32C011D6Y3TR, STM32C011D6Y6TR, STM32C011F4P3, STM32C011F4P6, STM32C011F4U3, STM32C011F4U6TR, STM32C011F6P3, STM32C011F6P6, STM32C011F6U3, STM32C011F6U6TR, STM32C011J4M3, STM32C011J4M6, STM32C011J6M3, STM32C011J6M6, STM32C0316-DK, STM32C031C4T3, STM32C031C4T6, STM32C031C4U3, STM32C031C4U6, STM32C031C6T3, STM32C031C6T6, STM32C031C6U3, STM32C031C6U6, STM32C031F4P3, STM32C031F4P6, STM32C031F6P3, STM32C031F6P6, STM32C031G4U3, STM32C031G4U6, STM32C031G6U3, STM32C031G6U6, STM32C031K4T3, STM32C031K4T6, STM32C031K4U3, STM32C031K4U6, STM32C031K6T3, STM32C031K6T6, STM32C031K6U3, STM32C031K6U6, STM32G071K8TXN, STM32G071K8UXN, STM32G081GBU6N, STM32G081KBT6N, STM32G081KBUXN, STM32G0B1CCT6N, STM32G0B1KCT6, STM32G0B1NEY6TR, STM32G0B1RCT6N, STM32G0C1CCT6, STM32G0C1CCT6N, STM32G0C1CCU6N, STM32G0C1CET6N, STM32G0C1CEU6N, STM32G0C1KCT6, STM32G0C1NEY6TR, STM32G0C1RCI6N, STM32G0C1RCT6N, STM32G0C1REI6N, STM32G0C1RET6N, STM32G0C1VCI6, STM32G0C1VEI6, STM32G471CCT6, STM32G471CCU6, STM32G471CET3, STM32G471CET6, STM32G471CEU3, STM32G471CEU6, STM32G471MCT6, STM32G471MET3, STM32G471MET6, STM32G471MEY6TR, STM32G471QCT6, STM32G471QET3, STM32G471RCT6, STM32G471RET3, STM32G471RET6, STM32G471VCH6, STM32G471VCI6, STM32G471VCT6, STM32G471VEH3, STM32G471VEH6, STM32G471VEI3, STM32G471VEI6, STM32G471VET3, STM32G471VET6, STM32G474CCT6, STM32H503CBT6, STM32H503CBU6, STM32H503EBY6TR, STM32H503KBU6, STM32H503RBT6, STM32H562AGI6, STM32H562AII6, STM32H562IGK6, STM32H562IGT6, STM32H562IIK6, STM32H562IIT6, STM32H562RGT6, STM32H562RGV6, STM32H562RIT6, STM32H562RIV6, STM32H562VGT6, STM32H562VIT6, STM32H562ZGT6, STM32H562ZIT6, STM32H563AGI6, STM32H563AII3Q, STM32H563AII6, STM32H563IGK6, STM32H563IGT6, STM32H563IIK3Q, STM32H563IIK6, STM32H563IIT3Q, STM32H563IIT6, STM32H563MIY3QTR, STM32H563RGT6, STM32H563RGV6, STM32H563RIT6, STM32H563RIV6, STM32H563VGT6, STM32H563VIT3Q, STM32H563VIT6, STM32H563ZGT6, STM32H563ZIT3Q, STM32H563ZIT6, STM32H573AII3Q, STM32H573AII6, STM32H573I-DK, STM32H573IIK3Q, STM32H573IIK6, STM32H573IIT3Q, STM32H573IIT6, STM32H573MIY3QTR, STM32H573RIT6, STM32H573RIV6, STM32H573VIT3Q, STM32H573VIT6, STM32H573ZIT3Q, STM32H573ZIT6, STM32L4R5QGI6STR, STM32MP131AAE3, STM32MP131AAF3, STM32MP131AAG3, STM32MP131CAE3, STM32MP131CAF3, STM32MP131CAG3, STM32MP131DAE7, STM32MP131DAF7, STM32MP131DAG7, STM32MP131FAE7, STM32MP131FAF7, STM32MP131FAG7, STM32MP133AAE3, STM32MP133AAF3, STM32MP133AAG3, STM32MP133CAE3, STM32MP133CAF3, STM32MP133CAG3, STM32MP133DAE7, STM32MP133DAF7, STM32MP133DAG7, STM32MP133FAE7, STM32MP133FAF7, STM32MP133FAG7, STM32MP135AAE3, STM32MP135AAF3, STM32MP135AAG3, STM32MP135CAE3, STM32MP135CAF3, STM32MP135CAG3, STM32MP135DAE7, STM32MP135DAF7, STM32MP135DAG7, STM32MP135F-DK, STM32MP135FAE7, STM32MP135FAF7, STM32MP135FAF7T, STM32MP135FAF7U, STM32MP135FAG7, STM32U535CBT6, STM32U535CBT6Q, STM32U535CBU6, STM32U535CBU6Q, STM32U535CCT6, STM32U535CCT6Q, STM32U535CCU6, STM32U535CCU6Q, STM32U535CET6, STM32U535CET6Q, STM32U535CEU6, STM32U535CEU6Q, STM32U535JEY6QTR, STM32U535NCY6QTR, STM32U535NEY6QTR, STM32U535RBI6, STM32U535RBI6Q, STM32U535RBT6, STM32U535RBT6Q, STM32U535RCI6, STM32U535RCI6Q, STM32U535RCT6, STM32U535RCT6Q, STM32U535REI6, STM32U535REI6Q, STM32U535RET6, STM32U535RET6Q, STM32U535VCI6, STM32U535VCI6Q, STM32U535VCT6, STM32U535VCT6Q, STM32U535VEI6, STM32U535VEI6Q, STM32U535VET6, STM32U535VET6Q, STM32U545CET6, STM32U545CET6Q, STM32U545CEU6, STM32U545CEU6Q, STM32U545JEY6QTR, STM32U545NEY6QTR, STM32U545REI6, STM32U545REI6Q, STM32U545RET6, STM32U545RET6Q, STM32U545VEI6, STM32U545VEI6Q, STM32U545VET6, STM32U545VET6Q, STM32U595AIH6, STM32U595AIH6Q, STM32U595AJH6, STM32U595AJH6Q, STM32U595QII6, STM32U595QII6Q, STM32U595QJI6, STM32U595QJI6Q, STM32U595RIT6, STM32U595RIT6Q, STM32U595RJT6, STM32U595RJT6Q, STM32U595VIT6, STM32U595VIT6Q, STM32U595VJT6, STM32U595VJT6Q, STM32U595ZIT6, STM32U595ZIT6Q, STM32U595ZIY6QTR, STM32U595ZJT6, STM32U595ZJT6Q, STM32U595ZJY6QTR, STM32U599BJY6QTR, STM32U599NIH6Q, STM32U599NJH6Q, STM32U599VIT6Q, STM32U599VJT6, STM32U599VJT6Q, STM32U599ZIT6Q, STM32U599ZIY6QTR, STM32U599ZJT6Q, STM32U599ZJY6QTR, STM32U5A5AJH6, STM32U5A5AJH6Q, STM32U5A5QJI6, STM32U5A5QJI6Q, STM32U5A5RJT6, STM32U5A5RJT6Q, STM32U5A5VJT6, STM32U5A5VJT6Q, STM32U5A5ZJT6, STM32U5A5ZJT6Q, STM32U5A5ZJY6QTR, STM32U5A9BJY6QTR, STM32U5A9J-DK, STM32U5A9NJH6Q, STM32U5A9VJT6Q, STM32U5A9ZJT6Q, STM32U5A9ZJY6QTR, STM32U5F7VIT6, STM32U5F7VIT6Q, STM32U5F7VJT6, STM32U5F7VJT6Q, STM32U5F9BJY6QTR, STM32U5F9NJH6Q, STM32U5F9VIT6Q, STM32U5F9VJT6Q, STM32U5F9ZIJ6QTR, STM32U5F9ZIT6Q, STM32U5F9ZJJ6QTR, STM32U5F9ZJT6Q, STM32U5G7VJT6, STM32U5G7VJT6Q, STM32U5G9BJY6QTR, STM32U5G9J-DK1, STM32U5G9J-DK2, STM32U5G9NJH6Q, STM32U5G9VJT6Q, STM32U5G9ZJJ6QTR, STM32U5G9ZJT6Q, STM32WB1MMCH6, STM32WBA52CEU6, STM32WBA52CEU6T, STM32WBA52CGU6, STM32WBA52CGU6T, STM32WBA52KEU6, STM32WBA52KEU6T, STM32WBA52KGU6, STM32WBA52KGU6T, STM32WL5MOCH6, STM32WL5MOCH6TR]
2025-05-06 15:41:22,630 [INFO] BoardInfo:880 - No configuration file found for board NUCLEO-C051C8
2025-05-06 15:41:22,630 [INFO] DbBoards:157 - Board is not supported: NUCLEO-C051C8
2025-05-06 15:41:22,630 [INFO] BoardInfo:880 - No configuration file found for board NUCLEO-C071RB
2025-05-06 15:41:22,632 [INFO] DbBoards:157 - Board is not supported: NUCLEO-C071RB
2025-05-06 15:41:22,632 [INFO] BoardInfo:880 - No configuration file found for board NUCLEO-C092RC
2025-05-06 15:41:22,633 [INFO] DbBoards:157 - Board is not supported: NUCLEO-C092RC
2025-05-06 15:41:22,659 [INFO] BoardInfo:880 - No configuration file found for board NUCLEO-H533RE
2025-05-06 15:41:22,659 [INFO] DbBoards:157 - Board is not supported: NUCLEO-H533RE
2025-05-06 15:41:22,666 [INFO] BoardInfo:880 - No configuration file found for board NUCLEO-H7S3L8
2025-05-06 15:41:22,666 [INFO] DbBoards:157 - Board is not supported: NUCLEO-H7S3L8
2025-05-06 15:41:22,680 [INFO] BoardInfo:880 - No configuration file found for board NUCLEO-N657X0-Q
2025-05-06 15:41:22,680 [INFO] DbBoards:157 - Board is not supported: NUCLEO-N657X0-Q
2025-05-06 15:41:22,681 [INFO] BoardInfo:880 - No configuration file found for board NUCLEO-U031R8
2025-05-06 15:41:22,681 [INFO] DbBoards:157 - Board is not supported: NUCLEO-U031R8
2025-05-06 15:41:22,682 [INFO] BoardInfo:880 - No configuration file found for board NUCLEO-U083RC
2025-05-06 15:41:22,682 [INFO] DbBoards:157 - Board is not supported: NUCLEO-U083RC
2025-05-06 15:41:22,683 [INFO] BoardInfo:880 - No configuration file found for board NUCLEO-U385RG-Q
2025-05-06 15:41:22,683 [INFO] DbBoards:157 - Board is not supported: NUCLEO-U385RG-Q
2025-05-06 15:41:22,686 [INFO] BoardInfo:880 - No configuration file found for board NUCLEO-WB05KZ
2025-05-06 15:41:22,686 [INFO] DbBoards:157 - Board is not supported: NUCLEO-WB05KZ
2025-05-06 15:41:22,686 [INFO] BoardInfo:880 - No configuration file found for board NUCLEO-WB07CC
2025-05-06 15:41:22,687 [INFO] DbBoards:157 - Board is not supported: NUCLEO-WB07CC
2025-05-06 15:41:22,687 [INFO] BoardInfo:880 - No configuration file found for board NUCLEO-WB09KE
2025-05-06 15:41:22,687 [INFO] DbBoards:157 - Board is not supported: NUCLEO-WB09KE
2025-05-06 15:41:22,690 [INFO] BoardInfo:880 - No configuration file found for board NUCLEO-WBA55CG
2025-05-06 15:41:22,690 [INFO] DbBoards:157 - Board is not supported: NUCLEO-WBA55CG
2025-05-06 15:41:22,691 [INFO] BoardInfo:880 - No configuration file found for board NUCLEO-WBA65RI
2025-05-06 15:41:22,691 [INFO] DbBoards:157 - Board is not supported: NUCLEO-WBA65RI
2025-05-06 15:41:22,691 [INFO] BoardInfo:880 - No configuration file found for board NUCLEO-WL33CC1
2025-05-06 15:41:22,691 [INFO] DbBoards:157 - Board is not supported: NUCLEO-WL33CC1
2025-05-06 15:41:22,692 [INFO] BoardInfo:880 - No configuration file found for board NUCLEO-WL33CC2
2025-05-06 15:41:22,692 [INFO] DbBoards:157 - Board is not supported: NUCLEO-WL33CC2
2025-05-06 15:41:22,695 [INFO] BoardInfo:880 - No configuration file found for board P-NUCLEO-WB55
2025-05-06 15:41:22,695 [INFO] DbBoards:157 - Kit is not supported: P-NUCLEO-WB55
2025-05-06 15:41:22,699 [INFO] BoardInfo:880 - No configuration file found for board STEVAL-BFA001V1B
2025-05-06 15:41:22,699 [INFO] DbBoards:157 - Kit is not supported: STEVAL-BFA001V1B
2025-05-06 15:41:22,700 [INFO] BoardInfo:880 - No configuration file found for board STEVAL-BFA001V2B
2025-05-06 15:41:22,700 [INFO] DbBoards:157 - Kit is not supported: STEVAL-BFA001V2B
2025-05-06 15:41:22,702 [INFO] BoardInfo:880 - No configuration file found for board STEVAL-MKBOXPRO
2025-05-06 15:41:22,702 [INFO] DbBoards:157 - Board is not supported: STEVAL-MKBOXPRO
2025-05-06 15:41:22,747 [INFO] BoardInfo:880 - No configuration file found for board STM32H7S78-DK
2025-05-06 15:41:22,747 [INFO] DbBoards:157 - Board is not supported: STM32H7S78-DK
2025-05-06 15:41:22,761 [INFO] BoardInfo:880 - No configuration file found for board STM32MP257F-DK
2025-05-06 15:41:22,761 [INFO] DbBoards:157 - Board is not supported: STM32MP257F-DK
2025-05-06 15:41:22,762 [INFO] BoardInfo:880 - No configuration file found for board STM32MP257F-EV1
2025-05-06 15:41:22,762 [INFO] DbBoards:157 - Board is not supported: STM32MP257F-EV1
2025-05-06 15:41:22,763 [INFO] BoardInfo:880 - No configuration file found for board STM32N6570-DK
2025-05-06 15:41:22,763 [INFO] DbBoards:157 - Board is not supported: STM32N6570-DK
2025-05-06 15:41:22,763 [INFO] BoardInfo:880 - No configuration file found for board STM32U083C-DK
2025-05-06 15:41:22,764 [INFO] DbBoards:157 - Board is not supported: STM32U083C-DK
2025-05-06 15:41:22,768 [INFO] BoardInfo:880 - No configuration file found for board STM32WBA55G-DK1
2025-05-06 15:41:22,768 [INFO] DbBoards:157 - Board is not supported: STM32WBA55G-DK1
2025-05-06 15:41:22,769 [INFO] BoardInfo:880 - No configuration file found for board STM32WBA65I-DK1
2025-05-06 15:41:22,769 [INFO] DbBoards:157 - Board is not supported: STM32WBA65I-DK1
2025-05-06 15:41:22,769 [INFO] DbBoards:161 - Found 210 boards, 183 are supported
2025-05-06 15:41:22,772 [INFO] ApiDb:423 - Load user favorites file C:\Users\msi1/.stm32cubeide/favorites.boards.txt: 0 item(s)
2025-05-06 15:41:22,772 [INFO] ApiDb:427 - User favorites Boards=[]
2025-05-06 15:41:22,772 [INFO] DbBoards:190 - Set 0 / 0 favorites Boards
2025-05-06 15:41:22,774 [INFO] ApiDb:668 - CubeFinder database Data Model version=2.1
2025-05-06 15:41:22,774 [INFO] ApiDb:669 - CubeFinder database Configuration version=3.0.39
2025-05-06 15:41:22,774 [INFO] ApiDb:670 - CubeFinder database generation date=2025-04-23 (1745419778)
2025-05-06 15:41:22,774 [INFO] ApiDb:671 - CubeFinder database FW Pack versions=[FP-ATR-ASTRA1_V2.0.0, FP-SNS-FLIGHT1_V5.1.0, FP-SNS-MOTENV1_V5.0.0, FP-SNS-MOTENVWB1_V1.4.0, FP-SNS-SMARTAG2_V1.2.0, FP-SNS-STBOX1_V2.0.0, STM32Cube_FW_C0_V1.4.0, STM32Cube_FW_F4_V1.28.1, STM32Cube_FW_F7_V1.17.2, STM32Cube_FW_G0_V1.6.2, STM32Cube_FW_G4_V1.6.1, STM32Cube_FW_H5_V1.5.0, STM32Cube_FW_H7RS_V1.2.0, STM32Cube_FW_H7_V1.12.1, STM32Cube_FW_L0_V1.12.2, STM32Cube_FW_L4_V1.18.1, STM32Cube_FW_L5_V1.5.1, STM32Cube_FW_N6_V1.1.1, STM32Cube_FW_U0_V1.2.0, STM32Cube_FW_U3_V1.1.0, STM32Cube_FW_U5_V1.7.0, STM32Cube_FW_WB0_V1.2.0, STM32Cube_FW_WBA_V1.6.0, STM32Cube_FW_WB_V1.22.0, STM32Cube_FW_WL3_V1.1.0, STM32Cube_FW_WL_V1.3.1, X-CUBE-ALGOBUILD_V1.4.0, X-CUBE-ALS_V1.0.2, X-CUBE-AZRTOS-F4_V1.1.0, X-CUBE-AZRTOS-F7_V1.1.0, X-CUBE-AZRTOS-G0_V1.1.0, X-CUBE-AZRTOS-G4_V2.0.0, X-CUBE-AZRTOS-H7RS_V1.1.0, X-CUBE-AZRTOS-H7_V3.3.0, X-CUBE-AZRTOS-L4_V2.0.0, X-CUBE-AZRTOS-L5_V2.0.0, X-CUBE-AZRTOS-WB_V2.0.0, X-CUBE-AZRTOS-WL_V2.0.0, X-CUBE-BLE1_V7.1.0, X-CUBE-BLE2_V3.3.0, X-CUBE-BLEMGR_V4.0.0, X-CUBE-EEPRMA1_V5.1.0, X-CUBE-FREERTOS_V1.3.0, X-CUBE-GNSS1_V6.0.0, X-CUBE-MEMS1_V11.2.0, X-CUBE-NFC4_V3.0.0, X-CUBE-NFC7_V1.0.1, X-CUBE-SFXS2LP1_V4.0.0, X-CUBE-SUBG2_V5.0.0, X-CUBE-TOF1_V3.4.3]
2025-05-06 15:41:23,386 [ERROR] DbExamplesSqlite:437 - Missing JSON key: board_cpn
2025-05-06 15:41:23,386 [ERROR] DbExamplesSqlite:437 - Missing JSON key: board_cpn
2025-05-06 15:41:23,387 [ERROR] DbExamplesSqlite:437 - Missing JSON key: board_cpn
2025-05-06 15:41:23,387 [ERROR] DbExamplesSqlite:437 - Missing JSON key: board_cpn
2025-05-06 15:41:23,495 [ERROR] DbExamplesSqlite:437 - Missing JSON key: board_cpn
2025-05-06 15:41:23,496 [ERROR] DbExamplesSqlite:437 - Missing JSON key: board_cpn
2025-05-06 15:41:23,496 [ERROR] DbExamplesSqlite:437 - Missing JSON key: board_cpn
2025-05-06 15:41:23,496 [ERROR] DbExamplesSqlite:437 - Missing JSON key: board_cpn
2025-05-06 15:41:23,496 [ERROR] DbExamplesSqlite:437 - Missing JSON key: board_cpn
2025-05-06 15:41:23,496 [ERROR] DbExamplesSqlite:437 - Missing JSON key: board_cpn
2025-05-06 15:41:23,497 [ERROR] DbExamplesSqlite:437 - Missing JSON key: board_cpn
2025-05-06 15:41:23,497 [ERROR] DbExamplesSqlite:437 - Missing JSON key: board_cpn
2025-05-06 15:41:23,497 [ERROR] DbExamplesSqlite:437 - Missing JSON key: board_cpn
2025-05-06 15:41:23,639 [ERROR] DbExamplesSqlite:437 - Missing JSON key: board_cpn
2025-05-06 15:41:23,647 [INFO] DbExamplesSqlite:395 - Ignored 46 examples not supported by CubeIDE
2025-05-06 15:41:23,648 [INFO] DbExamplesSqlite:396 - Found 10821 examples active
2025-05-06 15:41:23,648 [INFO] DbExamplesSqlite:397 - Found 0 examples obsolete
2025-05-06 15:41:23,648 [INFO] DbExamplesSqlite:398 - Found 0 examples under development
2025-05-06 15:41:23,648 [INFO] DbExamplesSqlite:399 - Found 79 examples not building
2025-05-06 15:41:23,650 [INFO] DbExamples:125 - Found 10854 examples
2025-05-06 15:41:23,666 [ERROR] DbExamples:208 - Found 3 examples with invalid data (board or MCU)
2025-05-06 15:41:23,667 [INFO] DbExamples:222 - Found 133 boards with related examples
2025-05-06 15:41:23,668 [INFO] DbExamples:235 - Found 110 MCUs with related examples
2025-05-06 15:41:23,690 [INFO] ApiDb:423 - Load user favorites file C:\Users\msi1/.stm32cubeide/favorites.examples.txt: 0 item(s)
2025-05-06 15:41:23,690 [INFO] ApiDb:427 - User favorites Examples=[]
2025-05-06 15:41:23,690 [INFO] DbExamples:250 - Set 0 / 0 favorites Examples
2025-05-06 15:41:28,542 [INFO] McuFinderGlobals:76 - Set McuFinderConnectedMode to true
2025-05-06 15:41:28,553 [INFO] MultiScanPanel:200 - Auto-refresh data requested => check proxy status ongoing
2025-05-06 15:41:28,559 [INFO] FinderPluginLoader:95 - Searching for filters in installed packs
2025-05-06 15:41:29,748 [INFO] LoadUrlFilesThread:185 - End of LoadServerUrlFiles without Thread
2025-05-06 15:41:29,782 [INFO] DetailPanel:341 - Set advertising image to C:/Users/msi1/STM32Cube/Repository/\en.prom-stm32n6-mcu-finder.png
2025-05-06 15:41:32,640 [INFO] McuFinderGlobals:76 - Set McuFinderConnectedMode to true
2025-05-06 15:41:33,234 [INFO] ApiDb:448 - Save user favorites file C:\Users\msi1/.stm32cubeide/favorites.mcus.txt: 3 item(s)
2025-05-06 15:41:33,234 [INFO] ApiDb:452 - User favorites MCUs=[STM32F103CBT6, STM32F303VCT6, STM32F407VGT6]
2025-05-06 15:41:33,537 [INFO] McuFinderGlobals:76 - Set McuFinderConnectedMode to true
2025-05-06 15:41:33,818 [INFO] ApiDb:448 - Save user favorites file C:\Users\msi1/.stm32cubeide/favorites.mcus.txt: 3 item(s)
2025-05-06 15:41:33,818 [INFO] ApiDb:452 - User favorites MCUs=[STM32F103CBT6, STM32F303VCT6, STM32F407VGT6]
2025-05-06 15:42:12,343 [INFO] MainUpdater:2868 - connection check result : 10
2025-05-06 15:42:12,343 [INFO] MainUpdater:2868 - connection check result : 10
2025-05-06 15:42:12,358 [INFO] MicroXplorer:468 - Change Database Path : 
2025-05-06 15:42:12,358 [INFO] MicroXplorer:498 - Change Database Version : DB.6.0.90
2025-05-06 15:42:12,361 [WARN] ThirdParty:871 - waiting for thirdparty lock release [close project]
2025-05-06 15:42:12,361 [INFO] ThirdParty:873 - entering critical section [close project]
2025-05-06 15:42:12,362 [INFO] ThirdParty:883 - exiting critical section [close project]
2025-05-06 15:42:12,363 [INFO] PinOutPanel:1499 - setPackage(No Configuration,No Configuration)
2025-05-06 15:42:12,370 [INFO] UtilMem:75 - Begin LoadConfig() Used Memory: 788923944 Bytes (1073741824)
2025-05-06 15:42:12,372 [INFO] MicroXplorer:468 - Change Database Path : 
2025-05-06 15:42:12,372 [INFO] MicroXplorer:498 - Change Database Version : DB.6.0.90
2025-05-06 15:42:12,372 [INFO] OpenFileManager:308 - Change cursor
2025-05-06 15:42:12,395 [INFO] Mcu:1946 - Initializing MCU STM32F103C(8-B)Tx STM32F103CBTx STM32F103CBT6
2025-05-06 15:42:13,293 [INFO] Context:659 - Trying to add GPIOservice into a context  which must be forbidden
2025-05-06 15:42:13,677 [INFO] RtosManager:555 - Registered RTOS mode: class=CMSIS, group=RTOS, mode=CMSIS_V1, owner=FREERTOS
2025-05-06 15:42:13,678 [INFO] RtosManager:555 - Registered RTOS mode: class=CMSIS, group=RTOS2, mode=CMSIS_V2, owner=FREERTOS
2025-05-06 15:42:13,678 [INFO] RtosManager:555 - Registered RTOS mode: class=RTOS, group=Core, mode=CMSIS_V1, owner=FREERTOS
2025-05-06 15:42:13,678 [INFO] RtosManager:555 - Registered RTOS mode: class=RTOS, group=Core, mode=CMSIS_V2, owner=FREERTOS
2025-05-06 15:42:13,678 [WARN] ModelIntegratedComponent:184 - Missing modes for component STMicroelectronics:FreeRTOS:0.0.1:STMicroelectronics:RTOS:FreeRTOS:Core:::10.2.0:
2025-05-06 15:42:13,682 [WARN] ModelIntegratedComponent:63 - No mode defined for component null
2025-05-06 15:42:13,682 [WARN] ModelIntegratedComponent:63 - No mode defined for component null
2025-05-06 15:42:13,682 [WARN] ModelIntegratedComponent:63 - No mode defined for component null
2025-05-06 15:42:13,682 [WARN] ModelIntegratedComponent:63 - No mode defined for component null
2025-05-06 15:42:13,682 [WARN] ModelIntegratedComponent:63 - No mode defined for component null
2025-05-06 15:42:13,682 [WARN] ModelIntegratedComponent:63 - No mode defined for component null
2025-05-06 15:42:13,682 [WARN] ModelIntegratedComponent:63 - No mode defined for component null
2025-05-06 15:42:13,682 [WARN] ModelIntegratedComponent:63 - No mode defined for component null
2025-05-06 15:42:13,682 [WARN] ModelIntegratedComponent:63 - No mode defined for component null
2025-05-06 15:42:13,682 [WARN] ModelIntegratedComponent:63 - No mode defined for component null
2025-05-06 15:42:13,682 [WARN] ModelIntegratedComponent:63 - No mode defined for component null
2025-05-06 15:42:13,682 [WARN] ModelIntegratedComponent:63 - No mode defined for component null
2025-05-06 15:42:13,682 [WARN] ModelIntegratedComponent:63 - No mode defined for component null
2025-05-06 15:42:13,682 [WARN] ModelIntegratedComponent:63 - No mode defined for component null
2025-05-06 15:42:13,683 [WARN] ModelIntegratedComponent:63 - No mode defined for component null
2025-05-06 15:42:13,683 [WARN] ModelIntegratedComponent:63 - No mode defined for component null
2025-05-06 15:42:13,683 [WARN] ModelIntegratedComponent:63 - No mode defined for component null
2025-05-06 15:42:13,683 [WARN] ModelIntegratedComponent:63 - No mode defined for component null
2025-05-06 15:42:13,683 [WARN] ModelIntegratedComponent:63 - No mode defined for component null
2025-05-06 15:42:13,683 [WARN] ModelIntegratedComponent:63 - No mode defined for component null
2025-05-06 15:42:13,683 [WARN] ModelIntegratedComponent:63 - No mode defined for component null
2025-05-06 15:42:13,683 [WARN] ModelIntegratedComponent:63 - No mode defined for component null
2025-05-06 15:42:13,683 [WARN] ModelIntegratedComponent:63 - No mode defined for component null
2025-05-06 15:42:13,683 [WARN] ModelIntegratedComponent:63 - No mode defined for component null
2025-05-06 15:42:13,683 [WARN] ModelIntegratedComponent:63 - No mode defined for component null
2025-05-06 15:42:13,683 [WARN] ModelIntegratedComponent:63 - No mode defined for component null
2025-05-06 15:42:13,683 [WARN] ModelIntegratedComponent:63 - No mode defined for component null
2025-05-06 15:42:13,683 [WARN] ModelIntegratedComponent:63 - No mode defined for component null
2025-05-06 15:42:13,684 [WARN] ModelIntegratedComponent:63 - No mode defined for component null
2025-05-06 15:42:13,684 [WARN] ModelIntegratedComponent:63 - No mode defined for component null
2025-05-06 15:42:13,684 [WARN] ModelIntegratedComponent:63 - No mode defined for component null
2025-05-06 15:42:13,684 [WARN] ModelIntegratedComponent:63 - No mode defined for component null
2025-05-06 15:42:13,684 [WARN] ModelIntegratedComponent:63 - No mode defined for component null
2025-05-06 15:42:13,931 [INFO] ThirdPartyModel:298 - Start build external matchings
2025-05-06 15:42:16,384 [INFO] ThirdPartyModel:316 - End build external matchings
2025-05-06 15:42:16,422 [INFO] ImportTextPane:194 - (OptionalMessage_ERROR) IP (RCC) : Parameter (ADCFreqValue) has invalid value (36000000)
2025-05-06 15:42:16,422 [INFO] ImportTextPane:194 - (OptionalMessage_ERROR) IP (RCC) : Invalid parameter (FamilyName)
2025-05-06 15:42:16,423 [INFO] ImportTextPane:194 - (OptionalMessage_ERROR) IP (RCC) : Parameter (MCOFreq_Value) has invalid value (72000000)
2025-05-06 15:42:16,423 [INFO] ImportTextPane:194 - (OptionalMessage_ERROR) IP (RCC) : Parameter (USBFreq_Value) has invalid value (72000000)
2025-05-06 15:42:16,627 [INFO] UtilMem:75 - End LoadConfig() Used Memory: 654921576 Bytes (1073741824)
2025-05-06 15:42:16,632 [INFO] ApiDb:581 - Connected to CubeFinder SQLite database (C:\Users\msi1\.stmcufinder\plugins\mcufinder\mcu\cube-finder-db.db)
2025-05-06 15:42:16,732 [WARN] ThirdParty:833 - waiting for thirdparty lock release [change project]
2025-05-06 15:42:16,732 [INFO] ThirdParty:835 - entering critical section [change project]
2025-05-06 15:42:16,732 [INFO] ThirdParty:1030 - CMSIS Pack Vendor :STMicroelectronics USBPD 4.1
2025-05-06 15:42:16,733 [INFO] ThirdParty:1030 - CMSIS Pack Vendor :STMicroelectronics X-CUBE-GNSS1 6.0.0
2025-05-06 15:42:16,733 [INFO] ThirdParty:1030 - CMSIS Pack Vendor :STMicroelectronics USB_HOST 2.0.0
2025-05-06 15:42:16,733 [INFO] ThirdParty:1030 - CMSIS Pack Vendor :STMicroelectronics FP-SNS-MOTENVWB1 1.4.0
2025-05-06 15:42:16,733 [INFO] ThirdParty:1030 - CMSIS Pack Vendor :STMicroelectronics X-CUBE-AZRTOS-F4 1.1.0
2025-05-06 15:42:16,733 [INFO] ThirdParty:1030 - CMSIS Pack Vendor :STMicroelectronics LIBJPEG 8.0.0
2025-05-06 15:42:16,733 [INFO] ThirdParty:1030 - CMSIS Pack Vendor :STMicroelectronics FP-ATR-ASTRA1 2.0.2
2025-05-06 15:42:16,733 [INFO] ThirdParty:1030 - CMSIS Pack Vendor :STMicroelectronics FP-ATR-ASTRA1 2.0.1
2025-05-06 15:42:16,733 [INFO] ThirdParty:1030 - CMSIS Pack Vendor :STMicroelectronics X-CUBE-SMBUS 2.1.0
2025-05-06 15:42:16,733 [INFO] ThirdParty:1030 - CMSIS Pack Vendor :STMicroelectronics X-CUBE-WB05N 1.1.0
2025-05-06 15:42:16,733 [INFO] ThirdParty:1030 - CMSIS Pack Vendor :wolfSSL I-CUBE-wolfSSL 5.6.0
2025-05-06 15:42:16,733 [INFO] ThirdParty:1030 - CMSIS Pack Vendor :STMicroelectronics X-CUBE-ISPU 2.1.0
2025-05-06 15:42:16,733 [INFO] ThirdParty:1030 - CMSIS Pack Vendor :STMicroelectronics X-CUBE-FREERTOS 1.2.0
2025-05-06 15:42:16,733 [INFO] ThirdParty:1030 - CMSIS Pack Vendor :STMicroelectronics X-CUBE-TOUCHGFX 4.23.0
2025-05-06 15:42:16,733 [INFO] ThirdParty:1030 - CMSIS Pack Vendor :STMicroelectronics X-CUBE-TOUCHGFX 4.23.2
2025-05-06 15:42:16,733 [INFO] ThirdParty:1030 - CMSIS Pack Vendor :STMicroelectronics X-CUBE-AZRTOS-F7 1.1.0
2025-05-06 15:42:16,733 [INFO] ThirdParty:1030 - CMSIS Pack Vendor :STMicroelectronics X-CUBE-AZRTOS-L5 2.0.0
2025-05-06 15:42:16,733 [INFO] ThirdParty:1030 - CMSIS Pack Vendor :STMicroelectronics USB_DEVICE 2.0.0
2025-05-06 15:42:16,733 [INFO] ThirdParty:1030 - CMSIS Pack Vendor :STMicroelectronics X-CUBE-MEMS1 9.6.0
2025-05-06 15:42:16,733 [INFO] ThirdParty:1030 - CMSIS Pack Vendor :STMicroelectronics X-CUBE-EEPRMA1 4.2.0
2025-05-06 15:42:16,733 [INFO] ThirdParty:1030 - CMSIS Pack Vendor :STMicroelectronics X-CUBE-NFC6 3.1.0
2025-05-06 15:42:16,733 [INFO] ThirdParty:1030 - CMSIS Pack Vendor :ITTIA_DB I-CUBE-ITTIADB 8.8.0
2025-05-06 15:42:16,733 [INFO] ThirdParty:1030 - CMSIS Pack Vendor :STMicroelectronics FP-SNS-MOTENV1 4.3.0
2025-05-06 15:42:16,733 [INFO] ThirdParty:1030 - CMSIS Pack Vendor :STMicroelectronics FP-SNS-MOTENV1 4.3.2
2025-05-06 15:42:16,733 [INFO] ThirdParty:1030 - CMSIS Pack Vendor :STMicroelectronics FP-SNS-FLIGHT1 5.0.0
2025-05-06 15:42:16,733 [INFO] ThirdParty:1030 - CMSIS Pack Vendor :STMicroelectronics X-CUBE-BLE1 6.2.4
2025-05-06 15:42:16,733 [INFO] ThirdParty:1030 - CMSIS Pack Vendor :STMicroelectronics FreeRTOS 0.0.1
2025-05-06 15:42:16,734 [INFO] ThirdParty:1030 - CMSIS Pack Vendor :emotas I-CUBE-CANOPEN 1.1.3
2025-05-06 15:42:16,734 [INFO] ThirdParty:1030 - CMSIS Pack Vendor :STMicroelectronics X-CUBE-BLEMGR 2.0.0
2025-05-06 15:42:16,734 [INFO] ThirdParty:1030 - CMSIS Pack Vendor :STMicroelectronics FP-SNS-FLIGHT1 5.0.2
2025-05-06 15:42:16,734 [INFO] ThirdParty:1030 - CMSIS Pack Vendor :STMicroelectronics X-CUBE-AI 9.0.0
2025-05-06 15:42:16,734 [INFO] ThirdParty:1030 - CMSIS Pack Vendor :STMicroelectronics X-CUBE-AZRTOS-H7 3.1.0
2025-05-06 15:42:16,734 [INFO] ThirdParty:1030 - CMSIS Pack Vendor :STMicroelectronics PDM2PCM 3.3.0
2025-05-06 15:42:16,734 [INFO] ThirdParty:1030 - CMSIS Pack Vendor :STMicroelectronics X-CUBE-DISPLAY 3.0.0
2025-05-06 15:42:16,734 [INFO] ThirdParty:1030 - CMSIS Pack Vendor :STMicroelectronics X-CUBE-BLE1 7.0.0
2025-05-06 15:42:16,734 [INFO] ThirdParty:1030 - CMSIS Pack Vendor :STMicroelectronics X-CUBE-NFC10 1.0.0
2025-05-06 15:42:16,734 [INFO] ThirdParty:1030 - CMSIS Pack Vendor :STMicroelectronics HAL Drivers 0.0.0
2025-05-06 15:42:16,734 [INFO] ThirdParty:1030 - CMSIS Pack Vendor :emotas I-CUBE-CANOPEN 1.3.0
2025-05-06 15:42:16,734 [INFO] ThirdParty:1030 - CMSIS Pack Vendor :STMicroelectronics X-CUBE-FREERTOS 1.3.0
2025-05-06 15:42:16,734 [INFO] ThirdParty:1030 - CMSIS Pack Vendor :STMicroelectronics X-CUBE-TOUCHGFX 4.22.0
2025-05-06 15:42:16,734 [INFO] ThirdParty:1030 - CMSIS Pack Vendor :STMicroelectronics X-CUBE-NFC7 1.0.1
2025-05-06 15:42:16,734 [INFO] ThirdParty:1030 - CMSIS Pack Vendor :STMicroelectronics MBEDTLS 2.14.1
2025-05-06 15:42:16,734 [INFO] ThirdParty:1030 - CMSIS Pack Vendor :STMicroelectronics X-CUBE-NFC7 1.0.0
2025-05-06 15:42:16,734 [INFO] ThirdParty:1030 - CMSIS Pack Vendor :STMicroelectronics X-CUBE-TOUCHGFX 4.22.1
2025-05-06 15:42:16,734 [INFO] ThirdParty:1030 - CMSIS Pack Vendor :wolfSSL I-CUBE-wolfTPM 3.2.0
2025-05-06 15:42:16,734 [INFO] ThirdParty:1030 - CMSIS Pack Vendor :STMicroelectronics X-CUBE-NFC6 3.0.0
2025-05-06 15:42:16,734 [INFO] ThirdParty:1030 - CMSIS Pack Vendor :STMicroelectronics X-CUBE-EEPRMA1 4.1.0
2025-05-06 15:42:16,734 [INFO] ThirdParty:1030 - CMSIS Pack Vendor :STMicroelectronics X-CUBE-BLEMGR 3.1.0
2025-05-06 15:42:16,734 [INFO] ThirdParty:1030 - CMSIS Pack Vendor :STMicroelectronics X-CUBE-AI 10.0.0
2025-05-06 15:42:16,734 [INFO] ThirdParty:1030 - CMSIS Pack Vendor :STMicroelectronics FP-SNS-SMARTAG2 1.2.0
2025-05-06 15:42:16,734 [INFO] ThirdParty:1030 - CMSIS Pack Vendor :STMicroelectronics X-CUBE-MEMS1 11.1.0
2025-05-06 15:42:16,734 [INFO] ThirdParty:1030 - CMSIS Pack Vendor :STMicroelectronics X-CUBE-AZRTOS-WL 2.0.0
2025-05-06 15:42:16,734 [INFO] ThirdParty:1030 - CMSIS Pack Vendor :STMicroelectronics FP-SNS-MOTENV1 5.0.0
2025-05-06 15:42:16,734 [INFO] ThirdParty:1030 - CMSIS Pack Vendor :STMicroelectronics USB_DEVICE 1.0.0
2025-05-06 15:42:16,734 [INFO] ThirdParty:1030 - CMSIS Pack Vendor :STMicroelectronics X-CUBE-AI 8.1.0
2025-05-06 15:42:16,734 [INFO] ThirdParty:1030 - CMSIS Pack Vendor :wolfSSL I-CUBE-wolfMQTT 1.19.0
2025-05-06 15:42:16,734 [INFO] ThirdParty:1030 - CMSIS Pack Vendor :STMicroelectronics X-CUBE-AZRTOS-L4 2.0.0
2025-05-06 15:42:16,734 [INFO] ThirdParty:1030 - CMSIS Pack Vendor :STMicroelectronics ThreadX 0.0.2
2025-05-06 15:42:16,734 [INFO] ThirdParty:1030 - CMSIS Pack Vendor :WES I-CUBE-Cesium 1.3.0
2025-05-06 15:42:16,734 [INFO] ThirdParty:1030 - CMSIS Pack Vendor :STMicroelectronics lwIP 2.1.2
2025-05-06 15:42:16,734 [INFO] ThirdParty:1030 - CMSIS Pack Vendor :STMicroelectronics X-CUBE-SFXS2LP1 4.0.0
2025-05-06 15:42:16,734 [INFO] ThirdParty:1030 - CMSIS Pack Vendor :STMicroelectronics X-CUBE-BLE2 3.3.0
2025-05-06 15:42:16,734 [INFO] ThirdParty:1030 - CMSIS Pack Vendor :STMicroelectronics PDM2PCM 3.2.0
2025-05-06 15:42:16,734 [INFO] ThirdParty:1030 - CMSIS Pack Vendor :STMicroelectronics X-CUBE-ISPU 1.1.0
2025-05-06 15:42:16,734 [INFO] ThirdParty:1030 - CMSIS Pack Vendor :STMicroelectronics X-CUBE-AZRTOS-H7 3.3.0
2025-05-06 15:42:16,734 [INFO] ThirdParty:1030 - CMSIS Pack Vendor :STMicroelectronics X-CUBE-NFC9 1.0.0
2025-05-06 15:42:16,734 [INFO] ThirdParty:1030 - CMSIS Pack Vendor :STMicroelectronics X-CUBE-BLE1 7.1.0
2025-05-06 15:42:16,734 [INFO] ThirdParty:1030 - CMSIS Pack Vendor :STMicroelectronics USB_DEVICE 3.0.0
2025-05-06 15:42:16,734 [INFO] ThirdParty:1030 - CMSIS Pack Vendor :STMicroelectronics X-CUBE-TCPP 4.1.0
2025-05-06 15:42:16,734 [INFO] ThirdParty:1030 - CMSIS Pack Vendor :STMicroelectronics X-CUBE-AZRTOS-WB 2.0.0
2025-05-06 15:42:16,734 [INFO] ThirdParty:1030 - CMSIS Pack Vendor :STMicroelectronics X-CUBE-FREERTOS 1.0.1
2025-05-06 15:42:16,734 [INFO] ThirdParty:1030 - CMSIS Pack Vendor :STMicroelectronics X-CUBE-GNSS1 7.0.1
2025-05-06 15:42:16,734 [INFO] ThirdParty:1030 - CMSIS Pack Vendor :STMicroelectronics X-CUBE-TOUCHGFX 4.21.4
2025-05-06 15:42:16,734 [INFO] ThirdParty:1030 - CMSIS Pack Vendor :STMicroelectronics X-CUBE-TOUCHGFX 4.25.0
2025-05-06 15:42:16,735 [INFO] ThirdParty:1030 - CMSIS Pack Vendor :STMicroelectronics X-CUBE-ALGOBUILD 1.3.0
2025-05-06 15:42:16,735 [INFO] ThirdParty:1030 - CMSIS Pack Vendor :STMicroelectronics X-CUBE-AZRTOS-L5 1.1.0
2025-05-06 15:42:16,735 [INFO] ThirdParty:1030 - CMSIS Pack Vendor :STMicroelectronics X-CUBE-MEMS1 11.2.0
2025-05-06 15:42:16,735 [INFO] ThirdParty:1030 - CMSIS Pack Vendor :STMicroelectronics X-CUBE-AZRTOS-G0 1.1.0
2025-05-06 15:42:16,735 [INFO] ThirdParty:1030 - CMSIS Pack Vendor :STMicroelectronics X-CUBE-AI 8.0.1
2025-05-06 15:42:16,735 [INFO] ThirdParty:1030 - CMSIS Pack Vendor :STMicroelectronics X-CUBE-SAFEA1 1.2.2
2025-05-06 15:42:16,735 [INFO] ThirdParty:1030 - CMSIS Pack Vendor :STMicroelectronics X-CUBE-NFC4 3.0.0
2025-05-06 15:42:16,735 [INFO] ThirdParty:1030 - CMSIS Pack Vendor :STMicroelectronics X-CUBE-SUBG2 5.0.0
2025-05-06 15:42:16,735 [INFO] ThirdParty:1030 - CMSIS Pack Vendor :STMicroelectronics X-CUBE-AZRTOS-H7RS 1.1.0
2025-05-06 15:42:16,735 [INFO] ThirdParty:1030 - CMSIS Pack Vendor :STMicroelectronics STM32_WPAN 1.0.0
2025-05-06 15:42:16,735 [INFO] ThirdParty:1030 - CMSIS Pack Vendor :wolfSSL I-CUBE-wolfMQTT 1.18.0
2025-05-06 15:42:16,735 [INFO] ThirdParty:1030 - CMSIS Pack Vendor :STMicroelectronics lwIP 2.0.3
2025-05-06 15:42:16,735 [INFO] ThirdParty:1030 - CMSIS Pack Vendor :Cesanta I-CUBE-Mongoose 7.13.0
2025-05-06 15:42:16,736 [INFO] ThirdParty:1030 - CMSIS Pack Vendor :STMicroelectronics USB_HOST 1.0.0
2025-05-06 15:42:16,736 [INFO] ThirdParty:1030 - CMSIS Pack Vendor :STMicroelectronics X-CUBE-TOF1 3.3.1
2025-05-06 15:42:16,736 [INFO] ThirdParty:1030 - CMSIS Pack Vendor :STMicroelectronics X-CUBE-AZRTOS-G4 2.0.0
2025-05-06 15:42:16,736 [INFO] ThirdParty:1030 - CMSIS Pack Vendor :STMicroelectronics X-CUBE-WB05N 2.0.0
2025-05-06 15:42:16,736 [INFO] ThirdParty:1030 - CMSIS Pack Vendor :STMicroelectronics PDM2PCM 3.1.0
2025-05-06 15:42:16,736 [INFO] ThirdParty:1030 - CMSIS Pack Vendor :STMicroelectronics X-CUBE-TOF1 3.3.0
2025-05-06 15:42:16,736 [INFO] ThirdParty:1030 - CMSIS Pack Vendor :Infineon AIROC-Wi-Fi-Bluetooth-STM32 1.5.1
2025-05-06 15:42:16,736 [INFO] ThirdParty:1030 - CMSIS Pack Vendor :STMicroelectronics X-CUBE-BLEMGR 3.0.0
2025-05-06 15:42:16,736 [INFO] ThirdParty:1030 - CMSIS Pack Vendor :STMicroelectronics FP-SNS-MOTENVWB1 1.3.0
2025-05-06 15:42:16,736 [INFO] ThirdParty:1030 - CMSIS Pack Vendor :STMicroelectronics X-CUBE-NFC7 2.0.0
2025-05-06 15:42:16,736 [INFO] ThirdParty:1030 - CMSIS Pack Vendor :STMicroelectronics FP-SNS-MOTENVWB1 1.3.1
2025-05-06 15:42:16,736 [INFO] ThirdParty:1030 - CMSIS Pack Vendor :STMicroelectronics FP-ATR-SIGFOX1 3.2.0
2025-05-06 15:42:16,736 [INFO] ThirdParty:1030 - CMSIS Pack Vendor :STMicroelectronics X-CUBE-AZRTOS-L4 1.0.0
2025-05-06 15:42:16,736 [INFO] ThirdParty:1030 - CMSIS Pack Vendor :STMicroelectronics X-CUBE-ISPU 2.0.0
2025-05-06 15:42:16,736 [INFO] ThirdParty:1030 - CMSIS Pack Vendor :STMicroelectronics X-CUBE-EEPRMA1 5.1.0
2025-05-06 15:42:16,736 [INFO] ThirdParty:1030 - CMSIS Pack Vendor :STMicroelectronics MBEDTLS 2.16.2
2025-05-06 15:42:16,736 [INFO] ThirdParty:1030 - CMSIS Pack Vendor :STMicroelectronics X-CUBE-ALS 1.0.2
2025-05-06 15:42:16,736 [INFO] ThirdParty:1030 - CMSIS Pack Vendor :STMicroelectronics X-CUBE-MEMS1 10.0.0
2025-05-06 15:42:16,736 [INFO] ThirdParty:1030 - CMSIS Pack Vendor :STMicroelectronics X-CUBE-FREERTOS 1.1.0
2025-05-06 15:42:16,736 [INFO] ThirdParty:1030 - CMSIS Pack Vendor :wolfSSL I-CUBE-wolfSSL 5.7.6
2025-05-06 15:42:16,736 [INFO] ThirdParty:1030 - CMSIS Pack Vendor :STMicroelectronics X-CUBE-TOUCHGFX 4.24.0
2025-05-06 15:42:16,736 [INFO] ThirdParty:1030 - CMSIS Pack Vendor :ITTIA_DB I-CUBE-ITTIADB 8.9.0
2025-05-06 15:42:16,737 [INFO] ThirdParty:1030 - CMSIS Pack Vendor :STMicroelectronics X-CUBE-TOUCHGFX 4.24.2
2025-05-06 15:42:16,737 [INFO] ThirdParty:1030 - CMSIS Pack Vendor :STMicroelectronics X-CUBE-AZRTOS-WL 1.0.0
2025-05-06 15:42:16,737 [INFO] ThirdParty:1030 - CMSIS Pack Vendor :STMicroelectronics X-CUBE-TOUCHGFX 4.24.1
2025-05-06 15:42:16,737 [INFO] ThirdParty:1030 - CMSIS Pack Vendor :wolfSSL I-CUBE-wolfTPM 3.4.0
2025-05-06 15:42:16,737 [INFO] ThirdParty:1030 - CMSIS Pack Vendor :portGmbH I-Cube-SoM-uGOAL 1.1.0
2025-05-06 15:42:16,737 [INFO] ThirdParty:1030 - CMSIS Pack Vendor :STMicroelectronics X-CUBE-ALS 1.0.1
2025-05-06 15:42:16,737 [INFO] ThirdParty:1030 - CMSIS Pack Vendor :STMicroelectronics ThreadX 1.0.0
2025-05-06 15:42:16,737 [INFO] ThirdParty:1030 - CMSIS Pack Vendor :STMicroelectronics X-CUBE-AZRTOS-WB 1.1.0
2025-05-06 15:42:16,737 [INFO] ThirdParty:1030 - CMSIS Pack Vendor :SEGGER I-CUBE-embOS 1.3.1
2025-05-06 15:42:16,737 [INFO] ThirdParty:1030 - CMSIS Pack Vendor :STMicroelectronics X-CUBE-ALGOBUILD 1.4.0
2025-05-06 15:42:16,737 [INFO] ThirdParty:1030 - CMSIS Pack Vendor :STMicroelectronics X-CUBE-AZRTOS-H7RS 1.0.0
2025-05-06 15:42:16,737 [INFO] ThirdParty:1030 - CMSIS Pack Vendor :STMicroelectronics FP-ATR-ASTRA1 2.0.0
2025-05-06 15:42:16,737 [INFO] ThirdParty:1030 - CMSIS Pack Vendor :STMicroelectronics X-CUBE-AI 9.1.0
2025-05-06 15:42:16,737 [INFO] ThirdParty:1030 - CMSIS Pack Vendor :STMicroelectronics X-CUBE-TOF1 3.4.0
2025-05-06 15:42:16,737 [INFO] ThirdParty:1030 - CMSIS Pack Vendor :STMicroelectronics X-CUBE-TOF1 3.4.1
2025-05-06 15:42:16,737 [INFO] ThirdParty:1030 - CMSIS Pack Vendor :STMicroelectronics X-CUBE-AZRTOS-H7 3.2.0
2025-05-06 15:42:16,737 [INFO] ThirdParty:1030 - CMSIS Pack Vendor :wolfSSL I-CUBE-wolfSSH 1.4.17
2025-05-06 15:42:16,737 [INFO] ThirdParty:841 - exiting critical section [change project]
2025-05-06 15:42:16,944 [INFO] PinOutPanel:1499 - setPackage(No Configuration,No Configuration)
2025-05-06 15:42:16,945 [INFO] PinOutPanel:1499 - setPackage(STM32F103CBTx,LQFP48)
2025-05-06 15:42:17,412 [INFO] UtilMem:75 - Before build in PCC Used Memory: 688191640 Bytes (1073741824)
2025-05-06 15:42:18,183 [INFO] UtilMem:75 - After build in PCC Used Memory: 755194424 Bytes (1073741824)
2025-05-06 15:42:18,202 [INFO] IPUIPlugin:80 - create IPUIPlugin
2025-05-06 15:42:18,202 [INFO] IPUIPlugin:80 - create IPUIPlugin
2025-05-06 15:42:18,202 [INFO] IPUIPlugin:80 - create IPUIPlugin
2025-05-06 15:42:18,202 [INFO] IPUIPlugin:80 - create IPUIPlugin
2025-05-06 15:42:18,202 [INFO] IPUIPlugin:80 - create IPUIPlugin
2025-05-06 15:42:18,202 [INFO] IPUIPlugin:80 - create IPUIPlugin
2025-05-06 15:42:18,203 [INFO] IPUIPlugin:80 - create IPUIPlugin
2025-05-06 15:42:18,203 [INFO] IPUIPlugin:80 - create IPUIPlugin
2025-05-06 15:42:18,203 [INFO] IPUIPlugin:80 - create IPUIPlugin
2025-05-06 15:42:18,203 [INFO] IPUIPlugin:80 - create IPUIPlugin
2025-05-06 15:42:18,203 [INFO] IPUIPlugin:80 - create IPUIPlugin
2025-05-06 15:42:18,203 [INFO] IPUIPlugin:80 - create IPUIPlugin
2025-05-06 15:42:18,203 [INFO] IPUIPlugin:80 - create IPUIPlugin
2025-05-06 15:42:18,203 [INFO] IPUIPlugin:80 - create IPUIPlugin
2025-05-06 15:42:18,204 [INFO] IPUIPlugin:80 - create IPUIPlugin
2025-05-06 15:42:18,204 [INFO] IPUIPlugin:80 - create IPUIPlugin
2025-05-06 15:42:18,204 [INFO] IPUIPlugin:80 - create IPUIPlugin
2025-05-06 15:42:18,204 [INFO] IPUIPlugin:80 - create IPUIPlugin
2025-05-06 15:42:18,204 [INFO] IPUIPlugin:80 - create IPUIPlugin
2025-05-06 15:42:18,204 [INFO] IPUIPlugin:80 - create IPUIPlugin
2025-05-06 15:42:18,204 [INFO] IPUIPlugin:80 - create IPUIPlugin
2025-05-06 15:42:18,204 [INFO] IPUIPlugin:80 - create IPUIPlugin
2025-05-06 15:42:18,204 [INFO] IPUIPlugin:80 - create IPUIPlugin
2025-05-06 15:42:18,204 [INFO] IPUIPlugin:80 - create IPUIPlugin
2025-05-06 15:42:18,204 [INFO] IPUIPlugin:80 - create IPUIPlugin
2025-05-06 15:42:18,205 [INFO] IPUIPlugin:80 - create IPUIPlugin
2025-05-06 15:42:18,205 [INFO] IPUIPlugin:80 - create IPUIPlugin
2025-05-06 15:42:18,416 [INFO] CADModel:165 - CPN selected for project levelSTM32F103CBT6
2025-05-06 15:42:18,417 [INFO] CADModel:114 - Register for checkConnection events
2025-05-06 15:42:18,455 [INFO] OpenFileManager:328 - Restore cursor
2025-05-06 15:42:24,471 [INFO] UtilMem:75 - End SaveConfig() Used Memory: 650031616 Bytes (1073741824)
2025-05-06 15:42:24,946 [INFO] BlockDiagram:2759 - set Specific Code input for plugin: NVIC
2025-05-06 15:42:24,946 [INFO] BlockDiagram:2759 - set Specific Code input for plugin: USART
2025-05-06 15:42:24,946 [INFO] BlockDiagram:2759 - set Specific Code input for plugin: USART
2025-05-06 15:42:24,946 [INFO] BlockDiagram:2759 - set Specific Code input for plugin: SYS
2025-05-06 15:42:24,947 [INFO] BlockDiagram:2759 - set Specific Code input for plugin: GPIO
2025-05-06 15:42:24,947 [INFO] BlockDiagram:2759 - set Specific Code input for plugin: RCC
2025-05-06 15:42:24,948 [INFO] CodeGenerator:799 - code generatio: config db path: D:\ITC\STM32\STM32CubeIDE_1.13.0\STM32CubeIDE\plugins\com.st.stm32cube.common.mx_6.9.0.202307051724\\db\
2025-05-06 15:42:25,257 [INFO] CodeEngine:255 - oldGeneratedFile, D:\AIFARM\STM32_GREENB\stm32f103_nethouse\MXTmpFiles\license.tmp_save
2025-05-06 15:42:25,582 [INFO] CodeEngine:279 - Generated code: D:\AIFARM\STM32_GREENB\stm32f103_nethouse\MXTmpFiles\license.tmp
2025-05-06 15:42:25,715 [INFO] CodeEngine:255 - oldGeneratedFile, D:\AIFARM\STM32_GREENB\stm32f103_nethouse\MXTmpFiles\gpio.tmp_save
2025-05-06 15:42:25,855 [INFO] CodeEngine:279 - Generated code: D:\AIFARM\STM32_GREENB\stm32f103_nethouse\MXTmpFiles\gpio.tmp
2025-05-06 15:42:26,001 [INFO] CodeEngine:255 - oldGeneratedFile, D:\AIFARM\STM32_GREENB\stm32f103_nethouse\Core\Src\stm32f1xx_it.c_save
2025-05-06 15:42:26,127 [INFO] CodeEngine:279 - Generated code: D:\AIFARM\STM32_GREENB\stm32f103_nethouse\Core\Src\stm32f1xx_it.c
2025-05-06 15:42:26,147 [INFO] CodeEngine:255 - oldGeneratedFile, D:\AIFARM\STM32_GREENB\stm32f103_nethouse\Core\Inc\stm32f1xx_it.h_save
2025-05-06 15:42:26,238 [INFO] CodeEngine:279 - Generated code: D:\AIFARM\STM32_GREENB\stm32f103_nethouse\Core\Inc\stm32f1xx_it.h
2025-05-06 15:42:26,275 [INFO] CodeEngine:255 - oldGeneratedFile, D:\AIFARM\STM32_GREENB\stm32f103_nethouse\Core\Src\stm32f1xx_hal_msp.c_save
2025-05-06 15:42:26,402 [INFO] CodeEngine:279 - Generated code: D:\AIFARM\STM32_GREENB\stm32f103_nethouse\Core\Src\stm32f1xx_hal_msp.c
2025-05-06 15:42:26,417 [INFO] CodeEngine:255 - oldGeneratedFile, D:\AIFARM\STM32_GREENB\stm32f103_nethouse\MXTmpFiles\system.tmp_save
2025-05-06 15:42:26,488 [INFO] CodeEngine:279 - Generated code: D:\AIFARM\STM32_GREENB\stm32f103_nethouse\MXTmpFiles\system.tmp
2025-05-06 15:42:26,516 [INFO] CodeEngine:311 - oldGeneratedFile, D:\AIFARM\STM32_GREENB\stm32f103_nethouse\Core\Inc\stm32f1xx_hal_conf.h_save
2025-05-06 15:42:26,601 [INFO] CodeEngine:335 - Generated code: D:\AIFARM\STM32_GREENB\stm32f103_nethouse\Core\Inc\stm32f1xx_hal_conf.h
2025-05-06 15:42:26,654 [INFO] CodeEngine:255 - oldGeneratedFile, D:\AIFARM\STM32_GREENB\stm32f103_nethouse\Core\Inc\main.h_save
2025-05-06 15:42:26,747 [INFO] CodeEngine:279 - Generated code: D:\AIFARM\STM32_GREENB\stm32f103_nethouse\Core\Inc\main.h
2025-05-06 15:42:26,771 [INFO] CodeEngine:255 - oldGeneratedFile, D:\AIFARM\STM32_GREENB\stm32f103_nethouse\Core\Src\main.c_save
2025-05-06 15:42:26,906 [INFO] CodeEngine:279 - Generated code: D:\AIFARM\STM32_GREENB\stm32f103_nethouse\Core\Src\main.c
2025-05-06 15:42:27,574 [INFO] ProjectBuilder:3064 - Time for Copy HAL[1] : 199mS.
2025-05-06 15:42:27,578 [INFO] ProjectBuilder:4404 - Project Generator version: 4.1.0
2025-05-06 15:42:27,820 [INFO] ConfigFileManager:1457 - The Die is : DIE410
2025-05-06 15:42:27,857 [INFO] ApiDbMcu:507 - Load IP Config File for FATFS
2025-05-06 15:42:27,872 [INFO] ApiDbMcu:507 - Load IP Config File for FREERTOS
2025-05-06 15:42:27,891 [INFO] ApiDbMcu:507 - Load IP Config File for USB_DEVICE
2025-05-06 15:42:28,917 [INFO] LogOutputStream:77 - [STDOUT_REDIRECT] 
2025-05-06 15:42:30,511 [INFO] ProjectBuilder:4626 - Time for Generating toolchain IDE Files: 2933mS.
2025-05-06 15:42:30,512 [INFO] ProjectBuilder:2935 - Time for Copy CMSIS : 0mS.
2025-05-06 15:42:30,513 [INFO] ProjectBuilder:2935 - Time for Copy CMSIS : 0mS.
2025-05-06 15:44:06,191 [INFO] UtilMem:75 - End SaveConfig() Used Memory: 855698976 Bytes (1073741824)
2025-05-06 15:44:06,402 [INFO] BlockDiagram:2759 - set Specific Code input for plugin: NVIC
2025-05-06 15:44:06,402 [INFO] BlockDiagram:2759 - set Specific Code input for plugin: USART
2025-05-06 15:44:06,402 [INFO] BlockDiagram:2759 - set Specific Code input for plugin: USART
2025-05-06 15:44:06,402 [INFO] BlockDiagram:2759 - set Specific Code input for plugin: SYS
2025-05-06 15:44:06,402 [INFO] BlockDiagram:2759 - set Specific Code input for plugin: GPIO
2025-05-06 15:44:06,402 [INFO] BlockDiagram:2759 - set Specific Code input for plugin: RCC
2025-05-06 15:44:06,403 [INFO] CodeGenerator:799 - code generatio: config db path: D:\ITC\STM32\STM32CubeIDE_1.13.0\STM32CubeIDE\plugins\com.st.stm32cube.common.mx_6.9.0.202307051724\\db\
2025-05-06 15:44:06,601 [INFO] CodeEngine:255 - oldGeneratedFile, D:\AIFARM\STM32_GREENB\stm32f103_nethouse\MXTmpFiles\license.tmp_save
2025-05-06 15:44:06,702 [INFO] CodeEngine:279 - Generated code: D:\AIFARM\STM32_GREENB\stm32f103_nethouse\MXTmpFiles\license.tmp
2025-05-06 15:44:06,722 [INFO] CodeEngine:255 - oldGeneratedFile, D:\AIFARM\STM32_GREENB\stm32f103_nethouse\MXTmpFiles\gpio.tmp_save
2025-05-06 15:44:06,815 [INFO] CodeEngine:279 - Generated code: D:\AIFARM\STM32_GREENB\stm32f103_nethouse\MXTmpFiles\gpio.tmp
2025-05-06 15:44:06,888 [INFO] CodeEngine:255 - oldGeneratedFile, D:\AIFARM\STM32_GREENB\stm32f103_nethouse\Core\Src\stm32f1xx_it.c_save
2025-05-06 15:44:06,982 [INFO] CodeEngine:279 - Generated code: D:\AIFARM\STM32_GREENB\stm32f103_nethouse\Core\Src\stm32f1xx_it.c
2025-05-06 15:44:06,989 [INFO] CodeEngine:255 - oldGeneratedFile, D:\AIFARM\STM32_GREENB\stm32f103_nethouse\Core\Inc\stm32f1xx_it.h_save
2025-05-06 15:44:07,061 [INFO] CodeEngine:279 - Generated code: D:\AIFARM\STM32_GREENB\stm32f103_nethouse\Core\Inc\stm32f1xx_it.h
2025-05-06 15:44:07,085 [INFO] CodeEngine:255 - oldGeneratedFile, D:\AIFARM\STM32_GREENB\stm32f103_nethouse\Core\Src\stm32f1xx_hal_msp.c_save
2025-05-06 15:44:07,173 [INFO] CodeEngine:279 - Generated code: D:\AIFARM\STM32_GREENB\stm32f103_nethouse\Core\Src\stm32f1xx_hal_msp.c
2025-05-06 15:44:07,177 [INFO] CodeEngine:255 - oldGeneratedFile, D:\AIFARM\STM32_GREENB\stm32f103_nethouse\MXTmpFiles\system.tmp_save
2025-05-06 15:44:07,229 [INFO] CodeEngine:279 - Generated code: D:\AIFARM\STM32_GREENB\stm32f103_nethouse\MXTmpFiles\system.tmp
2025-05-06 15:44:07,243 [INFO] CodeEngine:311 - oldGeneratedFile, D:\AIFARM\STM32_GREENB\stm32f103_nethouse\Core\Inc\stm32f1xx_hal_conf.h_save
2025-05-06 15:44:07,327 [INFO] CodeEngine:335 - Generated code: D:\AIFARM\STM32_GREENB\stm32f103_nethouse\Core\Inc\stm32f1xx_hal_conf.h
2025-05-06 15:44:07,361 [INFO] CodeEngine:255 - oldGeneratedFile, D:\AIFARM\STM32_GREENB\stm32f103_nethouse\Core\Inc\main.h_save
2025-05-06 15:44:07,419 [INFO] CodeEngine:279 - Generated code: D:\AIFARM\STM32_GREENB\stm32f103_nethouse\Core\Inc\main.h
2025-05-06 15:44:07,434 [INFO] CodeEngine:255 - oldGeneratedFile, D:\AIFARM\STM32_GREENB\stm32f103_nethouse\Core\Src\main.c_save
2025-05-06 15:44:07,541 [INFO] CodeEngine:279 - Generated code: D:\AIFARM\STM32_GREENB\stm32f103_nethouse\Core\Src\main.c
2025-05-06 15:44:08,004 [INFO] ProjectBuilder:3064 - Time for Copy HAL[1] : 139mS.
2025-05-06 15:44:08,006 [INFO] ProjectBuilder:4404 - Project Generator version: 4.1.0
2025-05-06 15:44:08,235 [INFO] ConfigFileManager:1457 - The Die is : DIE410
2025-05-06 15:44:09,468 [INFO] ProjectBuilder:4626 - Time for Generating toolchain IDE Files: 1462mS.
2025-05-06 15:44:09,469 [INFO] ProjectBuilder:2935 - Time for Copy CMSIS : 1mS.
2025-05-06 15:44:09,470 [INFO] ProjectBuilder:2935 - Time for Copy CMSIS : 0mS.
2025-05-06 15:44:59,066 [INFO] UtilMem:75 - End SaveConfig() Used Memory: 768299952 Bytes (1073741824)
2025-05-06 15:44:59,340 [INFO] BlockDiagram:2759 - set Specific Code input for plugin: NVIC
2025-05-06 15:44:59,341 [INFO] BlockDiagram:2759 - set Specific Code input for plugin: USART
2025-05-06 15:44:59,341 [INFO] BlockDiagram:2759 - set Specific Code input for plugin: USART
2025-05-06 15:44:59,341 [INFO] BlockDiagram:2759 - set Specific Code input for plugin: SYS
2025-05-06 15:44:59,341 [INFO] BlockDiagram:2759 - set Specific Code input for plugin: GPIO
2025-05-06 15:44:59,341 [INFO] BlockDiagram:2759 - set Specific Code input for plugin: RCC
2025-05-06 15:44:59,345 [INFO] CodeGenerator:799 - code generatio: config db path: D:\ITC\STM32\STM32CubeIDE_1.13.0\STM32CubeIDE\plugins\com.st.stm32cube.common.mx_6.9.0.202307051724\\db\
2025-05-06 15:44:59,524 [INFO] CodeEngine:255 - oldGeneratedFile, D:\AIFARM\STM32_GREENB\stm32f103_nethouse\MXTmpFiles\license.tmp_save
2025-05-06 15:44:59,627 [INFO] CodeEngine:279 - Generated code: D:\AIFARM\STM32_GREENB\stm32f103_nethouse\MXTmpFiles\license.tmp
2025-05-06 15:44:59,646 [INFO] CodeEngine:255 - oldGeneratedFile, D:\AIFARM\STM32_GREENB\stm32f103_nethouse\MXTmpFiles\gpio.tmp_save
2025-05-06 15:44:59,743 [INFO] CodeEngine:279 - Generated code: D:\AIFARM\STM32_GREENB\stm32f103_nethouse\MXTmpFiles\gpio.tmp
2025-05-06 15:44:59,837 [INFO] CodeEngine:255 - oldGeneratedFile, D:\AIFARM\STM32_GREENB\stm32f103_nethouse\Core\Src\stm32f1xx_it.c_save
2025-05-06 15:44:59,919 [INFO] CodeEngine:279 - Generated code: D:\AIFARM\STM32_GREENB\stm32f103_nethouse\Core\Src\stm32f1xx_it.c
2025-05-06 15:44:59,923 [INFO] CodeEngine:255 - oldGeneratedFile, D:\AIFARM\STM32_GREENB\stm32f103_nethouse\Core\Inc\stm32f1xx_it.h_save
2025-05-06 15:44:59,968 [INFO] CodeEngine:279 - Generated code: D:\AIFARM\STM32_GREENB\stm32f103_nethouse\Core\Inc\stm32f1xx_it.h
2025-05-06 15:44:59,982 [INFO] CodeEngine:255 - oldGeneratedFile, D:\AIFARM\STM32_GREENB\stm32f103_nethouse\Core\Src\stm32f1xx_hal_msp.c_save
2025-05-06 15:45:00,046 [INFO] CodeEngine:279 - Generated code: D:\AIFARM\STM32_GREENB\stm32f103_nethouse\Core\Src\stm32f1xx_hal_msp.c
2025-05-06 15:45:00,049 [INFO] CodeEngine:255 - oldGeneratedFile, D:\AIFARM\STM32_GREENB\stm32f103_nethouse\MXTmpFiles\system.tmp_save
2025-05-06 15:45:00,092 [INFO] CodeEngine:279 - Generated code: D:\AIFARM\STM32_GREENB\stm32f103_nethouse\MXTmpFiles\system.tmp
2025-05-06 15:45:00,110 [INFO] CodeEngine:311 - oldGeneratedFile, D:\AIFARM\STM32_GREENB\stm32f103_nethouse\Core\Inc\stm32f1xx_hal_conf.h_save
2025-05-06 15:45:00,186 [INFO] CodeEngine:335 - Generated code: D:\AIFARM\STM32_GREENB\stm32f103_nethouse\Core\Inc\stm32f1xx_hal_conf.h
2025-05-06 15:45:00,216 [INFO] CodeEngine:255 - oldGeneratedFile, D:\AIFARM\STM32_GREENB\stm32f103_nethouse\Core\Inc\main.h_save
2025-05-06 15:45:00,278 [INFO] CodeEngine:279 - Generated code: D:\AIFARM\STM32_GREENB\stm32f103_nethouse\Core\Inc\main.h
2025-05-06 15:45:00,291 [INFO] CodeEngine:255 - oldGeneratedFile, D:\AIFARM\STM32_GREENB\stm32f103_nethouse\Core\Src\main.c_save
2025-05-06 15:45:00,361 [INFO] CodeEngine:279 - Generated code: D:\AIFARM\STM32_GREENB\stm32f103_nethouse\Core\Src\main.c
2025-05-06 15:45:00,812 [INFO] ProjectBuilder:3064 - Time for Copy HAL[1] : 113mS.
2025-05-06 15:45:00,814 [INFO] ProjectBuilder:4404 - Project Generator version: 4.1.0
2025-05-06 15:45:01,047 [INFO] ConfigFileManager:1457 - The Die is : DIE410
2025-05-06 15:45:02,155 [INFO] ProjectBuilder:4626 - Time for Generating toolchain IDE Files: 1341mS.
2025-05-06 15:45:02,156 [INFO] ProjectBuilder:2935 - Time for Copy CMSIS : 1mS.
2025-05-06 15:45:02,158 [INFO] ProjectBuilder:2935 - Time for Copy CMSIS : 0mS.
2025-05-06 15:45:27,965 [INFO] UtilMem:75 - End SaveConfig() Used Memory: 831904752 Bytes (1073741824)
2025-05-06 15:45:28,178 [INFO] BlockDiagram:2759 - set Specific Code input for plugin: NVIC
2025-05-06 15:45:28,179 [INFO] BlockDiagram:2759 - set Specific Code input for plugin: USART
2025-05-06 15:45:28,179 [INFO] BlockDiagram:2759 - set Specific Code input for plugin: USART
2025-05-06 15:45:28,179 [INFO] BlockDiagram:2759 - set Specific Code input for plugin: SYS
2025-05-06 15:45:28,179 [INFO] BlockDiagram:2759 - set Specific Code input for plugin: GPIO
2025-05-06 15:45:28,179 [INFO] BlockDiagram:2759 - set Specific Code input for plugin: RCC
2025-05-06 15:45:28,180 [INFO] CodeGenerator:799 - code generatio: config db path: D:\ITC\STM32\STM32CubeIDE_1.13.0\STM32CubeIDE\plugins\com.st.stm32cube.common.mx_6.9.0.202307051724\\db\
2025-05-06 15:45:28,392 [INFO] CodeEngine:255 - oldGeneratedFile, D:\AIFARM\STM32_GREENB\stm32f103_nethouse\MXTmpFiles\license.tmp_save
2025-05-06 15:45:28,466 [INFO] CodeEngine:279 - Generated code: D:\AIFARM\STM32_GREENB\stm32f103_nethouse\MXTmpFiles\license.tmp
2025-05-06 15:45:28,479 [INFO] CodeEngine:255 - oldGeneratedFile, D:\AIFARM\STM32_GREENB\stm32f103_nethouse\MXTmpFiles\gpio.tmp_save
2025-05-06 15:45:28,557 [INFO] CodeEngine:279 - Generated code: D:\AIFARM\STM32_GREENB\stm32f103_nethouse\MXTmpFiles\gpio.tmp
2025-05-06 15:45:28,608 [INFO] CodeEngine:255 - oldGeneratedFile, D:\AIFARM\STM32_GREENB\stm32f103_nethouse\Core\Src\stm32f1xx_it.c_save
2025-05-06 15:45:28,678 [INFO] CodeEngine:279 - Generated code: D:\AIFARM\STM32_GREENB\stm32f103_nethouse\Core\Src\stm32f1xx_it.c
2025-05-06 15:45:28,682 [INFO] CodeEngine:255 - oldGeneratedFile, D:\AIFARM\STM32_GREENB\stm32f103_nethouse\Core\Inc\stm32f1xx_it.h_save
2025-05-06 15:45:28,749 [INFO] CodeEngine:279 - Generated code: D:\AIFARM\STM32_GREENB\stm32f103_nethouse\Core\Inc\stm32f1xx_it.h
2025-05-06 15:45:28,766 [INFO] CodeEngine:255 - oldGeneratedFile, D:\AIFARM\STM32_GREENB\stm32f103_nethouse\Core\Src\stm32f1xx_hal_msp.c_save
2025-05-06 15:45:28,849 [INFO] CodeEngine:279 - Generated code: D:\AIFARM\STM32_GREENB\stm32f103_nethouse\Core\Src\stm32f1xx_hal_msp.c
2025-05-06 15:45:28,852 [INFO] CodeEngine:255 - oldGeneratedFile, D:\AIFARM\STM32_GREENB\stm32f103_nethouse\MXTmpFiles\system.tmp_save
2025-05-06 15:45:28,895 [INFO] CodeEngine:279 - Generated code: D:\AIFARM\STM32_GREENB\stm32f103_nethouse\MXTmpFiles\system.tmp
2025-05-06 15:45:28,909 [INFO] CodeEngine:311 - oldGeneratedFile, D:\AIFARM\STM32_GREENB\stm32f103_nethouse\Core\Inc\stm32f1xx_hal_conf.h_save
2025-05-06 15:45:29,006 [INFO] CodeEngine:335 - Generated code: D:\AIFARM\STM32_GREENB\stm32f103_nethouse\Core\Inc\stm32f1xx_hal_conf.h
2025-05-06 15:45:29,036 [INFO] CodeEngine:255 - oldGeneratedFile, D:\AIFARM\STM32_GREENB\stm32f103_nethouse\Core\Inc\main.h_save
2025-05-06 15:45:29,095 [INFO] CodeEngine:279 - Generated code: D:\AIFARM\STM32_GREENB\stm32f103_nethouse\Core\Inc\main.h
2025-05-06 15:45:29,107 [INFO] CodeEngine:255 - oldGeneratedFile, D:\AIFARM\STM32_GREENB\stm32f103_nethouse\Core\Src\main.c_save
2025-05-06 15:45:29,175 [INFO] CodeEngine:279 - Generated code: D:\AIFARM\STM32_GREENB\stm32f103_nethouse\Core\Src\main.c
2025-05-06 15:45:29,650 [INFO] ProjectBuilder:3064 - Time for Copy HAL[1] : 147mS.
2025-05-06 15:45:29,653 [INFO] ProjectBuilder:4404 - Project Generator version: 4.1.0
2025-05-06 15:45:29,899 [INFO] ConfigFileManager:1457 - The Die is : DIE410
2025-05-06 15:45:31,405 [INFO] ProjectBuilder:4626 - Time for Generating toolchain IDE Files: 1752mS.
2025-05-06 15:45:31,406 [INFO] ProjectBuilder:2935 - Time for Copy CMSIS : 1mS.
2025-05-06 15:45:31,407 [INFO] ProjectBuilder:2935 - Time for Copy CMSIS : 0mS.
2025-05-06 15:46:08,472 [INFO] UtilMem:75 - End SaveConfig() Used Memory: 695751672 Bytes (1073741824)
2025-05-06 15:46:08,693 [INFO] BlockDiagram:2759 - set Specific Code input for plugin: NVIC
2025-05-06 15:46:08,693 [INFO] BlockDiagram:2759 - set Specific Code input for plugin: USART
2025-05-06 15:46:08,693 [INFO] BlockDiagram:2759 - set Specific Code input for plugin: USART
2025-05-06 15:46:08,693 [INFO] BlockDiagram:2759 - set Specific Code input for plugin: SYS
2025-05-06 15:46:08,693 [INFO] BlockDiagram:2759 - set Specific Code input for plugin: GPIO
2025-05-06 15:46:08,693 [INFO] BlockDiagram:2759 - set Specific Code input for plugin: RCC
2025-05-06 15:46:08,696 [INFO] CodeGenerator:799 - code generatio: config db path: D:\ITC\STM32\STM32CubeIDE_1.13.0\STM32CubeIDE\plugins\com.st.stm32cube.common.mx_6.9.0.202307051724\\db\
2025-05-06 15:46:08,839 [INFO] CodeEngine:255 - oldGeneratedFile, D:\AIFARM\STM32_GREENB\stm32f103_nethouse\MXTmpFiles\license.tmp_save
2025-05-06 15:46:08,929 [INFO] CodeEngine:279 - Generated code: D:\AIFARM\STM32_GREENB\stm32f103_nethouse\MXTmpFiles\license.tmp
2025-05-06 15:46:08,946 [INFO] CodeEngine:255 - oldGeneratedFile, D:\AIFARM\STM32_GREENB\stm32f103_nethouse\MXTmpFiles\gpio.tmp_save
2025-05-06 15:46:09,052 [INFO] CodeEngine:279 - Generated code: D:\AIFARM\STM32_GREENB\stm32f103_nethouse\MXTmpFiles\gpio.tmp
2025-05-06 15:46:09,132 [INFO] CodeEngine:255 - oldGeneratedFile, D:\AIFARM\STM32_GREENB\stm32f103_nethouse\Core\Src\stm32f1xx_it.c_save
2025-05-06 15:46:09,258 [INFO] CodeEngine:279 - Generated code: D:\AIFARM\STM32_GREENB\stm32f103_nethouse\Core\Src\stm32f1xx_it.c
2025-05-06 15:46:09,262 [INFO] CodeEngine:255 - oldGeneratedFile, D:\AIFARM\STM32_GREENB\stm32f103_nethouse\Core\Inc\stm32f1xx_it.h_save
2025-05-06 15:46:09,308 [INFO] CodeEngine:279 - Generated code: D:\AIFARM\STM32_GREENB\stm32f103_nethouse\Core\Inc\stm32f1xx_it.h
2025-05-06 15:46:09,325 [INFO] CodeEngine:255 - oldGeneratedFile, D:\AIFARM\STM32_GREENB\stm32f103_nethouse\Core\Src\stm32f1xx_hal_msp.c_save
2025-05-06 15:46:09,419 [INFO] CodeEngine:279 - Generated code: D:\AIFARM\STM32_GREENB\stm32f103_nethouse\Core\Src\stm32f1xx_hal_msp.c
2025-05-06 15:46:09,422 [INFO] CodeEngine:255 - oldGeneratedFile, D:\AIFARM\STM32_GREENB\stm32f103_nethouse\MXTmpFiles\system.tmp_save
2025-05-06 15:46:09,464 [INFO] CodeEngine:279 - Generated code: D:\AIFARM\STM32_GREENB\stm32f103_nethouse\MXTmpFiles\system.tmp
2025-05-06 15:46:09,479 [INFO] CodeEngine:311 - oldGeneratedFile, D:\AIFARM\STM32_GREENB\stm32f103_nethouse\Core\Inc\stm32f1xx_hal_conf.h_save
2025-05-06 15:46:09,558 [INFO] CodeEngine:335 - Generated code: D:\AIFARM\STM32_GREENB\stm32f103_nethouse\Core\Inc\stm32f1xx_hal_conf.h
2025-05-06 15:46:09,594 [INFO] CodeEngine:255 - oldGeneratedFile, D:\AIFARM\STM32_GREENB\stm32f103_nethouse\Core\Inc\main.h_save
2025-05-06 15:46:09,669 [INFO] CodeEngine:279 - Generated code: D:\AIFARM\STM32_GREENB\stm32f103_nethouse\Core\Inc\main.h
2025-05-06 15:46:09,680 [INFO] CodeEngine:255 - oldGeneratedFile, D:\AIFARM\STM32_GREENB\stm32f103_nethouse\Core\Src\main.c_save
2025-05-06 15:46:09,747 [INFO] CodeEngine:279 - Generated code: D:\AIFARM\STM32_GREENB\stm32f103_nethouse\Core\Src\main.c
2025-05-06 15:46:10,163 [INFO] ProjectBuilder:3064 - Time for Copy HAL[1] : 128mS.
2025-05-06 15:46:10,164 [INFO] ProjectBuilder:4404 - Project Generator version: 4.1.0
2025-05-06 15:46:10,386 [INFO] ConfigFileManager:1457 - The Die is : DIE410
2025-05-06 15:46:11,397 [INFO] ProjectBuilder:4626 - Time for Generating toolchain IDE Files: 1232mS.
2025-05-06 15:46:11,398 [INFO] ProjectBuilder:2935 - Time for Copy CMSIS : 0mS.
2025-05-06 15:46:11,399 [INFO] ProjectBuilder:2935 - Time for Copy CMSIS : 0mS.
2025-05-06 15:47:19,534 [ERROR] ConfigurationRetriever:142 - IOException on connection: Connect timed out
2025-05-06 15:47:33,425 [INFO] Activator:176 - 


2025-05-06 15:47:33,427 [INFO] Activator:177 - !SESSION log4j initialized
2025-05-06 15:47:39,627 [INFO] LogOutputStream:77 - [STDOUT_REDIRECT] 
2025-05-06 15:47:40,843 [INFO] ApplicationProperties:184 - Using Application install path: D:\ITC\STM32\STM32CubeIDE_1.13.0\STM32CubeIDE\plugins\com.st.stm32cube.common.mx_6.9.0.202307051724
2025-05-06 15:47:40,868 [INFO] DbMcusXml:78 - Set database path to: D:\ITC\STM32\STM32CubeIDE_1.13.0\STM32CubeIDE\plugins\com.st.stm32cube.common.mx_6.9.0.202307051724\\db\/mcu/
2025-05-06 15:47:40,869 [INFO] ApiDb:274 - Set plugin database path to: D:\ITC\STM32\STM32CubeIDE_1.13.0\STM32CubeIDE\plugins\com.st.stm32cube.common.mx_6.9.0.202307051724\\db\/plugins/boardmanager/
2025-05-06 15:47:40,869 [WARN] ApiDb:259 - Overriding images path with different value:  => D:\ITC\STM32\STM32CubeIDE_1.13.0\STM32CubeIDE\plugins\com.st.stm32cube.common.mx_6.9.0.202307051724\\db\/plugins/mcufinder/images/
2025-05-06 15:47:40,877 [INFO] ApiDb:250 - Set database path to: C:\Users\msi1\.stmcufinder\plugins\mcufinder//mcu/
2025-05-06 15:47:40,879 [INFO] DbMcusAds:125 - Set database path to: C:\Users\msi1\.stmcufinder\plugins\mcufinder//mcu/
2025-05-06 15:47:40,882 [INFO] CrossReferenceDbSqlite:203 - Set database path to: C:\Users\msi1\.stmcufinder\plugins\mcufinder//mcu/cs/
2025-05-06 15:47:40,995 [INFO] RulesReader:64 - Compatibility file has been processed (293 Rules)
2025-05-06 15:47:41,073 [INFO] DbMcusXml:78 - Set database path to: D:\ITC\STM32\STM32CubeIDE_1.13.0\STM32CubeIDE\plugins\com.st.stm32cube.common.mx_6.9.0.202307051724\\db\/mcu/
2025-05-06 15:47:41,073 [INFO] ApiDb:274 - Set plugin database path to: D:\ITC\STM32\STM32CubeIDE_1.13.0\STM32CubeIDE\plugins\com.st.stm32cube.common.mx_6.9.0.202307051724\\db\/plugins/boardmanager/
2025-05-06 15:47:41,074 [INFO] ApiDb:261 - Set plugin images path to: D:\ITC\STM32\STM32CubeIDE_1.13.0\STM32CubeIDE\plugins\com.st.stm32cube.common.mx_6.9.0.202307051724\\db\/plugins/mcufinder/images/
2025-05-06 15:47:41,074 [WARN] DbFile:41 - Overriding database path with different value: C:\Users\msi1\.stmcufinder\plugins\mcufinder/ => C:\Users\msi1\.stmcufinder\plugins\mcufinder
2025-05-06 15:47:41,074 [INFO] ApiDb:250 - Set database path to: C:\Users\msi1\.stmcufinder\plugins\mcufinder//mcu/
2025-05-06 15:47:41,074 [WARN] DbFile:41 - Overriding database path with different value: C:\Users\msi1\.stmcufinder\plugins\mcufinder/ => C:\Users\msi1\.stmcufinder\plugins\mcufinder
2025-05-06 15:47:41,074 [INFO] DbMcusAds:125 - Set database path to: C:\Users\msi1\.stmcufinder\plugins\mcufinder//mcu/
2025-05-06 15:47:41,074 [WARN] DbFile:41 - Overriding database path with different value: C:\Users\msi1\.stmcufinder\plugins\mcufinder/ => C:\Users\msi1\.stmcufinder\plugins\mcufinder
2025-05-06 15:47:41,074 [WARN] DbFile:41 - Overriding database path with different value: C:\Users\msi1\.stmcufinder\plugins\mcufinder/ => C:\Users\msi1\.stmcufinder\plugins\mcufinder
2025-05-06 15:47:41,074 [INFO] CrossReferenceDbSqlite:203 - Set database path to: C:\Users\msi1\.stmcufinder\plugins\mcufinder//mcu/cs/
2025-05-06 15:47:41,154 [INFO] MainPanel:262 - HeapMemory: 268435456
2025-05-06 15:47:41,252 [INFO] DbMcusXml:78 - Set database path to: D:\ITC\STM32\STM32CubeIDE_1.13.0\STM32CubeIDE\plugins\com.st.stm32cube.common.mx_6.9.0.202307051724\\db\/mcu/
2025-05-06 15:47:41,252 [INFO] ApiDb:274 - Set plugin database path to: D:\ITC\STM32\STM32CubeIDE_1.13.0\STM32CubeIDE\plugins\com.st.stm32cube.common.mx_6.9.0.202307051724\\db\/plugins/boardmanager/
2025-05-06 15:47:41,252 [INFO] ApiDb:261 - Set plugin images path to: D:\ITC\STM32\STM32CubeIDE_1.13.0\STM32CubeIDE\plugins\com.st.stm32cube.common.mx_6.9.0.202307051724\\db\/plugins/mcufinder/images/
2025-05-06 15:47:41,252 [WARN] DbFile:41 - Overriding database path with different value: C:\Users\msi1\.stmcufinder\plugins\mcufinder/ => C:\Users\msi1\.stmcufinder\plugins\mcufinder
2025-05-06 15:47:41,252 [INFO] ApiDb:250 - Set database path to: C:\Users\msi1\.stmcufinder\plugins\mcufinder//mcu/
2025-05-06 15:47:41,253 [WARN] DbFile:41 - Overriding database path with different value: C:\Users\msi1\.stmcufinder\plugins\mcufinder/ => C:\Users\msi1\.stmcufinder\plugins\mcufinder
2025-05-06 15:47:41,253 [INFO] DbMcusAds:125 - Set database path to: C:\Users\msi1\.stmcufinder\plugins\mcufinder//mcu/
2025-05-06 15:47:41,253 [WARN] DbFile:41 - Overriding database path with different value: C:\Users\msi1\.stmcufinder\plugins\mcufinder/ => C:\Users\msi1\.stmcufinder\plugins\mcufinder
2025-05-06 15:47:41,253 [WARN] DbFile:41 - Overriding database path with different value: C:\Users\msi1\.stmcufinder\plugins\mcufinder/ => C:\Users\msi1\.stmcufinder\plugins\mcufinder
2025-05-06 15:47:41,253 [INFO] CrossReferenceDbSqlite:203 - Set database path to: C:\Users\msi1\.stmcufinder\plugins\mcufinder//mcu/cs/
2025-05-06 15:47:41,273 [INFO] ApplicationProperties:184 - Using Application install path: D:\ITC\STM32\STM32CubeIDE_1.13.0\STM32CubeIDE\plugins\com.st.stm32cube.common.mx_6.9.0.202307051724
2025-05-06 15:47:41,274 [INFO] PluginManage:196 - Search for loadable plugins [exclusion list=, ]
2025-05-06 15:47:41,275 [INFO] PluginManage:310 - Check plugin analytics
2025-05-06 15:47:41,395 [INFO] AnalyticsPlugin:253 - Accepted Software Licenses: 
2025-05-06 15:47:41,395 [INFO] AnalyticsPlugin:255 - Accepted CMSIS Pack Licenses: 
2025-05-06 15:47:41,395 [INFO] AnalyticsPlugin:257 - Accepted Firmware Licenses: FW.F4.1.27.0
2025-05-06 15:47:41,398 [INFO] PluginManage:359 - Loaded plugin analytics (category:tool,tabindex:-1)
2025-05-06 15:47:41,398 [INFO] PluginManage:310 - Check plugin cadmodel
2025-05-06 15:47:41,401 [INFO] CADModel:105 - Init CAD model plugin
2025-05-06 15:47:41,401 [INFO] PluginManage:359 - Loaded plugin cadmodel (category:power,tabindex:5)
2025-05-06 15:47:41,401 [INFO] PluginManage:310 - Check plugin clock
2025-05-06 15:47:41,407 [INFO] PluginManage:359 - Loaded plugin clock (category:base,tabindex:2)
2025-05-06 15:47:41,407 [INFO] PluginManage:310 - Check plugin ddr
2025-05-06 15:47:41,409 [INFO] PluginManage:359 - Loaded plugin ddr (category:tool,tabindex:6)
2025-05-06 15:47:41,409 [INFO] PluginManage:310 - Check plugin filemanager
2025-05-06 15:47:41,519 [INFO] PluginManage:359 - Loaded plugin filemanager (category:base,tabindex:10)
2025-05-06 15:47:41,519 [INFO] PluginManage:310 - Check plugin ipmanager
2025-05-06 15:47:41,525 [INFO] PluginManage:359 - Loaded plugin ipmanager (category:base,tabindex:5)
2025-05-06 15:47:41,525 [INFO] PluginManage:310 - Check plugin lpbam
2025-05-06 15:47:41,532 [INFO] PluginManage:359 - Loaded plugin lpbam (category:base,tabindex:0)
2025-05-06 15:47:41,532 [INFO] PluginManage:310 - Check plugin memorymap
2025-05-06 15:47:41,546 [INFO] PluginManage:359 - Loaded plugin memorymap (category:base,tabindex:4)
2025-05-06 15:47:41,546 [INFO] PluginManage:310 - Check plugin pinoutandconfiguration
2025-05-06 15:47:41,551 [INFO] PluginManage:359 - Loaded plugin pinoutandconfiguration (category:base,tabindex:1)
2025-05-06 15:47:41,551 [INFO] PluginManage:310 - Check plugin pinoutconfig
2025-05-06 15:47:41,639 [WARN] SupportedApi:132 - Cannot load RTOS API schema: s4s-elt-must-match.1: The content of 'definitions' must match (annotation?, (simpleType | complexType)?, (unique | key | keyref)*)). A problem was found starting at: attribute.
2025-05-06 15:47:41,780 [INFO] PluginManage:359 - Loaded plugin pinoutconfig (category:base,tabindex:0)
2025-05-06 15:47:41,781 [INFO] PluginManage:310 - Check plugin power
2025-05-06 15:47:41,788 [INFO] PluginManage:359 - Loaded plugin power (category:power,tabindex:4)
2025-05-06 15:47:41,788 [INFO] PluginManage:310 - Check plugin projectmanager
2025-05-06 15:47:41,799 [INFO] PluginManage:359 - Loaded plugin projectmanager (category:projectmanager,tabindex:3)
2025-05-06 15:47:41,799 [INFO] PluginManage:310 - Check plugin thirdparty
2025-05-06 15:47:41,911 [INFO] PluginManage:359 - Loaded plugin thirdparty (category:base,tabindex:-1)
2025-05-06 15:47:41,911 [WARN] IntegrityCheckThread:84 - waiting for thirdparty lock release [integrity check]
2025-05-06 15:47:41,911 [INFO] PluginManage:310 - Check plugin tools
2025-05-06 15:47:41,911 [INFO] IntegrityCheckThread:86 - entering critical section [integrity check]
2025-05-06 15:47:41,911 [INFO] ThirdPartyUpdaterWithRetryManager:70 - Updater plugin not ready yet. [1/15]
2025-05-06 15:47:41,912 [INFO] PluginManage:359 - Loaded plugin tools (category:base,tabindex:7)
2025-05-06 15:47:41,912 [INFO] PluginManage:310 - Check plugin tutovideos
2025-05-06 15:47:42,062 [INFO] PluginManage:359 - Loaded plugin tutovideos (category:base,tabindex:-1)
2025-05-06 15:47:42,062 [INFO] PluginManage:310 - Check plugin updater
2025-05-06 15:47:42,070 [INFO] PluginManage:359 - Loaded plugin updater (category:base,tabindex:12)
2025-05-06 15:47:42,070 [INFO] PluginManage:310 - Check plugin userauth
2025-05-06 15:47:42,074 [INFO] UserAuth:113 - Init User Auth plugin
2025-05-06 15:47:42,075 [INFO] PluginManage:359 - Loaded plugin userauth (category:base,tabindex:14)
2025-05-06 15:47:42,075 [INFO] PluginManage:283 - PluginManage : Loaded plugins [17]
2025-05-06 15:47:42,259 [INFO] PinOutPanel:1499 - setPackage(No Configuration,No Configuration)
2025-05-06 15:47:42,347 [INFO] CADModel:165 - CPN selected for project level
2025-05-06 15:47:42,347 [INFO] CADModel:114 - Register for checkConnection events
2025-05-06 15:47:42,358 [INFO] IPUIPlugin:80 - create IPUIPlugin
2025-05-06 15:47:42,358 [INFO] PluginManager:220 - loadIPPluginJar : add adc
2025-05-06 15:47:42,360 [INFO] IPUIPlugin:80 - create IPUIPlugin
2025-05-06 15:47:42,360 [INFO] PluginManager:220 - loadIPPluginJar : add aes
2025-05-06 15:47:42,362 [INFO] IPUIPlugin:80 - create IPUIPlugin
2025-05-06 15:47:42,362 [INFO] PluginManager:220 - loadIPPluginJar : add can
2025-05-06 15:47:42,362 [INFO] IPUIPlugin:80 - create IPUIPlugin
2025-05-06 15:47:42,363 [INFO] PluginManager:220 - loadIPPluginJar : add comp
2025-05-06 15:47:42,363 [INFO] IPUIPlugin:80 - create IPUIPlugin
2025-05-06 15:47:42,363 [INFO] PluginManager:220 - loadIPPluginJar : add cryp
2025-05-06 15:47:42,365 [INFO] IPUIPlugin:80 - create IPUIPlugin
2025-05-06 15:47:42,365 [INFO] PluginManager:220 - loadIPPluginJar : add dfsdm
2025-05-06 15:47:42,368 [INFO] IPUIPlugin:80 - create IPUIPlugin
2025-05-06 15:47:42,369 [INFO] PluginManager:220 - loadIPPluginJar : add dma
2025-05-06 15:47:42,370 [INFO] IPUIPlugin:80 - create IPUIPlugin
2025-05-06 15:47:42,370 [INFO] PluginManager:220 - loadIPPluginJar : add dma3
2025-05-06 15:47:42,371 [INFO] IPUIPlugin:80 - create IPUIPlugin
2025-05-06 15:47:42,371 [INFO] PluginManager:220 - loadIPPluginJar : add fatfs
2025-05-06 15:47:42,373 [INFO] IPUIPlugin:80 - create IPUIPlugin
2025-05-06 15:47:42,373 [INFO] PluginManager:220 - loadIPPluginJar : add fmc
2025-05-06 15:47:42,377 [INFO] IPUIPlugin:80 - create IPUIPlugin
2025-05-06 15:47:42,377 [INFO] PluginManager:220 - loadIPPluginJar : add freertos
2025-05-06 15:47:42,378 [INFO] IPUIPlugin:80 - create IPUIPlugin
2025-05-06 15:47:42,378 [INFO] PluginManager:220 - loadIPPluginJar : add genericplugin
2025-05-06 15:47:42,379 [INFO] IPUIPlugin:80 - create IPUIPlugin
2025-05-06 15:47:42,379 [INFO] PluginManager:220 - loadIPPluginJar : add gfxmmu
2025-05-06 15:47:42,382 [INFO] IPUIPlugin:80 - create IPUIPlugin
2025-05-06 15:47:42,382 [INFO] PluginManager:220 - loadIPPluginJar : add gic
2025-05-06 15:47:42,384 [INFO] IPUIPlugin:80 - create IPUIPlugin
2025-05-06 15:47:42,384 [INFO] PluginManager:220 - loadIPPluginJar : add gpio
2025-05-06 15:47:42,386 [INFO] IPUIPlugin:80 - create IPUIPlugin
2025-05-06 15:47:42,386 [INFO] PluginManager:220 - loadIPPluginJar : add gtzc
2025-05-06 15:47:42,387 [INFO] IPUIPlugin:80 - create IPUIPlugin
2025-05-06 15:47:42,387 [INFO] PluginManager:220 - loadIPPluginJar : add hash
2025-05-06 15:47:42,388 [INFO] IPUIPlugin:80 - create IPUIPlugin
2025-05-06 15:47:42,388 [INFO] PluginManager:220 - loadIPPluginJar : add i2c
2025-05-06 15:47:42,390 [INFO] IPUIPlugin:80 - create IPUIPlugin
2025-05-06 15:47:42,390 [INFO] PluginManager:220 - loadIPPluginJar : add i2s
2025-05-06 15:47:42,391 [INFO] IPUIPlugin:80 - create IPUIPlugin
2025-05-06 15:47:42,391 [INFO] PluginManager:220 - loadIPPluginJar : add i3c
2025-05-06 15:47:42,393 [INFO] IPUIPlugin:80 - create IPUIPlugin
2025-05-06 15:47:42,393 [INFO] PluginManager:220 - loadIPPluginJar : add ipddr
2025-05-06 15:47:42,398 [INFO] IPUIPlugin:80 - create IPUIPlugin
2025-05-06 15:47:42,398 [INFO] PluginManager:220 - loadIPPluginJar : add linkedlist
2025-05-06 15:47:42,399 [INFO] IPUIPlugin:80 - create IPUIPlugin
2025-05-06 15:47:42,399 [INFO] PluginManager:220 - loadIPPluginJar : add lorawan
2025-05-06 15:47:42,400 [INFO] IPUIPlugin:80 - create IPUIPlugin
2025-05-06 15:47:42,400 [INFO] PluginManager:220 - loadIPPluginJar : add ltdc
2025-05-06 15:47:42,403 [INFO] IPUIPlugin:80 - create IPUIPlugin
2025-05-06 15:47:42,403 [INFO] PluginManager:220 - loadIPPluginJar : add mdma
2025-05-06 15:47:42,407 [INFO] IPUIPlugin:80 - create IPUIPlugin
2025-05-06 15:47:42,407 [INFO] PluginManager:220 - loadIPPluginJar : add nvic
2025-05-06 15:47:42,408 [INFO] IPUIPlugin:80 - create IPUIPlugin
2025-05-06 15:47:42,408 [INFO] PluginManager:220 - loadIPPluginJar : add opamp
2025-05-06 15:47:42,410 [INFO] IPUIPlugin:80 - create IPUIPlugin
2025-05-06 15:47:42,410 [INFO] PluginManager:220 - loadIPPluginJar : add openamp
2025-05-06 15:47:42,412 [INFO] IPUIPlugin:80 - create IPUIPlugin
2025-05-06 15:47:42,412 [INFO] PluginManager:220 - loadIPPluginJar : add pdm2pcm
2025-05-06 15:47:42,416 [INFO] IPUIPlugin:80 - create IPUIPlugin
2025-05-06 15:47:42,418 [INFO] PluginManager:220 - loadIPPluginJar : add plateformsettings
2025-05-06 15:47:42,419 [INFO] IPUIPlugin:80 - create IPUIPlugin
2025-05-06 15:47:42,419 [INFO] PluginManager:220 - loadIPPluginJar : add quadspi
2025-05-06 15:47:42,420 [INFO] IPUIPlugin:80 - create IPUIPlugin
2025-05-06 15:47:42,421 [INFO] PluginManager:220 - loadIPPluginJar : add resmgrutility
2025-05-06 15:47:42,422 [INFO] IPUIPlugin:80 - create IPUIPlugin
2025-05-06 15:47:42,422 [INFO] PluginManager:220 - loadIPPluginJar : add sai
2025-05-06 15:47:42,424 [INFO] IPUIPlugin:80 - create IPUIPlugin
2025-05-06 15:47:42,424 [INFO] PluginManager:220 - loadIPPluginJar : add spi
2025-05-06 15:47:42,427 [INFO] IPUIPlugin:80 - create IPUIPlugin
2025-05-06 15:47:42,427 [INFO] PluginManager:220 - loadIPPluginJar : add stm32_wpan
2025-05-06 15:47:42,428 [INFO] IPUIPlugin:80 - create IPUIPlugin
2025-05-06 15:47:42,428 [INFO] PluginManager:220 - loadIPPluginJar : add tim
2025-05-06 15:47:42,429 [INFO] IPUIPlugin:80 - create IPUIPlugin
2025-05-06 15:47:42,429 [INFO] PluginManager:220 - loadIPPluginJar : add touchsensing
2025-05-06 15:47:42,430 [INFO] IPUIPlugin:80 - create IPUIPlugin
2025-05-06 15:47:42,431 [INFO] PluginManager:220 - loadIPPluginJar : add tracer_emb
2025-05-06 15:47:42,432 [INFO] IPUIPlugin:80 - create IPUIPlugin
2025-05-06 15:47:42,432 [INFO] PluginManager:220 - loadIPPluginJar : add ts
2025-05-06 15:47:42,433 [INFO] IPUIPlugin:80 - create IPUIPlugin
2025-05-06 15:47:42,433 [INFO] PluginManager:220 - loadIPPluginJar : add tsc
2025-05-06 15:47:42,435 [INFO] IPUIPlugin:80 - create IPUIPlugin
2025-05-06 15:47:42,435 [INFO] PluginManager:220 - loadIPPluginJar : add ucpd
2025-05-06 15:47:42,439 [INFO] IPUIPlugin:80 - create IPUIPlugin
2025-05-06 15:47:42,439 [INFO] PluginManager:220 - loadIPPluginJar : add usart
2025-05-06 15:47:42,441 [INFO] IPUIPlugin:80 - create IPUIPlugin
2025-05-06 15:47:42,441 [INFO] PluginManager:220 - loadIPPluginJar : add usbx
2025-05-06 15:47:42,559 [INFO] CADModel:165 - CPN selected for project level
2025-05-06 15:47:42,560 [INFO] CADModel:114 - Register for checkConnection events
2025-05-06 15:47:42,561 [FATAL] Updater:308 - Updater called before beeing initialized
2025-05-06 15:47:42,561 [ERROR] CADModel:125 - Updater not yet initialized, retry later 
2025-05-06 15:47:42,710 [INFO] CADModel:165 - CPN selected for project level
2025-05-06 15:47:42,710 [INFO] CADModel:114 - Register for checkConnection events
2025-05-06 15:47:42,710 [FATAL] Updater:308 - Updater called before beeing initialized
2025-05-06 15:47:42,710 [ERROR] CADModel:125 - Updater not yet initialized, retry later 
2025-05-06 15:47:42,712 [FATAL] Updater:308 - Updater called before beeing initialized
2025-05-06 15:47:42,793 [FATAL] Updater:308 - Updater called before beeing initialized
2025-05-06 15:47:42,800 [INFO] DbMcusAds:53 - JSON generation date=Tue Dec 17 23:01:15 ICT 2024 (1734451275230)
2025-05-06 15:47:42,801 [FATAL] Updater:308 - Updater called before beeing initialized
2025-05-06 15:47:42,833 [WARN] DetailPanel:346 - Failed to get advertising image, set to default
2025-05-06 15:47:42,932 [FATAL] Updater:308 - Updater called before beeing initialized
2025-05-06 15:47:42,934 [FATAL] Updater:308 - Updater called before beeing initialized
2025-05-06 15:47:42,934 [FATAL] Updater:308 - Updater called before beeing initialized
2025-05-06 15:47:42,934 [WARN] DetailPanel:346 - Failed to get advertising image, set to default
2025-05-06 15:47:42,935 [FATAL] Updater:308 - Updater called before beeing initialized
2025-05-06 15:47:42,966 [ERROR] Updater:1120 - MainUpdater not yet initialized. External WinMGr cannot be set.
2025-05-06 15:47:42,968 [INFO] Updater:1056 - Updater Version found : 6.9.0
2025-05-06 15:47:42,981 [INFO] ApplicationProperties:184 - Using Application install path: D:\ITC\STM32\STM32CubeIDE_1.13.0\STM32CubeIDE\plugins\com.st.stm32cube.common.mx_6.9.0.202307051724
2025-05-06 15:47:44,438 [INFO] MainUpdater:2868 - connection check result : 10
2025-05-06 15:47:44,439 [INFO] MainUpdater:285 - Updater Check For Update Now.
2025-05-06 15:47:44,439 [INFO] MicroXplorer:498 - Change Database Version : DB.6.0.90
2025-05-06 15:47:44,456 [INFO] McuFinderGlobals:63 - Set McuFinder mode to 2 (CubeIDE integrated)
2025-05-06 15:47:44,624 [INFO] CheckServerUpdateThread:120 - End of CheckServer Thread
2025-05-06 15:47:45,136 [WARN] PackLoader:240 - Cannot read IP mode file for STMicroelectronics.FP-SNS-MOTENVWB1.1.4.0
2025-05-06 15:47:45,144 [WARN] PackLoader:240 - Cannot read IP mode file for STMicroelectronics.FP-ATR-ASTRA1.2.0.2
2025-05-06 15:47:45,147 [WARN] PackLoader:240 - Cannot read IP mode file for STMicroelectronics.FP-ATR-ASTRA1.2.0.1
2025-05-06 15:47:45,158 [WARN] PackLoader:240 - Cannot read IP mode file for STMicroelectronics.X-CUBE-SMBUS.2.1.0
2025-05-06 15:47:45,165 [WARN] PackLoader:240 - Cannot read IP mode file for STMicroelectronics.X-CUBE-WB05N.1.1.0
2025-05-06 15:47:45,170 [WARN] PackLoader:240 - Cannot read IP mode file for STMicroelectronics.X-CUBE-TOUCHGFX.4.23.0
2025-05-06 15:47:45,172 [WARN] PackLoader:240 - Cannot read IP mode file for STMicroelectronics.X-CUBE-TOUCHGFX.4.23.2
2025-05-06 15:47:45,199 [WARN] PackLoader:240 - Cannot read IP mode file for STMicroelectronics.X-CUBE-AZRTOS-F7.1.1.0
2025-05-06 15:47:45,208 [ERROR] RealEvaluatedCondition:428 - Found unsupported composite condition: GROUP='STM32_MetaDataManager' CLASS='Data Exchange'
2025-05-06 15:47:45,208 [ERROR] RealEvaluatedCondition:428 - Found unsupported composite condition: GROUP='STM32_MetaDataManager' CLASS='Data Exchange'
2025-05-06 15:47:45,209 [WARN] PackLoader:240 - Cannot read IP mode file for STMicroelectronics.FP-SNS-MOTENV1.4.3.0
2025-05-06 15:47:45,215 [WARN] PackLoader:240 - Cannot read IP mode file for STMicroelectronics.FP-SNS-MOTENV1.4.3.2
2025-05-06 15:47:45,220 [WARN] PackLoader:240 - Cannot read IP mode file for STMicroelectronics.FP-SNS-FLIGHT1.5.0.0
2025-05-06 15:47:45,226 [WARN] PackLoader:240 - Cannot read IP mode file for STMicroelectronics.X-CUBE-BLE1.6.2.4
2025-05-06 15:47:45,230 [WARN] PackLoader:240 - Cannot read IP mode file for STMicroelectronics.FP-SNS-FLIGHT1.5.0.2
2025-05-06 15:47:45,236 [ERROR] Engine:466 - C:\Users\msi1\.stm32cubemx\thirdparties\pdsc\Infineon.AIROC-Wi-Fi-Bluetooth-STM32.1.7.0.pdsc: PDSC version is not supported
2025-05-06 15:47:45,243 [WARN] PackLoader:240 - Cannot read IP mode file for STMicroelectronics.X-CUBE-DISPLAY.3.0.0
2025-05-06 15:47:45,251 [WARN] PackLoader:240 - Cannot read IP mode file for STMicroelectronics.X-CUBE-BLE1.7.0.0
2025-05-06 15:47:45,257 [WARN] PackLoader:240 - Cannot read IP mode file for STMicroelectronics.X-CUBE-NFC10.1.0.0
2025-05-06 15:47:45,262 [ERROR] Engine:466 - C:\Users\msi1\.stm32cubemx\thirdparties\pdsc\STMicroelectronics.X-CUBE-BLEMGR.4.0.0.pdsc: PDSC version is not supported
2025-05-06 15:47:45,267 [WARN] PackLoader:240 - Cannot read IP mode file for emotas.I-CUBE-CANOPEN.1.3.0
2025-05-06 15:47:45,271 [WARN] PackLoader:240 - Cannot read IP mode file for STMicroelectronics.X-CUBE-TOUCHGFX.4.22.0
2025-05-06 15:47:45,273 [WARN] PackLoader:240 - Cannot read IP mode file for STMicroelectronics.X-CUBE-TOUCHGFX.4.22.1
2025-05-06 15:47:45,281 [WARN] PackLoader:240 - Cannot read IP mode file for STMicroelectronics.X-CUBE-BLEMGR.3.1.0
2025-05-06 15:47:45,286 [WARN] PackLoader:240 - Cannot read IP mode file for STMicroelectronics.X-CUBE-AI.10.0.0
2025-05-06 15:47:45,291 [WARN] PackLoader:240 - Cannot read IP mode file for STMicroelectronics.FP-SNS-SMARTAG2.1.2.0
2025-05-06 15:47:45,295 [ERROR] Engine:466 - C:\Users\msi1\.stm32cubemx\thirdparties\pdsc\STMicroelectronics.FP-SNS-FLIGHT1.5.1.0.pdsc: PDSC version is not supported
2025-05-06 15:47:45,343 [WARN] PackLoader:240 - Cannot read IP mode file for STMicroelectronics.X-CUBE-MEMS1.11.1.0
2025-05-06 15:47:45,454 [INFO] LogOutputStream:77 - [STDOUT_REDIRECT] 1 : Invalid condition id : UX_CORESTACK_Condition cause : null
2025-05-06 15:47:45,455 [INFO] LogOutputStream:77 - [STDOUT_REDIRECT] 1 : Invalid condition id : UX_CORESTACK_Condition cause : null
2025-05-06 15:47:45,456 [INFO] LogOutputStream:77 - [STDOUT_REDIRECT] 1 : Invalid condition id : UX_CORESTACK_Condition cause : null
2025-05-06 15:47:45,458 [INFO] LogOutputStream:77 - [STDOUT_REDIRECT] 1 : Invalid condition id : UX_CORESTACK_Condition cause : null
2025-05-06 15:47:45,459 [INFO] LogOutputStream:77 - [STDOUT_REDIRECT] 1 : Invalid condition id : UX_CORESTACK_Condition cause : null
2025-05-06 15:47:45,462 [WARN] PackLoader:240 - Cannot read IP mode file for STMicroelectronics.X-CUBE-AZRTOS-WL.2.0.0
2025-05-06 15:47:45,468 [WARN] PackLoader:240 - Cannot read IP mode file for STMicroelectronics.FP-SNS-MOTENV1.5.0.0
2025-05-06 15:47:45,473 [WARN] PackLoader:240 - Cannot read IP mode file for wolfSSL.I-CUBE-wolfMQTT.1.19.0
2025-05-06 15:47:45,481 [WARN] PackLoader:240 - Cannot read IP mode file for WES.I-CUBE-Cesium.1.3.0
2025-05-06 15:47:45,487 [WARN] PackLoader:240 - Cannot read IP mode file for STMicroelectronics.X-CUBE-BLE2.3.3.0
2025-05-06 15:47:45,492 [WARN] PackLoader:240 - Cannot read IP mode file for STMicroelectronics.X-CUBE-NFC9.1.0.0
2025-05-06 15:47:45,497 [WARN] PackLoader:240 - Cannot read IP mode file for STMicroelectronics.X-CUBE-BLE1.7.1.0
2025-05-06 15:47:45,503 [WARN] PackLoader:240 - Cannot read IP mode file for STMicroelectronics.X-CUBE-TCPP.4.1.0
2025-05-06 15:47:45,507 [WARN] PackLoader:240 - Cannot read IP mode file for STMicroelectronics.X-CUBE-TOUCHGFX.4.21.4
2025-05-06 15:47:45,511 [WARN] PackLoader:240 - Cannot read IP mode file for STMicroelectronics.X-CUBE-ALGOBUILD.1.3.0
2025-05-06 15:47:45,549 [WARN] PackLoader:240 - Cannot read IP mode file for STMicroelectronics.X-CUBE-MEMS1.11.2.0
2025-05-06 15:47:45,636 [WARN] PackLoader:240 - Cannot read IP mode file for STMicroelectronics.X-CUBE-AZRTOS-G0.1.1.0
2025-05-06 15:47:45,643 [WARN] PackLoader:240 - Cannot read IP mode file for STMicroelectronics.X-CUBE-SAFEA1.1.2.2
2025-05-06 15:47:45,648 [WARN] PackLoader:240 - Cannot read IP mode file for STMicroelectronics.X-CUBE-NFC4.3.0.0
2025-05-06 15:47:45,651 [WARN] PackLoader:240 - Cannot read IP mode file for wolfSSL.I-CUBE-wolfMQTT.1.18.0
2025-05-06 15:47:45,653 [ERROR] Engine:466 - C:\Users\msi1\.stm32cubemx\thirdparties\pdsc\EmbeddedOffice.I-CUBE-FS-RTOS.1.0.1.pdsc: PDSC version is not supported
2025-05-06 15:47:45,657 [WARN] PackLoader:240 - Cannot read IP mode file for STMicroelectronics.X-CUBE-WB05N.2.0.0
2025-05-06 15:47:45,671 [WARN] PackLoader:240 - Cannot read IP mode file for STMicroelectronics.X-CUBE-BLEMGR.3.0.0
2025-05-06 15:47:45,676 [ERROR] Engine:466 - C:\Users\msi1\.stm32cubemx\thirdparties\pdsc\STMicroelectronics.X-CUBE-TCPP.4.2.0.pdsc: PDSC version is not supported
2025-05-06 15:47:45,680 [ERROR] Engine:466 - C:\Users\msi1\.stm32cubemx\thirdparties\pdsc\RealThread.X-CUBE-RT-Thread_Nano.4.1.1.pdsc: PDSC version is not supported
2025-05-06 15:47:45,685 [WARN] PackLoader:240 - Cannot read IP mode file for STMicroelectronics.FP-ATR-SIGFOX1.3.2.0
2025-05-06 15:47:45,687 [ERROR] Engine:466 - C:\Users\msi1\.stm32cubemx\thirdparties\pdsc\quantropi.X-CUBE-qispace-sdk-base.1.9.3.pdsc: PDSC version is not supported
2025-05-06 15:47:45,692 [WARN] PackLoader:240 - Cannot read IP mode file for STMicroelectronics.X-CUBE-EEPRMA1.5.1.0
2025-05-06 15:47:45,696 [WARN] PackLoader:240 - Cannot read IP mode file for wolfSSL.I-CUBE-wolfSSL.5.7.6
2025-05-06 15:47:45,701 [WARN] PackLoader:240 - Cannot read IP mode file for ITTIA_DB.I-CUBE-ITTIADB.8.9.0
2025-05-06 15:47:45,722 [WARN] PackLoader:240 - Cannot read IP mode file for SEGGER.I-CUBE-embOS.1.3.1
2025-05-06 15:47:45,753 [WARN] PackLoader:240 - Cannot read IP mode file for STMicroelectronics.X-CUBE-ALGOBUILD.1.4.0
2025-05-06 15:47:45,758 [WARN] PackLoader:240 - Cannot read IP mode file for STMicroelectronics.X-CUBE-AI.9.1.0
2025-05-06 15:47:45,762 [WARN] PackLoader:240 - Cannot read IP mode file for STMicroelectronics.X-CUBE-GNSS1.6.0.0
2025-05-06 15:47:45,774 [WARN] PackLoader:240 - Cannot read IP mode file for STMicroelectronics.X-CUBE-AZRTOS-F4.1.1.0
2025-05-06 15:47:45,778 [ERROR] Engine:466 - C:\Users\msi1\.stm32cubemx\thirdparties\pdsc\Avnet-IotConnect.X-CUBE-IoTC-DA16k-PMOD.1.0.0.pdsc: PDSC version is not supported
2025-05-06 15:47:45,781 [WARN] PackLoader:240 - Cannot read IP mode file for wolfSSL.I-CUBE-wolfSSL.5.6.0
2025-05-06 15:47:45,784 [WARN] PackLoader:240 - Cannot read IP mode file for STMicroelectronics.X-CUBE-ISPU.2.1.0
2025-05-06 15:47:45,788 [WARN] PackLoader:240 - Cannot read IP mode file for STMicroelectronics.X-CUBE-FREERTOS.1.2.0
2025-05-06 15:47:45,801 [WARN] PackLoader:240 - Cannot read IP mode file for STMicroelectronics.X-CUBE-AZRTOS-L5.2.0.0
2025-05-06 15:47:45,827 [WARN] PackLoader:240 - Cannot read IP mode file for STMicroelectronics.X-CUBE-MEMS1.9.6.0
2025-05-06 15:47:45,925 [WARN] PackLoader:240 - Cannot read IP mode file for STMicroelectronics.X-CUBE-EEPRMA1.4.2.0
2025-05-06 15:47:45,930 [WARN] PackLoader:240 - Cannot read IP mode file for STMicroelectronics.X-CUBE-NFC6.3.1.0
2025-05-06 15:47:45,936 [WARN] PackLoader:240 - Cannot read IP mode file for ITTIA_DB.I-CUBE-ITTIADB.8.8.0
2025-05-06 15:47:45,941 [WARN] PackLoader:240 - Cannot read IP mode file for emotas.I-CUBE-CANOPEN.1.1.3
2025-05-06 15:47:45,946 [WARN] PackLoader:240 - Cannot read IP mode file for STMicroelectronics.X-CUBE-BLEMGR.2.0.0
2025-05-06 15:47:45,950 [ERROR] Engine:466 - C:\Users\msi1\.stm32cubemx\thirdparties\pdsc\STMicroelectronics.X-CUBE-DPower.1.2.0.pdsc: PDSC version is not supported
2025-05-06 15:47:45,952 [WARN] PackLoader:240 - Cannot read IP mode file for STMicroelectronics.X-CUBE-AI.9.0.0
2025-05-06 15:47:45,964 [WARN] ConditionMgr:438 - getConditionDescription Invalid condition id : UX DEVICE CLASS RTOS Condition cause : null
2025-05-06 15:47:45,965 [WARN] ConditionMgr:438 - getConditionDescription Invalid condition id : UX DEVICE CLASS RTOS Condition cause : null
2025-05-06 15:47:45,967 [WARN] PackLoader:240 - Cannot read IP mode file for STMicroelectronics.X-CUBE-AZRTOS-H7.3.1.0
2025-05-06 15:47:45,968 [WARN] ConditionMgr:1039 - genDependencies : Invalid condition id : UX DEVICE CLASS RTOS Condition cause : null
2025-05-06 15:47:45,968 [WARN] ConditionMgr:1039 - genDependencies : Invalid condition id : UX DEVICE CLASS RTOS Condition cause : null
2025-05-06 15:47:45,969 [WARN] ConditionMgr:1039 - genDependencies : Invalid condition id : UX DEVICE CLASS RTOS Condition cause : null
2025-05-06 15:47:45,969 [WARN] ConditionMgr:1039 - genDependencies : Invalid condition id : UX DEVICE CLASS RTOS Condition cause : null
2025-05-06 15:47:45,969 [WARN] ConditionMgr:1039 - genDependencies : Invalid condition id : UX DEVICE CLASS RTOS Condition cause : null
2025-05-06 15:47:45,973 [WARN] PackLoader:240 - Cannot read IP mode file for STMicroelectronics.X-CUBE-FREERTOS.1.3.0
2025-05-06 15:47:45,978 [WARN] PackLoader:240 - Cannot read IP mode file for STMicroelectronics.X-CUBE-NFC7.1.0.1
2025-05-06 15:47:45,982 [WARN] PackLoader:240 - Cannot read IP mode file for STMicroelectronics.X-CUBE-NFC7.1.0.0
2025-05-06 15:47:45,986 [WARN] PackLoader:240 - Cannot read IP mode file for wolfSSL.I-CUBE-wolfTPM.3.2.0
2025-05-06 15:47:45,991 [WARN] PackLoader:240 - Cannot read IP mode file for STMicroelectronics.X-CUBE-NFC6.3.0.0
2025-05-06 15:47:45,996 [WARN] PackLoader:240 - Cannot read IP mode file for STMicroelectronics.X-CUBE-EEPRMA1.4.1.0
2025-05-06 15:47:46,000 [ERROR] Engine:466 - C:\Users\msi1\.stm32cubemx\thirdparties\pdsc\STMicroelectronics.X-CUBE-DPower.1.3.0.pdsc: PDSC version is not supported
2025-05-06 15:47:46,005 [WARN] PackLoader:240 - Cannot read IP mode file for STMicroelectronics.X-CUBE-AI.8.1.0
2025-05-06 15:47:46,022 [WARN] ConditionMgr:438 - getConditionDescription Invalid condition id : LAN8742 Phy interface Condition cause : null
2025-05-06 15:47:46,023 [WARN] PackLoader:240 - Cannot read IP mode file for STMicroelectronics.X-CUBE-AZRTOS-L4.2.0.0
2025-05-06 15:47:46,023 [WARN] ConditionMgr:1039 - genDependencies : Invalid condition id : LAN8742 Phy interface Condition cause : null
2025-05-06 15:47:46,023 [WARN] ConditionMgr:1039 - genDependencies : Invalid condition id : LAN8742 Phy interface Condition cause : null
2025-05-06 15:47:46,024 [WARN] ConditionMgr:1039 - genDependencies : Invalid condition id : LAN8742 Phy interface Condition cause : null
2025-05-06 15:47:46,029 [WARN] PackLoader:240 - Cannot read IP mode file for STMicroelectronics.X-CUBE-SFXS2LP1.4.0.0
2025-05-06 15:47:46,034 [WARN] PackLoader:240 - Cannot read IP mode file for STMicroelectronics.X-CUBE-ISPU.1.1.0
2025-05-06 15:47:46,048 [WARN] PackLoader:240 - Cannot read IP mode file for STMicroelectronics.X-CUBE-AZRTOS-H7.3.3.0
2025-05-06 15:47:46,054 [ERROR] Engine:466 - C:\Users\msi1\.stm32cubemx\thirdparties\pdsc\STMicroelectronics.X-CUBE-IPS.3.0.0.pdsc: PDSC version is not supported
2025-05-06 15:47:46,063 [WARN] ConditionMgr:438 - getConditionDescription Invalid condition id : UX DEVICE CLASS RTOS Condition cause : null
2025-05-06 15:47:46,064 [WARN] ConditionMgr:438 - getConditionDescription Invalid condition id : UX DEVICE CLASS RTOS Condition cause : null
2025-05-06 15:47:46,065 [WARN] PackLoader:240 - Cannot read IP mode file for STMicroelectronics.X-CUBE-AZRTOS-WB.2.0.0
2025-05-06 15:47:46,066 [WARN] ConditionMgr:1039 - genDependencies : Invalid condition id : UX DEVICE CLASS RTOS Condition cause : null
2025-05-06 15:47:46,066 [WARN] ConditionMgr:1039 - genDependencies : Invalid condition id : UX DEVICE CLASS RTOS Condition cause : null
2025-05-06 15:47:46,067 [WARN] ConditionMgr:1039 - genDependencies : Invalid condition id : UX DEVICE CLASS RTOS Condition cause : null
2025-05-06 15:47:46,067 [WARN] ConditionMgr:1039 - genDependencies : Invalid condition id : UX DEVICE CLASS RTOS Condition cause : null
2025-05-06 15:47:46,067 [WARN] ConditionMgr:1039 - genDependencies : Invalid condition id : UX DEVICE CLASS RTOS Condition cause : null
2025-05-06 15:47:46,072 [WARN] PackLoader:240 - Cannot read IP mode file for STMicroelectronics.X-CUBE-FREERTOS.1.0.1
2025-05-06 15:47:46,077 [WARN] PackLoader:240 - Cannot read IP mode file for STMicroelectronics.X-CUBE-GNSS1.7.0.1
2025-05-06 15:47:46,081 [WARN] PackLoader:240 - Cannot read IP mode file for STMicroelectronics.X-CUBE-TOUCHGFX.4.25.0
2025-05-06 15:47:46,083 [ERROR] Engine:466 - C:\Users\msi1\.stm32cubemx\thirdparties\pdsc\STMicroelectronics.FP-SNS-STBOX1.2.0.0.pdsc: PDSC version is not supported
2025-05-06 15:47:46,094 [WARN] PackLoader:240 - Cannot read IP mode file for STMicroelectronics.X-CUBE-AZRTOS-L5.1.1.0
2025-05-06 15:47:46,099 [WARN] PackLoader:240 - Cannot read IP mode file for STMicroelectronics.X-CUBE-AI.8.0.1
2025-05-06 15:47:46,107 [WARN] PackLoader:240 - Cannot read IP mode file for STMicroelectronics.X-CUBE-SUBG2.5.0.0
2025-05-06 15:47:46,122 [WARN] PackLoader:240 - Cannot read IP mode file for STMicroelectronics.X-CUBE-AZRTOS-H7RS.1.1.0
2025-05-06 15:47:46,128 [WARN] PackLoader:240 - Cannot read IP mode file for Cesanta.I-CUBE-Mongoose.7.13.0
2025-05-06 15:47:46,134 [WARN] PackLoader:240 - Cannot read IP mode file for STMicroelectronics.X-CUBE-TOF1.3.3.1
2025-05-06 15:47:46,151 [WARN] PackLoader:240 - Cannot read IP mode file for STMicroelectronics.X-CUBE-AZRTOS-G4.2.0.0
2025-05-06 15:47:46,158 [WARN] PackLoader:240 - Cannot read IP mode file for STMicroelectronics.X-CUBE-TOF1.3.3.0
2025-05-06 15:47:46,173 [WARN] PackLoader:240 - Cannot read IP mode file for Infineon.AIROC-Wi-Fi-Bluetooth-STM32.1.5.1
2025-05-06 15:47:46,178 [WARN] PackLoader:240 - Cannot read IP mode file for STMicroelectronics.FP-SNS-MOTENVWB1.1.3.0
2025-05-06 15:47:46,181 [WARN] PackLoader:240 - Cannot read IP mode file for STMicroelectronics.X-CUBE-NFC7.2.0.0
2025-05-06 15:47:46,184 [WARN] PackLoader:240 - Cannot read IP mode file for STMicroelectronics.FP-SNS-MOTENVWB1.1.3.1
2025-05-06 15:47:46,196 [WARN] PackLoader:240 - Cannot read IP mode file for STMicroelectronics.X-CUBE-AZRTOS-L4.1.0.0
2025-05-06 15:47:46,201 [WARN] PackLoader:240 - Cannot read IP mode file for STMicroelectronics.X-CUBE-ISPU.2.0.0
2025-05-06 15:47:46,208 [ERROR] Engine:466 - C:\Users\msi1\.stm32cubemx\thirdparties\pdsc\STMicroelectronics.X-CUBE-IPS.3.1.0.pdsc: PDSC version is not supported
2025-05-06 15:47:46,213 [WARN] PackLoader:240 - Cannot read IP mode file for STMicroelectronics.X-CUBE-ALS.1.0.2
2025-05-06 15:47:46,249 [WARN] PackLoader:240 - Cannot read IP mode file for STMicroelectronics.X-CUBE-MEMS1.10.0.0
2025-05-06 15:47:46,351 [WARN] PackLoader:240 - Cannot read IP mode file for STMicroelectronics.X-CUBE-FREERTOS.1.1.0
2025-05-06 15:47:46,356 [WARN] PackLoader:240 - Cannot read IP mode file for STMicroelectronics.X-CUBE-TOUCHGFX.4.24.0
2025-05-06 15:47:46,360 [WARN] PackLoader:240 - Cannot read IP mode file for STMicroelectronics.X-CUBE-TOUCHGFX.4.24.2
2025-05-06 15:47:46,366 [WARN] PackLoader:240 - Cannot read IP mode file for STMicroelectronics.X-CUBE-AZRTOS-WL.1.0.0
2025-05-06 15:47:46,370 [WARN] PackLoader:240 - Cannot read IP mode file for STMicroelectronics.X-CUBE-TOUCHGFX.4.24.1
2025-05-06 15:47:46,373 [WARN] PackLoader:240 - Cannot read IP mode file for wolfSSL.I-CUBE-wolfTPM.3.4.0
2025-05-06 15:47:46,378 [WARN] PackLoader:240 - Cannot read IP mode file for portGmbH.I-Cube-SoM-uGOAL.1.1.0
2025-05-06 15:47:46,382 [WARN] PackLoader:240 - Cannot read IP mode file for STMicroelectronics.X-CUBE-ALS.1.0.1
2025-05-06 15:47:46,389 [WARN] PackLoader:240 - Cannot read IP mode file for STMicroelectronics.X-CUBE-AZRTOS-WB.1.1.0
2025-05-06 15:47:46,402 [WARN] PackLoader:240 - Cannot read IP mode file for STMicroelectronics.X-CUBE-AZRTOS-H7RS.1.0.0
2025-05-06 15:47:46,411 [WARN] PackLoader:240 - Cannot read IP mode file for STMicroelectronics.FP-ATR-ASTRA1.2.0.0
2025-05-06 15:47:46,417 [ERROR] Engine:466 - C:\Users\msi1\.stm32cubemx\thirdparties\pdsc\STMicroelectronics.X-CUBE-TOF1.3.4.2.pdsc: PDSC version is not supported
2025-05-06 15:47:46,421 [ERROR] Engine:466 - C:\Users\msi1\.stm32cubemx\thirdparties\pdsc\STMicroelectronics.X-CUBE-TOF1.3.4.3.pdsc: PDSC version is not supported
2025-05-06 15:47:46,428 [WARN] PackLoader:240 - Cannot read IP mode file for STMicroelectronics.X-CUBE-TOF1.3.4.0
2025-05-06 15:47:46,446 [WARN] PackLoader:240 - Cannot read IP mode file for STMicroelectronics.X-CUBE-TOF1.3.4.1
2025-05-06 15:47:46,464 [WARN] PackLoader:240 - Cannot read IP mode file for STMicroelectronics.X-CUBE-AZRTOS-H7.3.2.0
2025-05-06 15:47:46,470 [WARN] PackLoader:240 - Cannot read IP mode file for wolfSSL.I-CUBE-wolfSSH.1.4.17
2025-05-06 15:47:46,471 [INFO] ThirdParty:978 - Integrity check success = true
2025-05-06 15:47:46,471 [INFO] IntegrityCheckThread:100 - exiting critical section [integrity check]
2025-05-06 15:47:46,471 [INFO] IntegrityCheckThread:103 - End integrity checks thread
2025-05-06 15:48:05,130 [ERROR] LogOutputStream:75 - [STDERR_REDIRECT] SLF4J: Failed to load class "org.slf4j.impl.StaticLoggerBinder".
2025-05-06 15:48:05,130 [ERROR] LogOutputStream:75 - [STDERR_REDIRECT] SLF4J: Defaulting to no-operation (NOP) logger implementation
2025-05-06 15:48:05,131 [ERROR] LogOutputStream:75 - [STDERR_REDIRECT] SLF4J: See http://www.slf4j.org/codes.html#StaticLoggerBinder for further details.
2025-05-06 15:49:36,245 [INFO] McuFinderGlobals:63 - Set McuFinder mode to 2 (CubeIDE integrated)
2025-05-06 15:49:36,249 [INFO] MainUpdater:2868 - connection check result : 10
2025-05-06 15:49:36,249 [INFO] MainUpdater:2868 - connection check result : 10
2025-05-06 15:49:36,274 [INFO] MicroXplorer:468 - Change Database Path : 
2025-05-06 15:49:36,274 [INFO] MicroXplorer:498 - Change Database Version : DB.6.0.90
2025-05-06 15:49:36,276 [WARN] ThirdParty:871 - waiting for thirdparty lock release [close project]
2025-05-06 15:49:36,276 [INFO] ThirdParty:873 - entering critical section [close project]
2025-05-06 15:49:36,278 [INFO] ThirdParty:883 - exiting critical section [close project]
2025-05-06 15:49:36,280 [INFO] PinOutPanel:1499 - setPackage(No Configuration,No Configuration)
2025-05-06 15:49:36,287 [INFO] UtilMem:75 - Begin LoadConfig() Used Memory: 537944016 Bytes (870318080)
2025-05-06 15:49:36,290 [INFO] MicroXplorer:468 - Change Database Path : 
2025-05-06 15:49:36,290 [INFO] MicroXplorer:498 - Change Database Version : DB.6.0.90
2025-05-06 15:49:36,290 [INFO] OpenFileManager:308 - Change cursor
2025-05-06 15:49:36,322 [INFO] Mcu:1946 - Initializing MCU STM32F303V(B-C)Tx STM32F303VCTx STM32F303VCT6
2025-05-06 15:49:38,125 [INFO] Context:659 - Trying to add GPIOservice into a context  which must be forbidden
2025-05-06 15:49:38,750 [INFO] RtosManager:555 - Registered RTOS mode: class=CMSIS, group=RTOS, mode=CMSIS_V1, owner=FREERTOS
2025-05-06 15:49:38,750 [INFO] RtosManager:555 - Registered RTOS mode: class=CMSIS, group=RTOS2, mode=CMSIS_V2, owner=FREERTOS
2025-05-06 15:49:38,750 [INFO] RtosManager:555 - Registered RTOS mode: class=RTOS, group=Core, mode=CMSIS_V1, owner=FREERTOS
2025-05-06 15:49:38,750 [INFO] RtosManager:555 - Registered RTOS mode: class=RTOS, group=Core, mode=CMSIS_V2, owner=FREERTOS
2025-05-06 15:49:38,750 [WARN] ModelIntegratedComponent:184 - Missing modes for component STMicroelectronics:FreeRTOS:0.0.1:STMicroelectronics:RTOS:FreeRTOS:Core:::10.2.0:
2025-05-06 15:49:38,756 [WARN] ModelIntegratedComponent:63 - No mode defined for component null
2025-05-06 15:49:38,756 [WARN] ModelIntegratedComponent:63 - No mode defined for component null
2025-05-06 15:49:38,756 [WARN] ModelIntegratedComponent:63 - No mode defined for component null
2025-05-06 15:49:38,756 [WARN] ModelIntegratedComponent:63 - No mode defined for component null
2025-05-06 15:49:38,756 [WARN] ModelIntegratedComponent:63 - No mode defined for component null
2025-05-06 15:49:38,756 [WARN] ModelIntegratedComponent:63 - No mode defined for component null
2025-05-06 15:49:38,756 [WARN] ModelIntegratedComponent:63 - No mode defined for component null
2025-05-06 15:49:38,756 [WARN] ModelIntegratedComponent:63 - No mode defined for component null
2025-05-06 15:49:38,756 [WARN] ModelIntegratedComponent:63 - No mode defined for component null
2025-05-06 15:49:38,756 [WARN] ModelIntegratedComponent:63 - No mode defined for component null
2025-05-06 15:49:38,756 [WARN] ModelIntegratedComponent:63 - No mode defined for component null
2025-05-06 15:49:38,756 [WARN] ModelIntegratedComponent:63 - No mode defined for component null
2025-05-06 15:49:38,756 [WARN] ModelIntegratedComponent:63 - No mode defined for component null
2025-05-06 15:49:38,756 [WARN] ModelIntegratedComponent:63 - No mode defined for component null
2025-05-06 15:49:38,756 [WARN] ModelIntegratedComponent:63 - No mode defined for component null
2025-05-06 15:49:38,756 [WARN] ModelIntegratedComponent:63 - No mode defined for component null
2025-05-06 15:49:38,756 [WARN] ModelIntegratedComponent:63 - No mode defined for component null
2025-05-06 15:49:38,757 [WARN] ModelIntegratedComponent:63 - No mode defined for component null
2025-05-06 15:49:38,757 [WARN] ModelIntegratedComponent:63 - No mode defined for component null
2025-05-06 15:49:38,757 [WARN] ModelIntegratedComponent:63 - No mode defined for component null
2025-05-06 15:49:38,757 [WARN] ModelIntegratedComponent:63 - No mode defined for component null
2025-05-06 15:49:38,757 [WARN] ModelIntegratedComponent:63 - No mode defined for component null
2025-05-06 15:49:38,757 [WARN] ModelIntegratedComponent:63 - No mode defined for component null
2025-05-06 15:49:38,757 [WARN] ModelIntegratedComponent:63 - No mode defined for component null
2025-05-06 15:49:38,757 [WARN] ModelIntegratedComponent:63 - No mode defined for component null
2025-05-06 15:49:38,757 [WARN] ModelIntegratedComponent:63 - No mode defined for component null
2025-05-06 15:49:38,757 [WARN] ModelIntegratedComponent:63 - No mode defined for component null
2025-05-06 15:49:38,757 [WARN] ModelIntegratedComponent:63 - No mode defined for component null
2025-05-06 15:49:38,757 [WARN] ModelIntegratedComponent:63 - No mode defined for component null
2025-05-06 15:49:38,757 [WARN] ModelIntegratedComponent:63 - No mode defined for component null
2025-05-06 15:49:38,757 [WARN] ModelIntegratedComponent:63 - No mode defined for component null
2025-05-06 15:49:38,757 [WARN] ModelIntegratedComponent:63 - No mode defined for component null
2025-05-06 15:49:38,757 [WARN] ModelIntegratedComponent:63 - No mode defined for component null
2025-05-06 15:49:39,112 [INFO] ThirdPartyModel:298 - Start build external matchings
2025-05-06 15:49:41,508 [INFO] ThirdPartyModel:316 - End build external matchings
2025-05-06 15:49:41,565 [INFO] ImportTextPane:194 - (OptionalMessage_ERROR) IP (RCC) : Invalid parameter (FamilyName)
2025-05-06 15:49:41,567 [INFO] ImportTextPane:194 - (OptionalMessage_ERROR) IP (RCC) : Invalid parameter (TIM2Freq_Value)
2025-05-06 15:49:41,952 [INFO] UtilMem:75 - End LoadConfig() Used Memory: 547084976 Bytes (1073741824)
2025-05-06 15:49:42,091 [INFO] ApiDb:581 - Connected to CubeFinder SQLite database (C:\Users\msi1\.stmcufinder\plugins\mcufinder\mcu\cube-finder-db.db)
2025-05-06 15:49:42,170 [INFO] ApiDb:668 - CubeFinder database Data Model version=2.1
2025-05-06 15:49:42,171 [INFO] ApiDb:669 - CubeFinder database Configuration version=3.0.39
2025-05-06 15:49:42,171 [INFO] ApiDb:670 - CubeFinder database generation date=2025-04-23 (1745419778)
2025-05-06 15:49:42,171 [INFO] ApiDb:671 - CubeFinder database FW Pack versions=[FP-ATR-ASTRA1_V2.0.0, FP-SNS-FLIGHT1_V5.1.0, FP-SNS-MOTENV1_V5.0.0, FP-SNS-MOTENVWB1_V1.4.0, FP-SNS-SMARTAG2_V1.2.0, FP-SNS-STBOX1_V2.0.0, STM32Cube_FW_C0_V1.4.0, STM32Cube_FW_F4_V1.28.1, STM32Cube_FW_F7_V1.17.2, STM32Cube_FW_G0_V1.6.2, STM32Cube_FW_G4_V1.6.1, STM32Cube_FW_H5_V1.5.0, STM32Cube_FW_H7RS_V1.2.0, STM32Cube_FW_H7_V1.12.1, STM32Cube_FW_L0_V1.12.2, STM32Cube_FW_L4_V1.18.1, STM32Cube_FW_L5_V1.5.1, STM32Cube_FW_N6_V1.1.1, STM32Cube_FW_U0_V1.2.0, STM32Cube_FW_U3_V1.1.0, STM32Cube_FW_U5_V1.7.0, STM32Cube_FW_WB0_V1.2.0, STM32Cube_FW_WBA_V1.6.0, STM32Cube_FW_WB_V1.22.0, STM32Cube_FW_WL3_V1.1.0, STM32Cube_FW_WL_V1.3.1, X-CUBE-ALGOBUILD_V1.4.0, X-CUBE-ALS_V1.0.2, X-CUBE-AZRTOS-F4_V1.1.0, X-CUBE-AZRTOS-F7_V1.1.0, X-CUBE-AZRTOS-G0_V1.1.0, X-CUBE-AZRTOS-G4_V2.0.0, X-CUBE-AZRTOS-H7RS_V1.1.0, X-CUBE-AZRTOS-H7_V3.3.0, X-CUBE-AZRTOS-L4_V2.0.0, X-CUBE-AZRTOS-L5_V2.0.0, X-CUBE-AZRTOS-WB_V2.0.0, X-CUBE-AZRTOS-WL_V2.0.0, X-CUBE-BLE1_V7.1.0, X-CUBE-BLE2_V3.3.0, X-CUBE-BLEMGR_V4.0.0, X-CUBE-EEPRMA1_V5.1.0, X-CUBE-FREERTOS_V1.3.0, X-CUBE-GNSS1_V6.0.0, X-CUBE-MEMS1_V11.2.0, X-CUBE-NFC4_V3.0.0, X-CUBE-NFC7_V1.0.1, X-CUBE-SFXS2LP1_V4.0.0, X-CUBE-SUBG2_V5.0.0, X-CUBE-TOF1_V3.4.3]
2025-05-06 15:49:44,441 [INFO] ApiDb:240 - Found 323 in-development CPN: [B-G473E-ZEST1S, B-WB1M-WPAN1, B-WL5M-SUBG1, NUCLEO-C031C6, NUCLEO-H503RB, NUCLEO-H563ZI, NUCLEO-U545RE-Q, NUCLEO-U5A5ZJ-Q, NUCLEO-WBA52CG, STEVAL-PROTEUS1, STEVAL-SMARTAG2, STEVAL-STWINBX1, STM320518-EVAL, STM32C0116-DK, STM32C011D6Y3TR, STM32C011D6Y6TR, STM32C011F4P3, STM32C011F4P6, STM32C011F4U3, STM32C011F4U6TR, STM32C011F6P3, STM32C011F6P6, STM32C011F6U3, STM32C011F6U6TR, STM32C011J4M3, STM32C011J4M6, STM32C011J6M3, STM32C011J6M6, STM32C0316-DK, STM32C031C4T3, STM32C031C4T6, STM32C031C4U3, STM32C031C4U6, STM32C031C6T3, STM32C031C6T6, STM32C031C6U3, STM32C031C6U6, STM32C031F4P3, STM32C031F4P6, STM32C031F6P3, STM32C031F6P6, STM32C031G4U3, STM32C031G4U6, STM32C031G6U3, STM32C031G6U6, STM32C031K4T3, STM32C031K4T6, STM32C031K4U3, STM32C031K4U6, STM32C031K6T3, STM32C031K6T6, STM32C031K6U3, STM32C031K6U6, STM32G071K8TXN, STM32G071K8UXN, STM32G081GBU6N, STM32G081KBT6N, STM32G081KBUXN, STM32G0B1CCT6N, STM32G0B1KCT6, STM32G0B1NEY6TR, STM32G0B1RCT6N, STM32G0C1CCT6, STM32G0C1CCT6N, STM32G0C1CCU6N, STM32G0C1CET6N, STM32G0C1CEU6N, STM32G0C1KCT6, STM32G0C1NEY6TR, STM32G0C1RCI6N, STM32G0C1RCT6N, STM32G0C1REI6N, STM32G0C1RET6N, STM32G0C1VCI6, STM32G0C1VEI6, STM32G471CCT6, STM32G471CCU6, STM32G471CET3, STM32G471CET6, STM32G471CEU3, STM32G471CEU6, STM32G471MCT6, STM32G471MET3, STM32G471MET6, STM32G471MEY6TR, STM32G471QCT6, STM32G471QET3, STM32G471RCT6, STM32G471RET3, STM32G471RET6, STM32G471VCH6, STM32G471VCI6, STM32G471VCT6, STM32G471VEH3, STM32G471VEH6, STM32G471VEI3, STM32G471VEI6, STM32G471VET3, STM32G471VET6, STM32G474CCT6, STM32H503CBT6, STM32H503CBU6, STM32H503EBY6TR, STM32H503KBU6, STM32H503RBT6, STM32H562AGI6, STM32H562AII6, STM32H562IGK6, STM32H562IGT6, STM32H562IIK6, STM32H562IIT6, STM32H562RGT6, STM32H562RGV6, STM32H562RIT6, STM32H562RIV6, STM32H562VGT6, STM32H562VIT6, STM32H562ZGT6, STM32H562ZIT6, STM32H563AGI6, STM32H563AII3Q, STM32H563AII6, STM32H563IGK6, STM32H563IGT6, STM32H563IIK3Q, STM32H563IIK6, STM32H563IIT3Q, STM32H563IIT6, STM32H563MIY3QTR, STM32H563RGT6, STM32H563RGV6, STM32H563RIT6, STM32H563RIV6, STM32H563VGT6, STM32H563VIT3Q, STM32H563VIT6, STM32H563ZGT6, STM32H563ZIT3Q, STM32H563ZIT6, STM32H573AII3Q, STM32H573AII6, STM32H573I-DK, STM32H573IIK3Q, STM32H573IIK6, STM32H573IIT3Q, STM32H573IIT6, STM32H573MIY3QTR, STM32H573RIT6, STM32H573RIV6, STM32H573VIT3Q, STM32H573VIT6, STM32H573ZIT3Q, STM32H573ZIT6, STM32L4R5QGI6STR, STM32MP131AAE3, STM32MP131AAF3, STM32MP131AAG3, STM32MP131CAE3, STM32MP131CAF3, STM32MP131CAG3, STM32MP131DAE7, STM32MP131DAF7, STM32MP131DAG7, STM32MP131FAE7, STM32MP131FAF7, STM32MP131FAG7, STM32MP133AAE3, STM32MP133AAF3, STM32MP133AAG3, STM32MP133CAE3, STM32MP133CAF3, STM32MP133CAG3, STM32MP133DAE7, STM32MP133DAF7, STM32MP133DAG7, STM32MP133FAE7, STM32MP133FAF7, STM32MP133FAG7, STM32MP135AAE3, STM32MP135AAF3, STM32MP135AAG3, STM32MP135CAE3, STM32MP135CAF3, STM32MP135CAG3, STM32MP135DAE7, STM32MP135DAF7, STM32MP135DAG7, STM32MP135F-DK, STM32MP135FAE7, STM32MP135FAF7, STM32MP135FAF7T, STM32MP135FAF7U, STM32MP135FAG7, STM32U535CBT6, STM32U535CBT6Q, STM32U535CBU6, STM32U535CBU6Q, STM32U535CCT6, STM32U535CCT6Q, STM32U535CCU6, STM32U535CCU6Q, STM32U535CET6, STM32U535CET6Q, STM32U535CEU6, STM32U535CEU6Q, STM32U535JEY6QTR, STM32U535NCY6QTR, STM32U535NEY6QTR, STM32U535RBI6, STM32U535RBI6Q, STM32U535RBT6, STM32U535RBT6Q, STM32U535RCI6, STM32U535RCI6Q, STM32U535RCT6, STM32U535RCT6Q, STM32U535REI6, STM32U535REI6Q, STM32U535RET6, STM32U535RET6Q, STM32U535VCI6, STM32U535VCI6Q, STM32U535VCT6, STM32U535VCT6Q, STM32U535VEI6, STM32U535VEI6Q, STM32U535VET6, STM32U535VET6Q, STM32U545CET6, STM32U545CET6Q, STM32U545CEU6, STM32U545CEU6Q, STM32U545JEY6QTR, STM32U545NEY6QTR, STM32U545REI6, STM32U545REI6Q, STM32U545RET6, STM32U545RET6Q, STM32U545VEI6, STM32U545VEI6Q, STM32U545VET6, STM32U545VET6Q, STM32U595AIH6, STM32U595AIH6Q, STM32U595AJH6, STM32U595AJH6Q, STM32U595QII6, STM32U595QII6Q, STM32U595QJI6, STM32U595QJI6Q, STM32U595RIT6, STM32U595RIT6Q, STM32U595RJT6, STM32U595RJT6Q, STM32U595VIT6, STM32U595VIT6Q, STM32U595VJT6, STM32U595VJT6Q, STM32U595ZIT6, STM32U595ZIT6Q, STM32U595ZIY6QTR, STM32U595ZJT6, STM32U595ZJT6Q, STM32U595ZJY6QTR, STM32U599BJY6QTR, STM32U599NIH6Q, STM32U599NJH6Q, STM32U599VIT6Q, STM32U599VJT6, STM32U599VJT6Q, STM32U599ZIT6Q, STM32U599ZIY6QTR, STM32U599ZJT6Q, STM32U599ZJY6QTR, STM32U5A5AJH6, STM32U5A5AJH6Q, STM32U5A5QJI6, STM32U5A5QJI6Q, STM32U5A5RJT6, STM32U5A5RJT6Q, STM32U5A5VJT6, STM32U5A5VJT6Q, STM32U5A5ZJT6, STM32U5A5ZJT6Q, STM32U5A5ZJY6QTR, STM32U5A9BJY6QTR, STM32U5A9J-DK, STM32U5A9NJH6Q, STM32U5A9VJT6Q, STM32U5A9ZJT6Q, STM32U5A9ZJY6QTR, STM32U5F7VIT6, STM32U5F7VIT6Q, STM32U5F7VJT6, STM32U5F7VJT6Q, STM32U5F9BJY6QTR, STM32U5F9NJH6Q, STM32U5F9VIT6Q, STM32U5F9VJT6Q, STM32U5F9ZIJ6QTR, STM32U5F9ZIT6Q, STM32U5F9ZJJ6QTR, STM32U5F9ZJT6Q, STM32U5G7VJT6, STM32U5G7VJT6Q, STM32U5G9BJY6QTR, STM32U5G9J-DK1, STM32U5G9J-DK2, STM32U5G9NJH6Q, STM32U5G9VJT6Q, STM32U5G9ZJJ6QTR, STM32U5G9ZJT6Q, STM32WB1MMCH6, STM32WBA52CEU6, STM32WBA52CEU6T, STM32WBA52CGU6, STM32WBA52CGU6T, STM32WBA52KEU6, STM32WBA52KEU6T, STM32WBA52KGU6, STM32WBA52KGU6T, STM32WL5MOCH6, STM32WL5MOCH6TR]
2025-05-06 15:49:44,445 [INFO] DbMcus:217 - Found 4642 MCUs, 4642 are supported
2025-05-06 15:49:44,446 [INFO] ApiDb:423 - Load user favorites file C:\Users\msi1/.stm32cubeide/favorites.mcus.txt: 3 item(s)
2025-05-06 15:49:44,447 [INFO] ApiDb:427 - User favorites MCUs=[STM32F103CBT6, STM32F303VCT6, STM32F407VGT6]
2025-05-06 15:49:44,447 [INFO] DbMcus:223 - Set 3 / 3 favorites MCUs
2025-05-06 15:49:44,827 [WARN] ThirdParty:833 - waiting for thirdparty lock release [change project]
2025-05-06 15:49:44,828 [INFO] ThirdParty:835 - entering critical section [change project]
2025-05-06 15:49:44,828 [INFO] ThirdParty:1030 - CMSIS Pack Vendor :STMicroelectronics USBPD 4.1
2025-05-06 15:49:44,828 [INFO] ThirdParty:1030 - CMSIS Pack Vendor :STMicroelectronics X-CUBE-GNSS1 6.0.0
2025-05-06 15:49:44,828 [INFO] ThirdParty:1030 - CMSIS Pack Vendor :STMicroelectronics USB_HOST 2.0.0
2025-05-06 15:49:44,828 [INFO] ThirdParty:1030 - CMSIS Pack Vendor :STMicroelectronics FP-SNS-MOTENVWB1 1.4.0
2025-05-06 15:49:44,828 [INFO] ThirdParty:1030 - CMSIS Pack Vendor :STMicroelectronics X-CUBE-AZRTOS-F4 1.1.0
2025-05-06 15:49:44,828 [INFO] ThirdParty:1030 - CMSIS Pack Vendor :STMicroelectronics LIBJPEG 8.0.0
2025-05-06 15:49:44,828 [INFO] ThirdParty:1030 - CMSIS Pack Vendor :STMicroelectronics FP-ATR-ASTRA1 2.0.2
2025-05-06 15:49:44,828 [INFO] ThirdParty:1030 - CMSIS Pack Vendor :STMicroelectronics FP-ATR-ASTRA1 2.0.1
2025-05-06 15:49:44,828 [INFO] ThirdParty:1030 - CMSIS Pack Vendor :STMicroelectronics X-CUBE-SMBUS 2.1.0
2025-05-06 15:49:44,828 [INFO] ThirdParty:1030 - CMSIS Pack Vendor :STMicroelectronics X-CUBE-WB05N 1.1.0
2025-05-06 15:49:44,828 [INFO] ThirdParty:1030 - CMSIS Pack Vendor :wolfSSL I-CUBE-wolfSSL 5.6.0
2025-05-06 15:49:44,828 [INFO] ThirdParty:1030 - CMSIS Pack Vendor :STMicroelectronics X-CUBE-ISPU 2.1.0
2025-05-06 15:49:44,828 [INFO] ThirdParty:1030 - CMSIS Pack Vendor :STMicroelectronics X-CUBE-FREERTOS 1.2.0
2025-05-06 15:49:44,828 [INFO] ThirdParty:1030 - CMSIS Pack Vendor :STMicroelectronics X-CUBE-TOUCHGFX 4.23.0
2025-05-06 15:49:44,828 [INFO] ThirdParty:1030 - CMSIS Pack Vendor :STMicroelectronics X-CUBE-TOUCHGFX 4.23.2
2025-05-06 15:49:44,828 [INFO] ThirdParty:1030 - CMSIS Pack Vendor :STMicroelectronics X-CUBE-AZRTOS-F7 1.1.0
2025-05-06 15:49:44,828 [INFO] ThirdParty:1030 - CMSIS Pack Vendor :STMicroelectronics X-CUBE-AZRTOS-L5 2.0.0
2025-05-06 15:49:44,828 [INFO] ThirdParty:1030 - CMSIS Pack Vendor :STMicroelectronics USB_DEVICE 2.0.0
2025-05-06 15:49:44,828 [INFO] ThirdParty:1030 - CMSIS Pack Vendor :STMicroelectronics X-CUBE-MEMS1 9.6.0
2025-05-06 15:49:44,828 [INFO] ThirdParty:1030 - CMSIS Pack Vendor :STMicroelectronics X-CUBE-EEPRMA1 4.2.0
2025-05-06 15:49:44,829 [INFO] ThirdParty:1030 - CMSIS Pack Vendor :STMicroelectronics X-CUBE-NFC6 3.1.0
2025-05-06 15:49:44,829 [INFO] ThirdParty:1030 - CMSIS Pack Vendor :ITTIA_DB I-CUBE-ITTIADB 8.8.0
2025-05-06 15:49:44,829 [INFO] ThirdParty:1030 - CMSIS Pack Vendor :STMicroelectronics FP-SNS-MOTENV1 4.3.0
2025-05-06 15:49:44,829 [INFO] ThirdParty:1030 - CMSIS Pack Vendor :STMicroelectronics FP-SNS-MOTENV1 4.3.2
2025-05-06 15:49:44,829 [INFO] ThirdParty:1030 - CMSIS Pack Vendor :STMicroelectronics FP-SNS-FLIGHT1 5.0.0
2025-05-06 15:49:44,829 [INFO] ThirdParty:1030 - CMSIS Pack Vendor :STMicroelectronics X-CUBE-BLE1 6.2.4
2025-05-06 15:49:44,829 [INFO] ThirdParty:1030 - CMSIS Pack Vendor :STMicroelectronics FreeRTOS 0.0.1
2025-05-06 15:49:44,829 [INFO] ThirdParty:1030 - CMSIS Pack Vendor :emotas I-CUBE-CANOPEN 1.1.3
2025-05-06 15:49:44,829 [INFO] ThirdParty:1030 - CMSIS Pack Vendor :STMicroelectronics X-CUBE-BLEMGR 2.0.0
2025-05-06 15:49:44,829 [INFO] ThirdParty:1030 - CMSIS Pack Vendor :STMicroelectronics FP-SNS-FLIGHT1 5.0.2
2025-05-06 15:49:44,829 [INFO] ThirdParty:1030 - CMSIS Pack Vendor :STMicroelectronics X-CUBE-AI 9.0.0
2025-05-06 15:49:44,829 [INFO] ThirdParty:1030 - CMSIS Pack Vendor :STMicroelectronics X-CUBE-AZRTOS-H7 3.1.0
2025-05-06 15:49:44,829 [INFO] ThirdParty:1030 - CMSIS Pack Vendor :STMicroelectronics PDM2PCM 3.3.0
2025-05-06 15:49:44,829 [INFO] ThirdParty:1030 - CMSIS Pack Vendor :STMicroelectronics X-CUBE-DISPLAY 3.0.0
2025-05-06 15:49:44,829 [INFO] ThirdParty:1030 - CMSIS Pack Vendor :STMicroelectronics X-CUBE-BLE1 7.0.0
2025-05-06 15:49:44,829 [INFO] ThirdParty:1030 - CMSIS Pack Vendor :STMicroelectronics X-CUBE-NFC10 1.0.0
2025-05-06 15:49:44,829 [INFO] ThirdParty:1030 - CMSIS Pack Vendor :STMicroelectronics HAL Drivers 0.0.0
2025-05-06 15:49:44,829 [INFO] ThirdParty:1030 - CMSIS Pack Vendor :emotas I-CUBE-CANOPEN 1.3.0
2025-05-06 15:49:44,829 [INFO] ThirdParty:1030 - CMSIS Pack Vendor :STMicroelectronics X-CUBE-FREERTOS 1.3.0
2025-05-06 15:49:44,829 [INFO] ThirdParty:1030 - CMSIS Pack Vendor :STMicroelectronics X-CUBE-TOUCHGFX 4.22.0
2025-05-06 15:49:44,829 [INFO] ThirdParty:1030 - CMSIS Pack Vendor :STMicroelectronics X-CUBE-NFC7 1.0.1
2025-05-06 15:49:44,829 [INFO] ThirdParty:1030 - CMSIS Pack Vendor :STMicroelectronics MBEDTLS 2.14.1
2025-05-06 15:49:44,829 [INFO] ThirdParty:1030 - CMSIS Pack Vendor :STMicroelectronics X-CUBE-NFC7 1.0.0
2025-05-06 15:49:44,829 [INFO] ThirdParty:1030 - CMSIS Pack Vendor :STMicroelectronics X-CUBE-TOUCHGFX 4.22.1
2025-05-06 15:49:44,829 [INFO] ThirdParty:1030 - CMSIS Pack Vendor :wolfSSL I-CUBE-wolfTPM 3.2.0
2025-05-06 15:49:44,829 [INFO] ThirdParty:1030 - CMSIS Pack Vendor :STMicroelectronics X-CUBE-NFC6 3.0.0
2025-05-06 15:49:44,830 [INFO] ThirdParty:1030 - CMSIS Pack Vendor :STMicroelectronics X-CUBE-EEPRMA1 4.1.0
2025-05-06 15:49:44,830 [INFO] ThirdParty:1030 - CMSIS Pack Vendor :STMicroelectronics X-CUBE-BLEMGR 3.1.0
2025-05-06 15:49:44,830 [INFO] ThirdParty:1030 - CMSIS Pack Vendor :STMicroelectronics X-CUBE-AI 10.0.0
2025-05-06 15:49:44,830 [INFO] ThirdParty:1030 - CMSIS Pack Vendor :STMicroelectronics FP-SNS-SMARTAG2 1.2.0
2025-05-06 15:49:44,830 [INFO] ThirdParty:1030 - CMSIS Pack Vendor :STMicroelectronics X-CUBE-MEMS1 11.1.0
2025-05-06 15:49:44,830 [INFO] ThirdParty:1030 - CMSIS Pack Vendor :STMicroelectronics X-CUBE-AZRTOS-WL 2.0.0
2025-05-06 15:49:44,830 [INFO] ThirdParty:1030 - CMSIS Pack Vendor :STMicroelectronics FP-SNS-MOTENV1 5.0.0
2025-05-06 15:49:44,830 [INFO] ThirdParty:1030 - CMSIS Pack Vendor :STMicroelectronics USB_DEVICE 1.0.0
2025-05-06 15:49:44,830 [INFO] ThirdParty:1030 - CMSIS Pack Vendor :STMicroelectronics X-CUBE-AI 8.1.0
2025-05-06 15:49:44,830 [INFO] ThirdParty:1030 - CMSIS Pack Vendor :wolfSSL I-CUBE-wolfMQTT 1.19.0
2025-05-06 15:49:44,830 [INFO] ThirdParty:1030 - CMSIS Pack Vendor :STMicroelectronics X-CUBE-AZRTOS-L4 2.0.0
2025-05-06 15:49:44,830 [INFO] ThirdParty:1030 - CMSIS Pack Vendor :STMicroelectronics ThreadX 0.0.2
2025-05-06 15:49:44,830 [INFO] ThirdParty:1030 - CMSIS Pack Vendor :WES I-CUBE-Cesium 1.3.0
2025-05-06 15:49:44,830 [INFO] ThirdParty:1030 - CMSIS Pack Vendor :STMicroelectronics lwIP 2.1.2
2025-05-06 15:49:44,830 [INFO] ThirdParty:1030 - CMSIS Pack Vendor :STMicroelectronics X-CUBE-SFXS2LP1 4.0.0
2025-05-06 15:49:44,830 [INFO] ThirdParty:1030 - CMSIS Pack Vendor :STMicroelectronics X-CUBE-BLE2 3.3.0
2025-05-06 15:49:44,830 [INFO] ThirdParty:1030 - CMSIS Pack Vendor :STMicroelectronics PDM2PCM 3.2.0
2025-05-06 15:49:44,830 [INFO] ThirdParty:1030 - CMSIS Pack Vendor :STMicroelectronics X-CUBE-ISPU 1.1.0
2025-05-06 15:49:44,830 [INFO] ThirdParty:1030 - CMSIS Pack Vendor :STMicroelectronics X-CUBE-AZRTOS-H7 3.3.0
2025-05-06 15:49:44,830 [INFO] ThirdParty:1030 - CMSIS Pack Vendor :STMicroelectronics X-CUBE-NFC9 1.0.0
2025-05-06 15:49:44,830 [INFO] ThirdParty:1030 - CMSIS Pack Vendor :STMicroelectronics X-CUBE-BLE1 7.1.0
2025-05-06 15:49:44,830 [INFO] ThirdParty:1030 - CMSIS Pack Vendor :STMicroelectronics USB_DEVICE 3.0.0
2025-05-06 15:49:44,830 [INFO] ThirdParty:1030 - CMSIS Pack Vendor :STMicroelectronics X-CUBE-TCPP 4.1.0
2025-05-06 15:49:44,830 [INFO] ThirdParty:1030 - CMSIS Pack Vendor :STMicroelectronics X-CUBE-AZRTOS-WB 2.0.0
2025-05-06 15:49:44,830 [INFO] ThirdParty:1030 - CMSIS Pack Vendor :STMicroelectronics X-CUBE-FREERTOS 1.0.1
2025-05-06 15:49:44,830 [INFO] ThirdParty:1030 - CMSIS Pack Vendor :STMicroelectronics X-CUBE-GNSS1 7.0.1
2025-05-06 15:49:44,830 [INFO] ThirdParty:1030 - CMSIS Pack Vendor :STMicroelectronics X-CUBE-TOUCHGFX 4.21.4
2025-05-06 15:49:44,831 [INFO] ThirdParty:1030 - CMSIS Pack Vendor :STMicroelectronics X-CUBE-TOUCHGFX 4.25.0
2025-05-06 15:49:44,831 [INFO] ThirdParty:1030 - CMSIS Pack Vendor :STMicroelectronics X-CUBE-ALGOBUILD 1.3.0
2025-05-06 15:49:44,831 [INFO] ThirdParty:1030 - CMSIS Pack Vendor :STMicroelectronics X-CUBE-AZRTOS-L5 1.1.0
2025-05-06 15:49:44,831 [INFO] ThirdParty:1030 - CMSIS Pack Vendor :STMicroelectronics X-CUBE-MEMS1 11.2.0
2025-05-06 15:49:44,831 [INFO] ThirdParty:1030 - CMSIS Pack Vendor :STMicroelectronics X-CUBE-AZRTOS-G0 1.1.0
2025-05-06 15:49:44,831 [INFO] ThirdParty:1030 - CMSIS Pack Vendor :STMicroelectronics X-CUBE-AI 8.0.1
2025-05-06 15:49:44,831 [INFO] ThirdParty:1030 - CMSIS Pack Vendor :STMicroelectronics X-CUBE-SAFEA1 1.2.2
2025-05-06 15:49:44,831 [INFO] ThirdParty:1030 - CMSIS Pack Vendor :STMicroelectronics X-CUBE-NFC4 3.0.0
2025-05-06 15:49:44,831 [INFO] ThirdParty:1030 - CMSIS Pack Vendor :STMicroelectronics X-CUBE-SUBG2 5.0.0
2025-05-06 15:49:44,831 [INFO] ThirdParty:1030 - CMSIS Pack Vendor :STMicroelectronics X-CUBE-AZRTOS-H7RS 1.1.0
2025-05-06 15:49:44,831 [INFO] ThirdParty:1030 - CMSIS Pack Vendor :STMicroelectronics STM32_WPAN 1.0.0
2025-05-06 15:49:44,831 [INFO] ThirdParty:1030 - CMSIS Pack Vendor :wolfSSL I-CUBE-wolfMQTT 1.18.0
2025-05-06 15:49:44,831 [INFO] ThirdParty:1030 - CMSIS Pack Vendor :STMicroelectronics lwIP 2.0.3
2025-05-06 15:49:44,831 [INFO] ThirdParty:1030 - CMSIS Pack Vendor :Cesanta I-CUBE-Mongoose 7.13.0
2025-05-06 15:49:44,831 [INFO] ThirdParty:1030 - CMSIS Pack Vendor :STMicroelectronics USB_HOST 1.0.0
2025-05-06 15:49:44,831 [INFO] ThirdParty:1030 - CMSIS Pack Vendor :STMicroelectronics X-CUBE-TOF1 3.3.1
2025-05-06 15:49:44,831 [INFO] ThirdParty:1030 - CMSIS Pack Vendor :STMicroelectronics X-CUBE-AZRTOS-G4 2.0.0
2025-05-06 15:49:44,831 [INFO] ThirdParty:1030 - CMSIS Pack Vendor :STMicroelectronics X-CUBE-WB05N 2.0.0
2025-05-06 15:49:44,831 [INFO] ThirdParty:1030 - CMSIS Pack Vendor :STMicroelectronics PDM2PCM 3.1.0
2025-05-06 15:49:44,831 [INFO] ThirdParty:1030 - CMSIS Pack Vendor :STMicroelectronics X-CUBE-TOF1 3.3.0
2025-05-06 15:49:44,831 [INFO] ThirdParty:1030 - CMSIS Pack Vendor :Infineon AIROC-Wi-Fi-Bluetooth-STM32 1.5.1
2025-05-06 15:49:44,831 [INFO] ThirdParty:1030 - CMSIS Pack Vendor :STMicroelectronics X-CUBE-BLEMGR 3.0.0
2025-05-06 15:49:44,831 [INFO] ThirdParty:1030 - CMSIS Pack Vendor :STMicroelectronics FP-SNS-MOTENVWB1 1.3.0
2025-05-06 15:49:44,831 [INFO] ThirdParty:1030 - CMSIS Pack Vendor :STMicroelectronics X-CUBE-NFC7 2.0.0
2025-05-06 15:49:44,831 [INFO] ThirdParty:1030 - CMSIS Pack Vendor :STMicroelectronics FP-SNS-MOTENVWB1 1.3.1
2025-05-06 15:49:44,831 [INFO] ThirdParty:1030 - CMSIS Pack Vendor :STMicroelectronics FP-ATR-SIGFOX1 3.2.0
2025-05-06 15:49:44,831 [INFO] ThirdParty:1030 - CMSIS Pack Vendor :STMicroelectronics X-CUBE-AZRTOS-L4 1.0.0
2025-05-06 15:49:44,831 [INFO] ThirdParty:1030 - CMSIS Pack Vendor :STMicroelectronics X-CUBE-ISPU 2.0.0
2025-05-06 15:49:44,831 [INFO] ThirdParty:1030 - CMSIS Pack Vendor :STMicroelectronics X-CUBE-EEPRMA1 5.1.0
2025-05-06 15:49:44,831 [INFO] ThirdParty:1030 - CMSIS Pack Vendor :STMicroelectronics MBEDTLS 2.16.2
2025-05-06 15:49:44,831 [INFO] ThirdParty:1030 - CMSIS Pack Vendor :STMicroelectronics X-CUBE-ALS 1.0.2
2025-05-06 15:49:44,831 [INFO] ThirdParty:1030 - CMSIS Pack Vendor :STMicroelectronics X-CUBE-MEMS1 10.0.0
2025-05-06 15:49:44,831 [INFO] ThirdParty:1030 - CMSIS Pack Vendor :STMicroelectronics X-CUBE-FREERTOS 1.1.0
2025-05-06 15:49:44,831 [INFO] ThirdParty:1030 - CMSIS Pack Vendor :wolfSSL I-CUBE-wolfSSL 5.7.6
2025-05-06 15:49:44,832 [INFO] ThirdParty:1030 - CMSIS Pack Vendor :STMicroelectronics X-CUBE-TOUCHGFX 4.24.0
2025-05-06 15:49:44,832 [INFO] ThirdParty:1030 - CMSIS Pack Vendor :ITTIA_DB I-CUBE-ITTIADB 8.9.0
2025-05-06 15:49:44,832 [INFO] ThirdParty:1030 - CMSIS Pack Vendor :STMicroelectronics X-CUBE-TOUCHGFX 4.24.2
2025-05-06 15:49:44,832 [INFO] ThirdParty:1030 - CMSIS Pack Vendor :STMicroelectronics X-CUBE-AZRTOS-WL 1.0.0
2025-05-06 15:49:44,832 [INFO] ThirdParty:1030 - CMSIS Pack Vendor :STMicroelectronics X-CUBE-TOUCHGFX 4.24.1
2025-05-06 15:49:44,832 [INFO] ThirdParty:1030 - CMSIS Pack Vendor :wolfSSL I-CUBE-wolfTPM 3.4.0
2025-05-06 15:49:44,832 [INFO] ThirdParty:1030 - CMSIS Pack Vendor :portGmbH I-Cube-SoM-uGOAL 1.1.0
2025-05-06 15:49:44,832 [INFO] ThirdParty:1030 - CMSIS Pack Vendor :STMicroelectronics X-CUBE-ALS 1.0.1
2025-05-06 15:49:44,832 [INFO] ThirdParty:1030 - CMSIS Pack Vendor :STMicroelectronics ThreadX 1.0.0
2025-05-06 15:49:44,832 [INFO] ThirdParty:1030 - CMSIS Pack Vendor :STMicroelectronics X-CUBE-AZRTOS-WB 1.1.0
2025-05-06 15:49:44,832 [INFO] ThirdParty:1030 - CMSIS Pack Vendor :SEGGER I-CUBE-embOS 1.3.1
2025-05-06 15:49:44,832 [INFO] ThirdParty:1030 - CMSIS Pack Vendor :STMicroelectronics X-CUBE-ALGOBUILD 1.4.0
2025-05-06 15:49:44,832 [INFO] ThirdParty:1030 - CMSIS Pack Vendor :STMicroelectronics X-CUBE-AZRTOS-H7RS 1.0.0
2025-05-06 15:49:44,832 [INFO] ThirdParty:1030 - CMSIS Pack Vendor :STMicroelectronics FP-ATR-ASTRA1 2.0.0
2025-05-06 15:49:44,832 [INFO] ThirdParty:1030 - CMSIS Pack Vendor :STMicroelectronics X-CUBE-AI 9.1.0
2025-05-06 15:49:44,832 [INFO] ThirdParty:1030 - CMSIS Pack Vendor :STMicroelectronics X-CUBE-TOF1 3.4.0
2025-05-06 15:49:44,832 [INFO] ThirdParty:1030 - CMSIS Pack Vendor :STMicroelectronics X-CUBE-TOF1 3.4.1
2025-05-06 15:49:44,832 [INFO] ThirdParty:1030 - CMSIS Pack Vendor :STMicroelectronics X-CUBE-AZRTOS-H7 3.2.0
2025-05-06 15:49:44,832 [INFO] ThirdParty:1030 - CMSIS Pack Vendor :wolfSSL I-CUBE-wolfSSH 1.4.17
2025-05-06 15:49:44,832 [INFO] ThirdParty:841 - exiting critical section [change project]
2025-05-06 15:49:45,259 [INFO] PinOutPanel:1499 - setPackage(No Configuration,No Configuration)
2025-05-06 15:49:45,260 [INFO] PinOutPanel:1499 - setPackage(STM32F303VCTx,LQFP100)
2025-05-06 15:49:45,912 [INFO] UtilMem:75 - Before build in PCC Used Memory: 646731768 Bytes (1073741824)
2025-05-06 15:49:46,702 [INFO] UtilMem:75 - After build in PCC Used Memory: 843337720 Bytes (1073741824)
2025-05-06 15:49:46,736 [INFO] IPUIPlugin:80 - create IPUIPlugin
2025-05-06 15:49:46,736 [INFO] IPUIPlugin:80 - create IPUIPlugin
2025-05-06 15:49:46,736 [INFO] IPUIPlugin:80 - create IPUIPlugin
2025-05-06 15:49:46,736 [INFO] IPUIPlugin:80 - create IPUIPlugin
2025-05-06 15:49:46,736 [INFO] IPUIPlugin:80 - create IPUIPlugin
2025-05-06 15:49:46,736 [INFO] IPUIPlugin:80 - create IPUIPlugin
2025-05-06 15:49:46,736 [INFO] IPUIPlugin:80 - create IPUIPlugin
2025-05-06 15:49:46,736 [INFO] IPUIPlugin:80 - create IPUIPlugin
2025-05-06 15:49:46,736 [INFO] IPUIPlugin:80 - create IPUIPlugin
2025-05-06 15:49:46,736 [INFO] IPUIPlugin:80 - create IPUIPlugin
2025-05-06 15:49:46,736 [INFO] IPUIPlugin:80 - create IPUIPlugin
2025-05-06 15:49:46,737 [INFO] IPUIPlugin:80 - create IPUIPlugin
2025-05-06 15:49:46,737 [INFO] IPUIPlugin:80 - create IPUIPlugin
2025-05-06 15:49:46,737 [INFO] IPUIPlugin:80 - create IPUIPlugin
2025-05-06 15:49:46,737 [INFO] IPUIPlugin:80 - create IPUIPlugin
2025-05-06 15:49:46,737 [INFO] IPUIPlugin:80 - create IPUIPlugin
2025-05-06 15:49:46,737 [INFO] IPUIPlugin:80 - create IPUIPlugin
2025-05-06 15:49:46,737 [INFO] IPUIPlugin:80 - create IPUIPlugin
2025-05-06 15:49:46,737 [INFO] IPUIPlugin:80 - create IPUIPlugin
2025-05-06 15:49:46,737 [INFO] IPUIPlugin:80 - create IPUIPlugin
2025-05-06 15:49:46,738 [INFO] IPUIPlugin:80 - create IPUIPlugin
2025-05-06 15:49:46,738 [INFO] IPUIPlugin:80 - create IPUIPlugin
2025-05-06 15:49:46,738 [INFO] IPUIPlugin:80 - create IPUIPlugin
2025-05-06 15:49:46,738 [INFO] IPUIPlugin:80 - create IPUIPlugin
2025-05-06 15:49:46,738 [INFO] IPUIPlugin:80 - create IPUIPlugin
2025-05-06 15:49:46,738 [INFO] IPUIPlugin:80 - create IPUIPlugin
2025-05-06 15:49:46,738 [INFO] IPUIPlugin:80 - create IPUIPlugin
2025-05-06 15:49:46,739 [INFO] IPUIPlugin:80 - create IPUIPlugin
2025-05-06 15:49:46,739 [INFO] IPUIPlugin:80 - create IPUIPlugin
2025-05-06 15:49:46,739 [INFO] IPUIPlugin:80 - create IPUIPlugin
2025-05-06 15:49:46,739 [INFO] IPUIPlugin:80 - create IPUIPlugin
2025-05-06 15:49:46,739 [INFO] IPUIPlugin:80 - create IPUIPlugin
2025-05-06 15:49:46,739 [INFO] IPUIPlugin:80 - create IPUIPlugin
2025-05-06 15:49:46,740 [INFO] IPUIPlugin:80 - create IPUIPlugin
2025-05-06 15:49:46,740 [INFO] IPUIPlugin:80 - create IPUIPlugin
2025-05-06 15:49:46,740 [INFO] IPUIPlugin:80 - create IPUIPlugin
2025-05-06 15:49:46,740 [INFO] IPUIPlugin:80 - create IPUIPlugin
2025-05-06 15:49:46,740 [INFO] IPUIPlugin:80 - create IPUIPlugin
2025-05-06 15:49:46,740 [INFO] IPUIPlugin:80 - create IPUIPlugin
2025-05-06 15:49:46,741 [INFO] IPUIPlugin:80 - create IPUIPlugin
2025-05-06 15:49:46,741 [INFO] IPUIPlugin:80 - create IPUIPlugin
2025-05-06 15:49:46,741 [INFO] IPUIPlugin:80 - create IPUIPlugin
2025-05-06 15:49:46,741 [INFO] IPUIPlugin:80 - create IPUIPlugin
2025-05-06 15:49:46,741 [INFO] IPUIPlugin:80 - create IPUIPlugin
2025-05-06 15:49:46,742 [INFO] IPUIPlugin:80 - create IPUIPlugin
2025-05-06 15:49:46,742 [INFO] IPUIPlugin:80 - create IPUIPlugin
2025-05-06 15:49:46,742 [INFO] IPUIPlugin:80 - create IPUIPlugin
2025-05-06 15:49:46,742 [INFO] IPUIPlugin:80 - create IPUIPlugin
2025-05-06 15:49:46,742 [INFO] IPUIPlugin:80 - create IPUIPlugin
2025-05-06 15:49:46,743 [INFO] IPUIPlugin:80 - create IPUIPlugin
2025-05-06 15:49:46,743 [INFO] IPUIPlugin:80 - create IPUIPlugin
2025-05-06 15:49:46,743 [INFO] IPUIPlugin:80 - create IPUIPlugin
2025-05-06 15:49:46,743 [INFO] IPUIPlugin:80 - create IPUIPlugin
2025-05-06 15:49:46,744 [INFO] IPUIPlugin:80 - create IPUIPlugin
2025-05-06 15:49:46,744 [INFO] IPUIPlugin:80 - create IPUIPlugin
2025-05-06 15:49:47,005 [INFO] CADModel:165 - CPN selected for project levelSTM32F303VCT6
2025-05-06 15:49:47,005 [INFO] CADModel:114 - Register for checkConnection events
2025-05-06 15:49:47,057 [INFO] OpenFileManager:328 - Restore cursor
2025-05-06 15:51:06,989 [INFO] Activator:176 - 


2025-05-06 15:51:06,990 [INFO] Activator:177 - !SESSION log4j initialized
2025-05-06 15:51:08,502 [INFO] ApplicationProperties:184 - Using Application install path: D:\ITC\STM32\STM32CubeIDE_1.13.0\STM32CubeIDE\plugins\com.st.stm32cube.common.mx_6.9.0.202307051724
2025-05-06 15:51:08,513 [INFO] DbMcusXml:78 - Set database path to: D:\ITC\STM32\STM32CubeIDE_1.13.0\STM32CubeIDE\plugins\com.st.stm32cube.common.mx_6.9.0.202307051724\\db\/mcu/
2025-05-06 15:51:08,513 [INFO] ApiDb:274 - Set plugin database path to: D:\ITC\STM32\STM32CubeIDE_1.13.0\STM32CubeIDE\plugins\com.st.stm32cube.common.mx_6.9.0.202307051724\\db\/plugins/boardmanager/
2025-05-06 15:51:08,513 [WARN] ApiDb:259 - Overriding images path with different value:  => D:\ITC\STM32\STM32CubeIDE_1.13.0\STM32CubeIDE\plugins\com.st.stm32cube.common.mx_6.9.0.202307051724\\db\/plugins/mcufinder/images/
2025-05-06 15:51:08,520 [INFO] ApiDb:250 - Set database path to: C:\Users\msi1\.stmcufinder\plugins\mcufinder//mcu/
2025-05-06 15:51:08,520 [INFO] DbMcusAds:125 - Set database path to: C:\Users\msi1\.stmcufinder\plugins\mcufinder//mcu/
2025-05-06 15:51:08,791 [INFO] CrossReferenceDbSqlite:203 - Set database path to: C:\Users\msi1\.stmcufinder\plugins\mcufinder//mcu/cs/
2025-05-06 15:51:08,885 [INFO] RulesReader:64 - Compatibility file has been processed (293 Rules)
2025-05-06 15:51:08,954 [INFO] DbMcusXml:78 - Set database path to: D:\ITC\STM32\STM32CubeIDE_1.13.0\STM32CubeIDE\plugins\com.st.stm32cube.common.mx_6.9.0.202307051724\\db\/mcu/
2025-05-06 15:51:08,954 [INFO] ApiDb:274 - Set plugin database path to: D:\ITC\STM32\STM32CubeIDE_1.13.0\STM32CubeIDE\plugins\com.st.stm32cube.common.mx_6.9.0.202307051724\\db\/plugins/boardmanager/
2025-05-06 15:51:08,955 [INFO] ApiDb:261 - Set plugin images path to: D:\ITC\STM32\STM32CubeIDE_1.13.0\STM32CubeIDE\plugins\com.st.stm32cube.common.mx_6.9.0.202307051724\\db\/plugins/mcufinder/images/
2025-05-06 15:51:08,955 [WARN] DbFile:41 - Overriding database path with different value: C:\Users\msi1\.stmcufinder\plugins\mcufinder/ => C:\Users\msi1\.stmcufinder\plugins\mcufinder
2025-05-06 15:51:08,955 [INFO] ApiDb:250 - Set database path to: C:\Users\msi1\.stmcufinder\plugins\mcufinder//mcu/
2025-05-06 15:51:08,955 [WARN] DbFile:41 - Overriding database path with different value: C:\Users\msi1\.stmcufinder\plugins\mcufinder/ => C:\Users\msi1\.stmcufinder\plugins\mcufinder
2025-05-06 15:51:08,955 [INFO] DbMcusAds:125 - Set database path to: C:\Users\msi1\.stmcufinder\plugins\mcufinder//mcu/
2025-05-06 15:51:08,955 [WARN] DbFile:41 - Overriding database path with different value: C:\Users\msi1\.stmcufinder\plugins\mcufinder/ => C:\Users\msi1\.stmcufinder\plugins\mcufinder
2025-05-06 15:51:08,955 [WARN] DbFile:41 - Overriding database path with different value: C:\Users\msi1\.stmcufinder\plugins\mcufinder/ => C:\Users\msi1\.stmcufinder\plugins\mcufinder
2025-05-06 15:51:08,956 [INFO] CrossReferenceDbSqlite:203 - Set database path to: C:\Users\msi1\.stmcufinder\plugins\mcufinder//mcu/cs/
2025-05-06 15:51:09,019 [INFO] MainPanel:262 - HeapMemory: 268435456
2025-05-06 15:51:09,077 [INFO] DbMcusXml:78 - Set database path to: D:\ITC\STM32\STM32CubeIDE_1.13.0\STM32CubeIDE\plugins\com.st.stm32cube.common.mx_6.9.0.202307051724\\db\/mcu/
2025-05-06 15:51:09,077 [INFO] ApiDb:274 - Set plugin database path to: D:\ITC\STM32\STM32CubeIDE_1.13.0\STM32CubeIDE\plugins\com.st.stm32cube.common.mx_6.9.0.202307051724\\db\/plugins/boardmanager/
2025-05-06 15:51:09,078 [INFO] ApiDb:261 - Set plugin images path to: D:\ITC\STM32\STM32CubeIDE_1.13.0\STM32CubeIDE\plugins\com.st.stm32cube.common.mx_6.9.0.202307051724\\db\/plugins/mcufinder/images/
2025-05-06 15:51:09,078 [WARN] DbFile:41 - Overriding database path with different value: C:\Users\msi1\.stmcufinder\plugins\mcufinder/ => C:\Users\msi1\.stmcufinder\plugins\mcufinder
2025-05-06 15:51:09,078 [INFO] ApiDb:250 - Set database path to: C:\Users\msi1\.stmcufinder\plugins\mcufinder//mcu/
2025-05-06 15:51:09,078 [WARN] DbFile:41 - Overriding database path with different value: C:\Users\msi1\.stmcufinder\plugins\mcufinder/ => C:\Users\msi1\.stmcufinder\plugins\mcufinder
2025-05-06 15:51:09,078 [INFO] DbMcusAds:125 - Set database path to: C:\Users\msi1\.stmcufinder\plugins\mcufinder//mcu/
2025-05-06 15:51:09,078 [WARN] DbFile:41 - Overriding database path with different value: C:\Users\msi1\.stmcufinder\plugins\mcufinder/ => C:\Users\msi1\.stmcufinder\plugins\mcufinder
2025-05-06 15:51:09,078 [WARN] DbFile:41 - Overriding database path with different value: C:\Users\msi1\.stmcufinder\plugins\mcufinder/ => C:\Users\msi1\.stmcufinder\plugins\mcufinder
2025-05-06 15:51:09,078 [INFO] CrossReferenceDbSqlite:203 - Set database path to: C:\Users\msi1\.stmcufinder\plugins\mcufinder//mcu/cs/
2025-05-06 15:51:09,092 [INFO] ApplicationProperties:184 - Using Application install path: D:\ITC\STM32\STM32CubeIDE_1.13.0\STM32CubeIDE\plugins\com.st.stm32cube.common.mx_6.9.0.202307051724
2025-05-06 15:51:09,093 [INFO] PluginManage:196 - Search for loadable plugins [exclusion list=, ]
2025-05-06 15:51:09,094 [INFO] PluginManage:310 - Check plugin analytics
2025-05-06 15:51:09,320 [INFO] AnalyticsPlugin:253 - Accepted Software Licenses: 
2025-05-06 15:51:09,320 [INFO] AnalyticsPlugin:255 - Accepted CMSIS Pack Licenses: 
2025-05-06 15:51:09,321 [INFO] AnalyticsPlugin:257 - Accepted Firmware Licenses: FW.F4.1.27.0
2025-05-06 15:51:09,323 [INFO] PluginManage:359 - Loaded plugin analytics (category:tool,tabindex:-1)
2025-05-06 15:51:09,324 [INFO] PluginManage:310 - Check plugin cadmodel
2025-05-06 15:51:09,351 [INFO] CADModel:105 - Init CAD model plugin
2025-05-06 15:51:09,351 [INFO] PluginManage:359 - Loaded plugin cadmodel (category:power,tabindex:5)
2025-05-06 15:51:09,352 [INFO] PluginManage:310 - Check plugin clock
2025-05-06 15:51:09,363 [INFO] PluginManage:359 - Loaded plugin clock (category:base,tabindex:2)
2025-05-06 15:51:09,363 [INFO] PluginManage:310 - Check plugin ddr
2025-05-06 15:51:09,366 [INFO] PluginManage:359 - Loaded plugin ddr (category:tool,tabindex:6)
2025-05-06 15:51:09,367 [INFO] PluginManage:310 - Check plugin filemanager
2025-05-06 15:51:09,540 [INFO] PluginManage:359 - Loaded plugin filemanager (category:base,tabindex:10)
2025-05-06 15:51:09,541 [INFO] PluginManage:310 - Check plugin ipmanager
2025-05-06 15:51:09,550 [INFO] PluginManage:359 - Loaded plugin ipmanager (category:base,tabindex:5)
2025-05-06 15:51:09,550 [INFO] PluginManage:310 - Check plugin lpbam
2025-05-06 15:51:09,557 [INFO] PluginManage:359 - Loaded plugin lpbam (category:base,tabindex:0)
2025-05-06 15:51:09,557 [INFO] PluginManage:310 - Check plugin memorymap
2025-05-06 15:51:09,570 [INFO] PluginManage:359 - Loaded plugin memorymap (category:base,tabindex:4)
2025-05-06 15:51:09,570 [INFO] PluginManage:310 - Check plugin pinoutandconfiguration
2025-05-06 15:51:09,576 [INFO] PluginManage:359 - Loaded plugin pinoutandconfiguration (category:base,tabindex:1)
2025-05-06 15:51:09,576 [INFO] PluginManage:310 - Check plugin pinoutconfig
2025-05-06 15:51:09,674 [WARN] SupportedApi:132 - Cannot load RTOS API schema: s4s-elt-must-match.1: The content of 'definitions' must match (annotation?, (simpleType | complexType)?, (unique | key | keyref)*)). A problem was found starting at: attribute.
2025-05-06 15:51:09,809 [INFO] PluginManage:359 - Loaded plugin pinoutconfig (category:base,tabindex:0)
2025-05-06 15:51:09,811 [INFO] PluginManage:310 - Check plugin power
2025-05-06 15:51:09,818 [INFO] PluginManage:359 - Loaded plugin power (category:power,tabindex:4)
2025-05-06 15:51:09,818 [INFO] PluginManage:310 - Check plugin projectmanager
2025-05-06 15:51:09,834 [INFO] PluginManage:359 - Loaded plugin projectmanager (category:projectmanager,tabindex:3)
2025-05-06 15:51:09,834 [INFO] PluginManage:310 - Check plugin thirdparty
2025-05-06 15:51:09,959 [INFO] PluginManage:359 - Loaded plugin thirdparty (category:base,tabindex:-1)
2025-05-06 15:51:09,959 [WARN] IntegrityCheckThread:84 - waiting for thirdparty lock release [integrity check]
2025-05-06 15:51:09,959 [INFO] PluginManage:310 - Check plugin tools
2025-05-06 15:51:09,959 [INFO] IntegrityCheckThread:86 - entering critical section [integrity check]
2025-05-06 15:51:09,960 [INFO] ThirdPartyUpdaterWithRetryManager:70 - Updater plugin not ready yet. [1/15]
2025-05-06 15:51:09,962 [INFO] PluginManage:359 - Loaded plugin tools (category:base,tabindex:7)
2025-05-06 15:51:09,962 [INFO] PluginManage:310 - Check plugin tutovideos
2025-05-06 15:51:10,129 [INFO] PluginManage:359 - Loaded plugin tutovideos (category:base,tabindex:-1)
2025-05-06 15:51:10,129 [INFO] PluginManage:310 - Check plugin updater
2025-05-06 15:51:10,139 [INFO] PluginManage:359 - Loaded plugin updater (category:base,tabindex:12)
2025-05-06 15:51:10,139 [INFO] PluginManage:310 - Check plugin userauth
2025-05-06 15:51:10,143 [INFO] UserAuth:113 - Init User Auth plugin
2025-05-06 15:51:10,143 [INFO] PluginManage:359 - Loaded plugin userauth (category:base,tabindex:14)
2025-05-06 15:51:10,143 [INFO] PluginManage:283 - PluginManage : Loaded plugins [17]
2025-05-06 15:51:10,377 [INFO] PinOutPanel:1499 - setPackage(No Configuration,No Configuration)
2025-05-06 15:51:10,474 [INFO] CADModel:165 - CPN selected for project level
2025-05-06 15:51:10,474 [INFO] CADModel:114 - Register for checkConnection events
2025-05-06 15:51:10,488 [INFO] IPUIPlugin:80 - create IPUIPlugin
2025-05-06 15:51:10,488 [INFO] PluginManager:220 - loadIPPluginJar : add adc
2025-05-06 15:51:10,491 [INFO] IPUIPlugin:80 - create IPUIPlugin
2025-05-06 15:51:10,491 [INFO] PluginManager:220 - loadIPPluginJar : add aes
2025-05-06 15:51:10,494 [INFO] IPUIPlugin:80 - create IPUIPlugin
2025-05-06 15:51:10,494 [INFO] PluginManager:220 - loadIPPluginJar : add can
2025-05-06 15:51:10,495 [INFO] IPUIPlugin:80 - create IPUIPlugin
2025-05-06 15:51:10,495 [INFO] PluginManager:220 - loadIPPluginJar : add comp
2025-05-06 15:51:10,497 [INFO] IPUIPlugin:80 - create IPUIPlugin
2025-05-06 15:51:10,497 [INFO] PluginManager:220 - loadIPPluginJar : add cryp
2025-05-06 15:51:10,498 [INFO] IPUIPlugin:80 - create IPUIPlugin
2025-05-06 15:51:10,498 [INFO] PluginManager:220 - loadIPPluginJar : add dfsdm
2025-05-06 15:51:10,502 [INFO] IPUIPlugin:80 - create IPUIPlugin
2025-05-06 15:51:10,504 [INFO] PluginManager:220 - loadIPPluginJar : add dma
2025-05-06 15:51:10,506 [INFO] IPUIPlugin:80 - create IPUIPlugin
2025-05-06 15:51:10,506 [INFO] PluginManager:220 - loadIPPluginJar : add dma3
2025-05-06 15:51:10,507 [INFO] IPUIPlugin:80 - create IPUIPlugin
2025-05-06 15:51:10,507 [INFO] PluginManager:220 - loadIPPluginJar : add fatfs
2025-05-06 15:51:10,511 [INFO] IPUIPlugin:80 - create IPUIPlugin
2025-05-06 15:51:10,511 [INFO] PluginManager:220 - loadIPPluginJar : add fmc
2025-05-06 15:51:10,517 [INFO] IPUIPlugin:80 - create IPUIPlugin
2025-05-06 15:51:10,517 [INFO] PluginManager:220 - loadIPPluginJar : add freertos
2025-05-06 15:51:10,519 [INFO] IPUIPlugin:80 - create IPUIPlugin
2025-05-06 15:51:10,519 [INFO] PluginManager:220 - loadIPPluginJar : add genericplugin
2025-05-06 15:51:10,521 [INFO] IPUIPlugin:80 - create IPUIPlugin
2025-05-06 15:51:10,521 [INFO] PluginManager:220 - loadIPPluginJar : add gfxmmu
2025-05-06 15:51:10,525 [INFO] IPUIPlugin:80 - create IPUIPlugin
2025-05-06 15:51:10,526 [INFO] PluginManager:220 - loadIPPluginJar : add gic
2025-05-06 15:51:10,530 [INFO] IPUIPlugin:80 - create IPUIPlugin
2025-05-06 15:51:10,531 [INFO] PluginManager:220 - loadIPPluginJar : add gpio
2025-05-06 15:51:10,533 [INFO] IPUIPlugin:80 - create IPUIPlugin
2025-05-06 15:51:10,534 [INFO] PluginManager:220 - loadIPPluginJar : add gtzc
2025-05-06 15:51:10,536 [INFO] IPUIPlugin:80 - create IPUIPlugin
2025-05-06 15:51:10,536 [INFO] PluginManager:220 - loadIPPluginJar : add hash
2025-05-06 15:51:10,540 [INFO] IPUIPlugin:80 - create IPUIPlugin
2025-05-06 15:51:10,540 [INFO] PluginManager:220 - loadIPPluginJar : add i2c
2025-05-06 15:51:10,542 [INFO] IPUIPlugin:80 - create IPUIPlugin
2025-05-06 15:51:10,542 [INFO] PluginManager:220 - loadIPPluginJar : add i2s
2025-05-06 15:51:10,544 [INFO] IPUIPlugin:80 - create IPUIPlugin
2025-05-06 15:51:10,544 [INFO] PluginManager:220 - loadIPPluginJar : add i3c
2025-05-06 15:51:10,547 [INFO] IPUIPlugin:80 - create IPUIPlugin
2025-05-06 15:51:10,547 [INFO] PluginManager:220 - loadIPPluginJar : add ipddr
2025-05-06 15:51:10,553 [INFO] IPUIPlugin:80 - create IPUIPlugin
2025-05-06 15:51:10,553 [INFO] PluginManager:220 - loadIPPluginJar : add linkedlist
2025-05-06 15:51:10,555 [INFO] IPUIPlugin:80 - create IPUIPlugin
2025-05-06 15:51:10,555 [INFO] PluginManager:220 - loadIPPluginJar : add lorawan
2025-05-06 15:51:10,556 [INFO] IPUIPlugin:80 - create IPUIPlugin
2025-05-06 15:51:10,556 [INFO] PluginManager:220 - loadIPPluginJar : add ltdc
2025-05-06 15:51:10,561 [INFO] IPUIPlugin:80 - create IPUIPlugin
2025-05-06 15:51:10,561 [INFO] PluginManager:220 - loadIPPluginJar : add mdma
2025-05-06 15:51:10,564 [INFO] IPUIPlugin:80 - create IPUIPlugin
2025-05-06 15:51:10,565 [INFO] PluginManager:220 - loadIPPluginJar : add nvic
2025-05-06 15:51:10,567 [INFO] IPUIPlugin:80 - create IPUIPlugin
2025-05-06 15:51:10,567 [INFO] PluginManager:220 - loadIPPluginJar : add opamp
2025-05-06 15:51:10,570 [INFO] IPUIPlugin:80 - create IPUIPlugin
2025-05-06 15:51:10,570 [INFO] PluginManager:220 - loadIPPluginJar : add openamp
2025-05-06 15:51:10,572 [INFO] IPUIPlugin:80 - create IPUIPlugin
2025-05-06 15:51:10,572 [INFO] PluginManager:220 - loadIPPluginJar : add pdm2pcm
2025-05-06 15:51:10,576 [INFO] IPUIPlugin:80 - create IPUIPlugin
2025-05-06 15:51:10,578 [INFO] PluginManager:220 - loadIPPluginJar : add plateformsettings
2025-05-06 15:51:10,579 [INFO] IPUIPlugin:80 - create IPUIPlugin
2025-05-06 15:51:10,579 [INFO] PluginManager:220 - loadIPPluginJar : add quadspi
2025-05-06 15:51:10,583 [INFO] IPUIPlugin:80 - create IPUIPlugin
2025-05-06 15:51:10,583 [INFO] PluginManager:220 - loadIPPluginJar : add resmgrutility
2025-05-06 15:51:10,585 [INFO] IPUIPlugin:80 - create IPUIPlugin
2025-05-06 15:51:10,586 [INFO] PluginManager:220 - loadIPPluginJar : add sai
2025-05-06 15:51:10,587 [INFO] IPUIPlugin:80 - create IPUIPlugin
2025-05-06 15:51:10,587 [INFO] PluginManager:220 - loadIPPluginJar : add spi
2025-05-06 15:51:10,592 [INFO] IPUIPlugin:80 - create IPUIPlugin
2025-05-06 15:51:10,592 [INFO] PluginManager:220 - loadIPPluginJar : add stm32_wpan
2025-05-06 15:51:10,593 [INFO] IPUIPlugin:80 - create IPUIPlugin
2025-05-06 15:51:10,593 [INFO] PluginManager:220 - loadIPPluginJar : add tim
2025-05-06 15:51:10,595 [INFO] IPUIPlugin:80 - create IPUIPlugin
2025-05-06 15:51:10,595 [INFO] PluginManager:220 - loadIPPluginJar : add touchsensing
2025-05-06 15:51:10,596 [INFO] IPUIPlugin:80 - create IPUIPlugin
2025-05-06 15:51:10,596 [INFO] PluginManager:220 - loadIPPluginJar : add tracer_emb
2025-05-06 15:51:10,598 [INFO] IPUIPlugin:80 - create IPUIPlugin
2025-05-06 15:51:10,598 [INFO] PluginManager:220 - loadIPPluginJar : add ts
2025-05-06 15:51:10,599 [INFO] IPUIPlugin:80 - create IPUIPlugin
2025-05-06 15:51:10,599 [INFO] PluginManager:220 - loadIPPluginJar : add tsc
2025-05-06 15:51:10,601 [INFO] IPUIPlugin:80 - create IPUIPlugin
2025-05-06 15:51:10,601 [INFO] PluginManager:220 - loadIPPluginJar : add ucpd
2025-05-06 15:51:10,603 [INFO] IPUIPlugin:80 - create IPUIPlugin
2025-05-06 15:51:10,603 [INFO] PluginManager:220 - loadIPPluginJar : add usart
2025-05-06 15:51:10,605 [INFO] IPUIPlugin:80 - create IPUIPlugin
2025-05-06 15:51:10,606 [INFO] PluginManager:220 - loadIPPluginJar : add usbx
2025-05-06 15:51:10,732 [INFO] CADModel:165 - CPN selected for project level
2025-05-06 15:51:10,732 [INFO] CADModel:114 - Register for checkConnection events
2025-05-06 15:51:10,733 [FATAL] Updater:308 - Updater called before beeing initialized
2025-05-06 15:51:10,733 [ERROR] CADModel:125 - Updater not yet initialized, retry later 
2025-05-06 15:51:10,863 [INFO] CADModel:165 - CPN selected for project level
2025-05-06 15:51:10,863 [INFO] CADModel:114 - Register for checkConnection events
2025-05-06 15:51:10,864 [FATAL] Updater:308 - Updater called before beeing initialized
2025-05-06 15:51:10,864 [ERROR] CADModel:125 - Updater not yet initialized, retry later 
2025-05-06 15:51:10,866 [FATAL] Updater:308 - Updater called before beeing initialized
2025-05-06 15:51:10,964 [FATAL] Updater:308 - Updater called before beeing initialized
2025-05-06 15:51:10,969 [INFO] DbMcusAds:53 - JSON generation date=Tue Dec 17 23:01:15 ICT 2024 (1734451275230)
2025-05-06 15:51:10,969 [FATAL] Updater:308 - Updater called before beeing initialized
2025-05-06 15:51:11,000 [WARN] DetailPanel:346 - Failed to get advertising image, set to default
2025-05-06 15:51:11,084 [FATAL] Updater:308 - Updater called before beeing initialized
2025-05-06 15:51:11,086 [FATAL] Updater:308 - Updater called before beeing initialized
2025-05-06 15:51:11,086 [FATAL] Updater:308 - Updater called before beeing initialized
2025-05-06 15:51:11,086 [WARN] DetailPanel:346 - Failed to get advertising image, set to default
2025-05-06 15:51:11,087 [FATAL] Updater:308 - Updater called before beeing initialized
2025-05-06 15:51:11,135 [ERROR] Updater:1120 - MainUpdater not yet initialized. External WinMGr cannot be set.
2025-05-06 15:51:11,136 [INFO] Updater:1056 - Updater Version found : 6.9.0
2025-05-06 15:51:11,153 [INFO] ApplicationProperties:184 - Using Application install path: D:\ITC\STM32\STM32CubeIDE_1.13.0\STM32CubeIDE\plugins\com.st.stm32cube.common.mx_6.9.0.202307051724
2025-05-06 15:51:11,438 [INFO] MainUpdater:2868 - connection check result : 10
2025-05-06 15:51:11,439 [INFO] MainUpdater:285 - Updater Check For Update Now.
2025-05-06 15:51:11,439 [INFO] MicroXplorer:498 - Change Database Version : DB.6.0.90
2025-05-06 15:51:11,648 [INFO] CheckServerUpdateThread:120 - End of CheckServer Thread
2025-05-06 15:51:11,660 [INFO] MainUpdater:2868 - connection check result : 10
2025-05-06 15:51:11,661 [INFO] MainUpdater:2868 - connection check result : 10
2025-05-06 15:51:11,719 [INFO] MicroXplorer:468 - Change Database Path : 
2025-05-06 15:51:11,720 [INFO] MicroXplorer:498 - Change Database Version : DB.6.0.90
2025-05-06 15:51:11,726 [WARN] ThirdParty:871 - waiting for thirdparty lock release [close project]
2025-05-06 15:51:13,316 [WARN] PackLoader:240 - Cannot read IP mode file for STMicroelectronics.FP-SNS-MOTENVWB1.1.4.0
2025-05-06 15:51:13,330 [WARN] PackLoader:240 - Cannot read IP mode file for STMicroelectronics.FP-ATR-ASTRA1.2.0.2
2025-05-06 15:51:13,335 [WARN] PackLoader:240 - Cannot read IP mode file for STMicroelectronics.FP-ATR-ASTRA1.2.0.1
2025-05-06 15:51:13,355 [WARN] PackLoader:240 - Cannot read IP mode file for STMicroelectronics.X-CUBE-SMBUS.2.1.0
2025-05-06 15:51:13,376 [WARN] PackLoader:240 - Cannot read IP mode file for STMicroelectronics.X-CUBE-WB05N.1.1.0
2025-05-06 15:51:13,385 [WARN] PackLoader:240 - Cannot read IP mode file for STMicroelectronics.X-CUBE-TOUCHGFX.4.23.0
2025-05-06 15:51:13,390 [WARN] PackLoader:240 - Cannot read IP mode file for STMicroelectronics.X-CUBE-TOUCHGFX.4.23.2
2025-05-06 15:51:13,432 [WARN] PackLoader:240 - Cannot read IP mode file for STMicroelectronics.X-CUBE-AZRTOS-F7.1.1.0
2025-05-06 15:51:13,442 [ERROR] RealEvaluatedCondition:428 - Found unsupported composite condition: GROUP='STM32_MetaDataManager' CLASS='Data Exchange'
2025-05-06 15:51:13,442 [ERROR] RealEvaluatedCondition:428 - Found unsupported composite condition: CLASS='Data Exchange' GROUP='STM32_MetaDataManager'
2025-05-06 15:51:13,445 [WARN] PackLoader:240 - Cannot read IP mode file for STMicroelectronics.FP-SNS-MOTENV1.4.3.0
2025-05-06 15:51:13,456 [WARN] PackLoader:240 - Cannot read IP mode file for STMicroelectronics.FP-SNS-MOTENV1.4.3.2
2025-05-06 15:51:13,464 [WARN] PackLoader:240 - Cannot read IP mode file for STMicroelectronics.FP-SNS-FLIGHT1.5.0.0
2025-05-06 15:51:13,471 [WARN] PackLoader:240 - Cannot read IP mode file for STMicroelectronics.X-CUBE-BLE1.6.2.4
2025-05-06 15:51:13,476 [WARN] PackLoader:240 - Cannot read IP mode file for STMicroelectronics.FP-SNS-FLIGHT1.5.0.2
2025-05-06 15:51:13,485 [ERROR] Engine:466 - C:\Users\msi1\.stm32cubemx\thirdparties\pdsc\Infineon.AIROC-Wi-Fi-Bluetooth-STM32.1.7.0.pdsc: PDSC version is not supported
2025-05-06 15:51:13,496 [WARN] PackLoader:240 - Cannot read IP mode file for STMicroelectronics.X-CUBE-DISPLAY.3.0.0
2025-05-06 15:51:13,508 [WARN] PackLoader:240 - Cannot read IP mode file for STMicroelectronics.X-CUBE-BLE1.7.0.0
2025-05-06 15:51:13,516 [WARN] PackLoader:240 - Cannot read IP mode file for STMicroelectronics.X-CUBE-NFC10.1.0.0
2025-05-06 15:51:13,522 [ERROR] Engine:466 - C:\Users\msi1\.stm32cubemx\thirdparties\pdsc\STMicroelectronics.X-CUBE-BLEMGR.4.0.0.pdsc: PDSC version is not supported
2025-05-06 15:51:13,529 [WARN] PackLoader:240 - Cannot read IP mode file for emotas.I-CUBE-CANOPEN.1.3.0
2025-05-06 15:51:13,532 [WARN] PackLoader:240 - Cannot read IP mode file for STMicroelectronics.X-CUBE-TOUCHGFX.4.22.0
2025-05-06 15:51:13,534 [WARN] PackLoader:240 - Cannot read IP mode file for STMicroelectronics.X-CUBE-TOUCHGFX.4.22.1
2025-05-06 15:51:13,541 [WARN] PackLoader:240 - Cannot read IP mode file for STMicroelectronics.X-CUBE-BLEMGR.3.1.0
2025-05-06 15:51:13,547 [WARN] PackLoader:240 - Cannot read IP mode file for STMicroelectronics.X-CUBE-AI.10.0.0
2025-05-06 15:51:13,551 [WARN] PackLoader:240 - Cannot read IP mode file for STMicroelectronics.FP-SNS-SMARTAG2.1.2.0
2025-05-06 15:51:13,554 [ERROR] Engine:466 - C:\Users\msi1\.stm32cubemx\thirdparties\pdsc\STMicroelectronics.FP-SNS-FLIGHT1.5.1.0.pdsc: PDSC version is not supported
2025-05-06 15:51:13,595 [WARN] PackLoader:240 - Cannot read IP mode file for STMicroelectronics.X-CUBE-MEMS1.11.1.0
2025-05-06 15:51:13,714 [INFO] LogOutputStream:77 - [STDOUT_REDIRECT] 1 : Invalid condition id : UX_CORESTACK_Condition cause : null
2025-05-06 15:51:13,714 [INFO] LogOutputStream:77 - [STDOUT_REDIRECT] 1 : Invalid condition id : UX_CORESTACK_Condition cause : null
2025-05-06 15:51:13,715 [INFO] LogOutputStream:77 - [STDOUT_REDIRECT] 1 : Invalid condition id : UX_CORESTACK_Condition cause : null
2025-05-06 15:51:13,715 [INFO] LogOutputStream:77 - [STDOUT_REDIRECT] 1 : Invalid condition id : UX_CORESTACK_Condition cause : null
2025-05-06 15:51:13,716 [INFO] LogOutputStream:77 - [STDOUT_REDIRECT] 1 : Invalid condition id : UX_CORESTACK_Condition cause : null
2025-05-06 15:51:13,718 [WARN] PackLoader:240 - Cannot read IP mode file for STMicroelectronics.X-CUBE-AZRTOS-WL.2.0.0
2025-05-06 15:51:13,735 [WARN] PackLoader:240 - Cannot read IP mode file for STMicroelectronics.FP-SNS-MOTENV1.5.0.0
2025-05-06 15:51:13,741 [WARN] PackLoader:240 - Cannot read IP mode file for wolfSSL.I-CUBE-wolfMQTT.1.19.0
2025-05-06 15:51:13,747 [WARN] PackLoader:240 - Cannot read IP mode file for WES.I-CUBE-Cesium.1.3.0
2025-05-06 15:51:13,752 [WARN] PackLoader:240 - Cannot read IP mode file for STMicroelectronics.X-CUBE-BLE2.3.3.0
2025-05-06 15:51:13,758 [WARN] PackLoader:240 - Cannot read IP mode file for STMicroelectronics.X-CUBE-NFC9.1.0.0
2025-05-06 15:51:13,762 [WARN] PackLoader:240 - Cannot read IP mode file for STMicroelectronics.X-CUBE-BLE1.7.1.0
2025-05-06 15:51:13,767 [WARN] PackLoader:240 - Cannot read IP mode file for STMicroelectronics.X-CUBE-TCPP.4.1.0
2025-05-06 15:51:13,770 [WARN] PackLoader:240 - Cannot read IP mode file for STMicroelectronics.X-CUBE-TOUCHGFX.4.21.4
2025-05-06 15:51:13,774 [WARN] PackLoader:240 - Cannot read IP mode file for STMicroelectronics.X-CUBE-ALGOBUILD.1.3.0
2025-05-06 15:51:13,805 [WARN] PackLoader:240 - Cannot read IP mode file for STMicroelectronics.X-CUBE-MEMS1.11.2.0
2025-05-06 15:51:13,905 [WARN] PackLoader:240 - Cannot read IP mode file for STMicroelectronics.X-CUBE-AZRTOS-G0.1.1.0
2025-05-06 15:51:13,912 [WARN] PackLoader:240 - Cannot read IP mode file for STMicroelectronics.X-CUBE-SAFEA1.1.2.2
2025-05-06 15:51:13,918 [WARN] PackLoader:240 - Cannot read IP mode file for STMicroelectronics.X-CUBE-NFC4.3.0.0
2025-05-06 15:51:13,922 [WARN] PackLoader:240 - Cannot read IP mode file for wolfSSL.I-CUBE-wolfMQTT.1.18.0
2025-05-06 15:51:13,924 [ERROR] Engine:466 - C:\Users\msi1\.stm32cubemx\thirdparties\pdsc\EmbeddedOffice.I-CUBE-FS-RTOS.1.0.1.pdsc: PDSC version is not supported
2025-05-06 15:51:13,928 [WARN] PackLoader:240 - Cannot read IP mode file for STMicroelectronics.X-CUBE-WB05N.2.0.0
2025-05-06 15:51:13,934 [WARN] PackLoader:240 - Cannot read IP mode file for STMicroelectronics.X-CUBE-BLEMGR.3.0.0
2025-05-06 15:51:13,937 [ERROR] Engine:466 - C:\Users\msi1\.stm32cubemx\thirdparties\pdsc\STMicroelectronics.X-CUBE-TCPP.4.2.0.pdsc: PDSC version is not supported
2025-05-06 15:51:13,939 [ERROR] Engine:466 - C:\Users\msi1\.stm32cubemx\thirdparties\pdsc\RealThread.X-CUBE-RT-Thread_Nano.4.1.1.pdsc: PDSC version is not supported
2025-05-06 15:51:13,942 [WARN] PackLoader:240 - Cannot read IP mode file for STMicroelectronics.FP-ATR-SIGFOX1.3.2.0
2025-05-06 15:51:13,944 [ERROR] Engine:466 - C:\Users\msi1\.stm32cubemx\thirdparties\pdsc\quantropi.X-CUBE-qispace-sdk-base.1.9.3.pdsc: PDSC version is not supported
2025-05-06 15:51:13,949 [WARN] PackLoader:240 - Cannot read IP mode file for STMicroelectronics.X-CUBE-EEPRMA1.5.1.0
2025-05-06 15:51:13,954 [WARN] PackLoader:240 - Cannot read IP mode file for wolfSSL.I-CUBE-wolfSSL.5.7.6
2025-05-06 15:51:13,959 [WARN] PackLoader:240 - Cannot read IP mode file for ITTIA_DB.I-CUBE-ITTIADB.8.9.0
2025-05-06 15:51:13,984 [WARN] PackLoader:240 - Cannot read IP mode file for SEGGER.I-CUBE-embOS.1.3.1
2025-05-06 15:51:14,025 [WARN] PackLoader:240 - Cannot read IP mode file for STMicroelectronics.X-CUBE-ALGOBUILD.1.4.0
2025-05-06 15:51:14,029 [WARN] PackLoader:240 - Cannot read IP mode file for STMicroelectronics.X-CUBE-AI.9.1.0
2025-05-06 15:51:14,034 [WARN] PackLoader:240 - Cannot read IP mode file for STMicroelectronics.X-CUBE-GNSS1.6.0.0
2025-05-06 15:51:14,046 [WARN] PackLoader:240 - Cannot read IP mode file for STMicroelectronics.X-CUBE-AZRTOS-F4.1.1.0
2025-05-06 15:51:14,050 [ERROR] Engine:466 - C:\Users\msi1\.stm32cubemx\thirdparties\pdsc\Avnet-IotConnect.X-CUBE-IoTC-DA16k-PMOD.1.0.0.pdsc: PDSC version is not supported
2025-05-06 15:51:14,053 [WARN] PackLoader:240 - Cannot read IP mode file for wolfSSL.I-CUBE-wolfSSL.5.6.0
2025-05-06 15:51:14,056 [WARN] PackLoader:240 - Cannot read IP mode file for STMicroelectronics.X-CUBE-ISPU.2.1.0
2025-05-06 15:51:14,062 [WARN] PackLoader:240 - Cannot read IP mode file for STMicroelectronics.X-CUBE-FREERTOS.1.2.0
2025-05-06 15:51:14,078 [WARN] PackLoader:240 - Cannot read IP mode file for STMicroelectronics.X-CUBE-AZRTOS-L5.2.0.0
2025-05-06 15:51:14,117 [WARN] PackLoader:240 - Cannot read IP mode file for STMicroelectronics.X-CUBE-MEMS1.9.6.0
2025-05-06 15:51:14,210 [WARN] PackLoader:240 - Cannot read IP mode file for STMicroelectronics.X-CUBE-EEPRMA1.4.2.0
2025-05-06 15:51:14,218 [WARN] PackLoader:240 - Cannot read IP mode file for STMicroelectronics.X-CUBE-NFC6.3.1.0
2025-05-06 15:51:14,223 [WARN] PackLoader:240 - Cannot read IP mode file for ITTIA_DB.I-CUBE-ITTIADB.8.8.0
2025-05-06 15:51:14,228 [WARN] PackLoader:240 - Cannot read IP mode file for emotas.I-CUBE-CANOPEN.1.1.3
2025-05-06 15:51:14,234 [WARN] PackLoader:240 - Cannot read IP mode file for STMicroelectronics.X-CUBE-BLEMGR.2.0.0
2025-05-06 15:51:14,237 [ERROR] Engine:466 - C:\Users\msi1\.stm32cubemx\thirdparties\pdsc\STMicroelectronics.X-CUBE-DPower.1.2.0.pdsc: PDSC version is not supported
2025-05-06 15:51:14,240 [WARN] PackLoader:240 - Cannot read IP mode file for STMicroelectronics.X-CUBE-AI.9.0.0
2025-05-06 15:51:14,253 [WARN] ConditionMgr:438 - getConditionDescription Invalid condition id : UX DEVICE CLASS RTOS Condition cause : null
2025-05-06 15:51:14,253 [WARN] ConditionMgr:438 - getConditionDescription Invalid condition id : UX DEVICE CLASS RTOS Condition cause : null
2025-05-06 15:51:14,255 [WARN] PackLoader:240 - Cannot read IP mode file for STMicroelectronics.X-CUBE-AZRTOS-H7.3.1.0
2025-05-06 15:51:14,256 [WARN] ConditionMgr:1039 - genDependencies : Invalid condition id : UX DEVICE CLASS RTOS Condition cause : null
2025-05-06 15:51:14,257 [WARN] ConditionMgr:1039 - genDependencies : Invalid condition id : UX DEVICE CLASS RTOS Condition cause : null
2025-05-06 15:51:14,257 [WARN] ConditionMgr:1039 - genDependencies : Invalid condition id : UX DEVICE CLASS RTOS Condition cause : null
2025-05-06 15:51:14,257 [WARN] ConditionMgr:1039 - genDependencies : Invalid condition id : UX DEVICE CLASS RTOS Condition cause : null
2025-05-06 15:51:14,257 [WARN] ConditionMgr:1039 - genDependencies : Invalid condition id : UX DEVICE CLASS RTOS Condition cause : null
2025-05-06 15:51:14,262 [WARN] PackLoader:240 - Cannot read IP mode file for STMicroelectronics.X-CUBE-FREERTOS.1.3.0
2025-05-06 15:51:14,267 [WARN] PackLoader:240 - Cannot read IP mode file for STMicroelectronics.X-CUBE-NFC7.1.0.1
2025-05-06 15:51:14,271 [WARN] PackLoader:240 - Cannot read IP mode file for STMicroelectronics.X-CUBE-NFC7.1.0.0
2025-05-06 15:51:14,275 [WARN] PackLoader:240 - Cannot read IP mode file for wolfSSL.I-CUBE-wolfTPM.3.2.0
2025-05-06 15:51:14,281 [WARN] PackLoader:240 - Cannot read IP mode file for STMicroelectronics.X-CUBE-NFC6.3.0.0
2025-05-06 15:51:14,289 [WARN] PackLoader:240 - Cannot read IP mode file for STMicroelectronics.X-CUBE-EEPRMA1.4.1.0
2025-05-06 15:51:14,294 [ERROR] Engine:466 - C:\Users\msi1\.stm32cubemx\thirdparties\pdsc\STMicroelectronics.X-CUBE-DPower.1.3.0.pdsc: PDSC version is not supported
2025-05-06 15:51:14,297 [WARN] PackLoader:240 - Cannot read IP mode file for STMicroelectronics.X-CUBE-AI.8.1.0
2025-05-06 15:51:14,314 [WARN] ConditionMgr:438 - getConditionDescription Invalid condition id : LAN8742 Phy interface Condition cause : null
2025-05-06 15:51:14,315 [WARN] PackLoader:240 - Cannot read IP mode file for STMicroelectronics.X-CUBE-AZRTOS-L4.2.0.0
2025-05-06 15:51:14,316 [WARN] ConditionMgr:1039 - genDependencies : Invalid condition id : LAN8742 Phy interface Condition cause : null
2025-05-06 15:51:14,317 [WARN] ConditionMgr:1039 - genDependencies : Invalid condition id : LAN8742 Phy interface Condition cause : null
2025-05-06 15:51:14,317 [WARN] ConditionMgr:1039 - genDependencies : Invalid condition id : LAN8742 Phy interface Condition cause : null
2025-05-06 15:51:14,327 [WARN] PackLoader:240 - Cannot read IP mode file for STMicroelectronics.X-CUBE-SFXS2LP1.4.0.0
2025-05-06 15:51:14,334 [WARN] PackLoader:240 - Cannot read IP mode file for STMicroelectronics.X-CUBE-ISPU.1.1.0
2025-05-06 15:51:14,351 [WARN] PackLoader:240 - Cannot read IP mode file for STMicroelectronics.X-CUBE-AZRTOS-H7.3.3.0
2025-05-06 15:51:14,357 [ERROR] Engine:466 - C:\Users\msi1\.stm32cubemx\thirdparties\pdsc\STMicroelectronics.X-CUBE-IPS.3.0.0.pdsc: PDSC version is not supported
2025-05-06 15:51:14,366 [WARN] ConditionMgr:438 - getConditionDescription Invalid condition id : UX DEVICE CLASS RTOS Condition cause : null
2025-05-06 15:51:14,367 [WARN] ConditionMgr:438 - getConditionDescription Invalid condition id : UX DEVICE CLASS RTOS Condition cause : null
2025-05-06 15:51:14,368 [WARN] PackLoader:240 - Cannot read IP mode file for STMicroelectronics.X-CUBE-AZRTOS-WB.2.0.0
2025-05-06 15:51:14,369 [WARN] ConditionMgr:1039 - genDependencies : Invalid condition id : UX DEVICE CLASS RTOS Condition cause : null
2025-05-06 15:51:14,369 [WARN] ConditionMgr:1039 - genDependencies : Invalid condition id : UX DEVICE CLASS RTOS Condition cause : null
2025-05-06 15:51:14,369 [WARN] ConditionMgr:1039 - genDependencies : Invalid condition id : UX DEVICE CLASS RTOS Condition cause : null
2025-05-06 15:51:14,369 [WARN] ConditionMgr:1039 - genDependencies : Invalid condition id : UX DEVICE CLASS RTOS Condition cause : null
2025-05-06 15:51:14,369 [WARN] ConditionMgr:1039 - genDependencies : Invalid condition id : UX DEVICE CLASS RTOS Condition cause : null
2025-05-06 15:51:14,373 [WARN] PackLoader:240 - Cannot read IP mode file for STMicroelectronics.X-CUBE-FREERTOS.1.0.1
2025-05-06 15:51:14,377 [WARN] PackLoader:240 - Cannot read IP mode file for STMicroelectronics.X-CUBE-GNSS1.7.0.1
2025-05-06 15:51:14,380 [WARN] PackLoader:240 - Cannot read IP mode file for STMicroelectronics.X-CUBE-TOUCHGFX.4.25.0
2025-05-06 15:51:14,382 [ERROR] Engine:466 - C:\Users\msi1\.stm32cubemx\thirdparties\pdsc\STMicroelectronics.FP-SNS-STBOX1.2.0.0.pdsc: PDSC version is not supported
2025-05-06 15:51:14,391 [WARN] PackLoader:240 - Cannot read IP mode file for STMicroelectronics.X-CUBE-AZRTOS-L5.1.1.0
2025-05-06 15:51:14,397 [WARN] PackLoader:240 - Cannot read IP mode file for STMicroelectronics.X-CUBE-AI.8.0.1
2025-05-06 15:51:14,403 [WARN] PackLoader:240 - Cannot read IP mode file for STMicroelectronics.X-CUBE-SUBG2.5.0.0
2025-05-06 15:51:14,425 [WARN] PackLoader:240 - Cannot read IP mode file for STMicroelectronics.X-CUBE-AZRTOS-H7RS.1.1.0
2025-05-06 15:51:14,431 [WARN] PackLoader:240 - Cannot read IP mode file for Cesanta.I-CUBE-Mongoose.7.13.0
2025-05-06 15:51:14,440 [WARN] PackLoader:240 - Cannot read IP mode file for STMicroelectronics.X-CUBE-TOF1.3.3.1
2025-05-06 15:51:14,457 [WARN] PackLoader:240 - Cannot read IP mode file for STMicroelectronics.X-CUBE-AZRTOS-G4.2.0.0
2025-05-06 15:51:14,466 [WARN] PackLoader:240 - Cannot read IP mode file for STMicroelectronics.X-CUBE-TOF1.3.3.0
2025-05-06 15:51:14,481 [WARN] PackLoader:240 - Cannot read IP mode file for Infineon.AIROC-Wi-Fi-Bluetooth-STM32.1.5.1
2025-05-06 15:51:14,486 [WARN] PackLoader:240 - Cannot read IP mode file for STMicroelectronics.FP-SNS-MOTENVWB1.1.3.0
2025-05-06 15:51:14,491 [WARN] PackLoader:240 - Cannot read IP mode file for STMicroelectronics.X-CUBE-NFC7.2.0.0
2025-05-06 15:51:14,495 [WARN] PackLoader:240 - Cannot read IP mode file for STMicroelectronics.FP-SNS-MOTENVWB1.1.3.1
2025-05-06 15:51:14,507 [WARN] PackLoader:240 - Cannot read IP mode file for STMicroelectronics.X-CUBE-AZRTOS-L4.1.0.0
2025-05-06 15:51:14,511 [WARN] PackLoader:240 - Cannot read IP mode file for STMicroelectronics.X-CUBE-ISPU.2.0.0
2025-05-06 15:51:14,514 [ERROR] Engine:466 - C:\Users\msi1\.stm32cubemx\thirdparties\pdsc\STMicroelectronics.X-CUBE-IPS.3.1.0.pdsc: PDSC version is not supported
2025-05-06 15:51:14,518 [WARN] PackLoader:240 - Cannot read IP mode file for STMicroelectronics.X-CUBE-ALS.1.0.2
2025-05-06 15:51:14,545 [WARN] PackLoader:240 - Cannot read IP mode file for STMicroelectronics.X-CUBE-MEMS1.10.0.0
2025-05-06 15:51:14,627 [WARN] PackLoader:240 - Cannot read IP mode file for STMicroelectronics.X-CUBE-FREERTOS.1.1.0
2025-05-06 15:51:14,629 [WARN] PackLoader:240 - Cannot read IP mode file for STMicroelectronics.X-CUBE-TOUCHGFX.4.24.0
2025-05-06 15:51:14,632 [WARN] PackLoader:240 - Cannot read IP mode file for STMicroelectronics.X-CUBE-TOUCHGFX.4.24.2
2025-05-06 15:51:14,639 [WARN] PackLoader:240 - Cannot read IP mode file for STMicroelectronics.X-CUBE-AZRTOS-WL.1.0.0
2025-05-06 15:51:14,643 [WARN] PackLoader:240 - Cannot read IP mode file for STMicroelectronics.X-CUBE-TOUCHGFX.4.24.1
2025-05-06 15:51:14,646 [WARN] PackLoader:240 - Cannot read IP mode file for wolfSSL.I-CUBE-wolfTPM.3.4.0
2025-05-06 15:51:14,654 [WARN] PackLoader:240 - Cannot read IP mode file for portGmbH.I-Cube-SoM-uGOAL.1.1.0
2025-05-06 15:51:14,661 [WARN] PackLoader:240 - Cannot read IP mode file for STMicroelectronics.X-CUBE-ALS.1.0.1
2025-05-06 15:51:14,672 [WARN] PackLoader:240 - Cannot read IP mode file for STMicroelectronics.X-CUBE-AZRTOS-WB.1.1.0
2025-05-06 15:51:14,693 [WARN] PackLoader:240 - Cannot read IP mode file for STMicroelectronics.X-CUBE-AZRTOS-H7RS.1.0.0
2025-05-06 15:51:14,702 [WARN] PackLoader:240 - Cannot read IP mode file for STMicroelectronics.FP-ATR-ASTRA1.2.0.0
2025-05-06 15:51:14,708 [ERROR] Engine:466 - C:\Users\msi1\.stm32cubemx\thirdparties\pdsc\STMicroelectronics.X-CUBE-TOF1.3.4.2.pdsc: PDSC version is not supported
2025-05-06 15:51:14,713 [ERROR] Engine:466 - C:\Users\msi1\.stm32cubemx\thirdparties\pdsc\STMicroelectronics.X-CUBE-TOF1.3.4.3.pdsc: PDSC version is not supported
2025-05-06 15:51:14,724 [WARN] PackLoader:240 - Cannot read IP mode file for STMicroelectronics.X-CUBE-TOF1.3.4.0
2025-05-06 15:51:14,742 [WARN] PackLoader:240 - Cannot read IP mode file for STMicroelectronics.X-CUBE-TOF1.3.4.1
2025-05-06 15:51:14,769 [WARN] PackLoader:240 - Cannot read IP mode file for STMicroelectronics.X-CUBE-AZRTOS-H7.3.2.0
2025-05-06 15:51:14,777 [WARN] PackLoader:240 - Cannot read IP mode file for wolfSSL.I-CUBE-wolfSSH.1.4.17
2025-05-06 15:51:14,778 [INFO] ThirdParty:978 - Integrity check success = true
2025-05-06 15:51:14,778 [INFO] IntegrityCheckThread:100 - exiting critical section [integrity check]
2025-05-06 15:51:14,778 [INFO] IntegrityCheckThread:103 - End integrity checks thread
2025-05-06 15:51:14,778 [INFO] ThirdParty:873 - entering critical section [close project]
2025-05-06 15:51:14,779 [INFO] ThirdParty:883 - exiting critical section [close project]
2025-05-06 15:51:14,782 [INFO] PinOutPanel:1499 - setPackage(No Configuration,No Configuration)
2025-05-06 15:51:14,793 [INFO] UtilMem:75 - Begin LoadConfig() Used Memory: 180641792 Bytes (268435456)
2025-05-06 15:51:14,794 [INFO] MicroXplorer:468 - Change Database Path : 
2025-05-06 15:51:14,795 [INFO] MicroXplorer:498 - Change Database Version : DB.6.0.90
2025-05-06 15:51:14,795 [INFO] OpenFileManager:308 - Change cursor
2025-05-06 15:51:14,824 [INFO] Mcu:1946 - Initializing MCU STM32F303V(B-C)Tx STM32F303VCTx STM32F303VCT6
2025-05-06 15:51:16,457 [INFO] Context:659 - Trying to add GPIOservice into a context  which must be forbidden
2025-05-06 15:51:17,072 [INFO] RtosManager:555 - Registered RTOS mode: class=CMSIS, group=RTOS, mode=CMSIS_V1, owner=FREERTOS
2025-05-06 15:51:17,072 [INFO] RtosManager:555 - Registered RTOS mode: class=CMSIS, group=RTOS2, mode=CMSIS_V2, owner=FREERTOS
2025-05-06 15:51:17,072 [INFO] RtosManager:555 - Registered RTOS mode: class=RTOS, group=Core, mode=CMSIS_V1, owner=FREERTOS
2025-05-06 15:51:17,072 [INFO] RtosManager:555 - Registered RTOS mode: class=RTOS, group=Core, mode=CMSIS_V2, owner=FREERTOS
2025-05-06 15:51:17,073 [WARN] ModelIntegratedComponent:184 - Missing modes for component STMicroelectronics:FreeRTOS:0.0.1:STMicroelectronics:RTOS:FreeRTOS:Core:::10.2.0:
2025-05-06 15:51:17,082 [WARN] ModelIntegratedComponent:63 - No mode defined for component null
2025-05-06 15:51:17,082 [WARN] ModelIntegratedComponent:63 - No mode defined for component null
2025-05-06 15:51:17,082 [WARN] ModelIntegratedComponent:63 - No mode defined for component null
2025-05-06 15:51:17,082 [WARN] ModelIntegratedComponent:63 - No mode defined for component null
2025-05-06 15:51:17,082 [WARN] ModelIntegratedComponent:63 - No mode defined for component null
2025-05-06 15:51:17,082 [WARN] ModelIntegratedComponent:63 - No mode defined for component null
2025-05-06 15:51:17,082 [WARN] ModelIntegratedComponent:63 - No mode defined for component null
2025-05-06 15:51:17,082 [WARN] ModelIntegratedComponent:63 - No mode defined for component null
2025-05-06 15:51:17,082 [WARN] ModelIntegratedComponent:63 - No mode defined for component null
2025-05-06 15:51:17,082 [WARN] ModelIntegratedComponent:63 - No mode defined for component null
2025-05-06 15:51:17,082 [WARN] ModelIntegratedComponent:63 - No mode defined for component null
2025-05-06 15:51:17,083 [WARN] ModelIntegratedComponent:63 - No mode defined for component null
2025-05-06 15:51:17,083 [WARN] ModelIntegratedComponent:63 - No mode defined for component null
2025-05-06 15:51:17,083 [WARN] ModelIntegratedComponent:63 - No mode defined for component null
2025-05-06 15:51:17,083 [WARN] ModelIntegratedComponent:63 - No mode defined for component null
2025-05-06 15:51:17,083 [WARN] ModelIntegratedComponent:63 - No mode defined for component null
2025-05-06 15:51:17,083 [WARN] ModelIntegratedComponent:63 - No mode defined for component null
2025-05-06 15:51:17,083 [WARN] ModelIntegratedComponent:63 - No mode defined for component null
2025-05-06 15:51:17,083 [WARN] ModelIntegratedComponent:63 - No mode defined for component null
2025-05-06 15:51:17,083 [WARN] ModelIntegratedComponent:63 - No mode defined for component null
2025-05-06 15:51:17,083 [WARN] ModelIntegratedComponent:63 - No mode defined for component null
2025-05-06 15:51:17,083 [WARN] ModelIntegratedComponent:63 - No mode defined for component null
2025-05-06 15:51:17,083 [WARN] ModelIntegratedComponent:63 - No mode defined for component null
2025-05-06 15:51:17,083 [WARN] ModelIntegratedComponent:63 - No mode defined for component null
2025-05-06 15:51:17,083 [WARN] ModelIntegratedComponent:63 - No mode defined for component null
2025-05-06 15:51:17,083 [WARN] ModelIntegratedComponent:63 - No mode defined for component null
2025-05-06 15:51:17,083 [WARN] ModelIntegratedComponent:63 - No mode defined for component null
2025-05-06 15:51:17,084 [WARN] ModelIntegratedComponent:63 - No mode defined for component null
2025-05-06 15:51:17,084 [WARN] ModelIntegratedComponent:63 - No mode defined for component null
2025-05-06 15:51:17,084 [WARN] ModelIntegratedComponent:63 - No mode defined for component null
2025-05-06 15:51:17,084 [WARN] ModelIntegratedComponent:63 - No mode defined for component null
2025-05-06 15:51:17,084 [WARN] ModelIntegratedComponent:63 - No mode defined for component null
2025-05-06 15:51:17,084 [WARN] ModelIntegratedComponent:63 - No mode defined for component null
2025-05-06 15:51:17,396 [INFO] ThirdPartyModel:298 - Start build external matchings
2025-05-06 15:51:19,716 [INFO] ThirdPartyModel:316 - End build external matchings
2025-05-06 15:51:19,771 [INFO] ImportTextPane:194 - (OptionalMessage_ERROR) IP (RCC) : Invalid parameter (FamilyName)
2025-05-06 15:51:19,772 [INFO] ImportTextPane:194 - (OptionalMessage_ERROR) IP (RCC) : Invalid parameter (TIM2Freq_Value)
2025-05-06 15:51:20,158 [INFO] UtilMem:75 - End LoadConfig() Used Memory: 169469288 Bytes (334495744)
2025-05-06 15:51:20,289 [INFO] ApiDb:581 - Connected to CubeFinder SQLite database (C:\Users\msi1\.stmcufinder\plugins\mcufinder\mcu\cube-finder-db.db)
2025-05-06 15:51:20,353 [INFO] ApiDb:668 - CubeFinder database Data Model version=2.1
2025-05-06 15:51:20,353 [INFO] ApiDb:669 - CubeFinder database Configuration version=3.0.39
2025-05-06 15:51:20,353 [INFO] ApiDb:670 - CubeFinder database generation date=2025-04-23 (1745419778)
2025-05-06 15:51:20,353 [INFO] ApiDb:671 - CubeFinder database FW Pack versions=[FP-ATR-ASTRA1_V2.0.0, FP-SNS-FLIGHT1_V5.1.0, FP-SNS-MOTENV1_V5.0.0, FP-SNS-MOTENVWB1_V1.4.0, FP-SNS-SMARTAG2_V1.2.0, FP-SNS-STBOX1_V2.0.0, STM32Cube_FW_C0_V1.4.0, STM32Cube_FW_F4_V1.28.1, STM32Cube_FW_F7_V1.17.2, STM32Cube_FW_G0_V1.6.2, STM32Cube_FW_G4_V1.6.1, STM32Cube_FW_H5_V1.5.0, STM32Cube_FW_H7RS_V1.2.0, STM32Cube_FW_H7_V1.12.1, STM32Cube_FW_L0_V1.12.2, STM32Cube_FW_L4_V1.18.1, STM32Cube_FW_L5_V1.5.1, STM32Cube_FW_N6_V1.1.1, STM32Cube_FW_U0_V1.2.0, STM32Cube_FW_U3_V1.1.0, STM32Cube_FW_U5_V1.7.0, STM32Cube_FW_WB0_V1.2.0, STM32Cube_FW_WBA_V1.6.0, STM32Cube_FW_WB_V1.22.0, STM32Cube_FW_WL3_V1.1.0, STM32Cube_FW_WL_V1.3.1, X-CUBE-ALGOBUILD_V1.4.0, X-CUBE-ALS_V1.0.2, X-CUBE-AZRTOS-F4_V1.1.0, X-CUBE-AZRTOS-F7_V1.1.0, X-CUBE-AZRTOS-G0_V1.1.0, X-CUBE-AZRTOS-G4_V2.0.0, X-CUBE-AZRTOS-H7RS_V1.1.0, X-CUBE-AZRTOS-H7_V3.3.0, X-CUBE-AZRTOS-L4_V2.0.0, X-CUBE-AZRTOS-L5_V2.0.0, X-CUBE-AZRTOS-WB_V2.0.0, X-CUBE-AZRTOS-WL_V2.0.0, X-CUBE-BLE1_V7.1.0, X-CUBE-BLE2_V3.3.0, X-CUBE-BLEMGR_V4.0.0, X-CUBE-EEPRMA1_V5.1.0, X-CUBE-FREERTOS_V1.3.0, X-CUBE-GNSS1_V6.0.0, X-CUBE-MEMS1_V11.2.0, X-CUBE-NFC4_V3.0.0, X-CUBE-NFC7_V1.0.1, X-CUBE-SFXS2LP1_V4.0.0, X-CUBE-SUBG2_V5.0.0, X-CUBE-TOF1_V3.4.3]
2025-05-06 15:51:22,261 [INFO] ApiDb:240 - Found 323 in-development CPN: [B-G473E-ZEST1S, B-WB1M-WPAN1, B-WL5M-SUBG1, NUCLEO-C031C6, NUCLEO-H503RB, NUCLEO-H563ZI, NUCLEO-U545RE-Q, NUCLEO-U5A5ZJ-Q, NUCLEO-WBA52CG, STEVAL-PROTEUS1, STEVAL-SMARTAG2, STEVAL-STWINBX1, STM320518-EVAL, STM32C0116-DK, STM32C011D6Y3TR, STM32C011D6Y6TR, STM32C011F4P3, STM32C011F4P6, STM32C011F4U3, STM32C011F4U6TR, STM32C011F6P3, STM32C011F6P6, STM32C011F6U3, STM32C011F6U6TR, STM32C011J4M3, STM32C011J4M6, STM32C011J6M3, STM32C011J6M6, STM32C0316-DK, STM32C031C4T3, STM32C031C4T6, STM32C031C4U3, STM32C031C4U6, STM32C031C6T3, STM32C031C6T6, STM32C031C6U3, STM32C031C6U6, STM32C031F4P3, STM32C031F4P6, STM32C031F6P3, STM32C031F6P6, STM32C031G4U3, STM32C031G4U6, STM32C031G6U3, STM32C031G6U6, STM32C031K4T3, STM32C031K4T6, STM32C031K4U3, STM32C031K4U6, STM32C031K6T3, STM32C031K6T6, STM32C031K6U3, STM32C031K6U6, STM32G071K8TXN, STM32G071K8UXN, STM32G081GBU6N, STM32G081KBT6N, STM32G081KBUXN, STM32G0B1CCT6N, STM32G0B1KCT6, STM32G0B1NEY6TR, STM32G0B1RCT6N, STM32G0C1CCT6, STM32G0C1CCT6N, STM32G0C1CCU6N, STM32G0C1CET6N, STM32G0C1CEU6N, STM32G0C1KCT6, STM32G0C1NEY6TR, STM32G0C1RCI6N, STM32G0C1RCT6N, STM32G0C1REI6N, STM32G0C1RET6N, STM32G0C1VCI6, STM32G0C1VEI6, STM32G471CCT6, STM32G471CCU6, STM32G471CET3, STM32G471CET6, STM32G471CEU3, STM32G471CEU6, STM32G471MCT6, STM32G471MET3, STM32G471MET6, STM32G471MEY6TR, STM32G471QCT6, STM32G471QET3, STM32G471RCT6, STM32G471RET3, STM32G471RET6, STM32G471VCH6, STM32G471VCI6, STM32G471VCT6, STM32G471VEH3, STM32G471VEH6, STM32G471VEI3, STM32G471VEI6, STM32G471VET3, STM32G471VET6, STM32G474CCT6, STM32H503CBT6, STM32H503CBU6, STM32H503EBY6TR, STM32H503KBU6, STM32H503RBT6, STM32H562AGI6, STM32H562AII6, STM32H562IGK6, STM32H562IGT6, STM32H562IIK6, STM32H562IIT6, STM32H562RGT6, STM32H562RGV6, STM32H562RIT6, STM32H562RIV6, STM32H562VGT6, STM32H562VIT6, STM32H562ZGT6, STM32H562ZIT6, STM32H563AGI6, STM32H563AII3Q, STM32H563AII6, STM32H563IGK6, STM32H563IGT6, STM32H563IIK3Q, STM32H563IIK6, STM32H563IIT3Q, STM32H563IIT6, STM32H563MIY3QTR, STM32H563RGT6, STM32H563RGV6, STM32H563RIT6, STM32H563RIV6, STM32H563VGT6, STM32H563VIT3Q, STM32H563VIT6, STM32H563ZGT6, STM32H563ZIT3Q, STM32H563ZIT6, STM32H573AII3Q, STM32H573AII6, STM32H573I-DK, STM32H573IIK3Q, STM32H573IIK6, STM32H573IIT3Q, STM32H573IIT6, STM32H573MIY3QTR, STM32H573RIT6, STM32H573RIV6, STM32H573VIT3Q, STM32H573VIT6, STM32H573ZIT3Q, STM32H573ZIT6, STM32L4R5QGI6STR, STM32MP131AAE3, STM32MP131AAF3, STM32MP131AAG3, STM32MP131CAE3, STM32MP131CAF3, STM32MP131CAG3, STM32MP131DAE7, STM32MP131DAF7, STM32MP131DAG7, STM32MP131FAE7, STM32MP131FAF7, STM32MP131FAG7, STM32MP133AAE3, STM32MP133AAF3, STM32MP133AAG3, STM32MP133CAE3, STM32MP133CAF3, STM32MP133CAG3, STM32MP133DAE7, STM32MP133DAF7, STM32MP133DAG7, STM32MP133FAE7, STM32MP133FAF7, STM32MP133FAG7, STM32MP135AAE3, STM32MP135AAF3, STM32MP135AAG3, STM32MP135CAE3, STM32MP135CAF3, STM32MP135CAG3, STM32MP135DAE7, STM32MP135DAF7, STM32MP135DAG7, STM32MP135F-DK, STM32MP135FAE7, STM32MP135FAF7, STM32MP135FAF7T, STM32MP135FAF7U, STM32MP135FAG7, STM32U535CBT6, STM32U535CBT6Q, STM32U535CBU6, STM32U535CBU6Q, STM32U535CCT6, STM32U535CCT6Q, STM32U535CCU6, STM32U535CCU6Q, STM32U535CET6, STM32U535CET6Q, STM32U535CEU6, STM32U535CEU6Q, STM32U535JEY6QTR, STM32U535NCY6QTR, STM32U535NEY6QTR, STM32U535RBI6, STM32U535RBI6Q, STM32U535RBT6, STM32U535RBT6Q, STM32U535RCI6, STM32U535RCI6Q, STM32U535RCT6, STM32U535RCT6Q, STM32U535REI6, STM32U535REI6Q, STM32U535RET6, STM32U535RET6Q, STM32U535VCI6, STM32U535VCI6Q, STM32U535VCT6, STM32U535VCT6Q, STM32U535VEI6, STM32U535VEI6Q, STM32U535VET6, STM32U535VET6Q, STM32U545CET6, STM32U545CET6Q, STM32U545CEU6, STM32U545CEU6Q, STM32U545JEY6QTR, STM32U545NEY6QTR, STM32U545REI6, STM32U545REI6Q, STM32U545RET6, STM32U545RET6Q, STM32U545VEI6, STM32U545VEI6Q, STM32U545VET6, STM32U545VET6Q, STM32U595AIH6, STM32U595AIH6Q, STM32U595AJH6, STM32U595AJH6Q, STM32U595QII6, STM32U595QII6Q, STM32U595QJI6, STM32U595QJI6Q, STM32U595RIT6, STM32U595RIT6Q, STM32U595RJT6, STM32U595RJT6Q, STM32U595VIT6, STM32U595VIT6Q, STM32U595VJT6, STM32U595VJT6Q, STM32U595ZIT6, STM32U595ZIT6Q, STM32U595ZIY6QTR, STM32U595ZJT6, STM32U595ZJT6Q, STM32U595ZJY6QTR, STM32U599BJY6QTR, STM32U599NIH6Q, STM32U599NJH6Q, STM32U599VIT6Q, STM32U599VJT6, STM32U599VJT6Q, STM32U599ZIT6Q, STM32U599ZIY6QTR, STM32U599ZJT6Q, STM32U599ZJY6QTR, STM32U5A5AJH6, STM32U5A5AJH6Q, STM32U5A5QJI6, STM32U5A5QJI6Q, STM32U5A5RJT6, STM32U5A5RJT6Q, STM32U5A5VJT6, STM32U5A5VJT6Q, STM32U5A5ZJT6, STM32U5A5ZJT6Q, STM32U5A5ZJY6QTR, STM32U5A9BJY6QTR, STM32U5A9J-DK, STM32U5A9NJH6Q, STM32U5A9VJT6Q, STM32U5A9ZJT6Q, STM32U5A9ZJY6QTR, STM32U5F7VIT6, STM32U5F7VIT6Q, STM32U5F7VJT6, STM32U5F7VJT6Q, STM32U5F9BJY6QTR, STM32U5F9NJH6Q, STM32U5F9VIT6Q, STM32U5F9VJT6Q, STM32U5F9ZIJ6QTR, STM32U5F9ZIT6Q, STM32U5F9ZJJ6QTR, STM32U5F9ZJT6Q, STM32U5G7VJT6, STM32U5G7VJT6Q, STM32U5G9BJY6QTR, STM32U5G9J-DK1, STM32U5G9J-DK2, STM32U5G9NJH6Q, STM32U5G9VJT6Q, STM32U5G9ZJJ6QTR, STM32U5G9ZJT6Q, STM32WB1MMCH6, STM32WBA52CEU6, STM32WBA52CEU6T, STM32WBA52CGU6, STM32WBA52CGU6T, STM32WBA52KEU6, STM32WBA52KEU6T, STM32WBA52KGU6, STM32WBA52KGU6T, STM32WL5MOCH6, STM32WL5MOCH6TR]
2025-05-06 15:51:22,268 [INFO] DbMcus:217 - Found 4642 MCUs, 4642 are supported
2025-05-06 15:51:22,269 [INFO] ApiDb:423 - Load user favorites file C:\Users\msi1/.stm32cubeide/favorites.mcus.txt: 3 item(s)
2025-05-06 15:51:22,269 [INFO] ApiDb:427 - User favorites MCUs=[STM32F103CBT6, STM32F303VCT6, STM32F407VGT6]
2025-05-06 15:51:22,270 [INFO] DbMcus:223 - Set 3 / 3 favorites MCUs
2025-05-06 15:51:22,703 [WARN] ThirdParty:833 - waiting for thirdparty lock release [change project]
2025-05-06 15:51:22,703 [INFO] ThirdParty:835 - entering critical section [change project]
2025-05-06 15:51:22,703 [INFO] ThirdParty:1030 - CMSIS Pack Vendor :STMicroelectronics USBPD 4.1
2025-05-06 15:51:22,703 [INFO] ThirdParty:1030 - CMSIS Pack Vendor :STMicroelectronics X-CUBE-GNSS1 6.0.0
2025-05-06 15:51:22,703 [INFO] ThirdParty:1030 - CMSIS Pack Vendor :STMicroelectronics USB_HOST 2.0.0
2025-05-06 15:51:22,703 [INFO] ThirdParty:1030 - CMSIS Pack Vendor :STMicroelectronics FP-SNS-MOTENVWB1 1.4.0
2025-05-06 15:51:22,703 [INFO] ThirdParty:1030 - CMSIS Pack Vendor :STMicroelectronics X-CUBE-AZRTOS-F4 1.1.0
2025-05-06 15:51:22,703 [INFO] ThirdParty:1030 - CMSIS Pack Vendor :STMicroelectronics LIBJPEG 8.0.0
2025-05-06 15:51:22,703 [INFO] ThirdParty:1030 - CMSIS Pack Vendor :STMicroelectronics FP-ATR-ASTRA1 2.0.2
2025-05-06 15:51:22,703 [INFO] ThirdParty:1030 - CMSIS Pack Vendor :STMicroelectronics FP-ATR-ASTRA1 2.0.1
2025-05-06 15:51:22,703 [INFO] ThirdParty:1030 - CMSIS Pack Vendor :STMicroelectronics X-CUBE-SMBUS 2.1.0
2025-05-06 15:51:22,703 [INFO] ThirdParty:1030 - CMSIS Pack Vendor :STMicroelectronics X-CUBE-WB05N 1.1.0
2025-05-06 15:51:22,703 [INFO] ThirdParty:1030 - CMSIS Pack Vendor :wolfSSL I-CUBE-wolfSSL 5.6.0
2025-05-06 15:51:22,703 [INFO] ThirdParty:1030 - CMSIS Pack Vendor :STMicroelectronics X-CUBE-ISPU 2.1.0
2025-05-06 15:51:22,703 [INFO] ThirdParty:1030 - CMSIS Pack Vendor :STMicroelectronics X-CUBE-FREERTOS 1.2.0
2025-05-06 15:51:22,704 [INFO] ThirdParty:1030 - CMSIS Pack Vendor :STMicroelectronics X-CUBE-TOUCHGFX 4.23.0
2025-05-06 15:51:22,704 [INFO] ThirdParty:1030 - CMSIS Pack Vendor :STMicroelectronics X-CUBE-TOUCHGFX 4.23.2
2025-05-06 15:51:22,704 [INFO] ThirdParty:1030 - CMSIS Pack Vendor :STMicroelectronics X-CUBE-AZRTOS-F7 1.1.0
2025-05-06 15:51:22,704 [INFO] ThirdParty:1030 - CMSIS Pack Vendor :STMicroelectronics X-CUBE-AZRTOS-L5 2.0.0
2025-05-06 15:51:22,704 [INFO] ThirdParty:1030 - CMSIS Pack Vendor :STMicroelectronics USB_DEVICE 2.0.0
2025-05-06 15:51:22,704 [INFO] ThirdParty:1030 - CMSIS Pack Vendor :STMicroelectronics X-CUBE-MEMS1 9.6.0
2025-05-06 15:51:22,704 [INFO] ThirdParty:1030 - CMSIS Pack Vendor :STMicroelectronics X-CUBE-EEPRMA1 4.2.0
2025-05-06 15:51:22,704 [INFO] ThirdParty:1030 - CMSIS Pack Vendor :STMicroelectronics X-CUBE-NFC6 3.1.0
2025-05-06 15:51:22,704 [INFO] ThirdParty:1030 - CMSIS Pack Vendor :ITTIA_DB I-CUBE-ITTIADB 8.8.0
2025-05-06 15:51:22,704 [INFO] ThirdParty:1030 - CMSIS Pack Vendor :STMicroelectronics FP-SNS-MOTENV1 4.3.0
2025-05-06 15:51:22,704 [INFO] ThirdParty:1030 - CMSIS Pack Vendor :STMicroelectronics FP-SNS-MOTENV1 4.3.2
2025-05-06 15:51:22,704 [INFO] ThirdParty:1030 - CMSIS Pack Vendor :STMicroelectronics FP-SNS-FLIGHT1 5.0.0
2025-05-06 15:51:22,704 [INFO] ThirdParty:1030 - CMSIS Pack Vendor :STMicroelectronics X-CUBE-BLE1 6.2.4
2025-05-06 15:51:22,704 [INFO] ThirdParty:1030 - CMSIS Pack Vendor :STMicroelectronics FreeRTOS 0.0.1
2025-05-06 15:51:22,704 [INFO] ThirdParty:1030 - CMSIS Pack Vendor :emotas I-CUBE-CANOPEN 1.1.3
2025-05-06 15:51:22,704 [INFO] ThirdParty:1030 - CMSIS Pack Vendor :STMicroelectronics X-CUBE-BLEMGR 2.0.0
2025-05-06 15:51:22,704 [INFO] ThirdParty:1030 - CMSIS Pack Vendor :STMicroelectronics FP-SNS-FLIGHT1 5.0.2
2025-05-06 15:51:22,704 [INFO] ThirdParty:1030 - CMSIS Pack Vendor :STMicroelectronics X-CUBE-AI 9.0.0
2025-05-06 15:51:22,704 [INFO] ThirdParty:1030 - CMSIS Pack Vendor :STMicroelectronics X-CUBE-AZRTOS-H7 3.1.0
2025-05-06 15:51:22,704 [INFO] ThirdParty:1030 - CMSIS Pack Vendor :STMicroelectronics PDM2PCM 3.3.0
2025-05-06 15:51:22,704 [INFO] ThirdParty:1030 - CMSIS Pack Vendor :STMicroelectronics X-CUBE-DISPLAY 3.0.0
2025-05-06 15:51:22,704 [INFO] ThirdParty:1030 - CMSIS Pack Vendor :STMicroelectronics X-CUBE-BLE1 7.0.0
2025-05-06 15:51:22,704 [INFO] ThirdParty:1030 - CMSIS Pack Vendor :STMicroelectronics X-CUBE-NFC10 1.0.0
2025-05-06 15:51:22,704 [INFO] ThirdParty:1030 - CMSIS Pack Vendor :STMicroelectronics HAL Drivers 0.0.0
2025-05-06 15:51:22,705 [INFO] ThirdParty:1030 - CMSIS Pack Vendor :emotas I-CUBE-CANOPEN 1.3.0
2025-05-06 15:51:22,705 [INFO] ThirdParty:1030 - CMSIS Pack Vendor :STMicroelectronics X-CUBE-FREERTOS 1.3.0
2025-05-06 15:51:22,705 [INFO] ThirdParty:1030 - CMSIS Pack Vendor :STMicroelectronics X-CUBE-TOUCHGFX 4.22.0
2025-05-06 15:51:22,705 [INFO] ThirdParty:1030 - CMSIS Pack Vendor :STMicroelectronics X-CUBE-NFC7 1.0.1
2025-05-06 15:51:22,705 [INFO] ThirdParty:1030 - CMSIS Pack Vendor :STMicroelectronics MBEDTLS 2.14.1
2025-05-06 15:51:22,705 [INFO] ThirdParty:1030 - CMSIS Pack Vendor :STMicroelectronics X-CUBE-NFC7 1.0.0
2025-05-06 15:51:22,705 [INFO] ThirdParty:1030 - CMSIS Pack Vendor :STMicroelectronics X-CUBE-TOUCHGFX 4.22.1
2025-05-06 15:51:22,705 [INFO] ThirdParty:1030 - CMSIS Pack Vendor :wolfSSL I-CUBE-wolfTPM 3.2.0
2025-05-06 15:51:22,705 [INFO] ThirdParty:1030 - CMSIS Pack Vendor :STMicroelectronics X-CUBE-NFC6 3.0.0
2025-05-06 15:51:22,705 [INFO] ThirdParty:1030 - CMSIS Pack Vendor :STMicroelectronics X-CUBE-EEPRMA1 4.1.0
2025-05-06 15:51:22,705 [INFO] ThirdParty:1030 - CMSIS Pack Vendor :STMicroelectronics X-CUBE-BLEMGR 3.1.0
2025-05-06 15:51:22,705 [INFO] ThirdParty:1030 - CMSIS Pack Vendor :STMicroelectronics X-CUBE-AI 10.0.0
2025-05-06 15:51:22,705 [INFO] ThirdParty:1030 - CMSIS Pack Vendor :STMicroelectronics FP-SNS-SMARTAG2 1.2.0
2025-05-06 15:51:22,705 [INFO] ThirdParty:1030 - CMSIS Pack Vendor :STMicroelectronics X-CUBE-MEMS1 11.1.0
2025-05-06 15:51:22,705 [INFO] ThirdParty:1030 - CMSIS Pack Vendor :STMicroelectronics X-CUBE-AZRTOS-WL 2.0.0
2025-05-06 15:51:22,706 [INFO] ThirdParty:1030 - CMSIS Pack Vendor :STMicroelectronics FP-SNS-MOTENV1 5.0.0
2025-05-06 15:51:22,706 [INFO] ThirdParty:1030 - CMSIS Pack Vendor :STMicroelectronics USB_DEVICE 1.0.0
2025-05-06 15:51:22,706 [INFO] ThirdParty:1030 - CMSIS Pack Vendor :STMicroelectronics X-CUBE-AI 8.1.0
2025-05-06 15:51:22,706 [INFO] ThirdParty:1030 - CMSIS Pack Vendor :wolfSSL I-CUBE-wolfMQTT 1.19.0
2025-05-06 15:51:22,706 [INFO] ThirdParty:1030 - CMSIS Pack Vendor :STMicroelectronics X-CUBE-AZRTOS-L4 2.0.0
2025-05-06 15:51:22,706 [INFO] ThirdParty:1030 - CMSIS Pack Vendor :STMicroelectronics ThreadX 0.0.2
2025-05-06 15:51:22,706 [INFO] ThirdParty:1030 - CMSIS Pack Vendor :WES I-CUBE-Cesium 1.3.0
2025-05-06 15:51:22,706 [INFO] ThirdParty:1030 - CMSIS Pack Vendor :STMicroelectronics lwIP 2.1.2
2025-05-06 15:51:22,706 [INFO] ThirdParty:1030 - CMSIS Pack Vendor :STMicroelectronics X-CUBE-SFXS2LP1 4.0.0
2025-05-06 15:51:22,706 [INFO] ThirdParty:1030 - CMSIS Pack Vendor :STMicroelectronics X-CUBE-BLE2 3.3.0
2025-05-06 15:51:22,706 [INFO] ThirdParty:1030 - CMSIS Pack Vendor :STMicroelectronics PDM2PCM 3.2.0
2025-05-06 15:51:22,706 [INFO] ThirdParty:1030 - CMSIS Pack Vendor :STMicroelectronics X-CUBE-ISPU 1.1.0
2025-05-06 15:51:22,706 [INFO] ThirdParty:1030 - CMSIS Pack Vendor :STMicroelectronics X-CUBE-AZRTOS-H7 3.3.0
2025-05-06 15:51:22,706 [INFO] ThirdParty:1030 - CMSIS Pack Vendor :STMicroelectronics X-CUBE-NFC9 1.0.0
2025-05-06 15:51:22,706 [INFO] ThirdParty:1030 - CMSIS Pack Vendor :STMicroelectronics X-CUBE-BLE1 7.1.0
2025-05-06 15:51:22,706 [INFO] ThirdParty:1030 - CMSIS Pack Vendor :STMicroelectronics USB_DEVICE 3.0.0
2025-05-06 15:51:22,706 [INFO] ThirdParty:1030 - CMSIS Pack Vendor :STMicroelectronics X-CUBE-TCPP 4.1.0
2025-05-06 15:51:22,707 [INFO] ThirdParty:1030 - CMSIS Pack Vendor :STMicroelectronics X-CUBE-AZRTOS-WB 2.0.0
2025-05-06 15:51:22,707 [INFO] ThirdParty:1030 - CMSIS Pack Vendor :STMicroelectronics X-CUBE-FREERTOS 1.0.1
2025-05-06 15:51:22,707 [INFO] ThirdParty:1030 - CMSIS Pack Vendor :STMicroelectronics X-CUBE-GNSS1 7.0.1
2025-05-06 15:51:22,707 [INFO] ThirdParty:1030 - CMSIS Pack Vendor :STMicroelectronics X-CUBE-TOUCHGFX 4.21.4
2025-05-06 15:51:22,707 [INFO] ThirdParty:1030 - CMSIS Pack Vendor :STMicroelectronics X-CUBE-TOUCHGFX 4.25.0
2025-05-06 15:51:22,707 [INFO] ThirdParty:1030 - CMSIS Pack Vendor :STMicroelectronics X-CUBE-ALGOBUILD 1.3.0
2025-05-06 15:51:22,707 [INFO] ThirdParty:1030 - CMSIS Pack Vendor :STMicroelectronics X-CUBE-AZRTOS-L5 1.1.0
2025-05-06 15:51:22,707 [INFO] ThirdParty:1030 - CMSIS Pack Vendor :STMicroelectronics X-CUBE-MEMS1 11.2.0
2025-05-06 15:51:22,707 [INFO] ThirdParty:1030 - CMSIS Pack Vendor :STMicroelectronics X-CUBE-AZRTOS-G0 1.1.0
2025-05-06 15:51:22,707 [INFO] ThirdParty:1030 - CMSIS Pack Vendor :STMicroelectronics X-CUBE-AI 8.0.1
2025-05-06 15:51:22,707 [INFO] ThirdParty:1030 - CMSIS Pack Vendor :STMicroelectronics X-CUBE-SAFEA1 1.2.2
2025-05-06 15:51:22,707 [INFO] ThirdParty:1030 - CMSIS Pack Vendor :STMicroelectronics X-CUBE-NFC4 3.0.0
2025-05-06 15:51:22,707 [INFO] ThirdParty:1030 - CMSIS Pack Vendor :STMicroelectronics X-CUBE-SUBG2 5.0.0
2025-05-06 15:51:22,707 [INFO] ThirdParty:1030 - CMSIS Pack Vendor :STMicroelectronics X-CUBE-AZRTOS-H7RS 1.1.0
2025-05-06 15:51:22,707 [INFO] ThirdParty:1030 - CMSIS Pack Vendor :STMicroelectronics STM32_WPAN 1.0.0
2025-05-06 15:51:22,707 [INFO] ThirdParty:1030 - CMSIS Pack Vendor :wolfSSL I-CUBE-wolfMQTT 1.18.0
2025-05-06 15:51:22,707 [INFO] ThirdParty:1030 - CMSIS Pack Vendor :STMicroelectronics lwIP 2.0.3
2025-05-06 15:51:22,707 [INFO] ThirdParty:1030 - CMSIS Pack Vendor :Cesanta I-CUBE-Mongoose 7.13.0
2025-05-06 15:51:22,708 [INFO] ThirdParty:1030 - CMSIS Pack Vendor :STMicroelectronics USB_HOST 1.0.0
2025-05-06 15:51:22,708 [INFO] ThirdParty:1030 - CMSIS Pack Vendor :STMicroelectronics X-CUBE-TOF1 3.3.1
2025-05-06 15:51:22,708 [INFO] ThirdParty:1030 - CMSIS Pack Vendor :STMicroelectronics X-CUBE-AZRTOS-G4 2.0.0
2025-05-06 15:51:22,708 [INFO] ThirdParty:1030 - CMSIS Pack Vendor :STMicroelectronics X-CUBE-WB05N 2.0.0
2025-05-06 15:51:22,708 [INFO] ThirdParty:1030 - CMSIS Pack Vendor :STMicroelectronics PDM2PCM 3.1.0
2025-05-06 15:51:22,708 [INFO] ThirdParty:1030 - CMSIS Pack Vendor :STMicroelectronics X-CUBE-TOF1 3.3.0
2025-05-06 15:51:22,708 [INFO] ThirdParty:1030 - CMSIS Pack Vendor :Infineon AIROC-Wi-Fi-Bluetooth-STM32 1.5.1
2025-05-06 15:51:22,708 [INFO] ThirdParty:1030 - CMSIS Pack Vendor :STMicroelectronics X-CUBE-BLEMGR 3.0.0
2025-05-06 15:51:22,708 [INFO] ThirdParty:1030 - CMSIS Pack Vendor :STMicroelectronics FP-SNS-MOTENVWB1 1.3.0
2025-05-06 15:51:22,708 [INFO] ThirdParty:1030 - CMSIS Pack Vendor :STMicroelectronics X-CUBE-NFC7 2.0.0
2025-05-06 15:51:22,708 [INFO] ThirdParty:1030 - CMSIS Pack Vendor :STMicroelectronics FP-SNS-MOTENVWB1 1.3.1
2025-05-06 15:51:22,708 [INFO] ThirdParty:1030 - CMSIS Pack Vendor :STMicroelectronics FP-ATR-SIGFOX1 3.2.0
2025-05-06 15:51:22,708 [INFO] ThirdParty:1030 - CMSIS Pack Vendor :STMicroelectronics X-CUBE-AZRTOS-L4 1.0.0
2025-05-06 15:51:22,708 [INFO] ThirdParty:1030 - CMSIS Pack Vendor :STMicroelectronics X-CUBE-ISPU 2.0.0
2025-05-06 15:51:22,708 [INFO] ThirdParty:1030 - CMSIS Pack Vendor :STMicroelectronics X-CUBE-EEPRMA1 5.1.0
2025-05-06 15:51:22,708 [INFO] ThirdParty:1030 - CMSIS Pack Vendor :STMicroelectronics MBEDTLS 2.16.2
2025-05-06 15:51:22,708 [INFO] ThirdParty:1030 - CMSIS Pack Vendor :STMicroelectronics X-CUBE-ALS 1.0.2
2025-05-06 15:51:22,708 [INFO] ThirdParty:1030 - CMSIS Pack Vendor :STMicroelectronics X-CUBE-MEMS1 10.0.0
2025-05-06 15:51:22,708 [INFO] ThirdParty:1030 - CMSIS Pack Vendor :STMicroelectronics X-CUBE-FREERTOS 1.1.0
2025-05-06 15:51:22,709 [INFO] ThirdParty:1030 - CMSIS Pack Vendor :wolfSSL I-CUBE-wolfSSL 5.7.6
2025-05-06 15:51:22,709 [INFO] ThirdParty:1030 - CMSIS Pack Vendor :STMicroelectronics X-CUBE-TOUCHGFX 4.24.0
2025-05-06 15:51:22,709 [INFO] ThirdParty:1030 - CMSIS Pack Vendor :ITTIA_DB I-CUBE-ITTIADB 8.9.0
2025-05-06 15:51:22,709 [INFO] ThirdParty:1030 - CMSIS Pack Vendor :STMicroelectronics X-CUBE-TOUCHGFX 4.24.2
2025-05-06 15:51:22,709 [INFO] ThirdParty:1030 - CMSIS Pack Vendor :STMicroelectronics X-CUBE-AZRTOS-WL 1.0.0
2025-05-06 15:51:22,709 [INFO] ThirdParty:1030 - CMSIS Pack Vendor :STMicroelectronics X-CUBE-TOUCHGFX 4.24.1
2025-05-06 15:51:22,709 [INFO] ThirdParty:1030 - CMSIS Pack Vendor :wolfSSL I-CUBE-wolfTPM 3.4.0
2025-05-06 15:51:22,709 [INFO] ThirdParty:1030 - CMSIS Pack Vendor :portGmbH I-Cube-SoM-uGOAL 1.1.0
2025-05-06 15:51:22,709 [INFO] ThirdParty:1030 - CMSIS Pack Vendor :STMicroelectronics X-CUBE-ALS 1.0.1
2025-05-06 15:51:22,709 [INFO] ThirdParty:1030 - CMSIS Pack Vendor :STMicroelectronics ThreadX 1.0.0
2025-05-06 15:51:22,710 [INFO] ThirdParty:1030 - CMSIS Pack Vendor :STMicroelectronics X-CUBE-AZRTOS-WB 1.1.0
2025-05-06 15:51:22,710 [INFO] ThirdParty:1030 - CMSIS Pack Vendor :SEGGER I-CUBE-embOS 1.3.1
2025-05-06 15:51:22,710 [INFO] ThirdParty:1030 - CMSIS Pack Vendor :STMicroelectronics X-CUBE-ALGOBUILD 1.4.0
2025-05-06 15:51:22,710 [INFO] ThirdParty:1030 - CMSIS Pack Vendor :STMicroelectronics X-CUBE-AZRTOS-H7RS 1.0.0
2025-05-06 15:51:22,710 [INFO] ThirdParty:1030 - CMSIS Pack Vendor :STMicroelectronics FP-ATR-ASTRA1 2.0.0
2025-05-06 15:51:22,710 [INFO] ThirdParty:1030 - CMSIS Pack Vendor :STMicroelectronics X-CUBE-AI 9.1.0
2025-05-06 15:51:22,710 [INFO] ThirdParty:1030 - CMSIS Pack Vendor :STMicroelectronics X-CUBE-TOF1 3.4.0
2025-05-06 15:51:22,710 [INFO] ThirdParty:1030 - CMSIS Pack Vendor :STMicroelectronics X-CUBE-TOF1 3.4.1
2025-05-06 15:51:22,710 [INFO] ThirdParty:1030 - CMSIS Pack Vendor :STMicroelectronics X-CUBE-AZRTOS-H7 3.2.0
2025-05-06 15:51:22,710 [INFO] ThirdParty:1030 - CMSIS Pack Vendor :wolfSSL I-CUBE-wolfSSH 1.4.17
2025-05-06 15:51:22,710 [INFO] ThirdParty:841 - exiting critical section [change project]
2025-05-06 15:51:23,392 [INFO] PinOutPanel:1499 - setPackage(No Configuration,No Configuration)
2025-05-06 15:51:23,394 [INFO] PinOutPanel:1499 - setPackage(STM32F303VCTx,LQFP100)
2025-05-06 15:51:24,031 [INFO] UtilMem:75 - Before build in PCC Used Memory: 203052744 Bytes (334495744)
2025-05-06 15:51:24,913 [INFO] UtilMem:75 - After build in PCC Used Memory: 271787640 Bytes (334495744)
2025-05-06 15:51:24,972 [INFO] IPUIPlugin:80 - create IPUIPlugin
2025-05-06 15:51:24,972 [INFO] IPUIPlugin:80 - create IPUIPlugin
2025-05-06 15:51:24,972 [INFO] IPUIPlugin:80 - create IPUIPlugin
2025-05-06 15:51:24,972 [INFO] IPUIPlugin:80 - create IPUIPlugin
2025-05-06 15:51:24,972 [INFO] IPUIPlugin:80 - create IPUIPlugin
2025-05-06 15:51:24,972 [INFO] IPUIPlugin:80 - create IPUIPlugin
2025-05-06 15:51:24,972 [INFO] IPUIPlugin:80 - create IPUIPlugin
2025-05-06 15:51:24,972 [INFO] IPUIPlugin:80 - create IPUIPlugin
2025-05-06 15:51:24,972 [INFO] IPUIPlugin:80 - create IPUIPlugin
2025-05-06 15:51:24,972 [INFO] IPUIPlugin:80 - create IPUIPlugin
2025-05-06 15:51:24,972 [INFO] IPUIPlugin:80 - create IPUIPlugin
2025-05-06 15:51:24,972 [INFO] IPUIPlugin:80 - create IPUIPlugin
2025-05-06 15:51:24,974 [INFO] IPUIPlugin:80 - create IPUIPlugin
2025-05-06 15:51:24,974 [INFO] IPUIPlugin:80 - create IPUIPlugin
2025-05-06 15:51:24,974 [INFO] IPUIPlugin:80 - create IPUIPlugin
2025-05-06 15:51:24,974 [INFO] IPUIPlugin:80 - create IPUIPlugin
2025-05-06 15:51:24,974 [INFO] IPUIPlugin:80 - create IPUIPlugin
2025-05-06 15:51:24,974 [INFO] IPUIPlugin:80 - create IPUIPlugin
2025-05-06 15:51:24,975 [INFO] IPUIPlugin:80 - create IPUIPlugin
2025-05-06 15:51:24,975 [INFO] IPUIPlugin:80 - create IPUIPlugin
2025-05-06 15:51:24,975 [INFO] IPUIPlugin:80 - create IPUIPlugin
2025-05-06 15:51:24,975 [INFO] IPUIPlugin:80 - create IPUIPlugin
2025-05-06 15:51:24,975 [INFO] IPUIPlugin:80 - create IPUIPlugin
2025-05-06 15:51:24,976 [INFO] IPUIPlugin:80 - create IPUIPlugin
2025-05-06 15:51:24,976 [INFO] IPUIPlugin:80 - create IPUIPlugin
2025-05-06 15:51:24,976 [INFO] IPUIPlugin:80 - create IPUIPlugin
2025-05-06 15:51:24,976 [INFO] IPUIPlugin:80 - create IPUIPlugin
2025-05-06 15:51:24,976 [INFO] IPUIPlugin:80 - create IPUIPlugin
2025-05-06 15:51:24,977 [INFO] IPUIPlugin:80 - create IPUIPlugin
2025-05-06 15:51:24,977 [INFO] IPUIPlugin:80 - create IPUIPlugin
2025-05-06 15:51:24,977 [INFO] IPUIPlugin:80 - create IPUIPlugin
2025-05-06 15:51:24,978 [INFO] IPUIPlugin:80 - create IPUIPlugin
2025-05-06 15:51:24,978 [INFO] IPUIPlugin:80 - create IPUIPlugin
2025-05-06 15:51:24,978 [INFO] IPUIPlugin:80 - create IPUIPlugin
2025-05-06 15:51:24,978 [INFO] IPUIPlugin:80 - create IPUIPlugin
2025-05-06 15:51:24,978 [INFO] IPUIPlugin:80 - create IPUIPlugin
2025-05-06 15:51:24,978 [INFO] IPUIPlugin:80 - create IPUIPlugin
2025-05-06 15:51:24,979 [INFO] IPUIPlugin:80 - create IPUIPlugin
2025-05-06 15:51:24,979 [INFO] IPUIPlugin:80 - create IPUIPlugin
2025-05-06 15:51:24,979 [INFO] IPUIPlugin:80 - create IPUIPlugin
2025-05-06 15:51:24,980 [INFO] IPUIPlugin:80 - create IPUIPlugin
2025-05-06 15:51:24,980 [INFO] IPUIPlugin:80 - create IPUIPlugin
2025-05-06 15:51:24,980 [INFO] IPUIPlugin:80 - create IPUIPlugin
2025-05-06 15:51:24,980 [INFO] IPUIPlugin:80 - create IPUIPlugin
2025-05-06 15:51:24,981 [INFO] IPUIPlugin:80 - create IPUIPlugin
2025-05-06 15:51:24,981 [INFO] IPUIPlugin:80 - create IPUIPlugin
2025-05-06 15:51:24,981 [INFO] IPUIPlugin:80 - create IPUIPlugin
2025-05-06 15:51:24,982 [INFO] IPUIPlugin:80 - create IPUIPlugin
2025-05-06 15:51:24,982 [INFO] IPUIPlugin:80 - create IPUIPlugin
2025-05-06 15:51:24,982 [INFO] IPUIPlugin:80 - create IPUIPlugin
2025-05-06 15:51:24,982 [INFO] IPUIPlugin:80 - create IPUIPlugin
2025-05-06 15:51:24,984 [INFO] IPUIPlugin:80 - create IPUIPlugin
2025-05-06 15:51:24,984 [INFO] IPUIPlugin:80 - create IPUIPlugin
2025-05-06 15:51:24,985 [INFO] IPUIPlugin:80 - create IPUIPlugin
2025-05-06 15:51:24,985 [INFO] IPUIPlugin:80 - create IPUIPlugin
2025-05-06 15:51:25,252 [INFO] CADModel:165 - CPN selected for project levelSTM32F303VCT6
2025-05-06 15:51:25,252 [INFO] CADModel:114 - Register for checkConnection events
2025-05-06 15:51:25,298 [INFO] OpenFileManager:328 - Restore cursor
2025-05-06 15:51:28,126 [INFO] LogOutputStream:77 - [STDOUT_REDIRECT] 
2025-05-06 15:51:28,752 [INFO] McuFinderGlobals:63 - Set McuFinder mode to 2 (CubeIDE integrated)
2025-05-06 15:51:36,801 [INFO] MainUpdater:2868 - connection check result : 10
2025-05-06 15:51:36,802 [INFO] MainUpdater:2868 - connection check result : 10
2025-05-06 15:51:37,499 [INFO] MicroXplorer:468 - Change Database Path : 
2025-05-06 15:51:37,499 [INFO] MicroXplorer:498 - Change Database Version : DB.6.0.90
2025-05-06 15:51:37,522 [WARN] ThirdParty:871 - waiting for thirdparty lock release [close project]
2025-05-06 15:51:37,523 [INFO] ThirdParty:873 - entering critical section [close project]
2025-05-06 15:51:37,523 [INFO] ThirdParty:883 - exiting critical section [close project]
2025-05-06 15:51:37,524 [INFO] PinOutPanel:1499 - setPackage(No Configuration,No Configuration)
2025-05-06 15:51:37,529 [INFO] UtilMem:75 - Begin LoadConfig() Used Memory: 321102928 Bytes (440401920)
2025-05-06 15:51:37,530 [INFO] MicroXplorer:468 - Change Database Path : 
2025-05-06 15:51:37,530 [INFO] MicroXplorer:498 - Change Database Version : DB.6.0.90
2025-05-06 15:51:37,530 [INFO] OpenFileManager:308 - Change cursor
2025-05-06 15:51:37,537 [INFO] Mcu:1946 - Initializing MCU STM32F103C(8-B)Tx STM32F103CBTx STM32F103CBT6
2025-05-06 15:51:37,958 [INFO] Context:659 - Trying to add GPIOservice into a context  which must be forbidden
2025-05-06 15:51:38,121 [INFO] RtosManager:555 - Registered RTOS mode: class=CMSIS, group=RTOS, mode=CMSIS_V1, owner=FREERTOS
2025-05-06 15:51:38,128 [INFO] RtosManager:555 - Registered RTOS mode: class=CMSIS, group=RTOS2, mode=CMSIS_V2, owner=FREERTOS
2025-05-06 15:51:38,128 [INFO] RtosManager:555 - Registered RTOS mode: class=RTOS, group=Core, mode=CMSIS_V1, owner=FREERTOS
2025-05-06 15:51:38,128 [INFO] RtosManager:555 - Registered RTOS mode: class=RTOS, group=Core, mode=CMSIS_V2, owner=FREERTOS
2025-05-06 15:51:38,128 [WARN] ModelIntegratedComponent:184 - Missing modes for component STMicroelectronics:FreeRTOS:0.0.1:STMicroelectronics:RTOS:FreeRTOS:Core:::10.2.0:
2025-05-06 15:51:38,131 [WARN] ModelIntegratedComponent:63 - No mode defined for component null
2025-05-06 15:51:38,131 [WARN] ModelIntegratedComponent:63 - No mode defined for component null
2025-05-06 15:51:38,131 [WARN] ModelIntegratedComponent:63 - No mode defined for component null
2025-05-06 15:51:38,131 [WARN] ModelIntegratedComponent:63 - No mode defined for component null
2025-05-06 15:51:38,131 [WARN] ModelIntegratedComponent:63 - No mode defined for component null
2025-05-06 15:51:38,131 [WARN] ModelIntegratedComponent:63 - No mode defined for component null
2025-05-06 15:51:38,131 [WARN] ModelIntegratedComponent:63 - No mode defined for component null
2025-05-06 15:51:38,131 [WARN] ModelIntegratedComponent:63 - No mode defined for component null
2025-05-06 15:51:38,131 [WARN] ModelIntegratedComponent:63 - No mode defined for component null
2025-05-06 15:51:38,131 [WARN] ModelIntegratedComponent:63 - No mode defined for component null
2025-05-06 15:51:38,131 [WARN] ModelIntegratedComponent:63 - No mode defined for component null
2025-05-06 15:51:38,131 [WARN] ModelIntegratedComponent:63 - No mode defined for component null
2025-05-06 15:51:38,131 [WARN] ModelIntegratedComponent:63 - No mode defined for component null
2025-05-06 15:51:38,131 [WARN] ModelIntegratedComponent:63 - No mode defined for component null
2025-05-06 15:51:38,131 [WARN] ModelIntegratedComponent:63 - No mode defined for component null
2025-05-06 15:51:38,132 [WARN] ModelIntegratedComponent:63 - No mode defined for component null
2025-05-06 15:51:38,132 [WARN] ModelIntegratedComponent:63 - No mode defined for component null
2025-05-06 15:51:38,132 [WARN] ModelIntegratedComponent:63 - No mode defined for component null
2025-05-06 15:51:38,132 [WARN] ModelIntegratedComponent:63 - No mode defined for component null
2025-05-06 15:51:38,132 [WARN] ModelIntegratedComponent:63 - No mode defined for component null
2025-05-06 15:51:38,132 [WARN] ModelIntegratedComponent:63 - No mode defined for component null
2025-05-06 15:51:38,132 [WARN] ModelIntegratedComponent:63 - No mode defined for component null
2025-05-06 15:51:38,132 [WARN] ModelIntegratedComponent:63 - No mode defined for component null
2025-05-06 15:51:38,132 [WARN] ModelIntegratedComponent:63 - No mode defined for component null
2025-05-06 15:51:38,132 [WARN] ModelIntegratedComponent:63 - No mode defined for component null
2025-05-06 15:51:38,132 [WARN] ModelIntegratedComponent:63 - No mode defined for component null
2025-05-06 15:51:38,132 [WARN] ModelIntegratedComponent:63 - No mode defined for component null
2025-05-06 15:51:38,132 [WARN] ModelIntegratedComponent:63 - No mode defined for component null
2025-05-06 15:51:38,132 [WARN] ModelIntegratedComponent:63 - No mode defined for component null
2025-05-06 15:51:38,132 [WARN] ModelIntegratedComponent:63 - No mode defined for component null
2025-05-06 15:51:38,132 [WARN] ModelIntegratedComponent:63 - No mode defined for component null
2025-05-06 15:51:38,132 [WARN] ModelIntegratedComponent:63 - No mode defined for component null
2025-05-06 15:51:38,132 [WARN] ModelIntegratedComponent:63 - No mode defined for component null
2025-05-06 15:51:38,338 [INFO] ThirdPartyModel:298 - Start build external matchings
2025-05-06 15:51:40,288 [INFO] ThirdPartyModel:316 - End build external matchings
2025-05-06 15:51:40,322 [INFO] ImportTextPane:194 - (OptionalMessage_ERROR) IP (RCC) : Parameter (ADCFreqValue) has invalid value (36000000)
2025-05-06 15:51:40,324 [INFO] ImportTextPane:194 - (OptionalMessage_ERROR) IP (RCC) : Invalid parameter (FamilyName)
2025-05-06 15:51:40,324 [INFO] ImportTextPane:194 - (OptionalMessage_ERROR) IP (RCC) : Parameter (MCOFreq_Value) has invalid value (72000000)
2025-05-06 15:51:40,325 [INFO] ImportTextPane:194 - (OptionalMessage_ERROR) IP (RCC) : Parameter (USBFreq_Value) has invalid value (72000000)
2025-05-06 15:51:40,534 [INFO] UtilMem:75 - End LoadConfig() Used Memory: 227865392 Bytes (440401920)
2025-05-06 15:51:40,661 [WARN] ThirdParty:833 - waiting for thirdparty lock release [change project]
2025-05-06 15:51:40,661 [INFO] ThirdParty:835 - entering critical section [change project]
2025-05-06 15:51:40,661 [INFO] ThirdParty:1030 - CMSIS Pack Vendor :STMicroelectronics USBPD 4.1
2025-05-06 15:51:40,661 [INFO] ThirdParty:1030 - CMSIS Pack Vendor :STMicroelectronics X-CUBE-GNSS1 6.0.0
2025-05-06 15:51:40,661 [INFO] ThirdParty:1030 - CMSIS Pack Vendor :STMicroelectronics USB_HOST 2.0.0
2025-05-06 15:51:40,661 [INFO] ThirdParty:1030 - CMSIS Pack Vendor :STMicroelectronics FP-SNS-MOTENVWB1 1.4.0
2025-05-06 15:51:40,661 [INFO] ThirdParty:1030 - CMSIS Pack Vendor :STMicroelectronics X-CUBE-AZRTOS-F4 1.1.0
2025-05-06 15:51:40,661 [INFO] ThirdParty:1030 - CMSIS Pack Vendor :STMicroelectronics LIBJPEG 8.0.0
2025-05-06 15:51:40,661 [INFO] ThirdParty:1030 - CMSIS Pack Vendor :STMicroelectronics FP-ATR-ASTRA1 2.0.2
2025-05-06 15:51:40,661 [INFO] ThirdParty:1030 - CMSIS Pack Vendor :STMicroelectronics FP-ATR-ASTRA1 2.0.1
2025-05-06 15:51:40,661 [INFO] ThirdParty:1030 - CMSIS Pack Vendor :STMicroelectronics X-CUBE-SMBUS 2.1.0
2025-05-06 15:51:40,662 [INFO] ThirdParty:1030 - CMSIS Pack Vendor :STMicroelectronics X-CUBE-WB05N 1.1.0
2025-05-06 15:51:40,662 [INFO] ThirdParty:1030 - CMSIS Pack Vendor :wolfSSL I-CUBE-wolfSSL 5.6.0
2025-05-06 15:51:40,662 [INFO] ThirdParty:1030 - CMSIS Pack Vendor :STMicroelectronics X-CUBE-ISPU 2.1.0
2025-05-06 15:51:40,662 [INFO] ThirdParty:1030 - CMSIS Pack Vendor :STMicroelectronics X-CUBE-FREERTOS 1.2.0
2025-05-06 15:51:40,662 [INFO] ThirdParty:1030 - CMSIS Pack Vendor :STMicroelectronics X-CUBE-TOUCHGFX 4.23.0
2025-05-06 15:51:40,662 [INFO] ThirdParty:1030 - CMSIS Pack Vendor :STMicroelectronics X-CUBE-TOUCHGFX 4.23.2
2025-05-06 15:51:40,662 [INFO] ThirdParty:1030 - CMSIS Pack Vendor :STMicroelectronics X-CUBE-AZRTOS-F7 1.1.0
2025-05-06 15:51:40,662 [INFO] ThirdParty:1030 - CMSIS Pack Vendor :STMicroelectronics X-CUBE-AZRTOS-L5 2.0.0
2025-05-06 15:51:40,662 [INFO] ThirdParty:1030 - CMSIS Pack Vendor :STMicroelectronics USB_DEVICE 2.0.0
2025-05-06 15:51:40,662 [INFO] ThirdParty:1030 - CMSIS Pack Vendor :STMicroelectronics X-CUBE-MEMS1 9.6.0
2025-05-06 15:51:40,662 [INFO] ThirdParty:1030 - CMSIS Pack Vendor :STMicroelectronics X-CUBE-EEPRMA1 4.2.0
2025-05-06 15:51:40,662 [INFO] ThirdParty:1030 - CMSIS Pack Vendor :STMicroelectronics X-CUBE-NFC6 3.1.0
2025-05-06 15:51:40,662 [INFO] ThirdParty:1030 - CMSIS Pack Vendor :ITTIA_DB I-CUBE-ITTIADB 8.8.0
2025-05-06 15:51:40,662 [INFO] ThirdParty:1030 - CMSIS Pack Vendor :STMicroelectronics FP-SNS-MOTENV1 4.3.0
2025-05-06 15:51:40,662 [INFO] ThirdParty:1030 - CMSIS Pack Vendor :STMicroelectronics FP-SNS-MOTENV1 4.3.2
2025-05-06 15:51:40,662 [INFO] ThirdParty:1030 - CMSIS Pack Vendor :STMicroelectronics FP-SNS-FLIGHT1 5.0.0
2025-05-06 15:51:40,662 [INFO] ThirdParty:1030 - CMSIS Pack Vendor :STMicroelectronics X-CUBE-BLE1 6.2.4
2025-05-06 15:51:40,662 [INFO] ThirdParty:1030 - CMSIS Pack Vendor :STMicroelectronics FreeRTOS 0.0.1
2025-05-06 15:51:40,662 [INFO] ThirdParty:1030 - CMSIS Pack Vendor :emotas I-CUBE-CANOPEN 1.1.3
2025-05-06 15:51:40,662 [INFO] ThirdParty:1030 - CMSIS Pack Vendor :STMicroelectronics X-CUBE-BLEMGR 2.0.0
2025-05-06 15:51:40,662 [INFO] ThirdParty:1030 - CMSIS Pack Vendor :STMicroelectronics FP-SNS-FLIGHT1 5.0.2
2025-05-06 15:51:40,662 [INFO] ThirdParty:1030 - CMSIS Pack Vendor :STMicroelectronics X-CUBE-AI 9.0.0
2025-05-06 15:51:40,662 [INFO] ThirdParty:1030 - CMSIS Pack Vendor :STMicroelectronics X-CUBE-AZRTOS-H7 3.1.0
2025-05-06 15:51:40,662 [INFO] ThirdParty:1030 - CMSIS Pack Vendor :STMicroelectronics PDM2PCM 3.3.0
2025-05-06 15:51:40,662 [INFO] ThirdParty:1030 - CMSIS Pack Vendor :STMicroelectronics X-CUBE-DISPLAY 3.0.0
2025-05-06 15:51:40,662 [INFO] ThirdParty:1030 - CMSIS Pack Vendor :STMicroelectronics X-CUBE-BLE1 7.0.0
2025-05-06 15:51:40,662 [INFO] ThirdParty:1030 - CMSIS Pack Vendor :STMicroelectronics X-CUBE-NFC10 1.0.0
2025-05-06 15:51:40,662 [INFO] ThirdParty:1030 - CMSIS Pack Vendor :STMicroelectronics HAL Drivers 0.0.0
2025-05-06 15:51:40,662 [INFO] ThirdParty:1030 - CMSIS Pack Vendor :emotas I-CUBE-CANOPEN 1.3.0
2025-05-06 15:51:40,662 [INFO] ThirdParty:1030 - CMSIS Pack Vendor :STMicroelectronics X-CUBE-FREERTOS 1.3.0
2025-05-06 15:51:40,662 [INFO] ThirdParty:1030 - CMSIS Pack Vendor :STMicroelectronics X-CUBE-TOUCHGFX 4.22.0
2025-05-06 15:51:40,662 [INFO] ThirdParty:1030 - CMSIS Pack Vendor :STMicroelectronics X-CUBE-NFC7 1.0.1
2025-05-06 15:51:40,662 [INFO] ThirdParty:1030 - CMSIS Pack Vendor :STMicroelectronics MBEDTLS 2.14.1
2025-05-06 15:51:40,662 [INFO] ThirdParty:1030 - CMSIS Pack Vendor :STMicroelectronics X-CUBE-NFC7 1.0.0
2025-05-06 15:51:40,662 [INFO] ThirdParty:1030 - CMSIS Pack Vendor :STMicroelectronics X-CUBE-TOUCHGFX 4.22.1
2025-05-06 15:51:40,662 [INFO] ThirdParty:1030 - CMSIS Pack Vendor :wolfSSL I-CUBE-wolfTPM 3.2.0
2025-05-06 15:51:40,662 [INFO] ThirdParty:1030 - CMSIS Pack Vendor :STMicroelectronics X-CUBE-NFC6 3.0.0
2025-05-06 15:51:40,662 [INFO] ThirdParty:1030 - CMSIS Pack Vendor :STMicroelectronics X-CUBE-EEPRMA1 4.1.0
2025-05-06 15:51:40,662 [INFO] ThirdParty:1030 - CMSIS Pack Vendor :STMicroelectronics X-CUBE-BLEMGR 3.1.0
2025-05-06 15:51:40,662 [INFO] ThirdParty:1030 - CMSIS Pack Vendor :STMicroelectronics X-CUBE-AI 10.0.0
2025-05-06 15:51:40,662 [INFO] ThirdParty:1030 - CMSIS Pack Vendor :STMicroelectronics FP-SNS-SMARTAG2 1.2.0
2025-05-06 15:51:40,662 [INFO] ThirdParty:1030 - CMSIS Pack Vendor :STMicroelectronics X-CUBE-MEMS1 11.1.0
2025-05-06 15:51:40,662 [INFO] ThirdParty:1030 - CMSIS Pack Vendor :STMicroelectronics X-CUBE-AZRTOS-WL 2.0.0
2025-05-06 15:51:40,662 [INFO] ThirdParty:1030 - CMSIS Pack Vendor :STMicroelectronics FP-SNS-MOTENV1 5.0.0
2025-05-06 15:51:40,664 [INFO] ThirdParty:1030 - CMSIS Pack Vendor :STMicroelectronics USB_DEVICE 1.0.0
2025-05-06 15:51:40,664 [INFO] ThirdParty:1030 - CMSIS Pack Vendor :STMicroelectronics X-CUBE-AI 8.1.0
2025-05-06 15:51:40,664 [INFO] ThirdParty:1030 - CMSIS Pack Vendor :wolfSSL I-CUBE-wolfMQTT 1.19.0
2025-05-06 15:51:40,664 [INFO] ThirdParty:1030 - CMSIS Pack Vendor :STMicroelectronics X-CUBE-AZRTOS-L4 2.0.0
2025-05-06 15:51:40,664 [INFO] ThirdParty:1030 - CMSIS Pack Vendor :STMicroelectronics ThreadX 0.0.2
2025-05-06 15:51:40,664 [INFO] ThirdParty:1030 - CMSIS Pack Vendor :WES I-CUBE-Cesium 1.3.0
2025-05-06 15:51:40,664 [INFO] ThirdParty:1030 - CMSIS Pack Vendor :STMicroelectronics lwIP 2.1.2
2025-05-06 15:51:40,664 [INFO] ThirdParty:1030 - CMSIS Pack Vendor :STMicroelectronics X-CUBE-SFXS2LP1 4.0.0
2025-05-06 15:51:40,664 [INFO] ThirdParty:1030 - CMSIS Pack Vendor :STMicroelectronics X-CUBE-BLE2 3.3.0
2025-05-06 15:51:40,664 [INFO] ThirdParty:1030 - CMSIS Pack Vendor :STMicroelectronics PDM2PCM 3.2.0
2025-05-06 15:51:40,664 [INFO] ThirdParty:1030 - CMSIS Pack Vendor :STMicroelectronics X-CUBE-ISPU 1.1.0
2025-05-06 15:51:40,664 [INFO] ThirdParty:1030 - CMSIS Pack Vendor :STMicroelectronics X-CUBE-AZRTOS-H7 3.3.0
2025-05-06 15:51:40,664 [INFO] ThirdParty:1030 - CMSIS Pack Vendor :STMicroelectronics X-CUBE-NFC9 1.0.0
2025-05-06 15:51:40,664 [INFO] ThirdParty:1030 - CMSIS Pack Vendor :STMicroelectronics X-CUBE-BLE1 7.1.0
2025-05-06 15:51:40,664 [INFO] ThirdParty:1030 - CMSIS Pack Vendor :STMicroelectronics USB_DEVICE 3.0.0
2025-05-06 15:51:40,664 [INFO] ThirdParty:1030 - CMSIS Pack Vendor :STMicroelectronics X-CUBE-TCPP 4.1.0
2025-05-06 15:51:40,664 [INFO] ThirdParty:1030 - CMSIS Pack Vendor :STMicroelectronics X-CUBE-AZRTOS-WB 2.0.0
2025-05-06 15:51:40,664 [INFO] ThirdParty:1030 - CMSIS Pack Vendor :STMicroelectronics X-CUBE-FREERTOS 1.0.1
2025-05-06 15:51:40,664 [INFO] ThirdParty:1030 - CMSIS Pack Vendor :STMicroelectronics X-CUBE-GNSS1 7.0.1
2025-05-06 15:51:40,664 [INFO] ThirdParty:1030 - CMSIS Pack Vendor :STMicroelectronics X-CUBE-TOUCHGFX 4.21.4
2025-05-06 15:51:40,664 [INFO] ThirdParty:1030 - CMSIS Pack Vendor :STMicroelectronics X-CUBE-TOUCHGFX 4.25.0
2025-05-06 15:51:40,664 [INFO] ThirdParty:1030 - CMSIS Pack Vendor :STMicroelectronics X-CUBE-ALGOBUILD 1.3.0
2025-05-06 15:51:40,664 [INFO] ThirdParty:1030 - CMSIS Pack Vendor :STMicroelectronics X-CUBE-AZRTOS-L5 1.1.0
2025-05-06 15:51:40,664 [INFO] ThirdParty:1030 - CMSIS Pack Vendor :STMicroelectronics X-CUBE-MEMS1 11.2.0
2025-05-06 15:51:40,664 [INFO] ThirdParty:1030 - CMSIS Pack Vendor :STMicroelectronics X-CUBE-AZRTOS-G0 1.1.0
2025-05-06 15:51:40,664 [INFO] ThirdParty:1030 - CMSIS Pack Vendor :STMicroelectronics X-CUBE-AI 8.0.1
2025-05-06 15:51:40,664 [INFO] ThirdParty:1030 - CMSIS Pack Vendor :STMicroelectronics X-CUBE-SAFEA1 1.2.2
2025-05-06 15:51:40,664 [INFO] ThirdParty:1030 - CMSIS Pack Vendor :STMicroelectronics X-CUBE-NFC4 3.0.0
2025-05-06 15:51:40,665 [INFO] ThirdParty:1030 - CMSIS Pack Vendor :STMicroelectronics X-CUBE-SUBG2 5.0.0
2025-05-06 15:51:40,665 [INFO] ThirdParty:1030 - CMSIS Pack Vendor :STMicroelectronics X-CUBE-AZRTOS-H7RS 1.1.0
2025-05-06 15:51:40,665 [INFO] ThirdParty:1030 - CMSIS Pack Vendor :STMicroelectronics STM32_WPAN 1.0.0
2025-05-06 15:51:40,665 [INFO] ThirdParty:1030 - CMSIS Pack Vendor :wolfSSL I-CUBE-wolfMQTT 1.18.0
2025-05-06 15:51:40,665 [INFO] ThirdParty:1030 - CMSIS Pack Vendor :STMicroelectronics lwIP 2.0.3
2025-05-06 15:51:40,665 [INFO] ThirdParty:1030 - CMSIS Pack Vendor :Cesanta I-CUBE-Mongoose 7.13.0
2025-05-06 15:51:40,665 [INFO] ThirdParty:1030 - CMSIS Pack Vendor :STMicroelectronics USB_HOST 1.0.0
2025-05-06 15:51:40,665 [INFO] ThirdParty:1030 - CMSIS Pack Vendor :STMicroelectronics X-CUBE-TOF1 3.3.1
2025-05-06 15:51:40,665 [INFO] ThirdParty:1030 - CMSIS Pack Vendor :STMicroelectronics X-CUBE-AZRTOS-G4 2.0.0
2025-05-06 15:51:40,665 [INFO] ThirdParty:1030 - CMSIS Pack Vendor :STMicroelectronics X-CUBE-WB05N 2.0.0
2025-05-06 15:51:40,665 [INFO] ThirdParty:1030 - CMSIS Pack Vendor :STMicroelectronics PDM2PCM 3.1.0
2025-05-06 15:51:40,665 [INFO] ThirdParty:1030 - CMSIS Pack Vendor :STMicroelectronics X-CUBE-TOF1 3.3.0
2025-05-06 15:51:40,665 [INFO] ThirdParty:1030 - CMSIS Pack Vendor :Infineon AIROC-Wi-Fi-Bluetooth-STM32 1.5.1
2025-05-06 15:51:40,665 [INFO] ThirdParty:1030 - CMSIS Pack Vendor :STMicroelectronics X-CUBE-BLEMGR 3.0.0
2025-05-06 15:51:40,665 [INFO] ThirdParty:1030 - CMSIS Pack Vendor :STMicroelectronics FP-SNS-MOTENVWB1 1.3.0
2025-05-06 15:51:40,665 [INFO] ThirdParty:1030 - CMSIS Pack Vendor :STMicroelectronics X-CUBE-NFC7 2.0.0
2025-05-06 15:51:40,665 [INFO] ThirdParty:1030 - CMSIS Pack Vendor :STMicroelectronics FP-SNS-MOTENVWB1 1.3.1
2025-05-06 15:51:40,665 [INFO] ThirdParty:1030 - CMSIS Pack Vendor :STMicroelectronics FP-ATR-SIGFOX1 3.2.0
2025-05-06 15:51:40,665 [INFO] ThirdParty:1030 - CMSIS Pack Vendor :STMicroelectronics X-CUBE-AZRTOS-L4 1.0.0
2025-05-06 15:51:40,665 [INFO] ThirdParty:1030 - CMSIS Pack Vendor :STMicroelectronics X-CUBE-ISPU 2.0.0
2025-05-06 15:51:40,665 [INFO] ThirdParty:1030 - CMSIS Pack Vendor :STMicroelectronics X-CUBE-EEPRMA1 5.1.0
2025-05-06 15:51:40,665 [INFO] ThirdParty:1030 - CMSIS Pack Vendor :STMicroelectronics MBEDTLS 2.16.2
2025-05-06 15:51:40,665 [INFO] ThirdParty:1030 - CMSIS Pack Vendor :STMicroelectronics X-CUBE-ALS 1.0.2
2025-05-06 15:51:40,665 [INFO] ThirdParty:1030 - CMSIS Pack Vendor :STMicroelectronics X-CUBE-MEMS1 10.0.0
2025-05-06 15:51:40,665 [INFO] ThirdParty:1030 - CMSIS Pack Vendor :STMicroelectronics X-CUBE-FREERTOS 1.1.0
2025-05-06 15:51:40,665 [INFO] ThirdParty:1030 - CMSIS Pack Vendor :wolfSSL I-CUBE-wolfSSL 5.7.6
2025-05-06 15:51:40,665 [INFO] ThirdParty:1030 - CMSIS Pack Vendor :STMicroelectronics X-CUBE-TOUCHGFX 4.24.0
2025-05-06 15:51:40,665 [INFO] ThirdParty:1030 - CMSIS Pack Vendor :ITTIA_DB I-CUBE-ITTIADB 8.9.0
2025-05-06 15:51:40,665 [INFO] ThirdParty:1030 - CMSIS Pack Vendor :STMicroelectronics X-CUBE-TOUCHGFX 4.24.2
2025-05-06 15:51:40,665 [INFO] ThirdParty:1030 - CMSIS Pack Vendor :STMicroelectronics X-CUBE-AZRTOS-WL 1.0.0
2025-05-06 15:51:40,666 [INFO] ThirdParty:1030 - CMSIS Pack Vendor :STMicroelectronics X-CUBE-TOUCHGFX 4.24.1
2025-05-06 15:51:40,666 [INFO] ThirdParty:1030 - CMSIS Pack Vendor :wolfSSL I-CUBE-wolfTPM 3.4.0
2025-05-06 15:51:40,666 [INFO] ThirdParty:1030 - CMSIS Pack Vendor :portGmbH I-Cube-SoM-uGOAL 1.1.0
2025-05-06 15:51:40,666 [INFO] ThirdParty:1030 - CMSIS Pack Vendor :STMicroelectronics X-CUBE-ALS 1.0.1
2025-05-06 15:51:40,666 [INFO] ThirdParty:1030 - CMSIS Pack Vendor :STMicroelectronics ThreadX 1.0.0
2025-05-06 15:51:40,666 [INFO] ThirdParty:1030 - CMSIS Pack Vendor :STMicroelectronics X-CUBE-AZRTOS-WB 1.1.0
2025-05-06 15:51:40,666 [INFO] ThirdParty:1030 - CMSIS Pack Vendor :SEGGER I-CUBE-embOS 1.3.1
2025-05-06 15:51:40,666 [INFO] ThirdParty:1030 - CMSIS Pack Vendor :STMicroelectronics X-CUBE-ALGOBUILD 1.4.0
2025-05-06 15:51:40,666 [INFO] ThirdParty:1030 - CMSIS Pack Vendor :STMicroelectronics X-CUBE-AZRTOS-H7RS 1.0.0
2025-05-06 15:51:40,666 [INFO] ThirdParty:1030 - CMSIS Pack Vendor :STMicroelectronics FP-ATR-ASTRA1 2.0.0
2025-05-06 15:51:40,666 [INFO] ThirdParty:1030 - CMSIS Pack Vendor :STMicroelectronics X-CUBE-AI 9.1.0
2025-05-06 15:51:40,666 [INFO] ThirdParty:1030 - CMSIS Pack Vendor :STMicroelectronics X-CUBE-TOF1 3.4.0
2025-05-06 15:51:40,666 [INFO] ThirdParty:1030 - CMSIS Pack Vendor :STMicroelectronics X-CUBE-TOF1 3.4.1
2025-05-06 15:51:40,666 [INFO] ThirdParty:1030 - CMSIS Pack Vendor :STMicroelectronics X-CUBE-AZRTOS-H7 3.2.0
2025-05-06 15:51:40,666 [INFO] ThirdParty:1030 - CMSIS Pack Vendor :wolfSSL I-CUBE-wolfSSH 1.4.17
2025-05-06 15:51:40,666 [INFO] ThirdParty:841 - exiting critical section [change project]
2025-05-06 15:51:40,768 [INFO] PinOutPanel:1499 - setPackage(No Configuration,No Configuration)
2025-05-06 15:51:40,769 [INFO] PinOutPanel:1499 - setPackage(STM32F103CBTx,LQFP48)
2025-05-06 15:51:40,929 [INFO] UtilMem:75 - Before build in PCC Used Memory: 347248128 Bytes (440401920)
2025-05-06 15:51:41,123 [INFO] UtilMem:75 - After build in PCC Used Memory: 236366544 Bytes (440401920)
2025-05-06 15:51:41,137 [INFO] IPUIPlugin:80 - create IPUIPlugin
2025-05-06 15:51:41,137 [INFO] IPUIPlugin:80 - create IPUIPlugin
2025-05-06 15:51:41,137 [INFO] IPUIPlugin:80 - create IPUIPlugin
2025-05-06 15:51:41,137 [INFO] IPUIPlugin:80 - create IPUIPlugin
2025-05-06 15:51:41,137 [INFO] IPUIPlugin:80 - create IPUIPlugin
2025-05-06 15:51:41,138 [INFO] IPUIPlugin:80 - create IPUIPlugin
2025-05-06 15:51:41,138 [INFO] IPUIPlugin:80 - create IPUIPlugin
2025-05-06 15:51:41,138 [INFO] IPUIPlugin:80 - create IPUIPlugin
2025-05-06 15:51:41,138 [INFO] IPUIPlugin:80 - create IPUIPlugin
2025-05-06 15:51:41,138 [INFO] IPUIPlugin:80 - create IPUIPlugin
2025-05-06 15:51:41,138 [INFO] IPUIPlugin:80 - create IPUIPlugin
2025-05-06 15:51:41,138 [INFO] IPUIPlugin:80 - create IPUIPlugin
2025-05-06 15:51:41,138 [INFO] IPUIPlugin:80 - create IPUIPlugin
2025-05-06 15:51:41,138 [INFO] IPUIPlugin:80 - create IPUIPlugin
2025-05-06 15:51:41,139 [INFO] IPUIPlugin:80 - create IPUIPlugin
2025-05-06 15:51:41,139 [INFO] IPUIPlugin:80 - create IPUIPlugin
2025-05-06 15:51:41,142 [INFO] IPUIPlugin:80 - create IPUIPlugin
2025-05-06 15:51:41,142 [INFO] IPUIPlugin:80 - create IPUIPlugin
2025-05-06 15:51:41,142 [INFO] IPUIPlugin:80 - create IPUIPlugin
2025-05-06 15:51:41,142 [INFO] IPUIPlugin:80 - create IPUIPlugin
2025-05-06 15:51:41,142 [INFO] IPUIPlugin:80 - create IPUIPlugin
2025-05-06 15:51:41,142 [INFO] IPUIPlugin:80 - create IPUIPlugin
2025-05-06 15:51:41,144 [INFO] IPUIPlugin:80 - create IPUIPlugin
2025-05-06 15:51:41,144 [INFO] IPUIPlugin:80 - create IPUIPlugin
2025-05-06 15:51:41,144 [INFO] IPUIPlugin:80 - create IPUIPlugin
2025-05-06 15:51:41,144 [INFO] IPUIPlugin:80 - create IPUIPlugin
2025-05-06 15:51:41,144 [INFO] IPUIPlugin:80 - create IPUIPlugin
2025-05-06 15:51:41,183 [INFO] CADModel:165 - CPN selected for project levelSTM32F103CBT6
2025-05-06 15:51:41,183 [INFO] CADModel:114 - Register for checkConnection events
2025-05-06 15:51:41,237 [INFO] OpenFileManager:328 - Restore cursor
2025-05-06 15:51:45,635 [INFO] UtilMem:75 - End SaveConfig() Used Memory: 339377328 Bytes (440401920)
2025-05-06 15:51:46,107 [INFO] BlockDiagram:2759 - set Specific Code input for plugin: SYS
2025-05-06 15:51:46,109 [INFO] BlockDiagram:2759 - set Specific Code input for plugin: RCC
2025-05-06 15:51:46,109 [INFO] BlockDiagram:2759 - set Specific Code input for plugin: NVIC
2025-05-06 15:51:46,109 [INFO] BlockDiagram:2759 - set Specific Code input for plugin: USART
2025-05-06 15:51:46,109 [INFO] BlockDiagram:2759 - set Specific Code input for plugin: USART
2025-05-06 15:51:46,109 [INFO] BlockDiagram:2759 - set Specific Code input for plugin: GPIO
2025-05-06 15:51:46,112 [INFO] CodeGenerator:799 - code generatio: config db path: D:\ITC\STM32\STM32CubeIDE_1.13.0\STM32CubeIDE\plugins\com.st.stm32cube.common.mx_6.9.0.202307051724\\db\
2025-05-06 15:51:46,342 [INFO] CodeEngine:255 - oldGeneratedFile, D:\AIFARM\STM32_GREENB\stm32f103_nethouse\MXTmpFiles\license.tmp_save
2025-05-06 15:51:46,619 [INFO] CodeEngine:279 - Generated code: D:\AIFARM\STM32_GREENB\stm32f103_nethouse\MXTmpFiles\license.tmp
2025-05-06 15:51:46,695 [INFO] CodeEngine:255 - oldGeneratedFile, D:\AIFARM\STM32_GREENB\stm32f103_nethouse\MXTmpFiles\gpio.tmp_save
2025-05-06 15:51:46,826 [INFO] CodeEngine:279 - Generated code: D:\AIFARM\STM32_GREENB\stm32f103_nethouse\MXTmpFiles\gpio.tmp
2025-05-06 15:51:46,956 [INFO] CodeEngine:255 - oldGeneratedFile, D:\AIFARM\STM32_GREENB\stm32f103_nethouse\Core\Src\stm32f1xx_it.c_save
2025-05-06 15:51:47,132 [INFO] CodeEngine:279 - Generated code: D:\AIFARM\STM32_GREENB\stm32f103_nethouse\Core\Src\stm32f1xx_it.c
2025-05-06 15:51:47,137 [INFO] CodeEngine:255 - oldGeneratedFile, D:\AIFARM\STM32_GREENB\stm32f103_nethouse\Core\Inc\stm32f1xx_it.h_save
2025-05-06 15:51:47,206 [INFO] CodeEngine:279 - Generated code: D:\AIFARM\STM32_GREENB\stm32f103_nethouse\Core\Inc\stm32f1xx_it.h
2025-05-06 15:51:47,229 [INFO] CodeEngine:255 - oldGeneratedFile, D:\AIFARM\STM32_GREENB\stm32f103_nethouse\Core\Src\stm32f1xx_hal_msp.c_save
2025-05-06 15:51:47,346 [INFO] CodeEngine:279 - Generated code: D:\AIFARM\STM32_GREENB\stm32f103_nethouse\Core\Src\stm32f1xx_hal_msp.c
2025-05-06 15:51:47,349 [INFO] CodeEngine:255 - oldGeneratedFile, D:\AIFARM\STM32_GREENB\stm32f103_nethouse\MXTmpFiles\system.tmp_save
2025-05-06 15:51:47,419 [INFO] CodeEngine:279 - Generated code: D:\AIFARM\STM32_GREENB\stm32f103_nethouse\MXTmpFiles\system.tmp
2025-05-06 15:51:47,437 [INFO] CodeEngine:311 - oldGeneratedFile, D:\AIFARM\STM32_GREENB\stm32f103_nethouse\Core\Inc\stm32f1xx_hal_conf.h_save
2025-05-06 15:51:47,540 [INFO] CodeEngine:335 - Generated code: D:\AIFARM\STM32_GREENB\stm32f103_nethouse\Core\Inc\stm32f1xx_hal_conf.h
2025-05-06 15:51:47,588 [INFO] CodeEngine:255 - oldGeneratedFile, D:\AIFARM\STM32_GREENB\stm32f103_nethouse\Core\Inc\main.h_save
2025-05-06 15:51:47,691 [INFO] CodeEngine:279 - Generated code: D:\AIFARM\STM32_GREENB\stm32f103_nethouse\Core\Inc\main.h
2025-05-06 15:51:47,709 [INFO] CodeEngine:255 - oldGeneratedFile, D:\AIFARM\STM32_GREENB\stm32f103_nethouse\Core\Src\main.c_save
2025-05-06 15:51:47,816 [INFO] CodeEngine:279 - Generated code: D:\AIFARM\STM32_GREENB\stm32f103_nethouse\Core\Src\main.c
2025-05-06 15:51:48,372 [INFO] ProjectBuilder:3064 - Time for Copy HAL[1] : 124mS.
2025-05-06 15:51:48,378 [INFO] ProjectBuilder:4404 - Project Generator version: 4.1.0
2025-05-06 15:51:48,662 [INFO] ConfigFileManager:1457 - The Die is : DIE410
2025-05-06 15:51:48,672 [INFO] ApiDbMcu:507 - Load IP Config File for FATFS
2025-05-06 15:51:48,679 [INFO] ApiDbMcu:507 - Load IP Config File for FREERTOS
2025-05-06 15:51:48,683 [INFO] ApiDbMcu:507 - Load IP Config File for USB_DEVICE
2025-05-06 15:51:49,184 [INFO] LogOutputStream:77 - [STDOUT_REDIRECT] 
2025-05-06 15:51:50,061 [INFO] ProjectBuilder:4626 - Time for Generating toolchain IDE Files: 1683mS.
2025-05-06 15:51:50,063 [INFO] ProjectBuilder:2935 - Time for Copy CMSIS : 1mS.
2025-05-06 15:51:50,065 [INFO] ProjectBuilder:2935 - Time for Copy CMSIS : 0mS.
2025-05-06 15:51:51,619 [ERROR] LogOutputStream:75 - [STDERR_REDIRECT] SLF4J: Failed to load class "org.slf4j.impl.StaticLoggerBinder".
2025-05-06 15:51:51,619 [ERROR] LogOutputStream:75 - [STDERR_REDIRECT] SLF4J: Defaulting to no-operation (NOP) logger implementation
2025-05-06 15:51:51,622 [ERROR] LogOutputStream:75 - [STDERR_REDIRECT] SLF4J: See http://www.slf4j.org/codes.html#StaticLoggerBinder for further details.
2025-05-06 21:50:34,320 [INFO] Activator:176 - 


2025-05-06 21:50:34,323 [INFO] Activator:177 - !SESSION log4j initialized
2025-05-06 21:50:41,854 [INFO] LogOutputStream:77 - [STDOUT_REDIRECT] 
2025-05-06 21:50:45,900 [INFO] ApplicationProperties:184 - Using Application install path: D:\ITC\STM32\STM32CubeIDE_1.13.0\STM32CubeIDE\plugins\com.st.stm32cube.common.mx_6.9.0.202307051724
2025-05-06 21:50:45,923 [INFO] DbMcusXml:78 - Set database path to: D:\ITC\STM32\STM32CubeIDE_1.13.0\STM32CubeIDE\plugins\com.st.stm32cube.common.mx_6.9.0.202307051724\\db\/mcu/
2025-05-06 21:50:45,923 [INFO] ApiDb:274 - Set plugin database path to: D:\ITC\STM32\STM32CubeIDE_1.13.0\STM32CubeIDE\plugins\com.st.stm32cube.common.mx_6.9.0.202307051724\\db\/plugins/boardmanager/
2025-05-06 21:50:45,924 [WARN] ApiDb:259 - Overriding images path with different value:  => D:\ITC\STM32\STM32CubeIDE_1.13.0\STM32CubeIDE\plugins\com.st.stm32cube.common.mx_6.9.0.202307051724\\db\/plugins/mcufinder/images/
2025-05-06 21:50:45,936 [INFO] ApiDb:250 - Set database path to: C:\Users\msi1\.stmcufinder\plugins\mcufinder//mcu/
2025-05-06 21:50:45,937 [INFO] DbMcusAds:125 - Set database path to: C:\Users\msi1\.stmcufinder\plugins\mcufinder//mcu/
2025-05-06 21:50:45,939 [INFO] CrossReferenceDbSqlite:203 - Set database path to: C:\Users\msi1\.stmcufinder\plugins\mcufinder//mcu/cs/
2025-05-06 21:50:46,059 [INFO] RulesReader:64 - Compatibility file has been processed (293 Rules)
2025-05-06 21:50:46,155 [INFO] DbMcusXml:78 - Set database path to: D:\ITC\STM32\STM32CubeIDE_1.13.0\STM32CubeIDE\plugins\com.st.stm32cube.common.mx_6.9.0.202307051724\\db\/mcu/
2025-05-06 21:50:46,155 [INFO] ApiDb:274 - Set plugin database path to: D:\ITC\STM32\STM32CubeIDE_1.13.0\STM32CubeIDE\plugins\com.st.stm32cube.common.mx_6.9.0.202307051724\\db\/plugins/boardmanager/
2025-05-06 21:50:46,155 [INFO] ApiDb:261 - Set plugin images path to: D:\ITC\STM32\STM32CubeIDE_1.13.0\STM32CubeIDE\plugins\com.st.stm32cube.common.mx_6.9.0.202307051724\\db\/plugins/mcufinder/images/
2025-05-06 21:50:46,155 [WARN] DbFile:41 - Overriding database path with different value: C:\Users\msi1\.stmcufinder\plugins\mcufinder/ => C:\Users\msi1\.stmcufinder\plugins\mcufinder
2025-05-06 21:50:46,156 [INFO] ApiDb:250 - Set database path to: C:\Users\msi1\.stmcufinder\plugins\mcufinder//mcu/
2025-05-06 21:50:46,156 [WARN] DbFile:41 - Overriding database path with different value: C:\Users\msi1\.stmcufinder\plugins\mcufinder/ => C:\Users\msi1\.stmcufinder\plugins\mcufinder
2025-05-06 21:50:46,156 [INFO] DbMcusAds:125 - Set database path to: C:\Users\msi1\.stmcufinder\plugins\mcufinder//mcu/
2025-05-06 21:50:46,156 [WARN] DbFile:41 - Overriding database path with different value: C:\Users\msi1\.stmcufinder\plugins\mcufinder/ => C:\Users\msi1\.stmcufinder\plugins\mcufinder
2025-05-06 21:50:46,156 [WARN] DbFile:41 - Overriding database path with different value: C:\Users\msi1\.stmcufinder\plugins\mcufinder/ => C:\Users\msi1\.stmcufinder\plugins\mcufinder
2025-05-06 21:50:46,156 [INFO] CrossReferenceDbSqlite:203 - Set database path to: C:\Users\msi1\.stmcufinder\plugins\mcufinder//mcu/cs/
2025-05-06 21:50:46,250 [INFO] MainPanel:262 - HeapMemory: 268435456
2025-05-06 21:50:46,398 [INFO] DbMcusXml:78 - Set database path to: D:\ITC\STM32\STM32CubeIDE_1.13.0\STM32CubeIDE\plugins\com.st.stm32cube.common.mx_6.9.0.202307051724\\db\/mcu/
2025-05-06 21:50:46,398 [INFO] ApiDb:274 - Set plugin database path to: D:\ITC\STM32\STM32CubeIDE_1.13.0\STM32CubeIDE\plugins\com.st.stm32cube.common.mx_6.9.0.202307051724\\db\/plugins/boardmanager/
2025-05-06 21:50:46,398 [INFO] ApiDb:261 - Set plugin images path to: D:\ITC\STM32\STM32CubeIDE_1.13.0\STM32CubeIDE\plugins\com.st.stm32cube.common.mx_6.9.0.202307051724\\db\/plugins/mcufinder/images/
2025-05-06 21:50:46,398 [WARN] DbFile:41 - Overriding database path with different value: C:\Users\msi1\.stmcufinder\plugins\mcufinder/ => C:\Users\msi1\.stmcufinder\plugins\mcufinder
2025-05-06 21:50:46,399 [INFO] ApiDb:250 - Set database path to: C:\Users\msi1\.stmcufinder\plugins\mcufinder//mcu/
2025-05-06 21:50:46,399 [WARN] DbFile:41 - Overriding database path with different value: C:\Users\msi1\.stmcufinder\plugins\mcufinder/ => C:\Users\msi1\.stmcufinder\plugins\mcufinder
2025-05-06 21:50:46,399 [INFO] DbMcusAds:125 - Set database path to: C:\Users\msi1\.stmcufinder\plugins\mcufinder//mcu/
2025-05-06 21:50:46,399 [WARN] DbFile:41 - Overriding database path with different value: C:\Users\msi1\.stmcufinder\plugins\mcufinder/ => C:\Users\msi1\.stmcufinder\plugins\mcufinder
2025-05-06 21:50:46,399 [WARN] DbFile:41 - Overriding database path with different value: C:\Users\msi1\.stmcufinder\plugins\mcufinder/ => C:\Users\msi1\.stmcufinder\plugins\mcufinder
2025-05-06 21:50:46,399 [INFO] CrossReferenceDbSqlite:203 - Set database path to: C:\Users\msi1\.stmcufinder\plugins\mcufinder//mcu/cs/
2025-05-06 21:50:46,418 [INFO] ApplicationProperties:184 - Using Application install path: D:\ITC\STM32\STM32CubeIDE_1.13.0\STM32CubeIDE\plugins\com.st.stm32cube.common.mx_6.9.0.202307051724
2025-05-06 21:50:46,420 [INFO] PluginManage:196 - Search for loadable plugins [exclusion list=, ]
2025-05-06 21:50:46,421 [INFO] PluginManage:310 - Check plugin analytics
2025-05-06 21:50:46,576 [INFO] AnalyticsPlugin:253 - Accepted Software Licenses: 
2025-05-06 21:50:46,576 [INFO] AnalyticsPlugin:255 - Accepted CMSIS Pack Licenses: 
2025-05-06 21:50:46,576 [INFO] AnalyticsPlugin:257 - Accepted Firmware Licenses: FW.F4.1.27.0
2025-05-06 21:50:46,579 [INFO] PluginManage:359 - Loaded plugin analytics (category:tool,tabindex:-1)
2025-05-06 21:50:46,579 [INFO] PluginManage:310 - Check plugin cadmodel
2025-05-06 21:50:46,595 [INFO] CADModel:105 - Init CAD model plugin
2025-05-06 21:50:46,595 [INFO] PluginManage:359 - Loaded plugin cadmodel (category:power,tabindex:5)
2025-05-06 21:50:46,595 [INFO] PluginManage:310 - Check plugin clock
2025-05-06 21:50:46,617 [INFO] PluginManage:359 - Loaded plugin clock (category:base,tabindex:2)
2025-05-06 21:50:46,617 [INFO] PluginManage:310 - Check plugin ddr
2025-05-06 21:50:46,619 [INFO] PluginManage:359 - Loaded plugin ddr (category:tool,tabindex:6)
2025-05-06 21:50:46,619 [INFO] PluginManage:310 - Check plugin filemanager
2025-05-06 21:50:46,767 [INFO] PluginManage:359 - Loaded plugin filemanager (category:base,tabindex:10)
2025-05-06 21:50:46,767 [INFO] PluginManage:310 - Check plugin ipmanager
2025-05-06 21:50:46,775 [INFO] PluginManage:359 - Loaded plugin ipmanager (category:base,tabindex:5)
2025-05-06 21:50:46,775 [INFO] PluginManage:310 - Check plugin lpbam
2025-05-06 21:50:46,791 [INFO] PluginManage:359 - Loaded plugin lpbam (category:base,tabindex:0)
2025-05-06 21:50:46,792 [INFO] PluginManage:310 - Check plugin memorymap
2025-05-06 21:50:46,827 [INFO] PluginManage:359 - Loaded plugin memorymap (category:base,tabindex:4)
2025-05-06 21:50:46,827 [INFO] PluginManage:310 - Check plugin pinoutandconfiguration
2025-05-06 21:50:46,844 [INFO] PluginManage:359 - Loaded plugin pinoutandconfiguration (category:base,tabindex:1)
2025-05-06 21:50:46,844 [INFO] PluginManage:310 - Check plugin pinoutconfig
2025-05-06 21:50:46,952 [WARN] SupportedApi:132 - Cannot load RTOS API schema: s4s-elt-must-match.1: The content of 'definitions' must match (annotation?, (simpleType | complexType)?, (unique | key | keyref)*)). A problem was found starting at: attribute.
2025-05-06 21:50:47,076 [INFO] PluginManage:359 - Loaded plugin pinoutconfig (category:base,tabindex:0)
2025-05-06 21:50:47,077 [INFO] PluginManage:310 - Check plugin power
2025-05-06 21:50:47,101 [INFO] PluginManage:359 - Loaded plugin power (category:power,tabindex:4)
2025-05-06 21:50:47,101 [INFO] PluginManage:310 - Check plugin projectmanager
2025-05-06 21:50:47,116 [INFO] PluginManage:359 - Loaded plugin projectmanager (category:projectmanager,tabindex:3)
2025-05-06 21:50:47,116 [INFO] PluginManage:310 - Check plugin thirdparty
2025-05-06 21:50:47,441 [WARN] IntegrityCheckThread:84 - waiting for thirdparty lock release [integrity check]
2025-05-06 21:50:47,441 [INFO] IntegrityCheckThread:86 - entering critical section [integrity check]
2025-05-06 21:50:47,443 [INFO] ThirdPartyUpdaterWithRetryManager:70 - Updater plugin not ready yet. [1/15]
2025-05-06 21:50:47,443 [INFO] PluginManage:359 - Loaded plugin thirdparty (category:base,tabindex:-1)
2025-05-06 21:50:47,443 [INFO] PluginManage:310 - Check plugin tools
2025-05-06 21:50:47,485 [INFO] PluginManage:359 - Loaded plugin tools (category:base,tabindex:7)
2025-05-06 21:50:47,485 [INFO] PluginManage:310 - Check plugin tutovideos
2025-05-06 21:50:47,700 [INFO] PluginManage:359 - Loaded plugin tutovideos (category:base,tabindex:-1)
2025-05-06 21:50:47,700 [INFO] PluginManage:310 - Check plugin updater
2025-05-06 21:50:47,712 [INFO] PluginManage:359 - Loaded plugin updater (category:base,tabindex:12)
2025-05-06 21:50:47,712 [INFO] PluginManage:310 - Check plugin userauth
2025-05-06 21:50:47,718 [INFO] UserAuth:113 - Init User Auth plugin
2025-05-06 21:50:47,718 [INFO] PluginManage:359 - Loaded plugin userauth (category:base,tabindex:14)
2025-05-06 21:50:47,718 [INFO] PluginManage:283 - PluginManage : Loaded plugins [17]
2025-05-06 21:50:47,957 [INFO] PinOutPanel:1499 - setPackage(No Configuration,No Configuration)
2025-05-06 21:50:48,066 [INFO] CADModel:165 - CPN selected for project level
2025-05-06 21:50:48,066 [INFO] CADModel:114 - Register for checkConnection events
2025-05-06 21:50:48,092 [INFO] IPUIPlugin:80 - create IPUIPlugin
2025-05-06 21:50:48,093 [INFO] PluginManager:220 - loadIPPluginJar : add adc
2025-05-06 21:50:48,131 [INFO] IPUIPlugin:80 - create IPUIPlugin
2025-05-06 21:50:48,132 [INFO] PluginManager:220 - loadIPPluginJar : add aes
2025-05-06 21:50:48,173 [INFO] IPUIPlugin:80 - create IPUIPlugin
2025-05-06 21:50:48,174 [INFO] PluginManager:220 - loadIPPluginJar : add can
2025-05-06 21:50:48,203 [INFO] IPUIPlugin:80 - create IPUIPlugin
2025-05-06 21:50:48,203 [INFO] PluginManager:220 - loadIPPluginJar : add comp
2025-05-06 21:50:48,259 [INFO] IPUIPlugin:80 - create IPUIPlugin
2025-05-06 21:50:48,259 [INFO] PluginManager:220 - loadIPPluginJar : add cryp
2025-05-06 21:50:48,319 [INFO] IPUIPlugin:80 - create IPUIPlugin
2025-05-06 21:50:48,319 [INFO] PluginManager:220 - loadIPPluginJar : add dfsdm
2025-05-06 21:50:48,344 [INFO] IPUIPlugin:80 - create IPUIPlugin
2025-05-06 21:50:48,345 [INFO] PluginManager:220 - loadIPPluginJar : add dma
2025-05-06 21:50:48,479 [INFO] IPUIPlugin:80 - create IPUIPlugin
2025-05-06 21:50:48,479 [INFO] PluginManager:220 - loadIPPluginJar : add dma3
2025-05-06 21:50:48,513 [INFO] IPUIPlugin:80 - create IPUIPlugin
2025-05-06 21:50:48,513 [INFO] PluginManager:220 - loadIPPluginJar : add fatfs
2025-05-06 21:50:48,576 [INFO] IPUIPlugin:80 - create IPUIPlugin
2025-05-06 21:50:48,577 [INFO] PluginManager:220 - loadIPPluginJar : add fmc
2025-05-06 21:50:48,595 [INFO] IPUIPlugin:80 - create IPUIPlugin
2025-05-06 21:50:48,595 [INFO] PluginManager:220 - loadIPPluginJar : add freertos
2025-05-06 21:50:48,629 [INFO] IPUIPlugin:80 - create IPUIPlugin
2025-05-06 21:50:48,629 [INFO] PluginManager:220 - loadIPPluginJar : add genericplugin
2025-05-06 21:50:48,837 [INFO] IPUIPlugin:80 - create IPUIPlugin
2025-05-06 21:50:48,837 [INFO] PluginManager:220 - loadIPPluginJar : add gfxmmu
2025-05-06 21:50:48,980 [INFO] IPUIPlugin:80 - create IPUIPlugin
2025-05-06 21:50:48,980 [INFO] PluginManager:220 - loadIPPluginJar : add gic
2025-05-06 21:50:48,993 [INFO] IPUIPlugin:80 - create IPUIPlugin
2025-05-06 21:50:48,993 [INFO] PluginManager:220 - loadIPPluginJar : add gpio
2025-05-06 21:50:49,099 [INFO] IPUIPlugin:80 - create IPUIPlugin
2025-05-06 21:50:49,099 [INFO] PluginManager:220 - loadIPPluginJar : add gtzc
2025-05-06 21:50:49,139 [INFO] IPUIPlugin:80 - create IPUIPlugin
2025-05-06 21:50:49,139 [INFO] PluginManager:220 - loadIPPluginJar : add hash
2025-05-06 21:50:49,196 [INFO] IPUIPlugin:80 - create IPUIPlugin
2025-05-06 21:50:49,196 [INFO] PluginManager:220 - loadIPPluginJar : add i2c
2025-05-06 21:50:49,241 [INFO] IPUIPlugin:80 - create IPUIPlugin
2025-05-06 21:50:49,241 [INFO] PluginManager:220 - loadIPPluginJar : add i2s
2025-05-06 21:50:49,291 [INFO] IPUIPlugin:80 - create IPUIPlugin
2025-05-06 21:50:49,291 [INFO] PluginManager:220 - loadIPPluginJar : add i3c
2025-05-06 21:50:49,402 [INFO] IPUIPlugin:80 - create IPUIPlugin
2025-05-06 21:50:49,402 [INFO] PluginManager:220 - loadIPPluginJar : add ipddr
2025-05-06 21:50:49,507 [INFO] IPUIPlugin:80 - create IPUIPlugin
2025-05-06 21:50:49,507 [INFO] PluginManager:220 - loadIPPluginJar : add linkedlist
2025-05-06 21:50:49,545 [INFO] IPUIPlugin:80 - create IPUIPlugin
2025-05-06 21:50:49,545 [INFO] PluginManager:220 - loadIPPluginJar : add lorawan
2025-05-06 21:50:49,584 [INFO] IPUIPlugin:80 - create IPUIPlugin
2025-05-06 21:50:49,585 [INFO] PluginManager:220 - loadIPPluginJar : add ltdc
2025-05-06 21:50:49,600 [INFO] IPUIPlugin:80 - create IPUIPlugin
2025-05-06 21:50:49,600 [INFO] PluginManager:220 - loadIPPluginJar : add mdma
2025-05-06 21:50:49,612 [INFO] IPUIPlugin:80 - create IPUIPlugin
2025-05-06 21:50:49,612 [INFO] PluginManager:220 - loadIPPluginJar : add nvic
2025-05-06 21:50:49,651 [INFO] IPUIPlugin:80 - create IPUIPlugin
2025-05-06 21:50:49,651 [INFO] PluginManager:220 - loadIPPluginJar : add opamp
2025-05-06 21:50:49,719 [INFO] IPUIPlugin:80 - create IPUIPlugin
2025-05-06 21:50:49,720 [INFO] PluginManager:220 - loadIPPluginJar : add openamp
2025-05-06 21:50:49,765 [INFO] IPUIPlugin:80 - create IPUIPlugin
2025-05-06 21:50:49,765 [INFO] PluginManager:220 - loadIPPluginJar : add pdm2pcm
2025-05-06 21:50:49,781 [INFO] IPUIPlugin:80 - create IPUIPlugin
2025-05-06 21:50:49,783 [INFO] PluginManager:220 - loadIPPluginJar : add plateformsettings
2025-05-06 21:50:49,808 [INFO] IPUIPlugin:80 - create IPUIPlugin
2025-05-06 21:50:49,808 [INFO] PluginManager:220 - loadIPPluginJar : add quadspi
2025-05-06 21:50:49,823 [INFO] IPUIPlugin:80 - create IPUIPlugin
2025-05-06 21:50:49,823 [INFO] PluginManager:220 - loadIPPluginJar : add resmgrutility
2025-05-06 21:50:49,879 [INFO] IPUIPlugin:80 - create IPUIPlugin
2025-05-06 21:50:49,879 [INFO] PluginManager:220 - loadIPPluginJar : add sai
2025-05-06 21:50:49,921 [INFO] IPUIPlugin:80 - create IPUIPlugin
2025-05-06 21:50:49,921 [INFO] PluginManager:220 - loadIPPluginJar : add spi
2025-05-06 21:50:49,989 [INFO] IPUIPlugin:80 - create IPUIPlugin
2025-05-06 21:50:49,990 [INFO] PluginManager:220 - loadIPPluginJar : add stm32_wpan
2025-05-06 21:50:50,020 [INFO] IPUIPlugin:80 - create IPUIPlugin
2025-05-06 21:50:50,020 [INFO] PluginManager:220 - loadIPPluginJar : add tim
2025-05-06 21:50:50,090 [INFO] IPUIPlugin:80 - create IPUIPlugin
2025-05-06 21:50:50,090 [INFO] PluginManager:220 - loadIPPluginJar : add touchsensing
2025-05-06 21:50:50,120 [INFO] IPUIPlugin:80 - create IPUIPlugin
2025-05-06 21:50:50,120 [INFO] PluginManager:220 - loadIPPluginJar : add tracer_emb
2025-05-06 21:50:50,152 [INFO] IPUIPlugin:80 - create IPUIPlugin
2025-05-06 21:50:50,152 [INFO] PluginManager:220 - loadIPPluginJar : add ts
2025-05-06 21:50:50,180 [INFO] IPUIPlugin:80 - create IPUIPlugin
2025-05-06 21:50:50,181 [INFO] PluginManager:220 - loadIPPluginJar : add tsc
2025-05-06 21:50:50,209 [INFO] IPUIPlugin:80 - create IPUIPlugin
2025-05-06 21:50:50,209 [INFO] PluginManager:220 - loadIPPluginJar : add ucpd
2025-05-06 21:50:50,283 [INFO] IPUIPlugin:80 - create IPUIPlugin
2025-05-06 21:50:50,283 [INFO] PluginManager:220 - loadIPPluginJar : add usart
2025-05-06 21:50:50,373 [INFO] IPUIPlugin:80 - create IPUIPlugin
2025-05-06 21:50:50,373 [INFO] PluginManager:220 - loadIPPluginJar : add usbx
2025-05-06 21:50:50,445 [INFO] ThirdPartyUpdaterWithRetryManager:70 - Updater plugin not ready yet. [2/15]
2025-05-06 21:50:50,492 [INFO] CADModel:165 - CPN selected for project level
2025-05-06 21:50:50,492 [INFO] CADModel:114 - Register for checkConnection events
2025-05-06 21:50:50,492 [FATAL] Updater:308 - Updater called before beeing initialized
2025-05-06 21:50:50,492 [ERROR] CADModel:125 - Updater not yet initialized, retry later 
2025-05-06 21:50:50,623 [INFO] CADModel:165 - CPN selected for project level
2025-05-06 21:50:50,623 [INFO] CADModel:114 - Register for checkConnection events
2025-05-06 21:50:50,624 [FATAL] Updater:308 - Updater called before beeing initialized
2025-05-06 21:50:50,624 [ERROR] CADModel:125 - Updater not yet initialized, retry later 
2025-05-06 21:50:50,626 [FATAL] Updater:308 - Updater called before beeing initialized
2025-05-06 21:50:50,721 [FATAL] Updater:308 - Updater called before beeing initialized
2025-05-06 21:50:50,737 [INFO] DbMcusAds:53 - JSON generation date=Tue Dec 17 23:01:15 ICT 2024 (1734451275230)
2025-05-06 21:50:50,737 [FATAL] Updater:308 - Updater called before beeing initialized
2025-05-06 21:50:50,831 [WARN] DetailPanel:346 - Failed to get advertising image, set to default
2025-05-06 21:50:50,964 [FATAL] Updater:308 - Updater called before beeing initialized
2025-05-06 21:50:50,965 [FATAL] Updater:308 - Updater called before beeing initialized
2025-05-06 21:50:50,966 [FATAL] Updater:308 - Updater called before beeing initialized
2025-05-06 21:50:50,966 [WARN] DetailPanel:346 - Failed to get advertising image, set to default
2025-05-06 21:50:50,966 [FATAL] Updater:308 - Updater called before beeing initialized
2025-05-06 21:50:51,027 [ERROR] Updater:1120 - MainUpdater not yet initialized. External WinMGr cannot be set.
2025-05-06 21:50:51,038 [INFO] Updater:1056 - Updater Version found : 6.9.0
2025-05-06 21:50:51,058 [INFO] ApplicationProperties:184 - Using Application install path: D:\ITC\STM32\STM32CubeIDE_1.13.0\STM32CubeIDE\plugins\com.st.stm32cube.common.mx_6.9.0.202307051724
2025-05-06 21:50:51,775 [INFO] MainUpdater:2868 - connection check result : 10
2025-05-06 21:50:51,777 [INFO] MainUpdater:285 - Updater Check For Update Now.
2025-05-06 21:50:51,778 [INFO] MicroXplorer:498 - Change Database Version : DB.6.0.90
2025-05-06 21:50:51,853 [INFO] McuFinderGlobals:63 - Set McuFinder mode to 2 (CubeIDE integrated)
2025-05-06 21:50:52,344 [INFO] CheckServerUpdateThread:120 - End of CheckServer Thread
2025-05-06 21:50:53,766 [WARN] PackLoader:240 - Cannot read IP mode file for STMicroelectronics.FP-SNS-MOTENVWB1.1.4.0
2025-05-06 21:50:53,788 [WARN] PackLoader:240 - Cannot read IP mode file for STMicroelectronics.FP-ATR-ASTRA1.2.0.2
2025-05-06 21:50:53,801 [WARN] PackLoader:240 - Cannot read IP mode file for STMicroelectronics.FP-ATR-ASTRA1.2.0.1
2025-05-06 21:50:53,817 [WARN] PackLoader:240 - Cannot read IP mode file for STMicroelectronics.X-CUBE-SMBUS.2.1.0
2025-05-06 21:50:53,835 [WARN] PackLoader:240 - Cannot read IP mode file for STMicroelectronics.X-CUBE-WB05N.1.1.0
2025-05-06 21:50:53,853 [WARN] PackLoader:240 - Cannot read IP mode file for STMicroelectronics.X-CUBE-TOUCHGFX.4.23.0
2025-05-06 21:50:53,868 [WARN] PackLoader:240 - Cannot read IP mode file for STMicroelectronics.X-CUBE-TOUCHGFX.4.23.2
2025-05-06 21:50:53,915 [WARN] PackLoader:240 - Cannot read IP mode file for STMicroelectronics.X-CUBE-AZRTOS-F7.1.1.0
2025-05-06 21:50:53,934 [ERROR] RealEvaluatedCondition:428 - Found unsupported composite condition: CLASS='Data Exchange' GROUP='STM32_MetaDataManager'
2025-05-06 21:50:53,935 [ERROR] RealEvaluatedCondition:428 - Found unsupported composite condition: CLASS='Data Exchange' GROUP='STM32_MetaDataManager'
2025-05-06 21:50:53,936 [WARN] PackLoader:240 - Cannot read IP mode file for STMicroelectronics.FP-SNS-MOTENV1.4.3.0
2025-05-06 21:50:53,956 [WARN] PackLoader:240 - Cannot read IP mode file for STMicroelectronics.FP-SNS-MOTENV1.4.3.2
2025-05-06 21:50:53,972 [WARN] PackLoader:240 - Cannot read IP mode file for STMicroelectronics.FP-SNS-FLIGHT1.5.0.0
2025-05-06 21:50:53,987 [WARN] PackLoader:240 - Cannot read IP mode file for STMicroelectronics.X-CUBE-BLE1.6.2.4
2025-05-06 21:50:54,000 [WARN] PackLoader:240 - Cannot read IP mode file for STMicroelectronics.FP-SNS-FLIGHT1.5.0.2
2025-05-06 21:50:54,019 [ERROR] Engine:466 - C:\Users\msi1\.stm32cubemx\thirdparties\pdsc\Infineon.AIROC-Wi-Fi-Bluetooth-STM32.1.7.0.pdsc: PDSC version is not supported
2025-05-06 21:50:54,034 [WARN] PackLoader:240 - Cannot read IP mode file for STMicroelectronics.X-CUBE-DISPLAY.3.0.0
2025-05-06 21:50:54,053 [WARN] PackLoader:240 - Cannot read IP mode file for STMicroelectronics.X-CUBE-BLE1.7.0.0
2025-05-06 21:50:54,068 [WARN] PackLoader:240 - Cannot read IP mode file for STMicroelectronics.X-CUBE-NFC10.1.0.0
2025-05-06 21:50:54,080 [ERROR] Engine:466 - C:\Users\msi1\.stm32cubemx\thirdparties\pdsc\STMicroelectronics.X-CUBE-BLEMGR.4.0.0.pdsc: PDSC version is not supported
2025-05-06 21:50:54,093 [WARN] PackLoader:240 - Cannot read IP mode file for emotas.I-CUBE-CANOPEN.1.3.0
2025-05-06 21:50:54,105 [WARN] PackLoader:240 - Cannot read IP mode file for STMicroelectronics.X-CUBE-TOUCHGFX.4.22.0
2025-05-06 21:50:54,117 [WARN] PackLoader:240 - Cannot read IP mode file for STMicroelectronics.X-CUBE-TOUCHGFX.4.22.1
2025-05-06 21:50:54,135 [WARN] PackLoader:240 - Cannot read IP mode file for STMicroelectronics.X-CUBE-BLEMGR.3.1.0
2025-05-06 21:50:54,150 [WARN] PackLoader:240 - Cannot read IP mode file for STMicroelectronics.X-CUBE-AI.10.0.0
2025-05-06 21:50:54,162 [WARN] PackLoader:240 - Cannot read IP mode file for STMicroelectronics.FP-SNS-SMARTAG2.1.2.0
2025-05-06 21:50:54,173 [ERROR] Engine:466 - C:\Users\msi1\.stm32cubemx\thirdparties\pdsc\STMicroelectronics.FP-SNS-FLIGHT1.5.1.0.pdsc: PDSC version is not supported
2025-05-06 21:50:54,236 [WARN] PackLoader:240 - Cannot read IP mode file for STMicroelectronics.X-CUBE-MEMS1.11.1.0
2025-05-06 21:50:54,372 [INFO] LogOutputStream:77 - [STDOUT_REDIRECT] 1 : Invalid condition id : UX_CORESTACK_Condition cause : null
2025-05-06 21:50:54,372 [INFO] LogOutputStream:77 - [STDOUT_REDIRECT] 1 : Invalid condition id : UX_CORESTACK_Condition cause : null
2025-05-06 21:50:54,373 [INFO] LogOutputStream:77 - [STDOUT_REDIRECT] 1 : Invalid condition id : UX_CORESTACK_Condition cause : null
2025-05-06 21:50:54,375 [INFO] LogOutputStream:77 - [STDOUT_REDIRECT] 1 : Invalid condition id : UX_CORESTACK_Condition cause : null
2025-05-06 21:50:54,375 [INFO] LogOutputStream:77 - [STDOUT_REDIRECT] 1 : Invalid condition id : UX_CORESTACK_Condition cause : null
2025-05-06 21:50:54,377 [WARN] PackLoader:240 - Cannot read IP mode file for STMicroelectronics.X-CUBE-AZRTOS-WL.2.0.0
2025-05-06 21:50:54,394 [WARN] PackLoader:240 - Cannot read IP mode file for STMicroelectronics.FP-SNS-MOTENV1.5.0.0
2025-05-06 21:50:54,410 [WARN] PackLoader:240 - Cannot read IP mode file for wolfSSL.I-CUBE-wolfMQTT.1.19.0
2025-05-06 21:50:54,430 [WARN] PackLoader:240 - Cannot read IP mode file for WES.I-CUBE-Cesium.1.3.0
2025-05-06 21:50:54,449 [WARN] PackLoader:240 - Cannot read IP mode file for STMicroelectronics.X-CUBE-BLE2.3.3.0
2025-05-06 21:50:54,466 [WARN] PackLoader:240 - Cannot read IP mode file for STMicroelectronics.X-CUBE-NFC9.1.0.0
2025-05-06 21:50:54,483 [WARN] PackLoader:240 - Cannot read IP mode file for STMicroelectronics.X-CUBE-BLE1.7.1.0
2025-05-06 21:50:54,507 [WARN] PackLoader:240 - Cannot read IP mode file for STMicroelectronics.X-CUBE-TCPP.4.1.0
2025-05-06 21:50:54,523 [WARN] PackLoader:240 - Cannot read IP mode file for STMicroelectronics.X-CUBE-TOUCHGFX.4.21.4
2025-05-06 21:50:54,540 [WARN] PackLoader:240 - Cannot read IP mode file for STMicroelectronics.X-CUBE-ALGOBUILD.1.3.0
2025-05-06 21:50:54,599 [WARN] PackLoader:240 - Cannot read IP mode file for STMicroelectronics.X-CUBE-MEMS1.11.2.0
2025-05-06 21:50:54,706 [WARN] PackLoader:240 - Cannot read IP mode file for STMicroelectronics.X-CUBE-AZRTOS-G0.1.1.0
2025-05-06 21:50:54,723 [WARN] PackLoader:240 - Cannot read IP mode file for STMicroelectronics.X-CUBE-SAFEA1.1.2.2
2025-05-06 21:50:54,738 [WARN] PackLoader:240 - Cannot read IP mode file for STMicroelectronics.X-CUBE-NFC4.3.0.0
2025-05-06 21:50:54,752 [WARN] PackLoader:240 - Cannot read IP mode file for wolfSSL.I-CUBE-wolfMQTT.1.18.0
2025-05-06 21:50:54,763 [ERROR] Engine:466 - C:\Users\msi1\.stm32cubemx\thirdparties\pdsc\EmbeddedOffice.I-CUBE-FS-RTOS.1.0.1.pdsc: PDSC version is not supported
2025-05-06 21:50:54,779 [WARN] PackLoader:240 - Cannot read IP mode file for STMicroelectronics.X-CUBE-WB05N.2.0.0
2025-05-06 21:50:54,797 [WARN] PackLoader:240 - Cannot read IP mode file for STMicroelectronics.X-CUBE-BLEMGR.3.0.0
2025-05-06 21:50:54,811 [ERROR] Engine:466 - C:\Users\msi1\.stm32cubemx\thirdparties\pdsc\STMicroelectronics.X-CUBE-TCPP.4.2.0.pdsc: PDSC version is not supported
2025-05-06 21:50:54,824 [ERROR] Engine:466 - C:\Users\msi1\.stm32cubemx\thirdparties\pdsc\RealThread.X-CUBE-RT-Thread_Nano.4.1.1.pdsc: PDSC version is not supported
2025-05-06 21:50:54,839 [WARN] PackLoader:240 - Cannot read IP mode file for STMicroelectronics.FP-ATR-SIGFOX1.3.2.0
2025-05-06 21:50:54,850 [ERROR] Engine:466 - C:\Users\msi1\.stm32cubemx\thirdparties\pdsc\quantropi.X-CUBE-qispace-sdk-base.1.9.3.pdsc: PDSC version is not supported
2025-05-06 21:50:54,867 [WARN] PackLoader:240 - Cannot read IP mode file for STMicroelectronics.X-CUBE-EEPRMA1.5.1.0
2025-05-06 21:50:54,880 [WARN] PackLoader:240 - Cannot read IP mode file for wolfSSL.I-CUBE-wolfSSL.5.7.6
2025-05-06 21:50:54,896 [WARN] PackLoader:240 - Cannot read IP mode file for ITTIA_DB.I-CUBE-ITTIADB.8.9.0
2025-05-06 21:50:54,927 [WARN] PackLoader:240 - Cannot read IP mode file for SEGGER.I-CUBE-embOS.1.3.1
2025-05-06 21:50:54,983 [WARN] PackLoader:240 - Cannot read IP mode file for STMicroelectronics.X-CUBE-ALGOBUILD.1.4.0
2025-05-06 21:50:55,004 [WARN] PackLoader:240 - Cannot read IP mode file for STMicroelectronics.X-CUBE-AI.9.1.0
2025-05-06 21:50:55,046 [WARN] PackLoader:240 - Cannot read IP mode file for STMicroelectronics.X-CUBE-GNSS1.6.0.0
2025-05-06 21:50:55,102 [WARN] PackLoader:240 - Cannot read IP mode file for STMicroelectronics.X-CUBE-AZRTOS-F4.1.1.0
2025-05-06 21:50:55,119 [ERROR] Engine:466 - C:\Users\msi1\.stm32cubemx\thirdparties\pdsc\Avnet-IotConnect.X-CUBE-IoTC-DA16k-PMOD.1.0.0.pdsc: PDSC version is not supported
2025-05-06 21:50:55,134 [WARN] PackLoader:240 - Cannot read IP mode file for wolfSSL.I-CUBE-wolfSSL.5.6.0
2025-05-06 21:50:55,149 [WARN] PackLoader:240 - Cannot read IP mode file for STMicroelectronics.X-CUBE-ISPU.2.1.0
2025-05-06 21:50:55,165 [WARN] PackLoader:240 - Cannot read IP mode file for STMicroelectronics.X-CUBE-FREERTOS.1.2.0
2025-05-06 21:50:55,191 [WARN] PackLoader:240 - Cannot read IP mode file for STMicroelectronics.X-CUBE-AZRTOS-L5.2.0.0
2025-05-06 21:50:55,238 [WARN] PackLoader:240 - Cannot read IP mode file for STMicroelectronics.X-CUBE-MEMS1.9.6.0
2025-05-06 21:50:55,345 [WARN] PackLoader:240 - Cannot read IP mode file for STMicroelectronics.X-CUBE-EEPRMA1.4.2.0
2025-05-06 21:50:55,364 [WARN] PackLoader:240 - Cannot read IP mode file for STMicroelectronics.X-CUBE-NFC6.3.1.0
2025-05-06 21:50:55,379 [WARN] PackLoader:240 - Cannot read IP mode file for ITTIA_DB.I-CUBE-ITTIADB.8.8.0
2025-05-06 21:50:55,398 [WARN] PackLoader:240 - Cannot read IP mode file for emotas.I-CUBE-CANOPEN.1.1.3
2025-05-06 21:50:55,413 [WARN] PackLoader:240 - Cannot read IP mode file for STMicroelectronics.X-CUBE-BLEMGR.2.0.0
2025-05-06 21:50:55,427 [ERROR] Engine:466 - C:\Users\msi1\.stm32cubemx\thirdparties\pdsc\STMicroelectronics.X-CUBE-DPower.1.2.0.pdsc: PDSC version is not supported
2025-05-06 21:50:55,440 [WARN] PackLoader:240 - Cannot read IP mode file for STMicroelectronics.X-CUBE-AI.9.0.0
2025-05-06 21:50:55,476 [WARN] ConditionMgr:438 - getConditionDescription Invalid condition id : UX DEVICE CLASS RTOS Condition cause : null
2025-05-06 21:50:55,477 [WARN] ConditionMgr:438 - getConditionDescription Invalid condition id : UX DEVICE CLASS RTOS Condition cause : null
2025-05-06 21:50:55,479 [WARN] PackLoader:240 - Cannot read IP mode file for STMicroelectronics.X-CUBE-AZRTOS-H7.3.1.0
2025-05-06 21:50:55,480 [WARN] ConditionMgr:1039 - genDependencies : Invalid condition id : UX DEVICE CLASS RTOS Condition cause : null
2025-05-06 21:50:55,480 [WARN] ConditionMgr:1039 - genDependencies : Invalid condition id : UX DEVICE CLASS RTOS Condition cause : null
2025-05-06 21:50:55,480 [WARN] ConditionMgr:1039 - genDependencies : Invalid condition id : UX DEVICE CLASS RTOS Condition cause : null
2025-05-06 21:50:55,480 [WARN] ConditionMgr:1039 - genDependencies : Invalid condition id : UX DEVICE CLASS RTOS Condition cause : null
2025-05-06 21:50:55,480 [WARN] ConditionMgr:1039 - genDependencies : Invalid condition id : UX DEVICE CLASS RTOS Condition cause : null
2025-05-06 21:50:55,496 [WARN] PackLoader:240 - Cannot read IP mode file for STMicroelectronics.X-CUBE-FREERTOS.1.3.0
2025-05-06 21:50:55,511 [WARN] PackLoader:240 - Cannot read IP mode file for STMicroelectronics.X-CUBE-NFC7.1.0.1
2025-05-06 21:50:55,525 [WARN] PackLoader:240 - Cannot read IP mode file for STMicroelectronics.X-CUBE-NFC7.1.0.0
2025-05-06 21:50:55,542 [WARN] PackLoader:240 - Cannot read IP mode file for wolfSSL.I-CUBE-wolfTPM.3.2.0
2025-05-06 21:50:55,558 [WARN] PackLoader:240 - Cannot read IP mode file for STMicroelectronics.X-CUBE-NFC6.3.0.0
2025-05-06 21:50:55,573 [WARN] PackLoader:240 - Cannot read IP mode file for STMicroelectronics.X-CUBE-EEPRMA1.4.1.0
2025-05-06 21:50:55,587 [ERROR] Engine:466 - C:\Users\msi1\.stm32cubemx\thirdparties\pdsc\STMicroelectronics.X-CUBE-DPower.1.3.0.pdsc: PDSC version is not supported
2025-05-06 21:50:55,599 [WARN] PackLoader:240 - Cannot read IP mode file for STMicroelectronics.X-CUBE-AI.8.1.0
2025-05-06 21:50:55,629 [WARN] ConditionMgr:438 - getConditionDescription Invalid condition id : LAN8742 Phy interface Condition cause : null
2025-05-06 21:50:55,629 [WARN] PackLoader:240 - Cannot read IP mode file for STMicroelectronics.X-CUBE-AZRTOS-L4.2.0.0
2025-05-06 21:50:55,631 [WARN] ConditionMgr:1039 - genDependencies : Invalid condition id : LAN8742 Phy interface Condition cause : null
2025-05-06 21:50:55,631 [WARN] ConditionMgr:1039 - genDependencies : Invalid condition id : LAN8742 Phy interface Condition cause : null
2025-05-06 21:50:55,631 [WARN] ConditionMgr:1039 - genDependencies : Invalid condition id : LAN8742 Phy interface Condition cause : null
2025-05-06 21:50:55,647 [WARN] PackLoader:240 - Cannot read IP mode file for STMicroelectronics.X-CUBE-SFXS2LP1.4.0.0
2025-05-06 21:50:55,660 [WARN] PackLoader:240 - Cannot read IP mode file for STMicroelectronics.X-CUBE-ISPU.1.1.0
2025-05-06 21:50:55,690 [WARN] PackLoader:240 - Cannot read IP mode file for STMicroelectronics.X-CUBE-AZRTOS-H7.3.3.0
2025-05-06 21:50:55,705 [ERROR] Engine:466 - C:\Users\msi1\.stm32cubemx\thirdparties\pdsc\STMicroelectronics.X-CUBE-IPS.3.0.0.pdsc: PDSC version is not supported
2025-05-06 21:50:55,729 [WARN] ConditionMgr:438 - getConditionDescription Invalid condition id : UX DEVICE CLASS RTOS Condition cause : null
2025-05-06 21:50:55,729 [WARN] ConditionMgr:438 - getConditionDescription Invalid condition id : UX DEVICE CLASS RTOS Condition cause : null
2025-05-06 21:50:55,730 [WARN] PackLoader:240 - Cannot read IP mode file for STMicroelectronics.X-CUBE-AZRTOS-WB.2.0.0
2025-05-06 21:50:55,731 [WARN] ConditionMgr:1039 - genDependencies : Invalid condition id : UX DEVICE CLASS RTOS Condition cause : null
2025-05-06 21:50:55,731 [WARN] ConditionMgr:1039 - genDependencies : Invalid condition id : UX DEVICE CLASS RTOS Condition cause : null
2025-05-06 21:50:55,731 [WARN] ConditionMgr:1039 - genDependencies : Invalid condition id : UX DEVICE CLASS RTOS Condition cause : null
2025-05-06 21:50:55,731 [WARN] ConditionMgr:1039 - genDependencies : Invalid condition id : UX DEVICE CLASS RTOS Condition cause : null
2025-05-06 21:50:55,731 [WARN] ConditionMgr:1039 - genDependencies : Invalid condition id : UX DEVICE CLASS RTOS Condition cause : null
2025-05-06 21:50:55,745 [WARN] PackLoader:240 - Cannot read IP mode file for STMicroelectronics.X-CUBE-FREERTOS.1.0.1
2025-05-06 21:50:55,758 [WARN] PackLoader:240 - Cannot read IP mode file for STMicroelectronics.X-CUBE-GNSS1.7.0.1
2025-05-06 21:50:55,771 [WARN] PackLoader:240 - Cannot read IP mode file for STMicroelectronics.X-CUBE-TOUCHGFX.4.25.0
2025-05-06 21:50:55,783 [ERROR] Engine:466 - C:\Users\msi1\.stm32cubemx\thirdparties\pdsc\STMicroelectronics.FP-SNS-STBOX1.2.0.0.pdsc: PDSC version is not supported
2025-05-06 21:50:55,811 [WARN] PackLoader:240 - Cannot read IP mode file for STMicroelectronics.X-CUBE-AZRTOS-L5.1.1.0
2025-05-06 21:50:55,826 [WARN] PackLoader:240 - Cannot read IP mode file for STMicroelectronics.X-CUBE-AI.8.0.1
2025-05-06 21:50:55,843 [WARN] PackLoader:240 - Cannot read IP mode file for STMicroelectronics.X-CUBE-SUBG2.5.0.0
2025-05-06 21:50:55,875 [WARN] PackLoader:240 - Cannot read IP mode file for STMicroelectronics.X-CUBE-AZRTOS-H7RS.1.1.0
2025-05-06 21:50:55,892 [WARN] PackLoader:240 - Cannot read IP mode file for Cesanta.I-CUBE-Mongoose.7.13.0
2025-05-06 21:50:55,909 [WARN] PackLoader:240 - Cannot read IP mode file for STMicroelectronics.X-CUBE-TOF1.3.3.1
2025-05-06 21:50:55,938 [WARN] PackLoader:240 - Cannot read IP mode file for STMicroelectronics.X-CUBE-AZRTOS-G4.2.0.0
2025-05-06 21:50:55,958 [WARN] PackLoader:240 - Cannot read IP mode file for STMicroelectronics.X-CUBE-TOF1.3.3.0
2025-05-06 21:50:55,990 [WARN] PackLoader:240 - Cannot read IP mode file for Infineon.AIROC-Wi-Fi-Bluetooth-STM32.1.5.1
2025-05-06 21:50:56,005 [WARN] PackLoader:240 - Cannot read IP mode file for STMicroelectronics.FP-SNS-MOTENVWB1.1.3.0
2025-05-06 21:50:56,018 [WARN] PackLoader:240 - Cannot read IP mode file for STMicroelectronics.X-CUBE-NFC7.2.0.0
2025-05-06 21:50:56,031 [WARN] PackLoader:240 - Cannot read IP mode file for STMicroelectronics.FP-SNS-MOTENVWB1.1.3.1
2025-05-06 21:50:56,057 [WARN] PackLoader:240 - Cannot read IP mode file for STMicroelectronics.X-CUBE-AZRTOS-L4.1.0.0
2025-05-06 21:50:56,071 [WARN] PackLoader:240 - Cannot read IP mode file for STMicroelectronics.X-CUBE-ISPU.2.0.0
2025-05-06 21:50:56,086 [ERROR] Engine:466 - C:\Users\msi1\.stm32cubemx\thirdparties\pdsc\STMicroelectronics.X-CUBE-IPS.3.1.0.pdsc: PDSC version is not supported
2025-05-06 21:50:56,098 [WARN] PackLoader:240 - Cannot read IP mode file for STMicroelectronics.X-CUBE-ALS.1.0.2
2025-05-06 21:50:56,138 [WARN] PackLoader:240 - Cannot read IP mode file for STMicroelectronics.X-CUBE-MEMS1.10.0.0
2025-05-06 21:50:56,218 [WARN] PackLoader:240 - Cannot read IP mode file for STMicroelectronics.X-CUBE-FREERTOS.1.1.0
2025-05-06 21:50:56,229 [WARN] PackLoader:240 - Cannot read IP mode file for STMicroelectronics.X-CUBE-TOUCHGFX.4.24.0
2025-05-06 21:50:56,243 [WARN] PackLoader:240 - Cannot read IP mode file for STMicroelectronics.X-CUBE-TOUCHGFX.4.24.2
2025-05-06 21:50:56,260 [WARN] PackLoader:240 - Cannot read IP mode file for STMicroelectronics.X-CUBE-AZRTOS-WL.1.0.0
2025-05-06 21:50:56,275 [WARN] PackLoader:240 - Cannot read IP mode file for STMicroelectronics.X-CUBE-TOUCHGFX.4.24.1
2025-05-06 21:50:56,288 [WARN] PackLoader:240 - Cannot read IP mode file for wolfSSL.I-CUBE-wolfTPM.3.4.0
2025-05-06 21:50:56,305 [WARN] PackLoader:240 - Cannot read IP mode file for portGmbH.I-Cube-SoM-uGOAL.1.1.0
2025-05-06 21:50:56,320 [WARN] PackLoader:240 - Cannot read IP mode file for STMicroelectronics.X-CUBE-ALS.1.0.1
2025-05-06 21:50:56,343 [WARN] PackLoader:240 - Cannot read IP mode file for STMicroelectronics.X-CUBE-AZRTOS-WB.1.1.0
2025-05-06 21:50:56,373 [WARN] PackLoader:240 - Cannot read IP mode file for STMicroelectronics.X-CUBE-AZRTOS-H7RS.1.0.0
2025-05-06 21:50:56,390 [WARN] PackLoader:240 - Cannot read IP mode file for STMicroelectronics.FP-ATR-ASTRA1.2.0.0
2025-05-06 21:50:56,409 [ERROR] Engine:466 - C:\Users\msi1\.stm32cubemx\thirdparties\pdsc\STMicroelectronics.X-CUBE-TOF1.3.4.2.pdsc: PDSC version is not supported
2025-05-06 21:50:56,427 [ERROR] Engine:466 - C:\Users\msi1\.stm32cubemx\thirdparties\pdsc\STMicroelectronics.X-CUBE-TOF1.3.4.3.pdsc: PDSC version is not supported
2025-05-06 21:50:56,450 [WARN] PackLoader:240 - Cannot read IP mode file for STMicroelectronics.X-CUBE-TOF1.3.4.0
2025-05-06 21:50:56,478 [WARN] PackLoader:240 - Cannot read IP mode file for STMicroelectronics.X-CUBE-TOF1.3.4.1
2025-05-06 21:50:56,518 [WARN] PackLoader:240 - Cannot read IP mode file for STMicroelectronics.X-CUBE-AZRTOS-H7.3.2.0
2025-05-06 21:50:56,537 [WARN] PackLoader:240 - Cannot read IP mode file for wolfSSL.I-CUBE-wolfSSH.1.4.17
2025-05-06 21:50:56,538 [INFO] ThirdParty:978 - Integrity check success = true
2025-05-06 21:50:56,538 [INFO] IntegrityCheckThread:100 - exiting critical section [integrity check]
2025-05-06 21:50:56,538 [INFO] IntegrityCheckThread:103 - End integrity checks thread
2025-05-06 21:51:13,617 [ERROR] LogOutputStream:75 - [STDERR_REDIRECT] SLF4J: Failed to load class "org.slf4j.impl.StaticLoggerBinder".
2025-05-06 21:51:13,617 [ERROR] LogOutputStream:75 - [STDERR_REDIRECT] SLF4J: Defaulting to no-operation (NOP) logger implementation
2025-05-06 21:51:13,618 [ERROR] LogOutputStream:75 - [STDERR_REDIRECT] SLF4J: See http://www.slf4j.org/codes.html#StaticLoggerBinder for further details.
