2025-05-09 10:11:07,461 [INFO] Activator:176 - 


2025-05-09 10:11:07,466 [INFO] Activator:177 - !SESSION log4j initialized
2025-05-09 10:11:15,353 [INFO] LogOutputStream:77 - [STDOUT_REDIRECT] 
2025-05-09 10:11:20,780 [INFO] ApplicationProperties:184 - Using Application install path: D:\ITC\STM32\STM32CubeIDE_1.13.0\STM32CubeIDE\plugins\com.st.stm32cube.common.mx_6.9.0.202307051724
2025-05-09 10:11:20,802 [INFO] DbMcusXml:78 - Set database path to: D:\ITC\STM32\STM32CubeIDE_1.13.0\STM32CubeIDE\plugins\com.st.stm32cube.common.mx_6.9.0.202307051724\\db\/mcu/
2025-05-09 10:11:20,802 [INFO] ApiDb:274 - Set plugin database path to: D:\ITC\STM32\STM32CubeIDE_1.13.0\STM32CubeIDE\plugins\com.st.stm32cube.common.mx_6.9.0.202307051724\\db\/plugins/boardmanager/
2025-05-09 10:11:20,802 [WARN] ApiDb:259 - Overriding images path with different value:  => D:\ITC\STM32\STM32CubeIDE_1.13.0\STM32CubeIDE\plugins\com.st.stm32cube.common.mx_6.9.0.202307051724\\db\/plugins/mcufinder/images/
2025-05-09 10:11:20,816 [INFO] ApiDb:250 - Set database path to: C:\Users\msi1\.stmcufinder\plugins\mcufinder//mcu/
2025-05-09 10:11:20,819 [INFO] DbMcusAds:125 - Set database path to: C:\Users\msi1\.stmcufinder\plugins\mcufinder//mcu/
2025-05-09 10:11:20,820 [INFO] CrossReferenceDbSqlite:203 - Set database path to: C:\Users\msi1\.stmcufinder\plugins\mcufinder//mcu/cs/
2025-05-09 10:11:20,929 [INFO] RulesReader:64 - Compatibility file has been processed (293 Rules)
2025-05-09 10:11:21,026 [INFO] DbMcusXml:78 - Set database path to: D:\ITC\STM32\STM32CubeIDE_1.13.0\STM32CubeIDE\plugins\com.st.stm32cube.common.mx_6.9.0.202307051724\\db\/mcu/
2025-05-09 10:11:21,027 [INFO] ApiDb:274 - Set plugin database path to: D:\ITC\STM32\STM32CubeIDE_1.13.0\STM32CubeIDE\plugins\com.st.stm32cube.common.mx_6.9.0.202307051724\\db\/plugins/boardmanager/
2025-05-09 10:11:21,027 [INFO] ApiDb:261 - Set plugin images path to: D:\ITC\STM32\STM32CubeIDE_1.13.0\STM32CubeIDE\plugins\com.st.stm32cube.common.mx_6.9.0.202307051724\\db\/plugins/mcufinder/images/
2025-05-09 10:11:21,027 [WARN] DbFile:41 - Overriding database path with different value: C:\Users\msi1\.stmcufinder\plugins\mcufinder/ => C:\Users\msi1\.stmcufinder\plugins\mcufinder
2025-05-09 10:11:21,027 [INFO] ApiDb:250 - Set database path to: C:\Users\msi1\.stmcufinder\plugins\mcufinder//mcu/
2025-05-09 10:11:21,027 [WARN] DbFile:41 - Overriding database path with different value: C:\Users\msi1\.stmcufinder\plugins\mcufinder/ => C:\Users\msi1\.stmcufinder\plugins\mcufinder
2025-05-09 10:11:21,027 [INFO] DbMcusAds:125 - Set database path to: C:\Users\msi1\.stmcufinder\plugins\mcufinder//mcu/
2025-05-09 10:11:21,027 [WARN] DbFile:41 - Overriding database path with different value: C:\Users\msi1\.stmcufinder\plugins\mcufinder/ => C:\Users\msi1\.stmcufinder\plugins\mcufinder
2025-05-09 10:11:21,027 [WARN] DbFile:41 - Overriding database path with different value: C:\Users\msi1\.stmcufinder\plugins\mcufinder/ => C:\Users\msi1\.stmcufinder\plugins\mcufinder
2025-05-09 10:11:21,027 [INFO] CrossReferenceDbSqlite:203 - Set database path to: C:\Users\msi1\.stmcufinder\plugins\mcufinder//mcu/cs/
2025-05-09 10:11:21,118 [INFO] MainPanel:262 - HeapMemory: 268435456
2025-05-09 10:11:21,274 [INFO] DbMcusXml:78 - Set database path to: D:\ITC\STM32\STM32CubeIDE_1.13.0\STM32CubeIDE\plugins\com.st.stm32cube.common.mx_6.9.0.202307051724\\db\/mcu/
2025-05-09 10:11:21,274 [INFO] ApiDb:274 - Set plugin database path to: D:\ITC\STM32\STM32CubeIDE_1.13.0\STM32CubeIDE\plugins\com.st.stm32cube.common.mx_6.9.0.202307051724\\db\/plugins/boardmanager/
2025-05-09 10:11:21,275 [INFO] ApiDb:261 - Set plugin images path to: D:\ITC\STM32\STM32CubeIDE_1.13.0\STM32CubeIDE\plugins\com.st.stm32cube.common.mx_6.9.0.202307051724\\db\/plugins/mcufinder/images/
2025-05-09 10:11:21,275 [WARN] DbFile:41 - Overriding database path with different value: C:\Users\msi1\.stmcufinder\plugins\mcufinder/ => C:\Users\msi1\.stmcufinder\plugins\mcufinder
2025-05-09 10:11:21,275 [INFO] ApiDb:250 - Set database path to: C:\Users\msi1\.stmcufinder\plugins\mcufinder//mcu/
2025-05-09 10:11:21,276 [WARN] DbFile:41 - Overriding database path with different value: C:\Users\msi1\.stmcufinder\plugins\mcufinder/ => C:\Users\msi1\.stmcufinder\plugins\mcufinder
2025-05-09 10:11:21,276 [INFO] DbMcusAds:125 - Set database path to: C:\Users\msi1\.stmcufinder\plugins\mcufinder//mcu/
2025-05-09 10:11:21,276 [WARN] DbFile:41 - Overriding database path with different value: C:\Users\msi1\.stmcufinder\plugins\mcufinder/ => C:\Users\msi1\.stmcufinder\plugins\mcufinder
2025-05-09 10:11:21,276 [WARN] DbFile:41 - Overriding database path with different value: C:\Users\msi1\.stmcufinder\plugins\mcufinder/ => C:\Users\msi1\.stmcufinder\plugins\mcufinder
2025-05-09 10:11:21,276 [INFO] CrossReferenceDbSqlite:203 - Set database path to: C:\Users\msi1\.stmcufinder\plugins\mcufinder//mcu/cs/
2025-05-09 10:11:21,311 [INFO] ApplicationProperties:184 - Using Application install path: D:\ITC\STM32\STM32CubeIDE_1.13.0\STM32CubeIDE\plugins\com.st.stm32cube.common.mx_6.9.0.202307051724
2025-05-09 10:11:21,314 [INFO] PluginManage:196 - Search for loadable plugins [exclusion list=, ]
2025-05-09 10:11:21,320 [INFO] PluginManage:310 - Check plugin analytics
2025-05-09 10:11:21,581 [INFO] AnalyticsPlugin:253 - Accepted Software Licenses: 
2025-05-09 10:11:21,582 [INFO] AnalyticsPlugin:255 - Accepted CMSIS Pack Licenses: 
2025-05-09 10:11:21,582 [INFO] AnalyticsPlugin:257 - Accepted Firmware Licenses: FW.F4.1.27.0
2025-05-09 10:11:21,587 [INFO] PluginManage:359 - Loaded plugin analytics (category:tool,tabindex:-1)
2025-05-09 10:11:21,588 [INFO] PluginManage:310 - Check plugin cadmodel
2025-05-09 10:11:21,614 [INFO] CADModel:105 - Init CAD model plugin
2025-05-09 10:11:21,614 [INFO] PluginManage:359 - Loaded plugin cadmodel (category:power,tabindex:5)
2025-05-09 10:11:21,615 [INFO] PluginManage:310 - Check plugin clock
2025-05-09 10:11:21,645 [INFO] PluginManage:359 - Loaded plugin clock (category:base,tabindex:2)
2025-05-09 10:11:21,645 [INFO] PluginManage:310 - Check plugin ddr
2025-05-09 10:11:21,647 [INFO] PluginManage:359 - Loaded plugin ddr (category:tool,tabindex:6)
2025-05-09 10:11:21,648 [INFO] PluginManage:310 - Check plugin filemanager
2025-05-09 10:11:21,942 [INFO] PluginManage:359 - Loaded plugin filemanager (category:base,tabindex:10)
2025-05-09 10:11:21,943 [INFO] PluginManage:310 - Check plugin ipmanager
2025-05-09 10:11:21,965 [INFO] PluginManage:359 - Loaded plugin ipmanager (category:base,tabindex:5)
2025-05-09 10:11:21,965 [INFO] PluginManage:310 - Check plugin lpbam
2025-05-09 10:11:22,040 [INFO] PluginManage:359 - Loaded plugin lpbam (category:base,tabindex:0)
2025-05-09 10:11:22,041 [INFO] PluginManage:310 - Check plugin memorymap
2025-05-09 10:11:22,158 [INFO] PluginManage:359 - Loaded plugin memorymap (category:base,tabindex:4)
2025-05-09 10:11:22,158 [INFO] PluginManage:310 - Check plugin pinoutandconfiguration
2025-05-09 10:11:22,247 [INFO] PluginManage:359 - Loaded plugin pinoutandconfiguration (category:base,tabindex:1)
2025-05-09 10:11:22,247 [INFO] PluginManage:310 - Check plugin pinoutconfig
2025-05-09 10:11:22,475 [WARN] SupportedApi:132 - Cannot load RTOS API schema: s4s-elt-must-match.1: The content of 'definitions' must match (annotation?, (simpleType | complexType)?, (unique | key | keyref)*)). A problem was found starting at: attribute.
2025-05-09 10:11:22,662 [INFO] PluginManage:359 - Loaded plugin pinoutconfig (category:base,tabindex:0)
2025-05-09 10:11:22,662 [INFO] PluginManage:310 - Check plugin power
2025-05-09 10:11:22,694 [INFO] PluginManage:359 - Loaded plugin power (category:power,tabindex:4)
2025-05-09 10:11:22,694 [INFO] PluginManage:310 - Check plugin projectmanager
2025-05-09 10:11:22,713 [INFO] PluginManage:359 - Loaded plugin projectmanager (category:projectmanager,tabindex:3)
2025-05-09 10:11:22,714 [INFO] PluginManage:310 - Check plugin thirdparty
2025-05-09 10:11:23,095 [INFO] PluginManage:359 - Loaded plugin thirdparty (category:base,tabindex:-1)
2025-05-09 10:11:23,095 [WARN] IntegrityCheckThread:84 - waiting for thirdparty lock release [integrity check]
2025-05-09 10:11:23,095 [INFO] PluginManage:310 - Check plugin tools
2025-05-09 10:11:23,096 [INFO] IntegrityCheckThread:86 - entering critical section [integrity check]
2025-05-09 10:11:23,096 [INFO] ThirdPartyUpdaterWithRetryManager:70 - Updater plugin not ready yet. [1/15]
2025-05-09 10:11:23,160 [INFO] PluginManage:359 - Loaded plugin tools (category:base,tabindex:7)
2025-05-09 10:11:23,161 [INFO] PluginManage:310 - Check plugin tutovideos
2025-05-09 10:11:23,445 [INFO] PluginManage:359 - Loaded plugin tutovideos (category:base,tabindex:-1)
2025-05-09 10:11:23,445 [INFO] PluginManage:310 - Check plugin updater
2025-05-09 10:11:23,458 [INFO] PluginManage:359 - Loaded plugin updater (category:base,tabindex:12)
2025-05-09 10:11:23,459 [INFO] PluginManage:310 - Check plugin userauth
2025-05-09 10:11:23,466 [INFO] UserAuth:113 - Init User Auth plugin
2025-05-09 10:11:23,467 [INFO] PluginManage:359 - Loaded plugin userauth (category:base,tabindex:14)
2025-05-09 10:11:23,467 [INFO] PluginManage:283 - PluginManage : Loaded plugins [17]
2025-05-09 10:11:23,854 [INFO] PinOutPanel:1499 - setPackage(No Configuration,No Configuration)
2025-05-09 10:11:24,057 [INFO] CADModel:165 - CPN selected for project level
2025-05-09 10:11:24,057 [INFO] CADModel:114 - Register for checkConnection events
2025-05-09 10:11:24,128 [INFO] IPUIPlugin:80 - create IPUIPlugin
2025-05-09 10:11:24,128 [INFO] PluginManager:220 - loadIPPluginJar : add adc
2025-05-09 10:11:24,233 [INFO] IPUIPlugin:80 - create IPUIPlugin
2025-05-09 10:11:24,233 [INFO] PluginManager:220 - loadIPPluginJar : add aes
2025-05-09 10:11:24,343 [INFO] IPUIPlugin:80 - create IPUIPlugin
2025-05-09 10:11:24,343 [INFO] PluginManager:220 - loadIPPluginJar : add can
2025-05-09 10:11:24,434 [INFO] IPUIPlugin:80 - create IPUIPlugin
2025-05-09 10:11:24,435 [INFO] PluginManager:220 - loadIPPluginJar : add comp
2025-05-09 10:11:24,580 [INFO] IPUIPlugin:80 - create IPUIPlugin
2025-05-09 10:11:24,581 [INFO] PluginManager:220 - loadIPPluginJar : add cryp
2025-05-09 10:11:24,706 [INFO] IPUIPlugin:80 - create IPUIPlugin
2025-05-09 10:11:24,706 [INFO] PluginManager:220 - loadIPPluginJar : add dfsdm
2025-05-09 10:11:24,742 [INFO] IPUIPlugin:80 - create IPUIPlugin
2025-05-09 10:11:24,743 [INFO] PluginManager:220 - loadIPPluginJar : add dma
2025-05-09 10:11:24,859 [INFO] IPUIPlugin:80 - create IPUIPlugin
2025-05-09 10:11:24,859 [INFO] PluginManager:220 - loadIPPluginJar : add dma3
2025-05-09 10:11:24,914 [INFO] IPUIPlugin:80 - create IPUIPlugin
2025-05-09 10:11:24,915 [INFO] PluginManager:220 - loadIPPluginJar : add fatfs
2025-05-09 10:11:25,052 [INFO] IPUIPlugin:80 - create IPUIPlugin
2025-05-09 10:11:25,052 [INFO] PluginManager:220 - loadIPPluginJar : add fmc
2025-05-09 10:11:25,096 [INFO] IPUIPlugin:80 - create IPUIPlugin
2025-05-09 10:11:25,097 [INFO] PluginManager:220 - loadIPPluginJar : add freertos
2025-05-09 10:11:25,168 [INFO] IPUIPlugin:80 - create IPUIPlugin
2025-05-09 10:11:25,169 [INFO] PluginManager:220 - loadIPPluginJar : add genericplugin
2025-05-09 10:11:25,439 [INFO] IPUIPlugin:80 - create IPUIPlugin
2025-05-09 10:11:25,440 [INFO] PluginManager:220 - loadIPPluginJar : add gfxmmu
2025-05-09 10:11:25,833 [INFO] IPUIPlugin:80 - create IPUIPlugin
2025-05-09 10:11:25,833 [INFO] PluginManager:220 - loadIPPluginJar : add gic
2025-05-09 10:11:25,856 [INFO] IPUIPlugin:80 - create IPUIPlugin
2025-05-09 10:11:25,856 [INFO] PluginManager:220 - loadIPPluginJar : add gpio
2025-05-09 10:11:26,077 [INFO] IPUIPlugin:80 - create IPUIPlugin
2025-05-09 10:11:26,077 [INFO] PluginManager:220 - loadIPPluginJar : add gtzc
2025-05-09 10:11:26,101 [INFO] ThirdPartyUpdaterWithRetryManager:70 - Updater plugin not ready yet. [2/15]
2025-05-09 10:11:26,158 [INFO] IPUIPlugin:80 - create IPUIPlugin
2025-05-09 10:11:26,158 [INFO] PluginManager:220 - loadIPPluginJar : add hash
2025-05-09 10:11:26,288 [INFO] IPUIPlugin:80 - create IPUIPlugin
2025-05-09 10:11:26,288 [INFO] PluginManager:220 - loadIPPluginJar : add i2c
2025-05-09 10:11:26,405 [INFO] IPUIPlugin:80 - create IPUIPlugin
2025-05-09 10:11:26,406 [INFO] PluginManager:220 - loadIPPluginJar : add i2s
2025-05-09 10:11:26,614 [INFO] IPUIPlugin:80 - create IPUIPlugin
2025-05-09 10:11:26,614 [INFO] PluginManager:220 - loadIPPluginJar : add i3c
2025-05-09 10:11:26,911 [INFO] IPUIPlugin:80 - create IPUIPlugin
2025-05-09 10:11:26,911 [INFO] PluginManager:220 - loadIPPluginJar : add ipddr
2025-05-09 10:11:27,097 [INFO] IPUIPlugin:80 - create IPUIPlugin
2025-05-09 10:11:27,097 [INFO] PluginManager:220 - loadIPPluginJar : add linkedlist
2025-05-09 10:11:27,187 [INFO] IPUIPlugin:80 - create IPUIPlugin
2025-05-09 10:11:27,187 [INFO] PluginManager:220 - loadIPPluginJar : add lorawan
2025-05-09 10:11:27,268 [INFO] IPUIPlugin:80 - create IPUIPlugin
2025-05-09 10:11:27,268 [INFO] PluginManager:220 - loadIPPluginJar : add ltdc
2025-05-09 10:11:27,292 [INFO] IPUIPlugin:80 - create IPUIPlugin
2025-05-09 10:11:27,292 [INFO] PluginManager:220 - loadIPPluginJar : add mdma
2025-05-09 10:11:27,319 [INFO] IPUIPlugin:80 - create IPUIPlugin
2025-05-09 10:11:27,319 [INFO] PluginManager:220 - loadIPPluginJar : add nvic
2025-05-09 10:11:27,397 [INFO] IPUIPlugin:80 - create IPUIPlugin
2025-05-09 10:11:27,397 [INFO] PluginManager:220 - loadIPPluginJar : add opamp
2025-05-09 10:11:27,561 [INFO] IPUIPlugin:80 - create IPUIPlugin
2025-05-09 10:11:27,562 [INFO] PluginManager:220 - loadIPPluginJar : add openamp
2025-05-09 10:11:27,715 [INFO] IPUIPlugin:80 - create IPUIPlugin
2025-05-09 10:11:27,715 [INFO] PluginManager:220 - loadIPPluginJar : add pdm2pcm
2025-05-09 10:11:27,759 [INFO] IPUIPlugin:80 - create IPUIPlugin
2025-05-09 10:11:27,765 [INFO] PluginManager:220 - loadIPPluginJar : add plateformsettings
2025-05-09 10:11:27,817 [INFO] IPUIPlugin:80 - create IPUIPlugin
2025-05-09 10:11:27,818 [INFO] PluginManager:220 - loadIPPluginJar : add quadspi
2025-05-09 10:11:27,840 [INFO] IPUIPlugin:80 - create IPUIPlugin
2025-05-09 10:11:27,840 [INFO] PluginManager:220 - loadIPPluginJar : add resmgrutility
2025-05-09 10:11:28,071 [INFO] IPUIPlugin:80 - create IPUIPlugin
2025-05-09 10:11:28,071 [INFO] PluginManager:220 - loadIPPluginJar : add sai
2025-05-09 10:11:28,266 [INFO] IPUIPlugin:80 - create IPUIPlugin
2025-05-09 10:11:28,266 [INFO] PluginManager:220 - loadIPPluginJar : add spi
2025-05-09 10:11:28,509 [INFO] IPUIPlugin:80 - create IPUIPlugin
2025-05-09 10:11:28,509 [INFO] PluginManager:220 - loadIPPluginJar : add stm32_wpan
2025-05-09 10:11:28,610 [INFO] IPUIPlugin:80 - create IPUIPlugin
2025-05-09 10:11:28,611 [INFO] PluginManager:220 - loadIPPluginJar : add tim
2025-05-09 10:11:28,753 [INFO] IPUIPlugin:80 - create IPUIPlugin
2025-05-09 10:11:28,753 [INFO] PluginManager:220 - loadIPPluginJar : add touchsensing
2025-05-09 10:11:28,818 [INFO] IPUIPlugin:80 - create IPUIPlugin
2025-05-09 10:11:28,818 [INFO] PluginManager:220 - loadIPPluginJar : add tracer_emb
2025-05-09 10:11:28,968 [INFO] IPUIPlugin:80 - create IPUIPlugin
2025-05-09 10:11:28,968 [INFO] PluginManager:220 - loadIPPluginJar : add ts
2025-05-09 10:11:29,106 [INFO] ThirdPartyUpdaterWithRetryManager:70 - Updater plugin not ready yet. [3/15]
2025-05-09 10:11:29,121 [INFO] IPUIPlugin:80 - create IPUIPlugin
2025-05-09 10:11:29,122 [INFO] PluginManager:220 - loadIPPluginJar : add tsc
2025-05-09 10:11:29,181 [INFO] IPUIPlugin:80 - create IPUIPlugin
2025-05-09 10:11:29,181 [INFO] PluginManager:220 - loadIPPluginJar : add ucpd
2025-05-09 10:11:29,290 [INFO] IPUIPlugin:80 - create IPUIPlugin
2025-05-09 10:11:29,290 [INFO] PluginManager:220 - loadIPPluginJar : add usart
2025-05-09 10:11:29,440 [INFO] IPUIPlugin:80 - create IPUIPlugin
2025-05-09 10:11:29,440 [INFO] PluginManager:220 - loadIPPluginJar : add usbx
2025-05-09 10:11:29,641 [INFO] CADModel:165 - CPN selected for project level
2025-05-09 10:11:29,641 [INFO] CADModel:114 - Register for checkConnection events
2025-05-09 10:11:29,641 [FATAL] Updater:308 - Updater called before beeing initialized
2025-05-09 10:11:29,642 [ERROR] CADModel:125 - Updater not yet initialized, retry later 
2025-05-09 10:11:29,955 [INFO] CADModel:165 - CPN selected for project level
2025-05-09 10:11:29,955 [INFO] CADModel:114 - Register for checkConnection events
2025-05-09 10:11:29,955 [FATAL] Updater:308 - Updater called before beeing initialized
2025-05-09 10:11:29,955 [ERROR] CADModel:125 - Updater not yet initialized, retry later 
2025-05-09 10:11:29,960 [FATAL] Updater:308 - Updater called before beeing initialized
2025-05-09 10:11:30,327 [FATAL] Updater:308 - Updater called before beeing initialized
2025-05-09 10:11:30,366 [INFO] DbMcusAds:53 - JSON generation date=Tue Dec 17 23:01:15 ICT 2024 (1734451275230)
2025-05-09 10:11:30,366 [FATAL] Updater:308 - Updater called before beeing initialized
2025-05-09 10:11:30,562 [WARN] DetailPanel:346 - Failed to get advertising image, set to default
2025-05-09 10:11:30,740 [FATAL] Updater:308 - Updater called before beeing initialized
2025-05-09 10:11:30,746 [FATAL] Updater:308 - Updater called before beeing initialized
2025-05-09 10:11:30,747 [FATAL] Updater:308 - Updater called before beeing initialized
2025-05-09 10:11:30,747 [WARN] DetailPanel:346 - Failed to get advertising image, set to default
2025-05-09 10:11:30,751 [FATAL] Updater:308 - Updater called before beeing initialized
2025-05-09 10:11:30,881 [ERROR] Updater:1120 - MainUpdater not yet initialized. External WinMGr cannot be set.
2025-05-09 10:11:30,904 [INFO] Updater:1056 - Updater Version found : 6.9.0
2025-05-09 10:11:30,944 [INFO] ApplicationProperties:184 - Using Application install path: D:\ITC\STM32\STM32CubeIDE_1.13.0\STM32CubeIDE\plugins\com.st.stm32cube.common.mx_6.9.0.202307051724
2025-05-09 10:11:31,497 [INFO] MainUpdater:2868 - connection check result : 10
2025-05-09 10:11:31,499 [INFO] MainUpdater:285 - Updater Check For Update Now.
2025-05-09 10:11:31,499 [INFO] MicroXplorer:498 - Change Database Version : DB.6.0.90
2025-05-09 10:11:31,537 [INFO] McuFinderGlobals:63 - Set McuFinder mode to 2 (CubeIDE integrated)
2025-05-09 10:11:31,863 [INFO] CheckServerUpdateThread:120 - End of CheckServer Thread
2025-05-09 10:11:32,727 [WARN] PackLoader:240 - Cannot read IP mode file for STMicroelectronics.FP-SNS-MOTENVWB1.1.4.0
2025-05-09 10:11:32,757 [WARN] PackLoader:240 - Cannot read IP mode file for STMicroelectronics.FP-ATR-ASTRA1.2.0.2
2025-05-09 10:11:32,784 [WARN] PackLoader:240 - Cannot read IP mode file for STMicroelectronics.FP-ATR-ASTRA1.2.0.1
2025-05-09 10:11:32,819 [WARN] PackLoader:240 - Cannot read IP mode file for STMicroelectronics.X-CUBE-SMBUS.2.1.0
2025-05-09 10:11:32,855 [WARN] PackLoader:240 - Cannot read IP mode file for STMicroelectronics.X-CUBE-WB05N.1.1.0
2025-05-09 10:11:32,887 [WARN] PackLoader:240 - Cannot read IP mode file for STMicroelectronics.X-CUBE-TOUCHGFX.4.23.0
2025-05-09 10:11:32,920 [WARN] PackLoader:240 - Cannot read IP mode file for STMicroelectronics.X-CUBE-TOUCHGFX.4.23.2
2025-05-09 10:11:33,050 [WARN] PackLoader:240 - Cannot read IP mode file for STMicroelectronics.X-CUBE-AZRTOS-F7.1.1.0
2025-05-09 10:11:33,084 [ERROR] RealEvaluatedCondition:428 - Found unsupported composite condition: GROUP='STM32_MetaDataManager' CLASS='Data Exchange'
2025-05-09 10:11:33,084 [ERROR] RealEvaluatedCondition:428 - Found unsupported composite condition: CLASS='Data Exchange' GROUP='STM32_MetaDataManager'
2025-05-09 10:11:33,086 [WARN] PackLoader:240 - Cannot read IP mode file for STMicroelectronics.FP-SNS-MOTENV1.4.3.0
2025-05-09 10:11:33,116 [WARN] PackLoader:240 - Cannot read IP mode file for STMicroelectronics.FP-SNS-MOTENV1.4.3.2
2025-05-09 10:11:33,146 [WARN] PackLoader:240 - Cannot read IP mode file for STMicroelectronics.FP-SNS-FLIGHT1.5.0.0
2025-05-09 10:11:33,169 [WARN] PackLoader:240 - Cannot read IP mode file for STMicroelectronics.X-CUBE-BLE1.6.2.4
2025-05-09 10:11:33,192 [WARN] PackLoader:240 - Cannot read IP mode file for STMicroelectronics.FP-SNS-FLIGHT1.5.0.2
2025-05-09 10:11:33,213 [ERROR] Engine:466 - C:\Users\msi1\.stm32cubemx\thirdparties\pdsc\Infineon.AIROC-Wi-Fi-Bluetooth-STM32.1.7.0.pdsc: PDSC version is not supported
2025-05-09 10:11:33,232 [WARN] PackLoader:240 - Cannot read IP mode file for STMicroelectronics.X-CUBE-DISPLAY.3.0.0
2025-05-09 10:11:33,249 [WARN] PackLoader:240 - Cannot read IP mode file for STMicroelectronics.X-CUBE-BLE1.7.0.0
2025-05-09 10:11:33,267 [WARN] PackLoader:240 - Cannot read IP mode file for STMicroelectronics.X-CUBE-NFC10.1.0.0
2025-05-09 10:11:33,284 [ERROR] Engine:466 - C:\Users\msi1\.stm32cubemx\thirdparties\pdsc\STMicroelectronics.X-CUBE-BLEMGR.4.0.0.pdsc: PDSC version is not supported
2025-05-09 10:11:33,300 [WARN] PackLoader:240 - Cannot read IP mode file for emotas.I-CUBE-CANOPEN.1.3.0
2025-05-09 10:11:33,316 [WARN] PackLoader:240 - Cannot read IP mode file for STMicroelectronics.X-CUBE-TOUCHGFX.4.22.0
2025-05-09 10:11:33,331 [WARN] PackLoader:240 - Cannot read IP mode file for STMicroelectronics.X-CUBE-TOUCHGFX.4.22.1
2025-05-09 10:11:33,360 [WARN] PackLoader:240 - Cannot read IP mode file for STMicroelectronics.X-CUBE-BLEMGR.3.1.0
2025-05-09 10:11:33,380 [WARN] PackLoader:240 - Cannot read IP mode file for STMicroelectronics.X-CUBE-AI.10.0.0
2025-05-09 10:11:33,403 [WARN] PackLoader:240 - Cannot read IP mode file for STMicroelectronics.FP-SNS-SMARTAG2.1.2.0
2025-05-09 10:11:33,416 [ERROR] Engine:466 - C:\Users\msi1\.stm32cubemx\thirdparties\pdsc\STMicroelectronics.FP-SNS-FLIGHT1.5.1.0.pdsc: PDSC version is not supported
2025-05-09 10:11:33,486 [WARN] PackLoader:240 - Cannot read IP mode file for STMicroelectronics.X-CUBE-MEMS1.11.1.0
2025-05-09 10:11:33,757 [INFO] LogOutputStream:77 - [STDOUT_REDIRECT] 1 : Invalid condition id : UX_CORESTACK_Condition cause : null
2025-05-09 10:11:33,758 [INFO] LogOutputStream:77 - [STDOUT_REDIRECT] 1 : Invalid condition id : UX_CORESTACK_Condition cause : null
2025-05-09 10:11:33,759 [INFO] LogOutputStream:77 - [STDOUT_REDIRECT] 1 : Invalid condition id : UX_CORESTACK_Condition cause : null
2025-05-09 10:11:33,762 [INFO] LogOutputStream:77 - [STDOUT_REDIRECT] 1 : Invalid condition id : UX_CORESTACK_Condition cause : null
2025-05-09 10:11:33,764 [INFO] LogOutputStream:77 - [STDOUT_REDIRECT] 1 : Invalid condition id : UX_CORESTACK_Condition cause : null
2025-05-09 10:11:33,770 [WARN] PackLoader:240 - Cannot read IP mode file for STMicroelectronics.X-CUBE-AZRTOS-WL.2.0.0
2025-05-09 10:11:33,801 [WARN] PackLoader:240 - Cannot read IP mode file for STMicroelectronics.FP-SNS-MOTENV1.5.0.0
2025-05-09 10:11:33,829 [WARN] PackLoader:240 - Cannot read IP mode file for wolfSSL.I-CUBE-wolfMQTT.1.19.0
2025-05-09 10:11:33,870 [WARN] PackLoader:240 - Cannot read IP mode file for WES.I-CUBE-Cesium.1.3.0
2025-05-09 10:11:33,898 [WARN] PackLoader:240 - Cannot read IP mode file for STMicroelectronics.X-CUBE-BLE2.3.3.0
2025-05-09 10:11:33,935 [WARN] PackLoader:240 - Cannot read IP mode file for STMicroelectronics.X-CUBE-NFC9.1.0.0
2025-05-09 10:11:34,041 [WARN] PackLoader:240 - Cannot read IP mode file for STMicroelectronics.X-CUBE-BLE1.7.1.0
2025-05-09 10:11:34,095 [WARN] PackLoader:240 - Cannot read IP mode file for STMicroelectronics.X-CUBE-TCPP.4.1.0
2025-05-09 10:11:34,169 [WARN] PackLoader:240 - Cannot read IP mode file for STMicroelectronics.X-CUBE-TOUCHGFX.4.21.4
2025-05-09 10:11:34,223 [WARN] PackLoader:240 - Cannot read IP mode file for STMicroelectronics.X-CUBE-ALGOBUILD.1.3.0
2025-05-09 10:11:34,439 [WARN] PackLoader:240 - Cannot read IP mode file for STMicroelectronics.X-CUBE-MEMS1.11.2.0
2025-05-09 10:11:34,775 [WARN] PackLoader:240 - Cannot read IP mode file for STMicroelectronics.X-CUBE-AZRTOS-G0.1.1.0
2025-05-09 10:11:34,827 [WARN] PackLoader:240 - Cannot read IP mode file for STMicroelectronics.X-CUBE-SAFEA1.1.2.2
2025-05-09 10:11:34,859 [WARN] PackLoader:240 - Cannot read IP mode file for STMicroelectronics.X-CUBE-NFC4.3.0.0
2025-05-09 10:11:34,893 [WARN] PackLoader:240 - Cannot read IP mode file for wolfSSL.I-CUBE-wolfMQTT.1.18.0
2025-05-09 10:11:34,918 [ERROR] Engine:466 - C:\Users\msi1\.stm32cubemx\thirdparties\pdsc\EmbeddedOffice.I-CUBE-FS-RTOS.1.0.1.pdsc: PDSC version is not supported
2025-05-09 10:11:34,963 [WARN] PackLoader:240 - Cannot read IP mode file for STMicroelectronics.X-CUBE-WB05N.2.0.0
2025-05-09 10:11:35,006 [WARN] PackLoader:240 - Cannot read IP mode file for STMicroelectronics.X-CUBE-BLEMGR.3.0.0
2025-05-09 10:11:35,045 [ERROR] Engine:466 - C:\Users\msi1\.stm32cubemx\thirdparties\pdsc\STMicroelectronics.X-CUBE-TCPP.4.2.0.pdsc: PDSC version is not supported
2025-05-09 10:11:35,106 [ERROR] Engine:466 - C:\Users\msi1\.stm32cubemx\thirdparties\pdsc\RealThread.X-CUBE-RT-Thread_Nano.4.1.1.pdsc: PDSC version is not supported
2025-05-09 10:11:35,140 [WARN] PackLoader:240 - Cannot read IP mode file for STMicroelectronics.FP-ATR-SIGFOX1.3.2.0
2025-05-09 10:11:35,161 [ERROR] Engine:466 - C:\Users\msi1\.stm32cubemx\thirdparties\pdsc\quantropi.X-CUBE-qispace-sdk-base.1.9.3.pdsc: PDSC version is not supported
2025-05-09 10:11:35,189 [WARN] PackLoader:240 - Cannot read IP mode file for STMicroelectronics.X-CUBE-EEPRMA1.5.1.0
2025-05-09 10:11:35,241 [WARN] PackLoader:240 - Cannot read IP mode file for wolfSSL.I-CUBE-wolfSSL.5.7.6
2025-05-09 10:11:35,295 [WARN] PackLoader:240 - Cannot read IP mode file for ITTIA_DB.I-CUBE-ITTIADB.8.9.0
2025-05-09 10:11:35,378 [WARN] PackLoader:240 - Cannot read IP mode file for SEGGER.I-CUBE-embOS.1.3.1
2025-05-09 10:11:35,437 [WARN] PackLoader:240 - Cannot read IP mode file for STMicroelectronics.X-CUBE-ALGOBUILD.1.4.0
2025-05-09 10:11:35,455 [WARN] PackLoader:240 - Cannot read IP mode file for STMicroelectronics.X-CUBE-AI.9.1.0
2025-05-09 10:11:35,470 [WARN] PackLoader:240 - Cannot read IP mode file for STMicroelectronics.X-CUBE-GNSS1.6.0.0
2025-05-09 10:11:35,508 [WARN] PackLoader:240 - Cannot read IP mode file for STMicroelectronics.X-CUBE-AZRTOS-F4.1.1.0
2025-05-09 10:11:35,526 [ERROR] Engine:466 - C:\Users\msi1\.stm32cubemx\thirdparties\pdsc\Avnet-IotConnect.X-CUBE-IoTC-DA16k-PMOD.1.0.0.pdsc: PDSC version is not supported
2025-05-09 10:11:35,543 [WARN] PackLoader:240 - Cannot read IP mode file for wolfSSL.I-CUBE-wolfSSL.5.6.0
2025-05-09 10:11:35,566 [WARN] PackLoader:240 - Cannot read IP mode file for STMicroelectronics.X-CUBE-ISPU.2.1.0
2025-05-09 10:11:35,589 [WARN] PackLoader:240 - Cannot read IP mode file for STMicroelectronics.X-CUBE-FREERTOS.1.2.0
2025-05-09 10:11:35,630 [WARN] PackLoader:240 - Cannot read IP mode file for STMicroelectronics.X-CUBE-AZRTOS-L5.2.0.0
2025-05-09 10:11:35,779 [WARN] PackLoader:240 - Cannot read IP mode file for STMicroelectronics.X-CUBE-MEMS1.9.6.0
2025-05-09 10:11:35,959 [WARN] PackLoader:240 - Cannot read IP mode file for STMicroelectronics.X-CUBE-EEPRMA1.4.2.0
2025-05-09 10:11:36,003 [WARN] PackLoader:240 - Cannot read IP mode file for STMicroelectronics.X-CUBE-NFC6.3.1.0
2025-05-09 10:11:36,031 [WARN] PackLoader:240 - Cannot read IP mode file for ITTIA_DB.I-CUBE-ITTIADB.8.8.0
2025-05-09 10:11:36,067 [WARN] PackLoader:240 - Cannot read IP mode file for emotas.I-CUBE-CANOPEN.1.1.3
2025-05-09 10:11:36,096 [WARN] PackLoader:240 - Cannot read IP mode file for STMicroelectronics.X-CUBE-BLEMGR.2.0.0
2025-05-09 10:11:36,127 [ERROR] Engine:466 - C:\Users\msi1\.stm32cubemx\thirdparties\pdsc\STMicroelectronics.X-CUBE-DPower.1.2.0.pdsc: PDSC version is not supported
2025-05-09 10:11:36,210 [WARN] PackLoader:240 - Cannot read IP mode file for STMicroelectronics.X-CUBE-AI.9.0.0
2025-05-09 10:11:36,255 [WARN] ConditionMgr:438 - getConditionDescription Invalid condition id : UX DEVICE CLASS RTOS Condition cause : null
2025-05-09 10:11:36,256 [WARN] ConditionMgr:438 - getConditionDescription Invalid condition id : UX DEVICE CLASS RTOS Condition cause : null
2025-05-09 10:11:36,259 [WARN] PackLoader:240 - Cannot read IP mode file for STMicroelectronics.X-CUBE-AZRTOS-H7.3.1.0
2025-05-09 10:11:36,262 [WARN] ConditionMgr:1039 - genDependencies : Invalid condition id : UX DEVICE CLASS RTOS Condition cause : null
2025-05-09 10:11:36,262 [WARN] ConditionMgr:1039 - genDependencies : Invalid condition id : UX DEVICE CLASS RTOS Condition cause : null
2025-05-09 10:11:36,263 [WARN] ConditionMgr:1039 - genDependencies : Invalid condition id : UX DEVICE CLASS RTOS Condition cause : null
2025-05-09 10:11:36,264 [WARN] ConditionMgr:1039 - genDependencies : Invalid condition id : UX DEVICE CLASS RTOS Condition cause : null
2025-05-09 10:11:36,264 [WARN] ConditionMgr:1039 - genDependencies : Invalid condition id : UX DEVICE CLASS RTOS Condition cause : null
2025-05-09 10:11:36,289 [WARN] PackLoader:240 - Cannot read IP mode file for STMicroelectronics.X-CUBE-FREERTOS.1.3.0
2025-05-09 10:11:36,307 [WARN] PackLoader:240 - Cannot read IP mode file for STMicroelectronics.X-CUBE-NFC7.1.0.1
2025-05-09 10:11:36,326 [WARN] PackLoader:240 - Cannot read IP mode file for STMicroelectronics.X-CUBE-NFC7.1.0.0
2025-05-09 10:11:36,359 [WARN] PackLoader:240 - Cannot read IP mode file for wolfSSL.I-CUBE-wolfTPM.3.2.0
2025-05-09 10:11:36,385 [WARN] PackLoader:240 - Cannot read IP mode file for STMicroelectronics.X-CUBE-NFC6.3.0.0
2025-05-09 10:11:36,442 [WARN] PackLoader:240 - Cannot read IP mode file for STMicroelectronics.X-CUBE-EEPRMA1.4.1.0
2025-05-09 10:11:36,464 [ERROR] Engine:466 - C:\Users\msi1\.stm32cubemx\thirdparties\pdsc\STMicroelectronics.X-CUBE-DPower.1.3.0.pdsc: PDSC version is not supported
2025-05-09 10:11:36,482 [WARN] PackLoader:240 - Cannot read IP mode file for STMicroelectronics.X-CUBE-AI.8.1.0
2025-05-09 10:11:36,529 [WARN] ConditionMgr:438 - getConditionDescription Invalid condition id : LAN8742 Phy interface Condition cause : null
2025-05-09 10:11:36,530 [WARN] PackLoader:240 - Cannot read IP mode file for STMicroelectronics.X-CUBE-AZRTOS-L4.2.0.0
2025-05-09 10:11:36,532 [WARN] ConditionMgr:1039 - genDependencies : Invalid condition id : LAN8742 Phy interface Condition cause : null
2025-05-09 10:11:36,532 [WARN] ConditionMgr:1039 - genDependencies : Invalid condition id : LAN8742 Phy interface Condition cause : null
2025-05-09 10:11:36,532 [WARN] ConditionMgr:1039 - genDependencies : Invalid condition id : LAN8742 Phy interface Condition cause : null
2025-05-09 10:11:36,555 [WARN] PackLoader:240 - Cannot read IP mode file for STMicroelectronics.X-CUBE-SFXS2LP1.4.0.0
2025-05-09 10:11:36,572 [WARN] PackLoader:240 - Cannot read IP mode file for STMicroelectronics.X-CUBE-ISPU.1.1.0
2025-05-09 10:11:36,611 [WARN] PackLoader:240 - Cannot read IP mode file for STMicroelectronics.X-CUBE-AZRTOS-H7.3.3.0
2025-05-09 10:11:36,636 [ERROR] Engine:466 - C:\Users\msi1\.stm32cubemx\thirdparties\pdsc\STMicroelectronics.X-CUBE-IPS.3.0.0.pdsc: PDSC version is not supported
2025-05-09 10:11:36,678 [WARN] ConditionMgr:438 - getConditionDescription Invalid condition id : UX DEVICE CLASS RTOS Condition cause : null
2025-05-09 10:11:36,679 [WARN] ConditionMgr:438 - getConditionDescription Invalid condition id : UX DEVICE CLASS RTOS Condition cause : null
2025-05-09 10:11:36,681 [WARN] PackLoader:240 - Cannot read IP mode file for STMicroelectronics.X-CUBE-AZRTOS-WB.2.0.0
2025-05-09 10:11:36,682 [WARN] ConditionMgr:1039 - genDependencies : Invalid condition id : UX DEVICE CLASS RTOS Condition cause : null
2025-05-09 10:11:36,682 [WARN] ConditionMgr:1039 - genDependencies : Invalid condition id : UX DEVICE CLASS RTOS Condition cause : null
2025-05-09 10:11:36,682 [WARN] ConditionMgr:1039 - genDependencies : Invalid condition id : UX DEVICE CLASS RTOS Condition cause : null
2025-05-09 10:11:36,683 [WARN] ConditionMgr:1039 - genDependencies : Invalid condition id : UX DEVICE CLASS RTOS Condition cause : null
2025-05-09 10:11:36,683 [WARN] ConditionMgr:1039 - genDependencies : Invalid condition id : UX DEVICE CLASS RTOS Condition cause : null
2025-05-09 10:11:36,700 [WARN] PackLoader:240 - Cannot read IP mode file for STMicroelectronics.X-CUBE-FREERTOS.1.0.1
2025-05-09 10:11:36,721 [WARN] PackLoader:240 - Cannot read IP mode file for STMicroelectronics.X-CUBE-GNSS1.7.0.1
2025-05-09 10:11:36,740 [WARN] PackLoader:240 - Cannot read IP mode file for STMicroelectronics.X-CUBE-TOUCHGFX.4.25.0
2025-05-09 10:11:36,762 [ERROR] Engine:466 - C:\Users\msi1\.stm32cubemx\thirdparties\pdsc\STMicroelectronics.FP-SNS-STBOX1.2.0.0.pdsc: PDSC version is not supported
2025-05-09 10:11:36,792 [WARN] PackLoader:240 - Cannot read IP mode file for STMicroelectronics.X-CUBE-AZRTOS-L5.1.1.0
2025-05-09 10:11:36,814 [WARN] PackLoader:240 - Cannot read IP mode file for STMicroelectronics.X-CUBE-AI.8.0.1
2025-05-09 10:11:36,835 [WARN] PackLoader:240 - Cannot read IP mode file for STMicroelectronics.X-CUBE-SUBG2.5.0.0
2025-05-09 10:11:36,879 [WARN] PackLoader:240 - Cannot read IP mode file for STMicroelectronics.X-CUBE-AZRTOS-H7RS.1.1.0
2025-05-09 10:11:36,919 [WARN] PackLoader:240 - Cannot read IP mode file for Cesanta.I-CUBE-Mongoose.7.13.0
2025-05-09 10:11:36,943 [WARN] PackLoader:240 - Cannot read IP mode file for STMicroelectronics.X-CUBE-TOF1.3.3.1
2025-05-09 10:11:36,978 [WARN] PackLoader:240 - Cannot read IP mode file for STMicroelectronics.X-CUBE-AZRTOS-G4.2.0.0
2025-05-09 10:11:37,008 [WARN] PackLoader:240 - Cannot read IP mode file for STMicroelectronics.X-CUBE-TOF1.3.3.0
2025-05-09 10:11:37,042 [WARN] PackLoader:240 - Cannot read IP mode file for Infineon.AIROC-Wi-Fi-Bluetooth-STM32.1.5.1
2025-05-09 10:11:37,062 [WARN] PackLoader:240 - Cannot read IP mode file for STMicroelectronics.FP-SNS-MOTENVWB1.1.3.0
2025-05-09 10:11:37,080 [WARN] PackLoader:240 - Cannot read IP mode file for STMicroelectronics.X-CUBE-NFC7.2.0.0
2025-05-09 10:11:37,116 [WARN] PackLoader:240 - Cannot read IP mode file for STMicroelectronics.FP-SNS-MOTENVWB1.1.3.1
2025-05-09 10:11:37,199 [WARN] PackLoader:240 - Cannot read IP mode file for STMicroelectronics.X-CUBE-AZRTOS-L4.1.0.0
2025-05-09 10:11:37,227 [WARN] PackLoader:240 - Cannot read IP mode file for STMicroelectronics.X-CUBE-ISPU.2.0.0
2025-05-09 10:11:37,256 [ERROR] Engine:466 - C:\Users\msi1\.stm32cubemx\thirdparties\pdsc\STMicroelectronics.X-CUBE-IPS.3.1.0.pdsc: PDSC version is not supported
2025-05-09 10:11:37,286 [WARN] PackLoader:240 - Cannot read IP mode file for STMicroelectronics.X-CUBE-ALS.1.0.2
2025-05-09 10:11:37,336 [WARN] PackLoader:240 - Cannot read IP mode file for STMicroelectronics.X-CUBE-MEMS1.10.0.0
2025-05-09 10:11:37,446 [WARN] PackLoader:240 - Cannot read IP mode file for STMicroelectronics.X-CUBE-FREERTOS.1.1.0
2025-05-09 10:11:37,464 [WARN] PackLoader:240 - Cannot read IP mode file for STMicroelectronics.X-CUBE-TOUCHGFX.4.24.0
2025-05-09 10:11:37,481 [WARN] PackLoader:240 - Cannot read IP mode file for STMicroelectronics.X-CUBE-TOUCHGFX.4.24.2
2025-05-09 10:11:37,504 [WARN] PackLoader:240 - Cannot read IP mode file for STMicroelectronics.X-CUBE-AZRTOS-WL.1.0.0
2025-05-09 10:11:37,521 [WARN] PackLoader:240 - Cannot read IP mode file for STMicroelectronics.X-CUBE-TOUCHGFX.4.24.1
2025-05-09 10:11:37,536 [WARN] PackLoader:240 - Cannot read IP mode file for wolfSSL.I-CUBE-wolfTPM.3.4.0
2025-05-09 10:11:37,553 [WARN] PackLoader:240 - Cannot read IP mode file for portGmbH.I-Cube-SoM-uGOAL.1.1.0
2025-05-09 10:11:37,568 [WARN] PackLoader:240 - Cannot read IP mode file for STMicroelectronics.X-CUBE-ALS.1.0.1
2025-05-09 10:11:37,590 [WARN] PackLoader:240 - Cannot read IP mode file for STMicroelectronics.X-CUBE-AZRTOS-WB.1.1.0
2025-05-09 10:11:37,622 [WARN] PackLoader:240 - Cannot read IP mode file for STMicroelectronics.X-CUBE-AZRTOS-H7RS.1.0.0
2025-05-09 10:11:37,641 [WARN] PackLoader:240 - Cannot read IP mode file for STMicroelectronics.FP-ATR-ASTRA1.2.0.0
2025-05-09 10:11:37,682 [ERROR] Engine:466 - C:\Users\msi1\.stm32cubemx\thirdparties\pdsc\STMicroelectronics.X-CUBE-TOF1.3.4.2.pdsc: PDSC version is not supported
2025-05-09 10:11:37,703 [ERROR] Engine:466 - C:\Users\msi1\.stm32cubemx\thirdparties\pdsc\STMicroelectronics.X-CUBE-TOF1.3.4.3.pdsc: PDSC version is not supported
2025-05-09 10:11:37,726 [WARN] PackLoader:240 - Cannot read IP mode file for STMicroelectronics.X-CUBE-TOF1.3.4.0
2025-05-09 10:11:37,756 [WARN] PackLoader:240 - Cannot read IP mode file for STMicroelectronics.X-CUBE-TOF1.3.4.1
2025-05-09 10:11:37,794 [WARN] PackLoader:240 - Cannot read IP mode file for STMicroelectronics.X-CUBE-AZRTOS-H7.3.2.0
2025-05-09 10:11:37,814 [WARN] PackLoader:240 - Cannot read IP mode file for wolfSSL.I-CUBE-wolfSSH.1.4.17
2025-05-09 10:11:37,815 [INFO] ThirdParty:978 - Integrity check success = true
2025-05-09 10:11:37,815 [INFO] IntegrityCheckThread:100 - exiting critical section [integrity check]
2025-05-09 10:11:37,815 [INFO] IntegrityCheckThread:103 - End integrity checks thread
2025-05-09 10:11:52,743 [INFO] McuFinderGlobals:63 - Set McuFinder mode to 2 (CubeIDE integrated)
2025-05-09 10:11:52,792 [INFO] MainUpdater:2868 - connection check result : 10
2025-05-09 10:11:52,804 [INFO] MainUpdater:2868 - connection check result : 10
2025-05-09 10:11:53,078 [INFO] MicroXplorer:468 - Change Database Path : 
2025-05-09 10:11:53,079 [INFO] MicroXplorer:498 - Change Database Version : DB.6.0.90
2025-05-09 10:11:53,082 [WARN] ThirdParty:871 - waiting for thirdparty lock release [close project]
2025-05-09 10:11:53,082 [INFO] ThirdParty:873 - entering critical section [close project]
2025-05-09 10:11:53,082 [INFO] ThirdParty:883 - exiting critical section [close project]
2025-05-09 10:11:53,084 [INFO] PinOutPanel:1499 - setPackage(No Configuration,No Configuration)
2025-05-09 10:11:53,093 [INFO] UtilMem:75 - Begin LoadConfig() Used Memory: 162117328 Bytes (268435456)
2025-05-09 10:11:53,095 [INFO] MicroXplorer:468 - Change Database Path : 
2025-05-09 10:11:53,095 [INFO] MicroXplorer:498 - Change Database Version : DB.6.0.90
2025-05-09 10:11:53,095 [INFO] OpenFileManager:308 - Change cursor
2025-05-09 10:11:53,095 [ERROR] LogOutputStream:75 - [STDERR_REDIRECT] SLF4J: Failed to load class "org.slf4j.impl.StaticLoggerBinder".
2025-05-09 10:11:53,096 [ERROR] LogOutputStream:75 - [STDERR_REDIRECT] SLF4J: Defaulting to no-operation (NOP) logger implementation
2025-05-09 10:11:53,098 [ERROR] LogOutputStream:75 - [STDERR_REDIRECT] SLF4J: See http://www.slf4j.org/codes.html#StaticLoggerBinder for further details.
2025-05-09 10:11:53,155 [INFO] Mcu:1946 - Initializing MCU STM32F401C(B-C)Ux STM32F401CCUx STM32F401CCU6
2025-05-09 10:11:54,899 [INFO] Context:659 - Trying to add GPIOservice into a context  which must be forbidden
2025-05-09 10:11:55,374 [INFO] RtosManager:555 - Registered RTOS mode: class=CMSIS, group=RTOS, mode=CMSIS_V1, owner=FREERTOS
2025-05-09 10:11:55,374 [INFO] RtosManager:555 - Registered RTOS mode: class=CMSIS, group=RTOS2, mode=CMSIS_V2, owner=FREERTOS
2025-05-09 10:11:55,374 [INFO] RtosManager:555 - Registered RTOS mode: class=RTOS, group=Core, mode=CMSIS_V1, owner=FREERTOS
2025-05-09 10:11:55,374 [INFO] RtosManager:555 - Registered RTOS mode: class=RTOS, group=Core, mode=CMSIS_V2, owner=FREERTOS
2025-05-09 10:11:55,374 [WARN] ModelIntegratedComponent:184 - Missing modes for component STMicroelectronics:FreeRTOS:0.0.1:STMicroelectronics:RTOS:FreeRTOS:Core:::10.2.0:
2025-05-09 10:11:55,382 [WARN] ModelIntegratedComponent:63 - No mode defined for component null
2025-05-09 10:11:55,382 [WARN] ModelIntegratedComponent:63 - No mode defined for component null
2025-05-09 10:11:55,382 [WARN] ModelIntegratedComponent:63 - No mode defined for component null
2025-05-09 10:11:55,382 [WARN] ModelIntegratedComponent:63 - No mode defined for component null
2025-05-09 10:11:55,382 [WARN] ModelIntegratedComponent:63 - No mode defined for component null
2025-05-09 10:11:55,382 [WARN] ModelIntegratedComponent:63 - No mode defined for component null
2025-05-09 10:11:55,382 [WARN] ModelIntegratedComponent:63 - No mode defined for component null
2025-05-09 10:11:55,382 [WARN] ModelIntegratedComponent:63 - No mode defined for component null
2025-05-09 10:11:55,382 [WARN] ModelIntegratedComponent:63 - No mode defined for component null
2025-05-09 10:11:55,382 [WARN] ModelIntegratedComponent:63 - No mode defined for component null
2025-05-09 10:11:55,382 [WARN] ModelIntegratedComponent:63 - No mode defined for component null
2025-05-09 10:11:55,382 [WARN] ModelIntegratedComponent:63 - No mode defined for component null
2025-05-09 10:11:55,382 [WARN] ModelIntegratedComponent:63 - No mode defined for component null
2025-05-09 10:11:55,382 [WARN] ModelIntegratedComponent:63 - No mode defined for component null
2025-05-09 10:11:55,382 [WARN] ModelIntegratedComponent:63 - No mode defined for component null
2025-05-09 10:11:55,382 [WARN] ModelIntegratedComponent:63 - No mode defined for component null
2025-05-09 10:11:55,382 [WARN] ModelIntegratedComponent:63 - No mode defined for component null
2025-05-09 10:11:55,382 [WARN] ModelIntegratedComponent:63 - No mode defined for component null
2025-05-09 10:11:55,383 [WARN] ModelIntegratedComponent:63 - No mode defined for component null
2025-05-09 10:11:55,383 [WARN] ModelIntegratedComponent:63 - No mode defined for component null
2025-05-09 10:11:55,383 [WARN] ModelIntegratedComponent:63 - No mode defined for component null
2025-05-09 10:11:55,383 [WARN] ModelIntegratedComponent:63 - No mode defined for component null
2025-05-09 10:11:55,383 [WARN] ModelIntegratedComponent:63 - No mode defined for component null
2025-05-09 10:11:55,383 [WARN] ModelIntegratedComponent:63 - No mode defined for component null
2025-05-09 10:11:55,383 [WARN] ModelIntegratedComponent:63 - No mode defined for component null
2025-05-09 10:11:55,383 [WARN] ModelIntegratedComponent:63 - No mode defined for component null
2025-05-09 10:11:55,383 [WARN] ModelIntegratedComponent:63 - No mode defined for component null
2025-05-09 10:11:55,383 [WARN] ModelIntegratedComponent:63 - No mode defined for component null
2025-05-09 10:11:55,383 [WARN] ModelIntegratedComponent:63 - No mode defined for component null
2025-05-09 10:11:55,383 [WARN] ModelIntegratedComponent:63 - No mode defined for component null
2025-05-09 10:11:55,383 [WARN] ModelIntegratedComponent:63 - No mode defined for component null
2025-05-09 10:11:55,383 [WARN] ModelIntegratedComponent:63 - No mode defined for component null
2025-05-09 10:11:55,383 [WARN] ModelIntegratedComponent:63 - No mode defined for component null
2025-05-09 10:11:55,465 [WARN] ModelIntegratedComponent:182 - Modes not found for component STMicroelectronics:USB_DEVICE:1.0.0:STMicroelectronics:USB::USB Device:Audio HS::1.0:USB_DEVICE_1_0_RESTRICTED_HS
2025-05-09 10:11:55,465 [WARN] ModelIntegratedComponent:188 - Modes not found for component STMicroelectronics:USB_DEVICE:1.0.0:STMicroelectronics:USB::USB Device:Audio HS::1.0:USB_DEVICE_1_0_RESTRICTED_HS
2025-05-09 10:11:55,465 [WARN] ModelIntegratedComponent:182 - Modes not found for component STMicroelectronics:USB_DEVICE:1.0.0:STMicroelectronics:USB::USB Device:CDC HS::1.0:USB_DEVICE_1_0_RESTRICTED_HS
2025-05-09 10:11:55,466 [WARN] ModelIntegratedComponent:188 - Modes not found for component STMicroelectronics:USB_DEVICE:1.0.0:STMicroelectronics:USB::USB Device:CDC HS::1.0:USB_DEVICE_1_0_RESTRICTED_HS
2025-05-09 10:11:55,466 [WARN] ModelIntegratedComponent:182 - Modes not found for component STMicroelectronics:USB_DEVICE:1.0.0:STMicroelectronics:USB::USB Device:DFU HS::1.0:USB_DEVICE_1_0_RESTRICTED_HS
2025-05-09 10:11:55,466 [WARN] ModelIntegratedComponent:188 - Modes not found for component STMicroelectronics:USB_DEVICE:1.0.0:STMicroelectronics:USB::USB Device:DFU HS::1.0:USB_DEVICE_1_0_RESTRICTED_HS
2025-05-09 10:11:55,466 [WARN] ModelIntegratedComponent:182 - Modes not found for component STMicroelectronics:USB_DEVICE:1.0.0:STMicroelectronics:USB::USB Device:HID HS::1.0:USB_DEVICE_1_0_RESTRICTED_HS
2025-05-09 10:11:55,466 [WARN] ModelIntegratedComponent:188 - Modes not found for component STMicroelectronics:USB_DEVICE:1.0.0:STMicroelectronics:USB::USB Device:HID HS::1.0:USB_DEVICE_1_0_RESTRICTED_HS
2025-05-09 10:11:55,466 [WARN] ModelIntegratedComponent:182 - Modes not found for component STMicroelectronics:USB_DEVICE:1.0.0:STMicroelectronics:USB::USB Device:Custom HID HS::1.0:USB_DEVICE_1_0_RESTRICTED_HS
2025-05-09 10:11:55,466 [WARN] ModelIntegratedComponent:188 - Modes not found for component STMicroelectronics:USB_DEVICE:1.0.0:STMicroelectronics:USB::USB Device:Custom HID HS::1.0:USB_DEVICE_1_0_RESTRICTED_HS
2025-05-09 10:11:55,466 [WARN] ModelIntegratedComponent:182 - Modes not found for component STMicroelectronics:USB_DEVICE:1.0.0:STMicroelectronics:USB::USB Device:MSC HS::1.0:USB_DEVICE_1_0_RESTRICTED_HS
2025-05-09 10:11:55,466 [WARN] ModelIntegratedComponent:188 - Modes not found for component STMicroelectronics:USB_DEVICE:1.0.0:STMicroelectronics:USB::USB Device:MSC HS::1.0:USB_DEVICE_1_0_RESTRICTED_HS
2025-05-09 10:11:55,590 [WARN] ModelIntegratedComponent:182 - Modes not found for component STMicroelectronics:USB_HOST:1.0.0:STMicroelectronics:USB::USB Host:Audio HS::1.0:USB_HOST_1_0_RESTRICTED_HS
2025-05-09 10:11:55,590 [WARN] ModelIntegratedComponent:188 - Modes not found for component STMicroelectronics:USB_HOST:1.0.0:STMicroelectronics:USB::USB Host:Audio HS::1.0:USB_HOST_1_0_RESTRICTED_HS
2025-05-09 10:11:55,590 [WARN] ModelIntegratedComponent:182 - Modes not found for component STMicroelectronics:USB_HOST:1.0.0:STMicroelectronics:USB::USB Host:CDC HS::1.0:USB_HOST_1_0_RESTRICTED_HS
2025-05-09 10:11:55,590 [WARN] ModelIntegratedComponent:188 - Modes not found for component STMicroelectronics:USB_HOST:1.0.0:STMicroelectronics:USB::USB Host:CDC HS::1.0:USB_HOST_1_0_RESTRICTED_HS
2025-05-09 10:11:55,590 [WARN] ModelIntegratedComponent:182 - Modes not found for component STMicroelectronics:USB_HOST:1.0.0:STMicroelectronics:USB::USB Host:MSC HS::1.0:USB_HOST_1_0_RESTRICTED_HS
2025-05-09 10:11:55,590 [WARN] ModelIntegratedComponent:188 - Modes not found for component STMicroelectronics:USB_HOST:1.0.0:STMicroelectronics:USB::USB Host:MSC HS::1.0:USB_HOST_1_0_RESTRICTED_HS
2025-05-09 10:11:55,590 [WARN] ModelIntegratedComponent:182 - Modes not found for component STMicroelectronics:USB_HOST:1.0.0:STMicroelectronics:USB::USB Host:HID HS::1.0:USB_HOST_1_0_RESTRICTED_HS
2025-05-09 10:11:55,590 [WARN] ModelIntegratedComponent:188 - Modes not found for component STMicroelectronics:USB_HOST:1.0.0:STMicroelectronics:USB::USB Host:HID HS::1.0:USB_HOST_1_0_RESTRICTED_HS
2025-05-09 10:11:55,590 [WARN] ModelIntegratedComponent:182 - Modes not found for component STMicroelectronics:USB_HOST:1.0.0:STMicroelectronics:USB::USB Host:MTP HS::1.0:USB_HOST_1_0_RESTRICTED_HS
2025-05-09 10:11:55,590 [WARN] ModelIntegratedComponent:188 - Modes not found for component STMicroelectronics:USB_HOST:1.0.0:STMicroelectronics:USB::USB Host:MTP HS::1.0:USB_HOST_1_0_RESTRICTED_HS
2025-05-09 10:11:55,686 [INFO] ThirdPartyModel:298 - Start build external matchings
2025-05-09 10:11:58,260 [INFO] ThirdPartyModel:316 - End build external matchings
2025-05-09 10:11:58,311 [INFO] ImportTextPane:194 - (OptionalMessage_ERROR) IP (RCC) : Parameter (RTCHSEDivFreq_Value) has invalid value (12500000)
2025-05-09 10:11:58,566 [INFO] UtilMem:75 - End LoadConfig() Used Memory: 200197512 Bytes (340787200)
2025-05-09 10:11:58,761 [INFO] ApiDb:581 - Connected to CubeFinder SQLite database (C:\Users\msi1\.stmcufinder\plugins\mcufinder\mcu\cube-finder-db.db)
2025-05-09 10:11:58,887 [INFO] ApiDb:668 - CubeFinder database Data Model version=2.1
2025-05-09 10:11:58,887 [INFO] ApiDb:669 - CubeFinder database Configuration version=3.0.39
2025-05-09 10:11:58,887 [INFO] ApiDb:670 - CubeFinder database generation date=2025-04-23 (1745419778)
2025-05-09 10:11:58,888 [INFO] ApiDb:671 - CubeFinder database FW Pack versions=[FP-ATR-ASTRA1_V2.0.0, FP-SNS-FLIGHT1_V5.1.0, FP-SNS-MOTENV1_V5.0.0, FP-SNS-MOTENVWB1_V1.4.0, FP-SNS-SMARTAG2_V1.2.0, FP-SNS-STBOX1_V2.0.0, STM32Cube_FW_C0_V1.4.0, STM32Cube_FW_F4_V1.28.1, STM32Cube_FW_F7_V1.17.2, STM32Cube_FW_G0_V1.6.2, STM32Cube_FW_G4_V1.6.1, STM32Cube_FW_H5_V1.5.0, STM32Cube_FW_H7RS_V1.2.0, STM32Cube_FW_H7_V1.12.1, STM32Cube_FW_L0_V1.12.2, STM32Cube_FW_L4_V1.18.1, STM32Cube_FW_L5_V1.5.1, STM32Cube_FW_N6_V1.1.1, STM32Cube_FW_U0_V1.2.0, STM32Cube_FW_U3_V1.1.0, STM32Cube_FW_U5_V1.7.0, STM32Cube_FW_WB0_V1.2.0, STM32Cube_FW_WBA_V1.6.0, STM32Cube_FW_WB_V1.22.0, STM32Cube_FW_WL3_V1.1.0, STM32Cube_FW_WL_V1.3.1, X-CUBE-ALGOBUILD_V1.4.0, X-CUBE-ALS_V1.0.2, X-CUBE-AZRTOS-F4_V1.1.0, X-CUBE-AZRTOS-F7_V1.1.0, X-CUBE-AZRTOS-G0_V1.1.0, X-CUBE-AZRTOS-G4_V2.0.0, X-CUBE-AZRTOS-H7RS_V1.1.0, X-CUBE-AZRTOS-H7_V3.3.0, X-CUBE-AZRTOS-L4_V2.0.0, X-CUBE-AZRTOS-L5_V2.0.0, X-CUBE-AZRTOS-WB_V2.0.0, X-CUBE-AZRTOS-WL_V2.0.0, X-CUBE-BLE1_V7.1.0, X-CUBE-BLE2_V3.3.0, X-CUBE-BLEMGR_V4.0.0, X-CUBE-EEPRMA1_V5.1.0, X-CUBE-FREERTOS_V1.3.0, X-CUBE-GNSS1_V6.0.0, X-CUBE-MEMS1_V11.2.0, X-CUBE-NFC4_V3.0.0, X-CUBE-NFC7_V1.0.1, X-CUBE-SFXS2LP1_V4.0.0, X-CUBE-SUBG2_V5.0.0, X-CUBE-TOF1_V3.4.3]
2025-05-09 10:12:02,197 [INFO] ApiDb:240 - Found 323 in-development CPN: [B-G473E-ZEST1S, B-WB1M-WPAN1, B-WL5M-SUBG1, NUCLEO-C031C6, NUCLEO-H503RB, NUCLEO-H563ZI, NUCLEO-U545RE-Q, NUCLEO-U5A5ZJ-Q, NUCLEO-WBA52CG, STEVAL-PROTEUS1, STEVAL-SMARTAG2, STEVAL-STWINBX1, STM320518-EVAL, STM32C0116-DK, STM32C011D6Y3TR, STM32C011D6Y6TR, STM32C011F4P3, STM32C011F4P6, STM32C011F4U3, STM32C011F4U6TR, STM32C011F6P3, STM32C011F6P6, STM32C011F6U3, STM32C011F6U6TR, STM32C011J4M3, STM32C011J4M6, STM32C011J6M3, STM32C011J6M6, STM32C0316-DK, STM32C031C4T3, STM32C031C4T6, STM32C031C4U3, STM32C031C4U6, STM32C031C6T3, STM32C031C6T6, STM32C031C6U3, STM32C031C6U6, STM32C031F4P3, STM32C031F4P6, STM32C031F6P3, STM32C031F6P6, STM32C031G4U3, STM32C031G4U6, STM32C031G6U3, STM32C031G6U6, STM32C031K4T3, STM32C031K4T6, STM32C031K4U3, STM32C031K4U6, STM32C031K6T3, STM32C031K6T6, STM32C031K6U3, STM32C031K6U6, STM32G071K8TXN, STM32G071K8UXN, STM32G081GBU6N, STM32G081KBT6N, STM32G081KBUXN, STM32G0B1CCT6N, STM32G0B1KCT6, STM32G0B1NEY6TR, STM32G0B1RCT6N, STM32G0C1CCT6, STM32G0C1CCT6N, STM32G0C1CCU6N, STM32G0C1CET6N, STM32G0C1CEU6N, STM32G0C1KCT6, STM32G0C1NEY6TR, STM32G0C1RCI6N, STM32G0C1RCT6N, STM32G0C1REI6N, STM32G0C1RET6N, STM32G0C1VCI6, STM32G0C1VEI6, STM32G471CCT6, STM32G471CCU6, STM32G471CET3, STM32G471CET6, STM32G471CEU3, STM32G471CEU6, STM32G471MCT6, STM32G471MET3, STM32G471MET6, STM32G471MEY6TR, STM32G471QCT6, STM32G471QET3, STM32G471RCT6, STM32G471RET3, STM32G471RET6, STM32G471VCH6, STM32G471VCI6, STM32G471VCT6, STM32G471VEH3, STM32G471VEH6, STM32G471VEI3, STM32G471VEI6, STM32G471VET3, STM32G471VET6, STM32G474CCT6, STM32H503CBT6, STM32H503CBU6, STM32H503EBY6TR, STM32H503KBU6, STM32H503RBT6, STM32H562AGI6, STM32H562AII6, STM32H562IGK6, STM32H562IGT6, STM32H562IIK6, STM32H562IIT6, STM32H562RGT6, STM32H562RGV6, STM32H562RIT6, STM32H562RIV6, STM32H562VGT6, STM32H562VIT6, STM32H562ZGT6, STM32H562ZIT6, STM32H563AGI6, STM32H563AII3Q, STM32H563AII6, STM32H563IGK6, STM32H563IGT6, STM32H563IIK3Q, STM32H563IIK6, STM32H563IIT3Q, STM32H563IIT6, STM32H563MIY3QTR, STM32H563RGT6, STM32H563RGV6, STM32H563RIT6, STM32H563RIV6, STM32H563VGT6, STM32H563VIT3Q, STM32H563VIT6, STM32H563ZGT6, STM32H563ZIT3Q, STM32H563ZIT6, STM32H573AII3Q, STM32H573AII6, STM32H573I-DK, STM32H573IIK3Q, STM32H573IIK6, STM32H573IIT3Q, STM32H573IIT6, STM32H573MIY3QTR, STM32H573RIT6, STM32H573RIV6, STM32H573VIT3Q, STM32H573VIT6, STM32H573ZIT3Q, STM32H573ZIT6, STM32L4R5QGI6STR, STM32MP131AAE3, STM32MP131AAF3, STM32MP131AAG3, STM32MP131CAE3, STM32MP131CAF3, STM32MP131CAG3, STM32MP131DAE7, STM32MP131DAF7, STM32MP131DAG7, STM32MP131FAE7, STM32MP131FAF7, STM32MP131FAG7, STM32MP133AAE3, STM32MP133AAF3, STM32MP133AAG3, STM32MP133CAE3, STM32MP133CAF3, STM32MP133CAG3, STM32MP133DAE7, STM32MP133DAF7, STM32MP133DAG7, STM32MP133FAE7, STM32MP133FAF7, STM32MP133FAG7, STM32MP135AAE3, STM32MP135AAF3, STM32MP135AAG3, STM32MP135CAE3, STM32MP135CAF3, STM32MP135CAG3, STM32MP135DAE7, STM32MP135DAF7, STM32MP135DAG7, STM32MP135F-DK, STM32MP135FAE7, STM32MP135FAF7, STM32MP135FAF7T, STM32MP135FAF7U, STM32MP135FAG7, STM32U535CBT6, STM32U535CBT6Q, STM32U535CBU6, STM32U535CBU6Q, STM32U535CCT6, STM32U535CCT6Q, STM32U535CCU6, STM32U535CCU6Q, STM32U535CET6, STM32U535CET6Q, STM32U535CEU6, STM32U535CEU6Q, STM32U535JEY6QTR, STM32U535NCY6QTR, STM32U535NEY6QTR, STM32U535RBI6, STM32U535RBI6Q, STM32U535RBT6, STM32U535RBT6Q, STM32U535RCI6, STM32U535RCI6Q, STM32U535RCT6, STM32U535RCT6Q, STM32U535REI6, STM32U535REI6Q, STM32U535RET6, STM32U535RET6Q, STM32U535VCI6, STM32U535VCI6Q, STM32U535VCT6, STM32U535VCT6Q, STM32U535VEI6, STM32U535VEI6Q, STM32U535VET6, STM32U535VET6Q, STM32U545CET6, STM32U545CET6Q, STM32U545CEU6, STM32U545CEU6Q, STM32U545JEY6QTR, STM32U545NEY6QTR, STM32U545REI6, STM32U545REI6Q, STM32U545RET6, STM32U545RET6Q, STM32U545VEI6, STM32U545VEI6Q, STM32U545VET6, STM32U545VET6Q, STM32U595AIH6, STM32U595AIH6Q, STM32U595AJH6, STM32U595AJH6Q, STM32U595QII6, STM32U595QII6Q, STM32U595QJI6, STM32U595QJI6Q, STM32U595RIT6, STM32U595RIT6Q, STM32U595RJT6, STM32U595RJT6Q, STM32U595VIT6, STM32U595VIT6Q, STM32U595VJT6, STM32U595VJT6Q, STM32U595ZIT6, STM32U595ZIT6Q, STM32U595ZIY6QTR, STM32U595ZJT6, STM32U595ZJT6Q, STM32U595ZJY6QTR, STM32U599BJY6QTR, STM32U599NIH6Q, STM32U599NJH6Q, STM32U599VIT6Q, STM32U599VJT6, STM32U599VJT6Q, STM32U599ZIT6Q, STM32U599ZIY6QTR, STM32U599ZJT6Q, STM32U599ZJY6QTR, STM32U5A5AJH6, STM32U5A5AJH6Q, STM32U5A5QJI6, STM32U5A5QJI6Q, STM32U5A5RJT6, STM32U5A5RJT6Q, STM32U5A5VJT6, STM32U5A5VJT6Q, STM32U5A5ZJT6, STM32U5A5ZJT6Q, STM32U5A5ZJY6QTR, STM32U5A9BJY6QTR, STM32U5A9J-DK, STM32U5A9NJH6Q, STM32U5A9VJT6Q, STM32U5A9ZJT6Q, STM32U5A9ZJY6QTR, STM32U5F7VIT6, STM32U5F7VIT6Q, STM32U5F7VJT6, STM32U5F7VJT6Q, STM32U5F9BJY6QTR, STM32U5F9NJH6Q, STM32U5F9VIT6Q, STM32U5F9VJT6Q, STM32U5F9ZIJ6QTR, STM32U5F9ZIT6Q, STM32U5F9ZJJ6QTR, STM32U5F9ZJT6Q, STM32U5G7VJT6, STM32U5G7VJT6Q, STM32U5G9BJY6QTR, STM32U5G9J-DK1, STM32U5G9J-DK2, STM32U5G9NJH6Q, STM32U5G9VJT6Q, STM32U5G9ZJJ6QTR, STM32U5G9ZJT6Q, STM32WB1MMCH6, STM32WBA52CEU6, STM32WBA52CEU6T, STM32WBA52CGU6, STM32WBA52CGU6T, STM32WBA52KEU6, STM32WBA52KEU6T, STM32WBA52KGU6, STM32WBA52KGU6T, STM32WL5MOCH6, STM32WL5MOCH6TR]
2025-05-09 10:12:02,204 [INFO] DbMcus:217 - Found 4642 MCUs, 4642 are supported
2025-05-09 10:12:02,222 [INFO] ApiDb:423 - Load user favorites file C:\Users\msi1/.stm32cubeide/favorites.mcus.txt: 4 item(s)
2025-05-09 10:12:02,222 [INFO] ApiDb:427 - User favorites MCUs=[STM32F103CBT6, STM32F303VCT6, STM32F401CCU6, STM32F407VGT6]
2025-05-09 10:12:02,222 [INFO] DbMcus:223 - Set 4 / 4 favorites MCUs
2025-05-09 10:12:02,770 [WARN] ThirdParty:833 - waiting for thirdparty lock release [change project]
2025-05-09 10:12:02,770 [INFO] ThirdParty:835 - entering critical section [change project]
2025-05-09 10:12:02,770 [INFO] ThirdParty:1030 - CMSIS Pack Vendor :STMicroelectronics USBPD 4.1
2025-05-09 10:12:02,770 [INFO] ThirdParty:1030 - CMSIS Pack Vendor :STMicroelectronics X-CUBE-GNSS1 6.0.0
2025-05-09 10:12:02,770 [INFO] ThirdParty:1030 - CMSIS Pack Vendor :STMicroelectronics USB_HOST 2.0.0
2025-05-09 10:12:02,770 [INFO] ThirdParty:1030 - CMSIS Pack Vendor :STMicroelectronics FP-SNS-MOTENVWB1 1.4.0
2025-05-09 10:12:02,770 [INFO] ThirdParty:1030 - CMSIS Pack Vendor :STMicroelectronics X-CUBE-AZRTOS-F4 1.1.0
2025-05-09 10:12:02,770 [INFO] ThirdParty:1030 - CMSIS Pack Vendor :STMicroelectronics LIBJPEG 8.0.0
2025-05-09 10:12:02,770 [INFO] ThirdParty:1030 - CMSIS Pack Vendor :STMicroelectronics FP-ATR-ASTRA1 2.0.2
2025-05-09 10:12:02,771 [INFO] ThirdParty:1030 - CMSIS Pack Vendor :STMicroelectronics FP-ATR-ASTRA1 2.0.1
2025-05-09 10:12:02,771 [INFO] ThirdParty:1030 - CMSIS Pack Vendor :STMicroelectronics X-CUBE-SMBUS 2.1.0
2025-05-09 10:12:02,771 [INFO] ThirdParty:1030 - CMSIS Pack Vendor :STMicroelectronics X-CUBE-WB05N 1.1.0
2025-05-09 10:12:02,771 [INFO] ThirdParty:1030 - CMSIS Pack Vendor :wolfSSL I-CUBE-wolfSSL 5.6.0
2025-05-09 10:12:02,771 [INFO] ThirdParty:1030 - CMSIS Pack Vendor :STMicroelectronics X-CUBE-ISPU 2.1.0
2025-05-09 10:12:02,771 [INFO] ThirdParty:1030 - CMSIS Pack Vendor :STMicroelectronics X-CUBE-FREERTOS 1.2.0
2025-05-09 10:12:02,771 [INFO] ThirdParty:1030 - CMSIS Pack Vendor :STMicroelectronics X-CUBE-TOUCHGFX 4.23.0
2025-05-09 10:12:02,771 [INFO] ThirdParty:1030 - CMSIS Pack Vendor :STMicroelectronics X-CUBE-TOUCHGFX 4.23.2
2025-05-09 10:12:02,771 [INFO] ThirdParty:1030 - CMSIS Pack Vendor :STMicroelectronics X-CUBE-AZRTOS-F7 1.1.0
2025-05-09 10:12:02,771 [INFO] ThirdParty:1030 - CMSIS Pack Vendor :STMicroelectronics X-CUBE-AZRTOS-L5 2.0.0
2025-05-09 10:12:02,771 [INFO] ThirdParty:1030 - CMSIS Pack Vendor :STMicroelectronics USB_DEVICE 2.0.0
2025-05-09 10:12:02,771 [INFO] ThirdParty:1030 - CMSIS Pack Vendor :STMicroelectronics X-CUBE-MEMS1 9.6.0
2025-05-09 10:12:02,771 [INFO] ThirdParty:1030 - CMSIS Pack Vendor :STMicroelectronics X-CUBE-EEPRMA1 4.2.0
2025-05-09 10:12:02,771 [INFO] ThirdParty:1030 - CMSIS Pack Vendor :STMicroelectronics X-CUBE-NFC6 3.1.0
2025-05-09 10:12:02,771 [INFO] ThirdParty:1030 - CMSIS Pack Vendor :ITTIA_DB I-CUBE-ITTIADB 8.8.0
2025-05-09 10:12:02,771 [INFO] ThirdParty:1030 - CMSIS Pack Vendor :STMicroelectronics FP-SNS-MOTENV1 4.3.0
2025-05-09 10:12:02,771 [INFO] ThirdParty:1030 - CMSIS Pack Vendor :STMicroelectronics FP-SNS-MOTENV1 4.3.2
2025-05-09 10:12:02,771 [INFO] ThirdParty:1030 - CMSIS Pack Vendor :STMicroelectronics FP-SNS-FLIGHT1 5.0.0
2025-05-09 10:12:02,771 [INFO] ThirdParty:1030 - CMSIS Pack Vendor :STMicroelectronics X-CUBE-BLE1 6.2.4
2025-05-09 10:12:02,771 [INFO] ThirdParty:1030 - CMSIS Pack Vendor :STMicroelectronics FreeRTOS 0.0.1
2025-05-09 10:12:02,772 [INFO] ThirdParty:1030 - CMSIS Pack Vendor :emotas I-CUBE-CANOPEN 1.1.3
2025-05-09 10:12:02,772 [INFO] ThirdParty:1030 - CMSIS Pack Vendor :STMicroelectronics X-CUBE-BLEMGR 2.0.0
2025-05-09 10:12:02,772 [INFO] ThirdParty:1030 - CMSIS Pack Vendor :STMicroelectronics FP-SNS-FLIGHT1 5.0.2
2025-05-09 10:12:02,772 [INFO] ThirdParty:1030 - CMSIS Pack Vendor :STMicroelectronics X-CUBE-AI 9.0.0
2025-05-09 10:12:02,772 [INFO] ThirdParty:1030 - CMSIS Pack Vendor :STMicroelectronics X-CUBE-AZRTOS-H7 3.1.0
2025-05-09 10:12:02,772 [INFO] ThirdParty:1030 - CMSIS Pack Vendor :STMicroelectronics PDM2PCM 3.3.0
2025-05-09 10:12:02,772 [INFO] ThirdParty:1030 - CMSIS Pack Vendor :STMicroelectronics X-CUBE-DISPLAY 3.0.0
2025-05-09 10:12:02,772 [INFO] ThirdParty:1030 - CMSIS Pack Vendor :STMicroelectronics X-CUBE-BLE1 7.0.0
2025-05-09 10:12:02,772 [INFO] ThirdParty:1030 - CMSIS Pack Vendor :STMicroelectronics X-CUBE-NFC10 1.0.0
2025-05-09 10:12:02,772 [INFO] ThirdParty:1030 - CMSIS Pack Vendor :STMicroelectronics HAL Drivers 0.0.0
2025-05-09 10:12:02,772 [INFO] ThirdParty:1030 - CMSIS Pack Vendor :emotas I-CUBE-CANOPEN 1.3.0
2025-05-09 10:12:02,772 [INFO] ThirdParty:1030 - CMSIS Pack Vendor :STMicroelectronics X-CUBE-FREERTOS 1.3.0
2025-05-09 10:12:02,772 [INFO] ThirdParty:1030 - CMSIS Pack Vendor :STMicroelectronics X-CUBE-TOUCHGFX 4.22.0
2025-05-09 10:12:02,772 [INFO] ThirdParty:1030 - CMSIS Pack Vendor :STMicroelectronics X-CUBE-NFC7 1.0.1
2025-05-09 10:12:02,772 [INFO] ThirdParty:1030 - CMSIS Pack Vendor :STMicroelectronics MBEDTLS 2.14.1
2025-05-09 10:12:02,772 [INFO] ThirdParty:1030 - CMSIS Pack Vendor :STMicroelectronics X-CUBE-NFC7 1.0.0
2025-05-09 10:12:02,772 [INFO] ThirdParty:1030 - CMSIS Pack Vendor :STMicroelectronics X-CUBE-TOUCHGFX 4.22.1
2025-05-09 10:12:02,772 [INFO] ThirdParty:1030 - CMSIS Pack Vendor :wolfSSL I-CUBE-wolfTPM 3.2.0
2025-05-09 10:12:02,772 [INFO] ThirdParty:1030 - CMSIS Pack Vendor :STMicroelectronics X-CUBE-NFC6 3.0.0
2025-05-09 10:12:02,772 [INFO] ThirdParty:1030 - CMSIS Pack Vendor :STMicroelectronics X-CUBE-EEPRMA1 4.1.0
2025-05-09 10:12:02,773 [INFO] ThirdParty:1030 - CMSIS Pack Vendor :STMicroelectronics X-CUBE-BLEMGR 3.1.0
2025-05-09 10:12:02,773 [INFO] ThirdParty:1030 - CMSIS Pack Vendor :STMicroelectronics X-CUBE-AI 10.0.0
2025-05-09 10:12:02,773 [INFO] ThirdParty:1030 - CMSIS Pack Vendor :STMicroelectronics FP-SNS-SMARTAG2 1.2.0
2025-05-09 10:12:02,773 [INFO] ThirdParty:1030 - CMSIS Pack Vendor :STMicroelectronics X-CUBE-MEMS1 11.1.0
2025-05-09 10:12:02,773 [INFO] ThirdParty:1030 - CMSIS Pack Vendor :STMicroelectronics X-CUBE-AZRTOS-WL 2.0.0
2025-05-09 10:12:02,773 [INFO] ThirdParty:1030 - CMSIS Pack Vendor :STMicroelectronics FP-SNS-MOTENV1 5.0.0
2025-05-09 10:12:02,773 [INFO] ThirdParty:1030 - CMSIS Pack Vendor :STMicroelectronics USB_DEVICE 1.0.0
2025-05-09 10:12:02,773 [INFO] ThirdParty:1030 - CMSIS Pack Vendor :STMicroelectronics X-CUBE-AI 8.1.0
2025-05-09 10:12:02,773 [INFO] ThirdParty:1030 - CMSIS Pack Vendor :wolfSSL I-CUBE-wolfMQTT 1.19.0
2025-05-09 10:12:02,773 [INFO] ThirdParty:1030 - CMSIS Pack Vendor :STMicroelectronics X-CUBE-AZRTOS-L4 2.0.0
2025-05-09 10:12:02,773 [INFO] ThirdParty:1030 - CMSIS Pack Vendor :STMicroelectronics ThreadX 0.0.2
2025-05-09 10:12:02,773 [INFO] ThirdParty:1030 - CMSIS Pack Vendor :WES I-CUBE-Cesium 1.3.0
2025-05-09 10:12:02,773 [INFO] ThirdParty:1030 - CMSIS Pack Vendor :STMicroelectronics lwIP 2.1.2
2025-05-09 10:12:02,773 [INFO] ThirdParty:1030 - CMSIS Pack Vendor :STMicroelectronics X-CUBE-SFXS2LP1 4.0.0
2025-05-09 10:12:02,773 [INFO] ThirdParty:1030 - CMSIS Pack Vendor :STMicroelectronics X-CUBE-BLE2 3.3.0
2025-05-09 10:12:02,773 [INFO] ThirdParty:1030 - CMSIS Pack Vendor :STMicroelectronics PDM2PCM 3.2.0
2025-05-09 10:12:02,773 [INFO] ThirdParty:1030 - CMSIS Pack Vendor :STMicroelectronics X-CUBE-ISPU 1.1.0
2025-05-09 10:12:02,773 [INFO] ThirdParty:1030 - CMSIS Pack Vendor :STMicroelectronics X-CUBE-AZRTOS-H7 3.3.0
2025-05-09 10:12:02,773 [INFO] ThirdParty:1030 - CMSIS Pack Vendor :STMicroelectronics X-CUBE-NFC9 1.0.0
2025-05-09 10:12:02,773 [INFO] ThirdParty:1030 - CMSIS Pack Vendor :STMicroelectronics X-CUBE-BLE1 7.1.0
2025-05-09 10:12:02,774 [INFO] ThirdParty:1030 - CMSIS Pack Vendor :STMicroelectronics USB_DEVICE 3.0.0
2025-05-09 10:12:02,774 [INFO] ThirdParty:1030 - CMSIS Pack Vendor :STMicroelectronics X-CUBE-TCPP 4.1.0
2025-05-09 10:12:02,774 [INFO] ThirdParty:1030 - CMSIS Pack Vendor :STMicroelectronics X-CUBE-AZRTOS-WB 2.0.0
2025-05-09 10:12:02,774 [INFO] ThirdParty:1030 - CMSIS Pack Vendor :STMicroelectronics X-CUBE-FREERTOS 1.0.1
2025-05-09 10:12:02,774 [INFO] ThirdParty:1030 - CMSIS Pack Vendor :STMicroelectronics X-CUBE-GNSS1 7.0.1
2025-05-09 10:12:02,774 [INFO] ThirdParty:1030 - CMSIS Pack Vendor :STMicroelectronics X-CUBE-TOUCHGFX 4.21.4
2025-05-09 10:12:02,774 [INFO] ThirdParty:1030 - CMSIS Pack Vendor :STMicroelectronics X-CUBE-TOUCHGFX 4.25.0
2025-05-09 10:12:02,774 [INFO] ThirdParty:1030 - CMSIS Pack Vendor :STMicroelectronics X-CUBE-ALGOBUILD 1.3.0
2025-05-09 10:12:02,774 [INFO] ThirdParty:1030 - CMSIS Pack Vendor :STMicroelectronics X-CUBE-AZRTOS-L5 1.1.0
2025-05-09 10:12:02,774 [INFO] ThirdParty:1030 - CMSIS Pack Vendor :STMicroelectronics X-CUBE-MEMS1 11.2.0
2025-05-09 10:12:02,774 [INFO] ThirdParty:1030 - CMSIS Pack Vendor :STMicroelectronics X-CUBE-AZRTOS-G0 1.1.0
2025-05-09 10:12:02,774 [INFO] ThirdParty:1030 - CMSIS Pack Vendor :STMicroelectronics X-CUBE-AI 8.0.1
2025-05-09 10:12:02,774 [INFO] ThirdParty:1030 - CMSIS Pack Vendor :STMicroelectronics X-CUBE-SAFEA1 1.2.2
2025-05-09 10:12:02,774 [INFO] ThirdParty:1030 - CMSIS Pack Vendor :STMicroelectronics X-CUBE-NFC4 3.0.0
2025-05-09 10:12:02,774 [INFO] ThirdParty:1030 - CMSIS Pack Vendor :STMicroelectronics X-CUBE-SUBG2 5.0.0
2025-05-09 10:12:02,774 [INFO] ThirdParty:1030 - CMSIS Pack Vendor :STMicroelectronics X-CUBE-AZRTOS-H7RS 1.1.0
2025-05-09 10:12:02,774 [INFO] ThirdParty:1030 - CMSIS Pack Vendor :STMicroelectronics STM32_WPAN 1.0.0
2025-05-09 10:12:02,774 [INFO] ThirdParty:1030 - CMSIS Pack Vendor :wolfSSL I-CUBE-wolfMQTT 1.18.0
2025-05-09 10:12:02,774 [INFO] ThirdParty:1030 - CMSIS Pack Vendor :STMicroelectronics lwIP 2.0.3
2025-05-09 10:12:02,774 [INFO] ThirdParty:1030 - CMSIS Pack Vendor :Cesanta I-CUBE-Mongoose 7.13.0
2025-05-09 10:12:02,774 [INFO] ThirdParty:1030 - CMSIS Pack Vendor :STMicroelectronics USB_HOST 1.0.0
2025-05-09 10:12:02,774 [INFO] ThirdParty:1030 - CMSIS Pack Vendor :STMicroelectronics X-CUBE-TOF1 3.3.1
2025-05-09 10:12:02,774 [INFO] ThirdParty:1030 - CMSIS Pack Vendor :STMicroelectronics X-CUBE-AZRTOS-G4 2.0.0
2025-05-09 10:12:02,775 [INFO] ThirdParty:1030 - CMSIS Pack Vendor :STMicroelectronics X-CUBE-WB05N 2.0.0
2025-05-09 10:12:02,775 [INFO] ThirdParty:1030 - CMSIS Pack Vendor :STMicroelectronics PDM2PCM 3.1.0
2025-05-09 10:12:02,775 [INFO] ThirdParty:1030 - CMSIS Pack Vendor :STMicroelectronics X-CUBE-TOF1 3.3.0
2025-05-09 10:12:02,775 [INFO] ThirdParty:1030 - CMSIS Pack Vendor :Infineon AIROC-Wi-Fi-Bluetooth-STM32 1.5.1
2025-05-09 10:12:02,775 [INFO] ThirdParty:1030 - CMSIS Pack Vendor :STMicroelectronics X-CUBE-BLEMGR 3.0.0
2025-05-09 10:12:02,775 [INFO] ThirdParty:1030 - CMSIS Pack Vendor :STMicroelectronics FP-SNS-MOTENVWB1 1.3.0
2025-05-09 10:12:02,775 [INFO] ThirdParty:1030 - CMSIS Pack Vendor :STMicroelectronics X-CUBE-NFC7 2.0.0
2025-05-09 10:12:02,775 [INFO] ThirdParty:1030 - CMSIS Pack Vendor :STMicroelectronics FP-SNS-MOTENVWB1 1.3.1
2025-05-09 10:12:02,775 [INFO] ThirdParty:1030 - CMSIS Pack Vendor :STMicroelectronics FP-ATR-SIGFOX1 3.2.0
2025-05-09 10:12:02,775 [INFO] ThirdParty:1030 - CMSIS Pack Vendor :STMicroelectronics X-CUBE-AZRTOS-L4 1.0.0
2025-05-09 10:12:02,775 [INFO] ThirdParty:1030 - CMSIS Pack Vendor :STMicroelectronics X-CUBE-ISPU 2.0.0
2025-05-09 10:12:02,775 [INFO] ThirdParty:1030 - CMSIS Pack Vendor :STMicroelectronics X-CUBE-EEPRMA1 5.1.0
2025-05-09 10:12:02,775 [INFO] ThirdParty:1030 - CMSIS Pack Vendor :STMicroelectronics MBEDTLS 2.16.2
2025-05-09 10:12:02,775 [INFO] ThirdParty:1030 - CMSIS Pack Vendor :STMicroelectronics X-CUBE-ALS 1.0.2
2025-05-09 10:12:02,775 [INFO] ThirdParty:1030 - CMSIS Pack Vendor :STMicroelectronics X-CUBE-MEMS1 10.0.0
2025-05-09 10:12:02,776 [INFO] ThirdParty:1030 - CMSIS Pack Vendor :STMicroelectronics X-CUBE-FREERTOS 1.1.0
2025-05-09 10:12:02,776 [INFO] ThirdParty:1030 - CMSIS Pack Vendor :wolfSSL I-CUBE-wolfSSL 5.7.6
2025-05-09 10:12:02,776 [INFO] ThirdParty:1030 - CMSIS Pack Vendor :STMicroelectronics X-CUBE-TOUCHGFX 4.24.0
2025-05-09 10:12:02,776 [INFO] ThirdParty:1030 - CMSIS Pack Vendor :ITTIA_DB I-CUBE-ITTIADB 8.9.0
2025-05-09 10:12:02,776 [INFO] ThirdParty:1030 - CMSIS Pack Vendor :STMicroelectronics X-CUBE-TOUCHGFX 4.24.2
2025-05-09 10:12:02,776 [INFO] ThirdParty:1030 - CMSIS Pack Vendor :STMicroelectronics X-CUBE-AZRTOS-WL 1.0.0
2025-05-09 10:12:02,776 [INFO] ThirdParty:1030 - CMSIS Pack Vendor :STMicroelectronics X-CUBE-TOUCHGFX 4.24.1
2025-05-09 10:12:02,776 [INFO] ThirdParty:1030 - CMSIS Pack Vendor :wolfSSL I-CUBE-wolfTPM 3.4.0
2025-05-09 10:12:02,776 [INFO] ThirdParty:1030 - CMSIS Pack Vendor :portGmbH I-Cube-SoM-uGOAL 1.1.0
2025-05-09 10:12:02,776 [INFO] ThirdParty:1030 - CMSIS Pack Vendor :STMicroelectronics X-CUBE-ALS 1.0.1
2025-05-09 10:12:02,776 [INFO] ThirdParty:1030 - CMSIS Pack Vendor :STMicroelectronics ThreadX 1.0.0
2025-05-09 10:12:02,776 [INFO] ThirdParty:1030 - CMSIS Pack Vendor :STMicroelectronics X-CUBE-AZRTOS-WB 1.1.0
2025-05-09 10:12:02,776 [INFO] ThirdParty:1030 - CMSIS Pack Vendor :SEGGER I-CUBE-embOS 1.3.1
2025-05-09 10:12:02,776 [INFO] ThirdParty:1030 - CMSIS Pack Vendor :STMicroelectronics X-CUBE-ALGOBUILD 1.4.0
2025-05-09 10:12:02,776 [INFO] ThirdParty:1030 - CMSIS Pack Vendor :STMicroelectronics X-CUBE-AZRTOS-H7RS 1.0.0
2025-05-09 10:12:02,776 [INFO] ThirdParty:1030 - CMSIS Pack Vendor :STMicroelectronics FP-ATR-ASTRA1 2.0.0
2025-05-09 10:12:02,776 [INFO] ThirdParty:1030 - CMSIS Pack Vendor :STMicroelectronics X-CUBE-AI 9.1.0
2025-05-09 10:12:02,776 [INFO] ThirdParty:1030 - CMSIS Pack Vendor :STMicroelectronics X-CUBE-TOF1 3.4.0
2025-05-09 10:12:02,776 [INFO] ThirdParty:1030 - CMSIS Pack Vendor :STMicroelectronics X-CUBE-TOF1 3.4.1
2025-05-09 10:12:02,777 [INFO] ThirdParty:1030 - CMSIS Pack Vendor :STMicroelectronics X-CUBE-AZRTOS-H7 3.2.0
2025-05-09 10:12:02,777 [INFO] ThirdParty:1030 - CMSIS Pack Vendor :wolfSSL I-CUBE-wolfSSH 1.4.17
2025-05-09 10:12:02,777 [INFO] ThirdParty:841 - exiting critical section [change project]
2025-05-09 10:12:03,106 [INFO] PinOutPanel:1499 - setPackage(No Configuration,No Configuration)
2025-05-09 10:12:03,107 [INFO] PinOutPanel:1499 - setPackage(STM32F401CCUx,UFQFPN48)
2025-05-09 10:12:03,518 [INFO] UtilMem:75 - Before build in PCC Used Memory: 197673352 Bytes (499122176)
2025-05-09 10:12:04,455 [INFO] UtilMem:75 - After build in PCC Used Memory: 258685760 Bytes (499122176)
2025-05-09 10:12:04,491 [INFO] IPUIPlugin:80 - create IPUIPlugin
2025-05-09 10:12:04,492 [INFO] IPUIPlugin:80 - create IPUIPlugin
2025-05-09 10:12:04,492 [INFO] IPUIPlugin:80 - create IPUIPlugin
2025-05-09 10:12:04,492 [INFO] IPUIPlugin:80 - create IPUIPlugin
2025-05-09 10:12:04,492 [INFO] IPUIPlugin:80 - create IPUIPlugin
2025-05-09 10:12:04,493 [INFO] IPUIPlugin:80 - create IPUIPlugin
2025-05-09 10:12:04,493 [INFO] IPUIPlugin:80 - create IPUIPlugin
2025-05-09 10:12:04,493 [INFO] IPUIPlugin:80 - create IPUIPlugin
2025-05-09 10:12:04,493 [INFO] IPUIPlugin:80 - create IPUIPlugin
2025-05-09 10:12:04,493 [INFO] IPUIPlugin:80 - create IPUIPlugin
2025-05-09 10:12:04,494 [INFO] IPUIPlugin:80 - create IPUIPlugin
2025-05-09 10:12:04,494 [INFO] IPUIPlugin:80 - create IPUIPlugin
2025-05-09 10:12:04,494 [INFO] IPUIPlugin:80 - create IPUIPlugin
2025-05-09 10:12:04,494 [INFO] IPUIPlugin:80 - create IPUIPlugin
2025-05-09 10:12:04,495 [INFO] IPUIPlugin:80 - create IPUIPlugin
2025-05-09 10:12:04,495 [INFO] IPUIPlugin:80 - create IPUIPlugin
2025-05-09 10:12:04,495 [INFO] IPUIPlugin:80 - create IPUIPlugin
2025-05-09 10:12:04,495 [INFO] IPUIPlugin:80 - create IPUIPlugin
2025-05-09 10:12:04,496 [INFO] IPUIPlugin:80 - create IPUIPlugin
2025-05-09 10:12:04,496 [INFO] IPUIPlugin:80 - create IPUIPlugin
2025-05-09 10:12:04,496 [INFO] IPUIPlugin:80 - create IPUIPlugin
2025-05-09 10:12:04,496 [INFO] IPUIPlugin:80 - create IPUIPlugin
2025-05-09 10:12:04,496 [INFO] IPUIPlugin:80 - create IPUIPlugin
2025-05-09 10:12:04,496 [INFO] IPUIPlugin:80 - create IPUIPlugin
2025-05-09 10:12:04,497 [INFO] IPUIPlugin:80 - create IPUIPlugin
2025-05-09 10:12:04,497 [INFO] IPUIPlugin:80 - create IPUIPlugin
2025-05-09 10:12:04,497 [INFO] IPUIPlugin:80 - create IPUIPlugin
2025-05-09 10:12:04,498 [INFO] IPUIPlugin:80 - create IPUIPlugin
2025-05-09 10:12:04,498 [INFO] IPUIPlugin:80 - create IPUIPlugin
2025-05-09 10:12:04,499 [INFO] IPUIPlugin:80 - create IPUIPlugin
2025-05-09 10:12:04,499 [INFO] IPUIPlugin:80 - create IPUIPlugin
2025-05-09 10:12:04,500 [INFO] IPUIPlugin:80 - create IPUIPlugin
2025-05-09 10:12:04,500 [INFO] IPUIPlugin:80 - create IPUIPlugin
2025-05-09 10:12:04,500 [INFO] IPUIPlugin:80 - create IPUIPlugin
2025-05-09 10:12:04,501 [INFO] IPUIPlugin:80 - create IPUIPlugin
2025-05-09 10:12:04,501 [INFO] IPUIPlugin:80 - create IPUIPlugin
2025-05-09 10:12:04,502 [INFO] IPUIPlugin:80 - create IPUIPlugin
2025-05-09 10:12:04,632 [INFO] ApiDbMcu:507 - Load IP Config File for PDM2PCM
2025-05-09 10:12:04,878 [INFO] CADModel:165 - CPN selected for project levelSTM32F401CCU6
2025-05-09 10:12:04,878 [INFO] CADModel:114 - Register for checkConnection events
2025-05-09 10:12:04,931 [INFO] OpenFileManager:328 - Restore cursor
2025-05-09 10:13:17,136 [INFO] UtilMem:75 - End SaveConfig() Used Memory: 481706008 Bytes (817889280)
2025-05-09 10:13:17,805 [INFO] BlockDiagram:2759 - set Specific Code input for plugin: NVIC
2025-05-09 10:13:17,805 [INFO] BlockDiagram:2759 - set Specific Code input for plugin: USART
2025-05-09 10:13:17,805 [INFO] BlockDiagram:2759 - set Specific Code input for plugin: SYS
2025-05-09 10:13:17,806 [INFO] BlockDiagram:2759 - set Specific Code input for plugin: GPIO
2025-05-09 10:13:17,806 [INFO] BlockDiagram:2759 - set Specific Code input for plugin: RCC
2025-05-09 10:13:17,807 [INFO] CodeGenerator:799 - code generatio: config db path: D:\ITC\STM32\STM32CubeIDE_1.13.0\STM32CubeIDE\plugins\com.st.stm32cube.common.mx_6.9.0.202307051724\\db\
2025-05-09 10:13:18,126 [INFO] CodeEngine:255 - oldGeneratedFile, D:\AIFARM\STM32_GREENB\stm32f401ccu6_pump\MXTmpFiles\license.tmp_save
2025-05-09 10:13:18,481 [INFO] CodeEngine:279 - Generated code: D:\AIFARM\STM32_GREENB\stm32f401ccu6_pump\MXTmpFiles\license.tmp
2025-05-09 10:13:18,633 [INFO] CodeEngine:255 - oldGeneratedFile, D:\AIFARM\STM32_GREENB\stm32f401ccu6_pump\MXTmpFiles\gpio.tmp_save
2025-05-09 10:13:18,815 [INFO] CodeEngine:279 - Generated code: D:\AIFARM\STM32_GREENB\stm32f401ccu6_pump\MXTmpFiles\gpio.tmp
2025-05-09 10:13:19,052 [INFO] CodeEngine:255 - oldGeneratedFile, D:\AIFARM\STM32_GREENB\stm32f401ccu6_pump\Core\Src\stm32f4xx_it.c_save
2025-05-09 10:13:19,260 [INFO] CodeEngine:279 - Generated code: D:\AIFARM\STM32_GREENB\stm32f401ccu6_pump\Core\Src\stm32f4xx_it.c
2025-05-09 10:13:19,287 [INFO] CodeEngine:255 - oldGeneratedFile, D:\AIFARM\STM32_GREENB\stm32f401ccu6_pump\Core\Inc\stm32f4xx_it.h_save
2025-05-09 10:13:19,373 [INFO] CodeEngine:279 - Generated code: D:\AIFARM\STM32_GREENB\stm32f401ccu6_pump\Core\Inc\stm32f4xx_it.h
2025-05-09 10:13:19,408 [INFO] CodeEngine:255 - oldGeneratedFile, D:\AIFARM\STM32_GREENB\stm32f401ccu6_pump\Core\Src\stm32f4xx_hal_msp.c_save
2025-05-09 10:13:19,557 [INFO] CodeEngine:279 - Generated code: D:\AIFARM\STM32_GREENB\stm32f401ccu6_pump\Core\Src\stm32f4xx_hal_msp.c
2025-05-09 10:13:19,585 [INFO] CodeEngine:255 - oldGeneratedFile, D:\AIFARM\STM32_GREENB\stm32f401ccu6_pump\MXTmpFiles\system.tmp_save
2025-05-09 10:13:19,659 [INFO] CodeEngine:279 - Generated code: D:\AIFARM\STM32_GREENB\stm32f401ccu6_pump\MXTmpFiles\system.tmp
2025-05-09 10:13:19,707 [INFO] CodeEngine:311 - oldGeneratedFile, D:\AIFARM\STM32_GREENB\stm32f401ccu6_pump\Core\Inc\stm32f4xx_hal_conf.h_save
2025-05-09 10:13:19,819 [INFO] CodeEngine:335 - Generated code: D:\AIFARM\STM32_GREENB\stm32f401ccu6_pump\Core\Inc\stm32f4xx_hal_conf.h
2025-05-09 10:13:19,897 [INFO] CodeEngine:255 - oldGeneratedFile, D:\AIFARM\STM32_GREENB\stm32f401ccu6_pump\Core\Inc\main.h_save
2025-05-09 10:13:20,023 [INFO] CodeEngine:279 - Generated code: D:\AIFARM\STM32_GREENB\stm32f401ccu6_pump\Core\Inc\main.h
2025-05-09 10:13:20,051 [INFO] CodeEngine:255 - oldGeneratedFile, D:\AIFARM\STM32_GREENB\stm32f401ccu6_pump\Core\Src\main.c_save
2025-05-09 10:13:20,235 [INFO] CodeEngine:279 - Generated code: D:\AIFARM\STM32_GREENB\stm32f401ccu6_pump\Core\Src\main.c
2025-05-09 10:13:21,047 [INFO] ProjectBuilder:3064 - Time for Copy HAL[1] : 248mS.
2025-05-09 10:13:21,051 [INFO] ProjectBuilder:4404 - Project Generator version: 4.1.0
2025-05-09 10:13:21,341 [INFO] ConfigFileManager:1457 - The Die is : DIE423
2025-05-09 10:13:21,361 [INFO] ApiDbMcu:507 - Load IP Config File for FATFS
2025-05-09 10:13:21,383 [INFO] ApiDbMcu:507 - Load IP Config File for FREERTOS
2025-05-09 10:13:21,404 [INFO] ApiDbMcu:507 - Load IP Config File for LIBJPEG
2025-05-09 10:13:21,428 [INFO] ApiDbMcu:507 - Load IP Config File for MBEDTLS
2025-05-09 10:13:21,449 [INFO] ApiDbMcu:507 - Load IP Config File for USB_DEVICE
2025-05-09 10:13:21,463 [INFO] ApiDbMcu:507 - Load IP Config File for USB_HOST
2025-05-09 10:13:22,586 [INFO] LogOutputStream:77 - [STDOUT_REDIRECT] 
2025-05-09 10:13:24,414 [INFO] ProjectBuilder:4626 - Time for Generating toolchain IDE Files: 3363mS.
2025-05-09 10:13:24,415 [INFO] ProjectBuilder:2935 - Time for Copy CMSIS : 1mS.
2025-05-09 10:13:24,417 [INFO] ProjectBuilder:2935 - Time for Copy CMSIS : 0mS.
2025-05-09 10:18:24,024 [INFO] UtilMem:75 - End SaveConfig() Used Memory: 793787992 Bytes (1073741824)
2025-05-09 10:18:24,312 [INFO] BlockDiagram:2759 - set Specific Code input for plugin: NVIC
2025-05-09 10:18:24,312 [INFO] BlockDiagram:2759 - set Specific Code input for plugin: USART
2025-05-09 10:18:24,312 [INFO] BlockDiagram:2759 - set Specific Code input for plugin: SYS
2025-05-09 10:18:24,313 [INFO] BlockDiagram:2759 - set Specific Code input for plugin: GPIO
2025-05-09 10:18:24,313 [INFO] BlockDiagram:2759 - set Specific Code input for plugin: RCC
2025-05-09 10:18:24,314 [INFO] CodeGenerator:799 - code generatio: config db path: D:\ITC\STM32\STM32CubeIDE_1.13.0\STM32CubeIDE\plugins\com.st.stm32cube.common.mx_6.9.0.202307051724\\db\
2025-05-09 10:18:24,417 [INFO] CodeEngine:255 - oldGeneratedFile, D:\AIFARM\STM32_GREENB\stm32f401ccu6_pump\MXTmpFiles\license.tmp_save
2025-05-09 10:18:24,509 [INFO] CodeEngine:279 - Generated code: D:\AIFARM\STM32_GREENB\stm32f401ccu6_pump\MXTmpFiles\license.tmp
2025-05-09 10:18:24,573 [INFO] CodeEngine:255 - oldGeneratedFile, D:\AIFARM\STM32_GREENB\stm32f401ccu6_pump\MXTmpFiles\gpio.tmp_save
2025-05-09 10:18:24,667 [INFO] CodeEngine:279 - Generated code: D:\AIFARM\STM32_GREENB\stm32f401ccu6_pump\MXTmpFiles\gpio.tmp
2025-05-09 10:18:24,717 [INFO] CodeEngine:255 - oldGeneratedFile, D:\AIFARM\STM32_GREENB\stm32f401ccu6_pump\Core\Src\stm32f4xx_it.c_save
2025-05-09 10:18:24,821 [INFO] CodeEngine:279 - Generated code: D:\AIFARM\STM32_GREENB\stm32f401ccu6_pump\Core\Src\stm32f4xx_it.c
2025-05-09 10:18:24,827 [INFO] CodeEngine:255 - oldGeneratedFile, D:\AIFARM\STM32_GREENB\stm32f401ccu6_pump\Core\Inc\stm32f4xx_it.h_save
2025-05-09 10:18:24,887 [INFO] CodeEngine:279 - Generated code: D:\AIFARM\STM32_GREENB\stm32f401ccu6_pump\Core\Inc\stm32f4xx_it.h
2025-05-09 10:18:24,904 [INFO] CodeEngine:255 - oldGeneratedFile, D:\AIFARM\STM32_GREENB\stm32f401ccu6_pump\Core\Src\stm32f4xx_hal_msp.c_save
2025-05-09 10:18:24,986 [INFO] CodeEngine:279 - Generated code: D:\AIFARM\STM32_GREENB\stm32f401ccu6_pump\Core\Src\stm32f4xx_hal_msp.c
2025-05-09 10:18:24,990 [INFO] CodeEngine:255 - oldGeneratedFile, D:\AIFARM\STM32_GREENB\stm32f401ccu6_pump\MXTmpFiles\system.tmp_save
2025-05-09 10:18:25,040 [INFO] CodeEngine:279 - Generated code: D:\AIFARM\STM32_GREENB\stm32f401ccu6_pump\MXTmpFiles\system.tmp
2025-05-09 10:18:25,060 [INFO] CodeEngine:311 - oldGeneratedFile, D:\AIFARM\STM32_GREENB\stm32f401ccu6_pump\Core\Inc\stm32f4xx_hal_conf.h_save
2025-05-09 10:18:25,142 [INFO] CodeEngine:335 - Generated code: D:\AIFARM\STM32_GREENB\stm32f401ccu6_pump\Core\Inc\stm32f4xx_hal_conf.h
2025-05-09 10:18:25,189 [INFO] CodeEngine:255 - oldGeneratedFile, D:\AIFARM\STM32_GREENB\stm32f401ccu6_pump\Core\Inc\main.h_save
2025-05-09 10:18:25,260 [INFO] CodeEngine:279 - Generated code: D:\AIFARM\STM32_GREENB\stm32f401ccu6_pump\Core\Inc\main.h
2025-05-09 10:18:25,278 [INFO] CodeEngine:255 - oldGeneratedFile, D:\AIFARM\STM32_GREENB\stm32f401ccu6_pump\Core\Src\main.c_save
2025-05-09 10:18:25,359 [INFO] CodeEngine:279 - Generated code: D:\AIFARM\STM32_GREENB\stm32f401ccu6_pump\Core\Src\main.c
2025-05-09 10:18:26,017 [INFO] ProjectBuilder:3064 - Time for Copy HAL[1] : 224mS.
2025-05-09 10:18:26,020 [INFO] ProjectBuilder:4404 - Project Generator version: 4.1.0
2025-05-09 10:18:26,227 [INFO] ConfigFileManager:1457 - The Die is : DIE423
2025-05-09 10:18:27,620 [INFO] ProjectBuilder:4626 - Time for Generating toolchain IDE Files: 1600mS.
2025-05-09 10:18:27,620 [INFO] ProjectBuilder:2935 - Time for Copy CMSIS : 0mS.
2025-05-09 10:18:27,622 [INFO] ProjectBuilder:2935 - Time for Copy CMSIS : 0mS.
2025-05-09 10:24:13,652 [INFO] UtilMem:75 - End SaveConfig() Used Memory: 694146216 Bytes (1073741824)
2025-05-09 10:24:13,726 [INFO] UtilMem:75 - End SaveConfig() Used Memory: 709044512 Bytes (1073741824)
2025-05-09 10:24:14,151 [INFO] UtilMem:75 - End SaveConfig() Used Memory: 739777488 Bytes (1073741824)
2025-05-09 10:24:14,385 [INFO] BlockDiagram:2759 - set Specific Code input for plugin: NVIC
2025-05-09 10:24:14,385 [INFO] BlockDiagram:2759 - set Specific Code input for plugin: USART
2025-05-09 10:24:14,385 [INFO] BlockDiagram:2759 - set Specific Code input for plugin: SYS
2025-05-09 10:24:14,386 [INFO] BlockDiagram:2759 - set Specific Code input for plugin: GPIO
2025-05-09 10:24:14,386 [INFO] BlockDiagram:2759 - set Specific Code input for plugin: RCC
2025-05-09 10:24:14,387 [INFO] CodeGenerator:799 - code generatio: config db path: D:\ITC\STM32\STM32CubeIDE_1.13.0\STM32CubeIDE\plugins\com.st.stm32cube.common.mx_6.9.0.202307051724\\db\
2025-05-09 10:24:14,521 [INFO] CodeEngine:255 - oldGeneratedFile, D:\AIFARM\STM32_GREENB\stm32f401ccu6_pump\MXTmpFiles\license.tmp_save
2025-05-09 10:24:14,604 [INFO] CodeEngine:279 - Generated code: D:\AIFARM\STM32_GREENB\stm32f401ccu6_pump\MXTmpFiles\license.tmp
2025-05-09 10:24:14,617 [INFO] CodeEngine:255 - oldGeneratedFile, D:\AIFARM\STM32_GREENB\stm32f401ccu6_pump\MXTmpFiles\gpio.tmp_save
2025-05-09 10:24:14,717 [INFO] CodeEngine:279 - Generated code: D:\AIFARM\STM32_GREENB\stm32f401ccu6_pump\MXTmpFiles\gpio.tmp
2025-05-09 10:24:14,769 [INFO] CodeEngine:255 - oldGeneratedFile, D:\AIFARM\STM32_GREENB\stm32f401ccu6_pump\Core\Src\stm32f4xx_it.c_save
2025-05-09 10:24:14,827 [INFO] CodeEngine:279 - Generated code: D:\AIFARM\STM32_GREENB\stm32f401ccu6_pump\Core\Src\stm32f4xx_it.c
2025-05-09 10:24:14,831 [INFO] CodeEngine:255 - oldGeneratedFile, D:\AIFARM\STM32_GREENB\stm32f401ccu6_pump\Core\Inc\stm32f4xx_it.h_save
2025-05-09 10:24:14,877 [INFO] CodeEngine:279 - Generated code: D:\AIFARM\STM32_GREENB\stm32f401ccu6_pump\Core\Inc\stm32f4xx_it.h
2025-05-09 10:24:14,896 [INFO] CodeEngine:255 - oldGeneratedFile, D:\AIFARM\STM32_GREENB\stm32f401ccu6_pump\Core\Src\stm32f4xx_hal_msp.c_save
2025-05-09 10:24:14,978 [INFO] CodeEngine:279 - Generated code: D:\AIFARM\STM32_GREENB\stm32f401ccu6_pump\Core\Src\stm32f4xx_hal_msp.c
2025-05-09 10:24:14,980 [INFO] CodeEngine:255 - oldGeneratedFile, D:\AIFARM\STM32_GREENB\stm32f401ccu6_pump\MXTmpFiles\system.tmp_save
2025-05-09 10:24:15,026 [INFO] CodeEngine:279 - Generated code: D:\AIFARM\STM32_GREENB\stm32f401ccu6_pump\MXTmpFiles\system.tmp
2025-05-09 10:24:15,041 [INFO] CodeEngine:311 - oldGeneratedFile, D:\AIFARM\STM32_GREENB\stm32f401ccu6_pump\Core\Inc\stm32f4xx_hal_conf.h_save
2025-05-09 10:24:15,174 [INFO] CodeEngine:335 - Generated code: D:\AIFARM\STM32_GREENB\stm32f401ccu6_pump\Core\Inc\stm32f4xx_hal_conf.h
2025-05-09 10:24:15,218 [INFO] CodeEngine:255 - oldGeneratedFile, D:\AIFARM\STM32_GREENB\stm32f401ccu6_pump\Core\Inc\main.h_save
2025-05-09 10:24:15,292 [INFO] CodeEngine:279 - Generated code: D:\AIFARM\STM32_GREENB\stm32f401ccu6_pump\Core\Inc\main.h
2025-05-09 10:24:15,306 [INFO] CodeEngine:255 - oldGeneratedFile, D:\AIFARM\STM32_GREENB\stm32f401ccu6_pump\Core\Src\main.c_save
2025-05-09 10:24:15,452 [INFO] CodeEngine:279 - Generated code: D:\AIFARM\STM32_GREENB\stm32f401ccu6_pump\Core\Src\main.c
2025-05-09 10:24:15,933 [INFO] ProjectBuilder:3064 - Time for Copy HAL[1] : 156mS.
2025-05-09 10:24:15,936 [INFO] ProjectBuilder:4404 - Project Generator version: 4.1.0
2025-05-09 10:24:16,213 [INFO] ConfigFileManager:1457 - The Die is : DIE423
2025-05-09 10:24:17,651 [INFO] ProjectBuilder:4626 - Time for Generating toolchain IDE Files: 1715mS.
2025-05-09 10:24:17,652 [INFO] ProjectBuilder:2935 - Time for Copy CMSIS : 1mS.
2025-05-09 10:24:17,653 [INFO] ProjectBuilder:2935 - Time for Copy CMSIS : 0mS.
2025-05-09 11:28:11,507 [INFO] UtilMem:75 - End SaveConfig() Used Memory: 852337024 Bytes (1073741824)
2025-05-09 11:28:11,772 [INFO] BlockDiagram:2759 - set Specific Code input for plugin: NVIC
2025-05-09 11:28:11,773 [INFO] BlockDiagram:2759 - set Specific Code input for plugin: USART
2025-05-09 11:28:11,773 [INFO] BlockDiagram:2759 - set Specific Code input for plugin: SYS
2025-05-09 11:28:11,774 [INFO] BlockDiagram:2759 - set Specific Code input for plugin: GPIO
2025-05-09 11:28:11,775 [INFO] BlockDiagram:2759 - set Specific Code input for plugin: RCC
2025-05-09 11:28:11,777 [INFO] CodeGenerator:799 - code generatio: config db path: D:\ITC\STM32\STM32CubeIDE_1.13.0\STM32CubeIDE\plugins\com.st.stm32cube.common.mx_6.9.0.202307051724\\db\
2025-05-09 11:28:11,931 [INFO] CodeEngine:255 - oldGeneratedFile, D:\AIFARM\STM32_GREENB\stm32f401ccu6_pump\MXTmpFiles\license.tmp_save
2025-05-09 11:28:12,051 [INFO] CodeEngine:279 - Generated code: D:\AIFARM\STM32_GREENB\stm32f401ccu6_pump\MXTmpFiles\license.tmp
2025-05-09 11:28:12,073 [INFO] CodeEngine:255 - oldGeneratedFile, D:\AIFARM\STM32_GREENB\stm32f401ccu6_pump\MXTmpFiles\gpio.tmp_save
2025-05-09 11:28:12,190 [INFO] CodeEngine:279 - Generated code: D:\AIFARM\STM32_GREENB\stm32f401ccu6_pump\MXTmpFiles\gpio.tmp
2025-05-09 11:28:12,254 [INFO] CodeEngine:255 - oldGeneratedFile, D:\AIFARM\STM32_GREENB\stm32f401ccu6_pump\Core\Src\stm32f4xx_it.c_save
2025-05-09 11:28:12,513 [INFO] CodeEngine:279 - Generated code: D:\AIFARM\STM32_GREENB\stm32f401ccu6_pump\Core\Src\stm32f4xx_it.c
2025-05-09 11:28:12,517 [INFO] CodeEngine:255 - oldGeneratedFile, D:\AIFARM\STM32_GREENB\stm32f401ccu6_pump\Core\Inc\stm32f4xx_it.h_save
2025-05-09 11:28:12,565 [INFO] CodeEngine:279 - Generated code: D:\AIFARM\STM32_GREENB\stm32f401ccu6_pump\Core\Inc\stm32f4xx_it.h
2025-05-09 11:28:12,583 [INFO] CodeEngine:255 - oldGeneratedFile, D:\AIFARM\STM32_GREENB\stm32f401ccu6_pump\Core\Src\stm32f4xx_hal_msp.c_save
2025-05-09 11:28:12,656 [INFO] CodeEngine:279 - Generated code: D:\AIFARM\STM32_GREENB\stm32f401ccu6_pump\Core\Src\stm32f4xx_hal_msp.c
2025-05-09 11:28:12,659 [INFO] CodeEngine:255 - oldGeneratedFile, D:\AIFARM\STM32_GREENB\stm32f401ccu6_pump\MXTmpFiles\system.tmp_save
2025-05-09 11:28:12,701 [INFO] CodeEngine:279 - Generated code: D:\AIFARM\STM32_GREENB\stm32f401ccu6_pump\MXTmpFiles\system.tmp
2025-05-09 11:28:12,724 [INFO] CodeEngine:311 - oldGeneratedFile, D:\AIFARM\STM32_GREENB\stm32f401ccu6_pump\Core\Inc\stm32f4xx_hal_conf.h_save
2025-05-09 11:28:12,801 [INFO] CodeEngine:335 - Generated code: D:\AIFARM\STM32_GREENB\stm32f401ccu6_pump\Core\Inc\stm32f4xx_hal_conf.h
2025-05-09 11:28:12,835 [INFO] CodeEngine:255 - oldGeneratedFile, D:\AIFARM\STM32_GREENB\stm32f401ccu6_pump\Core\Inc\main.h_save
2025-05-09 11:28:12,904 [INFO] CodeEngine:279 - Generated code: D:\AIFARM\STM32_GREENB\stm32f401ccu6_pump\Core\Inc\main.h
2025-05-09 11:28:12,917 [INFO] CodeEngine:255 - oldGeneratedFile, D:\AIFARM\STM32_GREENB\stm32f401ccu6_pump\Core\Src\main.c_save
2025-05-09 11:28:12,991 [INFO] CodeEngine:279 - Generated code: D:\AIFARM\STM32_GREENB\stm32f401ccu6_pump\Core\Src\main.c
2025-05-09 11:28:13,556 [INFO] ProjectBuilder:3064 - Time for Copy HAL[1] : 249mS.
2025-05-09 11:28:13,559 [INFO] ProjectBuilder:4404 - Project Generator version: 4.1.0
2025-05-09 11:28:13,810 [INFO] ConfigFileManager:1457 - The Die is : DIE423
2025-05-09 11:28:14,998 [INFO] ProjectBuilder:4626 - Time for Generating toolchain IDE Files: 1439mS.
2025-05-09 11:28:14,999 [INFO] ProjectBuilder:2935 - Time for Copy CMSIS : 1mS.
2025-05-09 11:28:15,001 [INFO] ProjectBuilder:2935 - Time for Copy CMSIS : 0mS.
2025-05-09 11:29:07,891 [INFO] UtilMem:75 - End SaveConfig() Used Memory: 852787056 Bytes (1073741824)
2025-05-09 11:29:08,110 [INFO] BlockDiagram:2759 - set Specific Code input for plugin: NVIC
2025-05-09 11:29:08,110 [INFO] BlockDiagram:2759 - set Specific Code input for plugin: USART
2025-05-09 11:29:08,110 [INFO] BlockDiagram:2759 - set Specific Code input for plugin: SYS
2025-05-09 11:29:08,111 [INFO] BlockDiagram:2759 - set Specific Code input for plugin: GPIO
2025-05-09 11:29:08,111 [INFO] BlockDiagram:2759 - set Specific Code input for plugin: RCC
2025-05-09 11:29:08,111 [INFO] CodeGenerator:799 - code generatio: config db path: D:\ITC\STM32\STM32CubeIDE_1.13.0\STM32CubeIDE\plugins\com.st.stm32cube.common.mx_6.9.0.202307051724\\db\
2025-05-09 11:29:08,281 [INFO] CodeEngine:255 - oldGeneratedFile, D:\AIFARM\STM32_GREENB\stm32f401ccu6_pump\MXTmpFiles\license.tmp_save
2025-05-09 11:29:08,376 [INFO] CodeEngine:279 - Generated code: D:\AIFARM\STM32_GREENB\stm32f401ccu6_pump\MXTmpFiles\license.tmp
2025-05-09 11:29:08,389 [INFO] CodeEngine:255 - oldGeneratedFile, D:\AIFARM\STM32_GREENB\stm32f401ccu6_pump\MXTmpFiles\gpio.tmp_save
2025-05-09 11:29:08,461 [INFO] CodeEngine:279 - Generated code: D:\AIFARM\STM32_GREENB\stm32f401ccu6_pump\MXTmpFiles\gpio.tmp
2025-05-09 11:29:08,505 [INFO] CodeEngine:255 - oldGeneratedFile, D:\AIFARM\STM32_GREENB\stm32f401ccu6_pump\Core\Src\stm32f4xx_it.c_save
2025-05-09 11:29:08,589 [INFO] CodeEngine:279 - Generated code: D:\AIFARM\STM32_GREENB\stm32f401ccu6_pump\Core\Src\stm32f4xx_it.c
2025-05-09 11:29:08,594 [INFO] CodeEngine:255 - oldGeneratedFile, D:\AIFARM\STM32_GREENB\stm32f401ccu6_pump\Core\Inc\stm32f4xx_it.h_save
2025-05-09 11:29:08,640 [INFO] CodeEngine:279 - Generated code: D:\AIFARM\STM32_GREENB\stm32f401ccu6_pump\Core\Inc\stm32f4xx_it.h
2025-05-09 11:29:08,657 [INFO] CodeEngine:255 - oldGeneratedFile, D:\AIFARM\STM32_GREENB\stm32f401ccu6_pump\Core\Src\stm32f4xx_hal_msp.c_save
2025-05-09 11:29:08,725 [INFO] CodeEngine:279 - Generated code: D:\AIFARM\STM32_GREENB\stm32f401ccu6_pump\Core\Src\stm32f4xx_hal_msp.c
2025-05-09 11:29:08,730 [INFO] CodeEngine:255 - oldGeneratedFile, D:\AIFARM\STM32_GREENB\stm32f401ccu6_pump\MXTmpFiles\system.tmp_save
2025-05-09 11:29:08,778 [INFO] CodeEngine:279 - Generated code: D:\AIFARM\STM32_GREENB\stm32f401ccu6_pump\MXTmpFiles\system.tmp
2025-05-09 11:29:08,793 [INFO] CodeEngine:311 - oldGeneratedFile, D:\AIFARM\STM32_GREENB\stm32f401ccu6_pump\Core\Inc\stm32f4xx_hal_conf.h_save
2025-05-09 11:29:08,886 [INFO] CodeEngine:335 - Generated code: D:\AIFARM\STM32_GREENB\stm32f401ccu6_pump\Core\Inc\stm32f4xx_hal_conf.h
2025-05-09 11:29:08,919 [INFO] CodeEngine:255 - oldGeneratedFile, D:\AIFARM\STM32_GREENB\stm32f401ccu6_pump\Core\Inc\main.h_save
2025-05-09 11:29:08,978 [INFO] CodeEngine:279 - Generated code: D:\AIFARM\STM32_GREENB\stm32f401ccu6_pump\Core\Inc\main.h
2025-05-09 11:29:08,992 [INFO] CodeEngine:255 - oldGeneratedFile, D:\AIFARM\STM32_GREENB\stm32f401ccu6_pump\Core\Src\main.c_save
2025-05-09 11:29:09,064 [INFO] CodeEngine:279 - Generated code: D:\AIFARM\STM32_GREENB\stm32f401ccu6_pump\Core\Src\main.c
2025-05-09 11:29:09,588 [INFO] ProjectBuilder:3064 - Time for Copy HAL[1] : 180mS.
2025-05-09 11:29:09,590 [INFO] ProjectBuilder:4404 - Project Generator version: 4.1.0
2025-05-09 11:29:09,798 [INFO] ConfigFileManager:1457 - The Die is : DIE423
2025-05-09 11:29:11,250 [INFO] ProjectBuilder:4626 - Time for Generating toolchain IDE Files: 1658mS.
2025-05-09 11:29:11,251 [INFO] ProjectBuilder:2935 - Time for Copy CMSIS : 1mS.
2025-05-09 11:29:11,254 [INFO] ProjectBuilder:2935 - Time for Copy CMSIS : 1mS.
2025-05-09 11:38:02,101 [INFO] MainUpdater:2868 - connection check result : 10
2025-05-09 11:38:02,103 [INFO] MainUpdater:2868 - connection check result : 10
2025-05-09 11:38:02,203 [INFO] MicroXplorer:468 - Change Database Path : 
2025-05-09 11:38:02,203 [INFO] MicroXplorer:498 - Change Database Version : DB.6.0.90
2025-05-09 11:38:02,252 [WARN] ThirdParty:871 - waiting for thirdparty lock release [close project]
2025-05-09 11:38:02,253 [INFO] ThirdParty:873 - entering critical section [close project]
2025-05-09 11:38:02,253 [INFO] ThirdParty:883 - exiting critical section [close project]
2025-05-09 11:38:02,256 [INFO] PinOutPanel:1499 - setPackage(No Configuration,No Configuration)
2025-05-09 11:38:02,275 [WARN] IpParametersView:151 - Warning: This peripheral hasn't parameters
2025-05-09 11:38:02,286 [WARN] MainPanel:272 - <html><b><center>Warning: This peripheral has no parameters to be configured<br></b></html>
2025-05-09 11:38:02,319 [INFO] UtilMem:75 - Begin LoadConfig() Used Memory: 763495288 Bytes (1073741824)
2025-05-09 11:38:02,321 [INFO] MicroXplorer:468 - Change Database Path : 
2025-05-09 11:38:02,321 [INFO] MicroXplorer:498 - Change Database Version : DB.6.0.90
2025-05-09 11:38:02,321 [INFO] OpenFileManager:308 - Change cursor
2025-05-09 11:38:02,348 [INFO] RulesReader:64 - Compatibility file has been processed (293 Rules)
2025-05-09 11:38:02,384 [INFO] Mcu:1946 - Initializing MCU STM32F103C(8-B)Tx STM32F103CBTx STM32F103CBT6
2025-05-09 11:38:03,136 [INFO] Context:659 - Trying to add GPIOservice into a context  which must be forbidden
2025-05-09 11:38:03,539 [INFO] RtosManager:555 - Registered RTOS mode: class=CMSIS, group=RTOS, mode=CMSIS_V1, owner=FREERTOS
2025-05-09 11:38:03,539 [INFO] RtosManager:555 - Registered RTOS mode: class=CMSIS, group=RTOS2, mode=CMSIS_V2, owner=FREERTOS
2025-05-09 11:38:03,540 [INFO] RtosManager:555 - Registered RTOS mode: class=RTOS, group=Core, mode=CMSIS_V1, owner=FREERTOS
2025-05-09 11:38:03,540 [INFO] RtosManager:555 - Registered RTOS mode: class=RTOS, group=Core, mode=CMSIS_V2, owner=FREERTOS
2025-05-09 11:38:03,540 [WARN] ModelIntegratedComponent:184 - Missing modes for component STMicroelectronics:FreeRTOS:0.0.1:STMicroelectronics:RTOS:FreeRTOS:Core:::10.2.0:
2025-05-09 11:38:03,546 [WARN] ModelIntegratedComponent:63 - No mode defined for component null
2025-05-09 11:38:03,546 [WARN] ModelIntegratedComponent:63 - No mode defined for component null
2025-05-09 11:38:03,546 [WARN] ModelIntegratedComponent:63 - No mode defined for component null
2025-05-09 11:38:03,546 [WARN] ModelIntegratedComponent:63 - No mode defined for component null
2025-05-09 11:38:03,546 [WARN] ModelIntegratedComponent:63 - No mode defined for component null
2025-05-09 11:38:03,548 [WARN] ModelIntegratedComponent:63 - No mode defined for component null
2025-05-09 11:38:03,548 [WARN] ModelIntegratedComponent:63 - No mode defined for component null
2025-05-09 11:38:03,548 [WARN] ModelIntegratedComponent:63 - No mode defined for component null
2025-05-09 11:38:03,548 [WARN] ModelIntegratedComponent:63 - No mode defined for component null
2025-05-09 11:38:03,548 [WARN] ModelIntegratedComponent:63 - No mode defined for component null
2025-05-09 11:38:03,548 [WARN] ModelIntegratedComponent:63 - No mode defined for component null
2025-05-09 11:38:03,548 [WARN] ModelIntegratedComponent:63 - No mode defined for component null
2025-05-09 11:38:03,548 [WARN] ModelIntegratedComponent:63 - No mode defined for component null
2025-05-09 11:38:03,548 [WARN] ModelIntegratedComponent:63 - No mode defined for component null
2025-05-09 11:38:03,549 [WARN] ModelIntegratedComponent:63 - No mode defined for component null
2025-05-09 11:38:03,549 [WARN] ModelIntegratedComponent:63 - No mode defined for component null
2025-05-09 11:38:03,549 [WARN] ModelIntegratedComponent:63 - No mode defined for component null
2025-05-09 11:38:03,549 [WARN] ModelIntegratedComponent:63 - No mode defined for component null
2025-05-09 11:38:03,549 [WARN] ModelIntegratedComponent:63 - No mode defined for component null
2025-05-09 11:38:03,549 [WARN] ModelIntegratedComponent:63 - No mode defined for component null
2025-05-09 11:38:03,549 [WARN] ModelIntegratedComponent:63 - No mode defined for component null
2025-05-09 11:38:03,549 [WARN] ModelIntegratedComponent:63 - No mode defined for component null
2025-05-09 11:38:03,549 [WARN] ModelIntegratedComponent:63 - No mode defined for component null
2025-05-09 11:38:03,549 [WARN] ModelIntegratedComponent:63 - No mode defined for component null
2025-05-09 11:38:03,549 [WARN] ModelIntegratedComponent:63 - No mode defined for component null
2025-05-09 11:38:03,550 [WARN] ModelIntegratedComponent:63 - No mode defined for component null
2025-05-09 11:38:03,550 [WARN] ModelIntegratedComponent:63 - No mode defined for component null
2025-05-09 11:38:03,550 [WARN] ModelIntegratedComponent:63 - No mode defined for component null
2025-05-09 11:38:03,550 [WARN] ModelIntegratedComponent:63 - No mode defined for component null
2025-05-09 11:38:03,550 [WARN] ModelIntegratedComponent:63 - No mode defined for component null
2025-05-09 11:38:03,550 [WARN] ModelIntegratedComponent:63 - No mode defined for component null
2025-05-09 11:38:03,550 [WARN] ModelIntegratedComponent:63 - No mode defined for component null
2025-05-09 11:38:03,550 [WARN] ModelIntegratedComponent:63 - No mode defined for component null
2025-05-09 11:38:04,191 [INFO] ThirdPartyModel:298 - Start build external matchings
2025-05-09 11:38:07,082 [INFO] ThirdPartyModel:316 - End build external matchings
2025-05-09 11:38:07,112 [INFO] ImportTextPane:194 - (OptionalMessage_ERROR) IP (RCC) : Parameter (ADCFreqValue) has invalid value (36000000)
2025-05-09 11:38:07,113 [INFO] ImportTextPane:194 - (OptionalMessage_ERROR) IP (RCC) : Invalid parameter (FamilyName)
2025-05-09 11:38:07,113 [INFO] ImportTextPane:194 - (OptionalMessage_ERROR) IP (RCC) : Parameter (MCOFreq_Value) has invalid value (72000000)
2025-05-09 11:38:07,115 [INFO] ImportTextPane:194 - (OptionalMessage_ERROR) IP (RCC) : Parameter (USBFreq_Value) has invalid value (72000000)
2025-05-09 11:38:07,378 [INFO] UtilMem:75 - End LoadConfig() Used Memory: 681882576 Bytes (1073741824)
2025-05-09 11:38:07,653 [WARN] ThirdParty:833 - waiting for thirdparty lock release [change project]
2025-05-09 11:38:07,653 [INFO] ThirdParty:835 - entering critical section [change project]
2025-05-09 11:38:07,653 [INFO] ThirdParty:1030 - CMSIS Pack Vendor :STMicroelectronics USBPD 4.1
2025-05-09 11:38:07,653 [INFO] ThirdParty:1030 - CMSIS Pack Vendor :STMicroelectronics X-CUBE-GNSS1 6.0.0
2025-05-09 11:38:07,653 [INFO] ThirdParty:1030 - CMSIS Pack Vendor :STMicroelectronics USB_HOST 2.0.0
2025-05-09 11:38:07,653 [INFO] ThirdParty:1030 - CMSIS Pack Vendor :STMicroelectronics FP-SNS-MOTENVWB1 1.4.0
2025-05-09 11:38:07,653 [INFO] ThirdParty:1030 - CMSIS Pack Vendor :STMicroelectronics X-CUBE-AZRTOS-F4 1.1.0
2025-05-09 11:38:07,653 [INFO] ThirdParty:1030 - CMSIS Pack Vendor :STMicroelectronics LIBJPEG 8.0.0
2025-05-09 11:38:07,653 [INFO] ThirdParty:1030 - CMSIS Pack Vendor :STMicroelectronics FP-ATR-ASTRA1 2.0.2
2025-05-09 11:38:07,653 [INFO] ThirdParty:1030 - CMSIS Pack Vendor :STMicroelectronics FP-ATR-ASTRA1 2.0.1
2025-05-09 11:38:07,653 [INFO] ThirdParty:1030 - CMSIS Pack Vendor :STMicroelectronics X-CUBE-SMBUS 2.1.0
2025-05-09 11:38:07,653 [INFO] ThirdParty:1030 - CMSIS Pack Vendor :STMicroelectronics X-CUBE-WB05N 1.1.0
2025-05-09 11:38:07,653 [INFO] ThirdParty:1030 - CMSIS Pack Vendor :wolfSSL I-CUBE-wolfSSL 5.6.0
2025-05-09 11:38:07,653 [INFO] ThirdParty:1030 - CMSIS Pack Vendor :STMicroelectronics X-CUBE-ISPU 2.1.0
2025-05-09 11:38:07,654 [INFO] ThirdParty:1030 - CMSIS Pack Vendor :STMicroelectronics X-CUBE-FREERTOS 1.2.0
2025-05-09 11:38:07,654 [INFO] ThirdParty:1030 - CMSIS Pack Vendor :STMicroelectronics X-CUBE-TOUCHGFX 4.23.0
2025-05-09 11:38:07,654 [INFO] ThirdParty:1030 - CMSIS Pack Vendor :STMicroelectronics X-CUBE-TOUCHGFX 4.23.2
2025-05-09 11:38:07,654 [INFO] ThirdParty:1030 - CMSIS Pack Vendor :STMicroelectronics X-CUBE-AZRTOS-F7 1.1.0
2025-05-09 11:38:07,654 [INFO] ThirdParty:1030 - CMSIS Pack Vendor :STMicroelectronics X-CUBE-AZRTOS-L5 2.0.0
2025-05-09 11:38:07,654 [INFO] ThirdParty:1030 - CMSIS Pack Vendor :STMicroelectronics USB_DEVICE 2.0.0
2025-05-09 11:38:07,654 [INFO] ThirdParty:1030 - CMSIS Pack Vendor :STMicroelectronics X-CUBE-MEMS1 9.6.0
2025-05-09 11:38:07,654 [INFO] ThirdParty:1030 - CMSIS Pack Vendor :STMicroelectronics X-CUBE-EEPRMA1 4.2.0
2025-05-09 11:38:07,654 [INFO] ThirdParty:1030 - CMSIS Pack Vendor :STMicroelectronics X-CUBE-NFC6 3.1.0
2025-05-09 11:38:07,654 [INFO] ThirdParty:1030 - CMSIS Pack Vendor :ITTIA_DB I-CUBE-ITTIADB 8.8.0
2025-05-09 11:38:07,654 [INFO] ThirdParty:1030 - CMSIS Pack Vendor :STMicroelectronics FP-SNS-MOTENV1 4.3.0
2025-05-09 11:38:07,654 [INFO] ThirdParty:1030 - CMSIS Pack Vendor :STMicroelectronics FP-SNS-MOTENV1 4.3.2
2025-05-09 11:38:07,654 [INFO] ThirdParty:1030 - CMSIS Pack Vendor :STMicroelectronics FP-SNS-FLIGHT1 5.0.0
2025-05-09 11:38:07,654 [INFO] ThirdParty:1030 - CMSIS Pack Vendor :STMicroelectronics X-CUBE-BLE1 6.2.4
2025-05-09 11:38:07,654 [INFO] ThirdParty:1030 - CMSIS Pack Vendor :STMicroelectronics FreeRTOS 0.0.1
2025-05-09 11:38:07,654 [INFO] ThirdParty:1030 - CMSIS Pack Vendor :emotas I-CUBE-CANOPEN 1.1.3
2025-05-09 11:38:07,654 [INFO] ThirdParty:1030 - CMSIS Pack Vendor :STMicroelectronics X-CUBE-BLEMGR 2.0.0
2025-05-09 11:38:07,654 [INFO] ThirdParty:1030 - CMSIS Pack Vendor :STMicroelectronics FP-SNS-FLIGHT1 5.0.2
2025-05-09 11:38:07,654 [INFO] ThirdParty:1030 - CMSIS Pack Vendor :STMicroelectronics X-CUBE-AI 9.0.0
2025-05-09 11:38:07,654 [INFO] ThirdParty:1030 - CMSIS Pack Vendor :STMicroelectronics X-CUBE-AZRTOS-H7 3.1.0
2025-05-09 11:38:07,654 [INFO] ThirdParty:1030 - CMSIS Pack Vendor :STMicroelectronics PDM2PCM 3.3.0
2025-05-09 11:38:07,654 [INFO] ThirdParty:1030 - CMSIS Pack Vendor :STMicroelectronics X-CUBE-DISPLAY 3.0.0
2025-05-09 11:38:07,654 [INFO] ThirdParty:1030 - CMSIS Pack Vendor :STMicroelectronics X-CUBE-BLE1 7.0.0
2025-05-09 11:38:07,654 [INFO] ThirdParty:1030 - CMSIS Pack Vendor :STMicroelectronics X-CUBE-NFC10 1.0.0
2025-05-09 11:38:07,654 [INFO] ThirdParty:1030 - CMSIS Pack Vendor :STMicroelectronics HAL Drivers 0.0.0
2025-05-09 11:38:07,655 [INFO] ThirdParty:1030 - CMSIS Pack Vendor :emotas I-CUBE-CANOPEN 1.3.0
2025-05-09 11:38:07,655 [INFO] ThirdParty:1030 - CMSIS Pack Vendor :STMicroelectronics X-CUBE-FREERTOS 1.3.0
2025-05-09 11:38:07,655 [INFO] ThirdParty:1030 - CMSIS Pack Vendor :STMicroelectronics X-CUBE-TOUCHGFX 4.22.0
2025-05-09 11:38:07,655 [INFO] ThirdParty:1030 - CMSIS Pack Vendor :STMicroelectronics X-CUBE-NFC7 1.0.1
2025-05-09 11:38:07,655 [INFO] ThirdParty:1030 - CMSIS Pack Vendor :STMicroelectronics MBEDTLS 2.14.1
2025-05-09 11:38:07,655 [INFO] ThirdParty:1030 - CMSIS Pack Vendor :STMicroelectronics X-CUBE-NFC7 1.0.0
2025-05-09 11:38:07,655 [INFO] ThirdParty:1030 - CMSIS Pack Vendor :STMicroelectronics X-CUBE-TOUCHGFX 4.22.1
2025-05-09 11:38:07,655 [INFO] ThirdParty:1030 - CMSIS Pack Vendor :wolfSSL I-CUBE-wolfTPM 3.2.0
2025-05-09 11:38:07,655 [INFO] ThirdParty:1030 - CMSIS Pack Vendor :STMicroelectronics X-CUBE-NFC6 3.0.0
2025-05-09 11:38:07,655 [INFO] ThirdParty:1030 - CMSIS Pack Vendor :STMicroelectronics X-CUBE-EEPRMA1 4.1.0
2025-05-09 11:38:07,655 [INFO] ThirdParty:1030 - CMSIS Pack Vendor :STMicroelectronics X-CUBE-BLEMGR 3.1.0
2025-05-09 11:38:07,655 [INFO] ThirdParty:1030 - CMSIS Pack Vendor :STMicroelectronics X-CUBE-AI 10.0.0
2025-05-09 11:38:07,655 [INFO] ThirdParty:1030 - CMSIS Pack Vendor :STMicroelectronics FP-SNS-SMARTAG2 1.2.0
2025-05-09 11:38:07,655 [INFO] ThirdParty:1030 - CMSIS Pack Vendor :STMicroelectronics X-CUBE-MEMS1 11.1.0
2025-05-09 11:38:07,655 [INFO] ThirdParty:1030 - CMSIS Pack Vendor :STMicroelectronics X-CUBE-AZRTOS-WL 2.0.0
2025-05-09 11:38:07,655 [INFO] ThirdParty:1030 - CMSIS Pack Vendor :STMicroelectronics FP-SNS-MOTENV1 5.0.0
2025-05-09 11:38:07,655 [INFO] ThirdParty:1030 - CMSIS Pack Vendor :STMicroelectronics USB_DEVICE 1.0.0
2025-05-09 11:38:07,655 [INFO] ThirdParty:1030 - CMSIS Pack Vendor :STMicroelectronics X-CUBE-AI 8.1.0
2025-05-09 11:38:07,655 [INFO] ThirdParty:1030 - CMSIS Pack Vendor :wolfSSL I-CUBE-wolfMQTT 1.19.0
2025-05-09 11:38:07,655 [INFO] ThirdParty:1030 - CMSIS Pack Vendor :STMicroelectronics X-CUBE-AZRTOS-L4 2.0.0
2025-05-09 11:38:07,655 [INFO] ThirdParty:1030 - CMSIS Pack Vendor :STMicroelectronics ThreadX 0.0.2
2025-05-09 11:38:07,655 [INFO] ThirdParty:1030 - CMSIS Pack Vendor :WES I-CUBE-Cesium 1.3.0
2025-05-09 11:38:07,655 [INFO] ThirdParty:1030 - CMSIS Pack Vendor :STMicroelectronics lwIP 2.1.2
2025-05-09 11:38:07,656 [INFO] ThirdParty:1030 - CMSIS Pack Vendor :STMicroelectronics X-CUBE-SFXS2LP1 4.0.0
2025-05-09 11:38:07,656 [INFO] ThirdParty:1030 - CMSIS Pack Vendor :STMicroelectronics X-CUBE-BLE2 3.3.0
2025-05-09 11:38:07,656 [INFO] ThirdParty:1030 - CMSIS Pack Vendor :STMicroelectronics PDM2PCM 3.2.0
2025-05-09 11:38:07,656 [INFO] ThirdParty:1030 - CMSIS Pack Vendor :STMicroelectronics X-CUBE-ISPU 1.1.0
2025-05-09 11:38:07,656 [INFO] ThirdParty:1030 - CMSIS Pack Vendor :STMicroelectronics X-CUBE-AZRTOS-H7 3.3.0
2025-05-09 11:38:07,656 [INFO] ThirdParty:1030 - CMSIS Pack Vendor :STMicroelectronics X-CUBE-NFC9 1.0.0
2025-05-09 11:38:07,656 [INFO] ThirdParty:1030 - CMSIS Pack Vendor :STMicroelectronics X-CUBE-BLE1 7.1.0
2025-05-09 11:38:07,656 [INFO] ThirdParty:1030 - CMSIS Pack Vendor :STMicroelectronics USB_DEVICE 3.0.0
2025-05-09 11:38:07,656 [INFO] ThirdParty:1030 - CMSIS Pack Vendor :STMicroelectronics X-CUBE-TCPP 4.1.0
2025-05-09 11:38:07,656 [INFO] ThirdParty:1030 - CMSIS Pack Vendor :STMicroelectronics X-CUBE-AZRTOS-WB 2.0.0
2025-05-09 11:38:07,656 [INFO] ThirdParty:1030 - CMSIS Pack Vendor :STMicroelectronics X-CUBE-FREERTOS 1.0.1
2025-05-09 11:38:07,656 [INFO] ThirdParty:1030 - CMSIS Pack Vendor :STMicroelectronics X-CUBE-GNSS1 7.0.1
2025-05-09 11:38:07,656 [INFO] ThirdParty:1030 - CMSIS Pack Vendor :STMicroelectronics X-CUBE-TOUCHGFX 4.21.4
2025-05-09 11:38:07,656 [INFO] ThirdParty:1030 - CMSIS Pack Vendor :STMicroelectronics X-CUBE-TOUCHGFX 4.25.0
2025-05-09 11:38:07,656 [INFO] ThirdParty:1030 - CMSIS Pack Vendor :STMicroelectronics X-CUBE-ALGOBUILD 1.3.0
2025-05-09 11:38:07,656 [INFO] ThirdParty:1030 - CMSIS Pack Vendor :STMicroelectronics X-CUBE-AZRTOS-L5 1.1.0
2025-05-09 11:38:07,656 [INFO] ThirdParty:1030 - CMSIS Pack Vendor :STMicroelectronics X-CUBE-MEMS1 11.2.0
2025-05-09 11:38:07,656 [INFO] ThirdParty:1030 - CMSIS Pack Vendor :STMicroelectronics X-CUBE-AZRTOS-G0 1.1.0
2025-05-09 11:38:07,656 [INFO] ThirdParty:1030 - CMSIS Pack Vendor :STMicroelectronics X-CUBE-AI 8.0.1
2025-05-09 11:38:07,656 [INFO] ThirdParty:1030 - CMSIS Pack Vendor :STMicroelectronics X-CUBE-SAFEA1 1.2.2
2025-05-09 11:38:07,656 [INFO] ThirdParty:1030 - CMSIS Pack Vendor :STMicroelectronics X-CUBE-NFC4 3.0.0
2025-05-09 11:38:07,656 [INFO] ThirdParty:1030 - CMSIS Pack Vendor :STMicroelectronics X-CUBE-SUBG2 5.0.0
2025-05-09 11:38:07,656 [INFO] ThirdParty:1030 - CMSIS Pack Vendor :STMicroelectronics X-CUBE-AZRTOS-H7RS 1.1.0
2025-05-09 11:38:07,656 [INFO] ThirdParty:1030 - CMSIS Pack Vendor :STMicroelectronics STM32_WPAN 1.0.0
2025-05-09 11:38:07,656 [INFO] ThirdParty:1030 - CMSIS Pack Vendor :wolfSSL I-CUBE-wolfMQTT 1.18.0
2025-05-09 11:38:07,656 [INFO] ThirdParty:1030 - CMSIS Pack Vendor :STMicroelectronics lwIP 2.0.3
2025-05-09 11:38:07,656 [INFO] ThirdParty:1030 - CMSIS Pack Vendor :Cesanta I-CUBE-Mongoose 7.13.0
2025-05-09 11:38:07,656 [INFO] ThirdParty:1030 - CMSIS Pack Vendor :STMicroelectronics USB_HOST 1.0.0
2025-05-09 11:38:07,657 [INFO] ThirdParty:1030 - CMSIS Pack Vendor :STMicroelectronics X-CUBE-TOF1 3.3.1
2025-05-09 11:38:07,657 [INFO] ThirdParty:1030 - CMSIS Pack Vendor :STMicroelectronics X-CUBE-AZRTOS-G4 2.0.0
2025-05-09 11:38:07,657 [INFO] ThirdParty:1030 - CMSIS Pack Vendor :STMicroelectronics X-CUBE-WB05N 2.0.0
2025-05-09 11:38:07,657 [INFO] ThirdParty:1030 - CMSIS Pack Vendor :STMicroelectronics PDM2PCM 3.1.0
2025-05-09 11:38:07,657 [INFO] ThirdParty:1030 - CMSIS Pack Vendor :STMicroelectronics X-CUBE-TOF1 3.3.0
2025-05-09 11:38:07,657 [INFO] ThirdParty:1030 - CMSIS Pack Vendor :Infineon AIROC-Wi-Fi-Bluetooth-STM32 1.5.1
2025-05-09 11:38:07,657 [INFO] ThirdParty:1030 - CMSIS Pack Vendor :STMicroelectronics X-CUBE-BLEMGR 3.0.0
2025-05-09 11:38:07,657 [INFO] ThirdParty:1030 - CMSIS Pack Vendor :STMicroelectronics FP-SNS-MOTENVWB1 1.3.0
2025-05-09 11:38:07,657 [INFO] ThirdParty:1030 - CMSIS Pack Vendor :STMicroelectronics X-CUBE-NFC7 2.0.0
2025-05-09 11:38:07,657 [INFO] ThirdParty:1030 - CMSIS Pack Vendor :STMicroelectronics FP-SNS-MOTENVWB1 1.3.1
2025-05-09 11:38:07,657 [INFO] ThirdParty:1030 - CMSIS Pack Vendor :STMicroelectronics FP-ATR-SIGFOX1 3.2.0
2025-05-09 11:38:07,657 [INFO] ThirdParty:1030 - CMSIS Pack Vendor :STMicroelectronics X-CUBE-AZRTOS-L4 1.0.0
2025-05-09 11:38:07,657 [INFO] ThirdParty:1030 - CMSIS Pack Vendor :STMicroelectronics X-CUBE-ISPU 2.0.0
2025-05-09 11:38:07,657 [INFO] ThirdParty:1030 - CMSIS Pack Vendor :STMicroelectronics X-CUBE-EEPRMA1 5.1.0
2025-05-09 11:38:07,657 [INFO] ThirdParty:1030 - CMSIS Pack Vendor :STMicroelectronics MBEDTLS 2.16.2
2025-05-09 11:38:07,657 [INFO] ThirdParty:1030 - CMSIS Pack Vendor :STMicroelectronics X-CUBE-ALS 1.0.2
2025-05-09 11:38:07,657 [INFO] ThirdParty:1030 - CMSIS Pack Vendor :STMicroelectronics X-CUBE-MEMS1 10.0.0
2025-05-09 11:38:07,657 [INFO] ThirdParty:1030 - CMSIS Pack Vendor :STMicroelectronics X-CUBE-FREERTOS 1.1.0
2025-05-09 11:38:07,657 [INFO] ThirdParty:1030 - CMSIS Pack Vendor :wolfSSL I-CUBE-wolfSSL 5.7.6
2025-05-09 11:38:07,657 [INFO] ThirdParty:1030 - CMSIS Pack Vendor :STMicroelectronics X-CUBE-TOUCHGFX 4.24.0
2025-05-09 11:38:07,657 [INFO] ThirdParty:1030 - CMSIS Pack Vendor :ITTIA_DB I-CUBE-ITTIADB 8.9.0
2025-05-09 11:38:07,657 [INFO] ThirdParty:1030 - CMSIS Pack Vendor :STMicroelectronics X-CUBE-TOUCHGFX 4.24.2
2025-05-09 11:38:07,657 [INFO] ThirdParty:1030 - CMSIS Pack Vendor :STMicroelectronics X-CUBE-AZRTOS-WL 1.0.0
2025-05-09 11:38:07,657 [INFO] ThirdParty:1030 - CMSIS Pack Vendor :STMicroelectronics X-CUBE-TOUCHGFX 4.24.1
2025-05-09 11:38:07,657 [INFO] ThirdParty:1030 - CMSIS Pack Vendor :wolfSSL I-CUBE-wolfTPM 3.4.0
2025-05-09 11:38:07,657 [INFO] ThirdParty:1030 - CMSIS Pack Vendor :portGmbH I-Cube-SoM-uGOAL 1.1.0
2025-05-09 11:38:07,657 [INFO] ThirdParty:1030 - CMSIS Pack Vendor :STMicroelectronics X-CUBE-ALS 1.0.1
2025-05-09 11:38:07,657 [INFO] ThirdParty:1030 - CMSIS Pack Vendor :STMicroelectronics ThreadX 1.0.0
2025-05-09 11:38:07,657 [INFO] ThirdParty:1030 - CMSIS Pack Vendor :STMicroelectronics X-CUBE-AZRTOS-WB 1.1.0
2025-05-09 11:38:07,657 [INFO] ThirdParty:1030 - CMSIS Pack Vendor :SEGGER I-CUBE-embOS 1.3.1
2025-05-09 11:38:07,657 [INFO] ThirdParty:1030 - CMSIS Pack Vendor :STMicroelectronics X-CUBE-ALGOBUILD 1.4.0
2025-05-09 11:38:07,657 [INFO] ThirdParty:1030 - CMSIS Pack Vendor :STMicroelectronics X-CUBE-AZRTOS-H7RS 1.0.0
2025-05-09 11:38:07,657 [INFO] ThirdParty:1030 - CMSIS Pack Vendor :STMicroelectronics FP-ATR-ASTRA1 2.0.0
2025-05-09 11:38:07,657 [INFO] ThirdParty:1030 - CMSIS Pack Vendor :STMicroelectronics X-CUBE-AI 9.1.0
2025-05-09 11:38:07,657 [INFO] ThirdParty:1030 - CMSIS Pack Vendor :STMicroelectronics X-CUBE-TOF1 3.4.0
2025-05-09 11:38:07,657 [INFO] ThirdParty:1030 - CMSIS Pack Vendor :STMicroelectronics X-CUBE-TOF1 3.4.1
2025-05-09 11:38:07,657 [INFO] ThirdParty:1030 - CMSIS Pack Vendor :STMicroelectronics X-CUBE-AZRTOS-H7 3.2.0
2025-05-09 11:38:07,658 [INFO] ThirdParty:1030 - CMSIS Pack Vendor :wolfSSL I-CUBE-wolfSSH 1.4.17
2025-05-09 11:38:07,658 [INFO] ThirdParty:841 - exiting critical section [change project]
2025-05-09 11:38:07,784 [INFO] PinOutPanel:1499 - setPackage(No Configuration,No Configuration)
2025-05-09 11:38:07,784 [INFO] PinOutPanel:1499 - setPackage(STM32F103CBTx,LQFP48)
2025-05-09 11:38:08,071 [INFO] UtilMem:75 - Before build in PCC Used Memory: 708778416 Bytes (1073741824)
2025-05-09 11:38:08,388 [INFO] UtilMem:75 - After build in PCC Used Memory: 752296368 Bytes (1073741824)
2025-05-09 11:38:08,406 [INFO] IPUIPlugin:80 - create IPUIPlugin
2025-05-09 11:38:08,406 [INFO] IPUIPlugin:80 - create IPUIPlugin
2025-05-09 11:38:08,406 [INFO] IPUIPlugin:80 - create IPUIPlugin
2025-05-09 11:38:08,406 [INFO] IPUIPlugin:80 - create IPUIPlugin
2025-05-09 11:38:08,408 [INFO] IPUIPlugin:80 - create IPUIPlugin
2025-05-09 11:38:08,408 [INFO] IPUIPlugin:80 - create IPUIPlugin
2025-05-09 11:38:08,408 [INFO] IPUIPlugin:80 - create IPUIPlugin
2025-05-09 11:38:08,408 [INFO] IPUIPlugin:80 - create IPUIPlugin
2025-05-09 11:38:08,408 [INFO] IPUIPlugin:80 - create IPUIPlugin
2025-05-09 11:38:08,408 [INFO] IPUIPlugin:80 - create IPUIPlugin
2025-05-09 11:38:08,408 [INFO] IPUIPlugin:80 - create IPUIPlugin
2025-05-09 11:38:08,409 [INFO] IPUIPlugin:80 - create IPUIPlugin
2025-05-09 11:38:08,409 [INFO] IPUIPlugin:80 - create IPUIPlugin
2025-05-09 11:38:08,409 [INFO] IPUIPlugin:80 - create IPUIPlugin
2025-05-09 11:38:08,409 [INFO] IPUIPlugin:80 - create IPUIPlugin
2025-05-09 11:38:08,409 [INFO] IPUIPlugin:80 - create IPUIPlugin
2025-05-09 11:38:08,409 [INFO] IPUIPlugin:80 - create IPUIPlugin
2025-05-09 11:38:08,409 [INFO] IPUIPlugin:80 - create IPUIPlugin
2025-05-09 11:38:08,410 [INFO] IPUIPlugin:80 - create IPUIPlugin
2025-05-09 11:38:08,410 [INFO] IPUIPlugin:80 - create IPUIPlugin
2025-05-09 11:38:08,410 [INFO] IPUIPlugin:80 - create IPUIPlugin
2025-05-09 11:38:08,410 [INFO] IPUIPlugin:80 - create IPUIPlugin
2025-05-09 11:38:08,410 [INFO] IPUIPlugin:80 - create IPUIPlugin
2025-05-09 11:38:08,410 [INFO] IPUIPlugin:80 - create IPUIPlugin
2025-05-09 11:38:08,410 [INFO] IPUIPlugin:80 - create IPUIPlugin
2025-05-09 11:38:08,411 [INFO] IPUIPlugin:80 - create IPUIPlugin
2025-05-09 11:38:08,411 [INFO] IPUIPlugin:80 - create IPUIPlugin
2025-05-09 11:38:08,471 [INFO] CADModel:165 - CPN selected for project levelSTM32F103CBT6
2025-05-09 11:38:08,471 [INFO] CADModel:114 - Register for checkConnection events
2025-05-09 11:38:08,530 [INFO] OpenFileManager:328 - Restore cursor
2025-05-09 11:38:19,164 [INFO] UtilMem:75 - End SaveConfig() Used Memory: 895826392 Bytes (1073741824)
2025-05-09 11:38:19,605 [INFO] BlockDiagram:2759 - set Specific Code input for plugin: NVIC
2025-05-09 11:38:19,605 [INFO] BlockDiagram:2759 - set Specific Code input for plugin: USART
2025-05-09 11:38:19,605 [INFO] BlockDiagram:2759 - set Specific Code input for plugin: USART
2025-05-09 11:38:19,605 [INFO] BlockDiagram:2759 - set Specific Code input for plugin: SYS
2025-05-09 11:38:19,606 [INFO] BlockDiagram:2759 - set Specific Code input for plugin: GPIO
2025-05-09 11:38:19,606 [INFO] BlockDiagram:2759 - set Specific Code input for plugin: RCC
2025-05-09 11:38:19,606 [INFO] CodeGenerator:799 - code generatio: config db path: D:\ITC\STM32\STM32CubeIDE_1.13.0\STM32CubeIDE\plugins\com.st.stm32cube.common.mx_6.9.0.202307051724\\db\
2025-05-09 11:38:19,790 [INFO] CodeEngine:255 - oldGeneratedFile, D:\AIFARM\STM32_GREENB\stm32f103_nethouse\MXTmpFiles\license.tmp_save
2025-05-09 11:38:19,924 [INFO] CodeEngine:279 - Generated code: D:\AIFARM\STM32_GREENB\stm32f103_nethouse\MXTmpFiles\license.tmp
2025-05-09 11:38:20,011 [INFO] CodeEngine:255 - oldGeneratedFile, D:\AIFARM\STM32_GREENB\stm32f103_nethouse\MXTmpFiles\gpio.tmp_save
2025-05-09 11:38:20,158 [INFO] CodeEngine:279 - Generated code: D:\AIFARM\STM32_GREENB\stm32f103_nethouse\MXTmpFiles\gpio.tmp
2025-05-09 11:38:20,304 [INFO] CodeEngine:255 - oldGeneratedFile, D:\AIFARM\STM32_GREENB\stm32f103_nethouse\Core\Src\stm32f1xx_it.c_save
2025-05-09 11:38:20,485 [INFO] CodeEngine:279 - Generated code: D:\AIFARM\STM32_GREENB\stm32f103_nethouse\Core\Src\stm32f1xx_it.c
2025-05-09 11:38:20,490 [INFO] CodeEngine:255 - oldGeneratedFile, D:\AIFARM\STM32_GREENB\stm32f103_nethouse\Core\Inc\stm32f1xx_it.h_save
2025-05-09 11:38:20,564 [INFO] CodeEngine:279 - Generated code: D:\AIFARM\STM32_GREENB\stm32f103_nethouse\Core\Inc\stm32f1xx_it.h
2025-05-09 11:38:20,586 [INFO] CodeEngine:255 - oldGeneratedFile, D:\AIFARM\STM32_GREENB\stm32f103_nethouse\Core\Src\stm32f1xx_hal_msp.c_save
2025-05-09 11:38:20,700 [INFO] CodeEngine:279 - Generated code: D:\AIFARM\STM32_GREENB\stm32f103_nethouse\Core\Src\stm32f1xx_hal_msp.c
2025-05-09 11:38:20,703 [INFO] CodeEngine:255 - oldGeneratedFile, D:\AIFARM\STM32_GREENB\stm32f103_nethouse\MXTmpFiles\system.tmp_save
2025-05-09 11:38:20,753 [INFO] CodeEngine:279 - Generated code: D:\AIFARM\STM32_GREENB\stm32f103_nethouse\MXTmpFiles\system.tmp
2025-05-09 11:38:20,779 [INFO] CodeEngine:311 - oldGeneratedFile, D:\AIFARM\STM32_GREENB\stm32f103_nethouse\Core\Inc\stm32f1xx_hal_conf.h_save
2025-05-09 11:38:20,896 [INFO] CodeEngine:335 - Generated code: D:\AIFARM\STM32_GREENB\stm32f103_nethouse\Core\Inc\stm32f1xx_hal_conf.h
2025-05-09 11:38:20,940 [INFO] CodeEngine:255 - oldGeneratedFile, D:\AIFARM\STM32_GREENB\stm32f103_nethouse\Core\Inc\main.h_save
2025-05-09 11:38:21,046 [INFO] CodeEngine:279 - Generated code: D:\AIFARM\STM32_GREENB\stm32f103_nethouse\Core\Inc\main.h
2025-05-09 11:38:21,063 [INFO] CodeEngine:255 - oldGeneratedFile, D:\AIFARM\STM32_GREENB\stm32f103_nethouse\Core\Src\main.c_save
2025-05-09 11:38:21,202 [INFO] CodeEngine:279 - Generated code: D:\AIFARM\STM32_GREENB\stm32f103_nethouse\Core\Src\main.c
2025-05-09 11:38:21,727 [INFO] ProjectBuilder:3064 - Time for Copy HAL[1] : 177mS.
2025-05-09 11:38:21,729 [INFO] ProjectBuilder:4404 - Project Generator version: 4.1.0
2025-05-09 11:38:21,979 [INFO] ConfigFileManager:1457 - The Die is : DIE410
2025-05-09 11:38:21,994 [INFO] ApiDbMcu:507 - Load IP Config File for FATFS
2025-05-09 11:38:22,010 [INFO] ApiDbMcu:507 - Load IP Config File for FREERTOS
2025-05-09 11:38:22,027 [INFO] ApiDbMcu:507 - Load IP Config File for USB_DEVICE
2025-05-09 11:38:23,343 [INFO] ProjectBuilder:4626 - Time for Generating toolchain IDE Files: 1614mS.
2025-05-09 11:38:23,344 [INFO] ProjectBuilder:2935 - Time for Copy CMSIS : 1mS.
2025-05-09 11:38:23,347 [INFO] ProjectBuilder:2935 - Time for Copy CMSIS : 0mS.
2025-05-09 11:42:50,619 [INFO] MainUpdater:2868 - connection check result : 10
2025-05-09 11:42:50,619 [INFO] MainUpdater:2868 - connection check result : 10
2025-05-09 11:42:50,699 [INFO] MicroXplorer:468 - Change Database Path : 
2025-05-09 11:42:50,699 [INFO] MicroXplorer:498 - Change Database Version : DB.6.0.90
2025-05-09 11:42:50,722 [WARN] ThirdParty:871 - waiting for thirdparty lock release [close project]
2025-05-09 11:42:50,722 [INFO] ThirdParty:873 - entering critical section [close project]
2025-05-09 11:42:50,722 [INFO] ThirdParty:883 - exiting critical section [close project]
2025-05-09 11:42:50,723 [INFO] PinOutPanel:1499 - setPackage(No Configuration,No Configuration)
2025-05-09 11:42:50,725 [INFO] UtilMem:75 - Begin LoadConfig() Used Memory: 877973256 Bytes (1073741824)
2025-05-09 11:42:50,725 [INFO] MicroXplorer:468 - Change Database Path : 
2025-05-09 11:42:50,725 [INFO] MicroXplorer:498 - Change Database Version : DB.6.0.90
2025-05-09 11:42:50,725 [INFO] OpenFileManager:308 - Change cursor
2025-05-09 11:42:50,737 [INFO] RulesReader:64 - Compatibility file has been processed (293 Rules)
2025-05-09 11:42:50,739 [INFO] Mcu:1946 - Initializing MCU STM32F401C(B-C)Ux STM32F401CCUx STM32F401CCU6
2025-05-09 11:42:51,428 [INFO] Context:659 - Trying to add GPIOservice into a context  which must be forbidden
2025-05-09 11:42:51,628 [INFO] RtosManager:555 - Registered RTOS mode: class=CMSIS, group=RTOS, mode=CMSIS_V1, owner=FREERTOS
2025-05-09 11:42:51,628 [INFO] RtosManager:555 - Registered RTOS mode: class=CMSIS, group=RTOS2, mode=CMSIS_V2, owner=FREERTOS
2025-05-09 11:42:51,628 [INFO] RtosManager:555 - Registered RTOS mode: class=RTOS, group=Core, mode=CMSIS_V1, owner=FREERTOS
2025-05-09 11:42:51,628 [INFO] RtosManager:555 - Registered RTOS mode: class=RTOS, group=Core, mode=CMSIS_V2, owner=FREERTOS
2025-05-09 11:42:51,628 [WARN] ModelIntegratedComponent:184 - Missing modes for component STMicroelectronics:FreeRTOS:0.0.1:STMicroelectronics:RTOS:FreeRTOS:Core:::10.2.0:
2025-05-09 11:42:51,630 [WARN] ModelIntegratedComponent:63 - No mode defined for component null
2025-05-09 11:42:51,630 [WARN] ModelIntegratedComponent:63 - No mode defined for component null
2025-05-09 11:42:51,630 [WARN] ModelIntegratedComponent:63 - No mode defined for component null
2025-05-09 11:42:51,630 [WARN] ModelIntegratedComponent:63 - No mode defined for component null
2025-05-09 11:42:51,630 [WARN] ModelIntegratedComponent:63 - No mode defined for component null
2025-05-09 11:42:51,630 [WARN] ModelIntegratedComponent:63 - No mode defined for component null
2025-05-09 11:42:51,630 [WARN] ModelIntegratedComponent:63 - No mode defined for component null
2025-05-09 11:42:51,630 [WARN] ModelIntegratedComponent:63 - No mode defined for component null
2025-05-09 11:42:51,630 [WARN] ModelIntegratedComponent:63 - No mode defined for component null
2025-05-09 11:42:51,630 [WARN] ModelIntegratedComponent:63 - No mode defined for component null
2025-05-09 11:42:51,630 [WARN] ModelIntegratedComponent:63 - No mode defined for component null
2025-05-09 11:42:51,630 [WARN] ModelIntegratedComponent:63 - No mode defined for component null
2025-05-09 11:42:51,630 [WARN] ModelIntegratedComponent:63 - No mode defined for component null
2025-05-09 11:42:51,630 [WARN] ModelIntegratedComponent:63 - No mode defined for component null
2025-05-09 11:42:51,630 [WARN] ModelIntegratedComponent:63 - No mode defined for component null
2025-05-09 11:42:51,630 [WARN] ModelIntegratedComponent:63 - No mode defined for component null
2025-05-09 11:42:51,630 [WARN] ModelIntegratedComponent:63 - No mode defined for component null
2025-05-09 11:42:51,630 [WARN] ModelIntegratedComponent:63 - No mode defined for component null
2025-05-09 11:42:51,630 [WARN] ModelIntegratedComponent:63 - No mode defined for component null
2025-05-09 11:42:51,630 [WARN] ModelIntegratedComponent:63 - No mode defined for component null
2025-05-09 11:42:51,630 [WARN] ModelIntegratedComponent:63 - No mode defined for component null
2025-05-09 11:42:51,631 [WARN] ModelIntegratedComponent:63 - No mode defined for component null
2025-05-09 11:42:51,631 [WARN] ModelIntegratedComponent:63 - No mode defined for component null
2025-05-09 11:42:51,631 [WARN] ModelIntegratedComponent:63 - No mode defined for component null
2025-05-09 11:42:51,631 [WARN] ModelIntegratedComponent:63 - No mode defined for component null
2025-05-09 11:42:51,631 [WARN] ModelIntegratedComponent:63 - No mode defined for component null
2025-05-09 11:42:51,631 [WARN] ModelIntegratedComponent:63 - No mode defined for component null
2025-05-09 11:42:51,631 [WARN] ModelIntegratedComponent:63 - No mode defined for component null
2025-05-09 11:42:51,631 [WARN] ModelIntegratedComponent:63 - No mode defined for component null
2025-05-09 11:42:51,631 [WARN] ModelIntegratedComponent:63 - No mode defined for component null
2025-05-09 11:42:51,631 [WARN] ModelIntegratedComponent:63 - No mode defined for component null
2025-05-09 11:42:51,631 [WARN] ModelIntegratedComponent:63 - No mode defined for component null
2025-05-09 11:42:51,631 [WARN] ModelIntegratedComponent:63 - No mode defined for component null
2025-05-09 11:42:51,755 [WARN] ModelIntegratedComponent:182 - Modes not found for component STMicroelectronics:USB_DEVICE:1.0.0:STMicroelectronics:USB::USB Device:Audio HS::1.0:USB_DEVICE_1_0_RESTRICTED_HS
2025-05-09 11:42:51,755 [WARN] ModelIntegratedComponent:188 - Modes not found for component STMicroelectronics:USB_DEVICE:1.0.0:STMicroelectronics:USB::USB Device:Audio HS::1.0:USB_DEVICE_1_0_RESTRICTED_HS
2025-05-09 11:42:51,755 [WARN] ModelIntegratedComponent:182 - Modes not found for component STMicroelectronics:USB_DEVICE:1.0.0:STMicroelectronics:USB::USB Device:CDC HS::1.0:USB_DEVICE_1_0_RESTRICTED_HS
2025-05-09 11:42:51,755 [WARN] ModelIntegratedComponent:188 - Modes not found for component STMicroelectronics:USB_DEVICE:1.0.0:STMicroelectronics:USB::USB Device:CDC HS::1.0:USB_DEVICE_1_0_RESTRICTED_HS
2025-05-09 11:42:51,755 [WARN] ModelIntegratedComponent:182 - Modes not found for component STMicroelectronics:USB_DEVICE:1.0.0:STMicroelectronics:USB::USB Device:DFU HS::1.0:USB_DEVICE_1_0_RESTRICTED_HS
2025-05-09 11:42:51,755 [WARN] ModelIntegratedComponent:188 - Modes not found for component STMicroelectronics:USB_DEVICE:1.0.0:STMicroelectronics:USB::USB Device:DFU HS::1.0:USB_DEVICE_1_0_RESTRICTED_HS
2025-05-09 11:42:51,755 [WARN] ModelIntegratedComponent:182 - Modes not found for component STMicroelectronics:USB_DEVICE:1.0.0:STMicroelectronics:USB::USB Device:HID HS::1.0:USB_DEVICE_1_0_RESTRICTED_HS
2025-05-09 11:42:51,755 [WARN] ModelIntegratedComponent:188 - Modes not found for component STMicroelectronics:USB_DEVICE:1.0.0:STMicroelectronics:USB::USB Device:HID HS::1.0:USB_DEVICE_1_0_RESTRICTED_HS
2025-05-09 11:42:51,755 [WARN] ModelIntegratedComponent:182 - Modes not found for component STMicroelectronics:USB_DEVICE:1.0.0:STMicroelectronics:USB::USB Device:Custom HID HS::1.0:USB_DEVICE_1_0_RESTRICTED_HS
2025-05-09 11:42:51,755 [WARN] ModelIntegratedComponent:188 - Modes not found for component STMicroelectronics:USB_DEVICE:1.0.0:STMicroelectronics:USB::USB Device:Custom HID HS::1.0:USB_DEVICE_1_0_RESTRICTED_HS
2025-05-09 11:42:51,755 [WARN] ModelIntegratedComponent:182 - Modes not found for component STMicroelectronics:USB_DEVICE:1.0.0:STMicroelectronics:USB::USB Device:MSC HS::1.0:USB_DEVICE_1_0_RESTRICTED_HS
2025-05-09 11:42:51,755 [WARN] ModelIntegratedComponent:188 - Modes not found for component STMicroelectronics:USB_DEVICE:1.0.0:STMicroelectronics:USB::USB Device:MSC HS::1.0:USB_DEVICE_1_0_RESTRICTED_HS
2025-05-09 11:42:51,837 [WARN] ModelIntegratedComponent:182 - Modes not found for component STMicroelectronics:USB_HOST:1.0.0:STMicroelectronics:USB::USB Host:Audio HS::1.0:USB_HOST_1_0_RESTRICTED_HS
2025-05-09 11:42:51,837 [WARN] ModelIntegratedComponent:188 - Modes not found for component STMicroelectronics:USB_HOST:1.0.0:STMicroelectronics:USB::USB Host:Audio HS::1.0:USB_HOST_1_0_RESTRICTED_HS
2025-05-09 11:42:51,837 [WARN] ModelIntegratedComponent:182 - Modes not found for component STMicroelectronics:USB_HOST:1.0.0:STMicroelectronics:USB::USB Host:CDC HS::1.0:USB_HOST_1_0_RESTRICTED_HS
2025-05-09 11:42:51,837 [WARN] ModelIntegratedComponent:188 - Modes not found for component STMicroelectronics:USB_HOST:1.0.0:STMicroelectronics:USB::USB Host:CDC HS::1.0:USB_HOST_1_0_RESTRICTED_HS
2025-05-09 11:42:51,837 [WARN] ModelIntegratedComponent:182 - Modes not found for component STMicroelectronics:USB_HOST:1.0.0:STMicroelectronics:USB::USB Host:MSC HS::1.0:USB_HOST_1_0_RESTRICTED_HS
2025-05-09 11:42:51,837 [WARN] ModelIntegratedComponent:188 - Modes not found for component STMicroelectronics:USB_HOST:1.0.0:STMicroelectronics:USB::USB Host:MSC HS::1.0:USB_HOST_1_0_RESTRICTED_HS
2025-05-09 11:42:51,837 [WARN] ModelIntegratedComponent:182 - Modes not found for component STMicroelectronics:USB_HOST:1.0.0:STMicroelectronics:USB::USB Host:HID HS::1.0:USB_HOST_1_0_RESTRICTED_HS
2025-05-09 11:42:51,837 [WARN] ModelIntegratedComponent:188 - Modes not found for component STMicroelectronics:USB_HOST:1.0.0:STMicroelectronics:USB::USB Host:HID HS::1.0:USB_HOST_1_0_RESTRICTED_HS
2025-05-09 11:42:51,837 [WARN] ModelIntegratedComponent:182 - Modes not found for component STMicroelectronics:USB_HOST:1.0.0:STMicroelectronics:USB::USB Host:MTP HS::1.0:USB_HOST_1_0_RESTRICTED_HS
2025-05-09 11:42:51,837 [WARN] ModelIntegratedComponent:188 - Modes not found for component STMicroelectronics:USB_HOST:1.0.0:STMicroelectronics:USB::USB Host:MTP HS::1.0:USB_HOST_1_0_RESTRICTED_HS
2025-05-09 11:42:52,014 [INFO] ThirdPartyModel:298 - Start build external matchings
2025-05-09 11:42:54,552 [INFO] ThirdPartyModel:316 - End build external matchings
2025-05-09 11:42:54,584 [INFO] ImportTextPane:194 - (OptionalMessage_ERROR) IP (RCC) : Parameter (RTCHSEDivFreq_Value) has invalid value (12500000)
2025-05-09 11:42:54,735 [INFO] UtilMem:75 - End LoadConfig() Used Memory: 881835216 Bytes (1073741824)
2025-05-09 11:42:54,778 [WARN] ThirdParty:833 - waiting for thirdparty lock release [change project]
2025-05-09 11:42:54,779 [INFO] ThirdParty:835 - entering critical section [change project]
2025-05-09 11:42:54,779 [INFO] ThirdParty:1030 - CMSIS Pack Vendor :STMicroelectronics USBPD 4.1
2025-05-09 11:42:54,779 [INFO] ThirdParty:1030 - CMSIS Pack Vendor :STMicroelectronics X-CUBE-GNSS1 6.0.0
2025-05-09 11:42:54,779 [INFO] ThirdParty:1030 - CMSIS Pack Vendor :STMicroelectronics USB_HOST 2.0.0
2025-05-09 11:42:54,779 [INFO] ThirdParty:1030 - CMSIS Pack Vendor :STMicroelectronics FP-SNS-MOTENVWB1 1.4.0
2025-05-09 11:42:54,779 [INFO] ThirdParty:1030 - CMSIS Pack Vendor :STMicroelectronics X-CUBE-AZRTOS-F4 1.1.0
2025-05-09 11:42:54,779 [INFO] ThirdParty:1030 - CMSIS Pack Vendor :STMicroelectronics LIBJPEG 8.0.0
2025-05-09 11:42:54,779 [INFO] ThirdParty:1030 - CMSIS Pack Vendor :STMicroelectronics FP-ATR-ASTRA1 2.0.2
2025-05-09 11:42:54,779 [INFO] ThirdParty:1030 - CMSIS Pack Vendor :STMicroelectronics FP-ATR-ASTRA1 2.0.1
2025-05-09 11:42:54,779 [INFO] ThirdParty:1030 - CMSIS Pack Vendor :STMicroelectronics X-CUBE-SMBUS 2.1.0
2025-05-09 11:42:54,779 [INFO] ThirdParty:1030 - CMSIS Pack Vendor :STMicroelectronics X-CUBE-WB05N 1.1.0
2025-05-09 11:42:54,779 [INFO] ThirdParty:1030 - CMSIS Pack Vendor :wolfSSL I-CUBE-wolfSSL 5.6.0
2025-05-09 11:42:54,779 [INFO] ThirdParty:1030 - CMSIS Pack Vendor :STMicroelectronics X-CUBE-ISPU 2.1.0
2025-05-09 11:42:54,779 [INFO] ThirdParty:1030 - CMSIS Pack Vendor :STMicroelectronics X-CUBE-FREERTOS 1.2.0
2025-05-09 11:42:54,779 [INFO] ThirdParty:1030 - CMSIS Pack Vendor :STMicroelectronics X-CUBE-TOUCHGFX 4.23.0
2025-05-09 11:42:54,779 [INFO] ThirdParty:1030 - CMSIS Pack Vendor :STMicroelectronics X-CUBE-TOUCHGFX 4.23.2
2025-05-09 11:42:54,779 [INFO] ThirdParty:1030 - CMSIS Pack Vendor :STMicroelectronics X-CUBE-AZRTOS-F7 1.1.0
2025-05-09 11:42:54,779 [INFO] ThirdParty:1030 - CMSIS Pack Vendor :STMicroelectronics X-CUBE-AZRTOS-L5 2.0.0
2025-05-09 11:42:54,779 [INFO] ThirdParty:1030 - CMSIS Pack Vendor :STMicroelectronics USB_DEVICE 2.0.0
2025-05-09 11:42:54,779 [INFO] ThirdParty:1030 - CMSIS Pack Vendor :STMicroelectronics X-CUBE-MEMS1 9.6.0
2025-05-09 11:42:54,779 [INFO] ThirdParty:1030 - CMSIS Pack Vendor :STMicroelectronics X-CUBE-EEPRMA1 4.2.0
2025-05-09 11:42:54,779 [INFO] ThirdParty:1030 - CMSIS Pack Vendor :STMicroelectronics X-CUBE-NFC6 3.1.0
2025-05-09 11:42:54,779 [INFO] ThirdParty:1030 - CMSIS Pack Vendor :ITTIA_DB I-CUBE-ITTIADB 8.8.0
2025-05-09 11:42:54,779 [INFO] ThirdParty:1030 - CMSIS Pack Vendor :STMicroelectronics FP-SNS-MOTENV1 4.3.0
2025-05-09 11:42:54,779 [INFO] ThirdParty:1030 - CMSIS Pack Vendor :STMicroelectronics FP-SNS-MOTENV1 4.3.2
2025-05-09 11:42:54,779 [INFO] ThirdParty:1030 - CMSIS Pack Vendor :STMicroelectronics FP-SNS-FLIGHT1 5.0.0
2025-05-09 11:42:54,779 [INFO] ThirdParty:1030 - CMSIS Pack Vendor :STMicroelectronics X-CUBE-BLE1 6.2.4
2025-05-09 11:42:54,779 [INFO] ThirdParty:1030 - CMSIS Pack Vendor :STMicroelectronics FreeRTOS 0.0.1
2025-05-09 11:42:54,779 [INFO] ThirdParty:1030 - CMSIS Pack Vendor :emotas I-CUBE-CANOPEN 1.1.3
2025-05-09 11:42:54,779 [INFO] ThirdParty:1030 - CMSIS Pack Vendor :STMicroelectronics X-CUBE-BLEMGR 2.0.0
2025-05-09 11:42:54,779 [INFO] ThirdParty:1030 - CMSIS Pack Vendor :STMicroelectronics FP-SNS-FLIGHT1 5.0.2
2025-05-09 11:42:54,779 [INFO] ThirdParty:1030 - CMSIS Pack Vendor :STMicroelectronics X-CUBE-AI 9.0.0
2025-05-09 11:42:54,780 [INFO] ThirdParty:1030 - CMSIS Pack Vendor :STMicroelectronics X-CUBE-AZRTOS-H7 3.1.0
2025-05-09 11:42:54,780 [INFO] ThirdParty:1030 - CMSIS Pack Vendor :STMicroelectronics PDM2PCM 3.3.0
2025-05-09 11:42:54,780 [INFO] ThirdParty:1030 - CMSIS Pack Vendor :STMicroelectronics X-CUBE-DISPLAY 3.0.0
2025-05-09 11:42:54,780 [INFO] ThirdParty:1030 - CMSIS Pack Vendor :STMicroelectronics X-CUBE-BLE1 7.0.0
2025-05-09 11:42:54,780 [INFO] ThirdParty:1030 - CMSIS Pack Vendor :STMicroelectronics X-CUBE-NFC10 1.0.0
2025-05-09 11:42:54,780 [INFO] ThirdParty:1030 - CMSIS Pack Vendor :STMicroelectronics HAL Drivers 0.0.0
2025-05-09 11:42:54,780 [INFO] ThirdParty:1030 - CMSIS Pack Vendor :emotas I-CUBE-CANOPEN 1.3.0
2025-05-09 11:42:54,780 [INFO] ThirdParty:1030 - CMSIS Pack Vendor :STMicroelectronics X-CUBE-FREERTOS 1.3.0
2025-05-09 11:42:54,780 [INFO] ThirdParty:1030 - CMSIS Pack Vendor :STMicroelectronics X-CUBE-TOUCHGFX 4.22.0
2025-05-09 11:42:54,780 [INFO] ThirdParty:1030 - CMSIS Pack Vendor :STMicroelectronics X-CUBE-NFC7 1.0.1
2025-05-09 11:42:54,780 [INFO] ThirdParty:1030 - CMSIS Pack Vendor :STMicroelectronics MBEDTLS 2.14.1
2025-05-09 11:42:54,780 [INFO] ThirdParty:1030 - CMSIS Pack Vendor :STMicroelectronics X-CUBE-NFC7 1.0.0
2025-05-09 11:42:54,780 [INFO] ThirdParty:1030 - CMSIS Pack Vendor :STMicroelectronics X-CUBE-TOUCHGFX 4.22.1
2025-05-09 11:42:54,780 [INFO] ThirdParty:1030 - CMSIS Pack Vendor :wolfSSL I-CUBE-wolfTPM 3.2.0
2025-05-09 11:42:54,780 [INFO] ThirdParty:1030 - CMSIS Pack Vendor :STMicroelectronics X-CUBE-NFC6 3.0.0
2025-05-09 11:42:54,780 [INFO] ThirdParty:1030 - CMSIS Pack Vendor :STMicroelectronics X-CUBE-EEPRMA1 4.1.0
2025-05-09 11:42:54,780 [INFO] ThirdParty:1030 - CMSIS Pack Vendor :STMicroelectronics X-CUBE-BLEMGR 3.1.0
2025-05-09 11:42:54,780 [INFO] ThirdParty:1030 - CMSIS Pack Vendor :STMicroelectronics X-CUBE-AI 10.0.0
2025-05-09 11:42:54,780 [INFO] ThirdParty:1030 - CMSIS Pack Vendor :STMicroelectronics FP-SNS-SMARTAG2 1.2.0
2025-05-09 11:42:54,780 [INFO] ThirdParty:1030 - CMSIS Pack Vendor :STMicroelectronics X-CUBE-MEMS1 11.1.0
2025-05-09 11:42:54,780 [INFO] ThirdParty:1030 - CMSIS Pack Vendor :STMicroelectronics X-CUBE-AZRTOS-WL 2.0.0
2025-05-09 11:42:54,780 [INFO] ThirdParty:1030 - CMSIS Pack Vendor :STMicroelectronics FP-SNS-MOTENV1 5.0.0
2025-05-09 11:42:54,780 [INFO] ThirdParty:1030 - CMSIS Pack Vendor :STMicroelectronics USB_DEVICE 1.0.0
2025-05-09 11:42:54,780 [INFO] ThirdParty:1030 - CMSIS Pack Vendor :STMicroelectronics X-CUBE-AI 8.1.0
2025-05-09 11:42:54,780 [INFO] ThirdParty:1030 - CMSIS Pack Vendor :wolfSSL I-CUBE-wolfMQTT 1.19.0
2025-05-09 11:42:54,780 [INFO] ThirdParty:1030 - CMSIS Pack Vendor :STMicroelectronics X-CUBE-AZRTOS-L4 2.0.0
2025-05-09 11:42:54,780 [INFO] ThirdParty:1030 - CMSIS Pack Vendor :STMicroelectronics ThreadX 0.0.2
2025-05-09 11:42:54,780 [INFO] ThirdParty:1030 - CMSIS Pack Vendor :WES I-CUBE-Cesium 1.3.0
2025-05-09 11:42:54,780 [INFO] ThirdParty:1030 - CMSIS Pack Vendor :STMicroelectronics lwIP 2.1.2
2025-05-09 11:42:54,780 [INFO] ThirdParty:1030 - CMSIS Pack Vendor :STMicroelectronics X-CUBE-SFXS2LP1 4.0.0
2025-05-09 11:42:54,780 [INFO] ThirdParty:1030 - CMSIS Pack Vendor :STMicroelectronics X-CUBE-BLE2 3.3.0
2025-05-09 11:42:54,780 [INFO] ThirdParty:1030 - CMSIS Pack Vendor :STMicroelectronics PDM2PCM 3.2.0
2025-05-09 11:42:54,780 [INFO] ThirdParty:1030 - CMSIS Pack Vendor :STMicroelectronics X-CUBE-ISPU 1.1.0
2025-05-09 11:42:54,781 [INFO] ThirdParty:1030 - CMSIS Pack Vendor :STMicroelectronics X-CUBE-AZRTOS-H7 3.3.0
2025-05-09 11:42:54,781 [INFO] ThirdParty:1030 - CMSIS Pack Vendor :STMicroelectronics X-CUBE-NFC9 1.0.0
2025-05-09 11:42:54,781 [INFO] ThirdParty:1030 - CMSIS Pack Vendor :STMicroelectronics X-CUBE-BLE1 7.1.0
2025-05-09 11:42:54,781 [INFO] ThirdParty:1030 - CMSIS Pack Vendor :STMicroelectronics USB_DEVICE 3.0.0
2025-05-09 11:42:54,781 [INFO] ThirdParty:1030 - CMSIS Pack Vendor :STMicroelectronics X-CUBE-TCPP 4.1.0
2025-05-09 11:42:54,781 [INFO] ThirdParty:1030 - CMSIS Pack Vendor :STMicroelectronics X-CUBE-AZRTOS-WB 2.0.0
2025-05-09 11:42:54,781 [INFO] ThirdParty:1030 - CMSIS Pack Vendor :STMicroelectronics X-CUBE-FREERTOS 1.0.1
2025-05-09 11:42:54,781 [INFO] ThirdParty:1030 - CMSIS Pack Vendor :STMicroelectronics X-CUBE-GNSS1 7.0.1
2025-05-09 11:42:54,781 [INFO] ThirdParty:1030 - CMSIS Pack Vendor :STMicroelectronics X-CUBE-TOUCHGFX 4.21.4
2025-05-09 11:42:54,781 [INFO] ThirdParty:1030 - CMSIS Pack Vendor :STMicroelectronics X-CUBE-TOUCHGFX 4.25.0
2025-05-09 11:42:54,781 [INFO] ThirdParty:1030 - CMSIS Pack Vendor :STMicroelectronics X-CUBE-ALGOBUILD 1.3.0
2025-05-09 11:42:54,781 [INFO] ThirdParty:1030 - CMSIS Pack Vendor :STMicroelectronics X-CUBE-AZRTOS-L5 1.1.0
2025-05-09 11:42:54,781 [INFO] ThirdParty:1030 - CMSIS Pack Vendor :STMicroelectronics X-CUBE-MEMS1 11.2.0
2025-05-09 11:42:54,781 [INFO] ThirdParty:1030 - CMSIS Pack Vendor :STMicroelectronics X-CUBE-AZRTOS-G0 1.1.0
2025-05-09 11:42:54,781 [INFO] ThirdParty:1030 - CMSIS Pack Vendor :STMicroelectronics X-CUBE-AI 8.0.1
2025-05-09 11:42:54,781 [INFO] ThirdParty:1030 - CMSIS Pack Vendor :STMicroelectronics X-CUBE-SAFEA1 1.2.2
2025-05-09 11:42:54,781 [INFO] ThirdParty:1030 - CMSIS Pack Vendor :STMicroelectronics X-CUBE-NFC4 3.0.0
2025-05-09 11:42:54,781 [INFO] ThirdParty:1030 - CMSIS Pack Vendor :STMicroelectronics X-CUBE-SUBG2 5.0.0
2025-05-09 11:42:54,781 [INFO] ThirdParty:1030 - CMSIS Pack Vendor :STMicroelectronics X-CUBE-AZRTOS-H7RS 1.1.0
2025-05-09 11:42:54,781 [INFO] ThirdParty:1030 - CMSIS Pack Vendor :STMicroelectronics STM32_WPAN 1.0.0
2025-05-09 11:42:54,781 [INFO] ThirdParty:1030 - CMSIS Pack Vendor :wolfSSL I-CUBE-wolfMQTT 1.18.0
2025-05-09 11:42:54,782 [INFO] ThirdParty:1030 - CMSIS Pack Vendor :STMicroelectronics lwIP 2.0.3
2025-05-09 11:42:54,782 [INFO] ThirdParty:1030 - CMSIS Pack Vendor :Cesanta I-CUBE-Mongoose 7.13.0
2025-05-09 11:42:54,782 [INFO] ThirdParty:1030 - CMSIS Pack Vendor :STMicroelectronics USB_HOST 1.0.0
2025-05-09 11:42:54,782 [INFO] ThirdParty:1030 - CMSIS Pack Vendor :STMicroelectronics X-CUBE-TOF1 3.3.1
2025-05-09 11:42:54,782 [INFO] ThirdParty:1030 - CMSIS Pack Vendor :STMicroelectronics X-CUBE-AZRTOS-G4 2.0.0
2025-05-09 11:42:54,782 [INFO] ThirdParty:1030 - CMSIS Pack Vendor :STMicroelectronics X-CUBE-WB05N 2.0.0
2025-05-09 11:42:54,782 [INFO] ThirdParty:1030 - CMSIS Pack Vendor :STMicroelectronics PDM2PCM 3.1.0
2025-05-09 11:42:54,782 [INFO] ThirdParty:1030 - CMSIS Pack Vendor :STMicroelectronics X-CUBE-TOF1 3.3.0
2025-05-09 11:42:54,782 [INFO] ThirdParty:1030 - CMSIS Pack Vendor :Infineon AIROC-Wi-Fi-Bluetooth-STM32 1.5.1
2025-05-09 11:42:54,782 [INFO] ThirdParty:1030 - CMSIS Pack Vendor :STMicroelectronics X-CUBE-BLEMGR 3.0.0
2025-05-09 11:42:54,782 [INFO] ThirdParty:1030 - CMSIS Pack Vendor :STMicroelectronics FP-SNS-MOTENVWB1 1.3.0
2025-05-09 11:42:54,782 [INFO] ThirdParty:1030 - CMSIS Pack Vendor :STMicroelectronics X-CUBE-NFC7 2.0.0
2025-05-09 11:42:54,782 [INFO] ThirdParty:1030 - CMSIS Pack Vendor :STMicroelectronics FP-SNS-MOTENVWB1 1.3.1
2025-05-09 11:42:54,782 [INFO] ThirdParty:1030 - CMSIS Pack Vendor :STMicroelectronics FP-ATR-SIGFOX1 3.2.0
2025-05-09 11:42:54,783 [INFO] ThirdParty:1030 - CMSIS Pack Vendor :STMicroelectronics X-CUBE-AZRTOS-L4 1.0.0
2025-05-09 11:42:54,783 [INFO] ThirdParty:1030 - CMSIS Pack Vendor :STMicroelectronics X-CUBE-ISPU 2.0.0
2025-05-09 11:42:54,783 [INFO] ThirdParty:1030 - CMSIS Pack Vendor :STMicroelectronics X-CUBE-EEPRMA1 5.1.0
2025-05-09 11:42:54,783 [INFO] ThirdParty:1030 - CMSIS Pack Vendor :STMicroelectronics MBEDTLS 2.16.2
2025-05-09 11:42:54,783 [INFO] ThirdParty:1030 - CMSIS Pack Vendor :STMicroelectronics X-CUBE-ALS 1.0.2
2025-05-09 11:42:54,783 [INFO] ThirdParty:1030 - CMSIS Pack Vendor :STMicroelectronics X-CUBE-MEMS1 10.0.0
2025-05-09 11:42:54,783 [INFO] ThirdParty:1030 - CMSIS Pack Vendor :STMicroelectronics X-CUBE-FREERTOS 1.1.0
2025-05-09 11:42:54,783 [INFO] ThirdParty:1030 - CMSIS Pack Vendor :wolfSSL I-CUBE-wolfSSL 5.7.6
2025-05-09 11:42:54,783 [INFO] ThirdParty:1030 - CMSIS Pack Vendor :STMicroelectronics X-CUBE-TOUCHGFX 4.24.0
2025-05-09 11:42:54,783 [INFO] ThirdParty:1030 - CMSIS Pack Vendor :ITTIA_DB I-CUBE-ITTIADB 8.9.0
2025-05-09 11:42:54,783 [INFO] ThirdParty:1030 - CMSIS Pack Vendor :STMicroelectronics X-CUBE-TOUCHGFX 4.24.2
2025-05-09 11:42:54,783 [INFO] ThirdParty:1030 - CMSIS Pack Vendor :STMicroelectronics X-CUBE-AZRTOS-WL 1.0.0
2025-05-09 11:42:54,783 [INFO] ThirdParty:1030 - CMSIS Pack Vendor :STMicroelectronics X-CUBE-TOUCHGFX 4.24.1
2025-05-09 11:42:54,783 [INFO] ThirdParty:1030 - CMSIS Pack Vendor :wolfSSL I-CUBE-wolfTPM 3.4.0
2025-05-09 11:42:54,783 [INFO] ThirdParty:1030 - CMSIS Pack Vendor :portGmbH I-Cube-SoM-uGOAL 1.1.0
2025-05-09 11:42:54,783 [INFO] ThirdParty:1030 - CMSIS Pack Vendor :STMicroelectronics X-CUBE-ALS 1.0.1
2025-05-09 11:42:54,783 [INFO] ThirdParty:1030 - CMSIS Pack Vendor :STMicroelectronics ThreadX 1.0.0
2025-05-09 11:42:54,783 [INFO] ThirdParty:1030 - CMSIS Pack Vendor :STMicroelectronics X-CUBE-AZRTOS-WB 1.1.0
2025-05-09 11:42:54,783 [INFO] ThirdParty:1030 - CMSIS Pack Vendor :SEGGER I-CUBE-embOS 1.3.1
2025-05-09 11:42:54,783 [INFO] ThirdParty:1030 - CMSIS Pack Vendor :STMicroelectronics X-CUBE-ALGOBUILD 1.4.0
2025-05-09 11:42:54,783 [INFO] ThirdParty:1030 - CMSIS Pack Vendor :STMicroelectronics X-CUBE-AZRTOS-H7RS 1.0.0
2025-05-09 11:42:54,783 [INFO] ThirdParty:1030 - CMSIS Pack Vendor :STMicroelectronics FP-ATR-ASTRA1 2.0.0
2025-05-09 11:42:54,783 [INFO] ThirdParty:1030 - CMSIS Pack Vendor :STMicroelectronics X-CUBE-AI 9.1.0
2025-05-09 11:42:54,783 [INFO] ThirdParty:1030 - CMSIS Pack Vendor :STMicroelectronics X-CUBE-TOF1 3.4.0
2025-05-09 11:42:54,784 [INFO] ThirdParty:1030 - CMSIS Pack Vendor :STMicroelectronics X-CUBE-TOF1 3.4.1
2025-05-09 11:42:54,784 [INFO] ThirdParty:1030 - CMSIS Pack Vendor :STMicroelectronics X-CUBE-AZRTOS-H7 3.2.0
2025-05-09 11:42:54,784 [INFO] ThirdParty:1030 - CMSIS Pack Vendor :wolfSSL I-CUBE-wolfSSH 1.4.17
2025-05-09 11:42:54,784 [INFO] ThirdParty:841 - exiting critical section [change project]
2025-05-09 11:42:54,910 [INFO] PinOutPanel:1499 - setPackage(No Configuration,No Configuration)
2025-05-09 11:42:54,911 [INFO] PinOutPanel:1499 - setPackage(STM32F401CCUx,UFQFPN48)
2025-05-09 11:42:55,065 [INFO] UtilMem:75 - Before build in PCC Used Memory: 721013936 Bytes (1073741824)
2025-05-09 11:42:55,240 [INFO] UtilMem:75 - After build in PCC Used Memory: 765429744 Bytes (1073741824)
2025-05-09 11:42:55,255 [INFO] IPUIPlugin:80 - create IPUIPlugin
2025-05-09 11:42:55,255 [INFO] IPUIPlugin:80 - create IPUIPlugin
2025-05-09 11:42:55,255 [INFO] IPUIPlugin:80 - create IPUIPlugin
2025-05-09 11:42:55,256 [INFO] IPUIPlugin:80 - create IPUIPlugin
2025-05-09 11:42:55,256 [INFO] IPUIPlugin:80 - create IPUIPlugin
2025-05-09 11:42:55,256 [INFO] IPUIPlugin:80 - create IPUIPlugin
2025-05-09 11:42:55,256 [INFO] IPUIPlugin:80 - create IPUIPlugin
2025-05-09 11:42:55,256 [INFO] IPUIPlugin:80 - create IPUIPlugin
2025-05-09 11:42:55,256 [INFO] IPUIPlugin:80 - create IPUIPlugin
2025-05-09 11:42:55,256 [INFO] IPUIPlugin:80 - create IPUIPlugin
2025-05-09 11:42:55,256 [INFO] IPUIPlugin:80 - create IPUIPlugin
2025-05-09 11:42:55,256 [INFO] IPUIPlugin:80 - create IPUIPlugin
2025-05-09 11:42:55,256 [INFO] IPUIPlugin:80 - create IPUIPlugin
2025-05-09 11:42:55,256 [INFO] IPUIPlugin:80 - create IPUIPlugin
2025-05-09 11:42:55,256 [INFO] IPUIPlugin:80 - create IPUIPlugin
2025-05-09 11:42:55,257 [INFO] IPUIPlugin:80 - create IPUIPlugin
2025-05-09 11:42:55,257 [INFO] IPUIPlugin:80 - create IPUIPlugin
2025-05-09 11:42:55,257 [INFO] IPUIPlugin:80 - create IPUIPlugin
2025-05-09 11:42:55,257 [INFO] IPUIPlugin:80 - create IPUIPlugin
2025-05-09 11:42:55,257 [INFO] IPUIPlugin:80 - create IPUIPlugin
2025-05-09 11:42:55,257 [INFO] IPUIPlugin:80 - create IPUIPlugin
2025-05-09 11:42:55,257 [INFO] IPUIPlugin:80 - create IPUIPlugin
2025-05-09 11:42:55,257 [INFO] IPUIPlugin:80 - create IPUIPlugin
2025-05-09 11:42:55,257 [INFO] IPUIPlugin:80 - create IPUIPlugin
2025-05-09 11:42:55,257 [INFO] IPUIPlugin:80 - create IPUIPlugin
2025-05-09 11:42:55,257 [INFO] IPUIPlugin:80 - create IPUIPlugin
2025-05-09 11:42:55,257 [INFO] IPUIPlugin:80 - create IPUIPlugin
2025-05-09 11:42:55,257 [INFO] IPUIPlugin:80 - create IPUIPlugin
2025-05-09 11:42:55,258 [INFO] IPUIPlugin:80 - create IPUIPlugin
2025-05-09 11:42:55,258 [INFO] IPUIPlugin:80 - create IPUIPlugin
2025-05-09 11:42:55,258 [INFO] IPUIPlugin:80 - create IPUIPlugin
2025-05-09 11:42:55,258 [INFO] IPUIPlugin:80 - create IPUIPlugin
2025-05-09 11:42:55,258 [INFO] IPUIPlugin:80 - create IPUIPlugin
2025-05-09 11:42:55,259 [INFO] IPUIPlugin:80 - create IPUIPlugin
2025-05-09 11:42:55,259 [INFO] IPUIPlugin:80 - create IPUIPlugin
2025-05-09 11:42:55,259 [INFO] IPUIPlugin:80 - create IPUIPlugin
2025-05-09 11:42:55,259 [INFO] IPUIPlugin:80 - create IPUIPlugin
2025-05-09 11:42:55,262 [INFO] ApiDbMcu:507 - Load IP Config File for PDM2PCM
2025-05-09 11:42:55,310 [INFO] CADModel:165 - CPN selected for project levelSTM32F401CCU6
2025-05-09 11:42:55,310 [INFO] CADModel:114 - Register for checkConnection events
2025-05-09 11:42:55,365 [INFO] OpenFileManager:328 - Restore cursor
2025-05-09 11:43:43,262 [INFO] UtilMem:75 - End SaveConfig() Used Memory: 718825352 Bytes (1073741824)
2025-05-09 11:43:43,474 [INFO] BlockDiagram:2759 - set Specific Code input for plugin: NVIC
2025-05-09 11:43:43,475 [INFO] BlockDiagram:2759 - set Specific Code input for plugin: USART
2025-05-09 11:43:43,475 [INFO] BlockDiagram:2759 - set Specific Code input for plugin: SYS
2025-05-09 11:43:43,475 [INFO] BlockDiagram:2759 - set Specific Code input for plugin: GPIO
2025-05-09 11:43:43,475 [INFO] BlockDiagram:2759 - set Specific Code input for plugin: RCC
2025-05-09 11:43:43,475 [INFO] CodeGenerator:799 - code generatio: config db path: D:\ITC\STM32\STM32CubeIDE_1.13.0\STM32CubeIDE\plugins\com.st.stm32cube.common.mx_6.9.0.202307051724\\db\
2025-05-09 11:43:43,631 [INFO] CodeEngine:255 - oldGeneratedFile, D:\AIFARM\STM32_GREENB\stm32f401ccu6_pump\MXTmpFiles\license.tmp_save
2025-05-09 11:43:43,722 [INFO] CodeEngine:279 - Generated code: D:\AIFARM\STM32_GREENB\stm32f401ccu6_pump\MXTmpFiles\license.tmp
2025-05-09 11:43:43,755 [INFO] CodeEngine:255 - oldGeneratedFile, D:\AIFARM\STM32_GREENB\stm32f401ccu6_pump\MXTmpFiles\gpio.tmp_save
2025-05-09 11:43:43,884 [INFO] CodeEngine:279 - Generated code: D:\AIFARM\STM32_GREENB\stm32f401ccu6_pump\MXTmpFiles\gpio.tmp
2025-05-09 11:43:43,924 [INFO] CodeEngine:255 - oldGeneratedFile, D:\AIFARM\STM32_GREENB\stm32f401ccu6_pump\Core\Src\stm32f4xx_it.c_save
2025-05-09 11:43:44,100 [INFO] CodeEngine:279 - Generated code: D:\AIFARM\STM32_GREENB\stm32f401ccu6_pump\Core\Src\stm32f4xx_it.c
2025-05-09 11:43:44,104 [INFO] CodeEngine:255 - oldGeneratedFile, D:\AIFARM\STM32_GREENB\stm32f401ccu6_pump\Core\Inc\stm32f4xx_it.h_save
2025-05-09 11:43:44,152 [INFO] CodeEngine:279 - Generated code: D:\AIFARM\STM32_GREENB\stm32f401ccu6_pump\Core\Inc\stm32f4xx_it.h
2025-05-09 11:43:44,171 [INFO] CodeEngine:255 - oldGeneratedFile, D:\AIFARM\STM32_GREENB\stm32f401ccu6_pump\Core\Src\stm32f4xx_hal_msp.c_save
2025-05-09 11:43:44,241 [INFO] CodeEngine:279 - Generated code: D:\AIFARM\STM32_GREENB\stm32f401ccu6_pump\Core\Src\stm32f4xx_hal_msp.c
2025-05-09 11:43:44,243 [INFO] CodeEngine:255 - oldGeneratedFile, D:\AIFARM\STM32_GREENB\stm32f401ccu6_pump\MXTmpFiles\system.tmp_save
2025-05-09 11:43:44,296 [INFO] CodeEngine:279 - Generated code: D:\AIFARM\STM32_GREENB\stm32f401ccu6_pump\MXTmpFiles\system.tmp
2025-05-09 11:43:44,315 [INFO] CodeEngine:311 - oldGeneratedFile, D:\AIFARM\STM32_GREENB\stm32f401ccu6_pump\Core\Inc\stm32f4xx_hal_conf.h_save
2025-05-09 11:43:44,396 [INFO] CodeEngine:335 - Generated code: D:\AIFARM\STM32_GREENB\stm32f401ccu6_pump\Core\Inc\stm32f4xx_hal_conf.h
2025-05-09 11:43:44,427 [INFO] CodeEngine:255 - oldGeneratedFile, D:\AIFARM\STM32_GREENB\stm32f401ccu6_pump\Core\Inc\main.h_save
2025-05-09 11:43:44,516 [INFO] CodeEngine:279 - Generated code: D:\AIFARM\STM32_GREENB\stm32f401ccu6_pump\Core\Inc\main.h
2025-05-09 11:43:44,529 [INFO] CodeEngine:255 - oldGeneratedFile, D:\AIFARM\STM32_GREENB\stm32f401ccu6_pump\Core\Src\main.c_save
2025-05-09 11:43:44,602 [INFO] CodeEngine:279 - Generated code: D:\AIFARM\STM32_GREENB\stm32f401ccu6_pump\Core\Src\main.c
2025-05-09 11:43:45,181 [INFO] ProjectBuilder:3064 - Time for Copy HAL[1] : 218mS.
2025-05-09 11:43:45,183 [INFO] ProjectBuilder:4404 - Project Generator version: 4.1.0
2025-05-09 11:43:45,401 [INFO] ConfigFileManager:1457 - The Die is : DIE423
2025-05-09 11:43:45,403 [INFO] ApiDbMcu:507 - Load IP Config File for FATFS
2025-05-09 11:43:45,407 [INFO] ApiDbMcu:507 - Load IP Config File for FREERTOS
2025-05-09 11:43:45,409 [INFO] ApiDbMcu:507 - Load IP Config File for LIBJPEG
2025-05-09 11:43:45,413 [INFO] ApiDbMcu:507 - Load IP Config File for MBEDTLS
2025-05-09 11:43:45,417 [INFO] ApiDbMcu:507 - Load IP Config File for USB_DEVICE
2025-05-09 11:43:45,421 [INFO] ApiDbMcu:507 - Load IP Config File for USB_HOST
2025-05-09 11:43:46,834 [INFO] ProjectBuilder:4626 - Time for Generating toolchain IDE Files: 1651mS.
2025-05-09 11:43:46,835 [INFO] ProjectBuilder:2935 - Time for Copy CMSIS : 1mS.
2025-05-09 11:43:46,837 [INFO] ProjectBuilder:2935 - Time for Copy CMSIS : 0mS.
2025-05-09 11:55:59,363 [INFO] UtilMem:75 - End SaveConfig() Used Memory: 769695080 Bytes (1073741824)
2025-05-09 11:55:59,601 [INFO] BlockDiagram:2759 - set Specific Code input for plugin: NVIC
2025-05-09 11:55:59,601 [INFO] BlockDiagram:2759 - set Specific Code input for plugin: USART
2025-05-09 11:55:59,602 [INFO] BlockDiagram:2759 - set Specific Code input for plugin: SYS
2025-05-09 11:55:59,602 [INFO] BlockDiagram:2759 - set Specific Code input for plugin: GPIO
2025-05-09 11:55:59,602 [INFO] BlockDiagram:2759 - set Specific Code input for plugin: RCC
2025-05-09 11:55:59,602 [INFO] CodeGenerator:799 - code generatio: config db path: D:\ITC\STM32\STM32CubeIDE_1.13.0\STM32CubeIDE\plugins\com.st.stm32cube.common.mx_6.9.0.202307051724\\db\
2025-05-09 11:55:59,762 [INFO] CodeEngine:255 - oldGeneratedFile, D:\AIFARM\STM32_GREENB\stm32f401ccu6_pump\MXTmpFiles\license.tmp_save
2025-05-09 11:55:59,862 [INFO] CodeEngine:279 - Generated code: D:\AIFARM\STM32_GREENB\stm32f401ccu6_pump\MXTmpFiles\license.tmp
2025-05-09 11:55:59,876 [INFO] CodeEngine:255 - oldGeneratedFile, D:\AIFARM\STM32_GREENB\stm32f401ccu6_pump\MXTmpFiles\gpio.tmp_save
2025-05-09 11:55:59,983 [INFO] CodeEngine:279 - Generated code: D:\AIFARM\STM32_GREENB\stm32f401ccu6_pump\MXTmpFiles\gpio.tmp
2025-05-09 11:56:00,027 [INFO] CodeEngine:255 - oldGeneratedFile, D:\AIFARM\STM32_GREENB\stm32f401ccu6_pump\Core\Src\stm32f4xx_it.c_save
2025-05-09 11:56:00,291 [INFO] CodeEngine:279 - Generated code: D:\AIFARM\STM32_GREENB\stm32f401ccu6_pump\Core\Src\stm32f4xx_it.c
2025-05-09 11:56:00,295 [INFO] CodeEngine:255 - oldGeneratedFile, D:\AIFARM\STM32_GREENB\stm32f401ccu6_pump\Core\Inc\stm32f4xx_it.h_save
2025-05-09 11:56:00,343 [INFO] CodeEngine:279 - Generated code: D:\AIFARM\STM32_GREENB\stm32f401ccu6_pump\Core\Inc\stm32f4xx_it.h
2025-05-09 11:56:00,362 [INFO] CodeEngine:255 - oldGeneratedFile, D:\AIFARM\STM32_GREENB\stm32f401ccu6_pump\Core\Src\stm32f4xx_hal_msp.c_save
2025-05-09 11:56:00,437 [INFO] CodeEngine:279 - Generated code: D:\AIFARM\STM32_GREENB\stm32f401ccu6_pump\Core\Src\stm32f4xx_hal_msp.c
2025-05-09 11:56:00,440 [INFO] CodeEngine:255 - oldGeneratedFile, D:\AIFARM\STM32_GREENB\stm32f401ccu6_pump\MXTmpFiles\system.tmp_save
2025-05-09 11:56:00,486 [INFO] CodeEngine:279 - Generated code: D:\AIFARM\STM32_GREENB\stm32f401ccu6_pump\MXTmpFiles\system.tmp
2025-05-09 11:56:00,508 [INFO] CodeEngine:311 - oldGeneratedFile, D:\AIFARM\STM32_GREENB\stm32f401ccu6_pump\Core\Inc\stm32f4xx_hal_conf.h_save
2025-05-09 11:56:00,593 [INFO] CodeEngine:335 - Generated code: D:\AIFARM\STM32_GREENB\stm32f401ccu6_pump\Core\Inc\stm32f4xx_hal_conf.h
2025-05-09 11:56:00,635 [INFO] CodeEngine:255 - oldGeneratedFile, D:\AIFARM\STM32_GREENB\stm32f401ccu6_pump\Core\Inc\main.h_save
2025-05-09 11:56:00,708 [INFO] CodeEngine:279 - Generated code: D:\AIFARM\STM32_GREENB\stm32f401ccu6_pump\Core\Inc\main.h
2025-05-09 11:56:00,722 [INFO] CodeEngine:255 - oldGeneratedFile, D:\AIFARM\STM32_GREENB\stm32f401ccu6_pump\Core\Src\main.c_save
2025-05-09 11:56:00,793 [INFO] CodeEngine:279 - Generated code: D:\AIFARM\STM32_GREENB\stm32f401ccu6_pump\Core\Src\main.c
2025-05-09 11:56:01,308 [INFO] ProjectBuilder:3064 - Time for Copy HAL[1] : 210mS.
2025-05-09 11:56:01,311 [INFO] ProjectBuilder:4404 - Project Generator version: 4.1.0
2025-05-09 11:56:01,646 [INFO] ConfigFileManager:1457 - The Die is : DIE423
2025-05-09 11:56:03,122 [INFO] ProjectBuilder:4626 - Time for Generating toolchain IDE Files: 1811mS.
2025-05-09 11:56:03,127 [INFO] ProjectBuilder:2935 - Time for Copy CMSIS : 1mS.
2025-05-09 11:56:03,129 [INFO] ProjectBuilder:2935 - Time for Copy CMSIS : 0mS.
2025-05-09 11:58:50,800 [INFO] Activator:176 - 


2025-05-09 11:58:50,802 [INFO] Activator:177 - !SESSION log4j initialized
2025-05-09 11:58:58,049 [INFO] LogOutputStream:77 - [STDOUT_REDIRECT] 
2025-05-09 11:58:58,690 [INFO] ApplicationProperties:184 - Using Application install path: D:\ITC\STM32\STM32CubeIDE_1.13.0\STM32CubeIDE\plugins\com.st.stm32cube.common.mx_6.9.0.202307051724
2025-05-09 11:58:58,714 [INFO] DbMcusXml:78 - Set database path to: D:\ITC\STM32\STM32CubeIDE_1.13.0\STM32CubeIDE\plugins\com.st.stm32cube.common.mx_6.9.0.202307051724\\db\/mcu/
2025-05-09 11:58:58,714 [INFO] ApiDb:274 - Set plugin database path to: D:\ITC\STM32\STM32CubeIDE_1.13.0\STM32CubeIDE\plugins\com.st.stm32cube.common.mx_6.9.0.202307051724\\db\/plugins/boardmanager/
2025-05-09 11:58:58,714 [WARN] ApiDb:259 - Overriding images path with different value:  => D:\ITC\STM32\STM32CubeIDE_1.13.0\STM32CubeIDE\plugins\com.st.stm32cube.common.mx_6.9.0.202307051724\\db\/plugins/mcufinder/images/
2025-05-09 11:58:58,727 [INFO] ApiDb:250 - Set database path to: C:\Users\msi1\.stmcufinder\plugins\mcufinder//mcu/
2025-05-09 11:58:58,729 [INFO] DbMcusAds:125 - Set database path to: C:\Users\msi1\.stmcufinder\plugins\mcufinder//mcu/
2025-05-09 11:58:58,733 [INFO] CrossReferenceDbSqlite:203 - Set database path to: C:\Users\msi1\.stmcufinder\plugins\mcufinder//mcu/cs/
2025-05-09 11:58:58,895 [INFO] RulesReader:64 - Compatibility file has been processed (293 Rules)
2025-05-09 11:58:58,990 [INFO] DbMcusXml:78 - Set database path to: D:\ITC\STM32\STM32CubeIDE_1.13.0\STM32CubeIDE\plugins\com.st.stm32cube.common.mx_6.9.0.202307051724\\db\/mcu/
2025-05-09 11:58:58,990 [INFO] ApiDb:274 - Set plugin database path to: D:\ITC\STM32\STM32CubeIDE_1.13.0\STM32CubeIDE\plugins\com.st.stm32cube.common.mx_6.9.0.202307051724\\db\/plugins/boardmanager/
2025-05-09 11:58:58,990 [INFO] ApiDb:261 - Set plugin images path to: D:\ITC\STM32\STM32CubeIDE_1.13.0\STM32CubeIDE\plugins\com.st.stm32cube.common.mx_6.9.0.202307051724\\db\/plugins/mcufinder/images/
2025-05-09 11:58:58,991 [WARN] DbFile:41 - Overriding database path with different value: C:\Users\msi1\.stmcufinder\plugins\mcufinder/ => C:\Users\msi1\.stmcufinder\plugins\mcufinder
2025-05-09 11:58:58,991 [INFO] ApiDb:250 - Set database path to: C:\Users\msi1\.stmcufinder\plugins\mcufinder//mcu/
2025-05-09 11:58:58,991 [WARN] DbFile:41 - Overriding database path with different value: C:\Users\msi1\.stmcufinder\plugins\mcufinder/ => C:\Users\msi1\.stmcufinder\plugins\mcufinder
2025-05-09 11:58:58,991 [INFO] DbMcusAds:125 - Set database path to: C:\Users\msi1\.stmcufinder\plugins\mcufinder//mcu/
2025-05-09 11:58:58,991 [WARN] DbFile:41 - Overriding database path with different value: C:\Users\msi1\.stmcufinder\plugins\mcufinder/ => C:\Users\msi1\.stmcufinder\plugins\mcufinder
2025-05-09 11:58:58,991 [WARN] DbFile:41 - Overriding database path with different value: C:\Users\msi1\.stmcufinder\plugins\mcufinder/ => C:\Users\msi1\.stmcufinder\plugins\mcufinder
2025-05-09 11:58:58,991 [INFO] CrossReferenceDbSqlite:203 - Set database path to: C:\Users\msi1\.stmcufinder\plugins\mcufinder//mcu/cs/
2025-05-09 11:58:59,094 [INFO] MainPanel:262 - HeapMemory: 268435456
2025-05-09 11:58:59,205 [INFO] DbMcusXml:78 - Set database path to: D:\ITC\STM32\STM32CubeIDE_1.13.0\STM32CubeIDE\plugins\com.st.stm32cube.common.mx_6.9.0.202307051724\\db\/mcu/
2025-05-09 11:58:59,205 [INFO] ApiDb:274 - Set plugin database path to: D:\ITC\STM32\STM32CubeIDE_1.13.0\STM32CubeIDE\plugins\com.st.stm32cube.common.mx_6.9.0.202307051724\\db\/plugins/boardmanager/
2025-05-09 11:58:59,205 [INFO] ApiDb:261 - Set plugin images path to: D:\ITC\STM32\STM32CubeIDE_1.13.0\STM32CubeIDE\plugins\com.st.stm32cube.common.mx_6.9.0.202307051724\\db\/plugins/mcufinder/images/
2025-05-09 11:58:59,205 [WARN] DbFile:41 - Overriding database path with different value: C:\Users\msi1\.stmcufinder\plugins\mcufinder/ => C:\Users\msi1\.stmcufinder\plugins\mcufinder
2025-05-09 11:58:59,205 [INFO] ApiDb:250 - Set database path to: C:\Users\msi1\.stmcufinder\plugins\mcufinder//mcu/
2025-05-09 11:58:59,205 [WARN] DbFile:41 - Overriding database path with different value: C:\Users\msi1\.stmcufinder\plugins\mcufinder/ => C:\Users\msi1\.stmcufinder\plugins\mcufinder
2025-05-09 11:58:59,206 [INFO] DbMcusAds:125 - Set database path to: C:\Users\msi1\.stmcufinder\plugins\mcufinder//mcu/
2025-05-09 11:58:59,206 [WARN] DbFile:41 - Overriding database path with different value: C:\Users\msi1\.stmcufinder\plugins\mcufinder/ => C:\Users\msi1\.stmcufinder\plugins\mcufinder
2025-05-09 11:58:59,206 [WARN] DbFile:41 - Overriding database path with different value: C:\Users\msi1\.stmcufinder\plugins\mcufinder/ => C:\Users\msi1\.stmcufinder\plugins\mcufinder
2025-05-09 11:58:59,206 [INFO] CrossReferenceDbSqlite:203 - Set database path to: C:\Users\msi1\.stmcufinder\plugins\mcufinder//mcu/cs/
2025-05-09 11:58:59,222 [INFO] ApplicationProperties:184 - Using Application install path: D:\ITC\STM32\STM32CubeIDE_1.13.0\STM32CubeIDE\plugins\com.st.stm32cube.common.mx_6.9.0.202307051724
2025-05-09 11:58:59,223 [INFO] PluginManage:196 - Search for loadable plugins [exclusion list=, ]
2025-05-09 11:58:59,223 [INFO] PluginManage:310 - Check plugin analytics
2025-05-09 11:58:59,388 [INFO] AnalyticsPlugin:253 - Accepted Software Licenses: 
2025-05-09 11:58:59,388 [INFO] AnalyticsPlugin:255 - Accepted CMSIS Pack Licenses: 
2025-05-09 11:58:59,388 [INFO] AnalyticsPlugin:257 - Accepted Firmware Licenses: FW.F4.1.27.0
2025-05-09 11:58:59,391 [INFO] PluginManage:359 - Loaded plugin analytics (category:tool,tabindex:-1)
2025-05-09 11:58:59,391 [INFO] PluginManage:310 - Check plugin cadmodel
2025-05-09 11:58:59,397 [INFO] CADModel:105 - Init CAD model plugin
2025-05-09 11:58:59,397 [INFO] PluginManage:359 - Loaded plugin cadmodel (category:power,tabindex:5)
2025-05-09 11:58:59,397 [INFO] PluginManage:310 - Check plugin clock
2025-05-09 11:58:59,406 [INFO] PluginManage:359 - Loaded plugin clock (category:base,tabindex:2)
2025-05-09 11:58:59,406 [INFO] PluginManage:310 - Check plugin ddr
2025-05-09 11:58:59,408 [INFO] PluginManage:359 - Loaded plugin ddr (category:tool,tabindex:6)
2025-05-09 11:58:59,408 [INFO] PluginManage:310 - Check plugin filemanager
2025-05-09 11:58:59,521 [INFO] PluginManage:359 - Loaded plugin filemanager (category:base,tabindex:10)
2025-05-09 11:58:59,521 [INFO] PluginManage:310 - Check plugin ipmanager
2025-05-09 11:58:59,529 [INFO] PluginManage:359 - Loaded plugin ipmanager (category:base,tabindex:5)
2025-05-09 11:58:59,530 [INFO] PluginManage:310 - Check plugin lpbam
2025-05-09 11:58:59,536 [INFO] PluginManage:359 - Loaded plugin lpbam (category:base,tabindex:0)
2025-05-09 11:58:59,536 [INFO] PluginManage:310 - Check plugin memorymap
2025-05-09 11:58:59,555 [INFO] PluginManage:359 - Loaded plugin memorymap (category:base,tabindex:4)
2025-05-09 11:58:59,555 [INFO] PluginManage:310 - Check plugin pinoutandconfiguration
2025-05-09 11:58:59,568 [INFO] PluginManage:359 - Loaded plugin pinoutandconfiguration (category:base,tabindex:1)
2025-05-09 11:58:59,568 [INFO] PluginManage:310 - Check plugin pinoutconfig
2025-05-09 11:58:59,672 [WARN] SupportedApi:132 - Cannot load RTOS API schema: s4s-elt-must-match.1: The content of 'definitions' must match (annotation?, (simpleType | complexType)?, (unique | key | keyref)*)). A problem was found starting at: attribute.
2025-05-09 11:58:59,816 [INFO] PluginManage:359 - Loaded plugin pinoutconfig (category:base,tabindex:0)
2025-05-09 11:58:59,816 [INFO] PluginManage:310 - Check plugin power
2025-05-09 11:58:59,828 [INFO] PluginManage:359 - Loaded plugin power (category:power,tabindex:4)
2025-05-09 11:58:59,829 [INFO] PluginManage:310 - Check plugin projectmanager
2025-05-09 11:58:59,863 [INFO] PluginManage:359 - Loaded plugin projectmanager (category:projectmanager,tabindex:3)
2025-05-09 11:58:59,863 [INFO] PluginManage:310 - Check plugin thirdparty
2025-05-09 11:59:00,001 [INFO] PluginManage:359 - Loaded plugin thirdparty (category:base,tabindex:-1)
2025-05-09 11:59:00,001 [WARN] IntegrityCheckThread:84 - waiting for thirdparty lock release [integrity check]
2025-05-09 11:59:00,001 [INFO] PluginManage:310 - Check plugin tools
2025-05-09 11:59:00,001 [INFO] IntegrityCheckThread:86 - entering critical section [integrity check]
2025-05-09 11:59:00,002 [INFO] ThirdPartyUpdaterWithRetryManager:70 - Updater plugin not ready yet. [1/15]
2025-05-09 11:59:00,006 [INFO] PluginManage:359 - Loaded plugin tools (category:base,tabindex:7)
2025-05-09 11:59:00,006 [INFO] PluginManage:310 - Check plugin tutovideos
2025-05-09 11:59:00,178 [INFO] PluginManage:359 - Loaded plugin tutovideos (category:base,tabindex:-1)
2025-05-09 11:59:00,178 [INFO] PluginManage:310 - Check plugin updater
2025-05-09 11:59:00,189 [INFO] PluginManage:359 - Loaded plugin updater (category:base,tabindex:12)
2025-05-09 11:59:00,189 [INFO] PluginManage:310 - Check plugin userauth
2025-05-09 11:59:00,193 [INFO] UserAuth:113 - Init User Auth plugin
2025-05-09 11:59:00,193 [INFO] PluginManage:359 - Loaded plugin userauth (category:base,tabindex:14)
2025-05-09 11:59:00,193 [INFO] PluginManage:283 - PluginManage : Loaded plugins [17]
2025-05-09 11:59:00,452 [INFO] PinOutPanel:1499 - setPackage(No Configuration,No Configuration)
2025-05-09 11:59:00,566 [INFO] CADModel:165 - CPN selected for project level
2025-05-09 11:59:00,566 [INFO] CADModel:114 - Register for checkConnection events
2025-05-09 11:59:00,584 [INFO] IPUIPlugin:80 - create IPUIPlugin
2025-05-09 11:59:00,584 [INFO] PluginManager:220 - loadIPPluginJar : add adc
2025-05-09 11:59:00,586 [INFO] IPUIPlugin:80 - create IPUIPlugin
2025-05-09 11:59:00,586 [INFO] PluginManager:220 - loadIPPluginJar : add aes
2025-05-09 11:59:00,588 [INFO] IPUIPlugin:80 - create IPUIPlugin
2025-05-09 11:59:00,589 [INFO] PluginManager:220 - loadIPPluginJar : add can
2025-05-09 11:59:00,589 [INFO] IPUIPlugin:80 - create IPUIPlugin
2025-05-09 11:59:00,589 [INFO] PluginManager:220 - loadIPPluginJar : add comp
2025-05-09 11:59:00,591 [INFO] IPUIPlugin:80 - create IPUIPlugin
2025-05-09 11:59:00,591 [INFO] PluginManager:220 - loadIPPluginJar : add cryp
2025-05-09 11:59:00,594 [INFO] IPUIPlugin:80 - create IPUIPlugin
2025-05-09 11:59:00,594 [INFO] PluginManager:220 - loadIPPluginJar : add dfsdm
2025-05-09 11:59:00,597 [INFO] IPUIPlugin:80 - create IPUIPlugin
2025-05-09 11:59:00,597 [INFO] PluginManager:220 - loadIPPluginJar : add dma
2025-05-09 11:59:00,599 [INFO] IPUIPlugin:80 - create IPUIPlugin
2025-05-09 11:59:00,599 [INFO] PluginManager:220 - loadIPPluginJar : add dma3
2025-05-09 11:59:00,600 [INFO] IPUIPlugin:80 - create IPUIPlugin
2025-05-09 11:59:00,601 [INFO] PluginManager:220 - loadIPPluginJar : add fatfs
2025-05-09 11:59:00,604 [INFO] IPUIPlugin:80 - create IPUIPlugin
2025-05-09 11:59:00,604 [INFO] PluginManager:220 - loadIPPluginJar : add fmc
2025-05-09 11:59:00,609 [INFO] IPUIPlugin:80 - create IPUIPlugin
2025-05-09 11:59:00,609 [INFO] PluginManager:220 - loadIPPluginJar : add freertos
2025-05-09 11:59:00,610 [INFO] IPUIPlugin:80 - create IPUIPlugin
2025-05-09 11:59:00,610 [INFO] PluginManager:220 - loadIPPluginJar : add genericplugin
2025-05-09 11:59:00,612 [INFO] IPUIPlugin:80 - create IPUIPlugin
2025-05-09 11:59:00,612 [INFO] PluginManager:220 - loadIPPluginJar : add gfxmmu
2025-05-09 11:59:00,615 [INFO] IPUIPlugin:80 - create IPUIPlugin
2025-05-09 11:59:00,616 [INFO] PluginManager:220 - loadIPPluginJar : add gic
2025-05-09 11:59:00,618 [INFO] IPUIPlugin:80 - create IPUIPlugin
2025-05-09 11:59:00,618 [INFO] PluginManager:220 - loadIPPluginJar : add gpio
2025-05-09 11:59:00,620 [INFO] IPUIPlugin:80 - create IPUIPlugin
2025-05-09 11:59:00,620 [INFO] PluginManager:220 - loadIPPluginJar : add gtzc
2025-05-09 11:59:00,621 [INFO] IPUIPlugin:80 - create IPUIPlugin
2025-05-09 11:59:00,621 [INFO] PluginManager:220 - loadIPPluginJar : add hash
2025-05-09 11:59:00,631 [INFO] IPUIPlugin:80 - create IPUIPlugin
2025-05-09 11:59:00,631 [INFO] PluginManager:220 - loadIPPluginJar : add i2c
2025-05-09 11:59:00,639 [INFO] IPUIPlugin:80 - create IPUIPlugin
2025-05-09 11:59:00,640 [INFO] PluginManager:220 - loadIPPluginJar : add i2s
2025-05-09 11:59:00,647 [INFO] IPUIPlugin:80 - create IPUIPlugin
2025-05-09 11:59:00,647 [INFO] PluginManager:220 - loadIPPluginJar : add i3c
2025-05-09 11:59:00,650 [INFO] IPUIPlugin:80 - create IPUIPlugin
2025-05-09 11:59:00,650 [INFO] PluginManager:220 - loadIPPluginJar : add ipddr
2025-05-09 11:59:00,656 [INFO] IPUIPlugin:80 - create IPUIPlugin
2025-05-09 11:59:00,657 [INFO] PluginManager:220 - loadIPPluginJar : add linkedlist
2025-05-09 11:59:00,659 [INFO] IPUIPlugin:80 - create IPUIPlugin
2025-05-09 11:59:00,659 [INFO] PluginManager:220 - loadIPPluginJar : add lorawan
2025-05-09 11:59:00,660 [INFO] IPUIPlugin:80 - create IPUIPlugin
2025-05-09 11:59:00,660 [INFO] PluginManager:220 - loadIPPluginJar : add ltdc
2025-05-09 11:59:00,665 [INFO] IPUIPlugin:80 - create IPUIPlugin
2025-05-09 11:59:00,665 [INFO] PluginManager:220 - loadIPPluginJar : add mdma
2025-05-09 11:59:00,668 [INFO] IPUIPlugin:80 - create IPUIPlugin
2025-05-09 11:59:00,668 [INFO] PluginManager:220 - loadIPPluginJar : add nvic
2025-05-09 11:59:00,671 [INFO] IPUIPlugin:80 - create IPUIPlugin
2025-05-09 11:59:00,671 [INFO] PluginManager:220 - loadIPPluginJar : add opamp
2025-05-09 11:59:00,673 [INFO] IPUIPlugin:80 - create IPUIPlugin
2025-05-09 11:59:00,674 [INFO] PluginManager:220 - loadIPPluginJar : add openamp
2025-05-09 11:59:00,676 [INFO] IPUIPlugin:80 - create IPUIPlugin
2025-05-09 11:59:00,676 [INFO] PluginManager:220 - loadIPPluginJar : add pdm2pcm
2025-05-09 11:59:00,681 [INFO] IPUIPlugin:80 - create IPUIPlugin
2025-05-09 11:59:00,684 [INFO] PluginManager:220 - loadIPPluginJar : add plateformsettings
2025-05-09 11:59:00,685 [INFO] IPUIPlugin:80 - create IPUIPlugin
2025-05-09 11:59:00,685 [INFO] PluginManager:220 - loadIPPluginJar : add quadspi
2025-05-09 11:59:00,690 [INFO] IPUIPlugin:80 - create IPUIPlugin
2025-05-09 11:59:00,690 [INFO] PluginManager:220 - loadIPPluginJar : add resmgrutility
2025-05-09 11:59:00,693 [INFO] IPUIPlugin:80 - create IPUIPlugin
2025-05-09 11:59:00,693 [INFO] PluginManager:220 - loadIPPluginJar : add sai
2025-05-09 11:59:00,696 [INFO] IPUIPlugin:80 - create IPUIPlugin
2025-05-09 11:59:00,696 [INFO] PluginManager:220 - loadIPPluginJar : add spi
2025-05-09 11:59:00,699 [INFO] IPUIPlugin:80 - create IPUIPlugin
2025-05-09 11:59:00,699 [INFO] PluginManager:220 - loadIPPluginJar : add stm32_wpan
2025-05-09 11:59:00,701 [INFO] IPUIPlugin:80 - create IPUIPlugin
2025-05-09 11:59:00,702 [INFO] PluginManager:220 - loadIPPluginJar : add tim
2025-05-09 11:59:00,704 [INFO] IPUIPlugin:80 - create IPUIPlugin
2025-05-09 11:59:00,704 [INFO] PluginManager:220 - loadIPPluginJar : add touchsensing
2025-05-09 11:59:00,706 [INFO] IPUIPlugin:80 - create IPUIPlugin
2025-05-09 11:59:00,706 [INFO] PluginManager:220 - loadIPPluginJar : add tracer_emb
2025-05-09 11:59:00,708 [INFO] IPUIPlugin:80 - create IPUIPlugin
2025-05-09 11:59:00,708 [INFO] PluginManager:220 - loadIPPluginJar : add ts
2025-05-09 11:59:00,710 [INFO] IPUIPlugin:80 - create IPUIPlugin
2025-05-09 11:59:00,710 [INFO] PluginManager:220 - loadIPPluginJar : add tsc
2025-05-09 11:59:00,711 [INFO] IPUIPlugin:80 - create IPUIPlugin
2025-05-09 11:59:00,711 [INFO] PluginManager:220 - loadIPPluginJar : add ucpd
2025-05-09 11:59:00,713 [INFO] IPUIPlugin:80 - create IPUIPlugin
2025-05-09 11:59:00,713 [INFO] PluginManager:220 - loadIPPluginJar : add usart
2025-05-09 11:59:00,715 [INFO] IPUIPlugin:80 - create IPUIPlugin
2025-05-09 11:59:00,715 [INFO] PluginManager:220 - loadIPPluginJar : add usbx
2025-05-09 11:59:00,835 [INFO] CADModel:165 - CPN selected for project level
2025-05-09 11:59:00,835 [INFO] CADModel:114 - Register for checkConnection events
2025-05-09 11:59:00,835 [FATAL] Updater:308 - Updater called before beeing initialized
2025-05-09 11:59:00,836 [ERROR] CADModel:125 - Updater not yet initialized, retry later 
2025-05-09 11:59:00,981 [INFO] CADModel:165 - CPN selected for project level
2025-05-09 11:59:00,981 [INFO] CADModel:114 - Register for checkConnection events
2025-05-09 11:59:00,981 [FATAL] Updater:308 - Updater called before beeing initialized
2025-05-09 11:59:00,981 [ERROR] CADModel:125 - Updater not yet initialized, retry later 
2025-05-09 11:59:00,983 [FATAL] Updater:308 - Updater called before beeing initialized
2025-05-09 11:59:01,070 [FATAL] Updater:308 - Updater called before beeing initialized
2025-05-09 11:59:01,075 [INFO] DbMcusAds:53 - JSON generation date=Tue Dec 17 23:01:15 ICT 2024 (1734451275230)
2025-05-09 11:59:01,075 [FATAL] Updater:308 - Updater called before beeing initialized
2025-05-09 11:59:01,111 [WARN] DetailPanel:346 - Failed to get advertising image, set to default
2025-05-09 11:59:01,199 [FATAL] Updater:308 - Updater called before beeing initialized
2025-05-09 11:59:01,201 [FATAL] Updater:308 - Updater called before beeing initialized
2025-05-09 11:59:01,201 [FATAL] Updater:308 - Updater called before beeing initialized
2025-05-09 11:59:01,201 [WARN] DetailPanel:346 - Failed to get advertising image, set to default
2025-05-09 11:59:01,203 [FATAL] Updater:308 - Updater called before beeing initialized
2025-05-09 11:59:01,243 [ERROR] Updater:1120 - MainUpdater not yet initialized. External WinMGr cannot be set.
2025-05-09 11:59:01,245 [INFO] Updater:1056 - Updater Version found : 6.9.0
2025-05-09 11:59:01,265 [INFO] ApplicationProperties:184 - Using Application install path: D:\ITC\STM32\STM32CubeIDE_1.13.0\STM32CubeIDE\plugins\com.st.stm32cube.common.mx_6.9.0.202307051724
2025-05-09 11:59:01,439 [INFO] MainUpdater:2868 - connection check result : 10
2025-05-09 11:59:01,440 [INFO] MainUpdater:285 - Updater Check For Update Now.
2025-05-09 11:59:01,440 [INFO] MicroXplorer:498 - Change Database Version : DB.6.0.90
2025-05-09 11:59:01,448 [INFO] McuFinderGlobals:63 - Set McuFinder mode to 2 (CubeIDE integrated)
2025-05-09 11:59:01,621 [INFO] CheckServerUpdateThread:120 - End of CheckServer Thread
2025-05-09 11:59:01,664 [INFO] MainUpdater:2868 - connection check result : 10
2025-05-09 11:59:01,668 [INFO] MainUpdater:2868 - connection check result : 10
2025-05-09 11:59:01,755 [INFO] MicroXplorer:468 - Change Database Path : 
2025-05-09 11:59:01,755 [INFO] MicroXplorer:498 - Change Database Version : DB.6.0.90
2025-05-09 11:59:01,759 [WARN] ThirdParty:871 - waiting for thirdparty lock release [close project]
2025-05-09 11:59:03,321 [WARN] PackLoader:240 - Cannot read IP mode file for STMicroelectronics.FP-SNS-MOTENVWB1.1.4.0
2025-05-09 11:59:03,330 [WARN] PackLoader:240 - Cannot read IP mode file for STMicroelectronics.FP-ATR-ASTRA1.2.0.2
2025-05-09 11:59:03,333 [WARN] PackLoader:240 - Cannot read IP mode file for STMicroelectronics.FP-ATR-ASTRA1.2.0.1
2025-05-09 11:59:03,341 [WARN] PackLoader:240 - Cannot read IP mode file for STMicroelectronics.X-CUBE-SMBUS.2.1.0
2025-05-09 11:59:03,348 [WARN] PackLoader:240 - Cannot read IP mode file for STMicroelectronics.X-CUBE-WB05N.1.1.0
2025-05-09 11:59:03,355 [WARN] PackLoader:240 - Cannot read IP mode file for STMicroelectronics.X-CUBE-TOUCHGFX.4.23.0
2025-05-09 11:59:03,358 [WARN] PackLoader:240 - Cannot read IP mode file for STMicroelectronics.X-CUBE-TOUCHGFX.4.23.2
2025-05-09 11:59:03,384 [WARN] PackLoader:240 - Cannot read IP mode file for STMicroelectronics.X-CUBE-AZRTOS-F7.1.1.0
2025-05-09 11:59:03,392 [ERROR] RealEvaluatedCondition:428 - Found unsupported composite condition: GROUP='STM32_MetaDataManager' CLASS='Data Exchange'
2025-05-09 11:59:03,392 [ERROR] RealEvaluatedCondition:428 - Found unsupported composite condition: GROUP='STM32_MetaDataManager' CLASS='Data Exchange'
2025-05-09 11:59:03,393 [WARN] PackLoader:240 - Cannot read IP mode file for STMicroelectronics.FP-SNS-MOTENV1.4.3.0
2025-05-09 11:59:03,399 [WARN] PackLoader:240 - Cannot read IP mode file for STMicroelectronics.FP-SNS-MOTENV1.4.3.2
2025-05-09 11:59:03,405 [WARN] PackLoader:240 - Cannot read IP mode file for STMicroelectronics.FP-SNS-FLIGHT1.5.0.0
2025-05-09 11:59:03,410 [WARN] PackLoader:240 - Cannot read IP mode file for STMicroelectronics.X-CUBE-BLE1.6.2.4
2025-05-09 11:59:03,414 [WARN] PackLoader:240 - Cannot read IP mode file for STMicroelectronics.FP-SNS-FLIGHT1.5.0.2
2025-05-09 11:59:03,420 [ERROR] Engine:466 - C:\Users\msi1\.stm32cubemx\thirdparties\pdsc\Infineon.AIROC-Wi-Fi-Bluetooth-STM32.1.7.0.pdsc: PDSC version is not supported
2025-05-09 11:59:03,427 [WARN] PackLoader:240 - Cannot read IP mode file for STMicroelectronics.X-CUBE-DISPLAY.3.0.0
2025-05-09 11:59:03,434 [WARN] PackLoader:240 - Cannot read IP mode file for STMicroelectronics.X-CUBE-BLE1.7.0.0
2025-05-09 11:59:03,449 [WARN] PackLoader:240 - Cannot read IP mode file for STMicroelectronics.X-CUBE-NFC10.1.0.0
2025-05-09 11:59:03,455 [ERROR] Engine:466 - C:\Users\msi1\.stm32cubemx\thirdparties\pdsc\STMicroelectronics.X-CUBE-BLEMGR.4.0.0.pdsc: PDSC version is not supported
2025-05-09 11:59:03,461 [WARN] PackLoader:240 - Cannot read IP mode file for emotas.I-CUBE-CANOPEN.1.3.0
2025-05-09 11:59:03,465 [WARN] PackLoader:240 - Cannot read IP mode file for STMicroelectronics.X-CUBE-TOUCHGFX.4.22.0
2025-05-09 11:59:03,468 [WARN] PackLoader:240 - Cannot read IP mode file for STMicroelectronics.X-CUBE-TOUCHGFX.4.22.1
2025-05-09 11:59:03,477 [WARN] PackLoader:240 - Cannot read IP mode file for STMicroelectronics.X-CUBE-BLEMGR.3.1.0
2025-05-09 11:59:03,486 [WARN] PackLoader:240 - Cannot read IP mode file for STMicroelectronics.X-CUBE-AI.10.0.0
2025-05-09 11:59:03,519 [WARN] PackLoader:240 - Cannot read IP mode file for STMicroelectronics.FP-SNS-SMARTAG2.1.2.0
2025-05-09 11:59:03,524 [ERROR] Engine:466 - C:\Users\msi1\.stm32cubemx\thirdparties\pdsc\STMicroelectronics.FP-SNS-FLIGHT1.5.1.0.pdsc: PDSC version is not supported
2025-05-09 11:59:03,582 [WARN] PackLoader:240 - Cannot read IP mode file for STMicroelectronics.X-CUBE-MEMS1.11.1.0
2025-05-09 11:59:03,699 [INFO] LogOutputStream:77 - [STDOUT_REDIRECT] 1 : Invalid condition id : UX_CORESTACK_Condition cause : null
2025-05-09 11:59:03,700 [INFO] LogOutputStream:77 - [STDOUT_REDIRECT] 1 : Invalid condition id : UX_CORESTACK_Condition cause : null
2025-05-09 11:59:03,700 [INFO] LogOutputStream:77 - [STDOUT_REDIRECT] 1 : Invalid condition id : UX_CORESTACK_Condition cause : null
2025-05-09 11:59:03,701 [INFO] LogOutputStream:77 - [STDOUT_REDIRECT] 1 : Invalid condition id : UX_CORESTACK_Condition cause : null
2025-05-09 11:59:03,702 [INFO] LogOutputStream:77 - [STDOUT_REDIRECT] 1 : Invalid condition id : UX_CORESTACK_Condition cause : null
2025-05-09 11:59:03,704 [WARN] PackLoader:240 - Cannot read IP mode file for STMicroelectronics.X-CUBE-AZRTOS-WL.2.0.0
2025-05-09 11:59:03,709 [WARN] PackLoader:240 - Cannot read IP mode file for STMicroelectronics.FP-SNS-MOTENV1.5.0.0
2025-05-09 11:59:03,714 [WARN] PackLoader:240 - Cannot read IP mode file for wolfSSL.I-CUBE-wolfMQTT.1.19.0
2025-05-09 11:59:03,721 [WARN] PackLoader:240 - Cannot read IP mode file for WES.I-CUBE-Cesium.1.3.0
2025-05-09 11:59:03,725 [WARN] PackLoader:240 - Cannot read IP mode file for STMicroelectronics.X-CUBE-BLE2.3.3.0
2025-05-09 11:59:03,730 [WARN] PackLoader:240 - Cannot read IP mode file for STMicroelectronics.X-CUBE-NFC9.1.0.0
2025-05-09 11:59:03,742 [WARN] PackLoader:240 - Cannot read IP mode file for STMicroelectronics.X-CUBE-BLE1.7.1.0
2025-05-09 11:59:03,753 [WARN] PackLoader:240 - Cannot read IP mode file for STMicroelectronics.X-CUBE-TCPP.4.1.0
2025-05-09 11:59:03,763 [WARN] PackLoader:240 - Cannot read IP mode file for STMicroelectronics.X-CUBE-TOUCHGFX.4.21.4
2025-05-09 11:59:03,775 [WARN] PackLoader:240 - Cannot read IP mode file for STMicroelectronics.X-CUBE-ALGOBUILD.1.3.0
2025-05-09 11:59:03,807 [WARN] PackLoader:240 - Cannot read IP mode file for STMicroelectronics.X-CUBE-MEMS1.11.2.0
2025-05-09 11:59:03,898 [WARN] PackLoader:240 - Cannot read IP mode file for STMicroelectronics.X-CUBE-AZRTOS-G0.1.1.0
2025-05-09 11:59:03,904 [WARN] PackLoader:240 - Cannot read IP mode file for STMicroelectronics.X-CUBE-SAFEA1.1.2.2
2025-05-09 11:59:03,912 [WARN] PackLoader:240 - Cannot read IP mode file for STMicroelectronics.X-CUBE-NFC4.3.0.0
2025-05-09 11:59:03,917 [WARN] PackLoader:240 - Cannot read IP mode file for wolfSSL.I-CUBE-wolfMQTT.1.18.0
2025-05-09 11:59:03,919 [ERROR] Engine:466 - C:\Users\msi1\.stm32cubemx\thirdparties\pdsc\EmbeddedOffice.I-CUBE-FS-RTOS.1.0.1.pdsc: PDSC version is not supported
2025-05-09 11:59:03,924 [WARN] PackLoader:240 - Cannot read IP mode file for STMicroelectronics.X-CUBE-WB05N.2.0.0
2025-05-09 11:59:03,932 [WARN] PackLoader:240 - Cannot read IP mode file for STMicroelectronics.X-CUBE-BLEMGR.3.0.0
2025-05-09 11:59:03,939 [ERROR] Engine:466 - C:\Users\msi1\.stm32cubemx\thirdparties\pdsc\STMicroelectronics.X-CUBE-TCPP.4.2.0.pdsc: PDSC version is not supported
2025-05-09 11:59:03,941 [ERROR] Engine:466 - C:\Users\msi1\.stm32cubemx\thirdparties\pdsc\RealThread.X-CUBE-RT-Thread_Nano.4.1.1.pdsc: PDSC version is not supported
2025-05-09 11:59:03,945 [WARN] PackLoader:240 - Cannot read IP mode file for STMicroelectronics.FP-ATR-SIGFOX1.3.2.0
2025-05-09 11:59:03,947 [ERROR] Engine:466 - C:\Users\msi1\.stm32cubemx\thirdparties\pdsc\quantropi.X-CUBE-qispace-sdk-base.1.9.3.pdsc: PDSC version is not supported
2025-05-09 11:59:03,953 [WARN] PackLoader:240 - Cannot read IP mode file for STMicroelectronics.X-CUBE-EEPRMA1.5.1.0
2025-05-09 11:59:03,958 [WARN] PackLoader:240 - Cannot read IP mode file for wolfSSL.I-CUBE-wolfSSL.5.7.6
2025-05-09 11:59:03,965 [WARN] PackLoader:240 - Cannot read IP mode file for ITTIA_DB.I-CUBE-ITTIADB.8.9.0
2025-05-09 11:59:04,015 [WARN] PackLoader:240 - Cannot read IP mode file for SEGGER.I-CUBE-embOS.1.3.1
2025-05-09 11:59:04,066 [WARN] PackLoader:240 - Cannot read IP mode file for STMicroelectronics.X-CUBE-ALGOBUILD.1.4.0
2025-05-09 11:59:04,070 [WARN] PackLoader:240 - Cannot read IP mode file for STMicroelectronics.X-CUBE-AI.9.1.0
2025-05-09 11:59:04,073 [WARN] PackLoader:240 - Cannot read IP mode file for STMicroelectronics.X-CUBE-GNSS1.6.0.0
2025-05-09 11:59:04,085 [WARN] PackLoader:240 - Cannot read IP mode file for STMicroelectronics.X-CUBE-AZRTOS-F4.1.1.0
2025-05-09 11:59:04,089 [ERROR] Engine:466 - C:\Users\msi1\.stm32cubemx\thirdparties\pdsc\Avnet-IotConnect.X-CUBE-IoTC-DA16k-PMOD.1.0.0.pdsc: PDSC version is not supported
2025-05-09 11:59:04,091 [WARN] PackLoader:240 - Cannot read IP mode file for wolfSSL.I-CUBE-wolfSSL.5.6.0
2025-05-09 11:59:04,095 [WARN] PackLoader:240 - Cannot read IP mode file for STMicroelectronics.X-CUBE-ISPU.2.1.0
2025-05-09 11:59:04,099 [WARN] PackLoader:240 - Cannot read IP mode file for STMicroelectronics.X-CUBE-FREERTOS.1.2.0
2025-05-09 11:59:04,110 [WARN] PackLoader:240 - Cannot read IP mode file for STMicroelectronics.X-CUBE-AZRTOS-L5.2.0.0
2025-05-09 11:59:04,136 [WARN] PackLoader:240 - Cannot read IP mode file for STMicroelectronics.X-CUBE-MEMS1.9.6.0
2025-05-09 11:59:04,225 [WARN] PackLoader:240 - Cannot read IP mode file for STMicroelectronics.X-CUBE-EEPRMA1.4.2.0
2025-05-09 11:59:04,230 [WARN] PackLoader:240 - Cannot read IP mode file for STMicroelectronics.X-CUBE-NFC6.3.1.0
2025-05-09 11:59:04,234 [WARN] PackLoader:240 - Cannot read IP mode file for ITTIA_DB.I-CUBE-ITTIADB.8.8.0
2025-05-09 11:59:04,239 [WARN] PackLoader:240 - Cannot read IP mode file for emotas.I-CUBE-CANOPEN.1.1.3
2025-05-09 11:59:04,244 [WARN] PackLoader:240 - Cannot read IP mode file for STMicroelectronics.X-CUBE-BLEMGR.2.0.0
2025-05-09 11:59:04,248 [ERROR] Engine:466 - C:\Users\msi1\.stm32cubemx\thirdparties\pdsc\STMicroelectronics.X-CUBE-DPower.1.2.0.pdsc: PDSC version is not supported
2025-05-09 11:59:04,251 [WARN] PackLoader:240 - Cannot read IP mode file for STMicroelectronics.X-CUBE-AI.9.0.0
2025-05-09 11:59:04,273 [WARN] ConditionMgr:438 - getConditionDescription Invalid condition id : UX DEVICE CLASS RTOS Condition cause : null
2025-05-09 11:59:04,274 [WARN] ConditionMgr:438 - getConditionDescription Invalid condition id : UX DEVICE CLASS RTOS Condition cause : null
2025-05-09 11:59:04,279 [WARN] PackLoader:240 - Cannot read IP mode file for STMicroelectronics.X-CUBE-AZRTOS-H7.3.1.0
2025-05-09 11:59:04,282 [WARN] ConditionMgr:1039 - genDependencies : Invalid condition id : UX DEVICE CLASS RTOS Condition cause : null
2025-05-09 11:59:04,282 [WARN] ConditionMgr:1039 - genDependencies : Invalid condition id : UX DEVICE CLASS RTOS Condition cause : null
2025-05-09 11:59:04,283 [WARN] ConditionMgr:1039 - genDependencies : Invalid condition id : UX DEVICE CLASS RTOS Condition cause : null
2025-05-09 11:59:04,283 [WARN] ConditionMgr:1039 - genDependencies : Invalid condition id : UX DEVICE CLASS RTOS Condition cause : null
2025-05-09 11:59:04,284 [WARN] ConditionMgr:1039 - genDependencies : Invalid condition id : UX DEVICE CLASS RTOS Condition cause : null
2025-05-09 11:59:04,289 [WARN] PackLoader:240 - Cannot read IP mode file for STMicroelectronics.X-CUBE-FREERTOS.1.3.0
2025-05-09 11:59:04,294 [WARN] PackLoader:240 - Cannot read IP mode file for STMicroelectronics.X-CUBE-NFC7.1.0.1
2025-05-09 11:59:04,298 [WARN] PackLoader:240 - Cannot read IP mode file for STMicroelectronics.X-CUBE-NFC7.1.0.0
2025-05-09 11:59:04,302 [WARN] PackLoader:240 - Cannot read IP mode file for wolfSSL.I-CUBE-wolfTPM.3.2.0
2025-05-09 11:59:04,307 [WARN] PackLoader:240 - Cannot read IP mode file for STMicroelectronics.X-CUBE-NFC6.3.0.0
2025-05-09 11:59:04,312 [WARN] PackLoader:240 - Cannot read IP mode file for STMicroelectronics.X-CUBE-EEPRMA1.4.1.0
2025-05-09 11:59:04,316 [ERROR] Engine:466 - C:\Users\msi1\.stm32cubemx\thirdparties\pdsc\STMicroelectronics.X-CUBE-DPower.1.3.0.pdsc: PDSC version is not supported
2025-05-09 11:59:04,318 [WARN] PackLoader:240 - Cannot read IP mode file for STMicroelectronics.X-CUBE-AI.8.1.0
2025-05-09 11:59:04,329 [WARN] ConditionMgr:438 - getConditionDescription Invalid condition id : LAN8742 Phy interface Condition cause : null
2025-05-09 11:59:04,329 [WARN] PackLoader:240 - Cannot read IP mode file for STMicroelectronics.X-CUBE-AZRTOS-L4.2.0.0
2025-05-09 11:59:04,338 [WARN] ConditionMgr:1039 - genDependencies : Invalid condition id : LAN8742 Phy interface Condition cause : null
2025-05-09 11:59:04,339 [WARN] ConditionMgr:1039 - genDependencies : Invalid condition id : LAN8742 Phy interface Condition cause : null
2025-05-09 11:59:04,339 [WARN] ConditionMgr:1039 - genDependencies : Invalid condition id : LAN8742 Phy interface Condition cause : null
2025-05-09 11:59:04,346 [WARN] PackLoader:240 - Cannot read IP mode file for STMicroelectronics.X-CUBE-SFXS2LP1.4.0.0
2025-05-09 11:59:04,350 [WARN] PackLoader:240 - Cannot read IP mode file for STMicroelectronics.X-CUBE-ISPU.1.1.0
2025-05-09 11:59:04,364 [WARN] PackLoader:240 - Cannot read IP mode file for STMicroelectronics.X-CUBE-AZRTOS-H7.3.3.0
2025-05-09 11:59:04,371 [ERROR] Engine:466 - C:\Users\msi1\.stm32cubemx\thirdparties\pdsc\STMicroelectronics.X-CUBE-IPS.3.0.0.pdsc: PDSC version is not supported
2025-05-09 11:59:04,380 [WARN] ConditionMgr:438 - getConditionDescription Invalid condition id : UX DEVICE CLASS RTOS Condition cause : null
2025-05-09 11:59:04,381 [WARN] ConditionMgr:438 - getConditionDescription Invalid condition id : UX DEVICE CLASS RTOS Condition cause : null
2025-05-09 11:59:04,383 [WARN] PackLoader:240 - Cannot read IP mode file for STMicroelectronics.X-CUBE-AZRTOS-WB.2.0.0
2025-05-09 11:59:04,383 [WARN] ConditionMgr:1039 - genDependencies : Invalid condition id : UX DEVICE CLASS RTOS Condition cause : null
2025-05-09 11:59:04,383 [WARN] ConditionMgr:1039 - genDependencies : Invalid condition id : UX DEVICE CLASS RTOS Condition cause : null
2025-05-09 11:59:04,384 [WARN] ConditionMgr:1039 - genDependencies : Invalid condition id : UX DEVICE CLASS RTOS Condition cause : null
2025-05-09 11:59:04,384 [WARN] ConditionMgr:1039 - genDependencies : Invalid condition id : UX DEVICE CLASS RTOS Condition cause : null
2025-05-09 11:59:04,384 [WARN] ConditionMgr:1039 - genDependencies : Invalid condition id : UX DEVICE CLASS RTOS Condition cause : null
2025-05-09 11:59:04,389 [WARN] PackLoader:240 - Cannot read IP mode file for STMicroelectronics.X-CUBE-FREERTOS.1.0.1
2025-05-09 11:59:04,393 [WARN] PackLoader:240 - Cannot read IP mode file for STMicroelectronics.X-CUBE-GNSS1.7.0.1
2025-05-09 11:59:04,402 [WARN] PackLoader:240 - Cannot read IP mode file for STMicroelectronics.X-CUBE-TOUCHGFX.4.25.0
2025-05-09 11:59:04,405 [ERROR] Engine:466 - C:\Users\msi1\.stm32cubemx\thirdparties\pdsc\STMicroelectronics.FP-SNS-STBOX1.2.0.0.pdsc: PDSC version is not supported
2025-05-09 11:59:04,418 [WARN] PackLoader:240 - Cannot read IP mode file for STMicroelectronics.X-CUBE-AZRTOS-L5.1.1.0
2025-05-09 11:59:04,423 [WARN] PackLoader:240 - Cannot read IP mode file for STMicroelectronics.X-CUBE-AI.8.0.1
2025-05-09 11:59:04,434 [WARN] PackLoader:240 - Cannot read IP mode file for STMicroelectronics.X-CUBE-SUBG2.5.0.0
2025-05-09 11:59:04,449 [WARN] PackLoader:240 - Cannot read IP mode file for STMicroelectronics.X-CUBE-AZRTOS-H7RS.1.1.0
2025-05-09 11:59:04,454 [WARN] PackLoader:240 - Cannot read IP mode file for Cesanta.I-CUBE-Mongoose.7.13.0
2025-05-09 11:59:04,461 [WARN] PackLoader:240 - Cannot read IP mode file for STMicroelectronics.X-CUBE-TOF1.3.3.1
2025-05-09 11:59:04,476 [WARN] PackLoader:240 - Cannot read IP mode file for STMicroelectronics.X-CUBE-AZRTOS-G4.2.0.0
2025-05-09 11:59:04,485 [WARN] PackLoader:240 - Cannot read IP mode file for STMicroelectronics.X-CUBE-TOF1.3.3.0
2025-05-09 11:59:04,499 [WARN] PackLoader:240 - Cannot read IP mode file for Infineon.AIROC-Wi-Fi-Bluetooth-STM32.1.5.1
2025-05-09 11:59:04,506 [WARN] PackLoader:240 - Cannot read IP mode file for STMicroelectronics.FP-SNS-MOTENVWB1.1.3.0
2025-05-09 11:59:04,518 [WARN] PackLoader:240 - Cannot read IP mode file for STMicroelectronics.X-CUBE-NFC7.2.0.0
2025-05-09 11:59:04,535 [WARN] PackLoader:240 - Cannot read IP mode file for STMicroelectronics.FP-SNS-MOTENVWB1.1.3.1
2025-05-09 11:59:04,546 [WARN] PackLoader:240 - Cannot read IP mode file for STMicroelectronics.X-CUBE-AZRTOS-L4.1.0.0
2025-05-09 11:59:04,552 [WARN] PackLoader:240 - Cannot read IP mode file for STMicroelectronics.X-CUBE-ISPU.2.0.0
2025-05-09 11:59:04,560 [ERROR] Engine:466 - C:\Users\msi1\.stm32cubemx\thirdparties\pdsc\STMicroelectronics.X-CUBE-IPS.3.1.0.pdsc: PDSC version is not supported
2025-05-09 11:59:04,565 [WARN] PackLoader:240 - Cannot read IP mode file for STMicroelectronics.X-CUBE-ALS.1.0.2
2025-05-09 11:59:04,593 [WARN] PackLoader:240 - Cannot read IP mode file for STMicroelectronics.X-CUBE-MEMS1.10.0.0
2025-05-09 11:59:04,661 [WARN] PackLoader:240 - Cannot read IP mode file for STMicroelectronics.X-CUBE-FREERTOS.1.1.0
2025-05-09 11:59:04,664 [WARN] PackLoader:240 - Cannot read IP mode file for STMicroelectronics.X-CUBE-TOUCHGFX.4.24.0
2025-05-09 11:59:04,667 [WARN] PackLoader:240 - Cannot read IP mode file for STMicroelectronics.X-CUBE-TOUCHGFX.4.24.2
2025-05-09 11:59:04,674 [WARN] PackLoader:240 - Cannot read IP mode file for STMicroelectronics.X-CUBE-AZRTOS-WL.1.0.0
2025-05-09 11:59:04,679 [WARN] PackLoader:240 - Cannot read IP mode file for STMicroelectronics.X-CUBE-TOUCHGFX.4.24.1
2025-05-09 11:59:04,681 [WARN] PackLoader:240 - Cannot read IP mode file for wolfSSL.I-CUBE-wolfTPM.3.4.0
2025-05-09 11:59:04,686 [WARN] PackLoader:240 - Cannot read IP mode file for portGmbH.I-Cube-SoM-uGOAL.1.1.0
2025-05-09 11:59:04,689 [WARN] PackLoader:240 - Cannot read IP mode file for STMicroelectronics.X-CUBE-ALS.1.0.1
2025-05-09 11:59:04,698 [WARN] PackLoader:240 - Cannot read IP mode file for STMicroelectronics.X-CUBE-AZRTOS-WB.1.1.0
2025-05-09 11:59:04,711 [WARN] PackLoader:240 - Cannot read IP mode file for STMicroelectronics.X-CUBE-AZRTOS-H7RS.1.0.0
2025-05-09 11:59:04,716 [WARN] PackLoader:240 - Cannot read IP mode file for STMicroelectronics.FP-ATR-ASTRA1.2.0.0
2025-05-09 11:59:04,721 [ERROR] Engine:466 - C:\Users\msi1\.stm32cubemx\thirdparties\pdsc\STMicroelectronics.X-CUBE-TOF1.3.4.2.pdsc: PDSC version is not supported
2025-05-09 11:59:04,725 [ERROR] Engine:466 - C:\Users\msi1\.stm32cubemx\thirdparties\pdsc\STMicroelectronics.X-CUBE-TOF1.3.4.3.pdsc: PDSC version is not supported
2025-05-09 11:59:04,733 [WARN] PackLoader:240 - Cannot read IP mode file for STMicroelectronics.X-CUBE-TOF1.3.4.0
2025-05-09 11:59:04,745 [WARN] PackLoader:240 - Cannot read IP mode file for STMicroelectronics.X-CUBE-TOF1.3.4.1
2025-05-09 11:59:04,782 [WARN] PackLoader:240 - Cannot read IP mode file for STMicroelectronics.X-CUBE-AZRTOS-H7.3.2.0
2025-05-09 11:59:04,789 [WARN] PackLoader:240 - Cannot read IP mode file for wolfSSL.I-CUBE-wolfSSH.1.4.17
2025-05-09 11:59:04,790 [INFO] ThirdParty:978 - Integrity check success = true
2025-05-09 11:59:04,790 [INFO] IntegrityCheckThread:100 - exiting critical section [integrity check]
2025-05-09 11:59:04,790 [INFO] IntegrityCheckThread:103 - End integrity checks thread
2025-05-09 11:59:04,791 [INFO] ThirdParty:873 - entering critical section [close project]
2025-05-09 11:59:04,791 [INFO] ThirdParty:883 - exiting critical section [close project]
2025-05-09 11:59:04,794 [INFO] PinOutPanel:1499 - setPackage(No Configuration,No Configuration)
2025-05-09 11:59:04,799 [INFO] UtilMem:75 - Begin LoadConfig() Used Memory: 265531704 Bytes (480247808)
2025-05-09 11:59:04,800 [INFO] MicroXplorer:468 - Change Database Path : 
2025-05-09 11:59:04,800 [INFO] MicroXplorer:498 - Change Database Version : DB.6.0.90
2025-05-09 11:59:04,800 [INFO] OpenFileManager:308 - Change cursor
2025-05-09 11:59:04,819 [INFO] Mcu:1946 - Initializing MCU STM32F401C(B-C)Ux STM32F401CCUx STM32F401CCU6
2025-05-09 11:59:05,871 [INFO] Context:659 - Trying to add GPIOservice into a context  which must be forbidden
2025-05-09 11:59:06,307 [INFO] RtosManager:555 - Registered RTOS mode: class=CMSIS, group=RTOS, mode=CMSIS_V1, owner=FREERTOS
2025-05-09 11:59:06,307 [INFO] RtosManager:555 - Registered RTOS mode: class=CMSIS, group=RTOS2, mode=CMSIS_V2, owner=FREERTOS
2025-05-09 11:59:06,307 [INFO] RtosManager:555 - Registered RTOS mode: class=RTOS, group=Core, mode=CMSIS_V1, owner=FREERTOS
2025-05-09 11:59:06,307 [INFO] RtosManager:555 - Registered RTOS mode: class=RTOS, group=Core, mode=CMSIS_V2, owner=FREERTOS
2025-05-09 11:59:06,308 [WARN] ModelIntegratedComponent:184 - Missing modes for component STMicroelectronics:FreeRTOS:0.0.1:STMicroelectronics:RTOS:FreeRTOS:Core:::10.2.0:
2025-05-09 11:59:06,313 [WARN] ModelIntegratedComponent:63 - No mode defined for component null
2025-05-09 11:59:06,314 [WARN] ModelIntegratedComponent:63 - No mode defined for component null
2025-05-09 11:59:06,314 [WARN] ModelIntegratedComponent:63 - No mode defined for component null
2025-05-09 11:59:06,314 [WARN] ModelIntegratedComponent:63 - No mode defined for component null
2025-05-09 11:59:06,314 [WARN] ModelIntegratedComponent:63 - No mode defined for component null
2025-05-09 11:59:06,314 [WARN] ModelIntegratedComponent:63 - No mode defined for component null
2025-05-09 11:59:06,314 [WARN] ModelIntegratedComponent:63 - No mode defined for component null
2025-05-09 11:59:06,314 [WARN] ModelIntegratedComponent:63 - No mode defined for component null
2025-05-09 11:59:06,314 [WARN] ModelIntegratedComponent:63 - No mode defined for component null
2025-05-09 11:59:06,314 [WARN] ModelIntegratedComponent:63 - No mode defined for component null
2025-05-09 11:59:06,314 [WARN] ModelIntegratedComponent:63 - No mode defined for component null
2025-05-09 11:59:06,314 [WARN] ModelIntegratedComponent:63 - No mode defined for component null
2025-05-09 11:59:06,314 [WARN] ModelIntegratedComponent:63 - No mode defined for component null
2025-05-09 11:59:06,314 [WARN] ModelIntegratedComponent:63 - No mode defined for component null
2025-05-09 11:59:06,314 [WARN] ModelIntegratedComponent:63 - No mode defined for component null
2025-05-09 11:59:06,314 [WARN] ModelIntegratedComponent:63 - No mode defined for component null
2025-05-09 11:59:06,314 [WARN] ModelIntegratedComponent:63 - No mode defined for component null
2025-05-09 11:59:06,314 [WARN] ModelIntegratedComponent:63 - No mode defined for component null
2025-05-09 11:59:06,314 [WARN] ModelIntegratedComponent:63 - No mode defined for component null
2025-05-09 11:59:06,315 [WARN] ModelIntegratedComponent:63 - No mode defined for component null
2025-05-09 11:59:06,315 [WARN] ModelIntegratedComponent:63 - No mode defined for component null
2025-05-09 11:59:06,315 [WARN] ModelIntegratedComponent:63 - No mode defined for component null
2025-05-09 11:59:06,315 [WARN] ModelIntegratedComponent:63 - No mode defined for component null
2025-05-09 11:59:06,315 [WARN] ModelIntegratedComponent:63 - No mode defined for component null
2025-05-09 11:59:06,315 [WARN] ModelIntegratedComponent:63 - No mode defined for component null
2025-05-09 11:59:06,315 [WARN] ModelIntegratedComponent:63 - No mode defined for component null
2025-05-09 11:59:06,315 [WARN] ModelIntegratedComponent:63 - No mode defined for component null
2025-05-09 11:59:06,315 [WARN] ModelIntegratedComponent:63 - No mode defined for component null
2025-05-09 11:59:06,315 [WARN] ModelIntegratedComponent:63 - No mode defined for component null
2025-05-09 11:59:06,315 [WARN] ModelIntegratedComponent:63 - No mode defined for component null
2025-05-09 11:59:06,315 [WARN] ModelIntegratedComponent:63 - No mode defined for component null
2025-05-09 11:59:06,315 [WARN] ModelIntegratedComponent:63 - No mode defined for component null
2025-05-09 11:59:06,315 [WARN] ModelIntegratedComponent:63 - No mode defined for component null
2025-05-09 11:59:06,379 [WARN] ModelIntegratedComponent:182 - Modes not found for component STMicroelectronics:USB_DEVICE:1.0.0:STMicroelectronics:USB::USB Device:Audio HS::1.0:USB_DEVICE_1_0_RESTRICTED_HS
2025-05-09 11:59:06,379 [WARN] ModelIntegratedComponent:188 - Modes not found for component STMicroelectronics:USB_DEVICE:1.0.0:STMicroelectronics:USB::USB Device:Audio HS::1.0:USB_DEVICE_1_0_RESTRICTED_HS
2025-05-09 11:59:06,379 [WARN] ModelIntegratedComponent:182 - Modes not found for component STMicroelectronics:USB_DEVICE:1.0.0:STMicroelectronics:USB::USB Device:CDC HS::1.0:USB_DEVICE_1_0_RESTRICTED_HS
2025-05-09 11:59:06,379 [WARN] ModelIntegratedComponent:188 - Modes not found for component STMicroelectronics:USB_DEVICE:1.0.0:STMicroelectronics:USB::USB Device:CDC HS::1.0:USB_DEVICE_1_0_RESTRICTED_HS
2025-05-09 11:59:06,379 [WARN] ModelIntegratedComponent:182 - Modes not found for component STMicroelectronics:USB_DEVICE:1.0.0:STMicroelectronics:USB::USB Device:DFU HS::1.0:USB_DEVICE_1_0_RESTRICTED_HS
2025-05-09 11:59:06,379 [WARN] ModelIntegratedComponent:188 - Modes not found for component STMicroelectronics:USB_DEVICE:1.0.0:STMicroelectronics:USB::USB Device:DFU HS::1.0:USB_DEVICE_1_0_RESTRICTED_HS
2025-05-09 11:59:06,379 [WARN] ModelIntegratedComponent:182 - Modes not found for component STMicroelectronics:USB_DEVICE:1.0.0:STMicroelectronics:USB::USB Device:HID HS::1.0:USB_DEVICE_1_0_RESTRICTED_HS
2025-05-09 11:59:06,379 [WARN] ModelIntegratedComponent:188 - Modes not found for component STMicroelectronics:USB_DEVICE:1.0.0:STMicroelectronics:USB::USB Device:HID HS::1.0:USB_DEVICE_1_0_RESTRICTED_HS
2025-05-09 11:59:06,379 [WARN] ModelIntegratedComponent:182 - Modes not found for component STMicroelectronics:USB_DEVICE:1.0.0:STMicroelectronics:USB::USB Device:Custom HID HS::1.0:USB_DEVICE_1_0_RESTRICTED_HS
2025-05-09 11:59:06,379 [WARN] ModelIntegratedComponent:188 - Modes not found for component STMicroelectronics:USB_DEVICE:1.0.0:STMicroelectronics:USB::USB Device:Custom HID HS::1.0:USB_DEVICE_1_0_RESTRICTED_HS
2025-05-09 11:59:06,379 [WARN] ModelIntegratedComponent:182 - Modes not found for component STMicroelectronics:USB_DEVICE:1.0.0:STMicroelectronics:USB::USB Device:MSC HS::1.0:USB_DEVICE_1_0_RESTRICTED_HS
2025-05-09 11:59:06,379 [WARN] ModelIntegratedComponent:188 - Modes not found for component STMicroelectronics:USB_DEVICE:1.0.0:STMicroelectronics:USB::USB Device:MSC HS::1.0:USB_DEVICE_1_0_RESTRICTED_HS
2025-05-09 11:59:06,449 [WARN] ModelIntegratedComponent:182 - Modes not found for component STMicroelectronics:USB_HOST:1.0.0:STMicroelectronics:USB::USB Host:Audio HS::1.0:USB_HOST_1_0_RESTRICTED_HS
2025-05-09 11:59:06,449 [WARN] ModelIntegratedComponent:188 - Modes not found for component STMicroelectronics:USB_HOST:1.0.0:STMicroelectronics:USB::USB Host:Audio HS::1.0:USB_HOST_1_0_RESTRICTED_HS
2025-05-09 11:59:06,449 [WARN] ModelIntegratedComponent:182 - Modes not found for component STMicroelectronics:USB_HOST:1.0.0:STMicroelectronics:USB::USB Host:CDC HS::1.0:USB_HOST_1_0_RESTRICTED_HS
2025-05-09 11:59:06,449 [WARN] ModelIntegratedComponent:188 - Modes not found for component STMicroelectronics:USB_HOST:1.0.0:STMicroelectronics:USB::USB Host:CDC HS::1.0:USB_HOST_1_0_RESTRICTED_HS
2025-05-09 11:59:06,449 [WARN] ModelIntegratedComponent:182 - Modes not found for component STMicroelectronics:USB_HOST:1.0.0:STMicroelectronics:USB::USB Host:MSC HS::1.0:USB_HOST_1_0_RESTRICTED_HS
2025-05-09 11:59:06,449 [WARN] ModelIntegratedComponent:188 - Modes not found for component STMicroelectronics:USB_HOST:1.0.0:STMicroelectronics:USB::USB Host:MSC HS::1.0:USB_HOST_1_0_RESTRICTED_HS
2025-05-09 11:59:06,449 [WARN] ModelIntegratedComponent:182 - Modes not found for component STMicroelectronics:USB_HOST:1.0.0:STMicroelectronics:USB::USB Host:HID HS::1.0:USB_HOST_1_0_RESTRICTED_HS
2025-05-09 11:59:06,449 [WARN] ModelIntegratedComponent:188 - Modes not found for component STMicroelectronics:USB_HOST:1.0.0:STMicroelectronics:USB::USB Host:HID HS::1.0:USB_HOST_1_0_RESTRICTED_HS
2025-05-09 11:59:06,449 [WARN] ModelIntegratedComponent:182 - Modes not found for component STMicroelectronics:USB_HOST:1.0.0:STMicroelectronics:USB::USB Host:MTP HS::1.0:USB_HOST_1_0_RESTRICTED_HS
2025-05-09 11:59:06,449 [WARN] ModelIntegratedComponent:188 - Modes not found for component STMicroelectronics:USB_HOST:1.0.0:STMicroelectronics:USB::USB Host:MTP HS::1.0:USB_HOST_1_0_RESTRICTED_HS
2025-05-09 11:59:06,559 [INFO] ThirdPartyModel:298 - Start build external matchings
2025-05-09 11:59:08,790 [INFO] ThirdPartyModel:316 - End build external matchings
2025-05-09 11:59:08,830 [INFO] ImportTextPane:194 - (OptionalMessage_ERROR) IP (RCC) : Parameter (RTCHSEDivFreq_Value) has invalid value (12500000)
2025-05-09 11:59:09,067 [INFO] UtilMem:75 - End LoadConfig() Used Memory: 289765112 Bytes (480247808)
2025-05-09 11:59:09,241 [INFO] ApiDb:581 - Connected to CubeFinder SQLite database (C:\Users\msi1\.stmcufinder\plugins\mcufinder\mcu\cube-finder-db.db)
2025-05-09 11:59:09,344 [INFO] ApiDb:668 - CubeFinder database Data Model version=2.1
2025-05-09 11:59:09,344 [INFO] ApiDb:669 - CubeFinder database Configuration version=3.0.39
2025-05-09 11:59:09,344 [INFO] ApiDb:670 - CubeFinder database generation date=2025-04-23 (1745419778)
2025-05-09 11:59:09,344 [INFO] ApiDb:671 - CubeFinder database FW Pack versions=[FP-ATR-ASTRA1_V2.0.0, FP-SNS-FLIGHT1_V5.1.0, FP-SNS-MOTENV1_V5.0.0, FP-SNS-MOTENVWB1_V1.4.0, FP-SNS-SMARTAG2_V1.2.0, FP-SNS-STBOX1_V2.0.0, STM32Cube_FW_C0_V1.4.0, STM32Cube_FW_F4_V1.28.1, STM32Cube_FW_F7_V1.17.2, STM32Cube_FW_G0_V1.6.2, STM32Cube_FW_G4_V1.6.1, STM32Cube_FW_H5_V1.5.0, STM32Cube_FW_H7RS_V1.2.0, STM32Cube_FW_H7_V1.12.1, STM32Cube_FW_L0_V1.12.2, STM32Cube_FW_L4_V1.18.1, STM32Cube_FW_L5_V1.5.1, STM32Cube_FW_N6_V1.1.1, STM32Cube_FW_U0_V1.2.0, STM32Cube_FW_U3_V1.1.0, STM32Cube_FW_U5_V1.7.0, STM32Cube_FW_WB0_V1.2.0, STM32Cube_FW_WBA_V1.6.0, STM32Cube_FW_WB_V1.22.0, STM32Cube_FW_WL3_V1.1.0, STM32Cube_FW_WL_V1.3.1, X-CUBE-ALGOBUILD_V1.4.0, X-CUBE-ALS_V1.0.2, X-CUBE-AZRTOS-F4_V1.1.0, X-CUBE-AZRTOS-F7_V1.1.0, X-CUBE-AZRTOS-G0_V1.1.0, X-CUBE-AZRTOS-G4_V2.0.0, X-CUBE-AZRTOS-H7RS_V1.1.0, X-CUBE-AZRTOS-H7_V3.3.0, X-CUBE-AZRTOS-L4_V2.0.0, X-CUBE-AZRTOS-L5_V2.0.0, X-CUBE-AZRTOS-WB_V2.0.0, X-CUBE-AZRTOS-WL_V2.0.0, X-CUBE-BLE1_V7.1.0, X-CUBE-BLE2_V3.3.0, X-CUBE-BLEMGR_V4.0.0, X-CUBE-EEPRMA1_V5.1.0, X-CUBE-FREERTOS_V1.3.0, X-CUBE-GNSS1_V6.0.0, X-CUBE-MEMS1_V11.2.0, X-CUBE-NFC4_V3.0.0, X-CUBE-NFC7_V1.0.1, X-CUBE-SFXS2LP1_V4.0.0, X-CUBE-SUBG2_V5.0.0, X-CUBE-TOF1_V3.4.3]
2025-05-09 11:59:12,287 [INFO] ApiDb:240 - Found 323 in-development CPN: [B-G473E-ZEST1S, B-WB1M-WPAN1, B-WL5M-SUBG1, NUCLEO-C031C6, NUCLEO-H503RB, NUCLEO-H563ZI, NUCLEO-U545RE-Q, NUCLEO-U5A5ZJ-Q, NUCLEO-WBA52CG, STEVAL-PROTEUS1, STEVAL-SMARTAG2, STEVAL-STWINBX1, STM320518-EVAL, STM32C0116-DK, STM32C011D6Y3TR, STM32C011D6Y6TR, STM32C011F4P3, STM32C011F4P6, STM32C011F4U3, STM32C011F4U6TR, STM32C011F6P3, STM32C011F6P6, STM32C011F6U3, STM32C011F6U6TR, STM32C011J4M3, STM32C011J4M6, STM32C011J6M3, STM32C011J6M6, STM32C0316-DK, STM32C031C4T3, STM32C031C4T6, STM32C031C4U3, STM32C031C4U6, STM32C031C6T3, STM32C031C6T6, STM32C031C6U3, STM32C031C6U6, STM32C031F4P3, STM32C031F4P6, STM32C031F6P3, STM32C031F6P6, STM32C031G4U3, STM32C031G4U6, STM32C031G6U3, STM32C031G6U6, STM32C031K4T3, STM32C031K4T6, STM32C031K4U3, STM32C031K4U6, STM32C031K6T3, STM32C031K6T6, STM32C031K6U3, STM32C031K6U6, STM32G071K8TXN, STM32G071K8UXN, STM32G081GBU6N, STM32G081KBT6N, STM32G081KBUXN, STM32G0B1CCT6N, STM32G0B1KCT6, STM32G0B1NEY6TR, STM32G0B1RCT6N, STM32G0C1CCT6, STM32G0C1CCT6N, STM32G0C1CCU6N, STM32G0C1CET6N, STM32G0C1CEU6N, STM32G0C1KCT6, STM32G0C1NEY6TR, STM32G0C1RCI6N, STM32G0C1RCT6N, STM32G0C1REI6N, STM32G0C1RET6N, STM32G0C1VCI6, STM32G0C1VEI6, STM32G471CCT6, STM32G471CCU6, STM32G471CET3, STM32G471CET6, STM32G471CEU3, STM32G471CEU6, STM32G471MCT6, STM32G471MET3, STM32G471MET6, STM32G471MEY6TR, STM32G471QCT6, STM32G471QET3, STM32G471RCT6, STM32G471RET3, STM32G471RET6, STM32G471VCH6, STM32G471VCI6, STM32G471VCT6, STM32G471VEH3, STM32G471VEH6, STM32G471VEI3, STM32G471VEI6, STM32G471VET3, STM32G471VET6, STM32G474CCT6, STM32H503CBT6, STM32H503CBU6, STM32H503EBY6TR, STM32H503KBU6, STM32H503RBT6, STM32H562AGI6, STM32H562AII6, STM32H562IGK6, STM32H562IGT6, STM32H562IIK6, STM32H562IIT6, STM32H562RGT6, STM32H562RGV6, STM32H562RIT6, STM32H562RIV6, STM32H562VGT6, STM32H562VIT6, STM32H562ZGT6, STM32H562ZIT6, STM32H563AGI6, STM32H563AII3Q, STM32H563AII6, STM32H563IGK6, STM32H563IGT6, STM32H563IIK3Q, STM32H563IIK6, STM32H563IIT3Q, STM32H563IIT6, STM32H563MIY3QTR, STM32H563RGT6, STM32H563RGV6, STM32H563RIT6, STM32H563RIV6, STM32H563VGT6, STM32H563VIT3Q, STM32H563VIT6, STM32H563ZGT6, STM32H563ZIT3Q, STM32H563ZIT6, STM32H573AII3Q, STM32H573AII6, STM32H573I-DK, STM32H573IIK3Q, STM32H573IIK6, STM32H573IIT3Q, STM32H573IIT6, STM32H573MIY3QTR, STM32H573RIT6, STM32H573RIV6, STM32H573VIT3Q, STM32H573VIT6, STM32H573ZIT3Q, STM32H573ZIT6, STM32L4R5QGI6STR, STM32MP131AAE3, STM32MP131AAF3, STM32MP131AAG3, STM32MP131CAE3, STM32MP131CAF3, STM32MP131CAG3, STM32MP131DAE7, STM32MP131DAF7, STM32MP131DAG7, STM32MP131FAE7, STM32MP131FAF7, STM32MP131FAG7, STM32MP133AAE3, STM32MP133AAF3, STM32MP133AAG3, STM32MP133CAE3, STM32MP133CAF3, STM32MP133CAG3, STM32MP133DAE7, STM32MP133DAF7, STM32MP133DAG7, STM32MP133FAE7, STM32MP133FAF7, STM32MP133FAG7, STM32MP135AAE3, STM32MP135AAF3, STM32MP135AAG3, STM32MP135CAE3, STM32MP135CAF3, STM32MP135CAG3, STM32MP135DAE7, STM32MP135DAF7, STM32MP135DAG7, STM32MP135F-DK, STM32MP135FAE7, STM32MP135FAF7, STM32MP135FAF7T, STM32MP135FAF7U, STM32MP135FAG7, STM32U535CBT6, STM32U535CBT6Q, STM32U535CBU6, STM32U535CBU6Q, STM32U535CCT6, STM32U535CCT6Q, STM32U535CCU6, STM32U535CCU6Q, STM32U535CET6, STM32U535CET6Q, STM32U535CEU6, STM32U535CEU6Q, STM32U535JEY6QTR, STM32U535NCY6QTR, STM32U535NEY6QTR, STM32U535RBI6, STM32U535RBI6Q, STM32U535RBT6, STM32U535RBT6Q, STM32U535RCI6, STM32U535RCI6Q, STM32U535RCT6, STM32U535RCT6Q, STM32U535REI6, STM32U535REI6Q, STM32U535RET6, STM32U535RET6Q, STM32U535VCI6, STM32U535VCI6Q, STM32U535VCT6, STM32U535VCT6Q, STM32U535VEI6, STM32U535VEI6Q, STM32U535VET6, STM32U535VET6Q, STM32U545CET6, STM32U545CET6Q, STM32U545CEU6, STM32U545CEU6Q, STM32U545JEY6QTR, STM32U545NEY6QTR, STM32U545REI6, STM32U545REI6Q, STM32U545RET6, STM32U545RET6Q, STM32U545VEI6, STM32U545VEI6Q, STM32U545VET6, STM32U545VET6Q, STM32U595AIH6, STM32U595AIH6Q, STM32U595AJH6, STM32U595AJH6Q, STM32U595QII6, STM32U595QII6Q, STM32U595QJI6, STM32U595QJI6Q, STM32U595RIT6, STM32U595RIT6Q, STM32U595RJT6, STM32U595RJT6Q, STM32U595VIT6, STM32U595VIT6Q, STM32U595VJT6, STM32U595VJT6Q, STM32U595ZIT6, STM32U595ZIT6Q, STM32U595ZIY6QTR, STM32U595ZJT6, STM32U595ZJT6Q, STM32U595ZJY6QTR, STM32U599BJY6QTR, STM32U599NIH6Q, STM32U599NJH6Q, STM32U599VIT6Q, STM32U599VJT6, STM32U599VJT6Q, STM32U599ZIT6Q, STM32U599ZIY6QTR, STM32U599ZJT6Q, STM32U599ZJY6QTR, STM32U5A5AJH6, STM32U5A5AJH6Q, STM32U5A5QJI6, STM32U5A5QJI6Q, STM32U5A5RJT6, STM32U5A5RJT6Q, STM32U5A5VJT6, STM32U5A5VJT6Q, STM32U5A5ZJT6, STM32U5A5ZJT6Q, STM32U5A5ZJY6QTR, STM32U5A9BJY6QTR, STM32U5A9J-DK, STM32U5A9NJH6Q, STM32U5A9VJT6Q, STM32U5A9ZJT6Q, STM32U5A9ZJY6QTR, STM32U5F7VIT6, STM32U5F7VIT6Q, STM32U5F7VJT6, STM32U5F7VJT6Q, STM32U5F9BJY6QTR, STM32U5F9NJH6Q, STM32U5F9VIT6Q, STM32U5F9VJT6Q, STM32U5F9ZIJ6QTR, STM32U5F9ZIT6Q, STM32U5F9ZJJ6QTR, STM32U5F9ZJT6Q, STM32U5G7VJT6, STM32U5G7VJT6Q, STM32U5G9BJY6QTR, STM32U5G9J-DK1, STM32U5G9J-DK2, STM32U5G9NJH6Q, STM32U5G9VJT6Q, STM32U5G9ZJJ6QTR, STM32U5G9ZJT6Q, STM32WB1MMCH6, STM32WBA52CEU6, STM32WBA52CEU6T, STM32WBA52CGU6, STM32WBA52CGU6T, STM32WBA52KEU6, STM32WBA52KEU6T, STM32WBA52KGU6, STM32WBA52KGU6T, STM32WL5MOCH6, STM32WL5MOCH6TR]
2025-05-09 11:59:12,293 [INFO] DbMcus:217 - Found 4642 MCUs, 4642 are supported
2025-05-09 11:59:12,295 [INFO] ApiDb:423 - Load user favorites file C:\Users\msi1/.stm32cubeide/favorites.mcus.txt: 4 item(s)
2025-05-09 11:59:12,295 [INFO] ApiDb:427 - User favorites MCUs=[STM32F103CBT6, STM32F303VCT6, STM32F401CCU6, STM32F407VGT6]
2025-05-09 11:59:12,295 [INFO] DbMcus:223 - Set 4 / 4 favorites MCUs
2025-05-09 11:59:12,797 [WARN] ThirdParty:833 - waiting for thirdparty lock release [change project]
2025-05-09 11:59:12,797 [INFO] ThirdParty:835 - entering critical section [change project]
2025-05-09 11:59:12,797 [INFO] ThirdParty:1030 - CMSIS Pack Vendor :STMicroelectronics USBPD 4.1
2025-05-09 11:59:12,797 [INFO] ThirdParty:1030 - CMSIS Pack Vendor :STMicroelectronics X-CUBE-GNSS1 6.0.0
2025-05-09 11:59:12,797 [INFO] ThirdParty:1030 - CMSIS Pack Vendor :STMicroelectronics USB_HOST 2.0.0
2025-05-09 11:59:12,798 [INFO] ThirdParty:1030 - CMSIS Pack Vendor :STMicroelectronics FP-SNS-MOTENVWB1 1.4.0
2025-05-09 11:59:12,798 [INFO] ThirdParty:1030 - CMSIS Pack Vendor :STMicroelectronics X-CUBE-AZRTOS-F4 1.1.0
2025-05-09 11:59:12,798 [INFO] ThirdParty:1030 - CMSIS Pack Vendor :STMicroelectronics LIBJPEG 8.0.0
2025-05-09 11:59:12,798 [INFO] ThirdParty:1030 - CMSIS Pack Vendor :STMicroelectronics FP-ATR-ASTRA1 2.0.2
2025-05-09 11:59:12,798 [INFO] ThirdParty:1030 - CMSIS Pack Vendor :STMicroelectronics FP-ATR-ASTRA1 2.0.1
2025-05-09 11:59:12,798 [INFO] ThirdParty:1030 - CMSIS Pack Vendor :STMicroelectronics X-CUBE-SMBUS 2.1.0
2025-05-09 11:59:12,798 [INFO] ThirdParty:1030 - CMSIS Pack Vendor :STMicroelectronics X-CUBE-WB05N 1.1.0
2025-05-09 11:59:12,798 [INFO] ThirdParty:1030 - CMSIS Pack Vendor :wolfSSL I-CUBE-wolfSSL 5.6.0
2025-05-09 11:59:12,798 [INFO] ThirdParty:1030 - CMSIS Pack Vendor :STMicroelectronics X-CUBE-ISPU 2.1.0
2025-05-09 11:59:12,798 [INFO] ThirdParty:1030 - CMSIS Pack Vendor :STMicroelectronics X-CUBE-FREERTOS 1.2.0
2025-05-09 11:59:12,798 [INFO] ThirdParty:1030 - CMSIS Pack Vendor :STMicroelectronics X-CUBE-TOUCHGFX 4.23.0
2025-05-09 11:59:12,798 [INFO] ThirdParty:1030 - CMSIS Pack Vendor :STMicroelectronics X-CUBE-TOUCHGFX 4.23.2
2025-05-09 11:59:12,798 [INFO] ThirdParty:1030 - CMSIS Pack Vendor :STMicroelectronics X-CUBE-AZRTOS-F7 1.1.0
2025-05-09 11:59:12,798 [INFO] ThirdParty:1030 - CMSIS Pack Vendor :STMicroelectronics X-CUBE-AZRTOS-L5 2.0.0
2025-05-09 11:59:12,798 [INFO] ThirdParty:1030 - CMSIS Pack Vendor :STMicroelectronics USB_DEVICE 2.0.0
2025-05-09 11:59:12,798 [INFO] ThirdParty:1030 - CMSIS Pack Vendor :STMicroelectronics X-CUBE-MEMS1 9.6.0
2025-05-09 11:59:12,798 [INFO] ThirdParty:1030 - CMSIS Pack Vendor :STMicroelectronics X-CUBE-EEPRMA1 4.2.0
2025-05-09 11:59:12,798 [INFO] ThirdParty:1030 - CMSIS Pack Vendor :STMicroelectronics X-CUBE-NFC6 3.1.0
2025-05-09 11:59:12,798 [INFO] ThirdParty:1030 - CMSIS Pack Vendor :ITTIA_DB I-CUBE-ITTIADB 8.8.0
2025-05-09 11:59:12,798 [INFO] ThirdParty:1030 - CMSIS Pack Vendor :STMicroelectronics FP-SNS-MOTENV1 4.3.0
2025-05-09 11:59:12,798 [INFO] ThirdParty:1030 - CMSIS Pack Vendor :STMicroelectronics FP-SNS-MOTENV1 4.3.2
2025-05-09 11:59:12,798 [INFO] ThirdParty:1030 - CMSIS Pack Vendor :STMicroelectronics FP-SNS-FLIGHT1 5.0.0
2025-05-09 11:59:12,798 [INFO] ThirdParty:1030 - CMSIS Pack Vendor :STMicroelectronics X-CUBE-BLE1 6.2.4
2025-05-09 11:59:12,798 [INFO] ThirdParty:1030 - CMSIS Pack Vendor :STMicroelectronics FreeRTOS 0.0.1
2025-05-09 11:59:12,798 [INFO] ThirdParty:1030 - CMSIS Pack Vendor :emotas I-CUBE-CANOPEN 1.1.3
2025-05-09 11:59:12,798 [INFO] ThirdParty:1030 - CMSIS Pack Vendor :STMicroelectronics X-CUBE-BLEMGR 2.0.0
2025-05-09 11:59:12,799 [INFO] ThirdParty:1030 - CMSIS Pack Vendor :STMicroelectronics FP-SNS-FLIGHT1 5.0.2
2025-05-09 11:59:12,799 [INFO] ThirdParty:1030 - CMSIS Pack Vendor :STMicroelectronics X-CUBE-AI 9.0.0
2025-05-09 11:59:12,799 [INFO] ThirdParty:1030 - CMSIS Pack Vendor :STMicroelectronics X-CUBE-AZRTOS-H7 3.1.0
2025-05-09 11:59:12,799 [INFO] ThirdParty:1030 - CMSIS Pack Vendor :STMicroelectronics PDM2PCM 3.3.0
2025-05-09 11:59:12,799 [INFO] ThirdParty:1030 - CMSIS Pack Vendor :STMicroelectronics X-CUBE-DISPLAY 3.0.0
2025-05-09 11:59:12,799 [INFO] ThirdParty:1030 - CMSIS Pack Vendor :STMicroelectronics X-CUBE-BLE1 7.0.0
2025-05-09 11:59:12,799 [INFO] ThirdParty:1030 - CMSIS Pack Vendor :STMicroelectronics X-CUBE-NFC10 1.0.0
2025-05-09 11:59:12,799 [INFO] ThirdParty:1030 - CMSIS Pack Vendor :STMicroelectronics HAL Drivers 0.0.0
2025-05-09 11:59:12,799 [INFO] ThirdParty:1030 - CMSIS Pack Vendor :emotas I-CUBE-CANOPEN 1.3.0
2025-05-09 11:59:12,799 [INFO] ThirdParty:1030 - CMSIS Pack Vendor :STMicroelectronics X-CUBE-FREERTOS 1.3.0
2025-05-09 11:59:12,799 [INFO] ThirdParty:1030 - CMSIS Pack Vendor :STMicroelectronics X-CUBE-TOUCHGFX 4.22.0
2025-05-09 11:59:12,799 [INFO] ThirdParty:1030 - CMSIS Pack Vendor :STMicroelectronics X-CUBE-NFC7 1.0.1
2025-05-09 11:59:12,799 [INFO] ThirdParty:1030 - CMSIS Pack Vendor :STMicroelectronics MBEDTLS 2.14.1
2025-05-09 11:59:12,799 [INFO] ThirdParty:1030 - CMSIS Pack Vendor :STMicroelectronics X-CUBE-NFC7 1.0.0
2025-05-09 11:59:12,799 [INFO] ThirdParty:1030 - CMSIS Pack Vendor :STMicroelectronics X-CUBE-TOUCHGFX 4.22.1
2025-05-09 11:59:12,799 [INFO] ThirdParty:1030 - CMSIS Pack Vendor :wolfSSL I-CUBE-wolfTPM 3.2.0
2025-05-09 11:59:12,799 [INFO] ThirdParty:1030 - CMSIS Pack Vendor :STMicroelectronics X-CUBE-NFC6 3.0.0
2025-05-09 11:59:12,799 [INFO] ThirdParty:1030 - CMSIS Pack Vendor :STMicroelectronics X-CUBE-EEPRMA1 4.1.0
2025-05-09 11:59:12,799 [INFO] ThirdParty:1030 - CMSIS Pack Vendor :STMicroelectronics X-CUBE-BLEMGR 3.1.0
2025-05-09 11:59:12,799 [INFO] ThirdParty:1030 - CMSIS Pack Vendor :STMicroelectronics X-CUBE-AI 10.0.0
2025-05-09 11:59:12,799 [INFO] ThirdParty:1030 - CMSIS Pack Vendor :STMicroelectronics FP-SNS-SMARTAG2 1.2.0
2025-05-09 11:59:12,799 [INFO] ThirdParty:1030 - CMSIS Pack Vendor :STMicroelectronics X-CUBE-MEMS1 11.1.0
2025-05-09 11:59:12,799 [INFO] ThirdParty:1030 - CMSIS Pack Vendor :STMicroelectronics X-CUBE-AZRTOS-WL 2.0.0
2025-05-09 11:59:12,799 [INFO] ThirdParty:1030 - CMSIS Pack Vendor :STMicroelectronics FP-SNS-MOTENV1 5.0.0
2025-05-09 11:59:12,799 [INFO] ThirdParty:1030 - CMSIS Pack Vendor :STMicroelectronics USB_DEVICE 1.0.0
2025-05-09 11:59:12,800 [INFO] ThirdParty:1030 - CMSIS Pack Vendor :STMicroelectronics X-CUBE-AI 8.1.0
2025-05-09 11:59:12,800 [INFO] ThirdParty:1030 - CMSIS Pack Vendor :wolfSSL I-CUBE-wolfMQTT 1.19.0
2025-05-09 11:59:12,800 [INFO] ThirdParty:1030 - CMSIS Pack Vendor :STMicroelectronics X-CUBE-AZRTOS-L4 2.0.0
2025-05-09 11:59:12,800 [INFO] ThirdParty:1030 - CMSIS Pack Vendor :STMicroelectronics ThreadX 0.0.2
2025-05-09 11:59:12,800 [INFO] ThirdParty:1030 - CMSIS Pack Vendor :WES I-CUBE-Cesium 1.3.0
2025-05-09 11:59:12,800 [INFO] ThirdParty:1030 - CMSIS Pack Vendor :STMicroelectronics lwIP 2.1.2
2025-05-09 11:59:12,800 [INFO] ThirdParty:1030 - CMSIS Pack Vendor :STMicroelectronics X-CUBE-SFXS2LP1 4.0.0
2025-05-09 11:59:12,800 [INFO] ThirdParty:1030 - CMSIS Pack Vendor :STMicroelectronics X-CUBE-BLE2 3.3.0
2025-05-09 11:59:12,800 [INFO] ThirdParty:1030 - CMSIS Pack Vendor :STMicroelectronics PDM2PCM 3.2.0
2025-05-09 11:59:12,800 [INFO] ThirdParty:1030 - CMSIS Pack Vendor :STMicroelectronics X-CUBE-ISPU 1.1.0
2025-05-09 11:59:12,800 [INFO] ThirdParty:1030 - CMSIS Pack Vendor :STMicroelectronics X-CUBE-AZRTOS-H7 3.3.0
2025-05-09 11:59:12,800 [INFO] ThirdParty:1030 - CMSIS Pack Vendor :STMicroelectronics X-CUBE-NFC9 1.0.0
2025-05-09 11:59:12,800 [INFO] ThirdParty:1030 - CMSIS Pack Vendor :STMicroelectronics X-CUBE-BLE1 7.1.0
2025-05-09 11:59:12,800 [INFO] ThirdParty:1030 - CMSIS Pack Vendor :STMicroelectronics USB_DEVICE 3.0.0
2025-05-09 11:59:12,800 [INFO] ThirdParty:1030 - CMSIS Pack Vendor :STMicroelectronics X-CUBE-TCPP 4.1.0
2025-05-09 11:59:12,800 [INFO] ThirdParty:1030 - CMSIS Pack Vendor :STMicroelectronics X-CUBE-AZRTOS-WB 2.0.0
2025-05-09 11:59:12,800 [INFO] ThirdParty:1030 - CMSIS Pack Vendor :STMicroelectronics X-CUBE-FREERTOS 1.0.1
2025-05-09 11:59:12,800 [INFO] ThirdParty:1030 - CMSIS Pack Vendor :STMicroelectronics X-CUBE-GNSS1 7.0.1
2025-05-09 11:59:12,800 [INFO] ThirdParty:1030 - CMSIS Pack Vendor :STMicroelectronics X-CUBE-TOUCHGFX 4.21.4
2025-05-09 11:59:12,800 [INFO] ThirdParty:1030 - CMSIS Pack Vendor :STMicroelectronics X-CUBE-TOUCHGFX 4.25.0
2025-05-09 11:59:12,800 [INFO] ThirdParty:1030 - CMSIS Pack Vendor :STMicroelectronics X-CUBE-ALGOBUILD 1.3.0
2025-05-09 11:59:12,800 [INFO] ThirdParty:1030 - CMSIS Pack Vendor :STMicroelectronics X-CUBE-AZRTOS-L5 1.1.0
2025-05-09 11:59:12,800 [INFO] ThirdParty:1030 - CMSIS Pack Vendor :STMicroelectronics X-CUBE-MEMS1 11.2.0
2025-05-09 11:59:12,800 [INFO] ThirdParty:1030 - CMSIS Pack Vendor :STMicroelectronics X-CUBE-AZRTOS-G0 1.1.0
2025-05-09 11:59:12,800 [INFO] ThirdParty:1030 - CMSIS Pack Vendor :STMicroelectronics X-CUBE-AI 8.0.1
2025-05-09 11:59:12,800 [INFO] ThirdParty:1030 - CMSIS Pack Vendor :STMicroelectronics X-CUBE-SAFEA1 1.2.2
2025-05-09 11:59:12,800 [INFO] ThirdParty:1030 - CMSIS Pack Vendor :STMicroelectronics X-CUBE-NFC4 3.0.0
2025-05-09 11:59:12,800 [INFO] ThirdParty:1030 - CMSIS Pack Vendor :STMicroelectronics X-CUBE-SUBG2 5.0.0
2025-05-09 11:59:12,801 [INFO] ThirdParty:1030 - CMSIS Pack Vendor :STMicroelectronics X-CUBE-AZRTOS-H7RS 1.1.0
2025-05-09 11:59:12,801 [INFO] ThirdParty:1030 - CMSIS Pack Vendor :STMicroelectronics STM32_WPAN 1.0.0
2025-05-09 11:59:12,801 [INFO] ThirdParty:1030 - CMSIS Pack Vendor :wolfSSL I-CUBE-wolfMQTT 1.18.0
2025-05-09 11:59:12,801 [INFO] ThirdParty:1030 - CMSIS Pack Vendor :STMicroelectronics lwIP 2.0.3
2025-05-09 11:59:12,801 [INFO] ThirdParty:1030 - CMSIS Pack Vendor :Cesanta I-CUBE-Mongoose 7.13.0
2025-05-09 11:59:12,801 [INFO] ThirdParty:1030 - CMSIS Pack Vendor :STMicroelectronics USB_HOST 1.0.0
2025-05-09 11:59:12,801 [INFO] ThirdParty:1030 - CMSIS Pack Vendor :STMicroelectronics X-CUBE-TOF1 3.3.1
2025-05-09 11:59:12,801 [INFO] ThirdParty:1030 - CMSIS Pack Vendor :STMicroelectronics X-CUBE-AZRTOS-G4 2.0.0
2025-05-09 11:59:12,801 [INFO] ThirdParty:1030 - CMSIS Pack Vendor :STMicroelectronics X-CUBE-WB05N 2.0.0
2025-05-09 11:59:12,801 [INFO] ThirdParty:1030 - CMSIS Pack Vendor :STMicroelectronics PDM2PCM 3.1.0
2025-05-09 11:59:12,801 [INFO] ThirdParty:1030 - CMSIS Pack Vendor :STMicroelectronics X-CUBE-TOF1 3.3.0
2025-05-09 11:59:12,801 [INFO] ThirdParty:1030 - CMSIS Pack Vendor :Infineon AIROC-Wi-Fi-Bluetooth-STM32 1.5.1
2025-05-09 11:59:12,801 [INFO] ThirdParty:1030 - CMSIS Pack Vendor :STMicroelectronics X-CUBE-BLEMGR 3.0.0
2025-05-09 11:59:12,801 [INFO] ThirdParty:1030 - CMSIS Pack Vendor :STMicroelectronics FP-SNS-MOTENVWB1 1.3.0
2025-05-09 11:59:12,801 [INFO] ThirdParty:1030 - CMSIS Pack Vendor :STMicroelectronics X-CUBE-NFC7 2.0.0
2025-05-09 11:59:12,801 [INFO] ThirdParty:1030 - CMSIS Pack Vendor :STMicroelectronics FP-SNS-MOTENVWB1 1.3.1
2025-05-09 11:59:12,801 [INFO] ThirdParty:1030 - CMSIS Pack Vendor :STMicroelectronics FP-ATR-SIGFOX1 3.2.0
2025-05-09 11:59:12,801 [INFO] ThirdParty:1030 - CMSIS Pack Vendor :STMicroelectronics X-CUBE-AZRTOS-L4 1.0.0
2025-05-09 11:59:12,801 [INFO] ThirdParty:1030 - CMSIS Pack Vendor :STMicroelectronics X-CUBE-ISPU 2.0.0
2025-05-09 11:59:12,801 [INFO] ThirdParty:1030 - CMSIS Pack Vendor :STMicroelectronics X-CUBE-EEPRMA1 5.1.0
2025-05-09 11:59:12,801 [INFO] ThirdParty:1030 - CMSIS Pack Vendor :STMicroelectronics MBEDTLS 2.16.2
2025-05-09 11:59:12,801 [INFO] ThirdParty:1030 - CMSIS Pack Vendor :STMicroelectronics X-CUBE-ALS 1.0.2
2025-05-09 11:59:12,801 [INFO] ThirdParty:1030 - CMSIS Pack Vendor :STMicroelectronics X-CUBE-MEMS1 10.0.0
2025-05-09 11:59:12,801 [INFO] ThirdParty:1030 - CMSIS Pack Vendor :STMicroelectronics X-CUBE-FREERTOS 1.1.0
2025-05-09 11:59:12,801 [INFO] ThirdParty:1030 - CMSIS Pack Vendor :wolfSSL I-CUBE-wolfSSL 5.7.6
2025-05-09 11:59:12,801 [INFO] ThirdParty:1030 - CMSIS Pack Vendor :STMicroelectronics X-CUBE-TOUCHGFX 4.24.0
2025-05-09 11:59:12,801 [INFO] ThirdParty:1030 - CMSIS Pack Vendor :ITTIA_DB I-CUBE-ITTIADB 8.9.0
2025-05-09 11:59:12,801 [INFO] ThirdParty:1030 - CMSIS Pack Vendor :STMicroelectronics X-CUBE-TOUCHGFX 4.24.2
2025-05-09 11:59:12,801 [INFO] ThirdParty:1030 - CMSIS Pack Vendor :STMicroelectronics X-CUBE-AZRTOS-WL 1.0.0
2025-05-09 11:59:12,801 [INFO] ThirdParty:1030 - CMSIS Pack Vendor :STMicroelectronics X-CUBE-TOUCHGFX 4.24.1
2025-05-09 11:59:12,801 [INFO] ThirdParty:1030 - CMSIS Pack Vendor :wolfSSL I-CUBE-wolfTPM 3.4.0
2025-05-09 11:59:12,801 [INFO] ThirdParty:1030 - CMSIS Pack Vendor :portGmbH I-Cube-SoM-uGOAL 1.1.0
2025-05-09 11:59:12,801 [INFO] ThirdParty:1030 - CMSIS Pack Vendor :STMicroelectronics X-CUBE-ALS 1.0.1
2025-05-09 11:59:12,803 [INFO] ThirdParty:1030 - CMSIS Pack Vendor :STMicroelectronics ThreadX 1.0.0
2025-05-09 11:59:12,803 [INFO] ThirdParty:1030 - CMSIS Pack Vendor :STMicroelectronics X-CUBE-AZRTOS-WB 1.1.0
2025-05-09 11:59:12,803 [INFO] ThirdParty:1030 - CMSIS Pack Vendor :SEGGER I-CUBE-embOS 1.3.1
2025-05-09 11:59:12,803 [INFO] ThirdParty:1030 - CMSIS Pack Vendor :STMicroelectronics X-CUBE-ALGOBUILD 1.4.0
2025-05-09 11:59:12,803 [INFO] ThirdParty:1030 - CMSIS Pack Vendor :STMicroelectronics X-CUBE-AZRTOS-H7RS 1.0.0
2025-05-09 11:59:12,803 [INFO] ThirdParty:1030 - CMSIS Pack Vendor :STMicroelectronics FP-ATR-ASTRA1 2.0.0
2025-05-09 11:59:12,803 [INFO] ThirdParty:1030 - CMSIS Pack Vendor :STMicroelectronics X-CUBE-AI 9.1.0
2025-05-09 11:59:12,803 [INFO] ThirdParty:1030 - CMSIS Pack Vendor :STMicroelectronics X-CUBE-TOF1 3.4.0
2025-05-09 11:59:12,803 [INFO] ThirdParty:1030 - CMSIS Pack Vendor :STMicroelectronics X-CUBE-TOF1 3.4.1
2025-05-09 11:59:12,803 [INFO] ThirdParty:1030 - CMSIS Pack Vendor :STMicroelectronics X-CUBE-AZRTOS-H7 3.2.0
2025-05-09 11:59:12,803 [INFO] ThirdParty:1030 - CMSIS Pack Vendor :wolfSSL I-CUBE-wolfSSH 1.4.17
2025-05-09 11:59:12,803 [INFO] ThirdParty:841 - exiting critical section [change project]
2025-05-09 11:59:13,081 [INFO] PinOutPanel:1499 - setPackage(No Configuration,No Configuration)
2025-05-09 11:59:13,083 [INFO] PinOutPanel:1499 - setPackage(STM32F401CCUx,UFQFPN48)
2025-05-09 11:59:13,426 [INFO] UtilMem:75 - Before build in PCC Used Memory: 328795728 Bytes (480247808)
2025-05-09 11:59:14,249 [INFO] UtilMem:75 - After build in PCC Used Memory: 205673616 Bytes (480247808)
2025-05-09 11:59:14,278 [INFO] IPUIPlugin:80 - create IPUIPlugin
2025-05-09 11:59:14,279 [INFO] IPUIPlugin:80 - create IPUIPlugin
2025-05-09 11:59:14,279 [INFO] IPUIPlugin:80 - create IPUIPlugin
2025-05-09 11:59:14,279 [INFO] IPUIPlugin:80 - create IPUIPlugin
2025-05-09 11:59:14,279 [INFO] IPUIPlugin:80 - create IPUIPlugin
2025-05-09 11:59:14,279 [INFO] IPUIPlugin:80 - create IPUIPlugin
2025-05-09 11:59:14,279 [INFO] IPUIPlugin:80 - create IPUIPlugin
2025-05-09 11:59:14,279 [INFO] IPUIPlugin:80 - create IPUIPlugin
2025-05-09 11:59:14,279 [INFO] IPUIPlugin:80 - create IPUIPlugin
2025-05-09 11:59:14,280 [INFO] IPUIPlugin:80 - create IPUIPlugin
2025-05-09 11:59:14,280 [INFO] IPUIPlugin:80 - create IPUIPlugin
2025-05-09 11:59:14,280 [INFO] IPUIPlugin:80 - create IPUIPlugin
2025-05-09 11:59:14,280 [INFO] IPUIPlugin:80 - create IPUIPlugin
2025-05-09 11:59:14,280 [INFO] IPUIPlugin:80 - create IPUIPlugin
2025-05-09 11:59:14,280 [INFO] IPUIPlugin:80 - create IPUIPlugin
2025-05-09 11:59:14,280 [INFO] IPUIPlugin:80 - create IPUIPlugin
2025-05-09 11:59:14,281 [INFO] IPUIPlugin:80 - create IPUIPlugin
2025-05-09 11:59:14,281 [INFO] IPUIPlugin:80 - create IPUIPlugin
2025-05-09 11:59:14,281 [INFO] IPUIPlugin:80 - create IPUIPlugin
2025-05-09 11:59:14,281 [INFO] IPUIPlugin:80 - create IPUIPlugin
2025-05-09 11:59:14,281 [INFO] IPUIPlugin:80 - create IPUIPlugin
2025-05-09 11:59:14,281 [INFO] IPUIPlugin:80 - create IPUIPlugin
2025-05-09 11:59:14,281 [INFO] IPUIPlugin:80 - create IPUIPlugin
2025-05-09 11:59:14,281 [INFO] IPUIPlugin:80 - create IPUIPlugin
2025-05-09 11:59:14,281 [INFO] IPUIPlugin:80 - create IPUIPlugin
2025-05-09 11:59:14,281 [INFO] IPUIPlugin:80 - create IPUIPlugin
2025-05-09 11:59:14,283 [INFO] IPUIPlugin:80 - create IPUIPlugin
2025-05-09 11:59:14,283 [INFO] IPUIPlugin:80 - create IPUIPlugin
2025-05-09 11:59:14,283 [INFO] IPUIPlugin:80 - create IPUIPlugin
2025-05-09 11:59:14,283 [INFO] IPUIPlugin:80 - create IPUIPlugin
2025-05-09 11:59:14,283 [INFO] IPUIPlugin:80 - create IPUIPlugin
2025-05-09 11:59:14,284 [INFO] IPUIPlugin:80 - create IPUIPlugin
2025-05-09 11:59:14,284 [INFO] IPUIPlugin:80 - create IPUIPlugin
2025-05-09 11:59:14,284 [INFO] IPUIPlugin:80 - create IPUIPlugin
2025-05-09 11:59:14,284 [INFO] IPUIPlugin:80 - create IPUIPlugin
2025-05-09 11:59:14,284 [INFO] IPUIPlugin:80 - create IPUIPlugin
2025-05-09 11:59:14,285 [INFO] IPUIPlugin:80 - create IPUIPlugin
2025-05-09 11:59:14,424 [INFO] ApiDbMcu:507 - Load IP Config File for PDM2PCM
2025-05-09 11:59:14,630 [INFO] CADModel:165 - CPN selected for project levelSTM32F401CCU6
2025-05-09 11:59:14,630 [INFO] CADModel:114 - Register for checkConnection events
2025-05-09 11:59:14,684 [INFO] OpenFileManager:328 - Restore cursor
2025-05-09 11:59:22,494 [ERROR] LogOutputStream:75 - [STDERR_REDIRECT] SLF4J: Failed to load class "org.slf4j.impl.StaticLoggerBinder".
2025-05-09 11:59:22,495 [ERROR] LogOutputStream:75 - [STDERR_REDIRECT] SLF4J: Defaulting to no-operation (NOP) logger implementation
2025-05-09 11:59:22,496 [ERROR] LogOutputStream:75 - [STDERR_REDIRECT] SLF4J: See http://www.slf4j.org/codes.html#StaticLoggerBinder for further details.
2025-05-09 14:39:26,299 [INFO] Activator:176 - 


2025-05-09 14:39:26,301 [INFO] Activator:177 - !SESSION log4j initialized
2025-05-09 14:39:34,015 [INFO] LogOutputStream:77 - [STDOUT_REDIRECT] 
2025-05-09 14:39:37,158 [INFO] ApplicationProperties:184 - Using Application install path: D:\ITC\STM32\STM32CubeIDE_1.13.0\STM32CubeIDE\plugins\com.st.stm32cube.common.mx_6.9.0.202307051724
2025-05-09 14:39:37,177 [INFO] DbMcusXml:78 - Set database path to: D:\ITC\STM32\STM32CubeIDE_1.13.0\STM32CubeIDE\plugins\com.st.stm32cube.common.mx_6.9.0.202307051724\\db\/mcu/
2025-05-09 14:39:37,177 [INFO] ApiDb:274 - Set plugin database path to: D:\ITC\STM32\STM32CubeIDE_1.13.0\STM32CubeIDE\plugins\com.st.stm32cube.common.mx_6.9.0.202307051724\\db\/plugins/boardmanager/
2025-05-09 14:39:37,177 [WARN] ApiDb:259 - Overriding images path with different value:  => D:\ITC\STM32\STM32CubeIDE_1.13.0\STM32CubeIDE\plugins\com.st.stm32cube.common.mx_6.9.0.202307051724\\db\/plugins/mcufinder/images/
2025-05-09 14:39:37,188 [INFO] ApiDb:250 - Set database path to: C:\Users\msi1\.stmcufinder\plugins\mcufinder//mcu/
2025-05-09 14:39:37,189 [INFO] DbMcusAds:125 - Set database path to: C:\Users\msi1\.stmcufinder\plugins\mcufinder//mcu/
2025-05-09 14:39:37,191 [INFO] CrossReferenceDbSqlite:203 - Set database path to: C:\Users\msi1\.stmcufinder\plugins\mcufinder//mcu/cs/
2025-05-09 14:39:37,283 [INFO] RulesReader:64 - Compatibility file has been processed (293 Rules)
2025-05-09 14:39:37,370 [INFO] DbMcusXml:78 - Set database path to: D:\ITC\STM32\STM32CubeIDE_1.13.0\STM32CubeIDE\plugins\com.st.stm32cube.common.mx_6.9.0.202307051724\\db\/mcu/
2025-05-09 14:39:37,370 [INFO] ApiDb:274 - Set plugin database path to: D:\ITC\STM32\STM32CubeIDE_1.13.0\STM32CubeIDE\plugins\com.st.stm32cube.common.mx_6.9.0.202307051724\\db\/plugins/boardmanager/
2025-05-09 14:39:37,371 [INFO] ApiDb:261 - Set plugin images path to: D:\ITC\STM32\STM32CubeIDE_1.13.0\STM32CubeIDE\plugins\com.st.stm32cube.common.mx_6.9.0.202307051724\\db\/plugins/mcufinder/images/
2025-05-09 14:39:37,371 [WARN] DbFile:41 - Overriding database path with different value: C:\Users\msi1\.stmcufinder\plugins\mcufinder/ => C:\Users\msi1\.stmcufinder\plugins\mcufinder
2025-05-09 14:39:37,371 [INFO] ApiDb:250 - Set database path to: C:\Users\msi1\.stmcufinder\plugins\mcufinder//mcu/
2025-05-09 14:39:37,371 [WARN] DbFile:41 - Overriding database path with different value: C:\Users\msi1\.stmcufinder\plugins\mcufinder/ => C:\Users\msi1\.stmcufinder\plugins\mcufinder
2025-05-09 14:39:37,371 [INFO] DbMcusAds:125 - Set database path to: C:\Users\msi1\.stmcufinder\plugins\mcufinder//mcu/
2025-05-09 14:39:37,372 [WARN] DbFile:41 - Overriding database path with different value: C:\Users\msi1\.stmcufinder\plugins\mcufinder/ => C:\Users\msi1\.stmcufinder\plugins\mcufinder
2025-05-09 14:39:37,372 [WARN] DbFile:41 - Overriding database path with different value: C:\Users\msi1\.stmcufinder\plugins\mcufinder/ => C:\Users\msi1\.stmcufinder\plugins\mcufinder
2025-05-09 14:39:37,372 [INFO] CrossReferenceDbSqlite:203 - Set database path to: C:\Users\msi1\.stmcufinder\plugins\mcufinder//mcu/cs/
2025-05-09 14:39:37,442 [INFO] MainPanel:262 - HeapMemory: 268435456
2025-05-09 14:39:37,536 [INFO] DbMcusXml:78 - Set database path to: D:\ITC\STM32\STM32CubeIDE_1.13.0\STM32CubeIDE\plugins\com.st.stm32cube.common.mx_6.9.0.202307051724\\db\/mcu/
2025-05-09 14:39:37,536 [INFO] ApiDb:274 - Set plugin database path to: D:\ITC\STM32\STM32CubeIDE_1.13.0\STM32CubeIDE\plugins\com.st.stm32cube.common.mx_6.9.0.202307051724\\db\/plugins/boardmanager/
2025-05-09 14:39:37,536 [INFO] ApiDb:261 - Set plugin images path to: D:\ITC\STM32\STM32CubeIDE_1.13.0\STM32CubeIDE\plugins\com.st.stm32cube.common.mx_6.9.0.202307051724\\db\/plugins/mcufinder/images/
2025-05-09 14:39:37,536 [WARN] DbFile:41 - Overriding database path with different value: C:\Users\msi1\.stmcufinder\plugins\mcufinder/ => C:\Users\msi1\.stmcufinder\plugins\mcufinder
2025-05-09 14:39:37,536 [INFO] ApiDb:250 - Set database path to: C:\Users\msi1\.stmcufinder\plugins\mcufinder//mcu/
2025-05-09 14:39:37,536 [WARN] DbFile:41 - Overriding database path with different value: C:\Users\msi1\.stmcufinder\plugins\mcufinder/ => C:\Users\msi1\.stmcufinder\plugins\mcufinder
2025-05-09 14:39:37,536 [INFO] DbMcusAds:125 - Set database path to: C:\Users\msi1\.stmcufinder\plugins\mcufinder//mcu/
2025-05-09 14:39:37,536 [WARN] DbFile:41 - Overriding database path with different value: C:\Users\msi1\.stmcufinder\plugins\mcufinder/ => C:\Users\msi1\.stmcufinder\plugins\mcufinder
2025-05-09 14:39:37,536 [WARN] DbFile:41 - Overriding database path with different value: C:\Users\msi1\.stmcufinder\plugins\mcufinder/ => C:\Users\msi1\.stmcufinder\plugins\mcufinder
2025-05-09 14:39:37,537 [INFO] CrossReferenceDbSqlite:203 - Set database path to: C:\Users\msi1\.stmcufinder\plugins\mcufinder//mcu/cs/
2025-05-09 14:39:37,554 [INFO] ApplicationProperties:184 - Using Application install path: D:\ITC\STM32\STM32CubeIDE_1.13.0\STM32CubeIDE\plugins\com.st.stm32cube.common.mx_6.9.0.202307051724
2025-05-09 14:39:37,555 [INFO] PluginManage:196 - Search for loadable plugins [exclusion list=, ]
2025-05-09 14:39:37,556 [INFO] PluginManage:310 - Check plugin analytics
2025-05-09 14:39:37,683 [INFO] AnalyticsPlugin:253 - Accepted Software Licenses: 
2025-05-09 14:39:37,683 [INFO] AnalyticsPlugin:255 - Accepted CMSIS Pack Licenses: 
2025-05-09 14:39:37,684 [INFO] AnalyticsPlugin:257 - Accepted Firmware Licenses: FW.F4.1.27.0
2025-05-09 14:39:37,686 [INFO] PluginManage:359 - Loaded plugin analytics (category:tool,tabindex:-1)
2025-05-09 14:39:37,686 [INFO] PluginManage:310 - Check plugin cadmodel
2025-05-09 14:39:37,703 [INFO] CADModel:105 - Init CAD model plugin
2025-05-09 14:39:37,703 [INFO] PluginManage:359 - Loaded plugin cadmodel (category:power,tabindex:5)
2025-05-09 14:39:37,704 [INFO] PluginManage:310 - Check plugin clock
2025-05-09 14:39:37,722 [INFO] PluginManage:359 - Loaded plugin clock (category:base,tabindex:2)
2025-05-09 14:39:37,723 [INFO] PluginManage:310 - Check plugin ddr
2025-05-09 14:39:37,725 [INFO] PluginManage:359 - Loaded plugin ddr (category:tool,tabindex:6)
2025-05-09 14:39:37,725 [INFO] PluginManage:310 - Check plugin filemanager
2025-05-09 14:39:37,845 [INFO] PluginManage:359 - Loaded plugin filemanager (category:base,tabindex:10)
2025-05-09 14:39:37,846 [INFO] PluginManage:310 - Check plugin ipmanager
2025-05-09 14:39:37,852 [INFO] PluginManage:359 - Loaded plugin ipmanager (category:base,tabindex:5)
2025-05-09 14:39:37,853 [INFO] PluginManage:310 - Check plugin lpbam
2025-05-09 14:39:37,868 [INFO] PluginManage:359 - Loaded plugin lpbam (category:base,tabindex:0)
2025-05-09 14:39:37,869 [INFO] PluginManage:310 - Check plugin memorymap
2025-05-09 14:39:37,895 [INFO] PluginManage:359 - Loaded plugin memorymap (category:base,tabindex:4)
2025-05-09 14:39:37,895 [INFO] PluginManage:310 - Check plugin pinoutandconfiguration
2025-05-09 14:39:37,911 [INFO] PluginManage:359 - Loaded plugin pinoutandconfiguration (category:base,tabindex:1)
2025-05-09 14:39:37,911 [INFO] PluginManage:310 - Check plugin pinoutconfig
2025-05-09 14:39:38,002 [WARN] SupportedApi:132 - Cannot load RTOS API schema: s4s-elt-must-match.1: The content of 'definitions' must match (annotation?, (simpleType | complexType)?, (unique | key | keyref)*)). A problem was found starting at: attribute.
2025-05-09 14:39:38,110 [INFO] PluginManage:359 - Loaded plugin pinoutconfig (category:base,tabindex:0)
2025-05-09 14:39:38,110 [INFO] PluginManage:310 - Check plugin power
2025-05-09 14:39:38,133 [INFO] PluginManage:359 - Loaded plugin power (category:power,tabindex:4)
2025-05-09 14:39:38,133 [INFO] PluginManage:310 - Check plugin projectmanager
2025-05-09 14:39:38,145 [INFO] PluginManage:359 - Loaded plugin projectmanager (category:projectmanager,tabindex:3)
2025-05-09 14:39:38,145 [INFO] PluginManage:310 - Check plugin thirdparty
2025-05-09 14:39:38,411 [INFO] PluginManage:359 - Loaded plugin thirdparty (category:base,tabindex:-1)
2025-05-09 14:39:38,411 [WARN] IntegrityCheckThread:84 - waiting for thirdparty lock release [integrity check]
2025-05-09 14:39:38,412 [INFO] PluginManage:310 - Check plugin tools
2025-05-09 14:39:38,412 [INFO] IntegrityCheckThread:86 - entering critical section [integrity check]
2025-05-09 14:39:38,412 [INFO] ThirdPartyUpdaterWithRetryManager:70 - Updater plugin not ready yet. [1/15]
2025-05-09 14:39:38,453 [INFO] PluginManage:359 - Loaded plugin tools (category:base,tabindex:7)
2025-05-09 14:39:38,454 [INFO] PluginManage:310 - Check plugin tutovideos
2025-05-09 14:39:38,614 [INFO] PluginManage:359 - Loaded plugin tutovideos (category:base,tabindex:-1)
2025-05-09 14:39:38,614 [INFO] PluginManage:310 - Check plugin updater
2025-05-09 14:39:38,625 [INFO] PluginManage:359 - Loaded plugin updater (category:base,tabindex:12)
2025-05-09 14:39:38,625 [INFO] PluginManage:310 - Check plugin userauth
2025-05-09 14:39:38,629 [INFO] UserAuth:113 - Init User Auth plugin
2025-05-09 14:39:38,630 [INFO] PluginManage:359 - Loaded plugin userauth (category:base,tabindex:14)
2025-05-09 14:39:38,630 [INFO] PluginManage:283 - PluginManage : Loaded plugins [17]
2025-05-09 14:39:38,827 [INFO] PinOutPanel:1499 - setPackage(No Configuration,No Configuration)
2025-05-09 14:39:38,919 [INFO] CADModel:165 - CPN selected for project level
2025-05-09 14:39:38,919 [INFO] CADModel:114 - Register for checkConnection events
2025-05-09 14:39:38,943 [INFO] IPUIPlugin:80 - create IPUIPlugin
2025-05-09 14:39:38,943 [INFO] PluginManager:220 - loadIPPluginJar : add adc
2025-05-09 14:39:38,979 [INFO] IPUIPlugin:80 - create IPUIPlugin
2025-05-09 14:39:38,979 [INFO] PluginManager:220 - loadIPPluginJar : add aes
2025-05-09 14:39:39,019 [INFO] IPUIPlugin:80 - create IPUIPlugin
2025-05-09 14:39:39,019 [INFO] PluginManager:220 - loadIPPluginJar : add can
2025-05-09 14:39:39,044 [INFO] IPUIPlugin:80 - create IPUIPlugin
2025-05-09 14:39:39,044 [INFO] PluginManager:220 - loadIPPluginJar : add comp
2025-05-09 14:39:39,076 [INFO] IPUIPlugin:80 - create IPUIPlugin
2025-05-09 14:39:39,076 [INFO] PluginManager:220 - loadIPPluginJar : add cryp
2025-05-09 14:39:39,106 [INFO] IPUIPlugin:80 - create IPUIPlugin
2025-05-09 14:39:39,106 [INFO] PluginManager:220 - loadIPPluginJar : add dfsdm
2025-05-09 14:39:39,120 [INFO] IPUIPlugin:80 - create IPUIPlugin
2025-05-09 14:39:39,120 [INFO] PluginManager:220 - loadIPPluginJar : add dma
2025-05-09 14:39:39,164 [INFO] IPUIPlugin:80 - create IPUIPlugin
2025-05-09 14:39:39,164 [INFO] PluginManager:220 - loadIPPluginJar : add dma3
2025-05-09 14:39:39,184 [INFO] IPUIPlugin:80 - create IPUIPlugin
2025-05-09 14:39:39,184 [INFO] PluginManager:220 - loadIPPluginJar : add fatfs
2025-05-09 14:39:39,231 [INFO] IPUIPlugin:80 - create IPUIPlugin
2025-05-09 14:39:39,232 [INFO] PluginManager:220 - loadIPPluginJar : add fmc
2025-05-09 14:39:39,246 [INFO] IPUIPlugin:80 - create IPUIPlugin
2025-05-09 14:39:39,247 [INFO] PluginManager:220 - loadIPPluginJar : add freertos
2025-05-09 14:39:39,288 [INFO] IPUIPlugin:80 - create IPUIPlugin
2025-05-09 14:39:39,288 [INFO] PluginManager:220 - loadIPPluginJar : add genericplugin
2025-05-09 14:39:39,385 [INFO] IPUIPlugin:80 - create IPUIPlugin
2025-05-09 14:39:39,385 [INFO] PluginManager:220 - loadIPPluginJar : add gfxmmu
2025-05-09 14:39:39,507 [INFO] IPUIPlugin:80 - create IPUIPlugin
2025-05-09 14:39:39,508 [INFO] PluginManager:220 - loadIPPluginJar : add gic
2025-05-09 14:39:39,519 [INFO] IPUIPlugin:80 - create IPUIPlugin
2025-05-09 14:39:39,520 [INFO] PluginManager:220 - loadIPPluginJar : add gpio
2025-05-09 14:39:39,602 [INFO] IPUIPlugin:80 - create IPUIPlugin
2025-05-09 14:39:39,602 [INFO] PluginManager:220 - loadIPPluginJar : add gtzc
2025-05-09 14:39:39,632 [INFO] IPUIPlugin:80 - create IPUIPlugin
2025-05-09 14:39:39,632 [INFO] PluginManager:220 - loadIPPluginJar : add hash
2025-05-09 14:39:39,680 [INFO] IPUIPlugin:80 - create IPUIPlugin
2025-05-09 14:39:39,680 [INFO] PluginManager:220 - loadIPPluginJar : add i2c
2025-05-09 14:39:39,731 [INFO] IPUIPlugin:80 - create IPUIPlugin
2025-05-09 14:39:39,731 [INFO] PluginManager:220 - loadIPPluginJar : add i2s
2025-05-09 14:39:39,776 [INFO] IPUIPlugin:80 - create IPUIPlugin
2025-05-09 14:39:39,776 [INFO] PluginManager:220 - loadIPPluginJar : add i3c
2025-05-09 14:39:39,882 [INFO] IPUIPlugin:80 - create IPUIPlugin
2025-05-09 14:39:39,882 [INFO] PluginManager:220 - loadIPPluginJar : add ipddr
2025-05-09 14:39:39,974 [INFO] IPUIPlugin:80 - create IPUIPlugin
2025-05-09 14:39:39,974 [INFO] PluginManager:220 - loadIPPluginJar : add linkedlist
2025-05-09 14:39:40,009 [INFO] IPUIPlugin:80 - create IPUIPlugin
2025-05-09 14:39:40,009 [INFO] PluginManager:220 - loadIPPluginJar : add lorawan
2025-05-09 14:39:40,046 [INFO] IPUIPlugin:80 - create IPUIPlugin
2025-05-09 14:39:40,046 [INFO] PluginManager:220 - loadIPPluginJar : add ltdc
2025-05-09 14:39:40,060 [INFO] IPUIPlugin:80 - create IPUIPlugin
2025-05-09 14:39:40,060 [INFO] PluginManager:220 - loadIPPluginJar : add mdma
2025-05-09 14:39:40,073 [INFO] IPUIPlugin:80 - create IPUIPlugin
2025-05-09 14:39:40,073 [INFO] PluginManager:220 - loadIPPluginJar : add nvic
2025-05-09 14:39:40,106 [INFO] IPUIPlugin:80 - create IPUIPlugin
2025-05-09 14:39:40,106 [INFO] PluginManager:220 - loadIPPluginJar : add opamp
2025-05-09 14:39:40,161 [INFO] IPUIPlugin:80 - create IPUIPlugin
2025-05-09 14:39:40,161 [INFO] PluginManager:220 - loadIPPluginJar : add openamp
2025-05-09 14:39:40,205 [INFO] IPUIPlugin:80 - create IPUIPlugin
2025-05-09 14:39:40,205 [INFO] PluginManager:220 - loadIPPluginJar : add pdm2pcm
2025-05-09 14:39:40,218 [INFO] IPUIPlugin:80 - create IPUIPlugin
2025-05-09 14:39:40,220 [INFO] PluginManager:220 - loadIPPluginJar : add plateformsettings
2025-05-09 14:39:40,243 [INFO] IPUIPlugin:80 - create IPUIPlugin
2025-05-09 14:39:40,244 [INFO] PluginManager:220 - loadIPPluginJar : add quadspi
2025-05-09 14:39:40,257 [INFO] IPUIPlugin:80 - create IPUIPlugin
2025-05-09 14:39:40,258 [INFO] PluginManager:220 - loadIPPluginJar : add resmgrutility
2025-05-09 14:39:40,305 [INFO] IPUIPlugin:80 - create IPUIPlugin
2025-05-09 14:39:40,305 [INFO] PluginManager:220 - loadIPPluginJar : add sai
2025-05-09 14:39:40,347 [INFO] IPUIPlugin:80 - create IPUIPlugin
2025-05-09 14:39:40,347 [INFO] PluginManager:220 - loadIPPluginJar : add spi
2025-05-09 14:39:40,402 [INFO] IPUIPlugin:80 - create IPUIPlugin
2025-05-09 14:39:40,402 [INFO] PluginManager:220 - loadIPPluginJar : add stm32_wpan
2025-05-09 14:39:40,429 [INFO] IPUIPlugin:80 - create IPUIPlugin
2025-05-09 14:39:40,430 [INFO] PluginManager:220 - loadIPPluginJar : add tim
2025-05-09 14:39:40,487 [INFO] IPUIPlugin:80 - create IPUIPlugin
2025-05-09 14:39:40,487 [INFO] PluginManager:220 - loadIPPluginJar : add touchsensing
2025-05-09 14:39:40,511 [INFO] IPUIPlugin:80 - create IPUIPlugin
2025-05-09 14:39:40,511 [INFO] PluginManager:220 - loadIPPluginJar : add tracer_emb
2025-05-09 14:39:40,537 [INFO] IPUIPlugin:80 - create IPUIPlugin
2025-05-09 14:39:40,537 [INFO] PluginManager:220 - loadIPPluginJar : add ts
2025-05-09 14:39:40,562 [INFO] IPUIPlugin:80 - create IPUIPlugin
2025-05-09 14:39:40,562 [INFO] PluginManager:220 - loadIPPluginJar : add tsc
2025-05-09 14:39:40,585 [INFO] IPUIPlugin:80 - create IPUIPlugin
2025-05-09 14:39:40,585 [INFO] PluginManager:220 - loadIPPluginJar : add ucpd
2025-05-09 14:39:40,627 [INFO] IPUIPlugin:80 - create IPUIPlugin
2025-05-09 14:39:40,627 [INFO] PluginManager:220 - loadIPPluginJar : add usart
2025-05-09 14:39:40,670 [INFO] IPUIPlugin:80 - create IPUIPlugin
2025-05-09 14:39:40,670 [INFO] PluginManager:220 - loadIPPluginJar : add usbx
2025-05-09 14:39:40,785 [INFO] CADModel:165 - CPN selected for project level
2025-05-09 14:39:40,785 [INFO] CADModel:114 - Register for checkConnection events
2025-05-09 14:39:40,785 [FATAL] Updater:308 - Updater called before beeing initialized
2025-05-09 14:39:40,785 [ERROR] CADModel:125 - Updater not yet initialized, retry later 
2025-05-09 14:39:40,924 [INFO] CADModel:165 - CPN selected for project level
2025-05-09 14:39:40,924 [INFO] CADModel:114 - Register for checkConnection events
2025-05-09 14:39:40,924 [FATAL] Updater:308 - Updater called before beeing initialized
2025-05-09 14:39:40,924 [ERROR] CADModel:125 - Updater not yet initialized, retry later 
2025-05-09 14:39:40,927 [FATAL] Updater:308 - Updater called before beeing initialized
2025-05-09 14:39:41,013 [FATAL] Updater:308 - Updater called before beeing initialized
2025-05-09 14:39:41,024 [INFO] DbMcusAds:53 - JSON generation date=Tue Dec 17 23:01:15 ICT 2024 (1734451275230)
2025-05-09 14:39:41,024 [FATAL] Updater:308 - Updater called before beeing initialized
2025-05-09 14:39:41,097 [WARN] DetailPanel:346 - Failed to get advertising image, set to default
2025-05-09 14:39:41,173 [FATAL] Updater:308 - Updater called before beeing initialized
2025-05-09 14:39:41,175 [FATAL] Updater:308 - Updater called before beeing initialized
2025-05-09 14:39:41,175 [FATAL] Updater:308 - Updater called before beeing initialized
2025-05-09 14:39:41,175 [WARN] DetailPanel:346 - Failed to get advertising image, set to default
2025-05-09 14:39:41,176 [FATAL] Updater:308 - Updater called before beeing initialized
2025-05-09 14:39:41,225 [ERROR] Updater:1120 - MainUpdater not yet initialized. External WinMGr cannot be set.
2025-05-09 14:39:41,235 [INFO] Updater:1056 - Updater Version found : 6.9.0
2025-05-09 14:39:41,249 [INFO] ApplicationProperties:184 - Using Application install path: D:\ITC\STM32\STM32CubeIDE_1.13.0\STM32CubeIDE\plugins\com.st.stm32cube.common.mx_6.9.0.202307051724
2025-05-09 14:39:41,413 [INFO] ThirdPartyUpdaterWithRetryManager:70 - Updater plugin not ready yet. [2/15]
2025-05-09 14:39:41,667 [INFO] MainUpdater:2868 - connection check result : 10
2025-05-09 14:39:41,670 [INFO] MainUpdater:285 - Updater Check For Update Now.
2025-05-09 14:39:41,670 [INFO] MicroXplorer:498 - Change Database Version : DB.6.0.90
2025-05-09 14:39:41,693 [INFO] McuFinderGlobals:63 - Set McuFinder mode to 2 (CubeIDE integrated)
2025-05-09 14:39:41,900 [INFO] CheckServerUpdateThread:120 - End of CheckServer Thread
2025-05-09 14:39:44,694 [WARN] PackLoader:240 - Cannot read IP mode file for STMicroelectronics.FP-SNS-MOTENVWB1.1.4.0
2025-05-09 14:39:44,711 [WARN] PackLoader:240 - Cannot read IP mode file for STMicroelectronics.FP-ATR-ASTRA1.2.0.2
2025-05-09 14:39:44,722 [WARN] PackLoader:240 - Cannot read IP mode file for STMicroelectronics.FP-ATR-ASTRA1.2.0.1
2025-05-09 14:39:44,738 [WARN] PackLoader:240 - Cannot read IP mode file for STMicroelectronics.X-CUBE-SMBUS.2.1.0
2025-05-09 14:39:44,754 [WARN] PackLoader:240 - Cannot read IP mode file for STMicroelectronics.X-CUBE-WB05N.1.1.0
2025-05-09 14:39:44,768 [WARN] PackLoader:240 - Cannot read IP mode file for STMicroelectronics.X-CUBE-TOUCHGFX.4.23.0
2025-05-09 14:39:44,780 [WARN] PackLoader:240 - Cannot read IP mode file for STMicroelectronics.X-CUBE-TOUCHGFX.4.23.2
2025-05-09 14:39:44,818 [WARN] PackLoader:240 - Cannot read IP mode file for STMicroelectronics.X-CUBE-AZRTOS-F7.1.1.0
2025-05-09 14:39:44,837 [ERROR] RealEvaluatedCondition:428 - Found unsupported composite condition: CLASS='Data Exchange' GROUP='STM32_MetaDataManager'
2025-05-09 14:39:44,837 [ERROR] RealEvaluatedCondition:428 - Found unsupported composite condition: CLASS='Data Exchange' GROUP='STM32_MetaDataManager'
2025-05-09 14:39:44,838 [WARN] PackLoader:240 - Cannot read IP mode file for STMicroelectronics.FP-SNS-MOTENV1.4.3.0
2025-05-09 14:39:44,853 [WARN] PackLoader:240 - Cannot read IP mode file for STMicroelectronics.FP-SNS-MOTENV1.4.3.2
2025-05-09 14:39:44,867 [WARN] PackLoader:240 - Cannot read IP mode file for STMicroelectronics.FP-SNS-FLIGHT1.5.0.0
2025-05-09 14:39:44,881 [WARN] PackLoader:240 - Cannot read IP mode file for STMicroelectronics.X-CUBE-BLE1.6.2.4
2025-05-09 14:39:44,897 [WARN] PackLoader:240 - Cannot read IP mode file for STMicroelectronics.FP-SNS-FLIGHT1.5.0.2
2025-05-09 14:39:44,918 [ERROR] Engine:466 - C:\Users\msi1\.stm32cubemx\thirdparties\pdsc\Infineon.AIROC-Wi-Fi-Bluetooth-STM32.1.7.0.pdsc: PDSC version is not supported
2025-05-09 14:39:44,933 [WARN] PackLoader:240 - Cannot read IP mode file for STMicroelectronics.X-CUBE-DISPLAY.3.0.0
2025-05-09 14:39:44,951 [WARN] PackLoader:240 - Cannot read IP mode file for STMicroelectronics.X-CUBE-BLE1.7.0.0
2025-05-09 14:39:44,966 [WARN] PackLoader:240 - Cannot read IP mode file for STMicroelectronics.X-CUBE-NFC10.1.0.0
2025-05-09 14:39:44,980 [ERROR] Engine:466 - C:\Users\msi1\.stm32cubemx\thirdparties\pdsc\STMicroelectronics.X-CUBE-BLEMGR.4.0.0.pdsc: PDSC version is not supported
2025-05-09 14:39:44,994 [WARN] PackLoader:240 - Cannot read IP mode file for emotas.I-CUBE-CANOPEN.1.3.0
2025-05-09 14:39:45,008 [WARN] PackLoader:240 - Cannot read IP mode file for STMicroelectronics.X-CUBE-TOUCHGFX.4.22.0
2025-05-09 14:39:45,024 [WARN] PackLoader:240 - Cannot read IP mode file for STMicroelectronics.X-CUBE-TOUCHGFX.4.22.1
2025-05-09 14:39:45,040 [WARN] PackLoader:240 - Cannot read IP mode file for STMicroelectronics.X-CUBE-BLEMGR.3.1.0
2025-05-09 14:39:45,055 [WARN] PackLoader:240 - Cannot read IP mode file for STMicroelectronics.X-CUBE-AI.10.0.0
2025-05-09 14:39:45,068 [WARN] PackLoader:240 - Cannot read IP mode file for STMicroelectronics.FP-SNS-SMARTAG2.1.2.0
2025-05-09 14:39:45,080 [ERROR] Engine:466 - C:\Users\msi1\.stm32cubemx\thirdparties\pdsc\STMicroelectronics.FP-SNS-FLIGHT1.5.1.0.pdsc: PDSC version is not supported
2025-05-09 14:39:45,147 [WARN] PackLoader:240 - Cannot read IP mode file for STMicroelectronics.X-CUBE-MEMS1.11.1.0
2025-05-09 14:39:45,263 [INFO] LogOutputStream:77 - [STDOUT_REDIRECT] 1 : Invalid condition id : UX_CORESTACK_Condition cause : null
2025-05-09 14:39:45,264 [INFO] LogOutputStream:77 - [STDOUT_REDIRECT] 1 : Invalid condition id : UX_CORESTACK_Condition cause : null
2025-05-09 14:39:45,265 [INFO] LogOutputStream:77 - [STDOUT_REDIRECT] 1 : Invalid condition id : UX_CORESTACK_Condition cause : null
2025-05-09 14:39:45,266 [INFO] LogOutputStream:77 - [STDOUT_REDIRECT] 1 : Invalid condition id : UX_CORESTACK_Condition cause : null
2025-05-09 14:39:45,267 [INFO] LogOutputStream:77 - [STDOUT_REDIRECT] 1 : Invalid condition id : UX_CORESTACK_Condition cause : null
2025-05-09 14:39:45,269 [WARN] PackLoader:240 - Cannot read IP mode file for STMicroelectronics.X-CUBE-AZRTOS-WL.2.0.0
2025-05-09 14:39:45,283 [WARN] PackLoader:240 - Cannot read IP mode file for STMicroelectronics.FP-SNS-MOTENV1.5.0.0
2025-05-09 14:39:45,299 [WARN] PackLoader:240 - Cannot read IP mode file for wolfSSL.I-CUBE-wolfMQTT.1.19.0
2025-05-09 14:39:45,317 [WARN] PackLoader:240 - Cannot read IP mode file for WES.I-CUBE-Cesium.1.3.0
2025-05-09 14:39:45,332 [WARN] PackLoader:240 - Cannot read IP mode file for STMicroelectronics.X-CUBE-BLE2.3.3.0
2025-05-09 14:39:45,348 [WARN] PackLoader:240 - Cannot read IP mode file for STMicroelectronics.X-CUBE-NFC9.1.0.0
2025-05-09 14:39:45,364 [WARN] PackLoader:240 - Cannot read IP mode file for STMicroelectronics.X-CUBE-BLE1.7.1.0
2025-05-09 14:39:45,384 [WARN] PackLoader:240 - Cannot read IP mode file for STMicroelectronics.X-CUBE-TCPP.4.1.0
2025-05-09 14:39:45,402 [WARN] PackLoader:240 - Cannot read IP mode file for STMicroelectronics.X-CUBE-TOUCHGFX.4.21.4
2025-05-09 14:39:45,416 [WARN] PackLoader:240 - Cannot read IP mode file for STMicroelectronics.X-CUBE-ALGOBUILD.1.3.0
2025-05-09 14:39:45,470 [WARN] PackLoader:240 - Cannot read IP mode file for STMicroelectronics.X-CUBE-MEMS1.11.2.0
2025-05-09 14:39:45,569 [WARN] PackLoader:240 - Cannot read IP mode file for STMicroelectronics.X-CUBE-AZRTOS-G0.1.1.0
2025-05-09 14:39:45,585 [WARN] PackLoader:240 - Cannot read IP mode file for STMicroelectronics.X-CUBE-SAFEA1.1.2.2
2025-05-09 14:39:45,602 [WARN] PackLoader:240 - Cannot read IP mode file for STMicroelectronics.X-CUBE-NFC4.3.0.0
2025-05-09 14:39:45,615 [WARN] PackLoader:240 - Cannot read IP mode file for wolfSSL.I-CUBE-wolfMQTT.1.18.0
2025-05-09 14:39:45,636 [ERROR] Engine:466 - C:\Users\msi1\.stm32cubemx\thirdparties\pdsc\EmbeddedOffice.I-CUBE-FS-RTOS.1.0.1.pdsc: PDSC version is not supported
2025-05-09 14:39:45,651 [WARN] PackLoader:240 - Cannot read IP mode file for STMicroelectronics.X-CUBE-WB05N.2.0.0
2025-05-09 14:39:45,690 [WARN] PackLoader:240 - Cannot read IP mode file for STMicroelectronics.X-CUBE-BLEMGR.3.0.0
2025-05-09 14:39:45,705 [ERROR] Engine:466 - C:\Users\msi1\.stm32cubemx\thirdparties\pdsc\STMicroelectronics.X-CUBE-TCPP.4.2.0.pdsc: PDSC version is not supported
2025-05-09 14:39:45,718 [ERROR] Engine:466 - C:\Users\msi1\.stm32cubemx\thirdparties\pdsc\RealThread.X-CUBE-RT-Thread_Nano.4.1.1.pdsc: PDSC version is not supported
2025-05-09 14:39:45,732 [WARN] PackLoader:240 - Cannot read IP mode file for STMicroelectronics.FP-ATR-SIGFOX1.3.2.0
2025-05-09 14:39:45,746 [ERROR] Engine:466 - C:\Users\msi1\.stm32cubemx\thirdparties\pdsc\quantropi.X-CUBE-qispace-sdk-base.1.9.3.pdsc: PDSC version is not supported
2025-05-09 14:39:45,762 [WARN] PackLoader:240 - Cannot read IP mode file for STMicroelectronics.X-CUBE-EEPRMA1.5.1.0
2025-05-09 14:39:45,786 [WARN] PackLoader:240 - Cannot read IP mode file for wolfSSL.I-CUBE-wolfSSL.5.7.6
2025-05-09 14:39:45,806 [WARN] PackLoader:240 - Cannot read IP mode file for ITTIA_DB.I-CUBE-ITTIADB.8.9.0
2025-05-09 14:39:45,837 [WARN] PackLoader:240 - Cannot read IP mode file for SEGGER.I-CUBE-embOS.1.3.1
2025-05-09 14:39:45,875 [WARN] PackLoader:240 - Cannot read IP mode file for STMicroelectronics.X-CUBE-ALGOBUILD.1.4.0
2025-05-09 14:39:45,889 [WARN] PackLoader:240 - Cannot read IP mode file for STMicroelectronics.X-CUBE-AI.9.1.0
2025-05-09 14:39:45,905 [WARN] PackLoader:240 - Cannot read IP mode file for STMicroelectronics.X-CUBE-GNSS1.6.0.0
2025-05-09 14:39:45,933 [WARN] PackLoader:240 - Cannot read IP mode file for STMicroelectronics.X-CUBE-AZRTOS-F4.1.1.0
2025-05-09 14:39:45,946 [ERROR] Engine:466 - C:\Users\msi1\.stm32cubemx\thirdparties\pdsc\Avnet-IotConnect.X-CUBE-IoTC-DA16k-PMOD.1.0.0.pdsc: PDSC version is not supported
2025-05-09 14:39:45,958 [WARN] PackLoader:240 - Cannot read IP mode file for wolfSSL.I-CUBE-wolfSSL.5.6.0
2025-05-09 14:39:45,975 [WARN] PackLoader:240 - Cannot read IP mode file for STMicroelectronics.X-CUBE-ISPU.2.1.0
2025-05-09 14:39:45,990 [WARN] PackLoader:240 - Cannot read IP mode file for STMicroelectronics.X-CUBE-FREERTOS.1.2.0
2025-05-09 14:39:46,017 [WARN] PackLoader:240 - Cannot read IP mode file for STMicroelectronics.X-CUBE-AZRTOS-L5.2.0.0
2025-05-09 14:39:46,067 [WARN] PackLoader:240 - Cannot read IP mode file for STMicroelectronics.X-CUBE-MEMS1.9.6.0
2025-05-09 14:39:46,185 [WARN] PackLoader:240 - Cannot read IP mode file for STMicroelectronics.X-CUBE-EEPRMA1.4.2.0
2025-05-09 14:39:46,203 [WARN] PackLoader:240 - Cannot read IP mode file for STMicroelectronics.X-CUBE-NFC6.3.1.0
2025-05-09 14:39:46,218 [WARN] PackLoader:240 - Cannot read IP mode file for ITTIA_DB.I-CUBE-ITTIADB.8.8.0
2025-05-09 14:39:46,237 [WARN] PackLoader:240 - Cannot read IP mode file for emotas.I-CUBE-CANOPEN.1.1.3
2025-05-09 14:39:46,252 [WARN] PackLoader:240 - Cannot read IP mode file for STMicroelectronics.X-CUBE-BLEMGR.2.0.0
2025-05-09 14:39:46,266 [ERROR] Engine:466 - C:\Users\msi1\.stm32cubemx\thirdparties\pdsc\STMicroelectronics.X-CUBE-DPower.1.2.0.pdsc: PDSC version is not supported
2025-05-09 14:39:46,285 [WARN] PackLoader:240 - Cannot read IP mode file for STMicroelectronics.X-CUBE-AI.9.0.0
2025-05-09 14:39:46,315 [WARN] ConditionMgr:438 - getConditionDescription Invalid condition id : UX DEVICE CLASS RTOS Condition cause : null
2025-05-09 14:39:46,315 [WARN] ConditionMgr:438 - getConditionDescription Invalid condition id : UX DEVICE CLASS RTOS Condition cause : null
2025-05-09 14:39:46,317 [WARN] PackLoader:240 - Cannot read IP mode file for STMicroelectronics.X-CUBE-AZRTOS-H7.3.1.0
2025-05-09 14:39:46,318 [WARN] ConditionMgr:1039 - genDependencies : Invalid condition id : UX DEVICE CLASS RTOS Condition cause : null
2025-05-09 14:39:46,318 [WARN] ConditionMgr:1039 - genDependencies : Invalid condition id : UX DEVICE CLASS RTOS Condition cause : null
2025-05-09 14:39:46,318 [WARN] ConditionMgr:1039 - genDependencies : Invalid condition id : UX DEVICE CLASS RTOS Condition cause : null
2025-05-09 14:39:46,318 [WARN] ConditionMgr:1039 - genDependencies : Invalid condition id : UX DEVICE CLASS RTOS Condition cause : null
2025-05-09 14:39:46,318 [WARN] ConditionMgr:1039 - genDependencies : Invalid condition id : UX DEVICE CLASS RTOS Condition cause : null
2025-05-09 14:39:46,333 [WARN] PackLoader:240 - Cannot read IP mode file for STMicroelectronics.X-CUBE-FREERTOS.1.3.0
2025-05-09 14:39:46,346 [WARN] PackLoader:240 - Cannot read IP mode file for STMicroelectronics.X-CUBE-NFC7.1.0.1
2025-05-09 14:39:46,359 [WARN] PackLoader:240 - Cannot read IP mode file for STMicroelectronics.X-CUBE-NFC7.1.0.0
2025-05-09 14:39:46,372 [WARN] PackLoader:240 - Cannot read IP mode file for wolfSSL.I-CUBE-wolfTPM.3.2.0
2025-05-09 14:39:46,386 [WARN] PackLoader:240 - Cannot read IP mode file for STMicroelectronics.X-CUBE-NFC6.3.0.0
2025-05-09 14:39:46,400 [WARN] PackLoader:240 - Cannot read IP mode file for STMicroelectronics.X-CUBE-EEPRMA1.4.1.0
2025-05-09 14:39:46,413 [ERROR] Engine:466 - C:\Users\msi1\.stm32cubemx\thirdparties\pdsc\STMicroelectronics.X-CUBE-DPower.1.3.0.pdsc: PDSC version is not supported
2025-05-09 14:39:46,425 [WARN] PackLoader:240 - Cannot read IP mode file for STMicroelectronics.X-CUBE-AI.8.1.0
2025-05-09 14:39:46,460 [WARN] ConditionMgr:438 - getConditionDescription Invalid condition id : LAN8742 Phy interface Condition cause : null
2025-05-09 14:39:46,461 [WARN] PackLoader:240 - Cannot read IP mode file for STMicroelectronics.X-CUBE-AZRTOS-L4.2.0.0
2025-05-09 14:39:46,462 [WARN] ConditionMgr:1039 - genDependencies : Invalid condition id : LAN8742 Phy interface Condition cause : null
2025-05-09 14:39:46,462 [WARN] ConditionMgr:1039 - genDependencies : Invalid condition id : LAN8742 Phy interface Condition cause : null
2025-05-09 14:39:46,462 [WARN] ConditionMgr:1039 - genDependencies : Invalid condition id : LAN8742 Phy interface Condition cause : null
2025-05-09 14:39:46,484 [WARN] PackLoader:240 - Cannot read IP mode file for STMicroelectronics.X-CUBE-SFXS2LP1.4.0.0
2025-05-09 14:39:46,499 [WARN] PackLoader:240 - Cannot read IP mode file for STMicroelectronics.X-CUBE-ISPU.1.1.0
2025-05-09 14:39:46,541 [WARN] PackLoader:240 - Cannot read IP mode file for STMicroelectronics.X-CUBE-AZRTOS-H7.3.3.0
2025-05-09 14:39:46,562 [ERROR] Engine:466 - C:\Users\msi1\.stm32cubemx\thirdparties\pdsc\STMicroelectronics.X-CUBE-IPS.3.0.0.pdsc: PDSC version is not supported
2025-05-09 14:39:46,585 [WARN] ConditionMgr:438 - getConditionDescription Invalid condition id : UX DEVICE CLASS RTOS Condition cause : null
2025-05-09 14:39:46,585 [WARN] ConditionMgr:438 - getConditionDescription Invalid condition id : UX DEVICE CLASS RTOS Condition cause : null
2025-05-09 14:39:46,586 [WARN] PackLoader:240 - Cannot read IP mode file for STMicroelectronics.X-CUBE-AZRTOS-WB.2.0.0
2025-05-09 14:39:46,587 [WARN] ConditionMgr:1039 - genDependencies : Invalid condition id : UX DEVICE CLASS RTOS Condition cause : null
2025-05-09 14:39:46,587 [WARN] ConditionMgr:1039 - genDependencies : Invalid condition id : UX DEVICE CLASS RTOS Condition cause : null
2025-05-09 14:39:46,587 [WARN] ConditionMgr:1039 - genDependencies : Invalid condition id : UX DEVICE CLASS RTOS Condition cause : null
2025-05-09 14:39:46,587 [WARN] ConditionMgr:1039 - genDependencies : Invalid condition id : UX DEVICE CLASS RTOS Condition cause : null
2025-05-09 14:39:46,587 [WARN] ConditionMgr:1039 - genDependencies : Invalid condition id : UX DEVICE CLASS RTOS Condition cause : null
2025-05-09 14:39:46,603 [WARN] PackLoader:240 - Cannot read IP mode file for STMicroelectronics.X-CUBE-FREERTOS.1.0.1
2025-05-09 14:39:46,617 [WARN] PackLoader:240 - Cannot read IP mode file for STMicroelectronics.X-CUBE-GNSS1.7.0.1
2025-05-09 14:39:46,631 [WARN] PackLoader:240 - Cannot read IP mode file for STMicroelectronics.X-CUBE-TOUCHGFX.4.25.0
2025-05-09 14:39:46,643 [ERROR] Engine:466 - C:\Users\msi1\.stm32cubemx\thirdparties\pdsc\STMicroelectronics.FP-SNS-STBOX1.2.0.0.pdsc: PDSC version is not supported
2025-05-09 14:39:46,669 [WARN] PackLoader:240 - Cannot read IP mode file for STMicroelectronics.X-CUBE-AZRTOS-L5.1.1.0
2025-05-09 14:39:46,684 [WARN] PackLoader:240 - Cannot read IP mode file for STMicroelectronics.X-CUBE-AI.8.0.1
2025-05-09 14:39:46,702 [WARN] PackLoader:240 - Cannot read IP mode file for STMicroelectronics.X-CUBE-SUBG2.5.0.0
2025-05-09 14:39:46,734 [WARN] PackLoader:240 - Cannot read IP mode file for STMicroelectronics.X-CUBE-AZRTOS-H7RS.1.1.0
2025-05-09 14:39:46,749 [WARN] PackLoader:240 - Cannot read IP mode file for Cesanta.I-CUBE-Mongoose.7.13.0
2025-05-09 14:39:46,766 [WARN] PackLoader:240 - Cannot read IP mode file for STMicroelectronics.X-CUBE-TOF1.3.3.1
2025-05-09 14:39:46,794 [WARN] PackLoader:240 - Cannot read IP mode file for STMicroelectronics.X-CUBE-AZRTOS-G4.2.0.0
2025-05-09 14:39:46,812 [WARN] PackLoader:240 - Cannot read IP mode file for STMicroelectronics.X-CUBE-TOF1.3.3.0
2025-05-09 14:39:46,843 [WARN] PackLoader:240 - Cannot read IP mode file for Infineon.AIROC-Wi-Fi-Bluetooth-STM32.1.5.1
2025-05-09 14:39:46,863 [WARN] PackLoader:240 - Cannot read IP mode file for STMicroelectronics.FP-SNS-MOTENVWB1.1.3.0
2025-05-09 14:39:46,880 [WARN] PackLoader:240 - Cannot read IP mode file for STMicroelectronics.X-CUBE-NFC7.2.0.0
2025-05-09 14:39:46,893 [WARN] PackLoader:240 - Cannot read IP mode file for STMicroelectronics.FP-SNS-MOTENVWB1.1.3.1
2025-05-09 14:39:46,926 [WARN] PackLoader:240 - Cannot read IP mode file for STMicroelectronics.X-CUBE-AZRTOS-L4.1.0.0
2025-05-09 14:39:46,942 [WARN] PackLoader:240 - Cannot read IP mode file for STMicroelectronics.X-CUBE-ISPU.2.0.0
2025-05-09 14:39:46,961 [ERROR] Engine:466 - C:\Users\msi1\.stm32cubemx\thirdparties\pdsc\STMicroelectronics.X-CUBE-IPS.3.1.0.pdsc: PDSC version is not supported
2025-05-09 14:39:46,976 [WARN] PackLoader:240 - Cannot read IP mode file for STMicroelectronics.X-CUBE-ALS.1.0.2
2025-05-09 14:39:47,014 [WARN] PackLoader:240 - Cannot read IP mode file for STMicroelectronics.X-CUBE-MEMS1.10.0.0
2025-05-09 14:39:47,081 [WARN] PackLoader:240 - Cannot read IP mode file for STMicroelectronics.X-CUBE-FREERTOS.1.1.0
2025-05-09 14:39:47,094 [WARN] PackLoader:240 - Cannot read IP mode file for STMicroelectronics.X-CUBE-TOUCHGFX.4.24.0
2025-05-09 14:39:47,108 [WARN] PackLoader:240 - Cannot read IP mode file for STMicroelectronics.X-CUBE-TOUCHGFX.4.24.2
2025-05-09 14:39:47,128 [WARN] PackLoader:240 - Cannot read IP mode file for STMicroelectronics.X-CUBE-AZRTOS-WL.1.0.0
2025-05-09 14:39:47,143 [WARN] PackLoader:240 - Cannot read IP mode file for STMicroelectronics.X-CUBE-TOUCHGFX.4.24.1
2025-05-09 14:39:47,157 [WARN] PackLoader:240 - Cannot read IP mode file for wolfSSL.I-CUBE-wolfTPM.3.4.0
2025-05-09 14:39:47,172 [WARN] PackLoader:240 - Cannot read IP mode file for portGmbH.I-Cube-SoM-uGOAL.1.1.0
2025-05-09 14:39:47,191 [WARN] PackLoader:240 - Cannot read IP mode file for STMicroelectronics.X-CUBE-ALS.1.0.1
2025-05-09 14:39:47,221 [WARN] PackLoader:240 - Cannot read IP mode file for STMicroelectronics.X-CUBE-AZRTOS-WB.1.1.0
2025-05-09 14:39:47,262 [WARN] PackLoader:240 - Cannot read IP mode file for STMicroelectronics.X-CUBE-AZRTOS-H7RS.1.0.0
2025-05-09 14:39:47,280 [WARN] PackLoader:240 - Cannot read IP mode file for STMicroelectronics.FP-ATR-ASTRA1.2.0.0
2025-05-09 14:39:47,296 [ERROR] Engine:466 - C:\Users\msi1\.stm32cubemx\thirdparties\pdsc\STMicroelectronics.X-CUBE-TOF1.3.4.2.pdsc: PDSC version is not supported
2025-05-09 14:39:47,313 [ERROR] Engine:466 - C:\Users\msi1\.stm32cubemx\thirdparties\pdsc\STMicroelectronics.X-CUBE-TOF1.3.4.3.pdsc: PDSC version is not supported
2025-05-09 14:39:47,334 [WARN] PackLoader:240 - Cannot read IP mode file for STMicroelectronics.X-CUBE-TOF1.3.4.0
2025-05-09 14:39:47,355 [WARN] PackLoader:240 - Cannot read IP mode file for STMicroelectronics.X-CUBE-TOF1.3.4.1
2025-05-09 14:39:47,388 [WARN] PackLoader:240 - Cannot read IP mode file for STMicroelectronics.X-CUBE-AZRTOS-H7.3.2.0
2025-05-09 14:39:47,403 [WARN] PackLoader:240 - Cannot read IP mode file for wolfSSL.I-CUBE-wolfSSH.1.4.17
2025-05-09 14:39:47,404 [INFO] ThirdParty:978 - Integrity check success = true
2025-05-09 14:39:47,404 [INFO] IntegrityCheckThread:100 - exiting critical section [integrity check]
2025-05-09 14:39:47,404 [INFO] IntegrityCheckThread:103 - End integrity checks thread
2025-05-09 14:40:02,796 [ERROR] LogOutputStream:75 - [STDERR_REDIRECT] SLF4J: Failed to load class "org.slf4j.impl.StaticLoggerBinder".
2025-05-09 14:40:02,796 [ERROR] LogOutputStream:75 - [STDERR_REDIRECT] SLF4J: Defaulting to no-operation (NOP) logger implementation
2025-05-09 14:40:02,797 [ERROR] LogOutputStream:75 - [STDERR_REDIRECT] SLF4J: See http://www.slf4j.org/codes.html#StaticLoggerBinder for further details.
2025-05-09 14:40:23,166 [INFO] McuFinderGlobals:63 - Set McuFinder mode to 2 (CubeIDE integrated)
2025-05-09 14:40:23,208 [INFO] MainUpdater:2868 - connection check result : 10
2025-05-09 14:40:23,221 [INFO] MainUpdater:2868 - connection check result : 10
2025-05-09 14:40:23,498 [INFO] MicroXplorer:468 - Change Database Path : 
2025-05-09 14:40:23,498 [INFO] MicroXplorer:498 - Change Database Version : DB.6.0.90
2025-05-09 14:40:23,502 [WARN] ThirdParty:871 - waiting for thirdparty lock release [close project]
2025-05-09 14:40:23,502 [INFO] ThirdParty:873 - entering critical section [close project]
2025-05-09 14:40:23,502 [INFO] ThirdParty:883 - exiting critical section [close project]
2025-05-09 14:40:23,504 [INFO] PinOutPanel:1499 - setPackage(No Configuration,No Configuration)
2025-05-09 14:40:23,510 [INFO] UtilMem:75 - Begin LoadConfig() Used Memory: 241994720 Bytes (377487360)
2025-05-09 14:40:23,511 [INFO] MicroXplorer:468 - Change Database Path : 
2025-05-09 14:40:23,511 [INFO] MicroXplorer:498 - Change Database Version : DB.6.0.90
2025-05-09 14:40:23,512 [INFO] OpenFileManager:308 - Change cursor
2025-05-09 14:40:23,558 [INFO] Mcu:1946 - Initializing MCU STM32F401C(B-C)Ux STM32F401CCUx STM32F401CCU6
2025-05-09 14:40:25,002 [INFO] Context:659 - Trying to add GPIOservice into a context  which must be forbidden
2025-05-09 14:40:25,472 [INFO] RtosManager:555 - Registered RTOS mode: class=CMSIS, group=RTOS, mode=CMSIS_V1, owner=FREERTOS
2025-05-09 14:40:25,472 [INFO] RtosManager:555 - Registered RTOS mode: class=CMSIS, group=RTOS2, mode=CMSIS_V2, owner=FREERTOS
2025-05-09 14:40:25,472 [INFO] RtosManager:555 - Registered RTOS mode: class=RTOS, group=Core, mode=CMSIS_V1, owner=FREERTOS
2025-05-09 14:40:25,472 [INFO] RtosManager:555 - Registered RTOS mode: class=RTOS, group=Core, mode=CMSIS_V2, owner=FREERTOS
2025-05-09 14:40:25,473 [WARN] ModelIntegratedComponent:184 - Missing modes for component STMicroelectronics:FreeRTOS:0.0.1:STMicroelectronics:RTOS:FreeRTOS:Core:::10.2.0:
2025-05-09 14:40:25,477 [WARN] ModelIntegratedComponent:63 - No mode defined for component null
2025-05-09 14:40:25,477 [WARN] ModelIntegratedComponent:63 - No mode defined for component null
2025-05-09 14:40:25,477 [WARN] ModelIntegratedComponent:63 - No mode defined for component null
2025-05-09 14:40:25,478 [WARN] ModelIntegratedComponent:63 - No mode defined for component null
2025-05-09 14:40:25,478 [WARN] ModelIntegratedComponent:63 - No mode defined for component null
2025-05-09 14:40:25,478 [WARN] ModelIntegratedComponent:63 - No mode defined for component null
2025-05-09 14:40:25,478 [WARN] ModelIntegratedComponent:63 - No mode defined for component null
2025-05-09 14:40:25,478 [WARN] ModelIntegratedComponent:63 - No mode defined for component null
2025-05-09 14:40:25,478 [WARN] ModelIntegratedComponent:63 - No mode defined for component null
2025-05-09 14:40:25,478 [WARN] ModelIntegratedComponent:63 - No mode defined for component null
2025-05-09 14:40:25,478 [WARN] ModelIntegratedComponent:63 - No mode defined for component null
2025-05-09 14:40:25,478 [WARN] ModelIntegratedComponent:63 - No mode defined for component null
2025-05-09 14:40:25,478 [WARN] ModelIntegratedComponent:63 - No mode defined for component null
2025-05-09 14:40:25,478 [WARN] ModelIntegratedComponent:63 - No mode defined for component null
2025-05-09 14:40:25,478 [WARN] ModelIntegratedComponent:63 - No mode defined for component null
2025-05-09 14:40:25,478 [WARN] ModelIntegratedComponent:63 - No mode defined for component null
2025-05-09 14:40:25,478 [WARN] ModelIntegratedComponent:63 - No mode defined for component null
2025-05-09 14:40:25,478 [WARN] ModelIntegratedComponent:63 - No mode defined for component null
2025-05-09 14:40:25,478 [WARN] ModelIntegratedComponent:63 - No mode defined for component null
2025-05-09 14:40:25,478 [WARN] ModelIntegratedComponent:63 - No mode defined for component null
2025-05-09 14:40:25,478 [WARN] ModelIntegratedComponent:63 - No mode defined for component null
2025-05-09 14:40:25,478 [WARN] ModelIntegratedComponent:63 - No mode defined for component null
2025-05-09 14:40:25,479 [WARN] ModelIntegratedComponent:63 - No mode defined for component null
2025-05-09 14:40:25,479 [WARN] ModelIntegratedComponent:63 - No mode defined for component null
2025-05-09 14:40:25,479 [WARN] ModelIntegratedComponent:63 - No mode defined for component null
2025-05-09 14:40:25,479 [WARN] ModelIntegratedComponent:63 - No mode defined for component null
2025-05-09 14:40:25,479 [WARN] ModelIntegratedComponent:63 - No mode defined for component null
2025-05-09 14:40:25,479 [WARN] ModelIntegratedComponent:63 - No mode defined for component null
2025-05-09 14:40:25,479 [WARN] ModelIntegratedComponent:63 - No mode defined for component null
2025-05-09 14:40:25,479 [WARN] ModelIntegratedComponent:63 - No mode defined for component null
2025-05-09 14:40:25,479 [WARN] ModelIntegratedComponent:63 - No mode defined for component null
2025-05-09 14:40:25,479 [WARN] ModelIntegratedComponent:63 - No mode defined for component null
2025-05-09 14:40:25,479 [WARN] ModelIntegratedComponent:63 - No mode defined for component null
2025-05-09 14:40:25,557 [WARN] ModelIntegratedComponent:182 - Modes not found for component STMicroelectronics:USB_DEVICE:1.0.0:STMicroelectronics:USB::USB Device:Audio HS::1.0:USB_DEVICE_1_0_RESTRICTED_HS
2025-05-09 14:40:25,557 [WARN] ModelIntegratedComponent:188 - Modes not found for component STMicroelectronics:USB_DEVICE:1.0.0:STMicroelectronics:USB::USB Device:Audio HS::1.0:USB_DEVICE_1_0_RESTRICTED_HS
2025-05-09 14:40:25,557 [WARN] ModelIntegratedComponent:182 - Modes not found for component STMicroelectronics:USB_DEVICE:1.0.0:STMicroelectronics:USB::USB Device:CDC HS::1.0:USB_DEVICE_1_0_RESTRICTED_HS
2025-05-09 14:40:25,557 [WARN] ModelIntegratedComponent:188 - Modes not found for component STMicroelectronics:USB_DEVICE:1.0.0:STMicroelectronics:USB::USB Device:CDC HS::1.0:USB_DEVICE_1_0_RESTRICTED_HS
2025-05-09 14:40:25,557 [WARN] ModelIntegratedComponent:182 - Modes not found for component STMicroelectronics:USB_DEVICE:1.0.0:STMicroelectronics:USB::USB Device:DFU HS::1.0:USB_DEVICE_1_0_RESTRICTED_HS
2025-05-09 14:40:25,557 [WARN] ModelIntegratedComponent:188 - Modes not found for component STMicroelectronics:USB_DEVICE:1.0.0:STMicroelectronics:USB::USB Device:DFU HS::1.0:USB_DEVICE_1_0_RESTRICTED_HS
2025-05-09 14:40:25,557 [WARN] ModelIntegratedComponent:182 - Modes not found for component STMicroelectronics:USB_DEVICE:1.0.0:STMicroelectronics:USB::USB Device:HID HS::1.0:USB_DEVICE_1_0_RESTRICTED_HS
2025-05-09 14:40:25,558 [WARN] ModelIntegratedComponent:188 - Modes not found for component STMicroelectronics:USB_DEVICE:1.0.0:STMicroelectronics:USB::USB Device:HID HS::1.0:USB_DEVICE_1_0_RESTRICTED_HS
2025-05-09 14:40:25,558 [WARN] ModelIntegratedComponent:182 - Modes not found for component STMicroelectronics:USB_DEVICE:1.0.0:STMicroelectronics:USB::USB Device:Custom HID HS::1.0:USB_DEVICE_1_0_RESTRICTED_HS
2025-05-09 14:40:25,558 [WARN] ModelIntegratedComponent:188 - Modes not found for component STMicroelectronics:USB_DEVICE:1.0.0:STMicroelectronics:USB::USB Device:Custom HID HS::1.0:USB_DEVICE_1_0_RESTRICTED_HS
2025-05-09 14:40:25,558 [WARN] ModelIntegratedComponent:182 - Modes not found for component STMicroelectronics:USB_DEVICE:1.0.0:STMicroelectronics:USB::USB Device:MSC HS::1.0:USB_DEVICE_1_0_RESTRICTED_HS
2025-05-09 14:40:25,558 [WARN] ModelIntegratedComponent:188 - Modes not found for component STMicroelectronics:USB_DEVICE:1.0.0:STMicroelectronics:USB::USB Device:MSC HS::1.0:USB_DEVICE_1_0_RESTRICTED_HS
2025-05-09 14:40:25,625 [WARN] ModelIntegratedComponent:182 - Modes not found for component STMicroelectronics:USB_HOST:1.0.0:STMicroelectronics:USB::USB Host:Audio HS::1.0:USB_HOST_1_0_RESTRICTED_HS
2025-05-09 14:40:25,625 [WARN] ModelIntegratedComponent:188 - Modes not found for component STMicroelectronics:USB_HOST:1.0.0:STMicroelectronics:USB::USB Host:Audio HS::1.0:USB_HOST_1_0_RESTRICTED_HS
2025-05-09 14:40:25,625 [WARN] ModelIntegratedComponent:182 - Modes not found for component STMicroelectronics:USB_HOST:1.0.0:STMicroelectronics:USB::USB Host:CDC HS::1.0:USB_HOST_1_0_RESTRICTED_HS
2025-05-09 14:40:25,625 [WARN] ModelIntegratedComponent:188 - Modes not found for component STMicroelectronics:USB_HOST:1.0.0:STMicroelectronics:USB::USB Host:CDC HS::1.0:USB_HOST_1_0_RESTRICTED_HS
2025-05-09 14:40:25,625 [WARN] ModelIntegratedComponent:182 - Modes not found for component STMicroelectronics:USB_HOST:1.0.0:STMicroelectronics:USB::USB Host:MSC HS::1.0:USB_HOST_1_0_RESTRICTED_HS
2025-05-09 14:40:25,625 [WARN] ModelIntegratedComponent:188 - Modes not found for component STMicroelectronics:USB_HOST:1.0.0:STMicroelectronics:USB::USB Host:MSC HS::1.0:USB_HOST_1_0_RESTRICTED_HS
2025-05-09 14:40:25,625 [WARN] ModelIntegratedComponent:182 - Modes not found for component STMicroelectronics:USB_HOST:1.0.0:STMicroelectronics:USB::USB Host:HID HS::1.0:USB_HOST_1_0_RESTRICTED_HS
2025-05-09 14:40:25,625 [WARN] ModelIntegratedComponent:188 - Modes not found for component STMicroelectronics:USB_HOST:1.0.0:STMicroelectronics:USB::USB Host:HID HS::1.0:USB_HOST_1_0_RESTRICTED_HS
2025-05-09 14:40:25,625 [WARN] ModelIntegratedComponent:182 - Modes not found for component STMicroelectronics:USB_HOST:1.0.0:STMicroelectronics:USB::USB Host:MTP HS::1.0:USB_HOST_1_0_RESTRICTED_HS
2025-05-09 14:40:25,625 [WARN] ModelIntegratedComponent:188 - Modes not found for component STMicroelectronics:USB_HOST:1.0.0:STMicroelectronics:USB::USB Host:MTP HS::1.0:USB_HOST_1_0_RESTRICTED_HS
2025-05-09 14:40:25,728 [INFO] ThirdPartyModel:298 - Start build external matchings
2025-05-09 14:40:28,062 [INFO] ThirdPartyModel:316 - End build external matchings
2025-05-09 14:40:28,099 [INFO] ImportTextPane:194 - (OptionalMessage_ERROR) IP (RCC) : Parameter (RTCHSEDivFreq_Value) has invalid value (12500000)
2025-05-09 14:40:28,324 [INFO] UtilMem:75 - End LoadConfig() Used Memory: 458580112 Bytes (706740224)
2025-05-09 14:40:28,467 [INFO] ApiDb:581 - Connected to CubeFinder SQLite database (C:\Users\msi1\.stmcufinder\plugins\mcufinder\mcu\cube-finder-db.db)
2025-05-09 14:40:28,561 [INFO] ApiDb:668 - CubeFinder database Data Model version=2.1
2025-05-09 14:40:28,561 [INFO] ApiDb:669 - CubeFinder database Configuration version=3.0.39
2025-05-09 14:40:28,562 [INFO] ApiDb:670 - CubeFinder database generation date=2025-04-23 (1745419778)
2025-05-09 14:40:28,562 [INFO] ApiDb:671 - CubeFinder database FW Pack versions=[FP-ATR-ASTRA1_V2.0.0, FP-SNS-FLIGHT1_V5.1.0, FP-SNS-MOTENV1_V5.0.0, FP-SNS-MOTENVWB1_V1.4.0, FP-SNS-SMARTAG2_V1.2.0, FP-SNS-STBOX1_V2.0.0, STM32Cube_FW_C0_V1.4.0, STM32Cube_FW_F4_V1.28.1, STM32Cube_FW_F7_V1.17.2, STM32Cube_FW_G0_V1.6.2, STM32Cube_FW_G4_V1.6.1, STM32Cube_FW_H5_V1.5.0, STM32Cube_FW_H7RS_V1.2.0, STM32Cube_FW_H7_V1.12.1, STM32Cube_FW_L0_V1.12.2, STM32Cube_FW_L4_V1.18.1, STM32Cube_FW_L5_V1.5.1, STM32Cube_FW_N6_V1.1.1, STM32Cube_FW_U0_V1.2.0, STM32Cube_FW_U3_V1.1.0, STM32Cube_FW_U5_V1.7.0, STM32Cube_FW_WB0_V1.2.0, STM32Cube_FW_WBA_V1.6.0, STM32Cube_FW_WB_V1.22.0, STM32Cube_FW_WL3_V1.1.0, STM32Cube_FW_WL_V1.3.1, X-CUBE-ALGOBUILD_V1.4.0, X-CUBE-ALS_V1.0.2, X-CUBE-AZRTOS-F4_V1.1.0, X-CUBE-AZRTOS-F7_V1.1.0, X-CUBE-AZRTOS-G0_V1.1.0, X-CUBE-AZRTOS-G4_V2.0.0, X-CUBE-AZRTOS-H7RS_V1.1.0, X-CUBE-AZRTOS-H7_V3.3.0, X-CUBE-AZRTOS-L4_V2.0.0, X-CUBE-AZRTOS-L5_V2.0.0, X-CUBE-AZRTOS-WB_V2.0.0, X-CUBE-AZRTOS-WL_V2.0.0, X-CUBE-BLE1_V7.1.0, X-CUBE-BLE2_V3.3.0, X-CUBE-BLEMGR_V4.0.0, X-CUBE-EEPRMA1_V5.1.0, X-CUBE-FREERTOS_V1.3.0, X-CUBE-GNSS1_V6.0.0, X-CUBE-MEMS1_V11.2.0, X-CUBE-NFC4_V3.0.0, X-CUBE-NFC7_V1.0.1, X-CUBE-SFXS2LP1_V4.0.0, X-CUBE-SUBG2_V5.0.0, X-CUBE-TOF1_V3.4.3]
2025-05-09 14:40:31,216 [INFO] ApiDb:240 - Found 323 in-development CPN: [B-G473E-ZEST1S, B-WB1M-WPAN1, B-WL5M-SUBG1, NUCLEO-C031C6, NUCLEO-H503RB, NUCLEO-H563ZI, NUCLEO-U545RE-Q, NUCLEO-U5A5ZJ-Q, NUCLEO-WBA52CG, STEVAL-PROTEUS1, STEVAL-SMARTAG2, STEVAL-STWINBX1, STM320518-EVAL, STM32C0116-DK, STM32C011D6Y3TR, STM32C011D6Y6TR, STM32C011F4P3, STM32C011F4P6, STM32C011F4U3, STM32C011F4U6TR, STM32C011F6P3, STM32C011F6P6, STM32C011F6U3, STM32C011F6U6TR, STM32C011J4M3, STM32C011J4M6, STM32C011J6M3, STM32C011J6M6, STM32C0316-DK, STM32C031C4T3, STM32C031C4T6, STM32C031C4U3, STM32C031C4U6, STM32C031C6T3, STM32C031C6T6, STM32C031C6U3, STM32C031C6U6, STM32C031F4P3, STM32C031F4P6, STM32C031F6P3, STM32C031F6P6, STM32C031G4U3, STM32C031G4U6, STM32C031G6U3, STM32C031G6U6, STM32C031K4T3, STM32C031K4T6, STM32C031K4U3, STM32C031K4U6, STM32C031K6T3, STM32C031K6T6, STM32C031K6U3, STM32C031K6U6, STM32G071K8TXN, STM32G071K8UXN, STM32G081GBU6N, STM32G081KBT6N, STM32G081KBUXN, STM32G0B1CCT6N, STM32G0B1KCT6, STM32G0B1NEY6TR, STM32G0B1RCT6N, STM32G0C1CCT6, STM32G0C1CCT6N, STM32G0C1CCU6N, STM32G0C1CET6N, STM32G0C1CEU6N, STM32G0C1KCT6, STM32G0C1NEY6TR, STM32G0C1RCI6N, STM32G0C1RCT6N, STM32G0C1REI6N, STM32G0C1RET6N, STM32G0C1VCI6, STM32G0C1VEI6, STM32G471CCT6, STM32G471CCU6, STM32G471CET3, STM32G471CET6, STM32G471CEU3, STM32G471CEU6, STM32G471MCT6, STM32G471MET3, STM32G471MET6, STM32G471MEY6TR, STM32G471QCT6, STM32G471QET3, STM32G471RCT6, STM32G471RET3, STM32G471RET6, STM32G471VCH6, STM32G471VCI6, STM32G471VCT6, STM32G471VEH3, STM32G471VEH6, STM32G471VEI3, STM32G471VEI6, STM32G471VET3, STM32G471VET6, STM32G474CCT6, STM32H503CBT6, STM32H503CBU6, STM32H503EBY6TR, STM32H503KBU6, STM32H503RBT6, STM32H562AGI6, STM32H562AII6, STM32H562IGK6, STM32H562IGT6, STM32H562IIK6, STM32H562IIT6, STM32H562RGT6, STM32H562RGV6, STM32H562RIT6, STM32H562RIV6, STM32H562VGT6, STM32H562VIT6, STM32H562ZGT6, STM32H562ZIT6, STM32H563AGI6, STM32H563AII3Q, STM32H563AII6, STM32H563IGK6, STM32H563IGT6, STM32H563IIK3Q, STM32H563IIK6, STM32H563IIT3Q, STM32H563IIT6, STM32H563MIY3QTR, STM32H563RGT6, STM32H563RGV6, STM32H563RIT6, STM32H563RIV6, STM32H563VGT6, STM32H563VIT3Q, STM32H563VIT6, STM32H563ZGT6, STM32H563ZIT3Q, STM32H563ZIT6, STM32H573AII3Q, STM32H573AII6, STM32H573I-DK, STM32H573IIK3Q, STM32H573IIK6, STM32H573IIT3Q, STM32H573IIT6, STM32H573MIY3QTR, STM32H573RIT6, STM32H573RIV6, STM32H573VIT3Q, STM32H573VIT6, STM32H573ZIT3Q, STM32H573ZIT6, STM32L4R5QGI6STR, STM32MP131AAE3, STM32MP131AAF3, STM32MP131AAG3, STM32MP131CAE3, STM32MP131CAF3, STM32MP131CAG3, STM32MP131DAE7, STM32MP131DAF7, STM32MP131DAG7, STM32MP131FAE7, STM32MP131FAF7, STM32MP131FAG7, STM32MP133AAE3, STM32MP133AAF3, STM32MP133AAG3, STM32MP133CAE3, STM32MP133CAF3, STM32MP133CAG3, STM32MP133DAE7, STM32MP133DAF7, STM32MP133DAG7, STM32MP133FAE7, STM32MP133FAF7, STM32MP133FAG7, STM32MP135AAE3, STM32MP135AAF3, STM32MP135AAG3, STM32MP135CAE3, STM32MP135CAF3, STM32MP135CAG3, STM32MP135DAE7, STM32MP135DAF7, STM32MP135DAG7, STM32MP135F-DK, STM32MP135FAE7, STM32MP135FAF7, STM32MP135FAF7T, STM32MP135FAF7U, STM32MP135FAG7, STM32U535CBT6, STM32U535CBT6Q, STM32U535CBU6, STM32U535CBU6Q, STM32U535CCT6, STM32U535CCT6Q, STM32U535CCU6, STM32U535CCU6Q, STM32U535CET6, STM32U535CET6Q, STM32U535CEU6, STM32U535CEU6Q, STM32U535JEY6QTR, STM32U535NCY6QTR, STM32U535NEY6QTR, STM32U535RBI6, STM32U535RBI6Q, STM32U535RBT6, STM32U535RBT6Q, STM32U535RCI6, STM32U535RCI6Q, STM32U535RCT6, STM32U535RCT6Q, STM32U535REI6, STM32U535REI6Q, STM32U535RET6, STM32U535RET6Q, STM32U535VCI6, STM32U535VCI6Q, STM32U535VCT6, STM32U535VCT6Q, STM32U535VEI6, STM32U535VEI6Q, STM32U535VET6, STM32U535VET6Q, STM32U545CET6, STM32U545CET6Q, STM32U545CEU6, STM32U545CEU6Q, STM32U545JEY6QTR, STM32U545NEY6QTR, STM32U545REI6, STM32U545REI6Q, STM32U545RET6, STM32U545RET6Q, STM32U545VEI6, STM32U545VEI6Q, STM32U545VET6, STM32U545VET6Q, STM32U595AIH6, STM32U595AIH6Q, STM32U595AJH6, STM32U595AJH6Q, STM32U595QII6, STM32U595QII6Q, STM32U595QJI6, STM32U595QJI6Q, STM32U595RIT6, STM32U595RIT6Q, STM32U595RJT6, STM32U595RJT6Q, STM32U595VIT6, STM32U595VIT6Q, STM32U595VJT6, STM32U595VJT6Q, STM32U595ZIT6, STM32U595ZIT6Q, STM32U595ZIY6QTR, STM32U595ZJT6, STM32U595ZJT6Q, STM32U595ZJY6QTR, STM32U599BJY6QTR, STM32U599NIH6Q, STM32U599NJH6Q, STM32U599VIT6Q, STM32U599VJT6, STM32U599VJT6Q, STM32U599ZIT6Q, STM32U599ZIY6QTR, STM32U599ZJT6Q, STM32U599ZJY6QTR, STM32U5A5AJH6, STM32U5A5AJH6Q, STM32U5A5QJI6, STM32U5A5QJI6Q, STM32U5A5RJT6, STM32U5A5RJT6Q, STM32U5A5VJT6, STM32U5A5VJT6Q, STM32U5A5ZJT6, STM32U5A5ZJT6Q, STM32U5A5ZJY6QTR, STM32U5A9BJY6QTR, STM32U5A9J-DK, STM32U5A9NJH6Q, STM32U5A9VJT6Q, STM32U5A9ZJT6Q, STM32U5A9ZJY6QTR, STM32U5F7VIT6, STM32U5F7VIT6Q, STM32U5F7VJT6, STM32U5F7VJT6Q, STM32U5F9BJY6QTR, STM32U5F9NJH6Q, STM32U5F9VIT6Q, STM32U5F9VJT6Q, STM32U5F9ZIJ6QTR, STM32U5F9ZIT6Q, STM32U5F9ZJJ6QTR, STM32U5F9ZJT6Q, STM32U5G7VJT6, STM32U5G7VJT6Q, STM32U5G9BJY6QTR, STM32U5G9J-DK1, STM32U5G9J-DK2, STM32U5G9NJH6Q, STM32U5G9VJT6Q, STM32U5G9ZJJ6QTR, STM32U5G9ZJT6Q, STM32WB1MMCH6, STM32WBA52CEU6, STM32WBA52CEU6T, STM32WBA52CGU6, STM32WBA52CGU6T, STM32WBA52KEU6, STM32WBA52KEU6T, STM32WBA52KGU6, STM32WBA52KGU6T, STM32WL5MOCH6, STM32WL5MOCH6TR]
2025-05-09 14:40:31,222 [INFO] DbMcus:217 - Found 4642 MCUs, 4642 are supported
2025-05-09 14:40:31,229 [INFO] ApiDb:423 - Load user favorites file C:\Users\msi1/.stm32cubeide/favorites.mcus.txt: 4 item(s)
2025-05-09 14:40:31,229 [INFO] ApiDb:427 - User favorites MCUs=[STM32F103CBT6, STM32F303VCT6, STM32F401CCU6, STM32F407VGT6]
2025-05-09 14:40:31,229 [INFO] DbMcus:223 - Set 4 / 4 favorites MCUs
2025-05-09 14:40:31,657 [WARN] ThirdParty:833 - waiting for thirdparty lock release [change project]
2025-05-09 14:40:31,657 [INFO] ThirdParty:835 - entering critical section [change project]
2025-05-09 14:40:31,658 [INFO] ThirdParty:1030 - CMSIS Pack Vendor :STMicroelectronics USBPD 4.1
2025-05-09 14:40:31,658 [INFO] ThirdParty:1030 - CMSIS Pack Vendor :STMicroelectronics X-CUBE-GNSS1 6.0.0
2025-05-09 14:40:31,658 [INFO] ThirdParty:1030 - CMSIS Pack Vendor :STMicroelectronics USB_HOST 2.0.0
2025-05-09 14:40:31,658 [INFO] ThirdParty:1030 - CMSIS Pack Vendor :STMicroelectronics FP-SNS-MOTENVWB1 1.4.0
2025-05-09 14:40:31,658 [INFO] ThirdParty:1030 - CMSIS Pack Vendor :STMicroelectronics X-CUBE-AZRTOS-F4 1.1.0
2025-05-09 14:40:31,658 [INFO] ThirdParty:1030 - CMSIS Pack Vendor :STMicroelectronics LIBJPEG 8.0.0
2025-05-09 14:40:31,658 [INFO] ThirdParty:1030 - CMSIS Pack Vendor :STMicroelectronics FP-ATR-ASTRA1 2.0.2
2025-05-09 14:40:31,658 [INFO] ThirdParty:1030 - CMSIS Pack Vendor :STMicroelectronics FP-ATR-ASTRA1 2.0.1
2025-05-09 14:40:31,658 [INFO] ThirdParty:1030 - CMSIS Pack Vendor :STMicroelectronics X-CUBE-SMBUS 2.1.0
2025-05-09 14:40:31,658 [INFO] ThirdParty:1030 - CMSIS Pack Vendor :STMicroelectronics X-CUBE-WB05N 1.1.0
2025-05-09 14:40:31,658 [INFO] ThirdParty:1030 - CMSIS Pack Vendor :wolfSSL I-CUBE-wolfSSL 5.6.0
2025-05-09 14:40:31,658 [INFO] ThirdParty:1030 - CMSIS Pack Vendor :STMicroelectronics X-CUBE-ISPU 2.1.0
2025-05-09 14:40:31,658 [INFO] ThirdParty:1030 - CMSIS Pack Vendor :STMicroelectronics X-CUBE-FREERTOS 1.2.0
2025-05-09 14:40:31,658 [INFO] ThirdParty:1030 - CMSIS Pack Vendor :STMicroelectronics X-CUBE-TOUCHGFX 4.23.0
2025-05-09 14:40:31,658 [INFO] ThirdParty:1030 - CMSIS Pack Vendor :STMicroelectronics X-CUBE-TOUCHGFX 4.23.2
2025-05-09 14:40:31,658 [INFO] ThirdParty:1030 - CMSIS Pack Vendor :STMicroelectronics X-CUBE-AZRTOS-F7 1.1.0
2025-05-09 14:40:31,658 [INFO] ThirdParty:1030 - CMSIS Pack Vendor :STMicroelectronics X-CUBE-AZRTOS-L5 2.0.0
2025-05-09 14:40:31,658 [INFO] ThirdParty:1030 - CMSIS Pack Vendor :STMicroelectronics USB_DEVICE 2.0.0
2025-05-09 14:40:31,658 [INFO] ThirdParty:1030 - CMSIS Pack Vendor :STMicroelectronics X-CUBE-MEMS1 9.6.0
2025-05-09 14:40:31,658 [INFO] ThirdParty:1030 - CMSIS Pack Vendor :STMicroelectronics X-CUBE-EEPRMA1 4.2.0
2025-05-09 14:40:31,658 [INFO] ThirdParty:1030 - CMSIS Pack Vendor :STMicroelectronics X-CUBE-NFC6 3.1.0
2025-05-09 14:40:31,658 [INFO] ThirdParty:1030 - CMSIS Pack Vendor :ITTIA_DB I-CUBE-ITTIADB 8.8.0
2025-05-09 14:40:31,658 [INFO] ThirdParty:1030 - CMSIS Pack Vendor :STMicroelectronics FP-SNS-MOTENV1 4.3.0
2025-05-09 14:40:31,658 [INFO] ThirdParty:1030 - CMSIS Pack Vendor :STMicroelectronics FP-SNS-MOTENV1 4.3.2
2025-05-09 14:40:31,658 [INFO] ThirdParty:1030 - CMSIS Pack Vendor :STMicroelectronics FP-SNS-FLIGHT1 5.0.0
2025-05-09 14:40:31,658 [INFO] ThirdParty:1030 - CMSIS Pack Vendor :STMicroelectronics X-CUBE-BLE1 6.2.4
2025-05-09 14:40:31,659 [INFO] ThirdParty:1030 - CMSIS Pack Vendor :STMicroelectronics FreeRTOS 0.0.1
2025-05-09 14:40:31,659 [INFO] ThirdParty:1030 - CMSIS Pack Vendor :emotas I-CUBE-CANOPEN 1.1.3
2025-05-09 14:40:31,659 [INFO] ThirdParty:1030 - CMSIS Pack Vendor :STMicroelectronics X-CUBE-BLEMGR 2.0.0
2025-05-09 14:40:31,659 [INFO] ThirdParty:1030 - CMSIS Pack Vendor :STMicroelectronics FP-SNS-FLIGHT1 5.0.2
2025-05-09 14:40:31,659 [INFO] ThirdParty:1030 - CMSIS Pack Vendor :STMicroelectronics X-CUBE-AI 9.0.0
2025-05-09 14:40:31,659 [INFO] ThirdParty:1030 - CMSIS Pack Vendor :STMicroelectronics X-CUBE-AZRTOS-H7 3.1.0
2025-05-09 14:40:31,659 [INFO] ThirdParty:1030 - CMSIS Pack Vendor :STMicroelectronics PDM2PCM 3.3.0
2025-05-09 14:40:31,659 [INFO] ThirdParty:1030 - CMSIS Pack Vendor :STMicroelectronics X-CUBE-DISPLAY 3.0.0
2025-05-09 14:40:31,659 [INFO] ThirdParty:1030 - CMSIS Pack Vendor :STMicroelectronics X-CUBE-BLE1 7.0.0
2025-05-09 14:40:31,659 [INFO] ThirdParty:1030 - CMSIS Pack Vendor :STMicroelectronics X-CUBE-NFC10 1.0.0
2025-05-09 14:40:31,659 [INFO] ThirdParty:1030 - CMSIS Pack Vendor :STMicroelectronics HAL Drivers 0.0.0
2025-05-09 14:40:31,659 [INFO] ThirdParty:1030 - CMSIS Pack Vendor :emotas I-CUBE-CANOPEN 1.3.0
2025-05-09 14:40:31,659 [INFO] ThirdParty:1030 - CMSIS Pack Vendor :STMicroelectronics X-CUBE-FREERTOS 1.3.0
2025-05-09 14:40:31,659 [INFO] ThirdParty:1030 - CMSIS Pack Vendor :STMicroelectronics X-CUBE-TOUCHGFX 4.22.0
2025-05-09 14:40:31,659 [INFO] ThirdParty:1030 - CMSIS Pack Vendor :STMicroelectronics X-CUBE-NFC7 1.0.1
2025-05-09 14:40:31,659 [INFO] ThirdParty:1030 - CMSIS Pack Vendor :STMicroelectronics MBEDTLS 2.14.1
2025-05-09 14:40:31,659 [INFO] ThirdParty:1030 - CMSIS Pack Vendor :STMicroelectronics X-CUBE-NFC7 1.0.0
2025-05-09 14:40:31,659 [INFO] ThirdParty:1030 - CMSIS Pack Vendor :STMicroelectronics X-CUBE-TOUCHGFX 4.22.1
2025-05-09 14:40:31,659 [INFO] ThirdParty:1030 - CMSIS Pack Vendor :wolfSSL I-CUBE-wolfTPM 3.2.0
2025-05-09 14:40:31,659 [INFO] ThirdParty:1030 - CMSIS Pack Vendor :STMicroelectronics X-CUBE-NFC6 3.0.0
2025-05-09 14:40:31,659 [INFO] ThirdParty:1030 - CMSIS Pack Vendor :STMicroelectronics X-CUBE-EEPRMA1 4.1.0
2025-05-09 14:40:31,659 [INFO] ThirdParty:1030 - CMSIS Pack Vendor :STMicroelectronics X-CUBE-BLEMGR 3.1.0
2025-05-09 14:40:31,659 [INFO] ThirdParty:1030 - CMSIS Pack Vendor :STMicroelectronics X-CUBE-AI 10.0.0
2025-05-09 14:40:31,659 [INFO] ThirdParty:1030 - CMSIS Pack Vendor :STMicroelectronics FP-SNS-SMARTAG2 1.2.0
2025-05-09 14:40:31,659 [INFO] ThirdParty:1030 - CMSIS Pack Vendor :STMicroelectronics X-CUBE-MEMS1 11.1.0
2025-05-09 14:40:31,660 [INFO] ThirdParty:1030 - CMSIS Pack Vendor :STMicroelectronics X-CUBE-AZRTOS-WL 2.0.0
2025-05-09 14:40:31,660 [INFO] ThirdParty:1030 - CMSIS Pack Vendor :STMicroelectronics FP-SNS-MOTENV1 5.0.0
2025-05-09 14:40:31,660 [INFO] ThirdParty:1030 - CMSIS Pack Vendor :STMicroelectronics USB_DEVICE 1.0.0
2025-05-09 14:40:31,660 [INFO] ThirdParty:1030 - CMSIS Pack Vendor :STMicroelectronics X-CUBE-AI 8.1.0
2025-05-09 14:40:31,660 [INFO] ThirdParty:1030 - CMSIS Pack Vendor :wolfSSL I-CUBE-wolfMQTT 1.19.0
2025-05-09 14:40:31,660 [INFO] ThirdParty:1030 - CMSIS Pack Vendor :STMicroelectronics X-CUBE-AZRTOS-L4 2.0.0
2025-05-09 14:40:31,660 [INFO] ThirdParty:1030 - CMSIS Pack Vendor :STMicroelectronics ThreadX 0.0.2
2025-05-09 14:40:31,660 [INFO] ThirdParty:1030 - CMSIS Pack Vendor :WES I-CUBE-Cesium 1.3.0
2025-05-09 14:40:31,660 [INFO] ThirdParty:1030 - CMSIS Pack Vendor :STMicroelectronics lwIP 2.1.2
2025-05-09 14:40:31,660 [INFO] ThirdParty:1030 - CMSIS Pack Vendor :STMicroelectronics X-CUBE-SFXS2LP1 4.0.0
2025-05-09 14:40:31,660 [INFO] ThirdParty:1030 - CMSIS Pack Vendor :STMicroelectronics X-CUBE-BLE2 3.3.0
2025-05-09 14:40:31,660 [INFO] ThirdParty:1030 - CMSIS Pack Vendor :STMicroelectronics PDM2PCM 3.2.0
2025-05-09 14:40:31,660 [INFO] ThirdParty:1030 - CMSIS Pack Vendor :STMicroelectronics X-CUBE-ISPU 1.1.0
2025-05-09 14:40:31,660 [INFO] ThirdParty:1030 - CMSIS Pack Vendor :STMicroelectronics X-CUBE-AZRTOS-H7 3.3.0
2025-05-09 14:40:31,660 [INFO] ThirdParty:1030 - CMSIS Pack Vendor :STMicroelectronics X-CUBE-NFC9 1.0.0
2025-05-09 14:40:31,660 [INFO] ThirdParty:1030 - CMSIS Pack Vendor :STMicroelectronics X-CUBE-BLE1 7.1.0
2025-05-09 14:40:31,660 [INFO] ThirdParty:1030 - CMSIS Pack Vendor :STMicroelectronics USB_DEVICE 3.0.0
2025-05-09 14:40:31,660 [INFO] ThirdParty:1030 - CMSIS Pack Vendor :STMicroelectronics X-CUBE-TCPP 4.1.0
2025-05-09 14:40:31,660 [INFO] ThirdParty:1030 - CMSIS Pack Vendor :STMicroelectronics X-CUBE-AZRTOS-WB 2.0.0
2025-05-09 14:40:31,660 [INFO] ThirdParty:1030 - CMSIS Pack Vendor :STMicroelectronics X-CUBE-FREERTOS 1.0.1
2025-05-09 14:40:31,660 [INFO] ThirdParty:1030 - CMSIS Pack Vendor :STMicroelectronics X-CUBE-GNSS1 7.0.1
2025-05-09 14:40:31,660 [INFO] ThirdParty:1030 - CMSIS Pack Vendor :STMicroelectronics X-CUBE-TOUCHGFX 4.21.4
2025-05-09 14:40:31,661 [INFO] ThirdParty:1030 - CMSIS Pack Vendor :STMicroelectronics X-CUBE-TOUCHGFX 4.25.0
2025-05-09 14:40:31,661 [INFO] ThirdParty:1030 - CMSIS Pack Vendor :STMicroelectronics X-CUBE-ALGOBUILD 1.3.0
2025-05-09 14:40:31,661 [INFO] ThirdParty:1030 - CMSIS Pack Vendor :STMicroelectronics X-CUBE-AZRTOS-L5 1.1.0
2025-05-09 14:40:31,661 [INFO] ThirdParty:1030 - CMSIS Pack Vendor :STMicroelectronics X-CUBE-MEMS1 11.2.0
2025-05-09 14:40:31,661 [INFO] ThirdParty:1030 - CMSIS Pack Vendor :STMicroelectronics X-CUBE-AZRTOS-G0 1.1.0
2025-05-09 14:40:31,661 [INFO] ThirdParty:1030 - CMSIS Pack Vendor :STMicroelectronics X-CUBE-AI 8.0.1
2025-05-09 14:40:31,661 [INFO] ThirdParty:1030 - CMSIS Pack Vendor :STMicroelectronics X-CUBE-SAFEA1 1.2.2
2025-05-09 14:40:31,661 [INFO] ThirdParty:1030 - CMSIS Pack Vendor :STMicroelectronics X-CUBE-NFC4 3.0.0
2025-05-09 14:40:31,661 [INFO] ThirdParty:1030 - CMSIS Pack Vendor :STMicroelectronics X-CUBE-SUBG2 5.0.0
2025-05-09 14:40:31,661 [INFO] ThirdParty:1030 - CMSIS Pack Vendor :STMicroelectronics X-CUBE-AZRTOS-H7RS 1.1.0
2025-05-09 14:40:31,661 [INFO] ThirdParty:1030 - CMSIS Pack Vendor :STMicroelectronics STM32_WPAN 1.0.0
2025-05-09 14:40:31,661 [INFO] ThirdParty:1030 - CMSIS Pack Vendor :wolfSSL I-CUBE-wolfMQTT 1.18.0
2025-05-09 14:40:31,661 [INFO] ThirdParty:1030 - CMSIS Pack Vendor :STMicroelectronics lwIP 2.0.3
2025-05-09 14:40:31,661 [INFO] ThirdParty:1030 - CMSIS Pack Vendor :Cesanta I-CUBE-Mongoose 7.13.0
2025-05-09 14:40:31,661 [INFO] ThirdParty:1030 - CMSIS Pack Vendor :STMicroelectronics USB_HOST 1.0.0
2025-05-09 14:40:31,661 [INFO] ThirdParty:1030 - CMSIS Pack Vendor :STMicroelectronics X-CUBE-TOF1 3.3.1
2025-05-09 14:40:31,661 [INFO] ThirdParty:1030 - CMSIS Pack Vendor :STMicroelectronics X-CUBE-AZRTOS-G4 2.0.0
2025-05-09 14:40:31,661 [INFO] ThirdParty:1030 - CMSIS Pack Vendor :STMicroelectronics X-CUBE-WB05N 2.0.0
2025-05-09 14:40:31,661 [INFO] ThirdParty:1030 - CMSIS Pack Vendor :STMicroelectronics PDM2PCM 3.1.0
2025-05-09 14:40:31,662 [INFO] ThirdParty:1030 - CMSIS Pack Vendor :STMicroelectronics X-CUBE-TOF1 3.3.0
2025-05-09 14:40:31,662 [INFO] ThirdParty:1030 - CMSIS Pack Vendor :Infineon AIROC-Wi-Fi-Bluetooth-STM32 1.5.1
2025-05-09 14:40:31,662 [INFO] ThirdParty:1030 - CMSIS Pack Vendor :STMicroelectronics X-CUBE-BLEMGR 3.0.0
2025-05-09 14:40:31,662 [INFO] ThirdParty:1030 - CMSIS Pack Vendor :STMicroelectronics FP-SNS-MOTENVWB1 1.3.0
2025-05-09 14:40:31,662 [INFO] ThirdParty:1030 - CMSIS Pack Vendor :STMicroelectronics X-CUBE-NFC7 2.0.0
2025-05-09 14:40:31,662 [INFO] ThirdParty:1030 - CMSIS Pack Vendor :STMicroelectronics FP-SNS-MOTENVWB1 1.3.1
2025-05-09 14:40:31,662 [INFO] ThirdParty:1030 - CMSIS Pack Vendor :STMicroelectronics FP-ATR-SIGFOX1 3.2.0
2025-05-09 14:40:31,662 [INFO] ThirdParty:1030 - CMSIS Pack Vendor :STMicroelectronics X-CUBE-AZRTOS-L4 1.0.0
2025-05-09 14:40:31,662 [INFO] ThirdParty:1030 - CMSIS Pack Vendor :STMicroelectronics X-CUBE-ISPU 2.0.0
2025-05-09 14:40:31,662 [INFO] ThirdParty:1030 - CMSIS Pack Vendor :STMicroelectronics X-CUBE-EEPRMA1 5.1.0
2025-05-09 14:40:31,662 [INFO] ThirdParty:1030 - CMSIS Pack Vendor :STMicroelectronics MBEDTLS 2.16.2
2025-05-09 14:40:31,662 [INFO] ThirdParty:1030 - CMSIS Pack Vendor :STMicroelectronics X-CUBE-ALS 1.0.2
2025-05-09 14:40:31,662 [INFO] ThirdParty:1030 - CMSIS Pack Vendor :STMicroelectronics X-CUBE-MEMS1 10.0.0
2025-05-09 14:40:31,662 [INFO] ThirdParty:1030 - CMSIS Pack Vendor :STMicroelectronics X-CUBE-FREERTOS 1.1.0
2025-05-09 14:40:31,662 [INFO] ThirdParty:1030 - CMSIS Pack Vendor :wolfSSL I-CUBE-wolfSSL 5.7.6
2025-05-09 14:40:31,662 [INFO] ThirdParty:1030 - CMSIS Pack Vendor :STMicroelectronics X-CUBE-TOUCHGFX 4.24.0
2025-05-09 14:40:31,662 [INFO] ThirdParty:1030 - CMSIS Pack Vendor :ITTIA_DB I-CUBE-ITTIADB 8.9.0
2025-05-09 14:40:31,662 [INFO] ThirdParty:1030 - CMSIS Pack Vendor :STMicroelectronics X-CUBE-TOUCHGFX 4.24.2
2025-05-09 14:40:31,662 [INFO] ThirdParty:1030 - CMSIS Pack Vendor :STMicroelectronics X-CUBE-AZRTOS-WL 1.0.0
2025-05-09 14:40:31,662 [INFO] ThirdParty:1030 - CMSIS Pack Vendor :STMicroelectronics X-CUBE-TOUCHGFX 4.24.1
2025-05-09 14:40:31,662 [INFO] ThirdParty:1030 - CMSIS Pack Vendor :wolfSSL I-CUBE-wolfTPM 3.4.0
2025-05-09 14:40:31,662 [INFO] ThirdParty:1030 - CMSIS Pack Vendor :portGmbH I-Cube-SoM-uGOAL 1.1.0
2025-05-09 14:40:31,662 [INFO] ThirdParty:1030 - CMSIS Pack Vendor :STMicroelectronics X-CUBE-ALS 1.0.1
2025-05-09 14:40:31,663 [INFO] ThirdParty:1030 - CMSIS Pack Vendor :STMicroelectronics ThreadX 1.0.0
2025-05-09 14:40:31,663 [INFO] ThirdParty:1030 - CMSIS Pack Vendor :STMicroelectronics X-CUBE-AZRTOS-WB 1.1.0
2025-05-09 14:40:31,663 [INFO] ThirdParty:1030 - CMSIS Pack Vendor :SEGGER I-CUBE-embOS 1.3.1
2025-05-09 14:40:31,663 [INFO] ThirdParty:1030 - CMSIS Pack Vendor :STMicroelectronics X-CUBE-ALGOBUILD 1.4.0
2025-05-09 14:40:31,663 [INFO] ThirdParty:1030 - CMSIS Pack Vendor :STMicroelectronics X-CUBE-AZRTOS-H7RS 1.0.0
2025-05-09 14:40:31,663 [INFO] ThirdParty:1030 - CMSIS Pack Vendor :STMicroelectronics FP-ATR-ASTRA1 2.0.0
2025-05-09 14:40:31,663 [INFO] ThirdParty:1030 - CMSIS Pack Vendor :STMicroelectronics X-CUBE-AI 9.1.0
2025-05-09 14:40:31,663 [INFO] ThirdParty:1030 - CMSIS Pack Vendor :STMicroelectronics X-CUBE-TOF1 3.4.0
2025-05-09 14:40:31,663 [INFO] ThirdParty:1030 - CMSIS Pack Vendor :STMicroelectronics X-CUBE-TOF1 3.4.1
2025-05-09 14:40:31,663 [INFO] ThirdParty:1030 - CMSIS Pack Vendor :STMicroelectronics X-CUBE-AZRTOS-H7 3.2.0
2025-05-09 14:40:31,663 [INFO] ThirdParty:1030 - CMSIS Pack Vendor :wolfSSL I-CUBE-wolfSSH 1.4.17
2025-05-09 14:40:31,663 [INFO] ThirdParty:841 - exiting critical section [change project]
2025-05-09 14:40:31,945 [INFO] PinOutPanel:1499 - setPackage(No Configuration,No Configuration)
2025-05-09 14:40:31,946 [INFO] PinOutPanel:1499 - setPackage(STM32F401CCUx,UFQFPN48)
2025-05-09 14:40:32,369 [INFO] UtilMem:75 - Before build in PCC Used Memory: 381941448 Bytes (706740224)
2025-05-09 14:40:33,231 [INFO] UtilMem:75 - After build in PCC Used Memory: 495792136 Bytes (706740224)
2025-05-09 14:40:33,257 [INFO] IPUIPlugin:80 - create IPUIPlugin
2025-05-09 14:40:33,257 [INFO] IPUIPlugin:80 - create IPUIPlugin
2025-05-09 14:40:33,257 [INFO] IPUIPlugin:80 - create IPUIPlugin
2025-05-09 14:40:33,257 [INFO] IPUIPlugin:80 - create IPUIPlugin
2025-05-09 14:40:33,257 [INFO] IPUIPlugin:80 - create IPUIPlugin
2025-05-09 14:40:33,258 [INFO] IPUIPlugin:80 - create IPUIPlugin
2025-05-09 14:40:33,258 [INFO] IPUIPlugin:80 - create IPUIPlugin
2025-05-09 14:40:33,258 [INFO] IPUIPlugin:80 - create IPUIPlugin
2025-05-09 14:40:33,258 [INFO] IPUIPlugin:80 - create IPUIPlugin
2025-05-09 14:40:33,258 [INFO] IPUIPlugin:80 - create IPUIPlugin
2025-05-09 14:40:33,258 [INFO] IPUIPlugin:80 - create IPUIPlugin
2025-05-09 14:40:33,258 [INFO] IPUIPlugin:80 - create IPUIPlugin
2025-05-09 14:40:33,258 [INFO] IPUIPlugin:80 - create IPUIPlugin
2025-05-09 14:40:33,258 [INFO] IPUIPlugin:80 - create IPUIPlugin
2025-05-09 14:40:33,259 [INFO] IPUIPlugin:80 - create IPUIPlugin
2025-05-09 14:40:33,259 [INFO] IPUIPlugin:80 - create IPUIPlugin
2025-05-09 14:40:33,259 [INFO] IPUIPlugin:80 - create IPUIPlugin
2025-05-09 14:40:33,259 [INFO] IPUIPlugin:80 - create IPUIPlugin
2025-05-09 14:40:33,259 [INFO] IPUIPlugin:80 - create IPUIPlugin
2025-05-09 14:40:33,259 [INFO] IPUIPlugin:80 - create IPUIPlugin
2025-05-09 14:40:33,259 [INFO] IPUIPlugin:80 - create IPUIPlugin
2025-05-09 14:40:33,259 [INFO] IPUIPlugin:80 - create IPUIPlugin
2025-05-09 14:40:33,260 [INFO] IPUIPlugin:80 - create IPUIPlugin
2025-05-09 14:40:33,260 [INFO] IPUIPlugin:80 - create IPUIPlugin
2025-05-09 14:40:33,260 [INFO] IPUIPlugin:80 - create IPUIPlugin
2025-05-09 14:40:33,260 [INFO] IPUIPlugin:80 - create IPUIPlugin
2025-05-09 14:40:33,260 [INFO] IPUIPlugin:80 - create IPUIPlugin
2025-05-09 14:40:33,261 [INFO] IPUIPlugin:80 - create IPUIPlugin
2025-05-09 14:40:33,261 [INFO] IPUIPlugin:80 - create IPUIPlugin
2025-05-09 14:40:33,261 [INFO] IPUIPlugin:80 - create IPUIPlugin
2025-05-09 14:40:33,261 [INFO] IPUIPlugin:80 - create IPUIPlugin
2025-05-09 14:40:33,262 [INFO] IPUIPlugin:80 - create IPUIPlugin
2025-05-09 14:40:33,262 [INFO] IPUIPlugin:80 - create IPUIPlugin
2025-05-09 14:40:33,262 [INFO] IPUIPlugin:80 - create IPUIPlugin
2025-05-09 14:40:33,262 [INFO] IPUIPlugin:80 - create IPUIPlugin
2025-05-09 14:40:33,263 [INFO] IPUIPlugin:80 - create IPUIPlugin
2025-05-09 14:40:33,263 [INFO] IPUIPlugin:80 - create IPUIPlugin
2025-05-09 14:40:33,403 [INFO] ApiDbMcu:507 - Load IP Config File for PDM2PCM
2025-05-09 14:40:33,641 [INFO] CADModel:165 - CPN selected for project levelSTM32F401CCU6
2025-05-09 14:40:33,641 [INFO] CADModel:114 - Register for checkConnection events
2025-05-09 14:40:33,691 [INFO] OpenFileManager:328 - Restore cursor
2025-05-09 14:51:51,042 [INFO] UtilMem:75 - End SaveConfig() Used Memory: 796028640 Bytes (1073741824)
2025-05-09 14:51:51,529 [INFO] BlockDiagram:2759 - set Specific Code input for plugin: NVIC
2025-05-09 14:51:51,530 [INFO] BlockDiagram:2759 - set Specific Code input for plugin: USART
2025-05-09 14:51:51,530 [INFO] BlockDiagram:2759 - set Specific Code input for plugin: SYS
2025-05-09 14:51:51,530 [INFO] BlockDiagram:2759 - set Specific Code input for plugin: GPIO
2025-05-09 14:51:51,530 [INFO] BlockDiagram:2759 - set Specific Code input for plugin: RCC
2025-05-09 14:51:51,532 [INFO] CodeGenerator:799 - code generatio: config db path: D:\ITC\STM32\STM32CubeIDE_1.13.0\STM32CubeIDE\plugins\com.st.stm32cube.common.mx_6.9.0.202307051724\\db\
2025-05-09 14:51:51,889 [INFO] CodeEngine:255 - oldGeneratedFile, D:\AIFARM\STM32_GREENB\stm32f401ccu6_pump\MXTmpFiles\license.tmp_save
2025-05-09 14:51:52,318 [INFO] CodeEngine:279 - Generated code: D:\AIFARM\STM32_GREENB\stm32f401ccu6_pump\MXTmpFiles\license.tmp
2025-05-09 14:51:52,451 [INFO] CodeEngine:255 - oldGeneratedFile, D:\AIFARM\STM32_GREENB\stm32f401ccu6_pump\MXTmpFiles\gpio.tmp_save
2025-05-09 14:51:52,592 [INFO] CodeEngine:279 - Generated code: D:\AIFARM\STM32_GREENB\stm32f401ccu6_pump\MXTmpFiles\gpio.tmp
2025-05-09 14:51:52,724 [INFO] CodeEngine:255 - oldGeneratedFile, D:\AIFARM\STM32_GREENB\stm32f401ccu6_pump\Core\Src\stm32f4xx_it.c_save
2025-05-09 14:51:52,858 [INFO] CodeEngine:279 - Generated code: D:\AIFARM\STM32_GREENB\stm32f401ccu6_pump\Core\Src\stm32f4xx_it.c
2025-05-09 14:51:52,883 [INFO] CodeEngine:255 - oldGeneratedFile, D:\AIFARM\STM32_GREENB\stm32f401ccu6_pump\Core\Inc\stm32f4xx_it.h_save
2025-05-09 14:51:52,971 [INFO] CodeEngine:279 - Generated code: D:\AIFARM\STM32_GREENB\stm32f401ccu6_pump\Core\Inc\stm32f4xx_it.h
2025-05-09 14:51:53,010 [INFO] CodeEngine:255 - oldGeneratedFile, D:\AIFARM\STM32_GREENB\stm32f401ccu6_pump\Core\Src\stm32f4xx_hal_msp.c_save
2025-05-09 14:51:53,130 [INFO] CodeEngine:279 - Generated code: D:\AIFARM\STM32_GREENB\stm32f401ccu6_pump\Core\Src\stm32f4xx_hal_msp.c
2025-05-09 14:51:53,144 [INFO] CodeEngine:255 - oldGeneratedFile, D:\AIFARM\STM32_GREENB\stm32f401ccu6_pump\MXTmpFiles\system.tmp_save
2025-05-09 14:51:53,242 [INFO] CodeEngine:279 - Generated code: D:\AIFARM\STM32_GREENB\stm32f401ccu6_pump\MXTmpFiles\system.tmp
2025-05-09 14:51:53,276 [INFO] CodeEngine:311 - oldGeneratedFile, D:\AIFARM\STM32_GREENB\stm32f401ccu6_pump\Core\Inc\stm32f4xx_hal_conf.h_save
2025-05-09 14:51:53,384 [INFO] CodeEngine:335 - Generated code: D:\AIFARM\STM32_GREENB\stm32f401ccu6_pump\Core\Inc\stm32f4xx_hal_conf.h
2025-05-09 14:51:53,451 [INFO] CodeEngine:255 - oldGeneratedFile, D:\AIFARM\STM32_GREENB\stm32f401ccu6_pump\Core\Inc\main.h_save
2025-05-09 14:51:53,552 [INFO] CodeEngine:279 - Generated code: D:\AIFARM\STM32_GREENB\stm32f401ccu6_pump\Core\Inc\main.h
2025-05-09 14:51:53,578 [INFO] CodeEngine:255 - oldGeneratedFile, D:\AIFARM\STM32_GREENB\stm32f401ccu6_pump\Core\Src\main.c_save
2025-05-09 14:51:53,737 [INFO] CodeEngine:279 - Generated code: D:\AIFARM\STM32_GREENB\stm32f401ccu6_pump\Core\Src\main.c
2025-05-09 14:51:54,373 [INFO] ProjectBuilder:3064 - Time for Copy HAL[1] : 259mS.
2025-05-09 14:51:54,377 [INFO] ProjectBuilder:4404 - Project Generator version: 4.1.0
2025-05-09 14:51:54,689 [INFO] ConfigFileManager:1457 - The Die is : DIE423
2025-05-09 14:51:54,714 [INFO] ApiDbMcu:507 - Load IP Config File for FATFS
2025-05-09 14:51:54,730 [INFO] ApiDbMcu:507 - Load IP Config File for FREERTOS
2025-05-09 14:51:54,745 [INFO] ApiDbMcu:507 - Load IP Config File for LIBJPEG
2025-05-09 14:51:54,769 [INFO] ApiDbMcu:507 - Load IP Config File for MBEDTLS
2025-05-09 14:51:54,788 [INFO] ApiDbMcu:507 - Load IP Config File for USB_DEVICE
2025-05-09 14:51:54,804 [INFO] ApiDbMcu:507 - Load IP Config File for USB_HOST
2025-05-09 14:51:55,971 [INFO] LogOutputStream:77 - [STDOUT_REDIRECT] 
2025-05-09 14:51:58,542 [INFO] ProjectBuilder:4626 - Time for Generating toolchain IDE Files: 4165mS.
2025-05-09 14:51:58,543 [INFO] ProjectBuilder:2935 - Time for Copy CMSIS : 1mS.
2025-05-09 14:51:58,544 [INFO] ProjectBuilder:2935 - Time for Copy CMSIS : 0mS.
2025-05-09 15:17:13,305 [INFO] UtilMem:75 - End SaveConfig() Used Memory: 683958024 Bytes (1073741824)
2025-05-09 15:17:13,918 [INFO] BlockDiagram:2759 - set Specific Code input for plugin: NVIC
2025-05-09 15:17:13,919 [INFO] BlockDiagram:2759 - set Specific Code input for plugin: USART
2025-05-09 15:17:13,919 [INFO] BlockDiagram:2759 - set Specific Code input for plugin: SYS
2025-05-09 15:17:13,920 [INFO] BlockDiagram:2759 - set Specific Code input for plugin: GPIO
2025-05-09 15:17:13,920 [INFO] BlockDiagram:2759 - set Specific Code input for plugin: RCC
2025-05-09 15:17:13,922 [INFO] CodeGenerator:799 - code generatio: config db path: D:\ITC\STM32\STM32CubeIDE_1.13.0\STM32CubeIDE\plugins\com.st.stm32cube.common.mx_6.9.0.202307051724\\db\
2025-05-09 15:17:14,270 [INFO] CodeEngine:255 - oldGeneratedFile, D:\AIFARM\STM32_GREENB\stm32f401ccu6_pump\MXTmpFiles\license.tmp_save
2025-05-09 15:17:15,313 [INFO] CodeEngine:279 - Generated code: D:\AIFARM\STM32_GREENB\stm32f401ccu6_pump\MXTmpFiles\license.tmp
2025-05-09 15:17:15,388 [INFO] CodeEngine:255 - oldGeneratedFile, D:\AIFARM\STM32_GREENB\stm32f401ccu6_pump\MXTmpFiles\gpio.tmp_save
2025-05-09 15:17:15,478 [INFO] CodeEngine:279 - Generated code: D:\AIFARM\STM32_GREENB\stm32f401ccu6_pump\MXTmpFiles\gpio.tmp
2025-05-09 15:17:15,760 [INFO] CodeEngine:255 - oldGeneratedFile, D:\AIFARM\STM32_GREENB\stm32f401ccu6_pump\Core\Src\stm32f4xx_it.c_save
2025-05-09 15:17:15,969 [INFO] CodeEngine:279 - Generated code: D:\AIFARM\STM32_GREENB\stm32f401ccu6_pump\Core\Src\stm32f4xx_it.c
2025-05-09 15:17:15,977 [INFO] CodeEngine:255 - oldGeneratedFile, D:\AIFARM\STM32_GREENB\stm32f401ccu6_pump\Core\Inc\stm32f4xx_it.h_save
2025-05-09 15:17:16,053 [INFO] CodeEngine:279 - Generated code: D:\AIFARM\STM32_GREENB\stm32f401ccu6_pump\Core\Inc\stm32f4xx_it.h
2025-05-09 15:17:16,097 [INFO] CodeEngine:255 - oldGeneratedFile, D:\AIFARM\STM32_GREENB\stm32f401ccu6_pump\Core\Src\stm32f4xx_hal_msp.c_save
2025-05-09 15:17:16,188 [INFO] CodeEngine:279 - Generated code: D:\AIFARM\STM32_GREENB\stm32f401ccu6_pump\Core\Src\stm32f4xx_hal_msp.c
2025-05-09 15:17:16,214 [INFO] CodeEngine:255 - oldGeneratedFile, D:\AIFARM\STM32_GREENB\stm32f401ccu6_pump\MXTmpFiles\system.tmp_save
2025-05-09 15:17:16,265 [INFO] CodeEngine:279 - Generated code: D:\AIFARM\STM32_GREENB\stm32f401ccu6_pump\MXTmpFiles\system.tmp
2025-05-09 15:17:16,334 [INFO] CodeEngine:311 - oldGeneratedFile, D:\AIFARM\STM32_GREENB\stm32f401ccu6_pump\Core\Inc\stm32f4xx_hal_conf.h_save
2025-05-09 15:17:16,412 [INFO] CodeEngine:335 - Generated code: D:\AIFARM\STM32_GREENB\stm32f401ccu6_pump\Core\Inc\stm32f4xx_hal_conf.h
2025-05-09 15:17:16,515 [INFO] CodeEngine:255 - oldGeneratedFile, D:\AIFARM\STM32_GREENB\stm32f401ccu6_pump\Core\Inc\main.h_save
2025-05-09 15:17:16,622 [INFO] CodeEngine:279 - Generated code: D:\AIFARM\STM32_GREENB\stm32f401ccu6_pump\Core\Inc\main.h
2025-05-09 15:17:16,652 [INFO] CodeEngine:255 - oldGeneratedFile, D:\AIFARM\STM32_GREENB\stm32f401ccu6_pump\Core\Src\main.c_save
2025-05-09 15:17:16,792 [INFO] CodeEngine:279 - Generated code: D:\AIFARM\STM32_GREENB\stm32f401ccu6_pump\Core\Src\main.c
2025-05-09 15:17:17,496 [INFO] ProjectBuilder:3064 - Time for Copy HAL[1] : 183mS.
2025-05-09 15:17:17,499 [INFO] ProjectBuilder:4404 - Project Generator version: 4.1.0
2025-05-09 15:17:17,725 [INFO] ConfigFileManager:1457 - The Die is : DIE423
2025-05-09 15:17:19,321 [INFO] ProjectBuilder:4626 - Time for Generating toolchain IDE Files: 1822mS.
2025-05-09 15:17:19,322 [INFO] ProjectBuilder:2935 - Time for Copy CMSIS : 1mS.
2025-05-09 15:17:19,324 [INFO] ProjectBuilder:2935 - Time for Copy CMSIS : 0mS.
2025-05-09 15:42:51,337 [INFO] MainUpdater:2868 - connection check result : 10
2025-05-09 15:42:51,351 [INFO] MainUpdater:2868 - connection check result : 10
2025-05-09 15:42:51,687 [INFO] MicroXplorer:468 - Change Database Path : 
2025-05-09 15:42:51,687 [INFO] MicroXplorer:498 - Change Database Version : DB.6.0.90
2025-05-09 15:42:51,821 [WARN] ThirdParty:871 - waiting for thirdparty lock release [close project]
2025-05-09 15:42:51,821 [INFO] ThirdParty:873 - entering critical section [close project]
2025-05-09 15:42:51,823 [INFO] ThirdParty:883 - exiting critical section [close project]
2025-05-09 15:42:51,828 [INFO] PinOutPanel:1499 - setPackage(No Configuration,No Configuration)
2025-05-09 15:42:52,003 [WARN] IpParametersView:151 - Warning: This peripheral hasn't parameters
2025-05-09 15:42:52,090 [WARN] MainPanel:272 - <html><b><center>Warning: This peripheral has no parameters to be configured<br></b></html>
2025-05-09 15:42:52,159 [INFO] UtilMem:75 - Begin LoadConfig() Used Memory: 827060184 Bytes (1073741824)
2025-05-09 15:42:52,161 [INFO] MicroXplorer:468 - Change Database Path : 
2025-05-09 15:42:52,161 [INFO] MicroXplorer:498 - Change Database Version : DB.6.0.90
2025-05-09 15:42:52,162 [INFO] OpenFileManager:308 - Change cursor
2025-05-09 15:42:52,220 [INFO] RulesReader:64 - Compatibility file has been processed (293 Rules)
2025-05-09 15:42:52,259 [INFO] Mcu:1946 - Initializing MCU STM32F103C(8-B)Tx STM32F103CBTx STM32F103CBT6
2025-05-09 15:42:53,624 [INFO] Context:659 - Trying to add GPIOservice into a context  which must be forbidden
2025-05-09 15:42:54,087 [INFO] RtosManager:555 - Registered RTOS mode: class=CMSIS, group=RTOS, mode=CMSIS_V1, owner=FREERTOS
2025-05-09 15:42:54,087 [INFO] RtosManager:555 - Registered RTOS mode: class=CMSIS, group=RTOS2, mode=CMSIS_V2, owner=FREERTOS
2025-05-09 15:42:54,087 [INFO] RtosManager:555 - Registered RTOS mode: class=RTOS, group=Core, mode=CMSIS_V1, owner=FREERTOS
2025-05-09 15:42:54,087 [INFO] RtosManager:555 - Registered RTOS mode: class=RTOS, group=Core, mode=CMSIS_V2, owner=FREERTOS
2025-05-09 15:42:54,090 [WARN] ModelIntegratedComponent:184 - Missing modes for component STMicroelectronics:FreeRTOS:0.0.1:STMicroelectronics:RTOS:FreeRTOS:Core:::10.2.0:
2025-05-09 15:42:54,094 [WARN] ModelIntegratedComponent:63 - No mode defined for component null
2025-05-09 15:42:54,094 [WARN] ModelIntegratedComponent:63 - No mode defined for component null
2025-05-09 15:42:54,094 [WARN] ModelIntegratedComponent:63 - No mode defined for component null
2025-05-09 15:42:54,094 [WARN] ModelIntegratedComponent:63 - No mode defined for component null
2025-05-09 15:42:54,094 [WARN] ModelIntegratedComponent:63 - No mode defined for component null
2025-05-09 15:42:54,094 [WARN] ModelIntegratedComponent:63 - No mode defined for component null
2025-05-09 15:42:54,094 [WARN] ModelIntegratedComponent:63 - No mode defined for component null
2025-05-09 15:42:54,094 [WARN] ModelIntegratedComponent:63 - No mode defined for component null
2025-05-09 15:42:54,094 [WARN] ModelIntegratedComponent:63 - No mode defined for component null
2025-05-09 15:42:54,094 [WARN] ModelIntegratedComponent:63 - No mode defined for component null
2025-05-09 15:42:54,094 [WARN] ModelIntegratedComponent:63 - No mode defined for component null
2025-05-09 15:42:54,094 [WARN] ModelIntegratedComponent:63 - No mode defined for component null
2025-05-09 15:42:54,094 [WARN] ModelIntegratedComponent:63 - No mode defined for component null
2025-05-09 15:42:54,095 [WARN] ModelIntegratedComponent:63 - No mode defined for component null
2025-05-09 15:42:54,095 [WARN] ModelIntegratedComponent:63 - No mode defined for component null
2025-05-09 15:42:54,095 [WARN] ModelIntegratedComponent:63 - No mode defined for component null
2025-05-09 15:42:54,095 [WARN] ModelIntegratedComponent:63 - No mode defined for component null
2025-05-09 15:42:54,095 [WARN] ModelIntegratedComponent:63 - No mode defined for component null
2025-05-09 15:42:54,095 [WARN] ModelIntegratedComponent:63 - No mode defined for component null
2025-05-09 15:42:54,095 [WARN] ModelIntegratedComponent:63 - No mode defined for component null
2025-05-09 15:42:54,095 [WARN] ModelIntegratedComponent:63 - No mode defined for component null
2025-05-09 15:42:54,095 [WARN] ModelIntegratedComponent:63 - No mode defined for component null
2025-05-09 15:42:54,095 [WARN] ModelIntegratedComponent:63 - No mode defined for component null
2025-05-09 15:42:54,095 [WARN] ModelIntegratedComponent:63 - No mode defined for component null
2025-05-09 15:42:54,095 [WARN] ModelIntegratedComponent:63 - No mode defined for component null
2025-05-09 15:42:54,095 [WARN] ModelIntegratedComponent:63 - No mode defined for component null
2025-05-09 15:42:54,095 [WARN] ModelIntegratedComponent:63 - No mode defined for component null
2025-05-09 15:42:54,095 [WARN] ModelIntegratedComponent:63 - No mode defined for component null
2025-05-09 15:42:54,095 [WARN] ModelIntegratedComponent:63 - No mode defined for component null
2025-05-09 15:42:54,095 [WARN] ModelIntegratedComponent:63 - No mode defined for component null
2025-05-09 15:42:54,095 [WARN] ModelIntegratedComponent:63 - No mode defined for component null
2025-05-09 15:42:54,095 [WARN] ModelIntegratedComponent:63 - No mode defined for component null
2025-05-09 15:42:54,095 [WARN] ModelIntegratedComponent:63 - No mode defined for component null
2025-05-09 15:42:54,448 [INFO] ThirdPartyModel:298 - Start build external matchings
2025-05-09 15:42:57,907 [INFO] ThirdPartyModel:316 - End build external matchings
2025-05-09 15:42:57,976 [INFO] ImportTextPane:194 - (OptionalMessage_ERROR) IP (RCC) : Parameter (ADCFreqValue) has invalid value (36000000)
2025-05-09 15:42:57,982 [INFO] ImportTextPane:194 - (OptionalMessage_ERROR) IP (RCC) : Invalid parameter (FamilyName)
2025-05-09 15:42:57,982 [INFO] ImportTextPane:194 - (OptionalMessage_ERROR) IP (RCC) : Parameter (MCOFreq_Value) has invalid value (72000000)
2025-05-09 15:42:57,983 [INFO] ImportTextPane:194 - (OptionalMessage_ERROR) IP (RCC) : Parameter (USBFreq_Value) has invalid value (72000000)
2025-05-09 15:42:58,209 [INFO] UtilMem:75 - End LoadConfig() Used Memory: 682849360 Bytes (1073741824)
2025-05-09 15:42:58,502 [WARN] ThirdParty:833 - waiting for thirdparty lock release [change project]
2025-05-09 15:42:58,502 [INFO] ThirdParty:835 - entering critical section [change project]
2025-05-09 15:42:58,502 [INFO] ThirdParty:1030 - CMSIS Pack Vendor :STMicroelectronics USBPD 4.1
2025-05-09 15:42:58,502 [INFO] ThirdParty:1030 - CMSIS Pack Vendor :STMicroelectronics X-CUBE-GNSS1 6.0.0
2025-05-09 15:42:58,502 [INFO] ThirdParty:1030 - CMSIS Pack Vendor :STMicroelectronics USB_HOST 2.0.0
2025-05-09 15:42:58,502 [INFO] ThirdParty:1030 - CMSIS Pack Vendor :STMicroelectronics FP-SNS-MOTENVWB1 1.4.0
2025-05-09 15:42:58,503 [INFO] ThirdParty:1030 - CMSIS Pack Vendor :STMicroelectronics X-CUBE-AZRTOS-F4 1.1.0
2025-05-09 15:42:58,503 [INFO] ThirdParty:1030 - CMSIS Pack Vendor :STMicroelectronics LIBJPEG 8.0.0
2025-05-09 15:42:58,503 [INFO] ThirdParty:1030 - CMSIS Pack Vendor :STMicroelectronics FP-ATR-ASTRA1 2.0.2
2025-05-09 15:42:58,503 [INFO] ThirdParty:1030 - CMSIS Pack Vendor :STMicroelectronics FP-ATR-ASTRA1 2.0.1
2025-05-09 15:42:58,503 [INFO] ThirdParty:1030 - CMSIS Pack Vendor :STMicroelectronics X-CUBE-SMBUS 2.1.0
2025-05-09 15:42:58,503 [INFO] ThirdParty:1030 - CMSIS Pack Vendor :STMicroelectronics X-CUBE-WB05N 1.1.0
2025-05-09 15:42:58,503 [INFO] ThirdParty:1030 - CMSIS Pack Vendor :wolfSSL I-CUBE-wolfSSL 5.6.0
2025-05-09 15:42:58,503 [INFO] ThirdParty:1030 - CMSIS Pack Vendor :STMicroelectronics X-CUBE-ISPU 2.1.0
2025-05-09 15:42:58,503 [INFO] ThirdParty:1030 - CMSIS Pack Vendor :STMicroelectronics X-CUBE-FREERTOS 1.2.0
2025-05-09 15:42:58,503 [INFO] ThirdParty:1030 - CMSIS Pack Vendor :STMicroelectronics X-CUBE-TOUCHGFX 4.23.0
2025-05-09 15:42:58,503 [INFO] ThirdParty:1030 - CMSIS Pack Vendor :STMicroelectronics X-CUBE-TOUCHGFX 4.23.2
2025-05-09 15:42:58,503 [INFO] ThirdParty:1030 - CMSIS Pack Vendor :STMicroelectronics X-CUBE-AZRTOS-F7 1.1.0
2025-05-09 15:42:58,503 [INFO] ThirdParty:1030 - CMSIS Pack Vendor :STMicroelectronics X-CUBE-AZRTOS-L5 2.0.0
2025-05-09 15:42:58,503 [INFO] ThirdParty:1030 - CMSIS Pack Vendor :STMicroelectronics USB_DEVICE 2.0.0
2025-05-09 15:42:58,503 [INFO] ThirdParty:1030 - CMSIS Pack Vendor :STMicroelectronics X-CUBE-MEMS1 9.6.0
2025-05-09 15:42:58,503 [INFO] ThirdParty:1030 - CMSIS Pack Vendor :STMicroelectronics X-CUBE-EEPRMA1 4.2.0
2025-05-09 15:42:58,503 [INFO] ThirdParty:1030 - CMSIS Pack Vendor :STMicroelectronics X-CUBE-NFC6 3.1.0
2025-05-09 15:42:58,503 [INFO] ThirdParty:1030 - CMSIS Pack Vendor :ITTIA_DB I-CUBE-ITTIADB 8.8.0
2025-05-09 15:42:58,503 [INFO] ThirdParty:1030 - CMSIS Pack Vendor :STMicroelectronics FP-SNS-MOTENV1 4.3.0
2025-05-09 15:42:58,503 [INFO] ThirdParty:1030 - CMSIS Pack Vendor :STMicroelectronics FP-SNS-MOTENV1 4.3.2
2025-05-09 15:42:58,503 [INFO] ThirdParty:1030 - CMSIS Pack Vendor :STMicroelectronics FP-SNS-FLIGHT1 5.0.0
2025-05-09 15:42:58,503 [INFO] ThirdParty:1030 - CMSIS Pack Vendor :STMicroelectronics X-CUBE-BLE1 6.2.4
2025-05-09 15:42:58,503 [INFO] ThirdParty:1030 - CMSIS Pack Vendor :STMicroelectronics FreeRTOS 0.0.1
2025-05-09 15:42:58,503 [INFO] ThirdParty:1030 - CMSIS Pack Vendor :emotas I-CUBE-CANOPEN 1.1.3
2025-05-09 15:42:58,503 [INFO] ThirdParty:1030 - CMSIS Pack Vendor :STMicroelectronics X-CUBE-BLEMGR 2.0.0
2025-05-09 15:42:58,503 [INFO] ThirdParty:1030 - CMSIS Pack Vendor :STMicroelectronics FP-SNS-FLIGHT1 5.0.2
2025-05-09 15:42:58,503 [INFO] ThirdParty:1030 - CMSIS Pack Vendor :STMicroelectronics X-CUBE-AI 9.0.0
2025-05-09 15:42:58,503 [INFO] ThirdParty:1030 - CMSIS Pack Vendor :STMicroelectronics X-CUBE-AZRTOS-H7 3.1.0
2025-05-09 15:42:58,503 [INFO] ThirdParty:1030 - CMSIS Pack Vendor :STMicroelectronics PDM2PCM 3.3.0
2025-05-09 15:42:58,503 [INFO] ThirdParty:1030 - CMSIS Pack Vendor :STMicroelectronics X-CUBE-DISPLAY 3.0.0
2025-05-09 15:42:58,503 [INFO] ThirdParty:1030 - CMSIS Pack Vendor :STMicroelectronics X-CUBE-BLE1 7.0.0
2025-05-09 15:42:58,504 [INFO] ThirdParty:1030 - CMSIS Pack Vendor :STMicroelectronics X-CUBE-NFC10 1.0.0
2025-05-09 15:42:58,504 [INFO] ThirdParty:1030 - CMSIS Pack Vendor :STMicroelectronics HAL Drivers 0.0.0
2025-05-09 15:42:58,504 [INFO] ThirdParty:1030 - CMSIS Pack Vendor :emotas I-CUBE-CANOPEN 1.3.0
2025-05-09 15:42:58,504 [INFO] ThirdParty:1030 - CMSIS Pack Vendor :STMicroelectronics X-CUBE-FREERTOS 1.3.0
2025-05-09 15:42:58,504 [INFO] ThirdParty:1030 - CMSIS Pack Vendor :STMicroelectronics X-CUBE-TOUCHGFX 4.22.0
2025-05-09 15:42:58,504 [INFO] ThirdParty:1030 - CMSIS Pack Vendor :STMicroelectronics X-CUBE-NFC7 1.0.1
2025-05-09 15:42:58,504 [INFO] ThirdParty:1030 - CMSIS Pack Vendor :STMicroelectronics MBEDTLS 2.14.1
2025-05-09 15:42:58,504 [INFO] ThirdParty:1030 - CMSIS Pack Vendor :STMicroelectronics X-CUBE-NFC7 1.0.0
2025-05-09 15:42:58,504 [INFO] ThirdParty:1030 - CMSIS Pack Vendor :STMicroelectronics X-CUBE-TOUCHGFX 4.22.1
2025-05-09 15:42:58,504 [INFO] ThirdParty:1030 - CMSIS Pack Vendor :wolfSSL I-CUBE-wolfTPM 3.2.0
2025-05-09 15:42:58,504 [INFO] ThirdParty:1030 - CMSIS Pack Vendor :STMicroelectronics X-CUBE-NFC6 3.0.0
2025-05-09 15:42:58,504 [INFO] ThirdParty:1030 - CMSIS Pack Vendor :STMicroelectronics X-CUBE-EEPRMA1 4.1.0
2025-05-09 15:42:58,504 [INFO] ThirdParty:1030 - CMSIS Pack Vendor :STMicroelectronics X-CUBE-BLEMGR 3.1.0
2025-05-09 15:42:58,504 [INFO] ThirdParty:1030 - CMSIS Pack Vendor :STMicroelectronics X-CUBE-AI 10.0.0
2025-05-09 15:42:58,504 [INFO] ThirdParty:1030 - CMSIS Pack Vendor :STMicroelectronics FP-SNS-SMARTAG2 1.2.0
2025-05-09 15:42:58,504 [INFO] ThirdParty:1030 - CMSIS Pack Vendor :STMicroelectronics X-CUBE-MEMS1 11.1.0
2025-05-09 15:42:58,504 [INFO] ThirdParty:1030 - CMSIS Pack Vendor :STMicroelectronics X-CUBE-AZRTOS-WL 2.0.0
2025-05-09 15:42:58,504 [INFO] ThirdParty:1030 - CMSIS Pack Vendor :STMicroelectronics FP-SNS-MOTENV1 5.0.0
2025-05-09 15:42:58,504 [INFO] ThirdParty:1030 - CMSIS Pack Vendor :STMicroelectronics USB_DEVICE 1.0.0
2025-05-09 15:42:58,504 [INFO] ThirdParty:1030 - CMSIS Pack Vendor :STMicroelectronics X-CUBE-AI 8.1.0
2025-05-09 15:42:58,504 [INFO] ThirdParty:1030 - CMSIS Pack Vendor :wolfSSL I-CUBE-wolfMQTT 1.19.0
2025-05-09 15:42:58,504 [INFO] ThirdParty:1030 - CMSIS Pack Vendor :STMicroelectronics X-CUBE-AZRTOS-L4 2.0.0
2025-05-09 15:42:58,504 [INFO] ThirdParty:1030 - CMSIS Pack Vendor :STMicroelectronics ThreadX 0.0.2
2025-05-09 15:42:58,504 [INFO] ThirdParty:1030 - CMSIS Pack Vendor :WES I-CUBE-Cesium 1.3.0
2025-05-09 15:42:58,504 [INFO] ThirdParty:1030 - CMSIS Pack Vendor :STMicroelectronics lwIP 2.1.2
2025-05-09 15:42:58,504 [INFO] ThirdParty:1030 - CMSIS Pack Vendor :STMicroelectronics X-CUBE-SFXS2LP1 4.0.0
2025-05-09 15:42:58,505 [INFO] ThirdParty:1030 - CMSIS Pack Vendor :STMicroelectronics X-CUBE-BLE2 3.3.0
2025-05-09 15:42:58,505 [INFO] ThirdParty:1030 - CMSIS Pack Vendor :STMicroelectronics PDM2PCM 3.2.0
2025-05-09 15:42:58,505 [INFO] ThirdParty:1030 - CMSIS Pack Vendor :STMicroelectronics X-CUBE-ISPU 1.1.0
2025-05-09 15:42:58,505 [INFO] ThirdParty:1030 - CMSIS Pack Vendor :STMicroelectronics X-CUBE-AZRTOS-H7 3.3.0
2025-05-09 15:42:58,505 [INFO] ThirdParty:1030 - CMSIS Pack Vendor :STMicroelectronics X-CUBE-NFC9 1.0.0
2025-05-09 15:42:58,505 [INFO] ThirdParty:1030 - CMSIS Pack Vendor :STMicroelectronics X-CUBE-BLE1 7.1.0
2025-05-09 15:42:58,505 [INFO] ThirdParty:1030 - CMSIS Pack Vendor :STMicroelectronics USB_DEVICE 3.0.0
2025-05-09 15:42:58,505 [INFO] ThirdParty:1030 - CMSIS Pack Vendor :STMicroelectronics X-CUBE-TCPP 4.1.0
2025-05-09 15:42:58,505 [INFO] ThirdParty:1030 - CMSIS Pack Vendor :STMicroelectronics X-CUBE-AZRTOS-WB 2.0.0
2025-05-09 15:42:58,505 [INFO] ThirdParty:1030 - CMSIS Pack Vendor :STMicroelectronics X-CUBE-FREERTOS 1.0.1
2025-05-09 15:42:58,505 [INFO] ThirdParty:1030 - CMSIS Pack Vendor :STMicroelectronics X-CUBE-GNSS1 7.0.1
2025-05-09 15:42:58,505 [INFO] ThirdParty:1030 - CMSIS Pack Vendor :STMicroelectronics X-CUBE-TOUCHGFX 4.21.4
2025-05-09 15:42:58,505 [INFO] ThirdParty:1030 - CMSIS Pack Vendor :STMicroelectronics X-CUBE-TOUCHGFX 4.25.0
2025-05-09 15:42:58,505 [INFO] ThirdParty:1030 - CMSIS Pack Vendor :STMicroelectronics X-CUBE-ALGOBUILD 1.3.0
2025-05-09 15:42:58,505 [INFO] ThirdParty:1030 - CMSIS Pack Vendor :STMicroelectronics X-CUBE-AZRTOS-L5 1.1.0
2025-05-09 15:42:58,505 [INFO] ThirdParty:1030 - CMSIS Pack Vendor :STMicroelectronics X-CUBE-MEMS1 11.2.0
2025-05-09 15:42:58,505 [INFO] ThirdParty:1030 - CMSIS Pack Vendor :STMicroelectronics X-CUBE-AZRTOS-G0 1.1.0
2025-05-09 15:42:58,505 [INFO] ThirdParty:1030 - CMSIS Pack Vendor :STMicroelectronics X-CUBE-AI 8.0.1
2025-05-09 15:42:58,505 [INFO] ThirdParty:1030 - CMSIS Pack Vendor :STMicroelectronics X-CUBE-SAFEA1 1.2.2
2025-05-09 15:42:58,505 [INFO] ThirdParty:1030 - CMSIS Pack Vendor :STMicroelectronics X-CUBE-NFC4 3.0.0
2025-05-09 15:42:58,505 [INFO] ThirdParty:1030 - CMSIS Pack Vendor :STMicroelectronics X-CUBE-SUBG2 5.0.0
2025-05-09 15:42:58,505 [INFO] ThirdParty:1030 - CMSIS Pack Vendor :STMicroelectronics X-CUBE-AZRTOS-H7RS 1.1.0
2025-05-09 15:42:58,505 [INFO] ThirdParty:1030 - CMSIS Pack Vendor :STMicroelectronics STM32_WPAN 1.0.0
2025-05-09 15:42:58,505 [INFO] ThirdParty:1030 - CMSIS Pack Vendor :wolfSSL I-CUBE-wolfMQTT 1.18.0
2025-05-09 15:42:58,505 [INFO] ThirdParty:1030 - CMSIS Pack Vendor :STMicroelectronics lwIP 2.0.3
2025-05-09 15:42:58,505 [INFO] ThirdParty:1030 - CMSIS Pack Vendor :Cesanta I-CUBE-Mongoose 7.13.0
2025-05-09 15:42:58,505 [INFO] ThirdParty:1030 - CMSIS Pack Vendor :STMicroelectronics USB_HOST 1.0.0
2025-05-09 15:42:58,506 [INFO] ThirdParty:1030 - CMSIS Pack Vendor :STMicroelectronics X-CUBE-TOF1 3.3.1
2025-05-09 15:42:58,506 [INFO] ThirdParty:1030 - CMSIS Pack Vendor :STMicroelectronics X-CUBE-AZRTOS-G4 2.0.0
2025-05-09 15:42:58,506 [INFO] ThirdParty:1030 - CMSIS Pack Vendor :STMicroelectronics X-CUBE-WB05N 2.0.0
2025-05-09 15:42:58,506 [INFO] ThirdParty:1030 - CMSIS Pack Vendor :STMicroelectronics PDM2PCM 3.1.0
2025-05-09 15:42:58,506 [INFO] ThirdParty:1030 - CMSIS Pack Vendor :STMicroelectronics X-CUBE-TOF1 3.3.0
2025-05-09 15:42:58,506 [INFO] ThirdParty:1030 - CMSIS Pack Vendor :Infineon AIROC-Wi-Fi-Bluetooth-STM32 1.5.1
2025-05-09 15:42:58,506 [INFO] ThirdParty:1030 - CMSIS Pack Vendor :STMicroelectronics X-CUBE-BLEMGR 3.0.0
2025-05-09 15:42:58,506 [INFO] ThirdParty:1030 - CMSIS Pack Vendor :STMicroelectronics FP-SNS-MOTENVWB1 1.3.0
2025-05-09 15:42:58,506 [INFO] ThirdParty:1030 - CMSIS Pack Vendor :STMicroelectronics X-CUBE-NFC7 2.0.0
2025-05-09 15:42:58,506 [INFO] ThirdParty:1030 - CMSIS Pack Vendor :STMicroelectronics FP-SNS-MOTENVWB1 1.3.1
2025-05-09 15:42:58,506 [INFO] ThirdParty:1030 - CMSIS Pack Vendor :STMicroelectronics FP-ATR-SIGFOX1 3.2.0
2025-05-09 15:42:58,506 [INFO] ThirdParty:1030 - CMSIS Pack Vendor :STMicroelectronics X-CUBE-AZRTOS-L4 1.0.0
2025-05-09 15:42:58,506 [INFO] ThirdParty:1030 - CMSIS Pack Vendor :STMicroelectronics X-CUBE-ISPU 2.0.0
2025-05-09 15:42:58,506 [INFO] ThirdParty:1030 - CMSIS Pack Vendor :STMicroelectronics X-CUBE-EEPRMA1 5.1.0
2025-05-09 15:42:58,506 [INFO] ThirdParty:1030 - CMSIS Pack Vendor :STMicroelectronics MBEDTLS 2.16.2
2025-05-09 15:42:58,506 [INFO] ThirdParty:1030 - CMSIS Pack Vendor :STMicroelectronics X-CUBE-ALS 1.0.2
2025-05-09 15:42:58,506 [INFO] ThirdParty:1030 - CMSIS Pack Vendor :STMicroelectronics X-CUBE-MEMS1 10.0.0
2025-05-09 15:42:58,506 [INFO] ThirdParty:1030 - CMSIS Pack Vendor :STMicroelectronics X-CUBE-FREERTOS 1.1.0
2025-05-09 15:42:58,506 [INFO] ThirdParty:1030 - CMSIS Pack Vendor :wolfSSL I-CUBE-wolfSSL 5.7.6
2025-05-09 15:42:58,506 [INFO] ThirdParty:1030 - CMSIS Pack Vendor :STMicroelectronics X-CUBE-TOUCHGFX 4.24.0
2025-05-09 15:42:58,506 [INFO] ThirdParty:1030 - CMSIS Pack Vendor :ITTIA_DB I-CUBE-ITTIADB 8.9.0
2025-05-09 15:42:58,506 [INFO] ThirdParty:1030 - CMSIS Pack Vendor :STMicroelectronics X-CUBE-TOUCHGFX 4.24.2
2025-05-09 15:42:58,506 [INFO] ThirdParty:1030 - CMSIS Pack Vendor :STMicroelectronics X-CUBE-AZRTOS-WL 1.0.0
2025-05-09 15:42:58,506 [INFO] ThirdParty:1030 - CMSIS Pack Vendor :STMicroelectronics X-CUBE-TOUCHGFX 4.24.1
2025-05-09 15:42:58,506 [INFO] ThirdParty:1030 - CMSIS Pack Vendor :wolfSSL I-CUBE-wolfTPM 3.4.0
2025-05-09 15:42:58,506 [INFO] ThirdParty:1030 - CMSIS Pack Vendor :portGmbH I-Cube-SoM-uGOAL 1.1.0
2025-05-09 15:42:58,506 [INFO] ThirdParty:1030 - CMSIS Pack Vendor :STMicroelectronics X-CUBE-ALS 1.0.1
2025-05-09 15:42:58,506 [INFO] ThirdParty:1030 - CMSIS Pack Vendor :STMicroelectronics ThreadX 1.0.0
2025-05-09 15:42:58,507 [INFO] ThirdParty:1030 - CMSIS Pack Vendor :STMicroelectronics X-CUBE-AZRTOS-WB 1.1.0
2025-05-09 15:42:58,507 [INFO] ThirdParty:1030 - CMSIS Pack Vendor :SEGGER I-CUBE-embOS 1.3.1
2025-05-09 15:42:58,507 [INFO] ThirdParty:1030 - CMSIS Pack Vendor :STMicroelectronics X-CUBE-ALGOBUILD 1.4.0
2025-05-09 15:42:58,507 [INFO] ThirdParty:1030 - CMSIS Pack Vendor :STMicroelectronics X-CUBE-AZRTOS-H7RS 1.0.0
2025-05-09 15:42:58,507 [INFO] ThirdParty:1030 - CMSIS Pack Vendor :STMicroelectronics FP-ATR-ASTRA1 2.0.0
2025-05-09 15:42:58,507 [INFO] ThirdParty:1030 - CMSIS Pack Vendor :STMicroelectronics X-CUBE-AI 9.1.0
2025-05-09 15:42:58,507 [INFO] ThirdParty:1030 - CMSIS Pack Vendor :STMicroelectronics X-CUBE-TOF1 3.4.0
2025-05-09 15:42:58,507 [INFO] ThirdParty:1030 - CMSIS Pack Vendor :STMicroelectronics X-CUBE-TOF1 3.4.1
2025-05-09 15:42:58,507 [INFO] ThirdParty:1030 - CMSIS Pack Vendor :STMicroelectronics X-CUBE-AZRTOS-H7 3.2.0
2025-05-09 15:42:58,507 [INFO] ThirdParty:1030 - CMSIS Pack Vendor :wolfSSL I-CUBE-wolfSSH 1.4.17
2025-05-09 15:42:58,507 [INFO] ThirdParty:841 - exiting critical section [change project]
2025-05-09 15:42:58,699 [INFO] PinOutPanel:1499 - setPackage(No Configuration,No Configuration)
2025-05-09 15:42:58,701 [INFO] PinOutPanel:1499 - setPackage(STM32F103CBTx,LQFP48)
2025-05-09 15:42:59,204 [INFO] UtilMem:75 - Before build in PCC Used Memory: 718597560 Bytes (1073741824)
2025-05-09 15:42:59,613 [INFO] UtilMem:75 - After build in PCC Used Memory: 760014264 Bytes (1073741824)
2025-05-09 15:42:59,644 [INFO] IPUIPlugin:80 - create IPUIPlugin
2025-05-09 15:42:59,644 [INFO] IPUIPlugin:80 - create IPUIPlugin
2025-05-09 15:42:59,645 [INFO] IPUIPlugin:80 - create IPUIPlugin
2025-05-09 15:42:59,645 [INFO] IPUIPlugin:80 - create IPUIPlugin
2025-05-09 15:42:59,645 [INFO] IPUIPlugin:80 - create IPUIPlugin
2025-05-09 15:42:59,645 [INFO] IPUIPlugin:80 - create IPUIPlugin
2025-05-09 15:42:59,648 [INFO] IPUIPlugin:80 - create IPUIPlugin
2025-05-09 15:42:59,648 [INFO] IPUIPlugin:80 - create IPUIPlugin
2025-05-09 15:42:59,648 [INFO] IPUIPlugin:80 - create IPUIPlugin
2025-05-09 15:42:59,648 [INFO] IPUIPlugin:80 - create IPUIPlugin
2025-05-09 15:42:59,648 [INFO] IPUIPlugin:80 - create IPUIPlugin
2025-05-09 15:42:59,648 [INFO] IPUIPlugin:80 - create IPUIPlugin
2025-05-09 15:42:59,648 [INFO] IPUIPlugin:80 - create IPUIPlugin
2025-05-09 15:42:59,648 [INFO] IPUIPlugin:80 - create IPUIPlugin
2025-05-09 15:42:59,649 [INFO] IPUIPlugin:80 - create IPUIPlugin
2025-05-09 15:42:59,649 [INFO] IPUIPlugin:80 - create IPUIPlugin
2025-05-09 15:42:59,649 [INFO] IPUIPlugin:80 - create IPUIPlugin
2025-05-09 15:42:59,649 [INFO] IPUIPlugin:80 - create IPUIPlugin
2025-05-09 15:42:59,650 [INFO] IPUIPlugin:80 - create IPUIPlugin
2025-05-09 15:42:59,650 [INFO] IPUIPlugin:80 - create IPUIPlugin
2025-05-09 15:42:59,650 [INFO] IPUIPlugin:80 - create IPUIPlugin
2025-05-09 15:42:59,650 [INFO] IPUIPlugin:80 - create IPUIPlugin
2025-05-09 15:42:59,651 [INFO] IPUIPlugin:80 - create IPUIPlugin
2025-05-09 15:42:59,651 [INFO] IPUIPlugin:80 - create IPUIPlugin
2025-05-09 15:42:59,651 [INFO] IPUIPlugin:80 - create IPUIPlugin
2025-05-09 15:42:59,651 [INFO] IPUIPlugin:80 - create IPUIPlugin
2025-05-09 15:42:59,652 [INFO] IPUIPlugin:80 - create IPUIPlugin
2025-05-09 15:42:59,764 [INFO] CADModel:165 - CPN selected for project levelSTM32F103CBT6
2025-05-09 15:42:59,764 [INFO] CADModel:114 - Register for checkConnection events
2025-05-09 15:42:59,821 [INFO] OpenFileManager:328 - Restore cursor
2025-05-09 15:43:04,902 [INFO] UtilMem:75 - End SaveConfig() Used Memory: 875840600 Bytes (1073741824)
2025-05-09 15:43:05,217 [INFO] BlockDiagram:2759 - set Specific Code input for plugin: NVIC
2025-05-09 15:43:05,217 [INFO] BlockDiagram:2759 - set Specific Code input for plugin: USART
2025-05-09 15:43:05,218 [INFO] BlockDiagram:2759 - set Specific Code input for plugin: USART
2025-05-09 15:43:05,218 [INFO] BlockDiagram:2759 - set Specific Code input for plugin: SYS
2025-05-09 15:43:05,219 [INFO] BlockDiagram:2759 - set Specific Code input for plugin: GPIO
2025-05-09 15:43:05,219 [INFO] BlockDiagram:2759 - set Specific Code input for plugin: RCC
2025-05-09 15:43:05,221 [INFO] CodeGenerator:799 - code generatio: config db path: D:\ITC\STM32\STM32CubeIDE_1.13.0\STM32CubeIDE\plugins\com.st.stm32cube.common.mx_6.9.0.202307051724\\db\
2025-05-09 15:43:05,407 [INFO] CodeEngine:255 - oldGeneratedFile, D:\AIFARM\STM32_GREENB\stm32f103_nethouse\MXTmpFiles\license.tmp_save
2025-05-09 15:43:05,542 [INFO] CodeEngine:279 - Generated code: D:\AIFARM\STM32_GREENB\stm32f103_nethouse\MXTmpFiles\license.tmp
2025-05-09 15:43:05,627 [INFO] CodeEngine:255 - oldGeneratedFile, D:\AIFARM\STM32_GREENB\stm32f103_nethouse\MXTmpFiles\gpio.tmp_save
2025-05-09 15:43:05,739 [INFO] CodeEngine:279 - Generated code: D:\AIFARM\STM32_GREENB\stm32f103_nethouse\MXTmpFiles\gpio.tmp
2025-05-09 15:43:05,847 [INFO] CodeEngine:255 - oldGeneratedFile, D:\AIFARM\STM32_GREENB\stm32f103_nethouse\Core\Src\stm32f1xx_it.c_save
2025-05-09 15:43:06,153 [INFO] CodeEngine:279 - Generated code: D:\AIFARM\STM32_GREENB\stm32f103_nethouse\Core\Src\stm32f1xx_it.c
2025-05-09 15:43:06,158 [INFO] CodeEngine:255 - oldGeneratedFile, D:\AIFARM\STM32_GREENB\stm32f103_nethouse\Core\Inc\stm32f1xx_it.h_save
2025-05-09 15:43:06,226 [INFO] CodeEngine:279 - Generated code: D:\AIFARM\STM32_GREENB\stm32f103_nethouse\Core\Inc\stm32f1xx_it.h
2025-05-09 15:43:06,244 [INFO] CodeEngine:255 - oldGeneratedFile, D:\AIFARM\STM32_GREENB\stm32f103_nethouse\Core\Src\stm32f1xx_hal_msp.c_save
2025-05-09 15:43:06,342 [INFO] CodeEngine:279 - Generated code: D:\AIFARM\STM32_GREENB\stm32f103_nethouse\Core\Src\stm32f1xx_hal_msp.c
2025-05-09 15:43:06,345 [INFO] CodeEngine:255 - oldGeneratedFile, D:\AIFARM\STM32_GREENB\stm32f103_nethouse\MXTmpFiles\system.tmp_save
2025-05-09 15:43:06,395 [INFO] CodeEngine:279 - Generated code: D:\AIFARM\STM32_GREENB\stm32f103_nethouse\MXTmpFiles\system.tmp
2025-05-09 15:43:06,418 [INFO] CodeEngine:311 - oldGeneratedFile, D:\AIFARM\STM32_GREENB\stm32f103_nethouse\Core\Inc\stm32f1xx_hal_conf.h_save
2025-05-09 15:43:06,503 [INFO] CodeEngine:335 - Generated code: D:\AIFARM\STM32_GREENB\stm32f103_nethouse\Core\Inc\stm32f1xx_hal_conf.h
2025-05-09 15:43:06,536 [INFO] CodeEngine:255 - oldGeneratedFile, D:\AIFARM\STM32_GREENB\stm32f103_nethouse\Core\Inc\main.h_save
2025-05-09 15:43:06,612 [INFO] CodeEngine:279 - Generated code: D:\AIFARM\STM32_GREENB\stm32f103_nethouse\Core\Inc\main.h
2025-05-09 15:43:06,626 [INFO] CodeEngine:255 - oldGeneratedFile, D:\AIFARM\STM32_GREENB\stm32f103_nethouse\Core\Src\main.c_save
2025-05-09 15:43:06,727 [INFO] CodeEngine:279 - Generated code: D:\AIFARM\STM32_GREENB\stm32f103_nethouse\Core\Src\main.c
2025-05-09 15:43:07,267 [INFO] ProjectBuilder:3064 - Time for Copy HAL[1] : 204mS.
2025-05-09 15:43:07,270 [INFO] ProjectBuilder:4404 - Project Generator version: 4.1.0
2025-05-09 15:43:07,527 [INFO] ConfigFileManager:1457 - The Die is : DIE410
2025-05-09 15:43:07,542 [INFO] ApiDbMcu:507 - Load IP Config File for FATFS
2025-05-09 15:43:07,560 [INFO] ApiDbMcu:507 - Load IP Config File for FREERTOS
2025-05-09 15:43:07,579 [INFO] ApiDbMcu:507 - Load IP Config File for USB_DEVICE
2025-05-09 15:43:09,183 [INFO] ProjectBuilder:4626 - Time for Generating toolchain IDE Files: 1913mS.
2025-05-09 15:43:09,184 [INFO] ProjectBuilder:2935 - Time for Copy CMSIS : 0mS.
2025-05-09 15:43:09,186 [INFO] ProjectBuilder:2935 - Time for Copy CMSIS : 0mS.
