2025-06-14 11:16:42,863 [INFO] Activator:176 - 


2025-06-14 11:16:42,870 [INFO] Activator:177 - !SESSION log4j initialized
2025-06-14 11:16:50,466 [INFO] LogOutputStream:77 - [STDOUT_REDIRECT] 
2025-06-14 11:16:54,468 [INFO] ApplicationProperties:184 - Using Application install path: D:\ITC\STM32\STM32CubeIDE_1.13.0\STM32CubeIDE\plugins\com.st.stm32cube.common.mx_6.9.0.202307051724
2025-06-14 11:16:54,487 [INFO] DbMcusXml:78 - Set database path to: D:\ITC\STM32\STM32CubeIDE_1.13.0\STM32CubeIDE\plugins\com.st.stm32cube.common.mx_6.9.0.202307051724\\db\/mcu/
2025-06-14 11:16:54,487 [INFO] ApiDb:274 - Set plugin database path to: D:\ITC\STM32\STM32CubeIDE_1.13.0\STM32CubeIDE\plugins\com.st.stm32cube.common.mx_6.9.0.202307051724\\db\/plugins/boardmanager/
2025-06-14 11:16:54,487 [WARN] ApiDb:259 - Overriding images path with different value:  => D:\ITC\STM32\STM32CubeIDE_1.13.0\STM32CubeIDE\plugins\com.st.stm32cube.common.mx_6.9.0.202307051724\\db\/plugins/mcufinder/images/
2025-06-14 11:16:54,498 [INFO] ApiDb:250 - Set database path to: C:\Users\msi1\.stmcufinder\plugins\mcufinder//mcu/
2025-06-14 11:16:54,499 [INFO] DbMcusAds:125 - Set database path to: C:\Users\msi1\.stmcufinder\plugins\mcufinder//mcu/
2025-06-14 11:16:54,501 [INFO] CrossReferenceDbSqlite:203 - Set database path to: C:\Users\msi1\.stmcufinder\plugins\mcufinder//mcu/cs/
2025-06-14 11:16:54,607 [INFO] RulesReader:64 - Compatibility file has been processed (293 Rules)
2025-06-14 11:16:54,696 [INFO] DbMcusXml:78 - Set database path to: D:\ITC\STM32\STM32CubeIDE_1.13.0\STM32CubeIDE\plugins\com.st.stm32cube.common.mx_6.9.0.202307051724\\db\/mcu/
2025-06-14 11:16:54,696 [INFO] ApiDb:274 - Set plugin database path to: D:\ITC\STM32\STM32CubeIDE_1.13.0\STM32CubeIDE\plugins\com.st.stm32cube.common.mx_6.9.0.202307051724\\db\/plugins/boardmanager/
2025-06-14 11:16:54,696 [INFO] ApiDb:261 - Set plugin images path to: D:\ITC\STM32\STM32CubeIDE_1.13.0\STM32CubeIDE\plugins\com.st.stm32cube.common.mx_6.9.0.202307051724\\db\/plugins/mcufinder/images/
2025-06-14 11:16:54,696 [WARN] DbFile:41 - Overriding database path with different value: C:\Users\msi1\.stmcufinder\plugins\mcufinder/ => C:\Users\msi1\.stmcufinder\plugins\mcufinder
2025-06-14 11:16:54,697 [INFO] ApiDb:250 - Set database path to: C:\Users\msi1\.stmcufinder\plugins\mcufinder//mcu/
2025-06-14 11:16:54,697 [WARN] DbFile:41 - Overriding database path with different value: C:\Users\msi1\.stmcufinder\plugins\mcufinder/ => C:\Users\msi1\.stmcufinder\plugins\mcufinder
2025-06-14 11:16:54,697 [INFO] DbMcusAds:125 - Set database path to: C:\Users\msi1\.stmcufinder\plugins\mcufinder//mcu/
2025-06-14 11:16:54,697 [WARN] DbFile:41 - Overriding database path with different value: C:\Users\msi1\.stmcufinder\plugins\mcufinder/ => C:\Users\msi1\.stmcufinder\plugins\mcufinder
2025-06-14 11:16:54,697 [WARN] DbFile:41 - Overriding database path with different value: C:\Users\msi1\.stmcufinder\plugins\mcufinder/ => C:\Users\msi1\.stmcufinder\plugins\mcufinder
2025-06-14 11:16:54,697 [INFO] CrossReferenceDbSqlite:203 - Set database path to: C:\Users\msi1\.stmcufinder\plugins\mcufinder//mcu/cs/
2025-06-14 11:16:54,777 [INFO] MainPanel:262 - HeapMemory: 268435456
2025-06-14 11:16:54,879 [INFO] DbMcusXml:78 - Set database path to: D:\ITC\STM32\STM32CubeIDE_1.13.0\STM32CubeIDE\plugins\com.st.stm32cube.common.mx_6.9.0.202307051724\\db\/mcu/
2025-06-14 11:16:54,879 [INFO] ApiDb:274 - Set plugin database path to: D:\ITC\STM32\STM32CubeIDE_1.13.0\STM32CubeIDE\plugins\com.st.stm32cube.common.mx_6.9.0.202307051724\\db\/plugins/boardmanager/
2025-06-14 11:16:54,879 [INFO] ApiDb:261 - Set plugin images path to: D:\ITC\STM32\STM32CubeIDE_1.13.0\STM32CubeIDE\plugins\com.st.stm32cube.common.mx_6.9.0.202307051724\\db\/plugins/mcufinder/images/
2025-06-14 11:16:54,879 [WARN] DbFile:41 - Overriding database path with different value: C:\Users\msi1\.stmcufinder\plugins\mcufinder/ => C:\Users\msi1\.stmcufinder\plugins\mcufinder
2025-06-14 11:16:54,879 [INFO] ApiDb:250 - Set database path to: C:\Users\msi1\.stmcufinder\plugins\mcufinder//mcu/
2025-06-14 11:16:54,879 [WARN] DbFile:41 - Overriding database path with different value: C:\Users\msi1\.stmcufinder\plugins\mcufinder/ => C:\Users\msi1\.stmcufinder\plugins\mcufinder
2025-06-14 11:16:54,879 [INFO] DbMcusAds:125 - Set database path to: C:\Users\msi1\.stmcufinder\plugins\mcufinder//mcu/
2025-06-14 11:16:54,880 [WARN] DbFile:41 - Overriding database path with different value: C:\Users\msi1\.stmcufinder\plugins\mcufinder/ => C:\Users\msi1\.stmcufinder\plugins\mcufinder
2025-06-14 11:16:54,880 [WARN] DbFile:41 - Overriding database path with different value: C:\Users\msi1\.stmcufinder\plugins\mcufinder/ => C:\Users\msi1\.stmcufinder\plugins\mcufinder
2025-06-14 11:16:54,880 [INFO] CrossReferenceDbSqlite:203 - Set database path to: C:\Users\msi1\.stmcufinder\plugins\mcufinder//mcu/cs/
2025-06-14 11:16:54,898 [INFO] ApplicationProperties:184 - Using Application install path: D:\ITC\STM32\STM32CubeIDE_1.13.0\STM32CubeIDE\plugins\com.st.stm32cube.common.mx_6.9.0.202307051724
2025-06-14 11:16:54,899 [INFO] PluginManage:196 - Search for loadable plugins [exclusion list=, ]
2025-06-14 11:16:54,900 [INFO] PluginManage:310 - Check plugin analytics
2025-06-14 11:16:55,033 [INFO] AnalyticsPlugin:253 - Accepted Software Licenses: 
2025-06-14 11:16:55,033 [INFO] AnalyticsPlugin:255 - Accepted CMSIS Pack Licenses: 
2025-06-14 11:16:55,034 [INFO] AnalyticsPlugin:257 - Accepted Firmware Licenses: FW.F4.1.27.0
2025-06-14 11:16:55,036 [INFO] PluginManage:359 - Loaded plugin analytics (category:tool,tabindex:-1)
2025-06-14 11:16:55,037 [INFO] PluginManage:310 - Check plugin cadmodel
2025-06-14 11:16:55,053 [INFO] CADModel:105 - Init CAD model plugin
2025-06-14 11:16:55,053 [INFO] PluginManage:359 - Loaded plugin cadmodel (category:power,tabindex:5)
2025-06-14 11:16:55,053 [INFO] PluginManage:310 - Check plugin clock
2025-06-14 11:16:55,072 [INFO] PluginManage:359 - Loaded plugin clock (category:base,tabindex:2)
2025-06-14 11:16:55,072 [INFO] PluginManage:310 - Check plugin ddr
2025-06-14 11:16:55,074 [INFO] PluginManage:359 - Loaded plugin ddr (category:tool,tabindex:6)
2025-06-14 11:16:55,074 [INFO] PluginManage:310 - Check plugin filemanager
2025-06-14 11:16:55,201 [INFO] PluginManage:359 - Loaded plugin filemanager (category:base,tabindex:10)
2025-06-14 11:16:55,202 [INFO] PluginManage:310 - Check plugin ipmanager
2025-06-14 11:16:55,209 [INFO] PluginManage:359 - Loaded plugin ipmanager (category:base,tabindex:5)
2025-06-14 11:16:55,209 [INFO] PluginManage:310 - Check plugin lpbam
2025-06-14 11:16:55,226 [INFO] PluginManage:359 - Loaded plugin lpbam (category:base,tabindex:0)
2025-06-14 11:16:55,227 [INFO] PluginManage:310 - Check plugin memorymap
2025-06-14 11:16:55,252 [INFO] PluginManage:359 - Loaded plugin memorymap (category:base,tabindex:4)
2025-06-14 11:16:55,252 [INFO] PluginManage:310 - Check plugin pinoutandconfiguration
2025-06-14 11:16:55,268 [INFO] PluginManage:359 - Loaded plugin pinoutandconfiguration (category:base,tabindex:1)
2025-06-14 11:16:55,269 [INFO] PluginManage:310 - Check plugin pinoutconfig
2025-06-14 11:16:55,363 [WARN] SupportedApi:132 - Cannot load RTOS API schema: s4s-elt-must-match.1: The content of 'definitions' must match (annotation?, (simpleType | complexType)?, (unique | key | keyref)*)). A problem was found starting at: attribute.
2025-06-14 11:16:55,485 [INFO] PluginManage:359 - Loaded plugin pinoutconfig (category:base,tabindex:0)
2025-06-14 11:16:55,485 [INFO] PluginManage:310 - Check plugin power
2025-06-14 11:16:55,510 [INFO] PluginManage:359 - Loaded plugin power (category:power,tabindex:4)
2025-06-14 11:16:55,510 [INFO] PluginManage:310 - Check plugin projectmanager
2025-06-14 11:16:55,524 [INFO] PluginManage:359 - Loaded plugin projectmanager (category:projectmanager,tabindex:3)
2025-06-14 11:16:55,524 [INFO] PluginManage:310 - Check plugin thirdparty
2025-06-14 11:16:55,823 [INFO] PluginManage:359 - Loaded plugin thirdparty (category:base,tabindex:-1)
2025-06-14 11:16:55,823 [WARN] IntegrityCheckThread:84 - waiting for thirdparty lock release [integrity check]
2025-06-14 11:16:55,823 [INFO] PluginManage:310 - Check plugin tools
2025-06-14 11:16:55,824 [INFO] IntegrityCheckThread:86 - entering critical section [integrity check]
2025-06-14 11:16:55,824 [INFO] ThirdPartyUpdaterWithRetryManager:70 - Updater plugin not ready yet. [1/15]
2025-06-14 11:16:55,860 [INFO] PluginManage:359 - Loaded plugin tools (category:base,tabindex:7)
2025-06-14 11:16:55,860 [INFO] PluginManage:310 - Check plugin tutovideos
2025-06-14 11:16:56,058 [INFO] PluginManage:359 - Loaded plugin tutovideos (category:base,tabindex:-1)
2025-06-14 11:16:56,058 [INFO] PluginManage:310 - Check plugin updater
2025-06-14 11:16:56,069 [INFO] PluginManage:359 - Loaded plugin updater (category:base,tabindex:12)
2025-06-14 11:16:56,069 [INFO] PluginManage:310 - Check plugin userauth
2025-06-14 11:16:56,076 [INFO] UserAuth:113 - Init User Auth plugin
2025-06-14 11:16:56,076 [INFO] PluginManage:359 - Loaded plugin userauth (category:base,tabindex:14)
2025-06-14 11:16:56,076 [INFO] PluginManage:283 - PluginManage : Loaded plugins [17]
2025-06-14 11:16:56,290 [INFO] PinOutPanel:1499 - setPackage(No Configuration,No Configuration)
2025-06-14 11:16:56,390 [INFO] CADModel:165 - CPN selected for project level
2025-06-14 11:16:56,390 [INFO] CADModel:114 - Register for checkConnection events
2025-06-14 11:16:56,416 [INFO] IPUIPlugin:80 - create IPUIPlugin
2025-06-14 11:16:56,416 [INFO] PluginManager:220 - loadIPPluginJar : add adc
2025-06-14 11:16:56,451 [INFO] IPUIPlugin:80 - create IPUIPlugin
2025-06-14 11:16:56,452 [INFO] PluginManager:220 - loadIPPluginJar : add aes
2025-06-14 11:16:56,499 [INFO] IPUIPlugin:80 - create IPUIPlugin
2025-06-14 11:16:56,499 [INFO] PluginManager:220 - loadIPPluginJar : add can
2025-06-14 11:16:56,524 [INFO] IPUIPlugin:80 - create IPUIPlugin
2025-06-14 11:16:56,524 [INFO] PluginManager:220 - loadIPPluginJar : add comp
2025-06-14 11:16:56,558 [INFO] IPUIPlugin:80 - create IPUIPlugin
2025-06-14 11:16:56,558 [INFO] PluginManager:220 - loadIPPluginJar : add cryp
2025-06-14 11:16:56,590 [INFO] IPUIPlugin:80 - create IPUIPlugin
2025-06-14 11:16:56,590 [INFO] PluginManager:220 - loadIPPluginJar : add dfsdm
2025-06-14 11:16:56,604 [INFO] IPUIPlugin:80 - create IPUIPlugin
2025-06-14 11:16:56,605 [INFO] PluginManager:220 - loadIPPluginJar : add dma
2025-06-14 11:16:56,652 [INFO] IPUIPlugin:80 - create IPUIPlugin
2025-06-14 11:16:56,652 [INFO] PluginManager:220 - loadIPPluginJar : add dma3
2025-06-14 11:16:56,673 [INFO] IPUIPlugin:80 - create IPUIPlugin
2025-06-14 11:16:56,673 [INFO] PluginManager:220 - loadIPPluginJar : add fatfs
2025-06-14 11:16:56,722 [INFO] IPUIPlugin:80 - create IPUIPlugin
2025-06-14 11:16:56,722 [INFO] PluginManager:220 - loadIPPluginJar : add fmc
2025-06-14 11:16:56,736 [INFO] IPUIPlugin:80 - create IPUIPlugin
2025-06-14 11:16:56,736 [INFO] PluginManager:220 - loadIPPluginJar : add freertos
2025-06-14 11:16:56,758 [INFO] IPUIPlugin:80 - create IPUIPlugin
2025-06-14 11:16:56,758 [INFO] PluginManager:220 - loadIPPluginJar : add genericplugin
2025-06-14 11:16:56,853 [INFO] IPUIPlugin:80 - create IPUIPlugin
2025-06-14 11:16:56,853 [INFO] PluginManager:220 - loadIPPluginJar : add gfxmmu
2025-06-14 11:16:56,987 [INFO] IPUIPlugin:80 - create IPUIPlugin
2025-06-14 11:16:56,987 [INFO] PluginManager:220 - loadIPPluginJar : add gic
2025-06-14 11:16:57,000 [INFO] IPUIPlugin:80 - create IPUIPlugin
2025-06-14 11:16:57,001 [INFO] PluginManager:220 - loadIPPluginJar : add gpio
2025-06-14 11:16:57,095 [INFO] IPUIPlugin:80 - create IPUIPlugin
2025-06-14 11:16:57,095 [INFO] PluginManager:220 - loadIPPluginJar : add gtzc
2025-06-14 11:16:57,129 [INFO] IPUIPlugin:80 - create IPUIPlugin
2025-06-14 11:16:57,129 [INFO] PluginManager:220 - loadIPPluginJar : add hash
2025-06-14 11:16:57,194 [INFO] IPUIPlugin:80 - create IPUIPlugin
2025-06-14 11:16:57,194 [INFO] PluginManager:220 - loadIPPluginJar : add i2c
2025-06-14 11:16:57,240 [INFO] IPUIPlugin:80 - create IPUIPlugin
2025-06-14 11:16:57,240 [INFO] PluginManager:220 - loadIPPluginJar : add i2s
2025-06-14 11:16:57,288 [INFO] IPUIPlugin:80 - create IPUIPlugin
2025-06-14 11:16:57,288 [INFO] PluginManager:220 - loadIPPluginJar : add i3c
2025-06-14 11:16:57,389 [INFO] IPUIPlugin:80 - create IPUIPlugin
2025-06-14 11:16:57,389 [INFO] PluginManager:220 - loadIPPluginJar : add ipddr
2025-06-14 11:16:57,482 [INFO] IPUIPlugin:80 - create IPUIPlugin
2025-06-14 11:16:57,482 [INFO] PluginManager:220 - loadIPPluginJar : add linkedlist
2025-06-14 11:16:57,521 [INFO] IPUIPlugin:80 - create IPUIPlugin
2025-06-14 11:16:57,521 [INFO] PluginManager:220 - loadIPPluginJar : add lorawan
2025-06-14 11:16:57,560 [INFO] IPUIPlugin:80 - create IPUIPlugin
2025-06-14 11:16:57,561 [INFO] PluginManager:220 - loadIPPluginJar : add ltdc
2025-06-14 11:16:57,574 [INFO] IPUIPlugin:80 - create IPUIPlugin
2025-06-14 11:16:57,574 [INFO] PluginManager:220 - loadIPPluginJar : add mdma
2025-06-14 11:16:57,588 [INFO] IPUIPlugin:80 - create IPUIPlugin
2025-06-14 11:16:57,588 [INFO] PluginManager:220 - loadIPPluginJar : add nvic
2025-06-14 11:16:57,626 [INFO] IPUIPlugin:80 - create IPUIPlugin
2025-06-14 11:16:57,627 [INFO] PluginManager:220 - loadIPPluginJar : add opamp
2025-06-14 11:16:57,691 [INFO] IPUIPlugin:80 - create IPUIPlugin
2025-06-14 11:16:57,691 [INFO] PluginManager:220 - loadIPPluginJar : add openamp
2025-06-14 11:16:57,736 [INFO] IPUIPlugin:80 - create IPUIPlugin
2025-06-14 11:16:57,736 [INFO] PluginManager:220 - loadIPPluginJar : add pdm2pcm
2025-06-14 11:16:57,750 [INFO] IPUIPlugin:80 - create IPUIPlugin
2025-06-14 11:16:57,752 [INFO] PluginManager:220 - loadIPPluginJar : add plateformsettings
2025-06-14 11:16:57,775 [INFO] IPUIPlugin:80 - create IPUIPlugin
2025-06-14 11:16:57,775 [INFO] PluginManager:220 - loadIPPluginJar : add quadspi
2025-06-14 11:16:57,789 [INFO] IPUIPlugin:80 - create IPUIPlugin
2025-06-14 11:16:57,789 [INFO] PluginManager:220 - loadIPPluginJar : add resmgrutility
2025-06-14 11:16:57,842 [INFO] IPUIPlugin:80 - create IPUIPlugin
2025-06-14 11:16:57,842 [INFO] PluginManager:220 - loadIPPluginJar : add sai
2025-06-14 11:16:57,881 [INFO] IPUIPlugin:80 - create IPUIPlugin
2025-06-14 11:16:57,881 [INFO] PluginManager:220 - loadIPPluginJar : add spi
2025-06-14 11:16:57,937 [INFO] IPUIPlugin:80 - create IPUIPlugin
2025-06-14 11:16:57,937 [INFO] PluginManager:220 - loadIPPluginJar : add stm32_wpan
2025-06-14 11:16:57,963 [INFO] IPUIPlugin:80 - create IPUIPlugin
2025-06-14 11:16:57,963 [INFO] PluginManager:220 - loadIPPluginJar : add tim
2025-06-14 11:16:58,017 [INFO] IPUIPlugin:80 - create IPUIPlugin
2025-06-14 11:16:58,017 [INFO] PluginManager:220 - loadIPPluginJar : add touchsensing
2025-06-14 11:16:58,040 [INFO] IPUIPlugin:80 - create IPUIPlugin
2025-06-14 11:16:58,040 [INFO] PluginManager:220 - loadIPPluginJar : add tracer_emb
2025-06-14 11:16:58,065 [INFO] IPUIPlugin:80 - create IPUIPlugin
2025-06-14 11:16:58,066 [INFO] PluginManager:220 - loadIPPluginJar : add ts
2025-06-14 11:16:58,090 [INFO] IPUIPlugin:80 - create IPUIPlugin
2025-06-14 11:16:58,090 [INFO] PluginManager:220 - loadIPPluginJar : add tsc
2025-06-14 11:16:58,113 [INFO] IPUIPlugin:80 - create IPUIPlugin
2025-06-14 11:16:58,113 [INFO] PluginManager:220 - loadIPPluginJar : add ucpd
2025-06-14 11:16:58,172 [INFO] IPUIPlugin:80 - create IPUIPlugin
2025-06-14 11:16:58,172 [INFO] PluginManager:220 - loadIPPluginJar : add usart
2025-06-14 11:16:58,216 [INFO] IPUIPlugin:80 - create IPUIPlugin
2025-06-14 11:16:58,216 [INFO] PluginManager:220 - loadIPPluginJar : add usbx
2025-06-14 11:16:58,341 [INFO] CADModel:165 - CPN selected for project level
2025-06-14 11:16:58,342 [INFO] CADModel:114 - Register for checkConnection events
2025-06-14 11:16:58,342 [FATAL] Updater:308 - Updater called before beeing initialized
2025-06-14 11:16:58,342 [ERROR] CADModel:125 - Updater not yet initialized, retry later 
2025-06-14 11:16:58,465 [INFO] CADModel:165 - CPN selected for project level
2025-06-14 11:16:58,465 [INFO] CADModel:114 - Register for checkConnection events
2025-06-14 11:16:58,466 [FATAL] Updater:308 - Updater called before beeing initialized
2025-06-14 11:16:58,466 [ERROR] CADModel:125 - Updater not yet initialized, retry later 
2025-06-14 11:16:58,469 [FATAL] Updater:308 - Updater called before beeing initialized
2025-06-14 11:16:58,560 [FATAL] Updater:308 - Updater called before beeing initialized
2025-06-14 11:16:58,574 [INFO] DbMcusAds:53 - JSON generation date=Wed May 07 16:07:55 ICT 2025 (1746608875638)
2025-06-14 11:16:58,574 [FATAL] Updater:308 - Updater called before beeing initialized
2025-06-14 11:16:58,661 [WARN] DetailPanel:346 - Failed to get advertising image, set to default
2025-06-14 11:16:58,746 [FATAL] Updater:308 - Updater called before beeing initialized
2025-06-14 11:16:58,748 [FATAL] Updater:308 - Updater called before beeing initialized
2025-06-14 11:16:58,748 [FATAL] Updater:308 - Updater called before beeing initialized
2025-06-14 11:16:58,748 [WARN] DetailPanel:346 - Failed to get advertising image, set to default
2025-06-14 11:16:58,749 [FATAL] Updater:308 - Updater called before beeing initialized
2025-06-14 11:16:58,825 [INFO] ThirdPartyUpdaterWithRetryManager:70 - Updater plugin not ready yet. [2/15]
2025-06-14 11:16:58,826 [ERROR] Updater:1120 - MainUpdater not yet initialized. External WinMGr cannot be set.
2025-06-14 11:16:58,839 [INFO] Updater:1056 - Updater Version found : 6.9.0
2025-06-14 11:16:58,858 [INFO] ApplicationProperties:184 - Using Application install path: D:\ITC\STM32\STM32CubeIDE_1.13.0\STM32CubeIDE\plugins\com.st.stm32cube.common.mx_6.9.0.202307051724
2025-06-14 11:16:59,378 [INFO] MainUpdater:2868 - connection check result : 10
2025-06-14 11:16:59,381 [INFO] MainUpdater:285 - Updater Check For Update Now.
2025-06-14 11:16:59,381 [INFO] MicroXplorer:498 - Change Database Version : DB.6.0.90
2025-06-14 11:16:59,412 [INFO] McuFinderGlobals:63 - Set McuFinder mode to 2 (CubeIDE integrated)
2025-06-14 11:16:59,626 [INFO] CheckServerUpdateThread:120 - End of CheckServer Thread
2025-06-14 11:17:00,652 [INFO] McuFinderGlobals:63 - Set McuFinder mode to 2 (CubeIDE integrated)
2025-06-14 11:17:00,680 [INFO] MainUpdater:2868 - connection check result : 10
2025-06-14 11:17:00,688 [INFO] MainUpdater:2868 - connection check result : 10
2025-06-14 11:17:00,900 [INFO] MicroXplorer:468 - Change Database Path : 
2025-06-14 11:17:00,900 [INFO] MicroXplorer:498 - Change Database Version : DB.6.0.90
2025-06-14 11:17:00,903 [WARN] ThirdParty:871 - waiting for thirdparty lock release [close project]
2025-06-14 11:17:02,145 [WARN] PackLoader:240 - Cannot read IP mode file for STMicroelectronics.FP-SNS-MOTENVWB1.1.4.0
2025-06-14 11:17:02,160 [WARN] PackLoader:240 - Cannot read IP mode file for STMicroelectronics.FP-ATR-ASTRA1.2.0.2
2025-06-14 11:17:02,171 [WARN] PackLoader:240 - Cannot read IP mode file for STMicroelectronics.FP-ATR-ASTRA1.2.0.1
2025-06-14 11:17:02,186 [WARN] PackLoader:240 - Cannot read IP mode file for STMicroelectronics.X-CUBE-SMBUS.2.1.0
2025-06-14 11:17:02,201 [WARN] PackLoader:240 - Cannot read IP mode file for STMicroelectronics.X-CUBE-WB05N.1.1.0
2025-06-14 11:17:02,213 [ERROR] Engine:466 - C:\Users\msi1\.stm32cubemx\thirdparties\pdsc\STMicroelectronics.X-CUBE-ST60.1.0.0.pdsc: PDSC version is not supported
2025-06-14 11:17:02,226 [WARN] PackLoader:240 - Cannot read IP mode file for STMicroelectronics.X-CUBE-TOUCHGFX.4.23.0
2025-06-14 11:17:02,238 [WARN] PackLoader:240 - Cannot read IP mode file for STMicroelectronics.X-CUBE-TOUCHGFX.4.23.2
2025-06-14 11:17:02,289 [WARN] PackLoader:240 - Cannot read IP mode file for STMicroelectronics.X-CUBE-AZRTOS-F7.1.1.0
2025-06-14 11:17:02,307 [ERROR] RealEvaluatedCondition:428 - Found unsupported composite condition: CLASS='Data Exchange' GROUP='STM32_MetaDataManager'
2025-06-14 11:17:02,307 [ERROR] RealEvaluatedCondition:428 - Found unsupported composite condition: CLASS='Data Exchange' GROUP='STM32_MetaDataManager'
2025-06-14 11:17:02,308 [WARN] PackLoader:240 - Cannot read IP mode file for STMicroelectronics.FP-SNS-MOTENV1.4.3.0
2025-06-14 11:17:02,325 [WARN] PackLoader:240 - Cannot read IP mode file for STMicroelectronics.FP-SNS-MOTENV1.4.3.2
2025-06-14 11:17:02,342 [WARN] PackLoader:240 - Cannot read IP mode file for STMicroelectronics.FP-SNS-FLIGHT1.5.0.0
2025-06-14 11:17:02,358 [WARN] PackLoader:240 - Cannot read IP mode file for STMicroelectronics.X-CUBE-BLE1.6.2.4
2025-06-14 11:17:02,370 [WARN] PackLoader:240 - Cannot read IP mode file for STMicroelectronics.FP-SNS-FLIGHT1.5.0.2
2025-06-14 11:17:02,387 [ERROR] Engine:466 - C:\Users\msi1\.stm32cubemx\thirdparties\pdsc\Infineon.AIROC-Wi-Fi-Bluetooth-STM32.1.7.0.pdsc: PDSC version is not supported
2025-06-14 11:17:02,402 [WARN] PackLoader:240 - Cannot read IP mode file for STMicroelectronics.X-CUBE-DISPLAY.3.0.0
2025-06-14 11:17:02,418 [WARN] PackLoader:240 - Cannot read IP mode file for STMicroelectronics.X-CUBE-BLE1.7.0.0
2025-06-14 11:17:02,432 [WARN] PackLoader:240 - Cannot read IP mode file for STMicroelectronics.X-CUBE-NFC10.1.0.0
2025-06-14 11:17:02,444 [ERROR] Engine:466 - C:\Users\msi1\.stm32cubemx\thirdparties\pdsc\STMicroelectronics.X-CUBE-BLEMGR.4.0.0.pdsc: PDSC version is not supported
2025-06-14 11:17:02,458 [WARN] PackLoader:240 - Cannot read IP mode file for emotas.I-CUBE-CANOPEN.1.3.0
2025-06-14 11:17:02,473 [WARN] PackLoader:240 - Cannot read IP mode file for STMicroelectronics.X-CUBE-TOUCHGFX.4.22.0
2025-06-14 11:17:02,486 [WARN] PackLoader:240 - Cannot read IP mode file for STMicroelectronics.X-CUBE-TOUCHGFX.4.22.1
2025-06-14 11:17:02,503 [WARN] PackLoader:240 - Cannot read IP mode file for STMicroelectronics.X-CUBE-BLEMGR.3.1.0
2025-06-14 11:17:02,518 [WARN] PackLoader:240 - Cannot read IP mode file for STMicroelectronics.X-CUBE-AI.10.0.0
2025-06-14 11:17:02,532 [WARN] PackLoader:240 - Cannot read IP mode file for STMicroelectronics.FP-SNS-SMARTAG2.1.2.0
2025-06-14 11:17:02,542 [ERROR] Engine:466 - C:\Users\msi1\.stm32cubemx\thirdparties\pdsc\STMicroelectronics.FP-SNS-FLIGHT1.5.1.0.pdsc: PDSC version is not supported
2025-06-14 11:17:02,600 [WARN] PackLoader:240 - Cannot read IP mode file for STMicroelectronics.X-CUBE-MEMS1.11.1.0
2025-06-14 11:17:02,749 [INFO] LogOutputStream:77 - [STDOUT_REDIRECT] 1 : Invalid condition id : UX_CORESTACK_Condition cause : null
2025-06-14 11:17:02,749 [INFO] LogOutputStream:77 - [STDOUT_REDIRECT] 1 : Invalid condition id : UX_CORESTACK_Condition cause : null
2025-06-14 11:17:02,750 [INFO] LogOutputStream:77 - [STDOUT_REDIRECT] 1 : Invalid condition id : UX_CORESTACK_Condition cause : null
2025-06-14 11:17:02,751 [INFO] LogOutputStream:77 - [STDOUT_REDIRECT] 1 : Invalid condition id : UX_CORESTACK_Condition cause : null
2025-06-14 11:17:02,752 [INFO] LogOutputStream:77 - [STDOUT_REDIRECT] 1 : Invalid condition id : UX_CORESTACK_Condition cause : null
2025-06-14 11:17:02,755 [WARN] PackLoader:240 - Cannot read IP mode file for STMicroelectronics.X-CUBE-AZRTOS-WL.2.0.0
2025-06-14 11:17:02,772 [WARN] PackLoader:240 - Cannot read IP mode file for STMicroelectronics.FP-SNS-MOTENV1.5.0.0
2025-06-14 11:17:02,788 [WARN] PackLoader:240 - Cannot read IP mode file for wolfSSL.I-CUBE-wolfMQTT.1.19.0
2025-06-14 11:17:02,806 [WARN] PackLoader:240 - Cannot read IP mode file for WES.I-CUBE-Cesium.1.3.0
2025-06-14 11:17:02,823 [WARN] PackLoader:240 - Cannot read IP mode file for STMicroelectronics.X-CUBE-BLE2.3.3.0
2025-06-14 11:17:02,839 [WARN] PackLoader:240 - Cannot read IP mode file for STMicroelectronics.X-CUBE-NFC9.1.0.0
2025-06-14 11:17:02,855 [WARN] PackLoader:240 - Cannot read IP mode file for STMicroelectronics.X-CUBE-BLE1.7.1.0
2025-06-14 11:17:02,872 [WARN] PackLoader:240 - Cannot read IP mode file for STMicroelectronics.X-CUBE-TCPP.4.1.0
2025-06-14 11:17:02,888 [WARN] PackLoader:240 - Cannot read IP mode file for STMicroelectronics.X-CUBE-TOUCHGFX.4.21.4
2025-06-14 11:17:02,902 [WARN] PackLoader:240 - Cannot read IP mode file for STMicroelectronics.X-CUBE-AI.10.1.0
2025-06-14 11:17:02,918 [WARN] PackLoader:240 - Cannot read IP mode file for STMicroelectronics.X-CUBE-ALGOBUILD.1.3.0
2025-06-14 11:17:02,966 [WARN] PackLoader:240 - Cannot read IP mode file for STMicroelectronics.X-CUBE-MEMS1.11.2.0
2025-06-14 11:17:03,116 [WARN] PackLoader:240 - Cannot read IP mode file for STMicroelectronics.X-CUBE-AZRTOS-G0.1.1.0
2025-06-14 11:17:03,134 [WARN] PackLoader:240 - Cannot read IP mode file for STMicroelectronics.X-CUBE-SAFEA1.1.2.2
2025-06-14 11:17:03,150 [WARN] PackLoader:240 - Cannot read IP mode file for STMicroelectronics.X-CUBE-NFC4.3.0.0
2025-06-14 11:17:03,164 [WARN] PackLoader:240 - Cannot read IP mode file for wolfSSL.I-CUBE-wolfMQTT.1.18.0
2025-06-14 11:17:03,177 [ERROR] Engine:466 - C:\Users\msi1\.stm32cubemx\thirdparties\pdsc\EmbeddedOffice.I-CUBE-FS-RTOS.1.0.1.pdsc: PDSC version is not supported
2025-06-14 11:17:03,192 [WARN] PackLoader:240 - Cannot read IP mode file for STMicroelectronics.X-CUBE-WB05N.2.0.0
2025-06-14 11:17:03,210 [WARN] PackLoader:240 - Cannot read IP mode file for STMicroelectronics.X-CUBE-BLEMGR.3.0.0
2025-06-14 11:17:03,225 [ERROR] Engine:466 - C:\Users\msi1\.stm32cubemx\thirdparties\pdsc\STMicroelectronics.X-CUBE-TCPP.4.2.0.pdsc: PDSC version is not supported
2025-06-14 11:17:03,239 [ERROR] Engine:466 - C:\Users\msi1\.stm32cubemx\thirdparties\pdsc\RealThread.X-CUBE-RT-Thread_Nano.4.1.1.pdsc: PDSC version is not supported
2025-06-14 11:17:03,254 [WARN] PackLoader:240 - Cannot read IP mode file for STMicroelectronics.FP-ATR-SIGFOX1.3.2.0
2025-06-14 11:17:03,266 [ERROR] Engine:466 - C:\Users\msi1\.stm32cubemx\thirdparties\pdsc\quantropi.X-CUBE-qispace-sdk-base.1.9.3.pdsc: PDSC version is not supported
2025-06-14 11:17:03,287 [WARN] PackLoader:240 - Cannot read IP mode file for STMicroelectronics.X-CUBE-EEPRMA1.5.1.0
2025-06-14 11:17:03,301 [WARN] PackLoader:240 - Cannot read IP mode file for wolfSSL.I-CUBE-wolfSSL.5.7.6
2025-06-14 11:17:03,317 [WARN] PackLoader:240 - Cannot read IP mode file for ITTIA_DB.I-CUBE-ITTIADB.8.9.0
2025-06-14 11:17:03,334 [ERROR] Engine:466 - C:\Users\msi1\.stm32cubemx\thirdparties\pdsc\STMicroelectronics.X-CUBE-ST67W61.1.0.0.pdsc: PDSC version is not supported
2025-06-14 11:17:03,371 [WARN] PackLoader:240 - Cannot read IP mode file for SEGGER.I-CUBE-embOS.1.3.1
2025-06-14 11:17:03,407 [WARN] PackLoader:240 - Cannot read IP mode file for STMicroelectronics.X-CUBE-ALGOBUILD.1.4.0
2025-06-14 11:17:03,452 [WARN] PackLoader:240 - Cannot read IP mode file for STMicroelectronics.X-CUBE-MEMS1.11.3.0
2025-06-14 11:17:03,557 [WARN] PackLoader:240 - Cannot read IP mode file for STMicroelectronics.X-CUBE-AI.9.1.0
2025-06-14 11:17:03,575 [WARN] PackLoader:240 - Cannot read IP mode file for STMicroelectronics.X-CUBE-GNSS1.6.0.0
2025-06-14 11:17:03,619 [WARN] PackLoader:240 - Cannot read IP mode file for STMicroelectronics.X-CUBE-AZRTOS-F4.1.1.0
2025-06-14 11:17:03,637 [ERROR] Engine:466 - C:\Users\msi1\.stm32cubemx\thirdparties\pdsc\Avnet-IotConnect.X-CUBE-IoTC-DA16k-PMOD.1.0.0.pdsc: PDSC version is not supported
2025-06-14 11:17:03,651 [WARN] PackLoader:240 - Cannot read IP mode file for wolfSSL.I-CUBE-wolfSSL.5.6.0
2025-06-14 11:17:03,666 [WARN] PackLoader:240 - Cannot read IP mode file for STMicroelectronics.X-CUBE-ISPU.2.1.0
2025-06-14 11:17:03,683 [WARN] PackLoader:240 - Cannot read IP mode file for STMicroelectronics.X-CUBE-FREERTOS.1.2.0
2025-06-14 11:17:03,714 [WARN] PackLoader:240 - Cannot read IP mode file for STMicroelectronics.X-CUBE-AZRTOS-L5.2.0.0
2025-06-14 11:17:03,757 [WARN] PackLoader:240 - Cannot read IP mode file for STMicroelectronics.X-CUBE-MEMS1.9.6.0
2025-06-14 11:17:03,859 [WARN] PackLoader:240 - Cannot read IP mode file for STMicroelectronics.X-CUBE-EEPRMA1.4.2.0
2025-06-14 11:17:03,876 [WARN] PackLoader:240 - Cannot read IP mode file for STMicroelectronics.X-CUBE-NFC6.3.1.0
2025-06-14 11:17:03,892 [WARN] PackLoader:240 - Cannot read IP mode file for ITTIA_DB.I-CUBE-ITTIADB.8.8.0
2025-06-14 11:17:03,908 [WARN] PackLoader:240 - Cannot read IP mode file for emotas.I-CUBE-CANOPEN.1.1.3
2025-06-14 11:17:03,923 [WARN] PackLoader:240 - Cannot read IP mode file for STMicroelectronics.X-CUBE-BLEMGR.2.0.0
2025-06-14 11:17:03,939 [ERROR] Engine:466 - C:\Users\msi1\.stm32cubemx\thirdparties\pdsc\STMicroelectronics.X-CUBE-DPower.1.2.0.pdsc: PDSC version is not supported
2025-06-14 11:17:03,954 [WARN] PackLoader:240 - Cannot read IP mode file for STMicroelectronics.X-CUBE-AI.9.0.0
2025-06-14 11:17:03,983 [WARN] ConditionMgr:438 - getConditionDescription Invalid condition id : UX DEVICE CLASS RTOS Condition cause : null
2025-06-14 11:17:03,983 [WARN] ConditionMgr:438 - getConditionDescription Invalid condition id : UX DEVICE CLASS RTOS Condition cause : null
2025-06-14 11:17:03,985 [WARN] PackLoader:240 - Cannot read IP mode file for STMicroelectronics.X-CUBE-AZRTOS-H7.3.1.0
2025-06-14 11:17:03,986 [WARN] ConditionMgr:1039 - genDependencies : Invalid condition id : UX DEVICE CLASS RTOS Condition cause : null
2025-06-14 11:17:03,986 [WARN] ConditionMgr:1039 - genDependencies : Invalid condition id : UX DEVICE CLASS RTOS Condition cause : null
2025-06-14 11:17:03,987 [WARN] ConditionMgr:1039 - genDependencies : Invalid condition id : UX DEVICE CLASS RTOS Condition cause : null
2025-06-14 11:17:03,987 [WARN] ConditionMgr:1039 - genDependencies : Invalid condition id : UX DEVICE CLASS RTOS Condition cause : null
2025-06-14 11:17:03,987 [WARN] ConditionMgr:1039 - genDependencies : Invalid condition id : UX DEVICE CLASS RTOS Condition cause : null
2025-06-14 11:17:04,002 [WARN] PackLoader:240 - Cannot read IP mode file for STMicroelectronics.X-CUBE-FREERTOS.1.3.1
2025-06-14 11:17:04,017 [WARN] PackLoader:240 - Cannot read IP mode file for STMicroelectronics.X-CUBE-FREERTOS.1.3.0
2025-06-14 11:17:04,032 [WARN] PackLoader:240 - Cannot read IP mode file for STMicroelectronics.X-CUBE-NFC7.1.0.1
2025-06-14 11:17:04,046 [WARN] PackLoader:240 - Cannot read IP mode file for STMicroelectronics.X-CUBE-NFC7.1.0.0
2025-06-14 11:17:04,061 [WARN] PackLoader:240 - Cannot read IP mode file for wolfSSL.I-CUBE-wolfTPM.3.2.0
2025-06-14 11:17:04,078 [WARN] PackLoader:240 - Cannot read IP mode file for STMicroelectronics.X-CUBE-NFC6.3.0.0
2025-06-14 11:17:04,095 [WARN] PackLoader:240 - Cannot read IP mode file for STMicroelectronics.X-CUBE-EEPRMA1.4.1.0
2025-06-14 11:17:04,108 [ERROR] Engine:466 - C:\Users\msi1\.stm32cubemx\thirdparties\pdsc\STMicroelectronics.X-CUBE-DPower.1.3.0.pdsc: PDSC version is not supported
2025-06-14 11:17:04,122 [WARN] PackLoader:240 - Cannot read IP mode file for STMicroelectronics.X-CUBE-AI.8.1.0
2025-06-14 11:17:04,157 [WARN] ConditionMgr:438 - getConditionDescription Invalid condition id : LAN8742 Phy interface Condition cause : null
2025-06-14 11:17:04,157 [WARN] PackLoader:240 - Cannot read IP mode file for STMicroelectronics.X-CUBE-AZRTOS-L4.2.0.0
2025-06-14 11:17:04,158 [WARN] ConditionMgr:1039 - genDependencies : Invalid condition id : LAN8742 Phy interface Condition cause : null
2025-06-14 11:17:04,158 [WARN] ConditionMgr:1039 - genDependencies : Invalid condition id : LAN8742 Phy interface Condition cause : null
2025-06-14 11:17:04,159 [WARN] ConditionMgr:1039 - genDependencies : Invalid condition id : LAN8742 Phy interface Condition cause : null
2025-06-14 11:17:04,178 [WARN] PackLoader:240 - Cannot read IP mode file for STMicroelectronics.X-CUBE-SFXS2LP1.4.0.0
2025-06-14 11:17:04,193 [WARN] PackLoader:240 - Cannot read IP mode file for STMicroelectronics.X-CUBE-ISPU.1.1.0
2025-06-14 11:17:04,223 [WARN] PackLoader:240 - Cannot read IP mode file for STMicroelectronics.X-CUBE-AZRTOS-H7.3.3.0
2025-06-14 11:17:04,241 [ERROR] Engine:466 - C:\Users\msi1\.stm32cubemx\thirdparties\pdsc\STMicroelectronics.X-CUBE-IPS.3.0.0.pdsc: PDSC version is not supported
2025-06-14 11:17:04,265 [WARN] ConditionMgr:438 - getConditionDescription Invalid condition id : UX DEVICE CLASS RTOS Condition cause : null
2025-06-14 11:17:04,265 [WARN] ConditionMgr:438 - getConditionDescription Invalid condition id : UX DEVICE CLASS RTOS Condition cause : null
2025-06-14 11:17:04,267 [WARN] PackLoader:240 - Cannot read IP mode file for STMicroelectronics.X-CUBE-AZRTOS-WB.2.0.0
2025-06-14 11:17:04,267 [WARN] ConditionMgr:1039 - genDependencies : Invalid condition id : UX DEVICE CLASS RTOS Condition cause : null
2025-06-14 11:17:04,268 [WARN] ConditionMgr:1039 - genDependencies : Invalid condition id : UX DEVICE CLASS RTOS Condition cause : null
2025-06-14 11:17:04,268 [WARN] ConditionMgr:1039 - genDependencies : Invalid condition id : UX DEVICE CLASS RTOS Condition cause : null
2025-06-14 11:17:04,268 [WARN] ConditionMgr:1039 - genDependencies : Invalid condition id : UX DEVICE CLASS RTOS Condition cause : null
2025-06-14 11:17:04,268 [WARN] ConditionMgr:1039 - genDependencies : Invalid condition id : UX DEVICE CLASS RTOS Condition cause : null
2025-06-14 11:17:04,283 [WARN] PackLoader:240 - Cannot read IP mode file for STMicroelectronics.X-CUBE-FREERTOS.1.0.1
2025-06-14 11:17:04,298 [WARN] PackLoader:240 - Cannot read IP mode file for STMicroelectronics.X-CUBE-GNSS1.7.0.1
2025-06-14 11:17:04,312 [WARN] PackLoader:240 - Cannot read IP mode file for STMicroelectronics.X-CUBE-TOUCHGFX.4.25.0
2025-06-14 11:17:04,325 [ERROR] Engine:466 - C:\Users\msi1\.stm32cubemx\thirdparties\pdsc\STMicroelectronics.FP-SNS-STBOX1.2.0.0.pdsc: PDSC version is not supported
2025-06-14 11:17:04,355 [WARN] PackLoader:240 - Cannot read IP mode file for STMicroelectronics.X-CUBE-AZRTOS-L5.1.1.0
2025-06-14 11:17:04,368 [WARN] PackLoader:240 - Cannot read IP mode file for STMicroelectronics.X-CUBE-AI.8.0.1
2025-06-14 11:17:04,385 [WARN] PackLoader:240 - Cannot read IP mode file for STMicroelectronics.X-CUBE-SUBG2.5.0.0
2025-06-14 11:17:04,411 [WARN] PackLoader:240 - Cannot read IP mode file for STMicroelectronics.X-CUBE-AZRTOS-H7RS.1.1.0
2025-06-14 11:17:04,423 [WARN] PackLoader:240 - Cannot read IP mode file for Cesanta.I-CUBE-Mongoose.7.13.0
2025-06-14 11:17:04,439 [WARN] PackLoader:240 - Cannot read IP mode file for STMicroelectronics.X-CUBE-TOF1.3.3.1
2025-06-14 11:17:04,467 [WARN] PackLoader:240 - Cannot read IP mode file for STMicroelectronics.X-CUBE-AZRTOS-G4.2.0.0
2025-06-14 11:17:04,486 [WARN] PackLoader:240 - Cannot read IP mode file for STMicroelectronics.X-CUBE-TOF1.3.3.0
2025-06-14 11:17:04,521 [WARN] PackLoader:240 - Cannot read IP mode file for Infineon.AIROC-Wi-Fi-Bluetooth-STM32.1.5.1
2025-06-14 11:17:04,535 [WARN] PackLoader:240 - Cannot read IP mode file for STMicroelectronics.FP-SNS-MOTENVWB1.1.3.0
2025-06-14 11:17:04,552 [WARN] PackLoader:240 - Cannot read IP mode file for STMicroelectronics.X-CUBE-NFC7.2.0.0
2025-06-14 11:17:04,566 [WARN] PackLoader:240 - Cannot read IP mode file for STMicroelectronics.FP-SNS-MOTENVWB1.1.3.1
2025-06-14 11:17:04,598 [WARN] PackLoader:240 - Cannot read IP mode file for STMicroelectronics.X-CUBE-AZRTOS-L4.1.0.0
2025-06-14 11:17:04,613 [WARN] PackLoader:240 - Cannot read IP mode file for STMicroelectronics.X-CUBE-ISPU.2.0.0
2025-06-14 11:17:04,630 [ERROR] Engine:466 - C:\Users\msi1\.stm32cubemx\thirdparties\pdsc\STMicroelectronics.X-CUBE-IPS.3.1.0.pdsc: PDSC version is not supported
2025-06-14 11:17:04,644 [WARN] PackLoader:240 - Cannot read IP mode file for STMicroelectronics.X-CUBE-ALS.1.0.2
2025-06-14 11:17:04,678 [WARN] PackLoader:240 - Cannot read IP mode file for STMicroelectronics.X-CUBE-MEMS1.10.0.0
2025-06-14 11:17:04,777 [WARN] PackLoader:240 - Cannot read IP mode file for STMicroelectronics.X-CUBE-FREERTOS.1.1.0
2025-06-14 11:17:04,796 [WARN] PackLoader:240 - Cannot read IP mode file for STMicroelectronics.X-CUBE-TOUCHGFX.4.24.0
2025-06-14 11:17:04,821 [WARN] PackLoader:240 - Cannot read IP mode file for STMicroelectronics.X-CUBE-TOUCHGFX.4.24.2
2025-06-14 11:17:04,848 [WARN] PackLoader:240 - Cannot read IP mode file for STMicroelectronics.X-CUBE-AZRTOS-WL.1.0.0
2025-06-14 11:17:04,862 [WARN] PackLoader:240 - Cannot read IP mode file for STMicroelectronics.X-CUBE-TOUCHGFX.4.24.1
2025-06-14 11:17:04,874 [WARN] PackLoader:240 - Cannot read IP mode file for wolfSSL.I-CUBE-wolfTPM.3.4.0
2025-06-14 11:17:04,890 [WARN] PackLoader:240 - Cannot read IP mode file for portGmbH.I-Cube-SoM-uGOAL.1.1.0
2025-06-14 11:17:04,904 [WARN] PackLoader:240 - Cannot read IP mode file for STMicroelectronics.X-CUBE-ALS.1.0.1
2025-06-14 11:17:04,928 [WARN] PackLoader:240 - Cannot read IP mode file for STMicroelectronics.X-CUBE-AZRTOS-WB.1.1.0
2025-06-14 11:17:04,957 [WARN] PackLoader:240 - Cannot read IP mode file for STMicroelectronics.X-CUBE-AZRTOS-H7RS.1.0.0
2025-06-14 11:17:04,973 [WARN] PackLoader:240 - Cannot read IP mode file for STMicroelectronics.FP-ATR-ASTRA1.2.0.0
2025-06-14 11:17:04,991 [ERROR] Engine:466 - C:\Users\msi1\.stm32cubemx\thirdparties\pdsc\STMicroelectronics.X-CUBE-TOF1.3.4.2.pdsc: PDSC version is not supported
2025-06-14 11:17:05,008 [ERROR] Engine:466 - C:\Users\msi1\.stm32cubemx\thirdparties\pdsc\STMicroelectronics.X-CUBE-TOF1.3.4.3.pdsc: PDSC version is not supported
2025-06-14 11:17:05,028 [WARN] PackLoader:240 - Cannot read IP mode file for STMicroelectronics.X-CUBE-TOF1.3.4.0
2025-06-14 11:17:05,054 [WARN] PackLoader:240 - Cannot read IP mode file for STMicroelectronics.X-CUBE-TOF1.3.4.1
2025-06-14 11:17:05,096 [WARN] PackLoader:240 - Cannot read IP mode file for STMicroelectronics.X-CUBE-AZRTOS-H7.3.2.0
2025-06-14 11:17:05,116 [WARN] PackLoader:240 - Cannot read IP mode file for wolfSSL.I-CUBE-wolfSSH.1.4.17
2025-06-14 11:17:05,117 [INFO] ThirdParty:978 - Integrity check success = true
2025-06-14 11:17:05,117 [INFO] IntegrityCheckThread:100 - exiting critical section [integrity check]
2025-06-14 11:17:05,117 [INFO] IntegrityCheckThread:103 - End integrity checks thread
2025-06-14 11:17:05,117 [INFO] ThirdParty:873 - entering critical section [close project]
2025-06-14 11:17:05,118 [INFO] ThirdParty:883 - exiting critical section [close project]
2025-06-14 11:17:05,120 [INFO] PinOutPanel:1499 - setPackage(No Configuration,No Configuration)
2025-06-14 11:17:05,125 [INFO] UtilMem:75 - Begin LoadConfig() Used Memory: 146027376 Bytes (293601280)
2025-06-14 11:17:05,126 [INFO] MicroXplorer:468 - Change Database Path : 
2025-06-14 11:17:05,126 [INFO] MicroXplorer:498 - Change Database Version : DB.6.0.90
2025-06-14 11:17:05,126 [INFO] OpenFileManager:308 - Change cursor
2025-06-14 11:17:05,168 [INFO] Mcu:1946 - Initializing MCU STM32F303V(B-C)Tx STM32F303VCTx STM32F303VCT6
2025-06-14 11:17:07,056 [INFO] Context:659 - Trying to add GPIOservice into a context  which must be forbidden
2025-06-14 11:17:07,733 [INFO] RtosManager:555 - Registered RTOS mode: class=CMSIS, group=RTOS, mode=CMSIS_V1, owner=FREERTOS
2025-06-14 11:17:07,733 [INFO] RtosManager:555 - Registered RTOS mode: class=CMSIS, group=RTOS2, mode=CMSIS_V2, owner=FREERTOS
2025-06-14 11:17:07,733 [INFO] RtosManager:555 - Registered RTOS mode: class=RTOS, group=Core, mode=CMSIS_V1, owner=FREERTOS
2025-06-14 11:17:07,733 [INFO] RtosManager:555 - Registered RTOS mode: class=RTOS, group=Core, mode=CMSIS_V2, owner=FREERTOS
2025-06-14 11:17:07,733 [WARN] ModelIntegratedComponent:184 - Missing modes for component STMicroelectronics:FreeRTOS:0.0.1:STMicroelectronics:RTOS:FreeRTOS:Core:::10.2.0:
2025-06-14 11:17:07,737 [WARN] ModelIntegratedComponent:63 - No mode defined for component null
2025-06-14 11:17:07,737 [WARN] ModelIntegratedComponent:63 - No mode defined for component null
2025-06-14 11:17:07,737 [WARN] ModelIntegratedComponent:63 - No mode defined for component null
2025-06-14 11:17:07,738 [WARN] ModelIntegratedComponent:63 - No mode defined for component null
2025-06-14 11:17:07,738 [WARN] ModelIntegratedComponent:63 - No mode defined for component null
2025-06-14 11:17:07,738 [WARN] ModelIntegratedComponent:63 - No mode defined for component null
2025-06-14 11:17:07,738 [WARN] ModelIntegratedComponent:63 - No mode defined for component null
2025-06-14 11:17:07,738 [WARN] ModelIntegratedComponent:63 - No mode defined for component null
2025-06-14 11:17:07,738 [WARN] ModelIntegratedComponent:63 - No mode defined for component null
2025-06-14 11:17:07,738 [WARN] ModelIntegratedComponent:63 - No mode defined for component null
2025-06-14 11:17:07,738 [WARN] ModelIntegratedComponent:63 - No mode defined for component null
2025-06-14 11:17:07,738 [WARN] ModelIntegratedComponent:63 - No mode defined for component null
2025-06-14 11:17:07,738 [WARN] ModelIntegratedComponent:63 - No mode defined for component null
2025-06-14 11:17:07,738 [WARN] ModelIntegratedComponent:63 - No mode defined for component null
2025-06-14 11:17:07,738 [WARN] ModelIntegratedComponent:63 - No mode defined for component null
2025-06-14 11:17:07,738 [WARN] ModelIntegratedComponent:63 - No mode defined for component null
2025-06-14 11:17:07,738 [WARN] ModelIntegratedComponent:63 - No mode defined for component null
2025-06-14 11:17:07,738 [WARN] ModelIntegratedComponent:63 - No mode defined for component null
2025-06-14 11:17:07,738 [WARN] ModelIntegratedComponent:63 - No mode defined for component null
2025-06-14 11:17:07,738 [WARN] ModelIntegratedComponent:63 - No mode defined for component null
2025-06-14 11:17:07,739 [WARN] ModelIntegratedComponent:63 - No mode defined for component null
2025-06-14 11:17:07,739 [WARN] ModelIntegratedComponent:63 - No mode defined for component null
2025-06-14 11:17:07,739 [WARN] ModelIntegratedComponent:63 - No mode defined for component null
2025-06-14 11:17:07,739 [WARN] ModelIntegratedComponent:63 - No mode defined for component null
2025-06-14 11:17:07,739 [WARN] ModelIntegratedComponent:63 - No mode defined for component null
2025-06-14 11:17:07,739 [WARN] ModelIntegratedComponent:63 - No mode defined for component null
2025-06-14 11:17:07,739 [WARN] ModelIntegratedComponent:63 - No mode defined for component null
2025-06-14 11:17:07,739 [WARN] ModelIntegratedComponent:63 - No mode defined for component null
2025-06-14 11:17:07,739 [WARN] ModelIntegratedComponent:63 - No mode defined for component null
2025-06-14 11:17:07,739 [WARN] ModelIntegratedComponent:63 - No mode defined for component null
2025-06-14 11:17:07,739 [WARN] ModelIntegratedComponent:63 - No mode defined for component null
2025-06-14 11:17:07,739 [WARN] ModelIntegratedComponent:63 - No mode defined for component null
2025-06-14 11:17:07,740 [WARN] ModelIntegratedComponent:63 - No mode defined for component null
2025-06-14 11:17:08,026 [INFO] ThirdPartyModel:298 - Start build external matchings
2025-06-14 11:17:11,147 [INFO] ThirdPartyModel:316 - End build external matchings
2025-06-14 11:17:11,198 [INFO] ImportTextPane:194 - (OptionalMessage_ERROR) IP (RCC) : Invalid parameter (FamilyName)
2025-06-14 11:17:11,199 [INFO] ImportTextPane:194 - (OptionalMessage_ERROR) IP (RCC) : Invalid parameter (TIM2Freq_Value)
2025-06-14 11:17:11,554 [INFO] UtilMem:75 - End LoadConfig() Used Memory: 402082960 Bytes (566231040)
2025-06-14 11:17:11,728 [INFO] ApiDb:581 - Connected to CubeFinder SQLite database (C:\Users\msi1\.stmcufinder\plugins\mcufinder\mcu\cube-finder-db.db)
2025-06-14 11:17:11,827 [INFO] ApiDb:668 - CubeFinder database Data Model version=2.1
2025-06-14 11:17:11,827 [INFO] ApiDb:669 - CubeFinder database Configuration version=3.0.39
2025-06-14 11:17:11,828 [INFO] ApiDb:670 - CubeFinder database generation date=2025-04-23 (1745419778)
2025-06-14 11:17:11,828 [INFO] ApiDb:671 - CubeFinder database FW Pack versions=[FP-ATR-ASTRA1_V2.0.0, FP-SNS-FLIGHT1_V5.1.0, FP-SNS-MOTENV1_V5.0.0, FP-SNS-MOTENVWB1_V1.4.0, FP-SNS-SMARTAG2_V1.2.0, FP-SNS-STBOX1_V2.0.0, STM32Cube_FW_C0_V1.4.0, STM32Cube_FW_F4_V1.28.1, STM32Cube_FW_F7_V1.17.2, STM32Cube_FW_G0_V1.6.2, STM32Cube_FW_G4_V1.6.1, STM32Cube_FW_H5_V1.5.0, STM32Cube_FW_H7RS_V1.2.0, STM32Cube_FW_H7_V1.12.1, STM32Cube_FW_L0_V1.12.2, STM32Cube_FW_L4_V1.18.1, STM32Cube_FW_L5_V1.5.1, STM32Cube_FW_N6_V1.1.1, STM32Cube_FW_U0_V1.2.0, STM32Cube_FW_U3_V1.1.0, STM32Cube_FW_U5_V1.7.0, STM32Cube_FW_WB0_V1.2.0, STM32Cube_FW_WBA_V1.6.0, STM32Cube_FW_WB_V1.22.0, STM32Cube_FW_WL3_V1.1.0, STM32Cube_FW_WL_V1.3.1, X-CUBE-ALGOBUILD_V1.4.0, X-CUBE-ALS_V1.0.2, X-CUBE-AZRTOS-F4_V1.1.0, X-CUBE-AZRTOS-F7_V1.1.0, X-CUBE-AZRTOS-G0_V1.1.0, X-CUBE-AZRTOS-G4_V2.0.0, X-CUBE-AZRTOS-H7RS_V1.1.0, X-CUBE-AZRTOS-H7_V3.3.0, X-CUBE-AZRTOS-L4_V2.0.0, X-CUBE-AZRTOS-L5_V2.0.0, X-CUBE-AZRTOS-WB_V2.0.0, X-CUBE-AZRTOS-WL_V2.0.0, X-CUBE-BLE1_V7.1.0, X-CUBE-BLE2_V3.3.0, X-CUBE-BLEMGR_V4.0.0, X-CUBE-EEPRMA1_V5.1.0, X-CUBE-FREERTOS_V1.3.0, X-CUBE-GNSS1_V6.0.0, X-CUBE-MEMS1_V11.2.0, X-CUBE-NFC4_V3.0.0, X-CUBE-NFC7_V1.0.1, X-CUBE-SFXS2LP1_V4.0.0, X-CUBE-SUBG2_V5.0.0, X-CUBE-TOF1_V3.4.3]
2025-06-14 11:17:14,714 [INFO] ApiDb:240 - Found 323 in-development CPN: [B-G473E-ZEST1S, B-WB1M-WPAN1, B-WL5M-SUBG1, NUCLEO-C031C6, NUCLEO-H503RB, NUCLEO-H563ZI, NUCLEO-U545RE-Q, NUCLEO-U5A5ZJ-Q, NUCLEO-WBA52CG, STEVAL-PROTEUS1, STEVAL-SMARTAG2, STEVAL-STWINBX1, STM320518-EVAL, STM32C0116-DK, STM32C011D6Y3TR, STM32C011D6Y6TR, STM32C011F4P3, STM32C011F4P6, STM32C011F4U3, STM32C011F4U6TR, STM32C011F6P3, STM32C011F6P6, STM32C011F6U3, STM32C011F6U6TR, STM32C011J4M3, STM32C011J4M6, STM32C011J6M3, STM32C011J6M6, STM32C0316-DK, STM32C031C4T3, STM32C031C4T6, STM32C031C4U3, STM32C031C4U6, STM32C031C6T3, STM32C031C6T6, STM32C031C6U3, STM32C031C6U6, STM32C031F4P3, STM32C031F4P6, STM32C031F6P3, STM32C031F6P6, STM32C031G4U3, STM32C031G4U6, STM32C031G6U3, STM32C031G6U6, STM32C031K4T3, STM32C031K4T6, STM32C031K4U3, STM32C031K4U6, STM32C031K6T3, STM32C031K6T6, STM32C031K6U3, STM32C031K6U6, STM32G071K8TXN, STM32G071K8UXN, STM32G081GBU6N, STM32G081KBT6N, STM32G081KBUXN, STM32G0B1CCT6N, STM32G0B1KCT6, STM32G0B1NEY6TR, STM32G0B1RCT6N, STM32G0C1CCT6, STM32G0C1CCT6N, STM32G0C1CCU6N, STM32G0C1CET6N, STM32G0C1CEU6N, STM32G0C1KCT6, STM32G0C1NEY6TR, STM32G0C1RCI6N, STM32G0C1RCT6N, STM32G0C1REI6N, STM32G0C1RET6N, STM32G0C1VCI6, STM32G0C1VEI6, STM32G471CCT6, STM32G471CCU6, STM32G471CET3, STM32G471CET6, STM32G471CEU3, STM32G471CEU6, STM32G471MCT6, STM32G471MET3, STM32G471MET6, STM32G471MEY6TR, STM32G471QCT6, STM32G471QET3, STM32G471RCT6, STM32G471RET3, STM32G471RET6, STM32G471VCH6, STM32G471VCI6, STM32G471VCT6, STM32G471VEH3, STM32G471VEH6, STM32G471VEI3, STM32G471VEI6, STM32G471VET3, STM32G471VET6, STM32G474CCT6, STM32H503CBT6, STM32H503CBU6, STM32H503EBY6TR, STM32H503KBU6, STM32H503RBT6, STM32H562AGI6, STM32H562AII6, STM32H562IGK6, STM32H562IGT6, STM32H562IIK6, STM32H562IIT6, STM32H562RGT6, STM32H562RGV6, STM32H562RIT6, STM32H562RIV6, STM32H562VGT6, STM32H562VIT6, STM32H562ZGT6, STM32H562ZIT6, STM32H563AGI6, STM32H563AII3Q, STM32H563AII6, STM32H563IGK6, STM32H563IGT6, STM32H563IIK3Q, STM32H563IIK6, STM32H563IIT3Q, STM32H563IIT6, STM32H563MIY3QTR, STM32H563RGT6, STM32H563RGV6, STM32H563RIT6, STM32H563RIV6, STM32H563VGT6, STM32H563VIT3Q, STM32H563VIT6, STM32H563ZGT6, STM32H563ZIT3Q, STM32H563ZIT6, STM32H573AII3Q, STM32H573AII6, STM32H573I-DK, STM32H573IIK3Q, STM32H573IIK6, STM32H573IIT3Q, STM32H573IIT6, STM32H573MIY3QTR, STM32H573RIT6, STM32H573RIV6, STM32H573VIT3Q, STM32H573VIT6, STM32H573ZIT3Q, STM32H573ZIT6, STM32L4R5QGI6STR, STM32MP131AAE3, STM32MP131AAF3, STM32MP131AAG3, STM32MP131CAE3, STM32MP131CAF3, STM32MP131CAG3, STM32MP131DAE7, STM32MP131DAF7, STM32MP131DAG7, STM32MP131FAE7, STM32MP131FAF7, STM32MP131FAG7, STM32MP133AAE3, STM32MP133AAF3, STM32MP133AAG3, STM32MP133CAE3, STM32MP133CAF3, STM32MP133CAG3, STM32MP133DAE7, STM32MP133DAF7, STM32MP133DAG7, STM32MP133FAE7, STM32MP133FAF7, STM32MP133FAG7, STM32MP135AAE3, STM32MP135AAF3, STM32MP135AAG3, STM32MP135CAE3, STM32MP135CAF3, STM32MP135CAG3, STM32MP135DAE7, STM32MP135DAF7, STM32MP135DAG7, STM32MP135F-DK, STM32MP135FAE7, STM32MP135FAF7, STM32MP135FAF7T, STM32MP135FAF7U, STM32MP135FAG7, STM32U535CBT6, STM32U535CBT6Q, STM32U535CBU6, STM32U535CBU6Q, STM32U535CCT6, STM32U535CCT6Q, STM32U535CCU6, STM32U535CCU6Q, STM32U535CET6, STM32U535CET6Q, STM32U535CEU6, STM32U535CEU6Q, STM32U535JEY6QTR, STM32U535NCY6QTR, STM32U535NEY6QTR, STM32U535RBI6, STM32U535RBI6Q, STM32U535RBT6, STM32U535RBT6Q, STM32U535RCI6, STM32U535RCI6Q, STM32U535RCT6, STM32U535RCT6Q, STM32U535REI6, STM32U535REI6Q, STM32U535RET6, STM32U535RET6Q, STM32U535VCI6, STM32U535VCI6Q, STM32U535VCT6, STM32U535VCT6Q, STM32U535VEI6, STM32U535VEI6Q, STM32U535VET6, STM32U535VET6Q, STM32U545CET6, STM32U545CET6Q, STM32U545CEU6, STM32U545CEU6Q, STM32U545JEY6QTR, STM32U545NEY6QTR, STM32U545REI6, STM32U545REI6Q, STM32U545RET6, STM32U545RET6Q, STM32U545VEI6, STM32U545VEI6Q, STM32U545VET6, STM32U545VET6Q, STM32U595AIH6, STM32U595AIH6Q, STM32U595AJH6, STM32U595AJH6Q, STM32U595QII6, STM32U595QII6Q, STM32U595QJI6, STM32U595QJI6Q, STM32U595RIT6, STM32U595RIT6Q, STM32U595RJT6, STM32U595RJT6Q, STM32U595VIT6, STM32U595VIT6Q, STM32U595VJT6, STM32U595VJT6Q, STM32U595ZIT6, STM32U595ZIT6Q, STM32U595ZIY6QTR, STM32U595ZJT6, STM32U595ZJT6Q, STM32U595ZJY6QTR, STM32U599BJY6QTR, STM32U599NIH6Q, STM32U599NJH6Q, STM32U599VIT6Q, STM32U599VJT6, STM32U599VJT6Q, STM32U599ZIT6Q, STM32U599ZIY6QTR, STM32U599ZJT6Q, STM32U599ZJY6QTR, STM32U5A5AJH6, STM32U5A5AJH6Q, STM32U5A5QJI6, STM32U5A5QJI6Q, STM32U5A5RJT6, STM32U5A5RJT6Q, STM32U5A5VJT6, STM32U5A5VJT6Q, STM32U5A5ZJT6, STM32U5A5ZJT6Q, STM32U5A5ZJY6QTR, STM32U5A9BJY6QTR, STM32U5A9J-DK, STM32U5A9NJH6Q, STM32U5A9VJT6Q, STM32U5A9ZJT6Q, STM32U5A9ZJY6QTR, STM32U5F7VIT6, STM32U5F7VIT6Q, STM32U5F7VJT6, STM32U5F7VJT6Q, STM32U5F9BJY6QTR, STM32U5F9NJH6Q, STM32U5F9VIT6Q, STM32U5F9VJT6Q, STM32U5F9ZIJ6QTR, STM32U5F9ZIT6Q, STM32U5F9ZJJ6QTR, STM32U5F9ZJT6Q, STM32U5G7VJT6, STM32U5G7VJT6Q, STM32U5G9BJY6QTR, STM32U5G9J-DK1, STM32U5G9J-DK2, STM32U5G9NJH6Q, STM32U5G9VJT6Q, STM32U5G9ZJJ6QTR, STM32U5G9ZJT6Q, STM32WB1MMCH6, STM32WBA52CEU6, STM32WBA52CEU6T, STM32WBA52CGU6, STM32WBA52CGU6T, STM32WBA52KEU6, STM32WBA52KEU6T, STM32WBA52KGU6, STM32WBA52KGU6T, STM32WL5MOCH6, STM32WL5MOCH6TR]
2025-06-14 11:17:14,720 [INFO] DbMcus:217 - Found 4642 MCUs, 4642 are supported
2025-06-14 11:17:14,734 [INFO] ApiDb:423 - Load user favorites file C:\Users\msi1/.stm32cubeide/favorites.mcus.txt: 4 item(s)
2025-06-14 11:17:14,735 [INFO] ApiDb:427 - User favorites MCUs=[STM32F103CBT6, STM32F303VCT6, STM32F401CCU6, STM32F407VGT6]
2025-06-14 11:17:14,735 [INFO] DbMcus:223 - Set 4 / 4 favorites MCUs
2025-06-14 11:17:15,226 [WARN] ThirdParty:833 - waiting for thirdparty lock release [change project]
2025-06-14 11:17:15,226 [INFO] ThirdParty:835 - entering critical section [change project]
2025-06-14 11:17:15,226 [INFO] ThirdParty:1030 - CMSIS Pack Vendor :STMicroelectronics USBPD 4.1
2025-06-14 11:17:15,226 [INFO] ThirdParty:1030 - CMSIS Pack Vendor :STMicroelectronics X-CUBE-GNSS1 6.0.0
2025-06-14 11:17:15,226 [INFO] ThirdParty:1030 - CMSIS Pack Vendor :STMicroelectronics USB_HOST 2.0.0
2025-06-14 11:17:15,226 [INFO] ThirdParty:1030 - CMSIS Pack Vendor :STMicroelectronics FP-SNS-MOTENVWB1 1.4.0
2025-06-14 11:17:15,226 [INFO] ThirdParty:1030 - CMSIS Pack Vendor :STMicroelectronics X-CUBE-AZRTOS-F4 1.1.0
2025-06-14 11:17:15,226 [INFO] ThirdParty:1030 - CMSIS Pack Vendor :STMicroelectronics LIBJPEG 8.0.0
2025-06-14 11:17:15,226 [INFO] ThirdParty:1030 - CMSIS Pack Vendor :STMicroelectronics FP-ATR-ASTRA1 2.0.2
2025-06-14 11:17:15,226 [INFO] ThirdParty:1030 - CMSIS Pack Vendor :STMicroelectronics FP-ATR-ASTRA1 2.0.1
2025-06-14 11:17:15,226 [INFO] ThirdParty:1030 - CMSIS Pack Vendor :STMicroelectronics X-CUBE-SMBUS 2.1.0
2025-06-14 11:17:15,226 [INFO] ThirdParty:1030 - CMSIS Pack Vendor :STMicroelectronics X-CUBE-WB05N 1.1.0
2025-06-14 11:17:15,227 [INFO] ThirdParty:1030 - CMSIS Pack Vendor :wolfSSL I-CUBE-wolfSSL 5.6.0
2025-06-14 11:17:15,227 [INFO] ThirdParty:1030 - CMSIS Pack Vendor :STMicroelectronics X-CUBE-ISPU 2.1.0
2025-06-14 11:17:15,227 [INFO] ThirdParty:1030 - CMSIS Pack Vendor :STMicroelectronics X-CUBE-FREERTOS 1.2.0
2025-06-14 11:17:15,227 [INFO] ThirdParty:1030 - CMSIS Pack Vendor :STMicroelectronics X-CUBE-TOUCHGFX 4.23.0
2025-06-14 11:17:15,227 [INFO] ThirdParty:1030 - CMSIS Pack Vendor :STMicroelectronics X-CUBE-TOUCHGFX 4.23.2
2025-06-14 11:17:15,227 [INFO] ThirdParty:1030 - CMSIS Pack Vendor :STMicroelectronics X-CUBE-AZRTOS-F7 1.1.0
2025-06-14 11:17:15,227 [INFO] ThirdParty:1030 - CMSIS Pack Vendor :STMicroelectronics X-CUBE-AZRTOS-L5 2.0.0
2025-06-14 11:17:15,227 [INFO] ThirdParty:1030 - CMSIS Pack Vendor :STMicroelectronics USB_DEVICE 2.0.0
2025-06-14 11:17:15,227 [INFO] ThirdParty:1030 - CMSIS Pack Vendor :STMicroelectronics X-CUBE-MEMS1 9.6.0
2025-06-14 11:17:15,227 [INFO] ThirdParty:1030 - CMSIS Pack Vendor :STMicroelectronics X-CUBE-EEPRMA1 4.2.0
2025-06-14 11:17:15,227 [INFO] ThirdParty:1030 - CMSIS Pack Vendor :STMicroelectronics X-CUBE-NFC6 3.1.0
2025-06-14 11:17:15,227 [INFO] ThirdParty:1030 - CMSIS Pack Vendor :ITTIA_DB I-CUBE-ITTIADB 8.8.0
2025-06-14 11:17:15,227 [INFO] ThirdParty:1030 - CMSIS Pack Vendor :STMicroelectronics FP-SNS-MOTENV1 4.3.0
2025-06-14 11:17:15,227 [INFO] ThirdParty:1030 - CMSIS Pack Vendor :STMicroelectronics FP-SNS-MOTENV1 4.3.2
2025-06-14 11:17:15,227 [INFO] ThirdParty:1030 - CMSIS Pack Vendor :STMicroelectronics FP-SNS-FLIGHT1 5.0.0
2025-06-14 11:17:15,227 [INFO] ThirdParty:1030 - CMSIS Pack Vendor :STMicroelectronics X-CUBE-BLE1 6.2.4
2025-06-14 11:17:15,227 [INFO] ThirdParty:1030 - CMSIS Pack Vendor :STMicroelectronics FreeRTOS 0.0.1
2025-06-14 11:17:15,227 [INFO] ThirdParty:1030 - CMSIS Pack Vendor :emotas I-CUBE-CANOPEN 1.1.3
2025-06-14 11:17:15,227 [INFO] ThirdParty:1030 - CMSIS Pack Vendor :STMicroelectronics X-CUBE-BLEMGR 2.0.0
2025-06-14 11:17:15,227 [INFO] ThirdParty:1030 - CMSIS Pack Vendor :STMicroelectronics FP-SNS-FLIGHT1 5.0.2
2025-06-14 11:17:15,227 [INFO] ThirdParty:1030 - CMSIS Pack Vendor :STMicroelectronics X-CUBE-AI 9.0.0
2025-06-14 11:17:15,227 [INFO] ThirdParty:1030 - CMSIS Pack Vendor :STMicroelectronics X-CUBE-AZRTOS-H7 3.1.0
2025-06-14 11:17:15,227 [INFO] ThirdParty:1030 - CMSIS Pack Vendor :STMicroelectronics PDM2PCM 3.3.0
2025-06-14 11:17:15,227 [INFO] ThirdParty:1030 - CMSIS Pack Vendor :STMicroelectronics X-CUBE-DISPLAY 3.0.0
2025-06-14 11:17:15,227 [INFO] ThirdParty:1030 - CMSIS Pack Vendor :STMicroelectronics X-CUBE-BLE1 7.0.0
2025-06-14 11:17:15,227 [INFO] ThirdParty:1030 - CMSIS Pack Vendor :STMicroelectronics X-CUBE-NFC10 1.0.0
2025-06-14 11:17:15,228 [INFO] ThirdParty:1030 - CMSIS Pack Vendor :STMicroelectronics X-CUBE-FREERTOS 1.3.1
2025-06-14 11:17:15,228 [INFO] ThirdParty:1030 - CMSIS Pack Vendor :STMicroelectronics HAL Drivers 0.0.0
2025-06-14 11:17:15,228 [INFO] ThirdParty:1030 - CMSIS Pack Vendor :emotas I-CUBE-CANOPEN 1.3.0
2025-06-14 11:17:15,228 [INFO] ThirdParty:1030 - CMSIS Pack Vendor :STMicroelectronics X-CUBE-FREERTOS 1.3.0
2025-06-14 11:17:15,228 [INFO] ThirdParty:1030 - CMSIS Pack Vendor :STMicroelectronics X-CUBE-TOUCHGFX 4.22.0
2025-06-14 11:17:15,228 [INFO] ThirdParty:1030 - CMSIS Pack Vendor :STMicroelectronics X-CUBE-NFC7 1.0.1
2025-06-14 11:17:15,228 [INFO] ThirdParty:1030 - CMSIS Pack Vendor :STMicroelectronics MBEDTLS 2.14.1
2025-06-14 11:17:15,228 [INFO] ThirdParty:1030 - CMSIS Pack Vendor :STMicroelectronics X-CUBE-NFC7 1.0.0
2025-06-14 11:17:15,228 [INFO] ThirdParty:1030 - CMSIS Pack Vendor :STMicroelectronics X-CUBE-TOUCHGFX 4.22.1
2025-06-14 11:17:15,228 [INFO] ThirdParty:1030 - CMSIS Pack Vendor :wolfSSL I-CUBE-wolfTPM 3.2.0
2025-06-14 11:17:15,228 [INFO] ThirdParty:1030 - CMSIS Pack Vendor :STMicroelectronics X-CUBE-NFC6 3.0.0
2025-06-14 11:17:15,228 [INFO] ThirdParty:1030 - CMSIS Pack Vendor :STMicroelectronics X-CUBE-EEPRMA1 4.1.0
2025-06-14 11:17:15,228 [INFO] ThirdParty:1030 - CMSIS Pack Vendor :STMicroelectronics X-CUBE-BLEMGR 3.1.0
2025-06-14 11:17:15,228 [INFO] ThirdParty:1030 - CMSIS Pack Vendor :STMicroelectronics X-CUBE-AI 10.0.0
2025-06-14 11:17:15,228 [INFO] ThirdParty:1030 - CMSIS Pack Vendor :STMicroelectronics FP-SNS-SMARTAG2 1.2.0
2025-06-14 11:17:15,228 [INFO] ThirdParty:1030 - CMSIS Pack Vendor :STMicroelectronics X-CUBE-MEMS1 11.1.0
2025-06-14 11:17:15,228 [INFO] ThirdParty:1030 - CMSIS Pack Vendor :STMicroelectronics X-CUBE-AZRTOS-WL 2.0.0
2025-06-14 11:17:15,228 [INFO] ThirdParty:1030 - CMSIS Pack Vendor :STMicroelectronics FP-SNS-MOTENV1 5.0.0
2025-06-14 11:17:15,228 [INFO] ThirdParty:1030 - CMSIS Pack Vendor :STMicroelectronics USB_DEVICE 1.0.0
2025-06-14 11:17:15,228 [INFO] ThirdParty:1030 - CMSIS Pack Vendor :STMicroelectronics X-CUBE-AI 8.1.0
2025-06-14 11:17:15,228 [INFO] ThirdParty:1030 - CMSIS Pack Vendor :wolfSSL I-CUBE-wolfMQTT 1.19.0
2025-06-14 11:17:15,228 [INFO] ThirdParty:1030 - CMSIS Pack Vendor :STMicroelectronics X-CUBE-AZRTOS-L4 2.0.0
2025-06-14 11:17:15,228 [INFO] ThirdParty:1030 - CMSIS Pack Vendor :STMicroelectronics ThreadX 0.0.2
2025-06-14 11:17:15,228 [INFO] ThirdParty:1030 - CMSIS Pack Vendor :WES I-CUBE-Cesium 1.3.0
2025-06-14 11:17:15,228 [INFO] ThirdParty:1030 - CMSIS Pack Vendor :STMicroelectronics lwIP 2.1.2
2025-06-14 11:17:15,228 [INFO] ThirdParty:1030 - CMSIS Pack Vendor :STMicroelectronics X-CUBE-SFXS2LP1 4.0.0
2025-06-14 11:17:15,228 [INFO] ThirdParty:1030 - CMSIS Pack Vendor :STMicroelectronics X-CUBE-BLE2 3.3.0
2025-06-14 11:17:15,229 [INFO] ThirdParty:1030 - CMSIS Pack Vendor :STMicroelectronics PDM2PCM 3.2.0
2025-06-14 11:17:15,229 [INFO] ThirdParty:1030 - CMSIS Pack Vendor :STMicroelectronics X-CUBE-ISPU 1.1.0
2025-06-14 11:17:15,229 [INFO] ThirdParty:1030 - CMSIS Pack Vendor :STMicroelectronics X-CUBE-AZRTOS-H7 3.3.0
2025-06-14 11:17:15,229 [INFO] ThirdParty:1030 - CMSIS Pack Vendor :STMicroelectronics X-CUBE-NFC9 1.0.0
2025-06-14 11:17:15,229 [INFO] ThirdParty:1030 - CMSIS Pack Vendor :STMicroelectronics X-CUBE-BLE1 7.1.0
2025-06-14 11:17:15,229 [INFO] ThirdParty:1030 - CMSIS Pack Vendor :STMicroelectronics USB_DEVICE 3.0.0
2025-06-14 11:17:15,229 [INFO] ThirdParty:1030 - CMSIS Pack Vendor :STMicroelectronics X-CUBE-TCPP 4.1.0
2025-06-14 11:17:15,229 [INFO] ThirdParty:1030 - CMSIS Pack Vendor :STMicroelectronics X-CUBE-AZRTOS-WB 2.0.0
2025-06-14 11:17:15,229 [INFO] ThirdParty:1030 - CMSIS Pack Vendor :STMicroelectronics X-CUBE-FREERTOS 1.0.1
2025-06-14 11:17:15,229 [INFO] ThirdParty:1030 - CMSIS Pack Vendor :STMicroelectronics X-CUBE-GNSS1 7.0.1
2025-06-14 11:17:15,229 [INFO] ThirdParty:1030 - CMSIS Pack Vendor :STMicroelectronics X-CUBE-TOUCHGFX 4.21.4
2025-06-14 11:17:15,229 [INFO] ThirdParty:1030 - CMSIS Pack Vendor :STMicroelectronics X-CUBE-TOUCHGFX 4.25.0
2025-06-14 11:17:15,229 [INFO] ThirdParty:1030 - CMSIS Pack Vendor :STMicroelectronics X-CUBE-AI 10.1.0
2025-06-14 11:17:15,229 [INFO] ThirdParty:1030 - CMSIS Pack Vendor :STMicroelectronics X-CUBE-ALGOBUILD 1.3.0
2025-06-14 11:17:15,229 [INFO] ThirdParty:1030 - CMSIS Pack Vendor :STMicroelectronics X-CUBE-AZRTOS-L5 1.1.0
2025-06-14 11:17:15,229 [INFO] ThirdParty:1030 - CMSIS Pack Vendor :STMicroelectronics X-CUBE-MEMS1 11.2.0
2025-06-14 11:17:15,229 [INFO] ThirdParty:1030 - CMSIS Pack Vendor :STMicroelectronics X-CUBE-AZRTOS-G0 1.1.0
2025-06-14 11:17:15,229 [INFO] ThirdParty:1030 - CMSIS Pack Vendor :STMicroelectronics X-CUBE-AI 8.0.1
2025-06-14 11:17:15,229 [INFO] ThirdParty:1030 - CMSIS Pack Vendor :STMicroelectronics X-CUBE-SAFEA1 1.2.2
2025-06-14 11:17:15,229 [INFO] ThirdParty:1030 - CMSIS Pack Vendor :STMicroelectronics X-CUBE-NFC4 3.0.0
2025-06-14 11:17:15,229 [INFO] ThirdParty:1030 - CMSIS Pack Vendor :STMicroelectronics X-CUBE-SUBG2 5.0.0
2025-06-14 11:17:15,229 [INFO] ThirdParty:1030 - CMSIS Pack Vendor :STMicroelectronics X-CUBE-AZRTOS-H7RS 1.1.0
2025-06-14 11:17:15,229 [INFO] ThirdParty:1030 - CMSIS Pack Vendor :STMicroelectronics STM32_WPAN 1.0.0
2025-06-14 11:17:15,229 [INFO] ThirdParty:1030 - CMSIS Pack Vendor :wolfSSL I-CUBE-wolfMQTT 1.18.0
2025-06-14 11:17:15,229 [INFO] ThirdParty:1030 - CMSIS Pack Vendor :STMicroelectronics lwIP 2.0.3
2025-06-14 11:17:15,230 [INFO] ThirdParty:1030 - CMSIS Pack Vendor :Cesanta I-CUBE-Mongoose 7.13.0
2025-06-14 11:17:15,230 [INFO] ThirdParty:1030 - CMSIS Pack Vendor :STMicroelectronics USB_HOST 1.0.0
2025-06-14 11:17:15,230 [INFO] ThirdParty:1030 - CMSIS Pack Vendor :STMicroelectronics X-CUBE-TOF1 3.3.1
2025-06-14 11:17:15,230 [INFO] ThirdParty:1030 - CMSIS Pack Vendor :STMicroelectronics X-CUBE-AZRTOS-G4 2.0.0
2025-06-14 11:17:15,230 [INFO] ThirdParty:1030 - CMSIS Pack Vendor :STMicroelectronics X-CUBE-WB05N 2.0.0
2025-06-14 11:17:15,230 [INFO] ThirdParty:1030 - CMSIS Pack Vendor :STMicroelectronics PDM2PCM 3.1.0
2025-06-14 11:17:15,230 [INFO] ThirdParty:1030 - CMSIS Pack Vendor :STMicroelectronics X-CUBE-TOF1 3.3.0
2025-06-14 11:17:15,230 [INFO] ThirdParty:1030 - CMSIS Pack Vendor :Infineon AIROC-Wi-Fi-Bluetooth-STM32 1.5.1
2025-06-14 11:17:15,230 [INFO] ThirdParty:1030 - CMSIS Pack Vendor :STMicroelectronics X-CUBE-BLEMGR 3.0.0
2025-06-14 11:17:15,230 [INFO] ThirdParty:1030 - CMSIS Pack Vendor :STMicroelectronics FP-SNS-MOTENVWB1 1.3.0
2025-06-14 11:17:15,230 [INFO] ThirdParty:1030 - CMSIS Pack Vendor :STMicroelectronics X-CUBE-NFC7 2.0.0
2025-06-14 11:17:15,230 [INFO] ThirdParty:1030 - CMSIS Pack Vendor :STMicroelectronics FP-SNS-MOTENVWB1 1.3.1
2025-06-14 11:17:15,230 [INFO] ThirdParty:1030 - CMSIS Pack Vendor :STMicroelectronics FP-ATR-SIGFOX1 3.2.0
2025-06-14 11:17:15,230 [INFO] ThirdParty:1030 - CMSIS Pack Vendor :STMicroelectronics X-CUBE-AZRTOS-L4 1.0.0
2025-06-14 11:17:15,230 [INFO] ThirdParty:1030 - CMSIS Pack Vendor :STMicroelectronics X-CUBE-ISPU 2.0.0
2025-06-14 11:17:15,230 [INFO] ThirdParty:1030 - CMSIS Pack Vendor :STMicroelectronics X-CUBE-EEPRMA1 5.1.0
2025-06-14 11:17:15,230 [INFO] ThirdParty:1030 - CMSIS Pack Vendor :STMicroelectronics MBEDTLS 2.16.2
2025-06-14 11:17:15,230 [INFO] ThirdParty:1030 - CMSIS Pack Vendor :STMicroelectronics X-CUBE-ALS 1.0.2
2025-06-14 11:17:15,230 [INFO] ThirdParty:1030 - CMSIS Pack Vendor :STMicroelectronics X-CUBE-MEMS1 10.0.0
2025-06-14 11:17:15,230 [INFO] ThirdParty:1030 - CMSIS Pack Vendor :STMicroelectronics X-CUBE-FREERTOS 1.1.0
2025-06-14 11:17:15,231 [INFO] ThirdParty:1030 - CMSIS Pack Vendor :wolfSSL I-CUBE-wolfSSL 5.7.6
2025-06-14 11:17:15,231 [INFO] ThirdParty:1030 - CMSIS Pack Vendor :STMicroelectronics X-CUBE-TOUCHGFX 4.24.0
2025-06-14 11:17:15,231 [INFO] ThirdParty:1030 - CMSIS Pack Vendor :ITTIA_DB I-CUBE-ITTIADB 8.9.0
2025-06-14 11:17:15,231 [INFO] ThirdParty:1030 - CMSIS Pack Vendor :STMicroelectronics X-CUBE-TOUCHGFX 4.24.2
2025-06-14 11:17:15,231 [INFO] ThirdParty:1030 - CMSIS Pack Vendor :STMicroelectronics X-CUBE-AZRTOS-WL 1.0.0
2025-06-14 11:17:15,231 [INFO] ThirdParty:1030 - CMSIS Pack Vendor :STMicroelectronics X-CUBE-TOUCHGFX 4.24.1
2025-06-14 11:17:15,231 [INFO] ThirdParty:1030 - CMSIS Pack Vendor :wolfSSL I-CUBE-wolfTPM 3.4.0
2025-06-14 11:17:15,231 [INFO] ThirdParty:1030 - CMSIS Pack Vendor :portGmbH I-Cube-SoM-uGOAL 1.1.0
2025-06-14 11:17:15,231 [INFO] ThirdParty:1030 - CMSIS Pack Vendor :STMicroelectronics X-CUBE-ALS 1.0.1
2025-06-14 11:17:15,231 [INFO] ThirdParty:1030 - CMSIS Pack Vendor :STMicroelectronics ThreadX 1.0.0
2025-06-14 11:17:15,231 [INFO] ThirdParty:1030 - CMSIS Pack Vendor :STMicroelectronics X-CUBE-AZRTOS-WB 1.1.0
2025-06-14 11:17:15,231 [INFO] ThirdParty:1030 - CMSIS Pack Vendor :SEGGER I-CUBE-embOS 1.3.1
2025-06-14 11:17:15,231 [INFO] ThirdParty:1030 - CMSIS Pack Vendor :STMicroelectronics X-CUBE-ALGOBUILD 1.4.0
2025-06-14 11:17:15,231 [INFO] ThirdParty:1030 - CMSIS Pack Vendor :STMicroelectronics X-CUBE-MEMS1 11.3.0
2025-06-14 11:17:15,231 [INFO] ThirdParty:1030 - CMSIS Pack Vendor :STMicroelectronics X-CUBE-AZRTOS-H7RS 1.0.0
2025-06-14 11:17:15,231 [INFO] ThirdParty:1030 - CMSIS Pack Vendor :STMicroelectronics FP-ATR-ASTRA1 2.0.0
2025-06-14 11:17:15,231 [INFO] ThirdParty:1030 - CMSIS Pack Vendor :STMicroelectronics X-CUBE-AI 9.1.0
2025-06-14 11:17:15,231 [INFO] ThirdParty:1030 - CMSIS Pack Vendor :STMicroelectronics X-CUBE-TOF1 3.4.0
2025-06-14 11:17:15,231 [INFO] ThirdParty:1030 - CMSIS Pack Vendor :STMicroelectronics X-CUBE-TOF1 3.4.1
2025-06-14 11:17:15,231 [INFO] ThirdParty:1030 - CMSIS Pack Vendor :STMicroelectronics X-CUBE-AZRTOS-H7 3.2.0
2025-06-14 11:17:15,231 [INFO] ThirdParty:1030 - CMSIS Pack Vendor :wolfSSL I-CUBE-wolfSSH 1.4.17
2025-06-14 11:17:15,231 [INFO] ThirdParty:841 - exiting critical section [change project]
2025-06-14 11:17:15,677 [INFO] PinOutPanel:1499 - setPackage(No Configuration,No Configuration)
2025-06-14 11:17:15,678 [INFO] PinOutPanel:1499 - setPackage(STM32F303VCTx,LQFP100)
2025-06-14 11:17:16,244 [INFO] UtilMem:75 - Before build in PCC Used Memory: 214889984 Bytes (566231040)
2025-06-14 11:17:17,099 [INFO] UtilMem:75 - After build in PCC Used Memory: 293118848 Bytes (566231040)
2025-06-14 11:17:17,129 [INFO] IPUIPlugin:80 - create IPUIPlugin
2025-06-14 11:17:17,130 [INFO] IPUIPlugin:80 - create IPUIPlugin
2025-06-14 11:17:17,130 [INFO] IPUIPlugin:80 - create IPUIPlugin
2025-06-14 11:17:17,130 [INFO] IPUIPlugin:80 - create IPUIPlugin
2025-06-14 11:17:17,130 [INFO] IPUIPlugin:80 - create IPUIPlugin
2025-06-14 11:17:17,130 [INFO] IPUIPlugin:80 - create IPUIPlugin
2025-06-14 11:17:17,130 [INFO] IPUIPlugin:80 - create IPUIPlugin
2025-06-14 11:17:17,130 [INFO] IPUIPlugin:80 - create IPUIPlugin
2025-06-14 11:17:17,130 [INFO] IPUIPlugin:80 - create IPUIPlugin
2025-06-14 11:17:17,131 [INFO] IPUIPlugin:80 - create IPUIPlugin
2025-06-14 11:17:17,131 [INFO] IPUIPlugin:80 - create IPUIPlugin
2025-06-14 11:17:17,131 [INFO] IPUIPlugin:80 - create IPUIPlugin
2025-06-14 11:17:17,131 [INFO] IPUIPlugin:80 - create IPUIPlugin
2025-06-14 11:17:17,131 [INFO] IPUIPlugin:80 - create IPUIPlugin
2025-06-14 11:17:17,131 [INFO] IPUIPlugin:80 - create IPUIPlugin
2025-06-14 11:17:17,131 [INFO] IPUIPlugin:80 - create IPUIPlugin
2025-06-14 11:17:17,131 [INFO] IPUIPlugin:80 - create IPUIPlugin
2025-06-14 11:17:17,131 [INFO] IPUIPlugin:80 - create IPUIPlugin
2025-06-14 11:17:17,131 [INFO] IPUIPlugin:80 - create IPUIPlugin
2025-06-14 11:17:17,132 [INFO] IPUIPlugin:80 - create IPUIPlugin
2025-06-14 11:17:17,132 [INFO] IPUIPlugin:80 - create IPUIPlugin
2025-06-14 11:17:17,132 [INFO] IPUIPlugin:80 - create IPUIPlugin
2025-06-14 11:17:17,132 [INFO] IPUIPlugin:80 - create IPUIPlugin
2025-06-14 11:17:17,132 [INFO] IPUIPlugin:80 - create IPUIPlugin
2025-06-14 11:17:17,132 [INFO] IPUIPlugin:80 - create IPUIPlugin
2025-06-14 11:17:17,132 [INFO] IPUIPlugin:80 - create IPUIPlugin
2025-06-14 11:17:17,132 [INFO] IPUIPlugin:80 - create IPUIPlugin
2025-06-14 11:17:17,133 [INFO] IPUIPlugin:80 - create IPUIPlugin
2025-06-14 11:17:17,133 [INFO] IPUIPlugin:80 - create IPUIPlugin
2025-06-14 11:17:17,133 [INFO] IPUIPlugin:80 - create IPUIPlugin
2025-06-14 11:17:17,133 [INFO] IPUIPlugin:80 - create IPUIPlugin
2025-06-14 11:17:17,133 [INFO] IPUIPlugin:80 - create IPUIPlugin
2025-06-14 11:17:17,133 [INFO] IPUIPlugin:80 - create IPUIPlugin
2025-06-14 11:17:17,134 [INFO] IPUIPlugin:80 - create IPUIPlugin
2025-06-14 11:17:17,134 [INFO] IPUIPlugin:80 - create IPUIPlugin
2025-06-14 11:17:17,134 [INFO] IPUIPlugin:80 - create IPUIPlugin
2025-06-14 11:17:17,134 [INFO] IPUIPlugin:80 - create IPUIPlugin
2025-06-14 11:17:17,135 [INFO] IPUIPlugin:80 - create IPUIPlugin
2025-06-14 11:17:17,135 [INFO] IPUIPlugin:80 - create IPUIPlugin
2025-06-14 11:17:17,135 [INFO] IPUIPlugin:80 - create IPUIPlugin
2025-06-14 11:17:17,135 [INFO] IPUIPlugin:80 - create IPUIPlugin
2025-06-14 11:17:17,136 [INFO] IPUIPlugin:80 - create IPUIPlugin
2025-06-14 11:17:17,136 [INFO] IPUIPlugin:80 - create IPUIPlugin
2025-06-14 11:17:17,136 [INFO] IPUIPlugin:80 - create IPUIPlugin
2025-06-14 11:17:17,136 [INFO] IPUIPlugin:80 - create IPUIPlugin
2025-06-14 11:17:17,137 [INFO] IPUIPlugin:80 - create IPUIPlugin
2025-06-14 11:17:17,137 [INFO] IPUIPlugin:80 - create IPUIPlugin
2025-06-14 11:17:17,137 [INFO] IPUIPlugin:80 - create IPUIPlugin
2025-06-14 11:17:17,138 [INFO] IPUIPlugin:80 - create IPUIPlugin
2025-06-14 11:17:17,138 [INFO] IPUIPlugin:80 - create IPUIPlugin
2025-06-14 11:17:17,138 [INFO] IPUIPlugin:80 - create IPUIPlugin
2025-06-14 11:17:17,138 [INFO] IPUIPlugin:80 - create IPUIPlugin
2025-06-14 11:17:17,139 [INFO] IPUIPlugin:80 - create IPUIPlugin
2025-06-14 11:17:17,139 [INFO] IPUIPlugin:80 - create IPUIPlugin
2025-06-14 11:17:17,139 [INFO] IPUIPlugin:80 - create IPUIPlugin
2025-06-14 11:17:17,387 [INFO] CADModel:165 - CPN selected for project levelSTM32F303VCT6
2025-06-14 11:17:17,387 [INFO] CADModel:114 - Register for checkConnection events
2025-06-14 11:17:17,441 [INFO] OpenFileManager:328 - Restore cursor
2025-06-14 11:17:20,644 [ERROR] LogOutputStream:75 - [STDERR_REDIRECT] SLF4J: Failed to load class "org.slf4j.impl.StaticLoggerBinder".
2025-06-14 11:17:20,644 [ERROR] LogOutputStream:75 - [STDERR_REDIRECT] SLF4J: Defaulting to no-operation (NOP) logger implementation
2025-06-14 11:17:20,645 [ERROR] LogOutputStream:75 - [STDERR_REDIRECT] SLF4J: See http://www.slf4j.org/codes.html#StaticLoggerBinder for further details.
2025-06-14 11:17:29,600 [INFO] MainUpdater:2868 - connection check result : 10
2025-06-14 11:17:29,600 [INFO] MainUpdater:2868 - connection check result : 10
2025-06-14 11:17:29,826 [INFO] MicroXplorer:468 - Change Database Path : 
2025-06-14 11:17:29,826 [INFO] MicroXplorer:498 - Change Database Version : DB.6.0.90
2025-06-14 11:17:29,856 [WARN] ThirdParty:871 - waiting for thirdparty lock release [close project]
2025-06-14 11:17:29,856 [INFO] ThirdParty:873 - entering critical section [close project]
2025-06-14 11:17:29,856 [INFO] ThirdParty:883 - exiting critical section [close project]
2025-06-14 11:17:29,858 [INFO] PinOutPanel:1499 - setPackage(No Configuration,No Configuration)
2025-06-14 11:17:29,869 [INFO] UtilMem:75 - Begin LoadConfig() Used Memory: 403173680 Bytes (566231040)
2025-06-14 11:17:29,869 [INFO] MicroXplorer:468 - Change Database Path : 
2025-06-14 11:17:29,869 [INFO] MicroXplorer:498 - Change Database Version : DB.6.0.90
2025-06-14 11:17:29,870 [INFO] OpenFileManager:308 - Change cursor
2025-06-14 11:17:29,898 [INFO] Mcu:1946 - Initializing MCU STM32F103C(8-B)Tx STM32F103CBTx STM32F103CBT6
2025-06-14 11:17:30,519 [INFO] Context:659 - Trying to add GPIOservice into a context  which must be forbidden
2025-06-14 11:17:30,732 [INFO] RtosManager:555 - Registered RTOS mode: class=CMSIS, group=RTOS, mode=CMSIS_V1, owner=FREERTOS
2025-06-14 11:17:30,733 [INFO] RtosManager:555 - Registered RTOS mode: class=CMSIS, group=RTOS2, mode=CMSIS_V2, owner=FREERTOS
2025-06-14 11:17:30,733 [INFO] RtosManager:555 - Registered RTOS mode: class=RTOS, group=Core, mode=CMSIS_V1, owner=FREERTOS
2025-06-14 11:17:30,733 [INFO] RtosManager:555 - Registered RTOS mode: class=RTOS, group=Core, mode=CMSIS_V2, owner=FREERTOS
2025-06-14 11:17:30,733 [WARN] ModelIntegratedComponent:184 - Missing modes for component STMicroelectronics:FreeRTOS:0.0.1:STMicroelectronics:RTOS:FreeRTOS:Core:::10.2.0:
2025-06-14 11:17:30,735 [WARN] ModelIntegratedComponent:63 - No mode defined for component null
2025-06-14 11:17:30,736 [WARN] ModelIntegratedComponent:63 - No mode defined for component null
2025-06-14 11:17:30,736 [WARN] ModelIntegratedComponent:63 - No mode defined for component null
2025-06-14 11:17:30,736 [WARN] ModelIntegratedComponent:63 - No mode defined for component null
2025-06-14 11:17:30,736 [WARN] ModelIntegratedComponent:63 - No mode defined for component null
2025-06-14 11:17:30,736 [WARN] ModelIntegratedComponent:63 - No mode defined for component null
2025-06-14 11:17:30,736 [WARN] ModelIntegratedComponent:63 - No mode defined for component null
2025-06-14 11:17:30,736 [WARN] ModelIntegratedComponent:63 - No mode defined for component null
2025-06-14 11:17:30,736 [WARN] ModelIntegratedComponent:63 - No mode defined for component null
2025-06-14 11:17:30,736 [WARN] ModelIntegratedComponent:63 - No mode defined for component null
2025-06-14 11:17:30,736 [WARN] ModelIntegratedComponent:63 - No mode defined for component null
2025-06-14 11:17:30,736 [WARN] ModelIntegratedComponent:63 - No mode defined for component null
2025-06-14 11:17:30,736 [WARN] ModelIntegratedComponent:63 - No mode defined for component null
2025-06-14 11:17:30,736 [WARN] ModelIntegratedComponent:63 - No mode defined for component null
2025-06-14 11:17:30,736 [WARN] ModelIntegratedComponent:63 - No mode defined for component null
2025-06-14 11:17:30,736 [WARN] ModelIntegratedComponent:63 - No mode defined for component null
2025-06-14 11:17:30,736 [WARN] ModelIntegratedComponent:63 - No mode defined for component null
2025-06-14 11:17:30,736 [WARN] ModelIntegratedComponent:63 - No mode defined for component null
2025-06-14 11:17:30,737 [WARN] ModelIntegratedComponent:63 - No mode defined for component null
2025-06-14 11:17:30,737 [WARN] ModelIntegratedComponent:63 - No mode defined for component null
2025-06-14 11:17:30,737 [WARN] ModelIntegratedComponent:63 - No mode defined for component null
2025-06-14 11:17:30,737 [WARN] ModelIntegratedComponent:63 - No mode defined for component null
2025-06-14 11:17:30,737 [WARN] ModelIntegratedComponent:63 - No mode defined for component null
2025-06-14 11:17:30,737 [WARN] ModelIntegratedComponent:63 - No mode defined for component null
2025-06-14 11:17:30,737 [WARN] ModelIntegratedComponent:63 - No mode defined for component null
2025-06-14 11:17:30,737 [WARN] ModelIntegratedComponent:63 - No mode defined for component null
2025-06-14 11:17:30,737 [WARN] ModelIntegratedComponent:63 - No mode defined for component null
2025-06-14 11:17:30,737 [WARN] ModelIntegratedComponent:63 - No mode defined for component null
2025-06-14 11:17:30,737 [WARN] ModelIntegratedComponent:63 - No mode defined for component null
2025-06-14 11:17:30,737 [WARN] ModelIntegratedComponent:63 - No mode defined for component null
2025-06-14 11:17:30,737 [WARN] ModelIntegratedComponent:63 - No mode defined for component null
2025-06-14 11:17:30,737 [WARN] ModelIntegratedComponent:63 - No mode defined for component null
2025-06-14 11:17:30,737 [WARN] ModelIntegratedComponent:63 - No mode defined for component null
2025-06-14 11:17:31,133 [INFO] ThirdPartyModel:298 - Start build external matchings
2025-06-14 11:17:34,072 [INFO] ThirdPartyModel:316 - End build external matchings
2025-06-14 11:17:34,112 [INFO] ImportTextPane:194 - (OptionalMessage_ERROR) IP (RCC) : Parameter (ADCFreqValue) has invalid value (36000000)
2025-06-14 11:17:34,113 [INFO] ImportTextPane:194 - (OptionalMessage_ERROR) IP (RCC) : Invalid parameter (FamilyName)
2025-06-14 11:17:34,113 [INFO] ImportTextPane:194 - (OptionalMessage_ERROR) IP (RCC) : Parameter (MCOFreq_Value) has invalid value (72000000)
2025-06-14 11:17:34,113 [INFO] ImportTextPane:194 - (OptionalMessage_ERROR) IP (RCC) : Parameter (USBFreq_Value) has invalid value (72000000)
2025-06-14 11:17:34,322 [INFO] UtilMem:75 - End LoadConfig() Used Memory: 346049024 Bytes (684720128)
2025-06-14 11:17:34,459 [WARN] ThirdParty:833 - waiting for thirdparty lock release [change project]
2025-06-14 11:17:34,459 [INFO] ThirdParty:835 - entering critical section [change project]
2025-06-14 11:17:34,460 [INFO] ThirdParty:1030 - CMSIS Pack Vendor :STMicroelectronics USBPD 4.1
2025-06-14 11:17:34,460 [INFO] ThirdParty:1030 - CMSIS Pack Vendor :STMicroelectronics X-CUBE-GNSS1 6.0.0
2025-06-14 11:17:34,460 [INFO] ThirdParty:1030 - CMSIS Pack Vendor :STMicroelectronics USB_HOST 2.0.0
2025-06-14 11:17:34,460 [INFO] ThirdParty:1030 - CMSIS Pack Vendor :STMicroelectronics FP-SNS-MOTENVWB1 1.4.0
2025-06-14 11:17:34,460 [INFO] ThirdParty:1030 - CMSIS Pack Vendor :STMicroelectronics X-CUBE-AZRTOS-F4 1.1.0
2025-06-14 11:17:34,460 [INFO] ThirdParty:1030 - CMSIS Pack Vendor :STMicroelectronics LIBJPEG 8.0.0
2025-06-14 11:17:34,460 [INFO] ThirdParty:1030 - CMSIS Pack Vendor :STMicroelectronics FP-ATR-ASTRA1 2.0.2
2025-06-14 11:17:34,460 [INFO] ThirdParty:1030 - CMSIS Pack Vendor :STMicroelectronics FP-ATR-ASTRA1 2.0.1
2025-06-14 11:17:34,460 [INFO] ThirdParty:1030 - CMSIS Pack Vendor :STMicroelectronics X-CUBE-SMBUS 2.1.0
2025-06-14 11:17:34,460 [INFO] ThirdParty:1030 - CMSIS Pack Vendor :STMicroelectronics X-CUBE-WB05N 1.1.0
2025-06-14 11:17:34,460 [INFO] ThirdParty:1030 - CMSIS Pack Vendor :wolfSSL I-CUBE-wolfSSL 5.6.0
2025-06-14 11:17:34,460 [INFO] ThirdParty:1030 - CMSIS Pack Vendor :STMicroelectronics X-CUBE-ISPU 2.1.0
2025-06-14 11:17:34,460 [INFO] ThirdParty:1030 - CMSIS Pack Vendor :STMicroelectronics X-CUBE-FREERTOS 1.2.0
2025-06-14 11:17:34,460 [INFO] ThirdParty:1030 - CMSIS Pack Vendor :STMicroelectronics X-CUBE-TOUCHGFX 4.23.0
2025-06-14 11:17:34,460 [INFO] ThirdParty:1030 - CMSIS Pack Vendor :STMicroelectronics X-CUBE-TOUCHGFX 4.23.2
2025-06-14 11:17:34,460 [INFO] ThirdParty:1030 - CMSIS Pack Vendor :STMicroelectronics X-CUBE-AZRTOS-F7 1.1.0
2025-06-14 11:17:34,460 [INFO] ThirdParty:1030 - CMSIS Pack Vendor :STMicroelectronics X-CUBE-AZRTOS-L5 2.0.0
2025-06-14 11:17:34,460 [INFO] ThirdParty:1030 - CMSIS Pack Vendor :STMicroelectronics USB_DEVICE 2.0.0
2025-06-14 11:17:34,460 [INFO] ThirdParty:1030 - CMSIS Pack Vendor :STMicroelectronics X-CUBE-MEMS1 9.6.0
2025-06-14 11:17:34,460 [INFO] ThirdParty:1030 - CMSIS Pack Vendor :STMicroelectronics X-CUBE-EEPRMA1 4.2.0
2025-06-14 11:17:34,460 [INFO] ThirdParty:1030 - CMSIS Pack Vendor :STMicroelectronics X-CUBE-NFC6 3.1.0
2025-06-14 11:17:34,460 [INFO] ThirdParty:1030 - CMSIS Pack Vendor :ITTIA_DB I-CUBE-ITTIADB 8.8.0
2025-06-14 11:17:34,460 [INFO] ThirdParty:1030 - CMSIS Pack Vendor :STMicroelectronics FP-SNS-MOTENV1 4.3.0
2025-06-14 11:17:34,460 [INFO] ThirdParty:1030 - CMSIS Pack Vendor :STMicroelectronics FP-SNS-MOTENV1 4.3.2
2025-06-14 11:17:34,460 [INFO] ThirdParty:1030 - CMSIS Pack Vendor :STMicroelectronics FP-SNS-FLIGHT1 5.0.0
2025-06-14 11:17:34,460 [INFO] ThirdParty:1030 - CMSIS Pack Vendor :STMicroelectronics X-CUBE-BLE1 6.2.4
2025-06-14 11:17:34,460 [INFO] ThirdParty:1030 - CMSIS Pack Vendor :STMicroelectronics FreeRTOS 0.0.1
2025-06-14 11:17:34,460 [INFO] ThirdParty:1030 - CMSIS Pack Vendor :emotas I-CUBE-CANOPEN 1.1.3
2025-06-14 11:17:34,460 [INFO] ThirdParty:1030 - CMSIS Pack Vendor :STMicroelectronics X-CUBE-BLEMGR 2.0.0
2025-06-14 11:17:34,461 [INFO] ThirdParty:1030 - CMSIS Pack Vendor :STMicroelectronics FP-SNS-FLIGHT1 5.0.2
2025-06-14 11:17:34,461 [INFO] ThirdParty:1030 - CMSIS Pack Vendor :STMicroelectronics X-CUBE-AI 9.0.0
2025-06-14 11:17:34,461 [INFO] ThirdParty:1030 - CMSIS Pack Vendor :STMicroelectronics X-CUBE-AZRTOS-H7 3.1.0
2025-06-14 11:17:34,461 [INFO] ThirdParty:1030 - CMSIS Pack Vendor :STMicroelectronics PDM2PCM 3.3.0
2025-06-14 11:17:34,461 [INFO] ThirdParty:1030 - CMSIS Pack Vendor :STMicroelectronics X-CUBE-DISPLAY 3.0.0
2025-06-14 11:17:34,461 [INFO] ThirdParty:1030 - CMSIS Pack Vendor :STMicroelectronics X-CUBE-BLE1 7.0.0
2025-06-14 11:17:34,461 [INFO] ThirdParty:1030 - CMSIS Pack Vendor :STMicroelectronics X-CUBE-NFC10 1.0.0
2025-06-14 11:17:34,461 [INFO] ThirdParty:1030 - CMSIS Pack Vendor :STMicroelectronics X-CUBE-FREERTOS 1.3.1
2025-06-14 11:17:34,461 [INFO] ThirdParty:1030 - CMSIS Pack Vendor :STMicroelectronics HAL Drivers 0.0.0
2025-06-14 11:17:34,461 [INFO] ThirdParty:1030 - CMSIS Pack Vendor :emotas I-CUBE-CANOPEN 1.3.0
2025-06-14 11:17:34,461 [INFO] ThirdParty:1030 - CMSIS Pack Vendor :STMicroelectronics X-CUBE-FREERTOS 1.3.0
2025-06-14 11:17:34,461 [INFO] ThirdParty:1030 - CMSIS Pack Vendor :STMicroelectronics X-CUBE-TOUCHGFX 4.22.0
2025-06-14 11:17:34,461 [INFO] ThirdParty:1030 - CMSIS Pack Vendor :STMicroelectronics X-CUBE-NFC7 1.0.1
2025-06-14 11:17:34,461 [INFO] ThirdParty:1030 - CMSIS Pack Vendor :STMicroelectronics MBEDTLS 2.14.1
2025-06-14 11:17:34,461 [INFO] ThirdParty:1030 - CMSIS Pack Vendor :STMicroelectronics X-CUBE-NFC7 1.0.0
2025-06-14 11:17:34,461 [INFO] ThirdParty:1030 - CMSIS Pack Vendor :STMicroelectronics X-CUBE-TOUCHGFX 4.22.1
2025-06-14 11:17:34,461 [INFO] ThirdParty:1030 - CMSIS Pack Vendor :wolfSSL I-CUBE-wolfTPM 3.2.0
2025-06-14 11:17:34,461 [INFO] ThirdParty:1030 - CMSIS Pack Vendor :STMicroelectronics X-CUBE-NFC6 3.0.0
2025-06-14 11:17:34,461 [INFO] ThirdParty:1030 - CMSIS Pack Vendor :STMicroelectronics X-CUBE-EEPRMA1 4.1.0
2025-06-14 11:17:34,461 [INFO] ThirdParty:1030 - CMSIS Pack Vendor :STMicroelectronics X-CUBE-BLEMGR 3.1.0
2025-06-14 11:17:34,461 [INFO] ThirdParty:1030 - CMSIS Pack Vendor :STMicroelectronics X-CUBE-AI 10.0.0
2025-06-14 11:17:34,461 [INFO] ThirdParty:1030 - CMSIS Pack Vendor :STMicroelectronics FP-SNS-SMARTAG2 1.2.0
2025-06-14 11:17:34,461 [INFO] ThirdParty:1030 - CMSIS Pack Vendor :STMicroelectronics X-CUBE-MEMS1 11.1.0
2025-06-14 11:17:34,461 [INFO] ThirdParty:1030 - CMSIS Pack Vendor :STMicroelectronics X-CUBE-AZRTOS-WL 2.0.0
2025-06-14 11:17:34,461 [INFO] ThirdParty:1030 - CMSIS Pack Vendor :STMicroelectronics FP-SNS-MOTENV1 5.0.0
2025-06-14 11:17:34,461 [INFO] ThirdParty:1030 - CMSIS Pack Vendor :STMicroelectronics USB_DEVICE 1.0.0
2025-06-14 11:17:34,461 [INFO] ThirdParty:1030 - CMSIS Pack Vendor :STMicroelectronics X-CUBE-AI 8.1.0
2025-06-14 11:17:34,461 [INFO] ThirdParty:1030 - CMSIS Pack Vendor :wolfSSL I-CUBE-wolfMQTT 1.19.0
2025-06-14 11:17:34,461 [INFO] ThirdParty:1030 - CMSIS Pack Vendor :STMicroelectronics X-CUBE-AZRTOS-L4 2.0.0
2025-06-14 11:17:34,462 [INFO] ThirdParty:1030 - CMSIS Pack Vendor :STMicroelectronics ThreadX 0.0.2
2025-06-14 11:17:34,462 [INFO] ThirdParty:1030 - CMSIS Pack Vendor :WES I-CUBE-Cesium 1.3.0
2025-06-14 11:17:34,462 [INFO] ThirdParty:1030 - CMSIS Pack Vendor :STMicroelectronics lwIP 2.1.2
2025-06-14 11:17:34,462 [INFO] ThirdParty:1030 - CMSIS Pack Vendor :STMicroelectronics X-CUBE-SFXS2LP1 4.0.0
2025-06-14 11:17:34,462 [INFO] ThirdParty:1030 - CMSIS Pack Vendor :STMicroelectronics X-CUBE-BLE2 3.3.0
2025-06-14 11:17:34,462 [INFO] ThirdParty:1030 - CMSIS Pack Vendor :STMicroelectronics PDM2PCM 3.2.0
2025-06-14 11:17:34,462 [INFO] ThirdParty:1030 - CMSIS Pack Vendor :STMicroelectronics X-CUBE-ISPU 1.1.0
2025-06-14 11:17:34,462 [INFO] ThirdParty:1030 - CMSIS Pack Vendor :STMicroelectronics X-CUBE-AZRTOS-H7 3.3.0
2025-06-14 11:17:34,462 [INFO] ThirdParty:1030 - CMSIS Pack Vendor :STMicroelectronics X-CUBE-NFC9 1.0.0
2025-06-14 11:17:34,462 [INFO] ThirdParty:1030 - CMSIS Pack Vendor :STMicroelectronics X-CUBE-BLE1 7.1.0
2025-06-14 11:17:34,462 [INFO] ThirdParty:1030 - CMSIS Pack Vendor :STMicroelectronics USB_DEVICE 3.0.0
2025-06-14 11:17:34,462 [INFO] ThirdParty:1030 - CMSIS Pack Vendor :STMicroelectronics X-CUBE-TCPP 4.1.0
2025-06-14 11:17:34,462 [INFO] ThirdParty:1030 - CMSIS Pack Vendor :STMicroelectronics X-CUBE-AZRTOS-WB 2.0.0
2025-06-14 11:17:34,462 [INFO] ThirdParty:1030 - CMSIS Pack Vendor :STMicroelectronics X-CUBE-FREERTOS 1.0.1
2025-06-14 11:17:34,462 [INFO] ThirdParty:1030 - CMSIS Pack Vendor :STMicroelectronics X-CUBE-GNSS1 7.0.1
2025-06-14 11:17:34,462 [INFO] ThirdParty:1030 - CMSIS Pack Vendor :STMicroelectronics X-CUBE-TOUCHGFX 4.21.4
2025-06-14 11:17:34,462 [INFO] ThirdParty:1030 - CMSIS Pack Vendor :STMicroelectronics X-CUBE-TOUCHGFX 4.25.0
2025-06-14 11:17:34,463 [INFO] ThirdParty:1030 - CMSIS Pack Vendor :STMicroelectronics X-CUBE-AI 10.1.0
2025-06-14 11:17:34,463 [INFO] ThirdParty:1030 - CMSIS Pack Vendor :STMicroelectronics X-CUBE-ALGOBUILD 1.3.0
2025-06-14 11:17:34,463 [INFO] ThirdParty:1030 - CMSIS Pack Vendor :STMicroelectronics X-CUBE-AZRTOS-L5 1.1.0
2025-06-14 11:17:34,463 [INFO] ThirdParty:1030 - CMSIS Pack Vendor :STMicroelectronics X-CUBE-MEMS1 11.2.0
2025-06-14 11:17:34,463 [INFO] ThirdParty:1030 - CMSIS Pack Vendor :STMicroelectronics X-CUBE-AZRTOS-G0 1.1.0
2025-06-14 11:17:34,463 [INFO] ThirdParty:1030 - CMSIS Pack Vendor :STMicroelectronics X-CUBE-AI 8.0.1
2025-06-14 11:17:34,463 [INFO] ThirdParty:1030 - CMSIS Pack Vendor :STMicroelectronics X-CUBE-SAFEA1 1.2.2
2025-06-14 11:17:34,463 [INFO] ThirdParty:1030 - CMSIS Pack Vendor :STMicroelectronics X-CUBE-NFC4 3.0.0
2025-06-14 11:17:34,463 [INFO] ThirdParty:1030 - CMSIS Pack Vendor :STMicroelectronics X-CUBE-SUBG2 5.0.0
2025-06-14 11:17:34,463 [INFO] ThirdParty:1030 - CMSIS Pack Vendor :STMicroelectronics X-CUBE-AZRTOS-H7RS 1.1.0
2025-06-14 11:17:34,463 [INFO] ThirdParty:1030 - CMSIS Pack Vendor :STMicroelectronics STM32_WPAN 1.0.0
2025-06-14 11:17:34,463 [INFO] ThirdParty:1030 - CMSIS Pack Vendor :wolfSSL I-CUBE-wolfMQTT 1.18.0
2025-06-14 11:17:34,464 [INFO] ThirdParty:1030 - CMSIS Pack Vendor :STMicroelectronics lwIP 2.0.3
2025-06-14 11:17:34,464 [INFO] ThirdParty:1030 - CMSIS Pack Vendor :Cesanta I-CUBE-Mongoose 7.13.0
2025-06-14 11:17:34,464 [INFO] ThirdParty:1030 - CMSIS Pack Vendor :STMicroelectronics USB_HOST 1.0.0
2025-06-14 11:17:34,464 [INFO] ThirdParty:1030 - CMSIS Pack Vendor :STMicroelectronics X-CUBE-TOF1 3.3.1
2025-06-14 11:17:34,464 [INFO] ThirdParty:1030 - CMSIS Pack Vendor :STMicroelectronics X-CUBE-AZRTOS-G4 2.0.0
2025-06-14 11:17:34,464 [INFO] ThirdParty:1030 - CMSIS Pack Vendor :STMicroelectronics X-CUBE-WB05N 2.0.0
2025-06-14 11:17:34,464 [INFO] ThirdParty:1030 - CMSIS Pack Vendor :STMicroelectronics PDM2PCM 3.1.0
2025-06-14 11:17:34,464 [INFO] ThirdParty:1030 - CMSIS Pack Vendor :STMicroelectronics X-CUBE-TOF1 3.3.0
2025-06-14 11:17:34,464 [INFO] ThirdParty:1030 - CMSIS Pack Vendor :Infineon AIROC-Wi-Fi-Bluetooth-STM32 1.5.1
2025-06-14 11:17:34,464 [INFO] ThirdParty:1030 - CMSIS Pack Vendor :STMicroelectronics X-CUBE-BLEMGR 3.0.0
2025-06-14 11:17:34,464 [INFO] ThirdParty:1030 - CMSIS Pack Vendor :STMicroelectronics FP-SNS-MOTENVWB1 1.3.0
2025-06-14 11:17:34,464 [INFO] ThirdParty:1030 - CMSIS Pack Vendor :STMicroelectronics X-CUBE-NFC7 2.0.0
2025-06-14 11:17:34,464 [INFO] ThirdParty:1030 - CMSIS Pack Vendor :STMicroelectronics FP-SNS-MOTENVWB1 1.3.1
2025-06-14 11:17:34,465 [INFO] ThirdParty:1030 - CMSIS Pack Vendor :STMicroelectronics FP-ATR-SIGFOX1 3.2.0
2025-06-14 11:17:34,465 [INFO] ThirdParty:1030 - CMSIS Pack Vendor :STMicroelectronics X-CUBE-AZRTOS-L4 1.0.0
2025-06-14 11:17:34,465 [INFO] ThirdParty:1030 - CMSIS Pack Vendor :STMicroelectronics X-CUBE-ISPU 2.0.0
2025-06-14 11:17:34,465 [INFO] ThirdParty:1030 - CMSIS Pack Vendor :STMicroelectronics X-CUBE-EEPRMA1 5.1.0
2025-06-14 11:17:34,465 [INFO] ThirdParty:1030 - CMSIS Pack Vendor :STMicroelectronics MBEDTLS 2.16.2
2025-06-14 11:17:34,465 [INFO] ThirdParty:1030 - CMSIS Pack Vendor :STMicroelectronics X-CUBE-ALS 1.0.2
2025-06-14 11:17:34,465 [INFO] ThirdParty:1030 - CMSIS Pack Vendor :STMicroelectronics X-CUBE-MEMS1 10.0.0
2025-06-14 11:17:34,465 [INFO] ThirdParty:1030 - CMSIS Pack Vendor :STMicroelectronics X-CUBE-FREERTOS 1.1.0
2025-06-14 11:17:34,465 [INFO] ThirdParty:1030 - CMSIS Pack Vendor :wolfSSL I-CUBE-wolfSSL 5.7.6
2025-06-14 11:17:34,465 [INFO] ThirdParty:1030 - CMSIS Pack Vendor :STMicroelectronics X-CUBE-TOUCHGFX 4.24.0
2025-06-14 11:17:34,465 [INFO] ThirdParty:1030 - CMSIS Pack Vendor :ITTIA_DB I-CUBE-ITTIADB 8.9.0
2025-06-14 11:17:34,465 [INFO] ThirdParty:1030 - CMSIS Pack Vendor :STMicroelectronics X-CUBE-TOUCHGFX 4.24.2
2025-06-14 11:17:34,465 [INFO] ThirdParty:1030 - CMSIS Pack Vendor :STMicroelectronics X-CUBE-AZRTOS-WL 1.0.0
2025-06-14 11:17:34,465 [INFO] ThirdParty:1030 - CMSIS Pack Vendor :STMicroelectronics X-CUBE-TOUCHGFX 4.24.1
2025-06-14 11:17:34,465 [INFO] ThirdParty:1030 - CMSIS Pack Vendor :wolfSSL I-CUBE-wolfTPM 3.4.0
2025-06-14 11:17:34,465 [INFO] ThirdParty:1030 - CMSIS Pack Vendor :portGmbH I-Cube-SoM-uGOAL 1.1.0
2025-06-14 11:17:34,466 [INFO] ThirdParty:1030 - CMSIS Pack Vendor :STMicroelectronics X-CUBE-ALS 1.0.1
2025-06-14 11:17:34,466 [INFO] ThirdParty:1030 - CMSIS Pack Vendor :STMicroelectronics ThreadX 1.0.0
2025-06-14 11:17:34,466 [INFO] ThirdParty:1030 - CMSIS Pack Vendor :STMicroelectronics X-CUBE-AZRTOS-WB 1.1.0
2025-06-14 11:17:34,466 [INFO] ThirdParty:1030 - CMSIS Pack Vendor :SEGGER I-CUBE-embOS 1.3.1
2025-06-14 11:17:34,466 [INFO] ThirdParty:1030 - CMSIS Pack Vendor :STMicroelectronics X-CUBE-ALGOBUILD 1.4.0
2025-06-14 11:17:34,466 [INFO] ThirdParty:1030 - CMSIS Pack Vendor :STMicroelectronics X-CUBE-MEMS1 11.3.0
2025-06-14 11:17:34,466 [INFO] ThirdParty:1030 - CMSIS Pack Vendor :STMicroelectronics X-CUBE-AZRTOS-H7RS 1.0.0
2025-06-14 11:17:34,466 [INFO] ThirdParty:1030 - CMSIS Pack Vendor :STMicroelectronics FP-ATR-ASTRA1 2.0.0
2025-06-14 11:17:34,466 [INFO] ThirdParty:1030 - CMSIS Pack Vendor :STMicroelectronics X-CUBE-AI 9.1.0
2025-06-14 11:17:34,466 [INFO] ThirdParty:1030 - CMSIS Pack Vendor :STMicroelectronics X-CUBE-TOF1 3.4.0
2025-06-14 11:17:34,466 [INFO] ThirdParty:1030 - CMSIS Pack Vendor :STMicroelectronics X-CUBE-TOF1 3.4.1
2025-06-14 11:17:34,466 [INFO] ThirdParty:1030 - CMSIS Pack Vendor :STMicroelectronics X-CUBE-AZRTOS-H7 3.2.0
2025-06-14 11:17:34,466 [INFO] ThirdParty:1030 - CMSIS Pack Vendor :wolfSSL I-CUBE-wolfSSH 1.4.17
2025-06-14 11:17:34,466 [INFO] ThirdParty:841 - exiting critical section [change project]
2025-06-14 11:17:34,574 [INFO] PinOutPanel:1499 - setPackage(No Configuration,No Configuration)
2025-06-14 11:17:34,575 [INFO] PinOutPanel:1499 - setPackage(STM32F103CBTx,LQFP48)
2025-06-14 11:17:34,878 [INFO] UtilMem:75 - Before build in PCC Used Memory: 284028480 Bytes (684720128)
2025-06-14 11:17:35,117 [INFO] UtilMem:75 - After build in PCC Used Memory: 325971520 Bytes (684720128)
2025-06-14 11:17:35,132 [INFO] IPUIPlugin:80 - create IPUIPlugin
2025-06-14 11:17:35,132 [INFO] IPUIPlugin:80 - create IPUIPlugin
2025-06-14 11:17:35,132 [INFO] IPUIPlugin:80 - create IPUIPlugin
2025-06-14 11:17:35,132 [INFO] IPUIPlugin:80 - create IPUIPlugin
2025-06-14 11:17:35,132 [INFO] IPUIPlugin:80 - create IPUIPlugin
2025-06-14 11:17:35,133 [INFO] IPUIPlugin:80 - create IPUIPlugin
2025-06-14 11:17:35,133 [INFO] IPUIPlugin:80 - create IPUIPlugin
2025-06-14 11:17:35,133 [INFO] IPUIPlugin:80 - create IPUIPlugin
2025-06-14 11:17:35,133 [INFO] IPUIPlugin:80 - create IPUIPlugin
2025-06-14 11:17:35,133 [INFO] IPUIPlugin:80 - create IPUIPlugin
2025-06-14 11:17:35,133 [INFO] IPUIPlugin:80 - create IPUIPlugin
2025-06-14 11:17:35,133 [INFO] IPUIPlugin:80 - create IPUIPlugin
2025-06-14 11:17:35,134 [INFO] IPUIPlugin:80 - create IPUIPlugin
2025-06-14 11:17:35,134 [INFO] IPUIPlugin:80 - create IPUIPlugin
2025-06-14 11:17:35,134 [INFO] IPUIPlugin:80 - create IPUIPlugin
2025-06-14 11:17:35,134 [INFO] IPUIPlugin:80 - create IPUIPlugin
2025-06-14 11:17:35,134 [INFO] IPUIPlugin:80 - create IPUIPlugin
2025-06-14 11:17:35,135 [INFO] IPUIPlugin:80 - create IPUIPlugin
2025-06-14 11:17:35,135 [INFO] IPUIPlugin:80 - create IPUIPlugin
2025-06-14 11:17:35,135 [INFO] IPUIPlugin:80 - create IPUIPlugin
2025-06-14 11:17:35,135 [INFO] IPUIPlugin:80 - create IPUIPlugin
2025-06-14 11:17:35,135 [INFO] IPUIPlugin:80 - create IPUIPlugin
2025-06-14 11:17:35,135 [INFO] IPUIPlugin:80 - create IPUIPlugin
2025-06-14 11:17:35,136 [INFO] IPUIPlugin:80 - create IPUIPlugin
2025-06-14 11:17:35,136 [INFO] IPUIPlugin:80 - create IPUIPlugin
2025-06-14 11:17:35,136 [INFO] IPUIPlugin:80 - create IPUIPlugin
2025-06-14 11:17:35,136 [INFO] IPUIPlugin:80 - create IPUIPlugin
2025-06-14 11:17:35,139 [WARN] IP:2114 - I2C_Coeff_DF not found: check if there is a RefParameter without a condition.
2025-06-14 11:17:35,139 [WARN] IP:2114 - Analog_Filter not found: check if there is a RefParameter without a condition.
2025-06-14 11:17:35,187 [INFO] CADModel:165 - CPN selected for project levelSTM32F103CBT6
2025-06-14 11:17:35,187 [INFO] CADModel:114 - Register for checkConnection events
2025-06-14 11:17:35,244 [INFO] OpenFileManager:328 - Restore cursor
2025-06-14 11:17:35,434 [WARN] IP:2114 - I2C_Coeff_DF not found: check if there is a RefParameter without a condition.
2025-06-14 11:17:35,434 [WARN] IP:2114 - Analog_Filter not found: check if there is a RefParameter without a condition.
2025-06-14 11:17:35,435 [WARN] IP:2114 - I2C_Coeff_DF not found: check if there is a RefParameter without a condition.
2025-06-14 11:17:35,435 [WARN] IP:2114 - Analog_Filter not found: check if there is a RefParameter without a condition.
2025-06-14 16:21:06,898 [ERROR] ConfigurationRetriever:142 - IOException on connection: Remote host terminated the handshake
2025-06-14 16:21:06,919 [ERROR] ConfigurationRetriever:142 - IOException on connection: Remote host terminated the handshake
2025-06-14 16:21:06,927 [ERROR] ConfigurationRetriever:142 - IOException on connection: Remote host terminated the handshake
2025-06-14 16:51:50,524 [INFO] Activator:176 - 


2025-06-14 16:51:50,526 [INFO] Activator:177 - !SESSION log4j initialized
2025-06-14 16:51:57,496 [INFO] LogOutputStream:77 - [STDOUT_REDIRECT] 
2025-06-14 16:52:00,465 [INFO] ApplicationProperties:184 - Using Application install path: D:\ITC\STM32\STM32CubeIDE_1.13.0\STM32CubeIDE\plugins\com.st.stm32cube.common.mx_6.9.0.202307051724
2025-06-14 16:52:00,483 [INFO] DbMcusXml:78 - Set database path to: D:\ITC\STM32\STM32CubeIDE_1.13.0\STM32CubeIDE\plugins\com.st.stm32cube.common.mx_6.9.0.202307051724\\db\/mcu/
2025-06-14 16:52:00,483 [INFO] ApiDb:274 - Set plugin database path to: D:\ITC\STM32\STM32CubeIDE_1.13.0\STM32CubeIDE\plugins\com.st.stm32cube.common.mx_6.9.0.202307051724\\db\/plugins/boardmanager/
2025-06-14 16:52:00,483 [WARN] ApiDb:259 - Overriding images path with different value:  => D:\ITC\STM32\STM32CubeIDE_1.13.0\STM32CubeIDE\plugins\com.st.stm32cube.common.mx_6.9.0.202307051724\\db\/plugins/mcufinder/images/
2025-06-14 16:52:00,494 [INFO] ApiDb:250 - Set database path to: C:\Users\msi1\.stmcufinder\plugins\mcufinder//mcu/
2025-06-14 16:52:00,496 [INFO] DbMcusAds:125 - Set database path to: C:\Users\msi1\.stmcufinder\plugins\mcufinder//mcu/
2025-06-14 16:52:00,497 [INFO] CrossReferenceDbSqlite:203 - Set database path to: C:\Users\msi1\.stmcufinder\plugins\mcufinder//mcu/cs/
2025-06-14 16:52:00,633 [INFO] RulesReader:64 - Compatibility file has been processed (293 Rules)
2025-06-14 16:52:00,741 [INFO] DbMcusXml:78 - Set database path to: D:\ITC\STM32\STM32CubeIDE_1.13.0\STM32CubeIDE\plugins\com.st.stm32cube.common.mx_6.9.0.202307051724\\db\/mcu/
2025-06-14 16:52:00,741 [INFO] ApiDb:274 - Set plugin database path to: D:\ITC\STM32\STM32CubeIDE_1.13.0\STM32CubeIDE\plugins\com.st.stm32cube.common.mx_6.9.0.202307051724\\db\/plugins/boardmanager/
2025-06-14 16:52:00,741 [INFO] ApiDb:261 - Set plugin images path to: D:\ITC\STM32\STM32CubeIDE_1.13.0\STM32CubeIDE\plugins\com.st.stm32cube.common.mx_6.9.0.202307051724\\db\/plugins/mcufinder/images/
2025-06-14 16:52:00,742 [WARN] DbFile:41 - Overriding database path with different value: C:\Users\msi1\.stmcufinder\plugins\mcufinder/ => C:\Users\msi1\.stmcufinder\plugins\mcufinder
2025-06-14 16:52:00,742 [INFO] ApiDb:250 - Set database path to: C:\Users\msi1\.stmcufinder\plugins\mcufinder//mcu/
2025-06-14 16:52:00,742 [WARN] DbFile:41 - Overriding database path with different value: C:\Users\msi1\.stmcufinder\plugins\mcufinder/ => C:\Users\msi1\.stmcufinder\plugins\mcufinder
2025-06-14 16:52:00,742 [INFO] DbMcusAds:125 - Set database path to: C:\Users\msi1\.stmcufinder\plugins\mcufinder//mcu/
2025-06-14 16:52:00,742 [WARN] DbFile:41 - Overriding database path with different value: C:\Users\msi1\.stmcufinder\plugins\mcufinder/ => C:\Users\msi1\.stmcufinder\plugins\mcufinder
2025-06-14 16:52:00,742 [WARN] DbFile:41 - Overriding database path with different value: C:\Users\msi1\.stmcufinder\plugins\mcufinder/ => C:\Users\msi1\.stmcufinder\plugins\mcufinder
2025-06-14 16:52:00,742 [INFO] CrossReferenceDbSqlite:203 - Set database path to: C:\Users\msi1\.stmcufinder\plugins\mcufinder//mcu/cs/
2025-06-14 16:52:00,822 [INFO] MainPanel:262 - HeapMemory: 268435456
2025-06-14 16:52:00,917 [INFO] DbMcusXml:78 - Set database path to: D:\ITC\STM32\STM32CubeIDE_1.13.0\STM32CubeIDE\plugins\com.st.stm32cube.common.mx_6.9.0.202307051724\\db\/mcu/
2025-06-14 16:52:00,917 [INFO] ApiDb:274 - Set plugin database path to: D:\ITC\STM32\STM32CubeIDE_1.13.0\STM32CubeIDE\plugins\com.st.stm32cube.common.mx_6.9.0.202307051724\\db\/plugins/boardmanager/
2025-06-14 16:52:00,917 [INFO] ApiDb:261 - Set plugin images path to: D:\ITC\STM32\STM32CubeIDE_1.13.0\STM32CubeIDE\plugins\com.st.stm32cube.common.mx_6.9.0.202307051724\\db\/plugins/mcufinder/images/
2025-06-14 16:52:00,918 [WARN] DbFile:41 - Overriding database path with different value: C:\Users\msi1\.stmcufinder\plugins\mcufinder/ => C:\Users\msi1\.stmcufinder\plugins\mcufinder
2025-06-14 16:52:00,918 [INFO] ApiDb:250 - Set database path to: C:\Users\msi1\.stmcufinder\plugins\mcufinder//mcu/
2025-06-14 16:52:00,918 [WARN] DbFile:41 - Overriding database path with different value: C:\Users\msi1\.stmcufinder\plugins\mcufinder/ => C:\Users\msi1\.stmcufinder\plugins\mcufinder
2025-06-14 16:52:00,918 [INFO] DbMcusAds:125 - Set database path to: C:\Users\msi1\.stmcufinder\plugins\mcufinder//mcu/
2025-06-14 16:52:00,918 [WARN] DbFile:41 - Overriding database path with different value: C:\Users\msi1\.stmcufinder\plugins\mcufinder/ => C:\Users\msi1\.stmcufinder\plugins\mcufinder
2025-06-14 16:52:00,918 [WARN] DbFile:41 - Overriding database path with different value: C:\Users\msi1\.stmcufinder\plugins\mcufinder/ => C:\Users\msi1\.stmcufinder\plugins\mcufinder
2025-06-14 16:52:00,918 [INFO] CrossReferenceDbSqlite:203 - Set database path to: C:\Users\msi1\.stmcufinder\plugins\mcufinder//mcu/cs/
2025-06-14 16:52:00,936 [INFO] ApplicationProperties:184 - Using Application install path: D:\ITC\STM32\STM32CubeIDE_1.13.0\STM32CubeIDE\plugins\com.st.stm32cube.common.mx_6.9.0.202307051724
2025-06-14 16:52:00,937 [INFO] PluginManage:196 - Search for loadable plugins [exclusion list=, ]
2025-06-14 16:52:00,939 [INFO] PluginManage:310 - Check plugin analytics
2025-06-14 16:52:01,104 [INFO] AnalyticsPlugin:253 - Accepted Software Licenses: 
2025-06-14 16:52:01,105 [INFO] AnalyticsPlugin:255 - Accepted CMSIS Pack Licenses: 
2025-06-14 16:52:01,105 [INFO] AnalyticsPlugin:257 - Accepted Firmware Licenses: FW.F4.1.27.0
2025-06-14 16:52:01,107 [INFO] PluginManage:359 - Loaded plugin analytics (category:tool,tabindex:-1)
2025-06-14 16:52:01,108 [INFO] PluginManage:310 - Check plugin cadmodel
2025-06-14 16:52:01,125 [INFO] CADModel:105 - Init CAD model plugin
2025-06-14 16:52:01,125 [INFO] PluginManage:359 - Loaded plugin cadmodel (category:power,tabindex:5)
2025-06-14 16:52:01,125 [INFO] PluginManage:310 - Check plugin clock
2025-06-14 16:52:01,150 [INFO] PluginManage:359 - Loaded plugin clock (category:base,tabindex:2)
2025-06-14 16:52:01,150 [INFO] PluginManage:310 - Check plugin ddr
2025-06-14 16:52:01,157 [INFO] PluginManage:359 - Loaded plugin ddr (category:tool,tabindex:6)
2025-06-14 16:52:01,157 [INFO] PluginManage:310 - Check plugin filemanager
2025-06-14 16:52:01,295 [INFO] PluginManage:359 - Loaded plugin filemanager (category:base,tabindex:10)
2025-06-14 16:52:01,295 [INFO] PluginManage:310 - Check plugin ipmanager
2025-06-14 16:52:01,303 [INFO] PluginManage:359 - Loaded plugin ipmanager (category:base,tabindex:5)
2025-06-14 16:52:01,303 [INFO] PluginManage:310 - Check plugin lpbam
2025-06-14 16:52:01,322 [INFO] PluginManage:359 - Loaded plugin lpbam (category:base,tabindex:0)
2025-06-14 16:52:01,322 [INFO] PluginManage:310 - Check plugin memorymap
2025-06-14 16:52:01,362 [INFO] PluginManage:359 - Loaded plugin memorymap (category:base,tabindex:4)
2025-06-14 16:52:01,362 [INFO] PluginManage:310 - Check plugin pinoutandconfiguration
2025-06-14 16:52:01,383 [INFO] PluginManage:359 - Loaded plugin pinoutandconfiguration (category:base,tabindex:1)
2025-06-14 16:52:01,383 [INFO] PluginManage:310 - Check plugin pinoutconfig
2025-06-14 16:52:01,487 [WARN] SupportedApi:132 - Cannot load RTOS API schema: s4s-elt-must-match.1: The content of 'definitions' must match (annotation?, (simpleType | complexType)?, (unique | key | keyref)*)). A problem was found starting at: attribute.
2025-06-14 16:52:01,640 [INFO] PluginManage:359 - Loaded plugin pinoutconfig (category:base,tabindex:0)
2025-06-14 16:52:01,640 [INFO] PluginManage:310 - Check plugin power
2025-06-14 16:52:01,674 [INFO] PluginManage:359 - Loaded plugin power (category:power,tabindex:4)
2025-06-14 16:52:01,674 [INFO] PluginManage:310 - Check plugin projectmanager
2025-06-14 16:52:01,687 [INFO] PluginManage:359 - Loaded plugin projectmanager (category:projectmanager,tabindex:3)
2025-06-14 16:52:01,688 [INFO] PluginManage:310 - Check plugin thirdparty
2025-06-14 16:52:01,878 [INFO] PluginManage:359 - Loaded plugin thirdparty (category:base,tabindex:-1)
2025-06-14 16:52:01,877 [WARN] IntegrityCheckThread:84 - waiting for thirdparty lock release [integrity check]
2025-06-14 16:52:01,878 [INFO] PluginManage:310 - Check plugin tools
2025-06-14 16:52:01,878 [INFO] IntegrityCheckThread:86 - entering critical section [integrity check]
2025-06-14 16:52:01,878 [INFO] ThirdPartyUpdaterWithRetryManager:70 - Updater plugin not ready yet. [1/15]
2025-06-14 16:52:01,882 [INFO] PluginManage:359 - Loaded plugin tools (category:base,tabindex:7)
2025-06-14 16:52:01,882 [INFO] PluginManage:310 - Check plugin tutovideos
2025-06-14 16:52:02,075 [INFO] PluginManage:359 - Loaded plugin tutovideos (category:base,tabindex:-1)
2025-06-14 16:52:02,075 [INFO] PluginManage:310 - Check plugin updater
2025-06-14 16:52:02,087 [INFO] PluginManage:359 - Loaded plugin updater (category:base,tabindex:12)
2025-06-14 16:52:02,087 [INFO] PluginManage:310 - Check plugin userauth
2025-06-14 16:52:02,093 [INFO] UserAuth:113 - Init User Auth plugin
2025-06-14 16:52:02,093 [INFO] PluginManage:359 - Loaded plugin userauth (category:base,tabindex:14)
2025-06-14 16:52:02,093 [INFO] PluginManage:283 - PluginManage : Loaded plugins [17]
2025-06-14 16:52:02,307 [INFO] PinOutPanel:1499 - setPackage(No Configuration,No Configuration)
2025-06-14 16:52:02,427 [INFO] CADModel:165 - CPN selected for project level
2025-06-14 16:52:02,427 [INFO] CADModel:114 - Register for checkConnection events
2025-06-14 16:52:02,455 [INFO] IPUIPlugin:80 - create IPUIPlugin
2025-06-14 16:52:02,455 [INFO] PluginManager:220 - loadIPPluginJar : add adc
2025-06-14 16:52:02,493 [INFO] IPUIPlugin:80 - create IPUIPlugin
2025-06-14 16:52:02,493 [INFO] PluginManager:220 - loadIPPluginJar : add aes
2025-06-14 16:52:02,538 [INFO] IPUIPlugin:80 - create IPUIPlugin
2025-06-14 16:52:02,538 [INFO] PluginManager:220 - loadIPPluginJar : add can
2025-06-14 16:52:02,548 [INFO] IPUIPlugin:80 - create IPUIPlugin
2025-06-14 16:52:02,548 [INFO] PluginManager:220 - loadIPPluginJar : add comp
2025-06-14 16:52:02,592 [INFO] IPUIPlugin:80 - create IPUIPlugin
2025-06-14 16:52:02,592 [INFO] PluginManager:220 - loadIPPluginJar : add cryp
2025-06-14 16:52:02,596 [INFO] IPUIPlugin:80 - create IPUIPlugin
2025-06-14 16:52:02,596 [INFO] PluginManager:220 - loadIPPluginJar : add dfsdm
2025-06-14 16:52:02,613 [INFO] IPUIPlugin:80 - create IPUIPlugin
2025-06-14 16:52:02,614 [INFO] PluginManager:220 - loadIPPluginJar : add dma
2025-06-14 16:52:02,671 [INFO] IPUIPlugin:80 - create IPUIPlugin
2025-06-14 16:52:02,671 [INFO] PluginManager:220 - loadIPPluginJar : add dma3
2025-06-14 16:52:02,706 [INFO] IPUIPlugin:80 - create IPUIPlugin
2025-06-14 16:52:02,706 [INFO] PluginManager:220 - loadIPPluginJar : add fatfs
2025-06-14 16:52:02,766 [INFO] IPUIPlugin:80 - create IPUIPlugin
2025-06-14 16:52:02,766 [INFO] PluginManager:220 - loadIPPluginJar : add fmc
2025-06-14 16:52:02,779 [INFO] McuFinderGlobals:63 - Set McuFinder mode to 2 (CubeIDE integrated)
2025-06-14 16:52:02,785 [INFO] IPUIPlugin:80 - create IPUIPlugin
2025-06-14 16:52:02,785 [INFO] PluginManager:220 - loadIPPluginJar : add freertos
2025-06-14 16:52:02,788 [INFO] IPUIPlugin:80 - create IPUIPlugin
2025-06-14 16:52:02,788 [INFO] PluginManager:220 - loadIPPluginJar : add genericplugin
2025-06-14 16:52:02,892 [INFO] IPUIPlugin:80 - create IPUIPlugin
2025-06-14 16:52:02,892 [INFO] PluginManager:220 - loadIPPluginJar : add gfxmmu
2025-06-14 16:52:03,024 [INFO] IPUIPlugin:80 - create IPUIPlugin
2025-06-14 16:52:03,024 [INFO] PluginManager:220 - loadIPPluginJar : add gic
2025-06-14 16:52:03,038 [INFO] IPUIPlugin:80 - create IPUIPlugin
2025-06-14 16:52:03,038 [INFO] PluginManager:220 - loadIPPluginJar : add gpio
2025-06-14 16:52:03,131 [INFO] IPUIPlugin:80 - create IPUIPlugin
2025-06-14 16:52:03,131 [INFO] PluginManager:220 - loadIPPluginJar : add gtzc
2025-06-14 16:52:03,134 [INFO] IPUIPlugin:80 - create IPUIPlugin
2025-06-14 16:52:03,134 [INFO] PluginManager:220 - loadIPPluginJar : add hash
2025-06-14 16:52:03,192 [INFO] IPUIPlugin:80 - create IPUIPlugin
2025-06-14 16:52:03,192 [INFO] PluginManager:220 - loadIPPluginJar : add i2c
2025-06-14 16:52:03,237 [INFO] IPUIPlugin:80 - create IPUIPlugin
2025-06-14 16:52:03,238 [INFO] PluginManager:220 - loadIPPluginJar : add i2s
2025-06-14 16:52:03,280 [INFO] IPUIPlugin:80 - create IPUIPlugin
2025-06-14 16:52:03,280 [INFO] PluginManager:220 - loadIPPluginJar : add i3c
2025-06-14 16:52:03,381 [INFO] IPUIPlugin:80 - create IPUIPlugin
2025-06-14 16:52:03,381 [INFO] PluginManager:220 - loadIPPluginJar : add ipddr
2025-06-14 16:52:03,475 [INFO] IPUIPlugin:80 - create IPUIPlugin
2025-06-14 16:52:03,475 [INFO] PluginManager:220 - loadIPPluginJar : add linkedlist
2025-06-14 16:52:03,478 [INFO] IPUIPlugin:80 - create IPUIPlugin
2025-06-14 16:52:03,478 [INFO] PluginManager:220 - loadIPPluginJar : add lorawan
2025-06-14 16:52:03,518 [INFO] IPUIPlugin:80 - create IPUIPlugin
2025-06-14 16:52:03,518 [INFO] PluginManager:220 - loadIPPluginJar : add ltdc
2025-06-14 16:52:03,532 [INFO] IPUIPlugin:80 - create IPUIPlugin
2025-06-14 16:52:03,532 [INFO] PluginManager:220 - loadIPPluginJar : add mdma
2025-06-14 16:52:03,546 [INFO] IPUIPlugin:80 - create IPUIPlugin
2025-06-14 16:52:03,546 [INFO] PluginManager:220 - loadIPPluginJar : add nvic
2025-06-14 16:52:03,588 [INFO] IPUIPlugin:80 - create IPUIPlugin
2025-06-14 16:52:03,588 [INFO] PluginManager:220 - loadIPPluginJar : add opamp
2025-06-14 16:52:03,655 [INFO] IPUIPlugin:80 - create IPUIPlugin
2025-06-14 16:52:03,655 [INFO] PluginManager:220 - loadIPPluginJar : add openamp
2025-06-14 16:52:03,703 [INFO] IPUIPlugin:80 - create IPUIPlugin
2025-06-14 16:52:03,703 [INFO] PluginManager:220 - loadIPPluginJar : add pdm2pcm
2025-06-14 16:52:03,719 [INFO] IPUIPlugin:80 - create IPUIPlugin
2025-06-14 16:52:03,721 [INFO] PluginManager:220 - loadIPPluginJar : add plateformsettings
2025-06-14 16:52:03,723 [INFO] IPUIPlugin:80 - create IPUIPlugin
2025-06-14 16:52:03,723 [INFO] PluginManager:220 - loadIPPluginJar : add quadspi
2025-06-14 16:52:03,737 [INFO] IPUIPlugin:80 - create IPUIPlugin
2025-06-14 16:52:03,737 [INFO] PluginManager:220 - loadIPPluginJar : add resmgrutility
2025-06-14 16:52:03,792 [INFO] IPUIPlugin:80 - create IPUIPlugin
2025-06-14 16:52:03,792 [INFO] PluginManager:220 - loadIPPluginJar : add sai
2025-06-14 16:52:03,834 [INFO] IPUIPlugin:80 - create IPUIPlugin
2025-06-14 16:52:03,834 [INFO] PluginManager:220 - loadIPPluginJar : add spi
2025-06-14 16:52:03,890 [INFO] IPUIPlugin:80 - create IPUIPlugin
2025-06-14 16:52:03,890 [INFO] PluginManager:220 - loadIPPluginJar : add stm32_wpan
2025-06-14 16:52:03,892 [INFO] IPUIPlugin:80 - create IPUIPlugin
2025-06-14 16:52:03,892 [INFO] PluginManager:220 - loadIPPluginJar : add tim
2025-06-14 16:52:03,949 [INFO] IPUIPlugin:80 - create IPUIPlugin
2025-06-14 16:52:03,950 [INFO] PluginManager:220 - loadIPPluginJar : add touchsensing
2025-06-14 16:52:03,952 [INFO] IPUIPlugin:80 - create IPUIPlugin
2025-06-14 16:52:03,952 [INFO] PluginManager:220 - loadIPPluginJar : add tracer_emb
2025-06-14 16:52:03,954 [INFO] IPUIPlugin:80 - create IPUIPlugin
2025-06-14 16:52:03,954 [INFO] PluginManager:220 - loadIPPluginJar : add ts
2025-06-14 16:52:03,956 [INFO] IPUIPlugin:80 - create IPUIPlugin
2025-06-14 16:52:03,956 [INFO] PluginManager:220 - loadIPPluginJar : add tsc
2025-06-14 16:52:03,981 [INFO] IPUIPlugin:80 - create IPUIPlugin
2025-06-14 16:52:03,981 [INFO] PluginManager:220 - loadIPPluginJar : add ucpd
2025-06-14 16:52:04,029 [INFO] IPUIPlugin:80 - create IPUIPlugin
2025-06-14 16:52:04,029 [INFO] PluginManager:220 - loadIPPluginJar : add usart
2025-06-14 16:52:04,077 [INFO] IPUIPlugin:80 - create IPUIPlugin
2025-06-14 16:52:04,077 [INFO] PluginManager:220 - loadIPPluginJar : add usbx
2025-06-14 16:52:04,193 [INFO] CADModel:165 - CPN selected for project level
2025-06-14 16:52:04,194 [INFO] CADModel:114 - Register for checkConnection events
2025-06-14 16:52:04,194 [FATAL] Updater:308 - Updater called before beeing initialized
2025-06-14 16:52:04,194 [ERROR] CADModel:125 - Updater not yet initialized, retry later 
2025-06-14 16:52:04,341 [INFO] CADModel:165 - CPN selected for project level
2025-06-14 16:52:04,341 [INFO] CADModel:114 - Register for checkConnection events
2025-06-14 16:52:04,341 [FATAL] Updater:308 - Updater called before beeing initialized
2025-06-14 16:52:04,342 [ERROR] CADModel:125 - Updater not yet initialized, retry later 
2025-06-14 16:52:04,344 [FATAL] Updater:308 - Updater called before beeing initialized
2025-06-14 16:52:04,442 [FATAL] Updater:308 - Updater called before beeing initialized
2025-06-14 16:52:04,448 [INFO] DbMcusAds:53 - JSON generation date=Wed May 07 16:07:55 ICT 2025 (1746608875638)
2025-06-14 16:52:04,448 [FATAL] Updater:308 - Updater called before beeing initialized
2025-06-14 16:52:04,536 [WARN] DetailPanel:346 - Failed to get advertising image, set to default
2025-06-14 16:52:04,616 [FATAL] Updater:308 - Updater called before beeing initialized
2025-06-14 16:52:04,618 [FATAL] Updater:308 - Updater called before beeing initialized
2025-06-14 16:52:04,618 [FATAL] Updater:308 - Updater called before beeing initialized
2025-06-14 16:52:04,618 [WARN] DetailPanel:346 - Failed to get advertising image, set to default
2025-06-14 16:52:04,619 [FATAL] Updater:308 - Updater called before beeing initialized
2025-06-14 16:52:04,669 [ERROR] Updater:1120 - MainUpdater not yet initialized. External WinMGr cannot be set.
2025-06-14 16:52:04,672 [INFO] Updater:1056 - Updater Version found : 6.9.0
2025-06-14 16:52:04,691 [INFO] ApplicationProperties:184 - Using Application install path: D:\ITC\STM32\STM32CubeIDE_1.13.0\STM32CubeIDE\plugins\com.st.stm32cube.common.mx_6.9.0.202307051724
2025-06-14 16:52:04,879 [INFO] ThirdPartyUpdaterWithRetryManager:70 - Updater plugin not ready yet. [2/15]
2025-06-14 16:52:04,949 [INFO] MainUpdater:2868 - connection check result : 10
2025-06-14 16:52:04,950 [INFO] MainUpdater:285 - Updater Check For Update Now.
2025-06-14 16:52:04,950 [INFO] MicroXplorer:498 - Change Database Version : DB.6.0.90
2025-06-14 16:52:04,957 [INFO] McuFinderGlobals:63 - Set McuFinder mode to 2 (CubeIDE integrated)
2025-06-14 16:52:05,195 [INFO] CheckServerUpdateThread:120 - End of CheckServer Thread
2025-06-14 16:52:05,377 [INFO] MainUpdater:2868 - connection check result : 10
2025-06-14 16:52:05,379 [INFO] MainUpdater:2868 - connection check result : 10
2025-06-14 16:52:05,497 [INFO] MicroXplorer:468 - Change Database Path : 
2025-06-14 16:52:05,497 [INFO] MicroXplorer:498 - Change Database Version : DB.6.0.90
2025-06-14 16:52:05,500 [WARN] ThirdParty:871 - waiting for thirdparty lock release [close project]
2025-06-14 16:52:08,155 [WARN] PackLoader:240 - Cannot read IP mode file for STMicroelectronics.FP-SNS-MOTENVWB1.1.4.0
2025-06-14 16:52:08,165 [WARN] PackLoader:240 - Cannot read IP mode file for STMicroelectronics.FP-ATR-ASTRA1.2.0.2
2025-06-14 16:52:08,177 [WARN] PackLoader:240 - Cannot read IP mode file for STMicroelectronics.FP-ATR-ASTRA1.2.0.1
2025-06-14 16:52:08,193 [WARN] PackLoader:240 - Cannot read IP mode file for STMicroelectronics.X-CUBE-SMBUS.2.1.0
2025-06-14 16:52:08,210 [WARN] PackLoader:240 - Cannot read IP mode file for STMicroelectronics.X-CUBE-WB05N.1.1.0
2025-06-14 16:52:08,223 [ERROR] Engine:466 - C:\Users\msi1\.stm32cubemx\thirdparties\pdsc\STMicroelectronics.X-CUBE-ST60.1.0.0.pdsc: PDSC version is not supported
2025-06-14 16:52:08,239 [WARN] PackLoader:240 - Cannot read IP mode file for STMicroelectronics.X-CUBE-TOUCHGFX.4.23.0
2025-06-14 16:52:08,251 [WARN] PackLoader:240 - Cannot read IP mode file for STMicroelectronics.X-CUBE-TOUCHGFX.4.23.2
2025-06-14 16:52:08,285 [WARN] PackLoader:240 - Cannot read IP mode file for STMicroelectronics.X-CUBE-AZRTOS-F7.1.1.0
2025-06-14 16:52:08,303 [ERROR] RealEvaluatedCondition:428 - Found unsupported composite condition: CLASS='Data Exchange' GROUP='STM32_MetaDataManager'
2025-06-14 16:52:08,303 [ERROR] RealEvaluatedCondition:428 - Found unsupported composite condition: GROUP='STM32_MetaDataManager' CLASS='Data Exchange'
2025-06-14 16:52:08,304 [WARN] PackLoader:240 - Cannot read IP mode file for STMicroelectronics.FP-SNS-MOTENV1.4.3.0
2025-06-14 16:52:08,319 [WARN] PackLoader:240 - Cannot read IP mode file for STMicroelectronics.FP-SNS-MOTENV1.4.3.2
2025-06-14 16:52:08,326 [WARN] PackLoader:240 - Cannot read IP mode file for STMicroelectronics.FP-SNS-FLIGHT1.5.0.0
2025-06-14 16:52:08,342 [WARN] PackLoader:240 - Cannot read IP mode file for STMicroelectronics.X-CUBE-BLE1.6.2.4
2025-06-14 16:52:08,347 [WARN] PackLoader:240 - Cannot read IP mode file for STMicroelectronics.FP-SNS-FLIGHT1.5.0.2
2025-06-14 16:52:08,366 [ERROR] Engine:466 - C:\Users\msi1\.stm32cubemx\thirdparties\pdsc\Infineon.AIROC-Wi-Fi-Bluetooth-STM32.1.7.0.pdsc: PDSC version is not supported
2025-06-14 16:52:08,385 [WARN] PackLoader:240 - Cannot read IP mode file for STMicroelectronics.X-CUBE-DISPLAY.3.0.0
2025-06-14 16:52:08,402 [WARN] PackLoader:240 - Cannot read IP mode file for STMicroelectronics.X-CUBE-BLE1.7.0.0
2025-06-14 16:52:08,416 [WARN] PackLoader:240 - Cannot read IP mode file for STMicroelectronics.X-CUBE-NFC10.1.0.0
2025-06-14 16:52:08,429 [ERROR] Engine:466 - C:\Users\msi1\.stm32cubemx\thirdparties\pdsc\STMicroelectronics.X-CUBE-BLEMGR.4.0.0.pdsc: PDSC version is not supported
2025-06-14 16:52:08,442 [WARN] PackLoader:240 - Cannot read IP mode file for emotas.I-CUBE-CANOPEN.1.3.0
2025-06-14 16:52:08,455 [WARN] PackLoader:240 - Cannot read IP mode file for STMicroelectronics.X-CUBE-TOUCHGFX.4.22.0
2025-06-14 16:52:08,468 [WARN] PackLoader:240 - Cannot read IP mode file for STMicroelectronics.X-CUBE-TOUCHGFX.4.22.1
2025-06-14 16:52:08,486 [WARN] PackLoader:240 - Cannot read IP mode file for STMicroelectronics.X-CUBE-BLEMGR.3.1.0
2025-06-14 16:52:08,501 [WARN] PackLoader:240 - Cannot read IP mode file for STMicroelectronics.X-CUBE-AI.10.0.0
2025-06-14 16:52:08,513 [WARN] PackLoader:240 - Cannot read IP mode file for STMicroelectronics.FP-SNS-SMARTAG2.1.2.0
2025-06-14 16:52:08,516 [ERROR] Engine:466 - C:\Users\msi1\.stm32cubemx\thirdparties\pdsc\STMicroelectronics.FP-SNS-FLIGHT1.5.1.0.pdsc: PDSC version is not supported
2025-06-14 16:52:08,572 [WARN] PackLoader:240 - Cannot read IP mode file for STMicroelectronics.X-CUBE-MEMS1.11.1.0
2025-06-14 16:52:08,703 [INFO] LogOutputStream:77 - [STDOUT_REDIRECT] 1 : Invalid condition id : UX_CORESTACK_Condition cause : null
2025-06-14 16:52:08,705 [INFO] LogOutputStream:77 - [STDOUT_REDIRECT] 1 : Invalid condition id : UX_CORESTACK_Condition cause : null
2025-06-14 16:52:08,705 [INFO] LogOutputStream:77 - [STDOUT_REDIRECT] 1 : Invalid condition id : UX_CORESTACK_Condition cause : null
2025-06-14 16:52:08,706 [INFO] LogOutputStream:77 - [STDOUT_REDIRECT] 1 : Invalid condition id : UX_CORESTACK_Condition cause : null
2025-06-14 16:52:08,707 [INFO] LogOutputStream:77 - [STDOUT_REDIRECT] 1 : Invalid condition id : UX_CORESTACK_Condition cause : null
2025-06-14 16:52:08,709 [WARN] PackLoader:240 - Cannot read IP mode file for STMicroelectronics.X-CUBE-AZRTOS-WL.2.0.0
2025-06-14 16:52:08,725 [WARN] PackLoader:240 - Cannot read IP mode file for STMicroelectronics.FP-SNS-MOTENV1.5.0.0
2025-06-14 16:52:08,730 [WARN] PackLoader:240 - Cannot read IP mode file for wolfSSL.I-CUBE-wolfMQTT.1.19.0
2025-06-14 16:52:08,748 [WARN] PackLoader:240 - Cannot read IP mode file for WES.I-CUBE-Cesium.1.3.0
2025-06-14 16:52:08,766 [WARN] PackLoader:240 - Cannot read IP mode file for STMicroelectronics.X-CUBE-BLE2.3.3.0
2025-06-14 16:52:08,783 [WARN] PackLoader:240 - Cannot read IP mode file for STMicroelectronics.X-CUBE-NFC9.1.0.0
2025-06-14 16:52:08,800 [WARN] PackLoader:240 - Cannot read IP mode file for STMicroelectronics.X-CUBE-BLE1.7.1.0
2025-06-14 16:52:08,817 [WARN] PackLoader:240 - Cannot read IP mode file for STMicroelectronics.X-CUBE-TCPP.4.1.0
2025-06-14 16:52:08,837 [WARN] PackLoader:240 - Cannot read IP mode file for STMicroelectronics.X-CUBE-TOUCHGFX.4.21.4
2025-06-14 16:52:08,854 [WARN] PackLoader:240 - Cannot read IP mode file for STMicroelectronics.X-CUBE-AI.10.1.0
2025-06-14 16:52:08,873 [WARN] PackLoader:240 - Cannot read IP mode file for STMicroelectronics.X-CUBE-ALGOBUILD.1.3.0
2025-06-14 16:52:08,938 [WARN] PackLoader:240 - Cannot read IP mode file for STMicroelectronics.X-CUBE-MEMS1.11.2.0
2025-06-14 16:52:09,122 [WARN] PackLoader:240 - Cannot read IP mode file for STMicroelectronics.X-CUBE-AZRTOS-G0.1.1.0
2025-06-14 16:52:09,146 [WARN] PackLoader:240 - Cannot read IP mode file for STMicroelectronics.X-CUBE-SAFEA1.1.2.2
2025-06-14 16:52:09,166 [WARN] PackLoader:240 - Cannot read IP mode file for STMicroelectronics.X-CUBE-NFC4.3.0.0
2025-06-14 16:52:09,172 [WARN] PackLoader:240 - Cannot read IP mode file for wolfSSL.I-CUBE-wolfMQTT.1.18.0
2025-06-14 16:52:09,190 [ERROR] Engine:466 - C:\Users\msi1\.stm32cubemx\thirdparties\pdsc\EmbeddedOffice.I-CUBE-FS-RTOS.1.0.1.pdsc: PDSC version is not supported
2025-06-14 16:52:09,209 [WARN] PackLoader:240 - Cannot read IP mode file for STMicroelectronics.X-CUBE-WB05N.2.0.0
2025-06-14 16:52:09,231 [WARN] PackLoader:240 - Cannot read IP mode file for STMicroelectronics.X-CUBE-BLEMGR.3.0.0
2025-06-14 16:52:09,251 [ERROR] Engine:466 - C:\Users\msi1\.stm32cubemx\thirdparties\pdsc\STMicroelectronics.X-CUBE-TCPP.4.2.0.pdsc: PDSC version is not supported
2025-06-14 16:52:09,266 [ERROR] Engine:466 - C:\Users\msi1\.stm32cubemx\thirdparties\pdsc\RealThread.X-CUBE-RT-Thread_Nano.4.1.1.pdsc: PDSC version is not supported
2025-06-14 16:52:09,271 [WARN] PackLoader:240 - Cannot read IP mode file for STMicroelectronics.FP-ATR-SIGFOX1.3.2.0
2025-06-14 16:52:09,275 [ERROR] Engine:466 - C:\Users\msi1\.stm32cubemx\thirdparties\pdsc\quantropi.X-CUBE-qispace-sdk-base.1.9.3.pdsc: PDSC version is not supported
2025-06-14 16:52:09,291 [WARN] PackLoader:240 - Cannot read IP mode file for STMicroelectronics.X-CUBE-EEPRMA1.5.1.0
2025-06-14 16:52:09,306 [WARN] PackLoader:240 - Cannot read IP mode file for wolfSSL.I-CUBE-wolfSSL.5.7.6
2025-06-14 16:52:09,324 [WARN] PackLoader:240 - Cannot read IP mode file for ITTIA_DB.I-CUBE-ITTIADB.8.9.0
2025-06-14 16:52:09,338 [ERROR] Engine:466 - C:\Users\msi1\.stm32cubemx\thirdparties\pdsc\STMicroelectronics.X-CUBE-ST67W61.1.0.0.pdsc: PDSC version is not supported
2025-06-14 16:52:09,377 [WARN] PackLoader:240 - Cannot read IP mode file for SEGGER.I-CUBE-embOS.1.3.1
2025-06-14 16:52:09,424 [WARN] PackLoader:240 - Cannot read IP mode file for STMicroelectronics.X-CUBE-ALGOBUILD.1.4.0
2025-06-14 16:52:09,473 [WARN] PackLoader:240 - Cannot read IP mode file for STMicroelectronics.X-CUBE-MEMS1.11.3.0
2025-06-14 16:52:09,594 [WARN] PackLoader:240 - Cannot read IP mode file for STMicroelectronics.X-CUBE-AI.9.1.0
2025-06-14 16:52:09,626 [WARN] PackLoader:240 - Cannot read IP mode file for STMicroelectronics.X-CUBE-GNSS1.6.0.0
2025-06-14 16:52:09,667 [WARN] PackLoader:240 - Cannot read IP mode file for STMicroelectronics.X-CUBE-AZRTOS-F4.1.1.0
2025-06-14 16:52:09,682 [ERROR] Engine:466 - C:\Users\msi1\.stm32cubemx\thirdparties\pdsc\Avnet-IotConnect.X-CUBE-IoTC-DA16k-PMOD.1.0.0.pdsc: PDSC version is not supported
2025-06-14 16:52:09,695 [WARN] PackLoader:240 - Cannot read IP mode file for wolfSSL.I-CUBE-wolfSSL.5.6.0
2025-06-14 16:52:09,710 [WARN] PackLoader:240 - Cannot read IP mode file for STMicroelectronics.X-CUBE-ISPU.2.1.0
2025-06-14 16:52:09,725 [WARN] PackLoader:240 - Cannot read IP mode file for STMicroelectronics.X-CUBE-FREERTOS.1.2.0
2025-06-14 16:52:09,753 [WARN] PackLoader:240 - Cannot read IP mode file for STMicroelectronics.X-CUBE-AZRTOS-L5.2.0.0
2025-06-14 16:52:09,795 [WARN] PackLoader:240 - Cannot read IP mode file for STMicroelectronics.X-CUBE-MEMS1.9.6.0
2025-06-14 16:52:09,897 [WARN] PackLoader:240 - Cannot read IP mode file for STMicroelectronics.X-CUBE-EEPRMA1.4.2.0
2025-06-14 16:52:09,912 [WARN] PackLoader:240 - Cannot read IP mode file for STMicroelectronics.X-CUBE-NFC6.3.1.0
2025-06-14 16:52:09,928 [WARN] PackLoader:240 - Cannot read IP mode file for ITTIA_DB.I-CUBE-ITTIADB.8.8.0
2025-06-14 16:52:09,943 [WARN] PackLoader:240 - Cannot read IP mode file for emotas.I-CUBE-CANOPEN.1.1.3
2025-06-14 16:52:09,960 [WARN] PackLoader:240 - Cannot read IP mode file for STMicroelectronics.X-CUBE-BLEMGR.2.0.0
2025-06-14 16:52:09,975 [ERROR] Engine:466 - C:\Users\msi1\.stm32cubemx\thirdparties\pdsc\STMicroelectronics.X-CUBE-DPower.1.2.0.pdsc: PDSC version is not supported
2025-06-14 16:52:09,987 [WARN] PackLoader:240 - Cannot read IP mode file for STMicroelectronics.X-CUBE-AI.9.0.0
2025-06-14 16:52:10,017 [WARN] ConditionMgr:438 - getConditionDescription Invalid condition id : UX DEVICE CLASS RTOS Condition cause : null
2025-06-14 16:52:10,017 [WARN] ConditionMgr:438 - getConditionDescription Invalid condition id : UX DEVICE CLASS RTOS Condition cause : null
2025-06-14 16:52:10,019 [WARN] PackLoader:240 - Cannot read IP mode file for STMicroelectronics.X-CUBE-AZRTOS-H7.3.1.0
2025-06-14 16:52:10,020 [WARN] ConditionMgr:1039 - genDependencies : Invalid condition id : UX DEVICE CLASS RTOS Condition cause : null
2025-06-14 16:52:10,020 [WARN] ConditionMgr:1039 - genDependencies : Invalid condition id : UX DEVICE CLASS RTOS Condition cause : null
2025-06-14 16:52:10,020 [WARN] ConditionMgr:1039 - genDependencies : Invalid condition id : UX DEVICE CLASS RTOS Condition cause : null
2025-06-14 16:52:10,020 [WARN] ConditionMgr:1039 - genDependencies : Invalid condition id : UX DEVICE CLASS RTOS Condition cause : null
2025-06-14 16:52:10,020 [WARN] ConditionMgr:1039 - genDependencies : Invalid condition id : UX DEVICE CLASS RTOS Condition cause : null
2025-06-14 16:52:10,034 [WARN] PackLoader:240 - Cannot read IP mode file for STMicroelectronics.X-CUBE-FREERTOS.1.3.1
2025-06-14 16:52:10,048 [WARN] PackLoader:240 - Cannot read IP mode file for STMicroelectronics.X-CUBE-FREERTOS.1.3.0
2025-06-14 16:52:10,064 [WARN] PackLoader:240 - Cannot read IP mode file for STMicroelectronics.X-CUBE-NFC7.1.0.1
2025-06-14 16:52:10,080 [WARN] PackLoader:240 - Cannot read IP mode file for STMicroelectronics.X-CUBE-NFC7.1.0.0
2025-06-14 16:52:10,085 [WARN] PackLoader:240 - Cannot read IP mode file for wolfSSL.I-CUBE-wolfTPM.3.2.0
2025-06-14 16:52:10,100 [WARN] PackLoader:240 - Cannot read IP mode file for STMicroelectronics.X-CUBE-NFC6.3.0.0
2025-06-14 16:52:10,115 [WARN] PackLoader:240 - Cannot read IP mode file for STMicroelectronics.X-CUBE-EEPRMA1.4.1.0
2025-06-14 16:52:10,131 [ERROR] Engine:466 - C:\Users\msi1\.stm32cubemx\thirdparties\pdsc\STMicroelectronics.X-CUBE-DPower.1.3.0.pdsc: PDSC version is not supported
2025-06-14 16:52:10,144 [WARN] PackLoader:240 - Cannot read IP mode file for STMicroelectronics.X-CUBE-AI.8.1.0
2025-06-14 16:52:10,182 [WARN] ConditionMgr:438 - getConditionDescription Invalid condition id : LAN8742 Phy interface Condition cause : null
2025-06-14 16:52:10,183 [WARN] PackLoader:240 - Cannot read IP mode file for STMicroelectronics.X-CUBE-AZRTOS-L4.2.0.0
2025-06-14 16:52:10,185 [WARN] ConditionMgr:1039 - genDependencies : Invalid condition id : LAN8742 Phy interface Condition cause : null
2025-06-14 16:52:10,185 [WARN] ConditionMgr:1039 - genDependencies : Invalid condition id : LAN8742 Phy interface Condition cause : null
2025-06-14 16:52:10,186 [WARN] ConditionMgr:1039 - genDependencies : Invalid condition id : LAN8742 Phy interface Condition cause : null
2025-06-14 16:52:10,209 [WARN] PackLoader:240 - Cannot read IP mode file for STMicroelectronics.X-CUBE-SFXS2LP1.4.0.0
2025-06-14 16:52:10,230 [WARN] PackLoader:240 - Cannot read IP mode file for STMicroelectronics.X-CUBE-ISPU.1.1.0
2025-06-14 16:52:10,267 [WARN] PackLoader:240 - Cannot read IP mode file for STMicroelectronics.X-CUBE-AZRTOS-H7.3.3.0
2025-06-14 16:52:10,284 [ERROR] Engine:466 - C:\Users\msi1\.stm32cubemx\thirdparties\pdsc\STMicroelectronics.X-CUBE-IPS.3.0.0.pdsc: PDSC version is not supported
2025-06-14 16:52:10,309 [WARN] ConditionMgr:438 - getConditionDescription Invalid condition id : UX DEVICE CLASS RTOS Condition cause : null
2025-06-14 16:52:10,309 [WARN] ConditionMgr:438 - getConditionDescription Invalid condition id : UX DEVICE CLASS RTOS Condition cause : null
2025-06-14 16:52:10,310 [WARN] PackLoader:240 - Cannot read IP mode file for STMicroelectronics.X-CUBE-AZRTOS-WB.2.0.0
2025-06-14 16:52:10,310 [WARN] ConditionMgr:1039 - genDependencies : Invalid condition id : UX DEVICE CLASS RTOS Condition cause : null
2025-06-14 16:52:10,311 [WARN] ConditionMgr:1039 - genDependencies : Invalid condition id : UX DEVICE CLASS RTOS Condition cause : null
2025-06-14 16:52:10,311 [WARN] ConditionMgr:1039 - genDependencies : Invalid condition id : UX DEVICE CLASS RTOS Condition cause : null
2025-06-14 16:52:10,311 [WARN] ConditionMgr:1039 - genDependencies : Invalid condition id : UX DEVICE CLASS RTOS Condition cause : null
2025-06-14 16:52:10,311 [WARN] ConditionMgr:1039 - genDependencies : Invalid condition id : UX DEVICE CLASS RTOS Condition cause : null
2025-06-14 16:52:10,326 [WARN] PackLoader:240 - Cannot read IP mode file for STMicroelectronics.X-CUBE-FREERTOS.1.0.1
2025-06-14 16:52:10,343 [WARN] PackLoader:240 - Cannot read IP mode file for STMicroelectronics.X-CUBE-GNSS1.7.0.1
2025-06-14 16:52:10,359 [WARN] PackLoader:240 - Cannot read IP mode file for STMicroelectronics.X-CUBE-TOUCHGFX.4.25.0
2025-06-14 16:52:10,373 [ERROR] Engine:466 - C:\Users\msi1\.stm32cubemx\thirdparties\pdsc\STMicroelectronics.FP-SNS-STBOX1.2.0.0.pdsc: PDSC version is not supported
2025-06-14 16:52:10,399 [WARN] PackLoader:240 - Cannot read IP mode file for STMicroelectronics.X-CUBE-AZRTOS-L5.1.1.0
2025-06-14 16:52:10,419 [WARN] PackLoader:240 - Cannot read IP mode file for STMicroelectronics.X-CUBE-AI.8.0.1
2025-06-14 16:52:10,441 [WARN] PackLoader:240 - Cannot read IP mode file for STMicroelectronics.X-CUBE-SUBG2.5.0.0
2025-06-14 16:52:10,476 [WARN] PackLoader:240 - Cannot read IP mode file for STMicroelectronics.X-CUBE-AZRTOS-H7RS.1.1.0
2025-06-14 16:52:10,482 [WARN] PackLoader:240 - Cannot read IP mode file for Cesanta.I-CUBE-Mongoose.7.13.0
2025-06-14 16:52:10,499 [WARN] PackLoader:240 - Cannot read IP mode file for STMicroelectronics.X-CUBE-TOF1.3.3.1
2025-06-14 16:52:10,527 [WARN] PackLoader:240 - Cannot read IP mode file for STMicroelectronics.X-CUBE-AZRTOS-G4.2.0.0
2025-06-14 16:52:10,550 [WARN] PackLoader:240 - Cannot read IP mode file for STMicroelectronics.X-CUBE-TOF1.3.3.0
2025-06-14 16:52:10,577 [WARN] PackLoader:240 - Cannot read IP mode file for Infineon.AIROC-Wi-Fi-Bluetooth-STM32.1.5.1
2025-06-14 16:52:10,588 [WARN] PackLoader:240 - Cannot read IP mode file for STMicroelectronics.FP-SNS-MOTENVWB1.1.3.0
2025-06-14 16:52:10,603 [WARN] PackLoader:240 - Cannot read IP mode file for STMicroelectronics.X-CUBE-NFC7.2.0.0
2025-06-14 16:52:10,609 [WARN] PackLoader:240 - Cannot read IP mode file for STMicroelectronics.FP-SNS-MOTENVWB1.1.3.1
2025-06-14 16:52:10,645 [WARN] PackLoader:240 - Cannot read IP mode file for STMicroelectronics.X-CUBE-AZRTOS-L4.1.0.0
2025-06-14 16:52:10,659 [WARN] PackLoader:240 - Cannot read IP mode file for STMicroelectronics.X-CUBE-ISPU.2.0.0
2025-06-14 16:52:10,676 [ERROR] Engine:466 - C:\Users\msi1\.stm32cubemx\thirdparties\pdsc\STMicroelectronics.X-CUBE-IPS.3.1.0.pdsc: PDSC version is not supported
2025-06-14 16:52:10,690 [WARN] PackLoader:240 - Cannot read IP mode file for STMicroelectronics.X-CUBE-ALS.1.0.2
2025-06-14 16:52:10,734 [WARN] PackLoader:240 - Cannot read IP mode file for STMicroelectronics.X-CUBE-MEMS1.10.0.0
2025-06-14 16:52:10,813 [WARN] PackLoader:240 - Cannot read IP mode file for STMicroelectronics.X-CUBE-FREERTOS.1.1.0
2025-06-14 16:52:10,834 [WARN] PackLoader:240 - Cannot read IP mode file for STMicroelectronics.X-CUBE-TOUCHGFX.4.24.0
2025-06-14 16:52:10,852 [WARN] PackLoader:240 - Cannot read IP mode file for STMicroelectronics.X-CUBE-TOUCHGFX.4.24.2
2025-06-14 16:52:10,870 [WARN] PackLoader:240 - Cannot read IP mode file for STMicroelectronics.X-CUBE-AZRTOS-WL.1.0.0
2025-06-14 16:52:10,885 [WARN] PackLoader:240 - Cannot read IP mode file for STMicroelectronics.X-CUBE-TOUCHGFX.4.24.1
2025-06-14 16:52:10,898 [WARN] PackLoader:240 - Cannot read IP mode file for wolfSSL.I-CUBE-wolfTPM.3.4.0
2025-06-14 16:52:10,914 [WARN] PackLoader:240 - Cannot read IP mode file for portGmbH.I-Cube-SoM-uGOAL.1.1.0
2025-06-14 16:52:10,929 [WARN] PackLoader:240 - Cannot read IP mode file for STMicroelectronics.X-CUBE-ALS.1.0.1
2025-06-14 16:52:10,955 [WARN] PackLoader:240 - Cannot read IP mode file for STMicroelectronics.X-CUBE-AZRTOS-WB.1.1.0
2025-06-14 16:52:10,987 [WARN] PackLoader:240 - Cannot read IP mode file for STMicroelectronics.X-CUBE-AZRTOS-H7RS.1.0.0
2025-06-14 16:52:10,993 [WARN] PackLoader:240 - Cannot read IP mode file for STMicroelectronics.FP-ATR-ASTRA1.2.0.0
2025-06-14 16:52:11,011 [ERROR] Engine:466 - C:\Users\msi1\.stm32cubemx\thirdparties\pdsc\STMicroelectronics.X-CUBE-TOF1.3.4.2.pdsc: PDSC version is not supported
2025-06-14 16:52:11,027 [ERROR] Engine:466 - C:\Users\msi1\.stm32cubemx\thirdparties\pdsc\STMicroelectronics.X-CUBE-TOF1.3.4.3.pdsc: PDSC version is not supported
2025-06-14 16:52:11,054 [WARN] PackLoader:240 - Cannot read IP mode file for STMicroelectronics.X-CUBE-TOF1.3.4.0
2025-06-14 16:52:11,090 [WARN] PackLoader:240 - Cannot read IP mode file for STMicroelectronics.X-CUBE-TOF1.3.4.1
2025-06-14 16:52:11,133 [WARN] PackLoader:240 - Cannot read IP mode file for STMicroelectronics.X-CUBE-AZRTOS-H7.3.2.0
2025-06-14 16:52:11,156 [WARN] PackLoader:240 - Cannot read IP mode file for wolfSSL.I-CUBE-wolfSSH.1.4.17
2025-06-14 16:52:11,156 [INFO] ThirdParty:978 - Integrity check success = true
2025-06-14 16:52:11,156 [INFO] IntegrityCheckThread:100 - exiting critical section [integrity check]
2025-06-14 16:52:11,157 [INFO] IntegrityCheckThread:103 - End integrity checks thread
2025-06-14 16:52:11,157 [INFO] ThirdParty:873 - entering critical section [close project]
2025-06-14 16:52:11,158 [INFO] ThirdParty:883 - exiting critical section [close project]
2025-06-14 16:52:11,160 [INFO] PinOutPanel:1499 - setPackage(No Configuration,No Configuration)
2025-06-14 16:52:11,165 [INFO] UtilMem:75 - Begin LoadConfig() Used Memory: 184977008 Bytes (312475648)
2025-06-14 16:52:11,166 [INFO] MicroXplorer:468 - Change Database Path : 
2025-06-14 16:52:11,166 [INFO] MicroXplorer:498 - Change Database Version : DB.6.0.90
2025-06-14 16:52:11,166 [INFO] OpenFileManager:308 - Change cursor
2025-06-14 16:52:11,211 [INFO] Mcu:1946 - Initializing MCU STM32F103C(8-B)Tx STM32F103CBTx STM32F103CBT6
2025-06-14 16:52:12,127 [INFO] Context:659 - Trying to add GPIOservice into a context  which must be forbidden
2025-06-14 16:52:12,564 [INFO] RtosManager:555 - Registered RTOS mode: class=CMSIS, group=RTOS, mode=CMSIS_V1, owner=FREERTOS
2025-06-14 16:52:12,564 [INFO] RtosManager:555 - Registered RTOS mode: class=CMSIS, group=RTOS2, mode=CMSIS_V2, owner=FREERTOS
2025-06-14 16:52:12,565 [INFO] RtosManager:555 - Registered RTOS mode: class=RTOS, group=Core, mode=CMSIS_V1, owner=FREERTOS
2025-06-14 16:52:12,565 [INFO] RtosManager:555 - Registered RTOS mode: class=RTOS, group=Core, mode=CMSIS_V2, owner=FREERTOS
2025-06-14 16:52:12,565 [WARN] ModelIntegratedComponent:184 - Missing modes for component STMicroelectronics:FreeRTOS:0.0.1:STMicroelectronics:RTOS:FreeRTOS:Core:::10.2.0:
2025-06-14 16:52:12,569 [WARN] ModelIntegratedComponent:63 - No mode defined for component null
2025-06-14 16:52:12,569 [WARN] ModelIntegratedComponent:63 - No mode defined for component null
2025-06-14 16:52:12,570 [WARN] ModelIntegratedComponent:63 - No mode defined for component null
2025-06-14 16:52:12,570 [WARN] ModelIntegratedComponent:63 - No mode defined for component null
2025-06-14 16:52:12,570 [WARN] ModelIntegratedComponent:63 - No mode defined for component null
2025-06-14 16:52:12,570 [WARN] ModelIntegratedComponent:63 - No mode defined for component null
2025-06-14 16:52:12,570 [WARN] ModelIntegratedComponent:63 - No mode defined for component null
2025-06-14 16:52:12,570 [WARN] ModelIntegratedComponent:63 - No mode defined for component null
2025-06-14 16:52:12,570 [WARN] ModelIntegratedComponent:63 - No mode defined for component null
2025-06-14 16:52:12,570 [WARN] ModelIntegratedComponent:63 - No mode defined for component null
2025-06-14 16:52:12,570 [WARN] ModelIntegratedComponent:63 - No mode defined for component null
2025-06-14 16:52:12,570 [WARN] ModelIntegratedComponent:63 - No mode defined for component null
2025-06-14 16:52:12,570 [WARN] ModelIntegratedComponent:63 - No mode defined for component null
2025-06-14 16:52:12,570 [WARN] ModelIntegratedComponent:63 - No mode defined for component null
2025-06-14 16:52:12,570 [WARN] ModelIntegratedComponent:63 - No mode defined for component null
2025-06-14 16:52:12,570 [WARN] ModelIntegratedComponent:63 - No mode defined for component null
2025-06-14 16:52:12,570 [WARN] ModelIntegratedComponent:63 - No mode defined for component null
2025-06-14 16:52:12,570 [WARN] ModelIntegratedComponent:63 - No mode defined for component null
2025-06-14 16:52:12,570 [WARN] ModelIntegratedComponent:63 - No mode defined for component null
2025-06-14 16:52:12,570 [WARN] ModelIntegratedComponent:63 - No mode defined for component null
2025-06-14 16:52:12,570 [WARN] ModelIntegratedComponent:63 - No mode defined for component null
2025-06-14 16:52:12,571 [WARN] ModelIntegratedComponent:63 - No mode defined for component null
2025-06-14 16:52:12,571 [WARN] ModelIntegratedComponent:63 - No mode defined for component null
2025-06-14 16:52:12,571 [WARN] ModelIntegratedComponent:63 - No mode defined for component null
2025-06-14 16:52:12,571 [WARN] ModelIntegratedComponent:63 - No mode defined for component null
2025-06-14 16:52:12,571 [WARN] ModelIntegratedComponent:63 - No mode defined for component null
2025-06-14 16:52:12,571 [WARN] ModelIntegratedComponent:63 - No mode defined for component null
2025-06-14 16:52:12,571 [WARN] ModelIntegratedComponent:63 - No mode defined for component null
2025-06-14 16:52:12,571 [WARN] ModelIntegratedComponent:63 - No mode defined for component null
2025-06-14 16:52:12,571 [WARN] ModelIntegratedComponent:63 - No mode defined for component null
2025-06-14 16:52:12,571 [WARN] ModelIntegratedComponent:63 - No mode defined for component null
2025-06-14 16:52:12,571 [WARN] ModelIntegratedComponent:63 - No mode defined for component null
2025-06-14 16:52:12,571 [WARN] ModelIntegratedComponent:63 - No mode defined for component null
2025-06-14 16:52:12,910 [INFO] ThirdPartyModel:298 - Start build external matchings
2025-06-14 16:52:15,698 [INFO] ThirdPartyModel:316 - End build external matchings
2025-06-14 16:52:15,748 [INFO] ImportTextPane:194 - (OptionalMessage_ERROR) IP (RCC) : Parameter (ADCFreqValue) has invalid value (36000000)
2025-06-14 16:52:15,748 [INFO] ImportTextPane:194 - (OptionalMessage_ERROR) IP (RCC) : Invalid parameter (FamilyName)
2025-06-14 16:52:15,748 [INFO] ImportTextPane:194 - (OptionalMessage_ERROR) IP (RCC) : Parameter (MCOFreq_Value) has invalid value (72000000)
2025-06-14 16:52:15,749 [INFO] ImportTextPane:194 - (OptionalMessage_ERROR) IP (RCC) : Parameter (USBFreq_Value) has invalid value (72000000)
2025-06-14 16:52:15,965 [INFO] UtilMem:75 - End LoadConfig() Used Memory: 249245728 Bytes (343932928)
2025-06-14 16:52:16,108 [INFO] ApiDb:581 - Connected to CubeFinder SQLite database (C:\Users\msi1\.stmcufinder\plugins\mcufinder\mcu\cube-finder-db.db)
2025-06-14 16:52:16,206 [INFO] ApiDb:668 - CubeFinder database Data Model version=2.1
2025-06-14 16:52:16,206 [INFO] ApiDb:669 - CubeFinder database Configuration version=3.0.39
2025-06-14 16:52:16,206 [INFO] ApiDb:670 - CubeFinder database generation date=2025-04-23 (1745419778)
2025-06-14 16:52:16,206 [INFO] ApiDb:671 - CubeFinder database FW Pack versions=[FP-ATR-ASTRA1_V2.0.0, FP-SNS-FLIGHT1_V5.1.0, FP-SNS-MOTENV1_V5.0.0, FP-SNS-MOTENVWB1_V1.4.0, FP-SNS-SMARTAG2_V1.2.0, FP-SNS-STBOX1_V2.0.0, STM32Cube_FW_C0_V1.4.0, STM32Cube_FW_F4_V1.28.1, STM32Cube_FW_F7_V1.17.2, STM32Cube_FW_G0_V1.6.2, STM32Cube_FW_G4_V1.6.1, STM32Cube_FW_H5_V1.5.0, STM32Cube_FW_H7RS_V1.2.0, STM32Cube_FW_H7_V1.12.1, STM32Cube_FW_L0_V1.12.2, STM32Cube_FW_L4_V1.18.1, STM32Cube_FW_L5_V1.5.1, STM32Cube_FW_N6_V1.1.1, STM32Cube_FW_U0_V1.2.0, STM32Cube_FW_U3_V1.1.0, STM32Cube_FW_U5_V1.7.0, STM32Cube_FW_WB0_V1.2.0, STM32Cube_FW_WBA_V1.6.0, STM32Cube_FW_WB_V1.22.0, STM32Cube_FW_WL3_V1.1.0, STM32Cube_FW_WL_V1.3.1, X-CUBE-ALGOBUILD_V1.4.0, X-CUBE-ALS_V1.0.2, X-CUBE-AZRTOS-F4_V1.1.0, X-CUBE-AZRTOS-F7_V1.1.0, X-CUBE-AZRTOS-G0_V1.1.0, X-CUBE-AZRTOS-G4_V2.0.0, X-CUBE-AZRTOS-H7RS_V1.1.0, X-CUBE-AZRTOS-H7_V3.3.0, X-CUBE-AZRTOS-L4_V2.0.0, X-CUBE-AZRTOS-L5_V2.0.0, X-CUBE-AZRTOS-WB_V2.0.0, X-CUBE-AZRTOS-WL_V2.0.0, X-CUBE-BLE1_V7.1.0, X-CUBE-BLE2_V3.3.0, X-CUBE-BLEMGR_V4.0.0, X-CUBE-EEPRMA1_V5.1.0, X-CUBE-FREERTOS_V1.3.0, X-CUBE-GNSS1_V6.0.0, X-CUBE-MEMS1_V11.2.0, X-CUBE-NFC4_V3.0.0, X-CUBE-NFC7_V1.0.1, X-CUBE-SFXS2LP1_V4.0.0, X-CUBE-SUBG2_V5.0.0, X-CUBE-TOF1_V3.4.3]
2025-06-14 16:52:18,802 [INFO] ApiDb:240 - Found 323 in-development CPN: [B-G473E-ZEST1S, B-WB1M-WPAN1, B-WL5M-SUBG1, NUCLEO-C031C6, NUCLEO-H503RB, NUCLEO-H563ZI, NUCLEO-U545RE-Q, NUCLEO-U5A5ZJ-Q, NUCLEO-WBA52CG, STEVAL-PROTEUS1, STEVAL-SMARTAG2, STEVAL-STWINBX1, STM320518-EVAL, STM32C0116-DK, STM32C011D6Y3TR, STM32C011D6Y6TR, STM32C011F4P3, STM32C011F4P6, STM32C011F4U3, STM32C011F4U6TR, STM32C011F6P3, STM32C011F6P6, STM32C011F6U3, STM32C011F6U6TR, STM32C011J4M3, STM32C011J4M6, STM32C011J6M3, STM32C011J6M6, STM32C0316-DK, STM32C031C4T3, STM32C031C4T6, STM32C031C4U3, STM32C031C4U6, STM32C031C6T3, STM32C031C6T6, STM32C031C6U3, STM32C031C6U6, STM32C031F4P3, STM32C031F4P6, STM32C031F6P3, STM32C031F6P6, STM32C031G4U3, STM32C031G4U6, STM32C031G6U3, STM32C031G6U6, STM32C031K4T3, STM32C031K4T6, STM32C031K4U3, STM32C031K4U6, STM32C031K6T3, STM32C031K6T6, STM32C031K6U3, STM32C031K6U6, STM32G071K8TXN, STM32G071K8UXN, STM32G081GBU6N, STM32G081KBT6N, STM32G081KBUXN, STM32G0B1CCT6N, STM32G0B1KCT6, STM32G0B1NEY6TR, STM32G0B1RCT6N, STM32G0C1CCT6, STM32G0C1CCT6N, STM32G0C1CCU6N, STM32G0C1CET6N, STM32G0C1CEU6N, STM32G0C1KCT6, STM32G0C1NEY6TR, STM32G0C1RCI6N, STM32G0C1RCT6N, STM32G0C1REI6N, STM32G0C1RET6N, STM32G0C1VCI6, STM32G0C1VEI6, STM32G471CCT6, STM32G471CCU6, STM32G471CET3, STM32G471CET6, STM32G471CEU3, STM32G471CEU6, STM32G471MCT6, STM32G471MET3, STM32G471MET6, STM32G471MEY6TR, STM32G471QCT6, STM32G471QET3, STM32G471RCT6, STM32G471RET3, STM32G471RET6, STM32G471VCH6, STM32G471VCI6, STM32G471VCT6, STM32G471VEH3, STM32G471VEH6, STM32G471VEI3, STM32G471VEI6, STM32G471VET3, STM32G471VET6, STM32G474CCT6, STM32H503CBT6, STM32H503CBU6, STM32H503EBY6TR, STM32H503KBU6, STM32H503RBT6, STM32H562AGI6, STM32H562AII6, STM32H562IGK6, STM32H562IGT6, STM32H562IIK6, STM32H562IIT6, STM32H562RGT6, STM32H562RGV6, STM32H562RIT6, STM32H562RIV6, STM32H562VGT6, STM32H562VIT6, STM32H562ZGT6, STM32H562ZIT6, STM32H563AGI6, STM32H563AII3Q, STM32H563AII6, STM32H563IGK6, STM32H563IGT6, STM32H563IIK3Q, STM32H563IIK6, STM32H563IIT3Q, STM32H563IIT6, STM32H563MIY3QTR, STM32H563RGT6, STM32H563RGV6, STM32H563RIT6, STM32H563RIV6, STM32H563VGT6, STM32H563VIT3Q, STM32H563VIT6, STM32H563ZGT6, STM32H563ZIT3Q, STM32H563ZIT6, STM32H573AII3Q, STM32H573AII6, STM32H573I-DK, STM32H573IIK3Q, STM32H573IIK6, STM32H573IIT3Q, STM32H573IIT6, STM32H573MIY3QTR, STM32H573RIT6, STM32H573RIV6, STM32H573VIT3Q, STM32H573VIT6, STM32H573ZIT3Q, STM32H573ZIT6, STM32L4R5QGI6STR, STM32MP131AAE3, STM32MP131AAF3, STM32MP131AAG3, STM32MP131CAE3, STM32MP131CAF3, STM32MP131CAG3, STM32MP131DAE7, STM32MP131DAF7, STM32MP131DAG7, STM32MP131FAE7, STM32MP131FAF7, STM32MP131FAG7, STM32MP133AAE3, STM32MP133AAF3, STM32MP133AAG3, STM32MP133CAE3, STM32MP133CAF3, STM32MP133CAG3, STM32MP133DAE7, STM32MP133DAF7, STM32MP133DAG7, STM32MP133FAE7, STM32MP133FAF7, STM32MP133FAG7, STM32MP135AAE3, STM32MP135AAF3, STM32MP135AAG3, STM32MP135CAE3, STM32MP135CAF3, STM32MP135CAG3, STM32MP135DAE7, STM32MP135DAF7, STM32MP135DAG7, STM32MP135F-DK, STM32MP135FAE7, STM32MP135FAF7, STM32MP135FAF7T, STM32MP135FAF7U, STM32MP135FAG7, STM32U535CBT6, STM32U535CBT6Q, STM32U535CBU6, STM32U535CBU6Q, STM32U535CCT6, STM32U535CCT6Q, STM32U535CCU6, STM32U535CCU6Q, STM32U535CET6, STM32U535CET6Q, STM32U535CEU6, STM32U535CEU6Q, STM32U535JEY6QTR, STM32U535NCY6QTR, STM32U535NEY6QTR, STM32U535RBI6, STM32U535RBI6Q, STM32U535RBT6, STM32U535RBT6Q, STM32U535RCI6, STM32U535RCI6Q, STM32U535RCT6, STM32U535RCT6Q, STM32U535REI6, STM32U535REI6Q, STM32U535RET6, STM32U535RET6Q, STM32U535VCI6, STM32U535VCI6Q, STM32U535VCT6, STM32U535VCT6Q, STM32U535VEI6, STM32U535VEI6Q, STM32U535VET6, STM32U535VET6Q, STM32U545CET6, STM32U545CET6Q, STM32U545CEU6, STM32U545CEU6Q, STM32U545JEY6QTR, STM32U545NEY6QTR, STM32U545REI6, STM32U545REI6Q, STM32U545RET6, STM32U545RET6Q, STM32U545VEI6, STM32U545VEI6Q, STM32U545VET6, STM32U545VET6Q, STM32U595AIH6, STM32U595AIH6Q, STM32U595AJH6, STM32U595AJH6Q, STM32U595QII6, STM32U595QII6Q, STM32U595QJI6, STM32U595QJI6Q, STM32U595RIT6, STM32U595RIT6Q, STM32U595RJT6, STM32U595RJT6Q, STM32U595VIT6, STM32U595VIT6Q, STM32U595VJT6, STM32U595VJT6Q, STM32U595ZIT6, STM32U595ZIT6Q, STM32U595ZIY6QTR, STM32U595ZJT6, STM32U595ZJT6Q, STM32U595ZJY6QTR, STM32U599BJY6QTR, STM32U599NIH6Q, STM32U599NJH6Q, STM32U599VIT6Q, STM32U599VJT6, STM32U599VJT6Q, STM32U599ZIT6Q, STM32U599ZIY6QTR, STM32U599ZJT6Q, STM32U599ZJY6QTR, STM32U5A5AJH6, STM32U5A5AJH6Q, STM32U5A5QJI6, STM32U5A5QJI6Q, STM32U5A5RJT6, STM32U5A5RJT6Q, STM32U5A5VJT6, STM32U5A5VJT6Q, STM32U5A5ZJT6, STM32U5A5ZJT6Q, STM32U5A5ZJY6QTR, STM32U5A9BJY6QTR, STM32U5A9J-DK, STM32U5A9NJH6Q, STM32U5A9VJT6Q, STM32U5A9ZJT6Q, STM32U5A9ZJY6QTR, STM32U5F7VIT6, STM32U5F7VIT6Q, STM32U5F7VJT6, STM32U5F7VJT6Q, STM32U5F9BJY6QTR, STM32U5F9NJH6Q, STM32U5F9VIT6Q, STM32U5F9VJT6Q, STM32U5F9ZIJ6QTR, STM32U5F9ZIT6Q, STM32U5F9ZJJ6QTR, STM32U5F9ZJT6Q, STM32U5G7VJT6, STM32U5G7VJT6Q, STM32U5G9BJY6QTR, STM32U5G9J-DK1, STM32U5G9J-DK2, STM32U5G9NJH6Q, STM32U5G9VJT6Q, STM32U5G9ZJJ6QTR, STM32U5G9ZJT6Q, STM32WB1MMCH6, STM32WBA52CEU6, STM32WBA52CEU6T, STM32WBA52CGU6, STM32WBA52CGU6T, STM32WBA52KEU6, STM32WBA52KEU6T, STM32WBA52KGU6, STM32WBA52KGU6T, STM32WL5MOCH6, STM32WL5MOCH6TR]
2025-06-14 16:52:18,809 [INFO] DbMcus:217 - Found 4642 MCUs, 4642 are supported
2025-06-14 16:52:18,812 [INFO] ApiDb:423 - Load user favorites file C:\Users\msi1/.stm32cubeide/favorites.mcus.txt: 4 item(s)
2025-06-14 16:52:18,812 [INFO] ApiDb:427 - User favorites MCUs=[STM32F103CBT6, STM32F303VCT6, STM32F401CCU6, STM32F407VGT6]
2025-06-14 16:52:18,812 [INFO] DbMcus:223 - Set 4 / 4 favorites MCUs
2025-06-14 16:52:19,267 [WARN] ThirdParty:833 - waiting for thirdparty lock release [change project]
2025-06-14 16:52:19,267 [INFO] ThirdParty:835 - entering critical section [change project]
2025-06-14 16:52:19,268 [INFO] ThirdParty:1030 - CMSIS Pack Vendor :STMicroelectronics USBPD 4.1
2025-06-14 16:52:19,268 [INFO] ThirdParty:1030 - CMSIS Pack Vendor :STMicroelectronics X-CUBE-GNSS1 6.0.0
2025-06-14 16:52:19,268 [INFO] ThirdParty:1030 - CMSIS Pack Vendor :STMicroelectronics USB_HOST 2.0.0
2025-06-14 16:52:19,268 [INFO] ThirdParty:1030 - CMSIS Pack Vendor :STMicroelectronics FP-SNS-MOTENVWB1 1.4.0
2025-06-14 16:52:19,268 [INFO] ThirdParty:1030 - CMSIS Pack Vendor :STMicroelectronics X-CUBE-AZRTOS-F4 1.1.0
2025-06-14 16:52:19,268 [INFO] ThirdParty:1030 - CMSIS Pack Vendor :STMicroelectronics LIBJPEG 8.0.0
2025-06-14 16:52:19,268 [INFO] ThirdParty:1030 - CMSIS Pack Vendor :STMicroelectronics FP-ATR-ASTRA1 2.0.2
2025-06-14 16:52:19,268 [INFO] ThirdParty:1030 - CMSIS Pack Vendor :STMicroelectronics FP-ATR-ASTRA1 2.0.1
2025-06-14 16:52:19,268 [INFO] ThirdParty:1030 - CMSIS Pack Vendor :STMicroelectronics X-CUBE-SMBUS 2.1.0
2025-06-14 16:52:19,268 [INFO] ThirdParty:1030 - CMSIS Pack Vendor :STMicroelectronics X-CUBE-WB05N 1.1.0
2025-06-14 16:52:19,268 [INFO] ThirdParty:1030 - CMSIS Pack Vendor :wolfSSL I-CUBE-wolfSSL 5.6.0
2025-06-14 16:52:19,268 [INFO] ThirdParty:1030 - CMSIS Pack Vendor :STMicroelectronics X-CUBE-ISPU 2.1.0
2025-06-14 16:52:19,268 [INFO] ThirdParty:1030 - CMSIS Pack Vendor :STMicroelectronics X-CUBE-FREERTOS 1.2.0
2025-06-14 16:52:19,268 [INFO] ThirdParty:1030 - CMSIS Pack Vendor :STMicroelectronics X-CUBE-TOUCHGFX 4.23.0
2025-06-14 16:52:19,268 [INFO] ThirdParty:1030 - CMSIS Pack Vendor :STMicroelectronics X-CUBE-TOUCHGFX 4.23.2
2025-06-14 16:52:19,268 [INFO] ThirdParty:1030 - CMSIS Pack Vendor :STMicroelectronics X-CUBE-AZRTOS-F7 1.1.0
2025-06-14 16:52:19,268 [INFO] ThirdParty:1030 - CMSIS Pack Vendor :STMicroelectronics X-CUBE-AZRTOS-L5 2.0.0
2025-06-14 16:52:19,268 [INFO] ThirdParty:1030 - CMSIS Pack Vendor :STMicroelectronics USB_DEVICE 2.0.0
2025-06-14 16:52:19,268 [INFO] ThirdParty:1030 - CMSIS Pack Vendor :STMicroelectronics X-CUBE-MEMS1 9.6.0
2025-06-14 16:52:19,268 [INFO] ThirdParty:1030 - CMSIS Pack Vendor :STMicroelectronics X-CUBE-EEPRMA1 4.2.0
2025-06-14 16:52:19,268 [INFO] ThirdParty:1030 - CMSIS Pack Vendor :STMicroelectronics X-CUBE-NFC6 3.1.0
2025-06-14 16:52:19,268 [INFO] ThirdParty:1030 - CMSIS Pack Vendor :ITTIA_DB I-CUBE-ITTIADB 8.8.0
2025-06-14 16:52:19,268 [INFO] ThirdParty:1030 - CMSIS Pack Vendor :STMicroelectronics FP-SNS-MOTENV1 4.3.0
2025-06-14 16:52:19,268 [INFO] ThirdParty:1030 - CMSIS Pack Vendor :STMicroelectronics FP-SNS-MOTENV1 4.3.2
2025-06-14 16:52:19,268 [INFO] ThirdParty:1030 - CMSIS Pack Vendor :STMicroelectronics FP-SNS-FLIGHT1 5.0.0
2025-06-14 16:52:19,269 [INFO] ThirdParty:1030 - CMSIS Pack Vendor :STMicroelectronics X-CUBE-BLE1 6.2.4
2025-06-14 16:52:19,269 [INFO] ThirdParty:1030 - CMSIS Pack Vendor :STMicroelectronics FreeRTOS 0.0.1
2025-06-14 16:52:19,269 [INFO] ThirdParty:1030 - CMSIS Pack Vendor :emotas I-CUBE-CANOPEN 1.1.3
2025-06-14 16:52:19,269 [INFO] ThirdParty:1030 - CMSIS Pack Vendor :STMicroelectronics X-CUBE-BLEMGR 2.0.0
2025-06-14 16:52:19,269 [INFO] ThirdParty:1030 - CMSIS Pack Vendor :STMicroelectronics FP-SNS-FLIGHT1 5.0.2
2025-06-14 16:52:19,269 [INFO] ThirdParty:1030 - CMSIS Pack Vendor :STMicroelectronics X-CUBE-AI 9.0.0
2025-06-14 16:52:19,269 [INFO] ThirdParty:1030 - CMSIS Pack Vendor :STMicroelectronics X-CUBE-AZRTOS-H7 3.1.0
2025-06-14 16:52:19,269 [INFO] ThirdParty:1030 - CMSIS Pack Vendor :STMicroelectronics PDM2PCM 3.3.0
2025-06-14 16:52:19,269 [INFO] ThirdParty:1030 - CMSIS Pack Vendor :STMicroelectronics X-CUBE-DISPLAY 3.0.0
2025-06-14 16:52:19,269 [INFO] ThirdParty:1030 - CMSIS Pack Vendor :STMicroelectronics X-CUBE-BLE1 7.0.0
2025-06-14 16:52:19,269 [INFO] ThirdParty:1030 - CMSIS Pack Vendor :STMicroelectronics X-CUBE-NFC10 1.0.0
2025-06-14 16:52:19,269 [INFO] ThirdParty:1030 - CMSIS Pack Vendor :STMicroelectronics X-CUBE-FREERTOS 1.3.1
2025-06-14 16:52:19,269 [INFO] ThirdParty:1030 - CMSIS Pack Vendor :STMicroelectronics HAL Drivers 0.0.0
2025-06-14 16:52:19,269 [INFO] ThirdParty:1030 - CMSIS Pack Vendor :emotas I-CUBE-CANOPEN 1.3.0
2025-06-14 16:52:19,269 [INFO] ThirdParty:1030 - CMSIS Pack Vendor :STMicroelectronics X-CUBE-FREERTOS 1.3.0
2025-06-14 16:52:19,269 [INFO] ThirdParty:1030 - CMSIS Pack Vendor :STMicroelectronics X-CUBE-TOUCHGFX 4.22.0
2025-06-14 16:52:19,269 [INFO] ThirdParty:1030 - CMSIS Pack Vendor :STMicroelectronics X-CUBE-NFC7 1.0.1
2025-06-14 16:52:19,269 [INFO] ThirdParty:1030 - CMSIS Pack Vendor :STMicroelectronics MBEDTLS 2.14.1
2025-06-14 16:52:19,269 [INFO] ThirdParty:1030 - CMSIS Pack Vendor :STMicroelectronics X-CUBE-NFC7 1.0.0
2025-06-14 16:52:19,269 [INFO] ThirdParty:1030 - CMSIS Pack Vendor :STMicroelectronics X-CUBE-TOUCHGFX 4.22.1
2025-06-14 16:52:19,269 [INFO] ThirdParty:1030 - CMSIS Pack Vendor :wolfSSL I-CUBE-wolfTPM 3.2.0
2025-06-14 16:52:19,269 [INFO] ThirdParty:1030 - CMSIS Pack Vendor :STMicroelectronics X-CUBE-NFC6 3.0.0
2025-06-14 16:52:19,269 [INFO] ThirdParty:1030 - CMSIS Pack Vendor :STMicroelectronics X-CUBE-EEPRMA1 4.1.0
2025-06-14 16:52:19,269 [INFO] ThirdParty:1030 - CMSIS Pack Vendor :STMicroelectronics X-CUBE-BLEMGR 3.1.0
2025-06-14 16:52:19,269 [INFO] ThirdParty:1030 - CMSIS Pack Vendor :STMicroelectronics X-CUBE-AI 10.0.0
2025-06-14 16:52:19,270 [INFO] ThirdParty:1030 - CMSIS Pack Vendor :STMicroelectronics FP-SNS-SMARTAG2 1.2.0
2025-06-14 16:52:19,270 [INFO] ThirdParty:1030 - CMSIS Pack Vendor :STMicroelectronics X-CUBE-MEMS1 11.1.0
2025-06-14 16:52:19,270 [INFO] ThirdParty:1030 - CMSIS Pack Vendor :STMicroelectronics X-CUBE-AZRTOS-WL 2.0.0
2025-06-14 16:52:19,270 [INFO] ThirdParty:1030 - CMSIS Pack Vendor :STMicroelectronics FP-SNS-MOTENV1 5.0.0
2025-06-14 16:52:19,270 [INFO] ThirdParty:1030 - CMSIS Pack Vendor :STMicroelectronics USB_DEVICE 1.0.0
2025-06-14 16:52:19,270 [INFO] ThirdParty:1030 - CMSIS Pack Vendor :STMicroelectronics X-CUBE-AI 8.1.0
2025-06-14 16:52:19,270 [INFO] ThirdParty:1030 - CMSIS Pack Vendor :wolfSSL I-CUBE-wolfMQTT 1.19.0
2025-06-14 16:52:19,270 [INFO] ThirdParty:1030 - CMSIS Pack Vendor :STMicroelectronics X-CUBE-AZRTOS-L4 2.0.0
2025-06-14 16:52:19,270 [INFO] ThirdParty:1030 - CMSIS Pack Vendor :STMicroelectronics ThreadX 0.0.2
2025-06-14 16:52:19,270 [INFO] ThirdParty:1030 - CMSIS Pack Vendor :WES I-CUBE-Cesium 1.3.0
2025-06-14 16:52:19,270 [INFO] ThirdParty:1030 - CMSIS Pack Vendor :STMicroelectronics lwIP 2.1.2
2025-06-14 16:52:19,270 [INFO] ThirdParty:1030 - CMSIS Pack Vendor :STMicroelectronics X-CUBE-SFXS2LP1 4.0.0
2025-06-14 16:52:19,270 [INFO] ThirdParty:1030 - CMSIS Pack Vendor :STMicroelectronics X-CUBE-BLE2 3.3.0
2025-06-14 16:52:19,270 [INFO] ThirdParty:1030 - CMSIS Pack Vendor :STMicroelectronics PDM2PCM 3.2.0
2025-06-14 16:52:19,270 [INFO] ThirdParty:1030 - CMSIS Pack Vendor :STMicroelectronics X-CUBE-ISPU 1.1.0
2025-06-14 16:52:19,270 [INFO] ThirdParty:1030 - CMSIS Pack Vendor :STMicroelectronics X-CUBE-AZRTOS-H7 3.3.0
2025-06-14 16:52:19,270 [INFO] ThirdParty:1030 - CMSIS Pack Vendor :STMicroelectronics X-CUBE-NFC9 1.0.0
2025-06-14 16:52:19,270 [INFO] ThirdParty:1030 - CMSIS Pack Vendor :STMicroelectronics X-CUBE-BLE1 7.1.0
2025-06-14 16:52:19,270 [INFO] ThirdParty:1030 - CMSIS Pack Vendor :STMicroelectronics USB_DEVICE 3.0.0
2025-06-14 16:52:19,270 [INFO] ThirdParty:1030 - CMSIS Pack Vendor :STMicroelectronics X-CUBE-TCPP 4.1.0
2025-06-14 16:52:19,270 [INFO] ThirdParty:1030 - CMSIS Pack Vendor :STMicroelectronics X-CUBE-AZRTOS-WB 2.0.0
2025-06-14 16:52:19,270 [INFO] ThirdParty:1030 - CMSIS Pack Vendor :STMicroelectronics X-CUBE-FREERTOS 1.0.1
2025-06-14 16:52:19,271 [INFO] ThirdParty:1030 - CMSIS Pack Vendor :STMicroelectronics X-CUBE-GNSS1 7.0.1
2025-06-14 16:52:19,271 [INFO] ThirdParty:1030 - CMSIS Pack Vendor :STMicroelectronics X-CUBE-TOUCHGFX 4.21.4
2025-06-14 16:52:19,271 [INFO] ThirdParty:1030 - CMSIS Pack Vendor :STMicroelectronics X-CUBE-TOUCHGFX 4.25.0
2025-06-14 16:52:19,271 [INFO] ThirdParty:1030 - CMSIS Pack Vendor :STMicroelectronics X-CUBE-AI 10.1.0
2025-06-14 16:52:19,271 [INFO] ThirdParty:1030 - CMSIS Pack Vendor :STMicroelectronics X-CUBE-ALGOBUILD 1.3.0
2025-06-14 16:52:19,271 [INFO] ThirdParty:1030 - CMSIS Pack Vendor :STMicroelectronics X-CUBE-AZRTOS-L5 1.1.0
2025-06-14 16:52:19,271 [INFO] ThirdParty:1030 - CMSIS Pack Vendor :STMicroelectronics X-CUBE-MEMS1 11.2.0
2025-06-14 16:52:19,271 [INFO] ThirdParty:1030 - CMSIS Pack Vendor :STMicroelectronics X-CUBE-AZRTOS-G0 1.1.0
2025-06-14 16:52:19,271 [INFO] ThirdParty:1030 - CMSIS Pack Vendor :STMicroelectronics X-CUBE-AI 8.0.1
2025-06-14 16:52:19,271 [INFO] ThirdParty:1030 - CMSIS Pack Vendor :STMicroelectronics X-CUBE-SAFEA1 1.2.2
2025-06-14 16:52:19,271 [INFO] ThirdParty:1030 - CMSIS Pack Vendor :STMicroelectronics X-CUBE-NFC4 3.0.0
2025-06-14 16:52:19,271 [INFO] ThirdParty:1030 - CMSIS Pack Vendor :STMicroelectronics X-CUBE-SUBG2 5.0.0
2025-06-14 16:52:19,271 [INFO] ThirdParty:1030 - CMSIS Pack Vendor :STMicroelectronics X-CUBE-AZRTOS-H7RS 1.1.0
2025-06-14 16:52:19,271 [INFO] ThirdParty:1030 - CMSIS Pack Vendor :STMicroelectronics STM32_WPAN 1.0.0
2025-06-14 16:52:19,271 [INFO] ThirdParty:1030 - CMSIS Pack Vendor :wolfSSL I-CUBE-wolfMQTT 1.18.0
2025-06-14 16:52:19,271 [INFO] ThirdParty:1030 - CMSIS Pack Vendor :STMicroelectronics lwIP 2.0.3
2025-06-14 16:52:19,271 [INFO] ThirdParty:1030 - CMSIS Pack Vendor :Cesanta I-CUBE-Mongoose 7.13.0
2025-06-14 16:52:19,271 [INFO] ThirdParty:1030 - CMSIS Pack Vendor :STMicroelectronics USB_HOST 1.0.0
2025-06-14 16:52:19,271 [INFO] ThirdParty:1030 - CMSIS Pack Vendor :STMicroelectronics X-CUBE-TOF1 3.3.1
2025-06-14 16:52:19,271 [INFO] ThirdParty:1030 - CMSIS Pack Vendor :STMicroelectronics X-CUBE-AZRTOS-G4 2.0.0
2025-06-14 16:52:19,271 [INFO] ThirdParty:1030 - CMSIS Pack Vendor :STMicroelectronics X-CUBE-WB05N 2.0.0
2025-06-14 16:52:19,271 [INFO] ThirdParty:1030 - CMSIS Pack Vendor :STMicroelectronics PDM2PCM 3.1.0
2025-06-14 16:52:19,271 [INFO] ThirdParty:1030 - CMSIS Pack Vendor :STMicroelectronics X-CUBE-TOF1 3.3.0
2025-06-14 16:52:19,271 [INFO] ThirdParty:1030 - CMSIS Pack Vendor :Infineon AIROC-Wi-Fi-Bluetooth-STM32 1.5.1
2025-06-14 16:52:19,271 [INFO] ThirdParty:1030 - CMSIS Pack Vendor :STMicroelectronics X-CUBE-BLEMGR 3.0.0
2025-06-14 16:52:19,271 [INFO] ThirdParty:1030 - CMSIS Pack Vendor :STMicroelectronics FP-SNS-MOTENVWB1 1.3.0
2025-06-14 16:52:19,272 [INFO] ThirdParty:1030 - CMSIS Pack Vendor :STMicroelectronics X-CUBE-NFC7 2.0.0
2025-06-14 16:52:19,272 [INFO] ThirdParty:1030 - CMSIS Pack Vendor :STMicroelectronics FP-SNS-MOTENVWB1 1.3.1
2025-06-14 16:52:19,272 [INFO] ThirdParty:1030 - CMSIS Pack Vendor :STMicroelectronics FP-ATR-SIGFOX1 3.2.0
2025-06-14 16:52:19,272 [INFO] ThirdParty:1030 - CMSIS Pack Vendor :STMicroelectronics X-CUBE-AZRTOS-L4 1.0.0
2025-06-14 16:52:19,272 [INFO] ThirdParty:1030 - CMSIS Pack Vendor :STMicroelectronics X-CUBE-ISPU 2.0.0
2025-06-14 16:52:19,272 [INFO] ThirdParty:1030 - CMSIS Pack Vendor :STMicroelectronics X-CUBE-EEPRMA1 5.1.0
2025-06-14 16:52:19,272 [INFO] ThirdParty:1030 - CMSIS Pack Vendor :STMicroelectronics MBEDTLS 2.16.2
2025-06-14 16:52:19,272 [INFO] ThirdParty:1030 - CMSIS Pack Vendor :STMicroelectronics X-CUBE-ALS 1.0.2
2025-06-14 16:52:19,272 [INFO] ThirdParty:1030 - CMSIS Pack Vendor :STMicroelectronics X-CUBE-MEMS1 10.0.0
2025-06-14 16:52:19,272 [INFO] ThirdParty:1030 - CMSIS Pack Vendor :STMicroelectronics X-CUBE-FREERTOS 1.1.0
2025-06-14 16:52:19,272 [INFO] ThirdParty:1030 - CMSIS Pack Vendor :wolfSSL I-CUBE-wolfSSL 5.7.6
2025-06-14 16:52:19,272 [INFO] ThirdParty:1030 - CMSIS Pack Vendor :STMicroelectronics X-CUBE-TOUCHGFX 4.24.0
2025-06-14 16:52:19,272 [INFO] ThirdParty:1030 - CMSIS Pack Vendor :ITTIA_DB I-CUBE-ITTIADB 8.9.0
2025-06-14 16:52:19,272 [INFO] ThirdParty:1030 - CMSIS Pack Vendor :STMicroelectronics X-CUBE-TOUCHGFX 4.24.2
2025-06-14 16:52:19,272 [INFO] ThirdParty:1030 - CMSIS Pack Vendor :STMicroelectronics X-CUBE-AZRTOS-WL 1.0.0
2025-06-14 16:52:19,272 [INFO] ThirdParty:1030 - CMSIS Pack Vendor :STMicroelectronics X-CUBE-TOUCHGFX 4.24.1
2025-06-14 16:52:19,273 [INFO] ThirdParty:1030 - CMSIS Pack Vendor :wolfSSL I-CUBE-wolfTPM 3.4.0
2025-06-14 16:52:19,273 [INFO] ThirdParty:1030 - CMSIS Pack Vendor :portGmbH I-Cube-SoM-uGOAL 1.1.0
2025-06-14 16:52:19,273 [INFO] ThirdParty:1030 - CMSIS Pack Vendor :STMicroelectronics X-CUBE-ALS 1.0.1
2025-06-14 16:52:19,273 [INFO] ThirdParty:1030 - CMSIS Pack Vendor :STMicroelectronics ThreadX 1.0.0
2025-06-14 16:52:19,273 [INFO] ThirdParty:1030 - CMSIS Pack Vendor :STMicroelectronics X-CUBE-AZRTOS-WB 1.1.0
2025-06-14 16:52:19,273 [INFO] ThirdParty:1030 - CMSIS Pack Vendor :SEGGER I-CUBE-embOS 1.3.1
2025-06-14 16:52:19,273 [INFO] ThirdParty:1030 - CMSIS Pack Vendor :STMicroelectronics X-CUBE-ALGOBUILD 1.4.0
2025-06-14 16:52:19,273 [INFO] ThirdParty:1030 - CMSIS Pack Vendor :STMicroelectronics X-CUBE-MEMS1 11.3.0
2025-06-14 16:52:19,273 [INFO] ThirdParty:1030 - CMSIS Pack Vendor :STMicroelectronics X-CUBE-AZRTOS-H7RS 1.0.0
2025-06-14 16:52:19,273 [INFO] ThirdParty:1030 - CMSIS Pack Vendor :STMicroelectronics FP-ATR-ASTRA1 2.0.0
2025-06-14 16:52:19,273 [INFO] ThirdParty:1030 - CMSIS Pack Vendor :STMicroelectronics X-CUBE-AI 9.1.0
2025-06-14 16:52:19,273 [INFO] ThirdParty:1030 - CMSIS Pack Vendor :STMicroelectronics X-CUBE-TOF1 3.4.0
2025-06-14 16:52:19,273 [INFO] ThirdParty:1030 - CMSIS Pack Vendor :STMicroelectronics X-CUBE-TOF1 3.4.1
2025-06-14 16:52:19,273 [INFO] ThirdParty:1030 - CMSIS Pack Vendor :STMicroelectronics X-CUBE-AZRTOS-H7 3.2.0
2025-06-14 16:52:19,273 [INFO] ThirdParty:1030 - CMSIS Pack Vendor :wolfSSL I-CUBE-wolfSSH 1.4.17
2025-06-14 16:52:19,273 [INFO] ThirdParty:841 - exiting critical section [change project]
2025-06-14 16:52:19,536 [INFO] PinOutPanel:1499 - setPackage(No Configuration,No Configuration)
2025-06-14 16:52:19,538 [INFO] PinOutPanel:1499 - setPackage(STM32F103CBTx,LQFP48)
2025-06-14 16:52:19,963 [INFO] UtilMem:75 - Before build in PCC Used Memory: 199330208 Bytes (343932928)
2025-06-14 16:52:20,829 [INFO] UtilMem:75 - After build in PCC Used Memory: 269667872 Bytes (343932928)
2025-06-14 16:52:20,853 [INFO] IPUIPlugin:80 - create IPUIPlugin
2025-06-14 16:52:20,853 [INFO] IPUIPlugin:80 - create IPUIPlugin
2025-06-14 16:52:20,853 [INFO] IPUIPlugin:80 - create IPUIPlugin
2025-06-14 16:52:20,853 [INFO] IPUIPlugin:80 - create IPUIPlugin
2025-06-14 16:52:20,853 [INFO] IPUIPlugin:80 - create IPUIPlugin
2025-06-14 16:52:20,853 [INFO] IPUIPlugin:80 - create IPUIPlugin
2025-06-14 16:52:20,854 [INFO] IPUIPlugin:80 - create IPUIPlugin
2025-06-14 16:52:20,854 [INFO] IPUIPlugin:80 - create IPUIPlugin
2025-06-14 16:52:20,854 [INFO] IPUIPlugin:80 - create IPUIPlugin
2025-06-14 16:52:20,854 [INFO] IPUIPlugin:80 - create IPUIPlugin
2025-06-14 16:52:20,854 [INFO] IPUIPlugin:80 - create IPUIPlugin
2025-06-14 16:52:20,854 [INFO] IPUIPlugin:80 - create IPUIPlugin
2025-06-14 16:52:20,854 [INFO] IPUIPlugin:80 - create IPUIPlugin
2025-06-14 16:52:20,854 [INFO] IPUIPlugin:80 - create IPUIPlugin
2025-06-14 16:52:20,854 [INFO] IPUIPlugin:80 - create IPUIPlugin
2025-06-14 16:52:20,855 [INFO] IPUIPlugin:80 - create IPUIPlugin
2025-06-14 16:52:20,855 [INFO] IPUIPlugin:80 - create IPUIPlugin
2025-06-14 16:52:20,855 [INFO] IPUIPlugin:80 - create IPUIPlugin
2025-06-14 16:52:20,855 [INFO] IPUIPlugin:80 - create IPUIPlugin
2025-06-14 16:52:20,855 [INFO] IPUIPlugin:80 - create IPUIPlugin
2025-06-14 16:52:20,855 [INFO] IPUIPlugin:80 - create IPUIPlugin
2025-06-14 16:52:20,856 [INFO] IPUIPlugin:80 - create IPUIPlugin
2025-06-14 16:52:20,856 [INFO] IPUIPlugin:80 - create IPUIPlugin
2025-06-14 16:52:20,856 [INFO] IPUIPlugin:80 - create IPUIPlugin
2025-06-14 16:52:20,861 [INFO] IPUIPlugin:80 - create IPUIPlugin
2025-06-14 16:52:20,861 [INFO] IPUIPlugin:80 - create IPUIPlugin
2025-06-14 16:52:20,862 [INFO] IPUIPlugin:80 - create IPUIPlugin
2025-06-14 16:52:20,871 [WARN] IP:2114 - I2C_Coeff_DF not found: check if there is a RefParameter without a condition.
2025-06-14 16:52:20,871 [WARN] IP:2114 - Analog_Filter not found: check if there is a RefParameter without a condition.
2025-06-14 16:52:21,079 [INFO] CADModel:165 - CPN selected for project levelSTM32F103CBT6
2025-06-14 16:52:21,080 [INFO] CADModel:114 - Register for checkConnection events
2025-06-14 16:52:21,132 [INFO] OpenFileManager:328 - Restore cursor
2025-06-14 16:52:21,286 [WARN] IP:2114 - I2C_Coeff_DF not found: check if there is a RefParameter without a condition.
2025-06-14 16:52:21,286 [WARN] IP:2114 - Analog_Filter not found: check if there is a RefParameter without a condition.
2025-06-14 16:52:21,286 [WARN] IP:2114 - I2C_Coeff_DF not found: check if there is a RefParameter without a condition.
2025-06-14 16:52:21,287 [WARN] IP:2114 - Analog_Filter not found: check if there is a RefParameter without a condition.
2025-06-14 16:52:26,516 [ERROR] LogOutputStream:75 - [STDERR_REDIRECT] SLF4J: Failed to load class "org.slf4j.impl.StaticLoggerBinder".
2025-06-14 16:52:26,517 [ERROR] LogOutputStream:75 - [STDERR_REDIRECT] SLF4J: Defaulting to no-operation (NOP) logger implementation
2025-06-14 16:52:26,518 [ERROR] LogOutputStream:75 - [STDERR_REDIRECT] SLF4J: See http://www.slf4j.org/codes.html#StaticLoggerBinder for further details.
