2025-05-07 08:21:07,056 [INFO] Activator:176 - 


2025-05-07 08:21:07,062 [INFO] Activator:177 - !SESSION log4j initialized
2025-05-07 08:21:13,772 [INFO] LogOutputStream:77 - [STDOUT_REDIRECT] 
2025-05-07 08:21:17,617 [INFO] ApplicationProperties:184 - Using Application install path: D:\ITC\STM32\STM32CubeIDE_1.13.0\STM32CubeIDE\plugins\com.st.stm32cube.common.mx_6.9.0.202307051724
2025-05-07 08:21:17,635 [INFO] DbMcusXml:78 - Set database path to: D:\ITC\STM32\STM32CubeIDE_1.13.0\STM32CubeIDE\plugins\com.st.stm32cube.common.mx_6.9.0.202307051724\\db\/mcu/
2025-05-07 08:21:17,635 [INFO] ApiDb:274 - Set plugin database path to: D:\ITC\STM32\STM32CubeIDE_1.13.0\STM32CubeIDE\plugins\com.st.stm32cube.common.mx_6.9.0.202307051724\\db\/plugins/boardmanager/
2025-05-07 08:21:17,636 [WARN] ApiDb:259 - Overriding images path with different value:  => D:\ITC\STM32\STM32CubeIDE_1.13.0\STM32CubeIDE\plugins\com.st.stm32cube.common.mx_6.9.0.202307051724\\db\/plugins/mcufinder/images/
2025-05-07 08:21:17,649 [INFO] ApiDb:250 - Set database path to: C:\Users\msi1\.stmcufinder\plugins\mcufinder//mcu/
2025-05-07 08:21:17,651 [INFO] DbMcusAds:125 - Set database path to: C:\Users\msi1\.stmcufinder\plugins\mcufinder//mcu/
2025-05-07 08:21:17,652 [INFO] CrossReferenceDbSqlite:203 - Set database path to: C:\Users\msi1\.stmcufinder\plugins\mcufinder//mcu/cs/
2025-05-07 08:21:17,764 [INFO] RulesReader:64 - Compatibility file has been processed (293 Rules)
2025-05-07 08:21:17,856 [INFO] DbMcusXml:78 - Set database path to: D:\ITC\STM32\STM32CubeIDE_1.13.0\STM32CubeIDE\plugins\com.st.stm32cube.common.mx_6.9.0.202307051724\\db\/mcu/
2025-05-07 08:21:17,857 [INFO] ApiDb:274 - Set plugin database path to: D:\ITC\STM32\STM32CubeIDE_1.13.0\STM32CubeIDE\plugins\com.st.stm32cube.common.mx_6.9.0.202307051724\\db\/plugins/boardmanager/
2025-05-07 08:21:17,857 [INFO] ApiDb:261 - Set plugin images path to: D:\ITC\STM32\STM32CubeIDE_1.13.0\STM32CubeIDE\plugins\com.st.stm32cube.common.mx_6.9.0.202307051724\\db\/plugins/mcufinder/images/
2025-05-07 08:21:17,857 [WARN] DbFile:41 - Overriding database path with different value: C:\Users\msi1\.stmcufinder\plugins\mcufinder/ => C:\Users\msi1\.stmcufinder\plugins\mcufinder
2025-05-07 08:21:17,857 [INFO] ApiDb:250 - Set database path to: C:\Users\msi1\.stmcufinder\plugins\mcufinder//mcu/
2025-05-07 08:21:17,857 [WARN] DbFile:41 - Overriding database path with different value: C:\Users\msi1\.stmcufinder\plugins\mcufinder/ => C:\Users\msi1\.stmcufinder\plugins\mcufinder
2025-05-07 08:21:17,858 [INFO] DbMcusAds:125 - Set database path to: C:\Users\msi1\.stmcufinder\plugins\mcufinder//mcu/
2025-05-07 08:21:17,858 [WARN] DbFile:41 - Overriding database path with different value: C:\Users\msi1\.stmcufinder\plugins\mcufinder/ => C:\Users\msi1\.stmcufinder\plugins\mcufinder
2025-05-07 08:21:17,858 [WARN] DbFile:41 - Overriding database path with different value: C:\Users\msi1\.stmcufinder\plugins\mcufinder/ => C:\Users\msi1\.stmcufinder\plugins\mcufinder
2025-05-07 08:21:17,858 [INFO] CrossReferenceDbSqlite:203 - Set database path to: C:\Users\msi1\.stmcufinder\plugins\mcufinder//mcu/cs/
2025-05-07 08:21:17,939 [INFO] MainPanel:262 - HeapMemory: 268435456
2025-05-07 08:21:18,036 [INFO] DbMcusXml:78 - Set database path to: D:\ITC\STM32\STM32CubeIDE_1.13.0\STM32CubeIDE\plugins\com.st.stm32cube.common.mx_6.9.0.202307051724\\db\/mcu/
2025-05-07 08:21:18,036 [INFO] ApiDb:274 - Set plugin database path to: D:\ITC\STM32\STM32CubeIDE_1.13.0\STM32CubeIDE\plugins\com.st.stm32cube.common.mx_6.9.0.202307051724\\db\/plugins/boardmanager/
2025-05-07 08:21:18,036 [INFO] ApiDb:261 - Set plugin images path to: D:\ITC\STM32\STM32CubeIDE_1.13.0\STM32CubeIDE\plugins\com.st.stm32cube.common.mx_6.9.0.202307051724\\db\/plugins/mcufinder/images/
2025-05-07 08:21:18,037 [WARN] DbFile:41 - Overriding database path with different value: C:\Users\msi1\.stmcufinder\plugins\mcufinder/ => C:\Users\msi1\.stmcufinder\plugins\mcufinder
2025-05-07 08:21:18,037 [INFO] ApiDb:250 - Set database path to: C:\Users\msi1\.stmcufinder\plugins\mcufinder//mcu/
2025-05-07 08:21:18,037 [WARN] DbFile:41 - Overriding database path with different value: C:\Users\msi1\.stmcufinder\plugins\mcufinder/ => C:\Users\msi1\.stmcufinder\plugins\mcufinder
2025-05-07 08:21:18,037 [INFO] DbMcusAds:125 - Set database path to: C:\Users\msi1\.stmcufinder\plugins\mcufinder//mcu/
2025-05-07 08:21:18,037 [WARN] DbFile:41 - Overriding database path with different value: C:\Users\msi1\.stmcufinder\plugins\mcufinder/ => C:\Users\msi1\.stmcufinder\plugins\mcufinder
2025-05-07 08:21:18,037 [WARN] DbFile:41 - Overriding database path with different value: C:\Users\msi1\.stmcufinder\plugins\mcufinder/ => C:\Users\msi1\.stmcufinder\plugins\mcufinder
2025-05-07 08:21:18,037 [INFO] CrossReferenceDbSqlite:203 - Set database path to: C:\Users\msi1\.stmcufinder\plugins\mcufinder//mcu/cs/
2025-05-07 08:21:18,055 [INFO] ApplicationProperties:184 - Using Application install path: D:\ITC\STM32\STM32CubeIDE_1.13.0\STM32CubeIDE\plugins\com.st.stm32cube.common.mx_6.9.0.202307051724
2025-05-07 08:21:18,056 [INFO] PluginManage:196 - Search for loadable plugins [exclusion list=, ]
2025-05-07 08:21:18,057 [INFO] PluginManage:310 - Check plugin analytics
2025-05-07 08:21:18,198 [INFO] AnalyticsPlugin:253 - Accepted Software Licenses: 
2025-05-07 08:21:18,198 [INFO] AnalyticsPlugin:255 - Accepted CMSIS Pack Licenses: 
2025-05-07 08:21:18,198 [INFO] AnalyticsPlugin:257 - Accepted Firmware Licenses: FW.F4.1.27.0
2025-05-07 08:21:18,201 [INFO] PluginManage:359 - Loaded plugin analytics (category:tool,tabindex:-1)
2025-05-07 08:21:18,201 [INFO] PluginManage:310 - Check plugin cadmodel
2025-05-07 08:21:18,217 [INFO] CADModel:105 - Init CAD model plugin
2025-05-07 08:21:18,217 [INFO] PluginManage:359 - Loaded plugin cadmodel (category:power,tabindex:5)
2025-05-07 08:21:18,217 [INFO] PluginManage:310 - Check plugin clock
2025-05-07 08:21:18,239 [INFO] PluginManage:359 - Loaded plugin clock (category:base,tabindex:2)
2025-05-07 08:21:18,239 [INFO] PluginManage:310 - Check plugin ddr
2025-05-07 08:21:18,242 [INFO] PluginManage:359 - Loaded plugin ddr (category:tool,tabindex:6)
2025-05-07 08:21:18,242 [INFO] PluginManage:310 - Check plugin filemanager
2025-05-07 08:21:18,359 [INFO] PluginManage:359 - Loaded plugin filemanager (category:base,tabindex:10)
2025-05-07 08:21:18,359 [INFO] PluginManage:310 - Check plugin ipmanager
2025-05-07 08:21:18,366 [INFO] PluginManage:359 - Loaded plugin ipmanager (category:base,tabindex:5)
2025-05-07 08:21:18,367 [INFO] PluginManage:310 - Check plugin lpbam
2025-05-07 08:21:18,383 [INFO] PluginManage:359 - Loaded plugin lpbam (category:base,tabindex:0)
2025-05-07 08:21:18,384 [INFO] PluginManage:310 - Check plugin memorymap
2025-05-07 08:21:18,408 [INFO] PluginManage:359 - Loaded plugin memorymap (category:base,tabindex:4)
2025-05-07 08:21:18,408 [INFO] PluginManage:310 - Check plugin pinoutandconfiguration
2025-05-07 08:21:18,426 [INFO] PluginManage:359 - Loaded plugin pinoutandconfiguration (category:base,tabindex:1)
2025-05-07 08:21:18,426 [INFO] PluginManage:310 - Check plugin pinoutconfig
2025-05-07 08:21:18,521 [WARN] SupportedApi:132 - Cannot load RTOS API schema: s4s-elt-must-match.1: The content of 'definitions' must match (annotation?, (simpleType | complexType)?, (unique | key | keyref)*)). A problem was found starting at: attribute.
2025-05-07 08:21:18,655 [INFO] PluginManage:359 - Loaded plugin pinoutconfig (category:base,tabindex:0)
2025-05-07 08:21:18,655 [INFO] PluginManage:310 - Check plugin power
2025-05-07 08:21:18,679 [INFO] PluginManage:359 - Loaded plugin power (category:power,tabindex:4)
2025-05-07 08:21:18,679 [INFO] PluginManage:310 - Check plugin projectmanager
2025-05-07 08:21:18,694 [INFO] PluginManage:359 - Loaded plugin projectmanager (category:projectmanager,tabindex:3)
2025-05-07 08:21:18,694 [INFO] PluginManage:310 - Check plugin thirdparty
2025-05-07 08:21:18,988 [INFO] PluginManage:359 - Loaded plugin thirdparty (category:base,tabindex:-1)
2025-05-07 08:21:18,988 [WARN] IntegrityCheckThread:84 - waiting for thirdparty lock release [integrity check]
2025-05-07 08:21:18,988 [INFO] PluginManage:310 - Check plugin tools
2025-05-07 08:21:18,989 [INFO] IntegrityCheckThread:86 - entering critical section [integrity check]
2025-05-07 08:21:18,989 [INFO] ThirdPartyUpdaterWithRetryManager:70 - Updater plugin not ready yet. [1/15]
2025-05-07 08:21:19,032 [INFO] PluginManage:359 - Loaded plugin tools (category:base,tabindex:7)
2025-05-07 08:21:19,032 [INFO] PluginManage:310 - Check plugin tutovideos
2025-05-07 08:21:19,247 [INFO] PluginManage:359 - Loaded plugin tutovideos (category:base,tabindex:-1)
2025-05-07 08:21:19,247 [INFO] PluginManage:310 - Check plugin updater
2025-05-07 08:21:19,259 [INFO] PluginManage:359 - Loaded plugin updater (category:base,tabindex:12)
2025-05-07 08:21:19,260 [INFO] PluginManage:310 - Check plugin userauth
2025-05-07 08:21:19,265 [INFO] UserAuth:113 - Init User Auth plugin
2025-05-07 08:21:19,265 [INFO] PluginManage:359 - Loaded plugin userauth (category:base,tabindex:14)
2025-05-07 08:21:19,265 [INFO] PluginManage:283 - PluginManage : Loaded plugins [17]
2025-05-07 08:21:19,466 [INFO] PinOutPanel:1499 - setPackage(No Configuration,No Configuration)
2025-05-07 08:21:19,568 [INFO] CADModel:165 - CPN selected for project level
2025-05-07 08:21:19,568 [INFO] CADModel:114 - Register for checkConnection events
2025-05-07 08:21:19,594 [INFO] IPUIPlugin:80 - create IPUIPlugin
2025-05-07 08:21:19,594 [INFO] PluginManager:220 - loadIPPluginJar : add adc
2025-05-07 08:21:19,631 [INFO] IPUIPlugin:80 - create IPUIPlugin
2025-05-07 08:21:19,631 [INFO] PluginManager:220 - loadIPPluginJar : add aes
2025-05-07 08:21:19,675 [INFO] IPUIPlugin:80 - create IPUIPlugin
2025-05-07 08:21:19,676 [INFO] PluginManager:220 - loadIPPluginJar : add can
2025-05-07 08:21:19,702 [INFO] IPUIPlugin:80 - create IPUIPlugin
2025-05-07 08:21:19,703 [INFO] PluginManager:220 - loadIPPluginJar : add comp
2025-05-07 08:21:19,747 [INFO] IPUIPlugin:80 - create IPUIPlugin
2025-05-07 08:21:19,747 [INFO] PluginManager:220 - loadIPPluginJar : add cryp
2025-05-07 08:21:19,783 [INFO] IPUIPlugin:80 - create IPUIPlugin
2025-05-07 08:21:19,784 [INFO] PluginManager:220 - loadIPPluginJar : add dfsdm
2025-05-07 08:21:19,798 [INFO] IPUIPlugin:80 - create IPUIPlugin
2025-05-07 08:21:19,799 [INFO] PluginManager:220 - loadIPPluginJar : add dma
2025-05-07 08:21:19,853 [INFO] IPUIPlugin:80 - create IPUIPlugin
2025-05-07 08:21:19,853 [INFO] PluginManager:220 - loadIPPluginJar : add dma3
2025-05-07 08:21:19,877 [INFO] IPUIPlugin:80 - create IPUIPlugin
2025-05-07 08:21:19,878 [INFO] PluginManager:220 - loadIPPluginJar : add fatfs
2025-05-07 08:21:19,927 [INFO] IPUIPlugin:80 - create IPUIPlugin
2025-05-07 08:21:19,927 [INFO] PluginManager:220 - loadIPPluginJar : add fmc
2025-05-07 08:21:19,941 [INFO] IPUIPlugin:80 - create IPUIPlugin
2025-05-07 08:21:19,942 [INFO] PluginManager:220 - loadIPPluginJar : add freertos
2025-05-07 08:21:19,963 [INFO] IPUIPlugin:80 - create IPUIPlugin
2025-05-07 08:21:19,963 [INFO] PluginManager:220 - loadIPPluginJar : add genericplugin
2025-05-07 08:21:20,059 [INFO] IPUIPlugin:80 - create IPUIPlugin
2025-05-07 08:21:20,059 [INFO] PluginManager:220 - loadIPPluginJar : add gfxmmu
2025-05-07 08:21:20,197 [INFO] IPUIPlugin:80 - create IPUIPlugin
2025-05-07 08:21:20,197 [INFO] PluginManager:220 - loadIPPluginJar : add gic
2025-05-07 08:21:20,209 [INFO] IPUIPlugin:80 - create IPUIPlugin
2025-05-07 08:21:20,209 [INFO] PluginManager:220 - loadIPPluginJar : add gpio
2025-05-07 08:21:20,303 [INFO] IPUIPlugin:80 - create IPUIPlugin
2025-05-07 08:21:20,303 [INFO] PluginManager:220 - loadIPPluginJar : add gtzc
2025-05-07 08:21:20,337 [INFO] IPUIPlugin:80 - create IPUIPlugin
2025-05-07 08:21:20,337 [INFO] PluginManager:220 - loadIPPluginJar : add hash
2025-05-07 08:21:20,393 [INFO] IPUIPlugin:80 - create IPUIPlugin
2025-05-07 08:21:20,393 [INFO] PluginManager:220 - loadIPPluginJar : add i2c
2025-05-07 08:21:20,434 [INFO] IPUIPlugin:80 - create IPUIPlugin
2025-05-07 08:21:20,434 [INFO] PluginManager:220 - loadIPPluginJar : add i2s
2025-05-07 08:21:20,481 [INFO] IPUIPlugin:80 - create IPUIPlugin
2025-05-07 08:21:20,481 [INFO] PluginManager:220 - loadIPPluginJar : add i3c
2025-05-07 08:21:20,584 [INFO] IPUIPlugin:80 - create IPUIPlugin
2025-05-07 08:21:20,585 [INFO] PluginManager:220 - loadIPPluginJar : add ipddr
2025-05-07 08:21:20,681 [INFO] IPUIPlugin:80 - create IPUIPlugin
2025-05-07 08:21:20,681 [INFO] PluginManager:220 - loadIPPluginJar : add linkedlist
2025-05-07 08:21:20,716 [INFO] IPUIPlugin:80 - create IPUIPlugin
2025-05-07 08:21:20,716 [INFO] PluginManager:220 - loadIPPluginJar : add lorawan
2025-05-07 08:21:20,755 [INFO] IPUIPlugin:80 - create IPUIPlugin
2025-05-07 08:21:20,755 [INFO] PluginManager:220 - loadIPPluginJar : add ltdc
2025-05-07 08:21:20,769 [INFO] IPUIPlugin:80 - create IPUIPlugin
2025-05-07 08:21:20,770 [INFO] PluginManager:220 - loadIPPluginJar : add mdma
2025-05-07 08:21:20,782 [INFO] IPUIPlugin:80 - create IPUIPlugin
2025-05-07 08:21:20,782 [INFO] PluginManager:220 - loadIPPluginJar : add nvic
2025-05-07 08:21:20,824 [INFO] IPUIPlugin:80 - create IPUIPlugin
2025-05-07 08:21:20,824 [INFO] PluginManager:220 - loadIPPluginJar : add opamp
2025-05-07 08:21:20,890 [INFO] IPUIPlugin:80 - create IPUIPlugin
2025-05-07 08:21:20,890 [INFO] PluginManager:220 - loadIPPluginJar : add openamp
2025-05-07 08:21:20,934 [INFO] IPUIPlugin:80 - create IPUIPlugin
2025-05-07 08:21:20,934 [INFO] PluginManager:220 - loadIPPluginJar : add pdm2pcm
2025-05-07 08:21:20,948 [INFO] IPUIPlugin:80 - create IPUIPlugin
2025-05-07 08:21:20,950 [INFO] PluginManager:220 - loadIPPluginJar : add plateformsettings
2025-05-07 08:21:20,974 [INFO] IPUIPlugin:80 - create IPUIPlugin
2025-05-07 08:21:20,975 [INFO] PluginManager:220 - loadIPPluginJar : add quadspi
2025-05-07 08:21:20,988 [INFO] IPUIPlugin:80 - create IPUIPlugin
2025-05-07 08:21:20,988 [INFO] PluginManager:220 - loadIPPluginJar : add resmgrutility
2025-05-07 08:21:21,039 [INFO] IPUIPlugin:80 - create IPUIPlugin
2025-05-07 08:21:21,039 [INFO] PluginManager:220 - loadIPPluginJar : add sai
2025-05-07 08:21:21,079 [INFO] IPUIPlugin:80 - create IPUIPlugin
2025-05-07 08:21:21,079 [INFO] PluginManager:220 - loadIPPluginJar : add spi
2025-05-07 08:21:21,136 [INFO] IPUIPlugin:80 - create IPUIPlugin
2025-05-07 08:21:21,136 [INFO] PluginManager:220 - loadIPPluginJar : add stm32_wpan
2025-05-07 08:21:21,162 [INFO] IPUIPlugin:80 - create IPUIPlugin
2025-05-07 08:21:21,162 [INFO] PluginManager:220 - loadIPPluginJar : add tim
2025-05-07 08:21:21,219 [INFO] IPUIPlugin:80 - create IPUIPlugin
2025-05-07 08:21:21,219 [INFO] PluginManager:220 - loadIPPluginJar : add touchsensing
2025-05-07 08:21:21,244 [INFO] IPUIPlugin:80 - create IPUIPlugin
2025-05-07 08:21:21,244 [INFO] PluginManager:220 - loadIPPluginJar : add tracer_emb
2025-05-07 08:21:21,271 [INFO] IPUIPlugin:80 - create IPUIPlugin
2025-05-07 08:21:21,271 [INFO] PluginManager:220 - loadIPPluginJar : add ts
2025-05-07 08:21:21,295 [INFO] IPUIPlugin:80 - create IPUIPlugin
2025-05-07 08:21:21,295 [INFO] PluginManager:220 - loadIPPluginJar : add tsc
2025-05-07 08:21:21,319 [INFO] IPUIPlugin:80 - create IPUIPlugin
2025-05-07 08:21:21,319 [INFO] PluginManager:220 - loadIPPluginJar : add ucpd
2025-05-07 08:21:21,366 [INFO] IPUIPlugin:80 - create IPUIPlugin
2025-05-07 08:21:21,366 [INFO] PluginManager:220 - loadIPPluginJar : add usart
2025-05-07 08:21:21,423 [INFO] IPUIPlugin:80 - create IPUIPlugin
2025-05-07 08:21:21,424 [INFO] PluginManager:220 - loadIPPluginJar : add usbx
2025-05-07 08:21:21,541 [INFO] CADModel:165 - CPN selected for project level
2025-05-07 08:21:21,541 [INFO] CADModel:114 - Register for checkConnection events
2025-05-07 08:21:21,541 [FATAL] Updater:308 - Updater called before beeing initialized
2025-05-07 08:21:21,541 [ERROR] CADModel:125 - Updater not yet initialized, retry later 
2025-05-07 08:21:21,677 [INFO] CADModel:165 - CPN selected for project level
2025-05-07 08:21:21,677 [INFO] CADModel:114 - Register for checkConnection events
2025-05-07 08:21:21,677 [FATAL] Updater:308 - Updater called before beeing initialized
2025-05-07 08:21:21,677 [ERROR] CADModel:125 - Updater not yet initialized, retry later 
2025-05-07 08:21:21,680 [FATAL] Updater:308 - Updater called before beeing initialized
2025-05-07 08:21:21,769 [FATAL] Updater:308 - Updater called before beeing initialized
2025-05-07 08:21:21,782 [INFO] DbMcusAds:53 - JSON generation date=Tue Dec 17 23:01:15 ICT 2024 (1734451275230)
2025-05-07 08:21:21,783 [FATAL] Updater:308 - Updater called before beeing initialized
2025-05-07 08:21:21,859 [WARN] DetailPanel:346 - Failed to get advertising image, set to default
2025-05-07 08:21:21,940 [FATAL] Updater:308 - Updater called before beeing initialized
2025-05-07 08:21:21,942 [FATAL] Updater:308 - Updater called before beeing initialized
2025-05-07 08:21:21,942 [FATAL] Updater:308 - Updater called before beeing initialized
2025-05-07 08:21:21,942 [WARN] DetailPanel:346 - Failed to get advertising image, set to default
2025-05-07 08:21:21,943 [FATAL] Updater:308 - Updater called before beeing initialized
2025-05-07 08:21:21,990 [INFO] ThirdPartyUpdaterWithRetryManager:70 - Updater plugin not ready yet. [2/15]
2025-05-07 08:21:21,996 [ERROR] Updater:1120 - MainUpdater not yet initialized. External WinMGr cannot be set.
2025-05-07 08:21:22,006 [INFO] Updater:1056 - Updater Version found : 6.9.0
2025-05-07 08:21:22,021 [INFO] ApplicationProperties:184 - Using Application install path: D:\ITC\STM32\STM32CubeIDE_1.13.0\STM32CubeIDE\plugins\com.st.stm32cube.common.mx_6.9.0.202307051724
2025-05-07 08:21:22,329 [INFO] MainUpdater:2868 - connection check result : 10
2025-05-07 08:21:22,331 [INFO] MainUpdater:285 - Updater Check For Update Now.
2025-05-07 08:21:22,332 [INFO] MicroXplorer:498 - Change Database Version : DB.6.0.90
2025-05-07 08:21:22,358 [INFO] McuFinderGlobals:63 - Set McuFinder mode to 2 (CubeIDE integrated)
2025-05-07 08:21:22,555 [INFO] CheckServerUpdateThread:120 - End of CheckServer Thread
2025-05-07 08:21:25,256 [WARN] PackLoader:240 - Cannot read IP mode file for STMicroelectronics.FP-SNS-MOTENVWB1.1.4.0
2025-05-07 08:21:25,271 [WARN] PackLoader:240 - Cannot read IP mode file for STMicroelectronics.FP-ATR-ASTRA1.2.0.2
2025-05-07 08:21:25,282 [WARN] PackLoader:240 - Cannot read IP mode file for STMicroelectronics.FP-ATR-ASTRA1.2.0.1
2025-05-07 08:21:25,296 [WARN] PackLoader:240 - Cannot read IP mode file for STMicroelectronics.X-CUBE-SMBUS.2.1.0
2025-05-07 08:21:25,311 [WARN] PackLoader:240 - Cannot read IP mode file for STMicroelectronics.X-CUBE-WB05N.1.1.0
2025-05-07 08:21:25,325 [WARN] PackLoader:240 - Cannot read IP mode file for STMicroelectronics.X-CUBE-TOUCHGFX.4.23.0
2025-05-07 08:21:25,337 [WARN] PackLoader:240 - Cannot read IP mode file for STMicroelectronics.X-CUBE-TOUCHGFX.4.23.2
2025-05-07 08:21:25,377 [WARN] PackLoader:240 - Cannot read IP mode file for STMicroelectronics.X-CUBE-AZRTOS-F7.1.1.0
2025-05-07 08:21:25,395 [ERROR] RealEvaluatedCondition:428 - Found unsupported composite condition: GROUP='STM32_MetaDataManager' CLASS='Data Exchange'
2025-05-07 08:21:25,395 [ERROR] RealEvaluatedCondition:428 - Found unsupported composite condition: CLASS='Data Exchange' GROUP='STM32_MetaDataManager'
2025-05-07 08:21:25,396 [WARN] PackLoader:240 - Cannot read IP mode file for STMicroelectronics.FP-SNS-MOTENV1.4.3.0
2025-05-07 08:21:25,410 [WARN] PackLoader:240 - Cannot read IP mode file for STMicroelectronics.FP-SNS-MOTENV1.4.3.2
2025-05-07 08:21:25,424 [WARN] PackLoader:240 - Cannot read IP mode file for STMicroelectronics.FP-SNS-FLIGHT1.5.0.0
2025-05-07 08:21:25,438 [WARN] PackLoader:240 - Cannot read IP mode file for STMicroelectronics.X-CUBE-BLE1.6.2.4
2025-05-07 08:21:25,451 [WARN] PackLoader:240 - Cannot read IP mode file for STMicroelectronics.FP-SNS-FLIGHT1.5.0.2
2025-05-07 08:21:25,469 [ERROR] Engine:466 - C:\Users\msi1\.stm32cubemx\thirdparties\pdsc\Infineon.AIROC-Wi-Fi-Bluetooth-STM32.1.7.0.pdsc: PDSC version is not supported
2025-05-07 08:21:25,483 [WARN] PackLoader:240 - Cannot read IP mode file for STMicroelectronics.X-CUBE-DISPLAY.3.0.0
2025-05-07 08:21:25,511 [WARN] PackLoader:240 - Cannot read IP mode file for STMicroelectronics.X-CUBE-BLE1.7.0.0
2025-05-07 08:21:25,523 [WARN] PackLoader:240 - Cannot read IP mode file for STMicroelectronics.X-CUBE-NFC10.1.0.0
2025-05-07 08:21:25,537 [ERROR] Engine:466 - C:\Users\msi1\.stm32cubemx\thirdparties\pdsc\STMicroelectronics.X-CUBE-BLEMGR.4.0.0.pdsc: PDSC version is not supported
2025-05-07 08:21:25,549 [WARN] PackLoader:240 - Cannot read IP mode file for emotas.I-CUBE-CANOPEN.1.3.0
2025-05-07 08:21:25,561 [WARN] PackLoader:240 - Cannot read IP mode file for STMicroelectronics.X-CUBE-TOUCHGFX.4.22.0
2025-05-07 08:21:25,573 [WARN] PackLoader:240 - Cannot read IP mode file for STMicroelectronics.X-CUBE-TOUCHGFX.4.22.1
2025-05-07 08:21:25,589 [WARN] PackLoader:240 - Cannot read IP mode file for STMicroelectronics.X-CUBE-BLEMGR.3.1.0
2025-05-07 08:21:25,607 [WARN] PackLoader:240 - Cannot read IP mode file for STMicroelectronics.X-CUBE-AI.10.0.0
2025-05-07 08:21:25,622 [WARN] PackLoader:240 - Cannot read IP mode file for STMicroelectronics.FP-SNS-SMARTAG2.1.2.0
2025-05-07 08:21:25,633 [ERROR] Engine:466 - C:\Users\msi1\.stm32cubemx\thirdparties\pdsc\STMicroelectronics.FP-SNS-FLIGHT1.5.1.0.pdsc: PDSC version is not supported
2025-05-07 08:21:25,685 [WARN] PackLoader:240 - Cannot read IP mode file for STMicroelectronics.X-CUBE-MEMS1.11.1.0
2025-05-07 08:21:25,807 [INFO] LogOutputStream:77 - [STDOUT_REDIRECT] 1 : Invalid condition id : UX_CORESTACK_Condition cause : null
2025-05-07 08:21:25,808 [INFO] LogOutputStream:77 - [STDOUT_REDIRECT] 1 : Invalid condition id : UX_CORESTACK_Condition cause : null
2025-05-07 08:21:25,809 [INFO] LogOutputStream:77 - [STDOUT_REDIRECT] 1 : Invalid condition id : UX_CORESTACK_Condition cause : null
2025-05-07 08:21:25,811 [INFO] LogOutputStream:77 - [STDOUT_REDIRECT] 1 : Invalid condition id : UX_CORESTACK_Condition cause : null
2025-05-07 08:21:25,813 [INFO] LogOutputStream:77 - [STDOUT_REDIRECT] 1 : Invalid condition id : UX_CORESTACK_Condition cause : null
2025-05-07 08:21:25,815 [WARN] PackLoader:240 - Cannot read IP mode file for STMicroelectronics.X-CUBE-AZRTOS-WL.2.0.0
2025-05-07 08:21:25,834 [WARN] PackLoader:240 - Cannot read IP mode file for STMicroelectronics.FP-SNS-MOTENV1.5.0.0
2025-05-07 08:21:25,847 [WARN] PackLoader:240 - Cannot read IP mode file for wolfSSL.I-CUBE-wolfMQTT.1.19.0
2025-05-07 08:21:25,864 [WARN] PackLoader:240 - Cannot read IP mode file for WES.I-CUBE-Cesium.1.3.0
2025-05-07 08:21:25,881 [WARN] PackLoader:240 - Cannot read IP mode file for STMicroelectronics.X-CUBE-BLE2.3.3.0
2025-05-07 08:21:25,897 [WARN] PackLoader:240 - Cannot read IP mode file for STMicroelectronics.X-CUBE-NFC9.1.0.0
2025-05-07 08:21:25,911 [WARN] PackLoader:240 - Cannot read IP mode file for STMicroelectronics.X-CUBE-BLE1.7.1.0
2025-05-07 08:21:25,926 [WARN] PackLoader:240 - Cannot read IP mode file for STMicroelectronics.X-CUBE-TCPP.4.1.0
2025-05-07 08:21:25,941 [WARN] PackLoader:240 - Cannot read IP mode file for STMicroelectronics.X-CUBE-TOUCHGFX.4.21.4
2025-05-07 08:21:25,957 [WARN] PackLoader:240 - Cannot read IP mode file for STMicroelectronics.X-CUBE-ALGOBUILD.1.3.0
2025-05-07 08:21:26,004 [WARN] PackLoader:240 - Cannot read IP mode file for STMicroelectronics.X-CUBE-MEMS1.11.2.0
2025-05-07 08:21:26,118 [WARN] PackLoader:240 - Cannot read IP mode file for STMicroelectronics.X-CUBE-AZRTOS-G0.1.1.0
2025-05-07 08:21:26,138 [WARN] PackLoader:240 - Cannot read IP mode file for STMicroelectronics.X-CUBE-SAFEA1.1.2.2
2025-05-07 08:21:26,154 [WARN] PackLoader:240 - Cannot read IP mode file for STMicroelectronics.X-CUBE-NFC4.3.0.0
2025-05-07 08:21:26,167 [WARN] PackLoader:240 - Cannot read IP mode file for wolfSSL.I-CUBE-wolfMQTT.1.18.0
2025-05-07 08:21:26,181 [ERROR] Engine:466 - C:\Users\msi1\.stm32cubemx\thirdparties\pdsc\EmbeddedOffice.I-CUBE-FS-RTOS.1.0.1.pdsc: PDSC version is not supported
2025-05-07 08:21:26,195 [WARN] PackLoader:240 - Cannot read IP mode file for STMicroelectronics.X-CUBE-WB05N.2.0.0
2025-05-07 08:21:26,212 [WARN] PackLoader:240 - Cannot read IP mode file for STMicroelectronics.X-CUBE-BLEMGR.3.0.0
2025-05-07 08:21:26,227 [ERROR] Engine:466 - C:\Users\msi1\.stm32cubemx\thirdparties\pdsc\STMicroelectronics.X-CUBE-TCPP.4.2.0.pdsc: PDSC version is not supported
2025-05-07 08:21:26,240 [ERROR] Engine:466 - C:\Users\msi1\.stm32cubemx\thirdparties\pdsc\RealThread.X-CUBE-RT-Thread_Nano.4.1.1.pdsc: PDSC version is not supported
2025-05-07 08:21:26,255 [WARN] PackLoader:240 - Cannot read IP mode file for STMicroelectronics.FP-ATR-SIGFOX1.3.2.0
2025-05-07 08:21:26,266 [ERROR] Engine:466 - C:\Users\msi1\.stm32cubemx\thirdparties\pdsc\quantropi.X-CUBE-qispace-sdk-base.1.9.3.pdsc: PDSC version is not supported
2025-05-07 08:21:26,279 [WARN] PackLoader:240 - Cannot read IP mode file for STMicroelectronics.X-CUBE-EEPRMA1.5.1.0
2025-05-07 08:21:26,294 [WARN] PackLoader:240 - Cannot read IP mode file for wolfSSL.I-CUBE-wolfSSL.5.7.6
2025-05-07 08:21:26,310 [WARN] PackLoader:240 - Cannot read IP mode file for ITTIA_DB.I-CUBE-ITTIADB.8.9.0
2025-05-07 08:21:26,342 [WARN] PackLoader:240 - Cannot read IP mode file for SEGGER.I-CUBE-embOS.1.3.1
2025-05-07 08:21:26,376 [WARN] PackLoader:240 - Cannot read IP mode file for STMicroelectronics.X-CUBE-ALGOBUILD.1.4.0
2025-05-07 08:21:26,392 [WARN] PackLoader:240 - Cannot read IP mode file for STMicroelectronics.X-CUBE-AI.9.1.0
2025-05-07 08:21:26,406 [WARN] PackLoader:240 - Cannot read IP mode file for STMicroelectronics.X-CUBE-GNSS1.6.0.0
2025-05-07 08:21:26,433 [WARN] PackLoader:240 - Cannot read IP mode file for STMicroelectronics.X-CUBE-AZRTOS-F4.1.1.0
2025-05-07 08:21:26,446 [ERROR] Engine:466 - C:\Users\msi1\.stm32cubemx\thirdparties\pdsc\Avnet-IotConnect.X-CUBE-IoTC-DA16k-PMOD.1.0.0.pdsc: PDSC version is not supported
2025-05-07 08:21:26,458 [WARN] PackLoader:240 - Cannot read IP mode file for wolfSSL.I-CUBE-wolfSSL.5.6.0
2025-05-07 08:21:26,472 [WARN] PackLoader:240 - Cannot read IP mode file for STMicroelectronics.X-CUBE-ISPU.2.1.0
2025-05-07 08:21:26,486 [WARN] PackLoader:240 - Cannot read IP mode file for STMicroelectronics.X-CUBE-FREERTOS.1.2.0
2025-05-07 08:21:26,522 [WARN] PackLoader:240 - Cannot read IP mode file for STMicroelectronics.X-CUBE-AZRTOS-L5.2.0.0
2025-05-07 08:21:26,593 [WARN] PackLoader:240 - Cannot read IP mode file for STMicroelectronics.X-CUBE-MEMS1.9.6.0
2025-05-07 08:21:26,695 [WARN] PackLoader:240 - Cannot read IP mode file for STMicroelectronics.X-CUBE-EEPRMA1.4.2.0
2025-05-07 08:21:26,710 [WARN] PackLoader:240 - Cannot read IP mode file for STMicroelectronics.X-CUBE-NFC6.3.1.0
2025-05-07 08:21:26,726 [WARN] PackLoader:240 - Cannot read IP mode file for ITTIA_DB.I-CUBE-ITTIADB.8.8.0
2025-05-07 08:21:26,742 [WARN] PackLoader:240 - Cannot read IP mode file for emotas.I-CUBE-CANOPEN.1.1.3
2025-05-07 08:21:26,758 [WARN] PackLoader:240 - Cannot read IP mode file for STMicroelectronics.X-CUBE-BLEMGR.2.0.0
2025-05-07 08:21:26,772 [ERROR] Engine:466 - C:\Users\msi1\.stm32cubemx\thirdparties\pdsc\STMicroelectronics.X-CUBE-DPower.1.2.0.pdsc: PDSC version is not supported
2025-05-07 08:21:26,785 [WARN] PackLoader:240 - Cannot read IP mode file for STMicroelectronics.X-CUBE-AI.9.0.0
2025-05-07 08:21:26,813 [WARN] ConditionMgr:438 - getConditionDescription Invalid condition id : UX DEVICE CLASS RTOS Condition cause : null
2025-05-07 08:21:26,814 [WARN] ConditionMgr:438 - getConditionDescription Invalid condition id : UX DEVICE CLASS RTOS Condition cause : null
2025-05-07 08:21:26,816 [WARN] PackLoader:240 - Cannot read IP mode file for STMicroelectronics.X-CUBE-AZRTOS-H7.3.1.0
2025-05-07 08:21:26,816 [WARN] ConditionMgr:1039 - genDependencies : Invalid condition id : UX DEVICE CLASS RTOS Condition cause : null
2025-05-07 08:21:26,816 [WARN] ConditionMgr:1039 - genDependencies : Invalid condition id : UX DEVICE CLASS RTOS Condition cause : null
2025-05-07 08:21:26,817 [WARN] ConditionMgr:1039 - genDependencies : Invalid condition id : UX DEVICE CLASS RTOS Condition cause : null
2025-05-07 08:21:26,817 [WARN] ConditionMgr:1039 - genDependencies : Invalid condition id : UX DEVICE CLASS RTOS Condition cause : null
2025-05-07 08:21:26,817 [WARN] ConditionMgr:1039 - genDependencies : Invalid condition id : UX DEVICE CLASS RTOS Condition cause : null
2025-05-07 08:21:26,830 [WARN] PackLoader:240 - Cannot read IP mode file for STMicroelectronics.X-CUBE-FREERTOS.1.3.0
2025-05-07 08:21:26,843 [WARN] PackLoader:240 - Cannot read IP mode file for STMicroelectronics.X-CUBE-NFC7.1.0.1
2025-05-07 08:21:26,857 [WARN] PackLoader:240 - Cannot read IP mode file for STMicroelectronics.X-CUBE-NFC7.1.0.0
2025-05-07 08:21:26,871 [WARN] PackLoader:240 - Cannot read IP mode file for wolfSSL.I-CUBE-wolfTPM.3.2.0
2025-05-07 08:21:26,888 [WARN] PackLoader:240 - Cannot read IP mode file for STMicroelectronics.X-CUBE-NFC6.3.0.0
2025-05-07 08:21:26,902 [WARN] PackLoader:240 - Cannot read IP mode file for STMicroelectronics.X-CUBE-EEPRMA1.4.1.0
2025-05-07 08:21:26,915 [ERROR] Engine:466 - C:\Users\msi1\.stm32cubemx\thirdparties\pdsc\STMicroelectronics.X-CUBE-DPower.1.3.0.pdsc: PDSC version is not supported
2025-05-07 08:21:26,928 [WARN] PackLoader:240 - Cannot read IP mode file for STMicroelectronics.X-CUBE-AI.8.1.0
2025-05-07 08:21:26,955 [WARN] ConditionMgr:438 - getConditionDescription Invalid condition id : LAN8742 Phy interface Condition cause : null
2025-05-07 08:21:26,956 [WARN] PackLoader:240 - Cannot read IP mode file for STMicroelectronics.X-CUBE-AZRTOS-L4.2.0.0
2025-05-07 08:21:26,957 [WARN] ConditionMgr:1039 - genDependencies : Invalid condition id : LAN8742 Phy interface Condition cause : null
2025-05-07 08:21:26,957 [WARN] ConditionMgr:1039 - genDependencies : Invalid condition id : LAN8742 Phy interface Condition cause : null
2025-05-07 08:21:26,957 [WARN] ConditionMgr:1039 - genDependencies : Invalid condition id : LAN8742 Phy interface Condition cause : null
2025-05-07 08:21:26,974 [WARN] PackLoader:240 - Cannot read IP mode file for STMicroelectronics.X-CUBE-SFXS2LP1.4.0.0
2025-05-07 08:21:26,987 [WARN] PackLoader:240 - Cannot read IP mode file for STMicroelectronics.X-CUBE-ISPU.1.1.0
2025-05-07 08:21:27,015 [WARN] PackLoader:240 - Cannot read IP mode file for STMicroelectronics.X-CUBE-AZRTOS-H7.3.3.0
2025-05-07 08:21:27,029 [ERROR] Engine:466 - C:\Users\msi1\.stm32cubemx\thirdparties\pdsc\STMicroelectronics.X-CUBE-IPS.3.0.0.pdsc: PDSC version is not supported
2025-05-07 08:21:27,052 [WARN] ConditionMgr:438 - getConditionDescription Invalid condition id : UX DEVICE CLASS RTOS Condition cause : null
2025-05-07 08:21:27,052 [WARN] ConditionMgr:438 - getConditionDescription Invalid condition id : UX DEVICE CLASS RTOS Condition cause : null
2025-05-07 08:21:27,053 [WARN] PackLoader:240 - Cannot read IP mode file for STMicroelectronics.X-CUBE-AZRTOS-WB.2.0.0
2025-05-07 08:21:27,053 [WARN] ConditionMgr:1039 - genDependencies : Invalid condition id : UX DEVICE CLASS RTOS Condition cause : null
2025-05-07 08:21:27,053 [WARN] ConditionMgr:1039 - genDependencies : Invalid condition id : UX DEVICE CLASS RTOS Condition cause : null
2025-05-07 08:21:27,054 [WARN] ConditionMgr:1039 - genDependencies : Invalid condition id : UX DEVICE CLASS RTOS Condition cause : null
2025-05-07 08:21:27,054 [WARN] ConditionMgr:1039 - genDependencies : Invalid condition id : UX DEVICE CLASS RTOS Condition cause : null
2025-05-07 08:21:27,054 [WARN] ConditionMgr:1039 - genDependencies : Invalid condition id : UX DEVICE CLASS RTOS Condition cause : null
2025-05-07 08:21:27,067 [WARN] PackLoader:240 - Cannot read IP mode file for STMicroelectronics.X-CUBE-FREERTOS.1.0.1
2025-05-07 08:21:27,080 [WARN] PackLoader:240 - Cannot read IP mode file for STMicroelectronics.X-CUBE-GNSS1.7.0.1
2025-05-07 08:21:27,094 [WARN] PackLoader:240 - Cannot read IP mode file for STMicroelectronics.X-CUBE-TOUCHGFX.4.25.0
2025-05-07 08:21:27,104 [ERROR] Engine:466 - C:\Users\msi1\.stm32cubemx\thirdparties\pdsc\STMicroelectronics.FP-SNS-STBOX1.2.0.0.pdsc: PDSC version is not supported
2025-05-07 08:21:27,128 [WARN] PackLoader:240 - Cannot read IP mode file for STMicroelectronics.X-CUBE-AZRTOS-L5.1.1.0
2025-05-07 08:21:27,141 [WARN] PackLoader:240 - Cannot read IP mode file for STMicroelectronics.X-CUBE-AI.8.0.1
2025-05-07 08:21:27,157 [WARN] PackLoader:240 - Cannot read IP mode file for STMicroelectronics.X-CUBE-SUBG2.5.0.0
2025-05-07 08:21:27,186 [WARN] PackLoader:240 - Cannot read IP mode file for STMicroelectronics.X-CUBE-AZRTOS-H7RS.1.1.0
2025-05-07 08:21:27,201 [WARN] PackLoader:240 - Cannot read IP mode file for Cesanta.I-CUBE-Mongoose.7.13.0
2025-05-07 08:21:27,217 [WARN] PackLoader:240 - Cannot read IP mode file for STMicroelectronics.X-CUBE-TOF1.3.3.1
2025-05-07 08:21:27,244 [WARN] PackLoader:240 - Cannot read IP mode file for STMicroelectronics.X-CUBE-AZRTOS-G4.2.0.0
2025-05-07 08:21:27,266 [WARN] PackLoader:240 - Cannot read IP mode file for STMicroelectronics.X-CUBE-TOF1.3.3.0
2025-05-07 08:21:27,294 [WARN] PackLoader:240 - Cannot read IP mode file for Infineon.AIROC-Wi-Fi-Bluetooth-STM32.1.5.1
2025-05-07 08:21:27,309 [WARN] PackLoader:240 - Cannot read IP mode file for STMicroelectronics.FP-SNS-MOTENVWB1.1.3.0
2025-05-07 08:21:27,330 [WARN] PackLoader:240 - Cannot read IP mode file for STMicroelectronics.X-CUBE-NFC7.2.0.0
2025-05-07 08:21:27,347 [WARN] PackLoader:240 - Cannot read IP mode file for STMicroelectronics.FP-SNS-MOTENVWB1.1.3.1
2025-05-07 08:21:27,369 [WARN] PackLoader:240 - Cannot read IP mode file for STMicroelectronics.X-CUBE-AZRTOS-L4.1.0.0
2025-05-07 08:21:27,385 [WARN] PackLoader:240 - Cannot read IP mode file for STMicroelectronics.X-CUBE-ISPU.2.0.0
2025-05-07 08:21:27,399 [ERROR] Engine:466 - C:\Users\msi1\.stm32cubemx\thirdparties\pdsc\STMicroelectronics.X-CUBE-IPS.3.1.0.pdsc: PDSC version is not supported
2025-05-07 08:21:27,412 [WARN] PackLoader:240 - Cannot read IP mode file for STMicroelectronics.X-CUBE-ALS.1.0.2
2025-05-07 08:21:27,445 [WARN] PackLoader:240 - Cannot read IP mode file for STMicroelectronics.X-CUBE-MEMS1.10.0.0
2025-05-07 08:21:27,536 [WARN] PackLoader:240 - Cannot read IP mode file for STMicroelectronics.X-CUBE-FREERTOS.1.1.0
2025-05-07 08:21:27,547 [WARN] PackLoader:240 - Cannot read IP mode file for STMicroelectronics.X-CUBE-TOUCHGFX.4.24.0
2025-05-07 08:21:27,561 [WARN] PackLoader:240 - Cannot read IP mode file for STMicroelectronics.X-CUBE-TOUCHGFX.4.24.2
2025-05-07 08:21:27,579 [WARN] PackLoader:240 - Cannot read IP mode file for STMicroelectronics.X-CUBE-AZRTOS-WL.1.0.0
2025-05-07 08:21:27,594 [WARN] PackLoader:240 - Cannot read IP mode file for STMicroelectronics.X-CUBE-TOUCHGFX.4.24.1
2025-05-07 08:21:27,608 [WARN] PackLoader:240 - Cannot read IP mode file for wolfSSL.I-CUBE-wolfTPM.3.4.0
2025-05-07 08:21:27,623 [WARN] PackLoader:240 - Cannot read IP mode file for portGmbH.I-Cube-SoM-uGOAL.1.1.0
2025-05-07 08:21:27,636 [WARN] PackLoader:240 - Cannot read IP mode file for STMicroelectronics.X-CUBE-ALS.1.0.1
2025-05-07 08:21:27,656 [WARN] PackLoader:240 - Cannot read IP mode file for STMicroelectronics.X-CUBE-AZRTOS-WB.1.1.0
2025-05-07 08:21:27,681 [WARN] PackLoader:240 - Cannot read IP mode file for STMicroelectronics.X-CUBE-AZRTOS-H7RS.1.0.0
2025-05-07 08:21:27,694 [WARN] PackLoader:240 - Cannot read IP mode file for STMicroelectronics.FP-ATR-ASTRA1.2.0.0
2025-05-07 08:21:27,708 [ERROR] Engine:466 - C:\Users\msi1\.stm32cubemx\thirdparties\pdsc\STMicroelectronics.X-CUBE-TOF1.3.4.2.pdsc: PDSC version is not supported
2025-05-07 08:21:27,721 [ERROR] Engine:466 - C:\Users\msi1\.stm32cubemx\thirdparties\pdsc\STMicroelectronics.X-CUBE-TOF1.3.4.3.pdsc: PDSC version is not supported
2025-05-07 08:21:27,737 [WARN] PackLoader:240 - Cannot read IP mode file for STMicroelectronics.X-CUBE-TOF1.3.4.0
2025-05-07 08:21:27,758 [WARN] PackLoader:240 - Cannot read IP mode file for STMicroelectronics.X-CUBE-TOF1.3.4.1
2025-05-07 08:21:27,789 [WARN] PackLoader:240 - Cannot read IP mode file for STMicroelectronics.X-CUBE-AZRTOS-H7.3.2.0
2025-05-07 08:21:27,805 [WARN] PackLoader:240 - Cannot read IP mode file for wolfSSL.I-CUBE-wolfSSH.1.4.17
2025-05-07 08:21:27,805 [INFO] ThirdParty:978 - Integrity check success = true
2025-05-07 08:21:27,806 [INFO] IntegrityCheckThread:100 - exiting critical section [integrity check]
2025-05-07 08:21:27,806 [INFO] IntegrityCheckThread:103 - End integrity checks thread
2025-05-07 08:21:43,415 [ERROR] LogOutputStream:75 - [STDERR_REDIRECT] SLF4J: Failed to load class "org.slf4j.impl.StaticLoggerBinder".
2025-05-07 08:21:43,416 [ERROR] LogOutputStream:75 - [STDERR_REDIRECT] SLF4J: Defaulting to no-operation (NOP) logger implementation
2025-05-07 08:21:43,417 [ERROR] LogOutputStream:75 - [STDERR_REDIRECT] SLF4J: See http://www.slf4j.org/codes.html#StaticLoggerBinder for further details.
2025-05-07 08:22:23,300 [INFO] McuFinderGlobals:63 - Set McuFinder mode to 2 (CubeIDE integrated)
2025-05-07 08:22:23,331 [INFO] MainUpdater:2868 - connection check result : 10
2025-05-07 08:22:23,340 [INFO] MainUpdater:2868 - connection check result : 10
2025-05-07 08:22:23,568 [INFO] MicroXplorer:468 - Change Database Path : 
2025-05-07 08:22:23,569 [INFO] MicroXplorer:498 - Change Database Version : DB.6.0.90
2025-05-07 08:22:23,571 [WARN] ThirdParty:871 - waiting for thirdparty lock release [close project]
2025-05-07 08:22:23,571 [INFO] ThirdParty:873 - entering critical section [close project]
2025-05-07 08:22:23,572 [INFO] ThirdParty:883 - exiting critical section [close project]
2025-05-07 08:22:23,573 [INFO] PinOutPanel:1499 - setPackage(No Configuration,No Configuration)
2025-05-07 08:22:23,580 [INFO] UtilMem:75 - Begin LoadConfig() Used Memory: 235112152 Bytes (348127232)
2025-05-07 08:22:23,581 [INFO] MicroXplorer:468 - Change Database Path : 
2025-05-07 08:22:23,582 [INFO] MicroXplorer:498 - Change Database Version : DB.6.0.90
2025-05-07 08:22:23,582 [INFO] OpenFileManager:308 - Change cursor
2025-05-07 08:22:23,626 [INFO] Mcu:1946 - Initializing MCU STM32F103C(8-B)Tx STM32F103CBTx STM32F103CBT6
2025-05-07 08:22:24,734 [INFO] Context:659 - Trying to add GPIOservice into a context  which must be forbidden
2025-05-07 08:22:25,194 [INFO] RtosManager:555 - Registered RTOS mode: class=CMSIS, group=RTOS, mode=CMSIS_V1, owner=FREERTOS
2025-05-07 08:22:25,194 [INFO] RtosManager:555 - Registered RTOS mode: class=CMSIS, group=RTOS2, mode=CMSIS_V2, owner=FREERTOS
2025-05-07 08:22:25,194 [INFO] RtosManager:555 - Registered RTOS mode: class=RTOS, group=Core, mode=CMSIS_V1, owner=FREERTOS
2025-05-07 08:22:25,194 [INFO] RtosManager:555 - Registered RTOS mode: class=RTOS, group=Core, mode=CMSIS_V2, owner=FREERTOS
2025-05-07 08:22:25,194 [WARN] ModelIntegratedComponent:184 - Missing modes for component STMicroelectronics:FreeRTOS:0.0.1:STMicroelectronics:RTOS:FreeRTOS:Core:::10.2.0:
2025-05-07 08:22:25,200 [WARN] ModelIntegratedComponent:63 - No mode defined for component null
2025-05-07 08:22:25,200 [WARN] ModelIntegratedComponent:63 - No mode defined for component null
2025-05-07 08:22:25,200 [WARN] ModelIntegratedComponent:63 - No mode defined for component null
2025-05-07 08:22:25,200 [WARN] ModelIntegratedComponent:63 - No mode defined for component null
2025-05-07 08:22:25,200 [WARN] ModelIntegratedComponent:63 - No mode defined for component null
2025-05-07 08:22:25,200 [WARN] ModelIntegratedComponent:63 - No mode defined for component null
2025-05-07 08:22:25,200 [WARN] ModelIntegratedComponent:63 - No mode defined for component null
2025-05-07 08:22:25,200 [WARN] ModelIntegratedComponent:63 - No mode defined for component null
2025-05-07 08:22:25,200 [WARN] ModelIntegratedComponent:63 - No mode defined for component null
2025-05-07 08:22:25,200 [WARN] ModelIntegratedComponent:63 - No mode defined for component null
2025-05-07 08:22:25,200 [WARN] ModelIntegratedComponent:63 - No mode defined for component null
2025-05-07 08:22:25,200 [WARN] ModelIntegratedComponent:63 - No mode defined for component null
2025-05-07 08:22:25,200 [WARN] ModelIntegratedComponent:63 - No mode defined for component null
2025-05-07 08:22:25,200 [WARN] ModelIntegratedComponent:63 - No mode defined for component null
2025-05-07 08:22:25,201 [WARN] ModelIntegratedComponent:63 - No mode defined for component null
2025-05-07 08:22:25,201 [WARN] ModelIntegratedComponent:63 - No mode defined for component null
2025-05-07 08:22:25,201 [WARN] ModelIntegratedComponent:63 - No mode defined for component null
2025-05-07 08:22:25,201 [WARN] ModelIntegratedComponent:63 - No mode defined for component null
2025-05-07 08:22:25,201 [WARN] ModelIntegratedComponent:63 - No mode defined for component null
2025-05-07 08:22:25,201 [WARN] ModelIntegratedComponent:63 - No mode defined for component null
2025-05-07 08:22:25,201 [WARN] ModelIntegratedComponent:63 - No mode defined for component null
2025-05-07 08:22:25,201 [WARN] ModelIntegratedComponent:63 - No mode defined for component null
2025-05-07 08:22:25,201 [WARN] ModelIntegratedComponent:63 - No mode defined for component null
2025-05-07 08:22:25,201 [WARN] ModelIntegratedComponent:63 - No mode defined for component null
2025-05-07 08:22:25,201 [WARN] ModelIntegratedComponent:63 - No mode defined for component null
2025-05-07 08:22:25,201 [WARN] ModelIntegratedComponent:63 - No mode defined for component null
2025-05-07 08:22:25,201 [WARN] ModelIntegratedComponent:63 - No mode defined for component null
2025-05-07 08:22:25,201 [WARN] ModelIntegratedComponent:63 - No mode defined for component null
2025-05-07 08:22:25,201 [WARN] ModelIntegratedComponent:63 - No mode defined for component null
2025-05-07 08:22:25,201 [WARN] ModelIntegratedComponent:63 - No mode defined for component null
2025-05-07 08:22:25,201 [WARN] ModelIntegratedComponent:63 - No mode defined for component null
2025-05-07 08:22:25,202 [WARN] ModelIntegratedComponent:63 - No mode defined for component null
2025-05-07 08:22:25,202 [WARN] ModelIntegratedComponent:63 - No mode defined for component null
2025-05-07 08:22:25,489 [INFO] ThirdPartyModel:298 - Start build external matchings
2025-05-07 08:22:27,817 [INFO] ThirdPartyModel:316 - End build external matchings
2025-05-07 08:22:27,864 [INFO] ImportTextPane:194 - (OptionalMessage_ERROR) IP (RCC) : Parameter (ADCFreqValue) has invalid value (36000000)
2025-05-07 08:22:27,864 [INFO] ImportTextPane:194 - (OptionalMessage_ERROR) IP (RCC) : Invalid parameter (FamilyName)
2025-05-07 08:22:27,865 [INFO] ImportTextPane:194 - (OptionalMessage_ERROR) IP (RCC) : Parameter (MCOFreq_Value) has invalid value (72000000)
2025-05-07 08:22:27,865 [INFO] ImportTextPane:194 - (OptionalMessage_ERROR) IP (RCC) : Parameter (USBFreq_Value) has invalid value (72000000)
2025-05-07 08:22:28,066 [INFO] UtilMem:75 - End LoadConfig() Used Memory: 485395264 Bytes (748683264)
2025-05-07 08:22:28,218 [INFO] ApiDb:581 - Connected to CubeFinder SQLite database (C:\Users\msi1\.stmcufinder\plugins\mcufinder\mcu\cube-finder-db.db)
2025-05-07 08:22:28,317 [INFO] ApiDb:668 - CubeFinder database Data Model version=2.1
2025-05-07 08:22:28,317 [INFO] ApiDb:669 - CubeFinder database Configuration version=3.0.39
2025-05-07 08:22:28,317 [INFO] ApiDb:670 - CubeFinder database generation date=2025-04-23 (1745419778)
2025-05-07 08:22:28,317 [INFO] ApiDb:671 - CubeFinder database FW Pack versions=[FP-ATR-ASTRA1_V2.0.0, FP-SNS-FLIGHT1_V5.1.0, FP-SNS-MOTENV1_V5.0.0, FP-SNS-MOTENVWB1_V1.4.0, FP-SNS-SMARTAG2_V1.2.0, FP-SNS-STBOX1_V2.0.0, STM32Cube_FW_C0_V1.4.0, STM32Cube_FW_F4_V1.28.1, STM32Cube_FW_F7_V1.17.2, STM32Cube_FW_G0_V1.6.2, STM32Cube_FW_G4_V1.6.1, STM32Cube_FW_H5_V1.5.0, STM32Cube_FW_H7RS_V1.2.0, STM32Cube_FW_H7_V1.12.1, STM32Cube_FW_L0_V1.12.2, STM32Cube_FW_L4_V1.18.1, STM32Cube_FW_L5_V1.5.1, STM32Cube_FW_N6_V1.1.1, STM32Cube_FW_U0_V1.2.0, STM32Cube_FW_U3_V1.1.0, STM32Cube_FW_U5_V1.7.0, STM32Cube_FW_WB0_V1.2.0, STM32Cube_FW_WBA_V1.6.0, STM32Cube_FW_WB_V1.22.0, STM32Cube_FW_WL3_V1.1.0, STM32Cube_FW_WL_V1.3.1, X-CUBE-ALGOBUILD_V1.4.0, X-CUBE-ALS_V1.0.2, X-CUBE-AZRTOS-F4_V1.1.0, X-CUBE-AZRTOS-F7_V1.1.0, X-CUBE-AZRTOS-G0_V1.1.0, X-CUBE-AZRTOS-G4_V2.0.0, X-CUBE-AZRTOS-H7RS_V1.1.0, X-CUBE-AZRTOS-H7_V3.3.0, X-CUBE-AZRTOS-L4_V2.0.0, X-CUBE-AZRTOS-L5_V2.0.0, X-CUBE-AZRTOS-WB_V2.0.0, X-CUBE-AZRTOS-WL_V2.0.0, X-CUBE-BLE1_V7.1.0, X-CUBE-BLE2_V3.3.0, X-CUBE-BLEMGR_V4.0.0, X-CUBE-EEPRMA1_V5.1.0, X-CUBE-FREERTOS_V1.3.0, X-CUBE-GNSS1_V6.0.0, X-CUBE-MEMS1_V11.2.0, X-CUBE-NFC4_V3.0.0, X-CUBE-NFC7_V1.0.1, X-CUBE-SFXS2LP1_V4.0.0, X-CUBE-SUBG2_V5.0.0, X-CUBE-TOF1_V3.4.3]
2025-05-07 08:22:30,943 [INFO] ApiDb:240 - Found 323 in-development CPN: [B-G473E-ZEST1S, B-WB1M-WPAN1, B-WL5M-SUBG1, NUCLEO-C031C6, NUCLEO-H503RB, NUCLEO-H563ZI, NUCLEO-U545RE-Q, NUCLEO-U5A5ZJ-Q, NUCLEO-WBA52CG, STEVAL-PROTEUS1, STEVAL-SMARTAG2, STEVAL-STWINBX1, STM320518-EVAL, STM32C0116-DK, STM32C011D6Y3TR, STM32C011D6Y6TR, STM32C011F4P3, STM32C011F4P6, STM32C011F4U3, STM32C011F4U6TR, STM32C011F6P3, STM32C011F6P6, STM32C011F6U3, STM32C011F6U6TR, STM32C011J4M3, STM32C011J4M6, STM32C011J6M3, STM32C011J6M6, STM32C0316-DK, STM32C031C4T3, STM32C031C4T6, STM32C031C4U3, STM32C031C4U6, STM32C031C6T3, STM32C031C6T6, STM32C031C6U3, STM32C031C6U6, STM32C031F4P3, STM32C031F4P6, STM32C031F6P3, STM32C031F6P6, STM32C031G4U3, STM32C031G4U6, STM32C031G6U3, STM32C031G6U6, STM32C031K4T3, STM32C031K4T6, STM32C031K4U3, STM32C031K4U6, STM32C031K6T3, STM32C031K6T6, STM32C031K6U3, STM32C031K6U6, STM32G071K8TXN, STM32G071K8UXN, STM32G081GBU6N, STM32G081KBT6N, STM32G081KBUXN, STM32G0B1CCT6N, STM32G0B1KCT6, STM32G0B1NEY6TR, STM32G0B1RCT6N, STM32G0C1CCT6, STM32G0C1CCT6N, STM32G0C1CCU6N, STM32G0C1CET6N, STM32G0C1CEU6N, STM32G0C1KCT6, STM32G0C1NEY6TR, STM32G0C1RCI6N, STM32G0C1RCT6N, STM32G0C1REI6N, STM32G0C1RET6N, STM32G0C1VCI6, STM32G0C1VEI6, STM32G471CCT6, STM32G471CCU6, STM32G471CET3, STM32G471CET6, STM32G471CEU3, STM32G471CEU6, STM32G471MCT6, STM32G471MET3, STM32G471MET6, STM32G471MEY6TR, STM32G471QCT6, STM32G471QET3, STM32G471RCT6, STM32G471RET3, STM32G471RET6, STM32G471VCH6, STM32G471VCI6, STM32G471VCT6, STM32G471VEH3, STM32G471VEH6, STM32G471VEI3, STM32G471VEI6, STM32G471VET3, STM32G471VET6, STM32G474CCT6, STM32H503CBT6, STM32H503CBU6, STM32H503EBY6TR, STM32H503KBU6, STM32H503RBT6, STM32H562AGI6, STM32H562AII6, STM32H562IGK6, STM32H562IGT6, STM32H562IIK6, STM32H562IIT6, STM32H562RGT6, STM32H562RGV6, STM32H562RIT6, STM32H562RIV6, STM32H562VGT6, STM32H562VIT6, STM32H562ZGT6, STM32H562ZIT6, STM32H563AGI6, STM32H563AII3Q, STM32H563AII6, STM32H563IGK6, STM32H563IGT6, STM32H563IIK3Q, STM32H563IIK6, STM32H563IIT3Q, STM32H563IIT6, STM32H563MIY3QTR, STM32H563RGT6, STM32H563RGV6, STM32H563RIT6, STM32H563RIV6, STM32H563VGT6, STM32H563VIT3Q, STM32H563VIT6, STM32H563ZGT6, STM32H563ZIT3Q, STM32H563ZIT6, STM32H573AII3Q, STM32H573AII6, STM32H573I-DK, STM32H573IIK3Q, STM32H573IIK6, STM32H573IIT3Q, STM32H573IIT6, STM32H573MIY3QTR, STM32H573RIT6, STM32H573RIV6, STM32H573VIT3Q, STM32H573VIT6, STM32H573ZIT3Q, STM32H573ZIT6, STM32L4R5QGI6STR, STM32MP131AAE3, STM32MP131AAF3, STM32MP131AAG3, STM32MP131CAE3, STM32MP131CAF3, STM32MP131CAG3, STM32MP131DAE7, STM32MP131DAF7, STM32MP131DAG7, STM32MP131FAE7, STM32MP131FAF7, STM32MP131FAG7, STM32MP133AAE3, STM32MP133AAF3, STM32MP133AAG3, STM32MP133CAE3, STM32MP133CAF3, STM32MP133CAG3, STM32MP133DAE7, STM32MP133DAF7, STM32MP133DAG7, STM32MP133FAE7, STM32MP133FAF7, STM32MP133FAG7, STM32MP135AAE3, STM32MP135AAF3, STM32MP135AAG3, STM32MP135CAE3, STM32MP135CAF3, STM32MP135CAG3, STM32MP135DAE7, STM32MP135DAF7, STM32MP135DAG7, STM32MP135F-DK, STM32MP135FAE7, STM32MP135FAF7, STM32MP135FAF7T, STM32MP135FAF7U, STM32MP135FAG7, STM32U535CBT6, STM32U535CBT6Q, STM32U535CBU6, STM32U535CBU6Q, STM32U535CCT6, STM32U535CCT6Q, STM32U535CCU6, STM32U535CCU6Q, STM32U535CET6, STM32U535CET6Q, STM32U535CEU6, STM32U535CEU6Q, STM32U535JEY6QTR, STM32U535NCY6QTR, STM32U535NEY6QTR, STM32U535RBI6, STM32U535RBI6Q, STM32U535RBT6, STM32U535RBT6Q, STM32U535RCI6, STM32U535RCI6Q, STM32U535RCT6, STM32U535RCT6Q, STM32U535REI6, STM32U535REI6Q, STM32U535RET6, STM32U535RET6Q, STM32U535VCI6, STM32U535VCI6Q, STM32U535VCT6, STM32U535VCT6Q, STM32U535VEI6, STM32U535VEI6Q, STM32U535VET6, STM32U535VET6Q, STM32U545CET6, STM32U545CET6Q, STM32U545CEU6, STM32U545CEU6Q, STM32U545JEY6QTR, STM32U545NEY6QTR, STM32U545REI6, STM32U545REI6Q, STM32U545RET6, STM32U545RET6Q, STM32U545VEI6, STM32U545VEI6Q, STM32U545VET6, STM32U545VET6Q, STM32U595AIH6, STM32U595AIH6Q, STM32U595AJH6, STM32U595AJH6Q, STM32U595QII6, STM32U595QII6Q, STM32U595QJI6, STM32U595QJI6Q, STM32U595RIT6, STM32U595RIT6Q, STM32U595RJT6, STM32U595RJT6Q, STM32U595VIT6, STM32U595VIT6Q, STM32U595VJT6, STM32U595VJT6Q, STM32U595ZIT6, STM32U595ZIT6Q, STM32U595ZIY6QTR, STM32U595ZJT6, STM32U595ZJT6Q, STM32U595ZJY6QTR, STM32U599BJY6QTR, STM32U599NIH6Q, STM32U599NJH6Q, STM32U599VIT6Q, STM32U599VJT6, STM32U599VJT6Q, STM32U599ZIT6Q, STM32U599ZIY6QTR, STM32U599ZJT6Q, STM32U599ZJY6QTR, STM32U5A5AJH6, STM32U5A5AJH6Q, STM32U5A5QJI6, STM32U5A5QJI6Q, STM32U5A5RJT6, STM32U5A5RJT6Q, STM32U5A5VJT6, STM32U5A5VJT6Q, STM32U5A5ZJT6, STM32U5A5ZJT6Q, STM32U5A5ZJY6QTR, STM32U5A9BJY6QTR, STM32U5A9J-DK, STM32U5A9NJH6Q, STM32U5A9VJT6Q, STM32U5A9ZJT6Q, STM32U5A9ZJY6QTR, STM32U5F7VIT6, STM32U5F7VIT6Q, STM32U5F7VJT6, STM32U5F7VJT6Q, STM32U5F9BJY6QTR, STM32U5F9NJH6Q, STM32U5F9VIT6Q, STM32U5F9VJT6Q, STM32U5F9ZIJ6QTR, STM32U5F9ZIT6Q, STM32U5F9ZJJ6QTR, STM32U5F9ZJT6Q, STM32U5G7VJT6, STM32U5G7VJT6Q, STM32U5G9BJY6QTR, STM32U5G9J-DK1, STM32U5G9J-DK2, STM32U5G9NJH6Q, STM32U5G9VJT6Q, STM32U5G9ZJJ6QTR, STM32U5G9ZJT6Q, STM32WB1MMCH6, STM32WBA52CEU6, STM32WBA52CEU6T, STM32WBA52CGU6, STM32WBA52CGU6T, STM32WBA52KEU6, STM32WBA52KEU6T, STM32WBA52KGU6, STM32WBA52KGU6T, STM32WL5MOCH6, STM32WL5MOCH6TR]
2025-05-07 08:22:30,947 [INFO] DbMcus:217 - Found 4642 MCUs, 4642 are supported
2025-05-07 08:22:30,955 [INFO] ApiDb:423 - Load user favorites file C:\Users\msi1/.stm32cubeide/favorites.mcus.txt: 3 item(s)
2025-05-07 08:22:30,956 [INFO] ApiDb:427 - User favorites MCUs=[STM32F103CBT6, STM32F303VCT6, STM32F407VGT6]
2025-05-07 08:22:30,956 [INFO] DbMcus:223 - Set 3 / 3 favorites MCUs
2025-05-07 08:22:31,421 [WARN] ThirdParty:833 - waiting for thirdparty lock release [change project]
2025-05-07 08:22:31,421 [INFO] ThirdParty:835 - entering critical section [change project]
2025-05-07 08:22:31,421 [INFO] ThirdParty:1030 - CMSIS Pack Vendor :STMicroelectronics USBPD 4.1
2025-05-07 08:22:31,421 [INFO] ThirdParty:1030 - CMSIS Pack Vendor :STMicroelectronics X-CUBE-GNSS1 6.0.0
2025-05-07 08:22:31,421 [INFO] ThirdParty:1030 - CMSIS Pack Vendor :STMicroelectronics USB_HOST 2.0.0
2025-05-07 08:22:31,421 [INFO] ThirdParty:1030 - CMSIS Pack Vendor :STMicroelectronics FP-SNS-MOTENVWB1 1.4.0
2025-05-07 08:22:31,422 [INFO] ThirdParty:1030 - CMSIS Pack Vendor :STMicroelectronics X-CUBE-AZRTOS-F4 1.1.0
2025-05-07 08:22:31,422 [INFO] ThirdParty:1030 - CMSIS Pack Vendor :STMicroelectronics LIBJPEG 8.0.0
2025-05-07 08:22:31,422 [INFO] ThirdParty:1030 - CMSIS Pack Vendor :STMicroelectronics FP-ATR-ASTRA1 2.0.2
2025-05-07 08:22:31,422 [INFO] ThirdParty:1030 - CMSIS Pack Vendor :STMicroelectronics FP-ATR-ASTRA1 2.0.1
2025-05-07 08:22:31,422 [INFO] ThirdParty:1030 - CMSIS Pack Vendor :STMicroelectronics X-CUBE-SMBUS 2.1.0
2025-05-07 08:22:31,422 [INFO] ThirdParty:1030 - CMSIS Pack Vendor :STMicroelectronics X-CUBE-WB05N 1.1.0
2025-05-07 08:22:31,422 [INFO] ThirdParty:1030 - CMSIS Pack Vendor :wolfSSL I-CUBE-wolfSSL 5.6.0
2025-05-07 08:22:31,422 [INFO] ThirdParty:1030 - CMSIS Pack Vendor :STMicroelectronics X-CUBE-ISPU 2.1.0
2025-05-07 08:22:31,422 [INFO] ThirdParty:1030 - CMSIS Pack Vendor :STMicroelectronics X-CUBE-FREERTOS 1.2.0
2025-05-07 08:22:31,422 [INFO] ThirdParty:1030 - CMSIS Pack Vendor :STMicroelectronics X-CUBE-TOUCHGFX 4.23.0
2025-05-07 08:22:31,422 [INFO] ThirdParty:1030 - CMSIS Pack Vendor :STMicroelectronics X-CUBE-TOUCHGFX 4.23.2
2025-05-07 08:22:31,422 [INFO] ThirdParty:1030 - CMSIS Pack Vendor :STMicroelectronics X-CUBE-AZRTOS-F7 1.1.0
2025-05-07 08:22:31,422 [INFO] ThirdParty:1030 - CMSIS Pack Vendor :STMicroelectronics X-CUBE-AZRTOS-L5 2.0.0
2025-05-07 08:22:31,422 [INFO] ThirdParty:1030 - CMSIS Pack Vendor :STMicroelectronics USB_DEVICE 2.0.0
2025-05-07 08:22:31,422 [INFO] ThirdParty:1030 - CMSIS Pack Vendor :STMicroelectronics X-CUBE-MEMS1 9.6.0
2025-05-07 08:22:31,422 [INFO] ThirdParty:1030 - CMSIS Pack Vendor :STMicroelectronics X-CUBE-EEPRMA1 4.2.0
2025-05-07 08:22:31,422 [INFO] ThirdParty:1030 - CMSIS Pack Vendor :STMicroelectronics X-CUBE-NFC6 3.1.0
2025-05-07 08:22:31,422 [INFO] ThirdParty:1030 - CMSIS Pack Vendor :ITTIA_DB I-CUBE-ITTIADB 8.8.0
2025-05-07 08:22:31,422 [INFO] ThirdParty:1030 - CMSIS Pack Vendor :STMicroelectronics FP-SNS-MOTENV1 4.3.0
2025-05-07 08:22:31,422 [INFO] ThirdParty:1030 - CMSIS Pack Vendor :STMicroelectronics FP-SNS-MOTENV1 4.3.2
2025-05-07 08:22:31,422 [INFO] ThirdParty:1030 - CMSIS Pack Vendor :STMicroelectronics FP-SNS-FLIGHT1 5.0.0
2025-05-07 08:22:31,422 [INFO] ThirdParty:1030 - CMSIS Pack Vendor :STMicroelectronics X-CUBE-BLE1 6.2.4
2025-05-07 08:22:31,422 [INFO] ThirdParty:1030 - CMSIS Pack Vendor :STMicroelectronics FreeRTOS 0.0.1
2025-05-07 08:22:31,422 [INFO] ThirdParty:1030 - CMSIS Pack Vendor :emotas I-CUBE-CANOPEN 1.1.3
2025-05-07 08:22:31,422 [INFO] ThirdParty:1030 - CMSIS Pack Vendor :STMicroelectronics X-CUBE-BLEMGR 2.0.0
2025-05-07 08:22:31,423 [INFO] ThirdParty:1030 - CMSIS Pack Vendor :STMicroelectronics FP-SNS-FLIGHT1 5.0.2
2025-05-07 08:22:31,423 [INFO] ThirdParty:1030 - CMSIS Pack Vendor :STMicroelectronics X-CUBE-AI 9.0.0
2025-05-07 08:22:31,423 [INFO] ThirdParty:1030 - CMSIS Pack Vendor :STMicroelectronics X-CUBE-AZRTOS-H7 3.1.0
2025-05-07 08:22:31,423 [INFO] ThirdParty:1030 - CMSIS Pack Vendor :STMicroelectronics PDM2PCM 3.3.0
2025-05-07 08:22:31,423 [INFO] ThirdParty:1030 - CMSIS Pack Vendor :STMicroelectronics X-CUBE-DISPLAY 3.0.0
2025-05-07 08:22:31,423 [INFO] ThirdParty:1030 - CMSIS Pack Vendor :STMicroelectronics X-CUBE-BLE1 7.0.0
2025-05-07 08:22:31,423 [INFO] ThirdParty:1030 - CMSIS Pack Vendor :STMicroelectronics X-CUBE-NFC10 1.0.0
2025-05-07 08:22:31,423 [INFO] ThirdParty:1030 - CMSIS Pack Vendor :STMicroelectronics HAL Drivers 0.0.0
2025-05-07 08:22:31,423 [INFO] ThirdParty:1030 - CMSIS Pack Vendor :emotas I-CUBE-CANOPEN 1.3.0
2025-05-07 08:22:31,423 [INFO] ThirdParty:1030 - CMSIS Pack Vendor :STMicroelectronics X-CUBE-FREERTOS 1.3.0
2025-05-07 08:22:31,423 [INFO] ThirdParty:1030 - CMSIS Pack Vendor :STMicroelectronics X-CUBE-TOUCHGFX 4.22.0
2025-05-07 08:22:31,423 [INFO] ThirdParty:1030 - CMSIS Pack Vendor :STMicroelectronics X-CUBE-NFC7 1.0.1
2025-05-07 08:22:31,423 [INFO] ThirdParty:1030 - CMSIS Pack Vendor :STMicroelectronics MBEDTLS 2.14.1
2025-05-07 08:22:31,423 [INFO] ThirdParty:1030 - CMSIS Pack Vendor :STMicroelectronics X-CUBE-NFC7 1.0.0
2025-05-07 08:22:31,423 [INFO] ThirdParty:1030 - CMSIS Pack Vendor :STMicroelectronics X-CUBE-TOUCHGFX 4.22.1
2025-05-07 08:22:31,423 [INFO] ThirdParty:1030 - CMSIS Pack Vendor :wolfSSL I-CUBE-wolfTPM 3.2.0
2025-05-07 08:22:31,423 [INFO] ThirdParty:1030 - CMSIS Pack Vendor :STMicroelectronics X-CUBE-NFC6 3.0.0
2025-05-07 08:22:31,423 [INFO] ThirdParty:1030 - CMSIS Pack Vendor :STMicroelectronics X-CUBE-EEPRMA1 4.1.0
2025-05-07 08:22:31,423 [INFO] ThirdParty:1030 - CMSIS Pack Vendor :STMicroelectronics X-CUBE-BLEMGR 3.1.0
2025-05-07 08:22:31,423 [INFO] ThirdParty:1030 - CMSIS Pack Vendor :STMicroelectronics X-CUBE-AI 10.0.0
2025-05-07 08:22:31,423 [INFO] ThirdParty:1030 - CMSIS Pack Vendor :STMicroelectronics FP-SNS-SMARTAG2 1.2.0
2025-05-07 08:22:31,423 [INFO] ThirdParty:1030 - CMSIS Pack Vendor :STMicroelectronics X-CUBE-MEMS1 11.1.0
2025-05-07 08:22:31,423 [INFO] ThirdParty:1030 - CMSIS Pack Vendor :STMicroelectronics X-CUBE-AZRTOS-WL 2.0.0
2025-05-07 08:22:31,423 [INFO] ThirdParty:1030 - CMSIS Pack Vendor :STMicroelectronics FP-SNS-MOTENV1 5.0.0
2025-05-07 08:22:31,423 [INFO] ThirdParty:1030 - CMSIS Pack Vendor :STMicroelectronics USB_DEVICE 1.0.0
2025-05-07 08:22:31,423 [INFO] ThirdParty:1030 - CMSIS Pack Vendor :STMicroelectronics X-CUBE-AI 8.1.0
2025-05-07 08:22:31,425 [INFO] ThirdParty:1030 - CMSIS Pack Vendor :wolfSSL I-CUBE-wolfMQTT 1.19.0
2025-05-07 08:22:31,425 [INFO] ThirdParty:1030 - CMSIS Pack Vendor :STMicroelectronics X-CUBE-AZRTOS-L4 2.0.0
2025-05-07 08:22:31,425 [INFO] ThirdParty:1030 - CMSIS Pack Vendor :STMicroelectronics ThreadX 0.0.2
2025-05-07 08:22:31,425 [INFO] ThirdParty:1030 - CMSIS Pack Vendor :WES I-CUBE-Cesium 1.3.0
2025-05-07 08:22:31,425 [INFO] ThirdParty:1030 - CMSIS Pack Vendor :STMicroelectronics lwIP 2.1.2
2025-05-07 08:22:31,425 [INFO] ThirdParty:1030 - CMSIS Pack Vendor :STMicroelectronics X-CUBE-SFXS2LP1 4.0.0
2025-05-07 08:22:31,425 [INFO] ThirdParty:1030 - CMSIS Pack Vendor :STMicroelectronics X-CUBE-BLE2 3.3.0
2025-05-07 08:22:31,425 [INFO] ThirdParty:1030 - CMSIS Pack Vendor :STMicroelectronics PDM2PCM 3.2.0
2025-05-07 08:22:31,425 [INFO] ThirdParty:1030 - CMSIS Pack Vendor :STMicroelectronics X-CUBE-ISPU 1.1.0
2025-05-07 08:22:31,425 [INFO] ThirdParty:1030 - CMSIS Pack Vendor :STMicroelectronics X-CUBE-AZRTOS-H7 3.3.0
2025-05-07 08:22:31,425 [INFO] ThirdParty:1030 - CMSIS Pack Vendor :STMicroelectronics X-CUBE-NFC9 1.0.0
2025-05-07 08:22:31,425 [INFO] ThirdParty:1030 - CMSIS Pack Vendor :STMicroelectronics X-CUBE-BLE1 7.1.0
2025-05-07 08:22:31,425 [INFO] ThirdParty:1030 - CMSIS Pack Vendor :STMicroelectronics USB_DEVICE 3.0.0
2025-05-07 08:22:31,425 [INFO] ThirdParty:1030 - CMSIS Pack Vendor :STMicroelectronics X-CUBE-TCPP 4.1.0
2025-05-07 08:22:31,425 [INFO] ThirdParty:1030 - CMSIS Pack Vendor :STMicroelectronics X-CUBE-AZRTOS-WB 2.0.0
2025-05-07 08:22:31,425 [INFO] ThirdParty:1030 - CMSIS Pack Vendor :STMicroelectronics X-CUBE-FREERTOS 1.0.1
2025-05-07 08:22:31,425 [INFO] ThirdParty:1030 - CMSIS Pack Vendor :STMicroelectronics X-CUBE-GNSS1 7.0.1
2025-05-07 08:22:31,425 [INFO] ThirdParty:1030 - CMSIS Pack Vendor :STMicroelectronics X-CUBE-TOUCHGFX 4.21.4
2025-05-07 08:22:31,425 [INFO] ThirdParty:1030 - CMSIS Pack Vendor :STMicroelectronics X-CUBE-TOUCHGFX 4.25.0
2025-05-07 08:22:31,425 [INFO] ThirdParty:1030 - CMSIS Pack Vendor :STMicroelectronics X-CUBE-ALGOBUILD 1.3.0
2025-05-07 08:22:31,425 [INFO] ThirdParty:1030 - CMSIS Pack Vendor :STMicroelectronics X-CUBE-AZRTOS-L5 1.1.0
2025-05-07 08:22:31,425 [INFO] ThirdParty:1030 - CMSIS Pack Vendor :STMicroelectronics X-CUBE-MEMS1 11.2.0
2025-05-07 08:22:31,425 [INFO] ThirdParty:1030 - CMSIS Pack Vendor :STMicroelectronics X-CUBE-AZRTOS-G0 1.1.0
2025-05-07 08:22:31,425 [INFO] ThirdParty:1030 - CMSIS Pack Vendor :STMicroelectronics X-CUBE-AI 8.0.1
2025-05-07 08:22:31,425 [INFO] ThirdParty:1030 - CMSIS Pack Vendor :STMicroelectronics X-CUBE-SAFEA1 1.2.2
2025-05-07 08:22:31,425 [INFO] ThirdParty:1030 - CMSIS Pack Vendor :STMicroelectronics X-CUBE-NFC4 3.0.0
2025-05-07 08:22:31,425 [INFO] ThirdParty:1030 - CMSIS Pack Vendor :STMicroelectronics X-CUBE-SUBG2 5.0.0
2025-05-07 08:22:31,425 [INFO] ThirdParty:1030 - CMSIS Pack Vendor :STMicroelectronics X-CUBE-AZRTOS-H7RS 1.1.0
2025-05-07 08:22:31,425 [INFO] ThirdParty:1030 - CMSIS Pack Vendor :STMicroelectronics STM32_WPAN 1.0.0
2025-05-07 08:22:31,425 [INFO] ThirdParty:1030 - CMSIS Pack Vendor :wolfSSL I-CUBE-wolfMQTT 1.18.0
2025-05-07 08:22:31,425 [INFO] ThirdParty:1030 - CMSIS Pack Vendor :STMicroelectronics lwIP 2.0.3
2025-05-07 08:22:31,425 [INFO] ThirdParty:1030 - CMSIS Pack Vendor :Cesanta I-CUBE-Mongoose 7.13.0
2025-05-07 08:22:31,425 [INFO] ThirdParty:1030 - CMSIS Pack Vendor :STMicroelectronics USB_HOST 1.0.0
2025-05-07 08:22:31,425 [INFO] ThirdParty:1030 - CMSIS Pack Vendor :STMicroelectronics X-CUBE-TOF1 3.3.1
2025-05-07 08:22:31,425 [INFO] ThirdParty:1030 - CMSIS Pack Vendor :STMicroelectronics X-CUBE-AZRTOS-G4 2.0.0
2025-05-07 08:22:31,425 [INFO] ThirdParty:1030 - CMSIS Pack Vendor :STMicroelectronics X-CUBE-WB05N 2.0.0
2025-05-07 08:22:31,426 [INFO] ThirdParty:1030 - CMSIS Pack Vendor :STMicroelectronics PDM2PCM 3.1.0
2025-05-07 08:22:31,426 [INFO] ThirdParty:1030 - CMSIS Pack Vendor :STMicroelectronics X-CUBE-TOF1 3.3.0
2025-05-07 08:22:31,426 [INFO] ThirdParty:1030 - CMSIS Pack Vendor :Infineon AIROC-Wi-Fi-Bluetooth-STM32 1.5.1
2025-05-07 08:22:31,426 [INFO] ThirdParty:1030 - CMSIS Pack Vendor :STMicroelectronics X-CUBE-BLEMGR 3.0.0
2025-05-07 08:22:31,426 [INFO] ThirdParty:1030 - CMSIS Pack Vendor :STMicroelectronics FP-SNS-MOTENVWB1 1.3.0
2025-05-07 08:22:31,426 [INFO] ThirdParty:1030 - CMSIS Pack Vendor :STMicroelectronics X-CUBE-NFC7 2.0.0
2025-05-07 08:22:31,426 [INFO] ThirdParty:1030 - CMSIS Pack Vendor :STMicroelectronics FP-SNS-MOTENVWB1 1.3.1
2025-05-07 08:22:31,426 [INFO] ThirdParty:1030 - CMSIS Pack Vendor :STMicroelectronics FP-ATR-SIGFOX1 3.2.0
2025-05-07 08:22:31,426 [INFO] ThirdParty:1030 - CMSIS Pack Vendor :STMicroelectronics X-CUBE-AZRTOS-L4 1.0.0
2025-05-07 08:22:31,426 [INFO] ThirdParty:1030 - CMSIS Pack Vendor :STMicroelectronics X-CUBE-ISPU 2.0.0
2025-05-07 08:22:31,426 [INFO] ThirdParty:1030 - CMSIS Pack Vendor :STMicroelectronics X-CUBE-EEPRMA1 5.1.0
2025-05-07 08:22:31,426 [INFO] ThirdParty:1030 - CMSIS Pack Vendor :STMicroelectronics MBEDTLS 2.16.2
2025-05-07 08:22:31,426 [INFO] ThirdParty:1030 - CMSIS Pack Vendor :STMicroelectronics X-CUBE-ALS 1.0.2
2025-05-07 08:22:31,427 [INFO] ThirdParty:1030 - CMSIS Pack Vendor :STMicroelectronics X-CUBE-MEMS1 10.0.0
2025-05-07 08:22:31,427 [INFO] ThirdParty:1030 - CMSIS Pack Vendor :STMicroelectronics X-CUBE-FREERTOS 1.1.0
2025-05-07 08:22:31,427 [INFO] ThirdParty:1030 - CMSIS Pack Vendor :wolfSSL I-CUBE-wolfSSL 5.7.6
2025-05-07 08:22:31,427 [INFO] ThirdParty:1030 - CMSIS Pack Vendor :STMicroelectronics X-CUBE-TOUCHGFX 4.24.0
2025-05-07 08:22:31,427 [INFO] ThirdParty:1030 - CMSIS Pack Vendor :ITTIA_DB I-CUBE-ITTIADB 8.9.0
2025-05-07 08:22:31,427 [INFO] ThirdParty:1030 - CMSIS Pack Vendor :STMicroelectronics X-CUBE-TOUCHGFX 4.24.2
2025-05-07 08:22:31,427 [INFO] ThirdParty:1030 - CMSIS Pack Vendor :STMicroelectronics X-CUBE-AZRTOS-WL 1.0.0
2025-05-07 08:22:31,427 [INFO] ThirdParty:1030 - CMSIS Pack Vendor :STMicroelectronics X-CUBE-TOUCHGFX 4.24.1
2025-05-07 08:22:31,427 [INFO] ThirdParty:1030 - CMSIS Pack Vendor :wolfSSL I-CUBE-wolfTPM 3.4.0
2025-05-07 08:22:31,427 [INFO] ThirdParty:1030 - CMSIS Pack Vendor :portGmbH I-Cube-SoM-uGOAL 1.1.0
2025-05-07 08:22:31,427 [INFO] ThirdParty:1030 - CMSIS Pack Vendor :STMicroelectronics X-CUBE-ALS 1.0.1
2025-05-07 08:22:31,427 [INFO] ThirdParty:1030 - CMSIS Pack Vendor :STMicroelectronics ThreadX 1.0.0
2025-05-07 08:22:31,427 [INFO] ThirdParty:1030 - CMSIS Pack Vendor :STMicroelectronics X-CUBE-AZRTOS-WB 1.1.0
2025-05-07 08:22:31,427 [INFO] ThirdParty:1030 - CMSIS Pack Vendor :SEGGER I-CUBE-embOS 1.3.1
2025-05-07 08:22:31,427 [INFO] ThirdParty:1030 - CMSIS Pack Vendor :STMicroelectronics X-CUBE-ALGOBUILD 1.4.0
2025-05-07 08:22:31,429 [INFO] ThirdParty:1030 - CMSIS Pack Vendor :STMicroelectronics X-CUBE-AZRTOS-H7RS 1.0.0
2025-05-07 08:22:31,429 [INFO] ThirdParty:1030 - CMSIS Pack Vendor :STMicroelectronics FP-ATR-ASTRA1 2.0.0
2025-05-07 08:22:31,429 [INFO] ThirdParty:1030 - CMSIS Pack Vendor :STMicroelectronics X-CUBE-AI 9.1.0
2025-05-07 08:22:31,429 [INFO] ThirdParty:1030 - CMSIS Pack Vendor :STMicroelectronics X-CUBE-TOF1 3.4.0
2025-05-07 08:22:31,429 [INFO] ThirdParty:1030 - CMSIS Pack Vendor :STMicroelectronics X-CUBE-TOF1 3.4.1
2025-05-07 08:22:31,429 [INFO] ThirdParty:1030 - CMSIS Pack Vendor :STMicroelectronics X-CUBE-AZRTOS-H7 3.2.0
2025-05-07 08:22:31,429 [INFO] ThirdParty:1030 - CMSIS Pack Vendor :wolfSSL I-CUBE-wolfSSH 1.4.17
2025-05-07 08:22:31,429 [INFO] ThirdParty:841 - exiting critical section [change project]
2025-05-07 08:22:31,704 [INFO] PinOutPanel:1499 - setPackage(No Configuration,No Configuration)
2025-05-07 08:22:31,705 [INFO] PinOutPanel:1499 - setPackage(STM32F103CBTx,LQFP48)
2025-05-07 08:22:32,191 [INFO] UtilMem:75 - Before build in PCC Used Memory: 396436088 Bytes (748683264)
2025-05-07 08:22:33,025 [INFO] UtilMem:75 - After build in PCC Used Memory: 476240512 Bytes (748683264)
2025-05-07 08:22:33,046 [INFO] IPUIPlugin:80 - create IPUIPlugin
2025-05-07 08:22:33,046 [INFO] IPUIPlugin:80 - create IPUIPlugin
2025-05-07 08:22:33,046 [INFO] IPUIPlugin:80 - create IPUIPlugin
2025-05-07 08:22:33,046 [INFO] IPUIPlugin:80 - create IPUIPlugin
2025-05-07 08:22:33,046 [INFO] IPUIPlugin:80 - create IPUIPlugin
2025-05-07 08:22:33,046 [INFO] IPUIPlugin:80 - create IPUIPlugin
2025-05-07 08:22:33,046 [INFO] IPUIPlugin:80 - create IPUIPlugin
2025-05-07 08:22:33,046 [INFO] IPUIPlugin:80 - create IPUIPlugin
2025-05-07 08:22:33,046 [INFO] IPUIPlugin:80 - create IPUIPlugin
2025-05-07 08:22:33,046 [INFO] IPUIPlugin:80 - create IPUIPlugin
2025-05-07 08:22:33,047 [INFO] IPUIPlugin:80 - create IPUIPlugin
2025-05-07 08:22:33,047 [INFO] IPUIPlugin:80 - create IPUIPlugin
2025-05-07 08:22:33,047 [INFO] IPUIPlugin:80 - create IPUIPlugin
2025-05-07 08:22:33,047 [INFO] IPUIPlugin:80 - create IPUIPlugin
2025-05-07 08:22:33,047 [INFO] IPUIPlugin:80 - create IPUIPlugin
2025-05-07 08:22:33,048 [INFO] IPUIPlugin:80 - create IPUIPlugin
2025-05-07 08:22:33,048 [INFO] IPUIPlugin:80 - create IPUIPlugin
2025-05-07 08:22:33,048 [INFO] IPUIPlugin:80 - create IPUIPlugin
2025-05-07 08:22:33,048 [INFO] IPUIPlugin:80 - create IPUIPlugin
2025-05-07 08:22:33,048 [INFO] IPUIPlugin:80 - create IPUIPlugin
2025-05-07 08:22:33,048 [INFO] IPUIPlugin:80 - create IPUIPlugin
2025-05-07 08:22:33,048 [INFO] IPUIPlugin:80 - create IPUIPlugin
2025-05-07 08:22:33,048 [INFO] IPUIPlugin:80 - create IPUIPlugin
2025-05-07 08:22:33,049 [INFO] IPUIPlugin:80 - create IPUIPlugin
2025-05-07 08:22:33,049 [INFO] IPUIPlugin:80 - create IPUIPlugin
2025-05-07 08:22:33,049 [INFO] IPUIPlugin:80 - create IPUIPlugin
2025-05-07 08:22:33,049 [INFO] IPUIPlugin:80 - create IPUIPlugin
2025-05-07 08:22:33,269 [INFO] CADModel:165 - CPN selected for project levelSTM32F103CBT6
2025-05-07 08:22:33,269 [INFO] CADModel:114 - Register for checkConnection events
2025-05-07 08:22:33,320 [INFO] OpenFileManager:328 - Restore cursor
2025-05-07 08:54:09,035 [INFO] UtilMem:75 - End SaveConfig() Used Memory: 661179224 Bytes (1073741824)
2025-05-07 08:54:09,518 [INFO] BlockDiagram:2759 - set Specific Code input for plugin: NVIC
2025-05-07 08:54:09,519 [INFO] BlockDiagram:2759 - set Specific Code input for plugin: USART
2025-05-07 08:54:09,519 [INFO] BlockDiagram:2759 - set Specific Code input for plugin: USART
2025-05-07 08:54:09,519 [INFO] BlockDiagram:2759 - set Specific Code input for plugin: SYS
2025-05-07 08:54:09,519 [INFO] BlockDiagram:2759 - set Specific Code input for plugin: GPIO
2025-05-07 08:54:09,519 [INFO] BlockDiagram:2759 - set Specific Code input for plugin: RCC
2025-05-07 08:54:09,521 [INFO] CodeGenerator:799 - code generatio: config db path: D:\ITC\STM32\STM32CubeIDE_1.13.0\STM32CubeIDE\plugins\com.st.stm32cube.common.mx_6.9.0.202307051724\\db\
2025-05-07 08:54:09,740 [INFO] CodeEngine:255 - oldGeneratedFile, D:\AIFARM\STM32_GREENB\stm32f103_nethouse\MXTmpFiles\license.tmp_save
2025-05-07 08:54:10,097 [INFO] CodeEngine:279 - Generated code: D:\AIFARM\STM32_GREENB\stm32f103_nethouse\MXTmpFiles\license.tmp
2025-05-07 08:54:10,249 [INFO] CodeEngine:255 - oldGeneratedFile, D:\AIFARM\STM32_GREENB\stm32f103_nethouse\MXTmpFiles\gpio.tmp_save
2025-05-07 08:54:10,360 [INFO] CodeEngine:279 - Generated code: D:\AIFARM\STM32_GREENB\stm32f103_nethouse\MXTmpFiles\gpio.tmp
2025-05-07 08:54:10,521 [INFO] CodeEngine:255 - oldGeneratedFile, D:\AIFARM\STM32_GREENB\stm32f103_nethouse\Core\Src\stm32f1xx_it.c_save
2025-05-07 08:54:10,657 [INFO] CodeEngine:279 - Generated code: D:\AIFARM\STM32_GREENB\stm32f103_nethouse\Core\Src\stm32f1xx_it.c
2025-05-07 08:54:10,682 [INFO] CodeEngine:255 - oldGeneratedFile, D:\AIFARM\STM32_GREENB\stm32f103_nethouse\Core\Inc\stm32f1xx_it.h_save
2025-05-07 08:54:10,768 [INFO] CodeEngine:279 - Generated code: D:\AIFARM\STM32_GREENB\stm32f103_nethouse\Core\Inc\stm32f1xx_it.h
2025-05-07 08:54:10,800 [INFO] CodeEngine:255 - oldGeneratedFile, D:\AIFARM\STM32_GREENB\stm32f103_nethouse\Core\Src\stm32f1xx_hal_msp.c_save
2025-05-07 08:54:10,930 [INFO] CodeEngine:279 - Generated code: D:\AIFARM\STM32_GREENB\stm32f103_nethouse\Core\Src\stm32f1xx_hal_msp.c
2025-05-07 08:54:10,942 [INFO] CodeEngine:255 - oldGeneratedFile, D:\AIFARM\STM32_GREENB\stm32f103_nethouse\MXTmpFiles\system.tmp_save
2025-05-07 08:54:11,024 [INFO] CodeEngine:279 - Generated code: D:\AIFARM\STM32_GREENB\stm32f103_nethouse\MXTmpFiles\system.tmp
2025-05-07 08:54:11,059 [INFO] CodeEngine:311 - oldGeneratedFile, D:\AIFARM\STM32_GREENB\stm32f103_nethouse\Core\Inc\stm32f1xx_hal_conf.h_save
2025-05-07 08:54:11,162 [INFO] CodeEngine:335 - Generated code: D:\AIFARM\STM32_GREENB\stm32f103_nethouse\Core\Inc\stm32f1xx_hal_conf.h
2025-05-07 08:54:11,215 [INFO] CodeEngine:255 - oldGeneratedFile, D:\AIFARM\STM32_GREENB\stm32f103_nethouse\Core\Inc\main.h_save
2025-05-07 08:54:11,313 [INFO] CodeEngine:279 - Generated code: D:\AIFARM\STM32_GREENB\stm32f103_nethouse\Core\Inc\main.h
2025-05-07 08:54:11,337 [INFO] CodeEngine:255 - oldGeneratedFile, D:\AIFARM\STM32_GREENB\stm32f103_nethouse\Core\Src\main.c_save
2025-05-07 08:54:11,601 [INFO] CodeEngine:279 - Generated code: D:\AIFARM\STM32_GREENB\stm32f103_nethouse\Core\Src\main.c
2025-05-07 08:54:12,150 [INFO] ProjectBuilder:3064 - Time for Copy HAL[1] : 192mS.
2025-05-07 08:54:12,156 [INFO] ProjectBuilder:4404 - Project Generator version: 4.1.0
2025-05-07 08:54:12,409 [INFO] ConfigFileManager:1457 - The Die is : DIE410
2025-05-07 08:54:12,444 [INFO] ApiDbMcu:507 - Load IP Config File for FATFS
2025-05-07 08:54:12,460 [INFO] ApiDbMcu:507 - Load IP Config File for FREERTOS
2025-05-07 08:54:12,477 [INFO] ApiDbMcu:507 - Load IP Config File for USB_DEVICE
2025-05-07 08:54:13,440 [INFO] LogOutputStream:77 - [STDOUT_REDIRECT] 
2025-05-07 08:54:14,917 [INFO] ProjectBuilder:4626 - Time for Generating toolchain IDE Files: 2761mS.
2025-05-07 08:54:14,918 [INFO] ProjectBuilder:2935 - Time for Copy CMSIS : 0mS.
2025-05-07 08:54:14,919 [INFO] ProjectBuilder:2935 - Time for Copy CMSIS : 0mS.
2025-05-07 09:02:10,576 [INFO] UtilMem:75 - End SaveConfig() Used Memory: 711313824 Bytes (1073741824)
2025-05-07 09:02:10,784 [INFO] BlockDiagram:2759 - set Specific Code input for plugin: NVIC
2025-05-07 09:02:10,784 [INFO] BlockDiagram:2759 - set Specific Code input for plugin: USART
2025-05-07 09:02:10,784 [INFO] BlockDiagram:2759 - set Specific Code input for plugin: USART
2025-05-07 09:02:10,784 [INFO] BlockDiagram:2759 - set Specific Code input for plugin: SYS
2025-05-07 09:02:10,785 [INFO] BlockDiagram:2759 - set Specific Code input for plugin: GPIO
2025-05-07 09:02:10,785 [INFO] BlockDiagram:2759 - set Specific Code input for plugin: RCC
2025-05-07 09:02:10,787 [INFO] CodeGenerator:799 - code generatio: config db path: D:\ITC\STM32\STM32CubeIDE_1.13.0\STM32CubeIDE\plugins\com.st.stm32cube.common.mx_6.9.0.202307051724\\db\
2025-05-07 09:02:10,898 [INFO] CodeEngine:255 - oldGeneratedFile, D:\AIFARM\STM32_GREENB\stm32f103_nethouse\MXTmpFiles\license.tmp_save
2025-05-07 09:02:11,000 [INFO] CodeEngine:279 - Generated code: D:\AIFARM\STM32_GREENB\stm32f103_nethouse\MXTmpFiles\license.tmp
2025-05-07 09:02:11,016 [INFO] CodeEngine:255 - oldGeneratedFile, D:\AIFARM\STM32_GREENB\stm32f103_nethouse\MXTmpFiles\gpio.tmp_save
2025-05-07 09:02:11,105 [INFO] CodeEngine:279 - Generated code: D:\AIFARM\STM32_GREENB\stm32f103_nethouse\MXTmpFiles\gpio.tmp
2025-05-07 09:02:11,163 [INFO] CodeEngine:255 - oldGeneratedFile, D:\AIFARM\STM32_GREENB\stm32f103_nethouse\Core\Src\stm32f1xx_it.c_save
2025-05-07 09:02:11,400 [INFO] CodeEngine:279 - Generated code: D:\AIFARM\STM32_GREENB\stm32f103_nethouse\Core\Src\stm32f1xx_it.c
2025-05-07 09:02:11,405 [INFO] CodeEngine:255 - oldGeneratedFile, D:\AIFARM\STM32_GREENB\stm32f103_nethouse\Core\Inc\stm32f1xx_it.h_save
2025-05-07 09:02:11,455 [INFO] CodeEngine:279 - Generated code: D:\AIFARM\STM32_GREENB\stm32f103_nethouse\Core\Inc\stm32f1xx_it.h
2025-05-07 09:02:11,475 [INFO] CodeEngine:255 - oldGeneratedFile, D:\AIFARM\STM32_GREENB\stm32f103_nethouse\Core\Src\stm32f1xx_hal_msp.c_save
2025-05-07 09:02:11,569 [INFO] CodeEngine:279 - Generated code: D:\AIFARM\STM32_GREENB\stm32f103_nethouse\Core\Src\stm32f1xx_hal_msp.c
2025-05-07 09:02:11,573 [INFO] CodeEngine:255 - oldGeneratedFile, D:\AIFARM\STM32_GREENB\stm32f103_nethouse\MXTmpFiles\system.tmp_save
2025-05-07 09:02:11,623 [INFO] CodeEngine:279 - Generated code: D:\AIFARM\STM32_GREENB\stm32f103_nethouse\MXTmpFiles\system.tmp
2025-05-07 09:02:11,642 [INFO] CodeEngine:311 - oldGeneratedFile, D:\AIFARM\STM32_GREENB\stm32f103_nethouse\Core\Inc\stm32f1xx_hal_conf.h_save
2025-05-07 09:02:11,735 [INFO] CodeEngine:335 - Generated code: D:\AIFARM\STM32_GREENB\stm32f103_nethouse\Core\Inc\stm32f1xx_hal_conf.h
2025-05-07 09:02:11,774 [INFO] CodeEngine:255 - oldGeneratedFile, D:\AIFARM\STM32_GREENB\stm32f103_nethouse\Core\Inc\main.h_save
2025-05-07 09:02:11,884 [INFO] CodeEngine:279 - Generated code: D:\AIFARM\STM32_GREENB\stm32f103_nethouse\Core\Inc\main.h
2025-05-07 09:02:11,906 [INFO] CodeEngine:255 - oldGeneratedFile, D:\AIFARM\STM32_GREENB\stm32f103_nethouse\Core\Src\main.c_save
2025-05-07 09:02:12,035 [INFO] CodeEngine:279 - Generated code: D:\AIFARM\STM32_GREENB\stm32f103_nethouse\Core\Src\main.c
2025-05-07 09:02:12,543 [INFO] ProjectBuilder:3064 - Time for Copy HAL[1] : 132mS.
2025-05-07 09:02:12,545 [INFO] ProjectBuilder:4404 - Project Generator version: 4.1.0
2025-05-07 09:02:12,733 [INFO] ConfigFileManager:1457 - The Die is : DIE410
2025-05-07 09:02:14,038 [INFO] ProjectBuilder:4626 - Time for Generating toolchain IDE Files: 1493mS.
2025-05-07 09:02:14,039 [INFO] ProjectBuilder:2935 - Time for Copy CMSIS : 0mS.
2025-05-07 09:02:14,041 [INFO] ProjectBuilder:2935 - Time for Copy CMSIS : 0mS.
2025-05-07 09:02:27,821 [INFO] UtilMem:75 - End SaveConfig() Used Memory: 727789608 Bytes (1073741824)
2025-05-07 09:02:28,038 [INFO] BlockDiagram:2759 - set Specific Code input for plugin: NVIC
2025-05-07 09:02:28,038 [INFO] BlockDiagram:2759 - set Specific Code input for plugin: USART
2025-05-07 09:02:28,038 [INFO] BlockDiagram:2759 - set Specific Code input for plugin: USART
2025-05-07 09:02:28,038 [INFO] BlockDiagram:2759 - set Specific Code input for plugin: SYS
2025-05-07 09:02:28,039 [INFO] BlockDiagram:2759 - set Specific Code input for plugin: GPIO
2025-05-07 09:02:28,039 [INFO] BlockDiagram:2759 - set Specific Code input for plugin: RCC
2025-05-07 09:02:28,040 [INFO] CodeGenerator:799 - code generatio: config db path: D:\ITC\STM32\STM32CubeIDE_1.13.0\STM32CubeIDE\plugins\com.st.stm32cube.common.mx_6.9.0.202307051724\\db\
2025-05-07 09:02:28,188 [INFO] CodeEngine:255 - oldGeneratedFile, D:\AIFARM\STM32_GREENB\stm32f103_nethouse\MXTmpFiles\license.tmp_save
2025-05-07 09:02:28,278 [INFO] CodeEngine:279 - Generated code: D:\AIFARM\STM32_GREENB\stm32f103_nethouse\MXTmpFiles\license.tmp
2025-05-07 09:02:28,295 [INFO] CodeEngine:255 - oldGeneratedFile, D:\AIFARM\STM32_GREENB\stm32f103_nethouse\MXTmpFiles\gpio.tmp_save
2025-05-07 09:02:28,420 [INFO] CodeEngine:279 - Generated code: D:\AIFARM\STM32_GREENB\stm32f103_nethouse\MXTmpFiles\gpio.tmp
2025-05-07 09:02:28,491 [INFO] CodeEngine:255 - oldGeneratedFile, D:\AIFARM\STM32_GREENB\stm32f103_nethouse\Core\Src\stm32f1xx_it.c_save
2025-05-07 09:02:28,587 [INFO] CodeEngine:279 - Generated code: D:\AIFARM\STM32_GREENB\stm32f103_nethouse\Core\Src\stm32f1xx_it.c
2025-05-07 09:02:28,594 [INFO] CodeEngine:255 - oldGeneratedFile, D:\AIFARM\STM32_GREENB\stm32f103_nethouse\Core\Inc\stm32f1xx_it.h_save
2025-05-07 09:02:28,642 [INFO] CodeEngine:279 - Generated code: D:\AIFARM\STM32_GREENB\stm32f103_nethouse\Core\Inc\stm32f1xx_it.h
2025-05-07 09:02:28,655 [INFO] CodeEngine:255 - oldGeneratedFile, D:\AIFARM\STM32_GREENB\stm32f103_nethouse\Core\Src\stm32f1xx_hal_msp.c_save
2025-05-07 09:02:28,721 [INFO] CodeEngine:279 - Generated code: D:\AIFARM\STM32_GREENB\stm32f103_nethouse\Core\Src\stm32f1xx_hal_msp.c
2025-05-07 09:02:28,724 [INFO] CodeEngine:255 - oldGeneratedFile, D:\AIFARM\STM32_GREENB\stm32f103_nethouse\MXTmpFiles\system.tmp_save
2025-05-07 09:02:28,766 [INFO] CodeEngine:279 - Generated code: D:\AIFARM\STM32_GREENB\stm32f103_nethouse\MXTmpFiles\system.tmp
2025-05-07 09:02:28,780 [INFO] CodeEngine:311 - oldGeneratedFile, D:\AIFARM\STM32_GREENB\stm32f103_nethouse\Core\Inc\stm32f1xx_hal_conf.h_save
2025-05-07 09:02:28,896 [INFO] CodeEngine:335 - Generated code: D:\AIFARM\STM32_GREENB\stm32f103_nethouse\Core\Inc\stm32f1xx_hal_conf.h
2025-05-07 09:02:28,927 [INFO] CodeEngine:255 - oldGeneratedFile, D:\AIFARM\STM32_GREENB\stm32f103_nethouse\Core\Inc\main.h_save
2025-05-07 09:02:28,993 [INFO] CodeEngine:279 - Generated code: D:\AIFARM\STM32_GREENB\stm32f103_nethouse\Core\Inc\main.h
2025-05-07 09:02:29,008 [INFO] CodeEngine:255 - oldGeneratedFile, D:\AIFARM\STM32_GREENB\stm32f103_nethouse\Core\Src\main.c_save
2025-05-07 09:02:29,110 [INFO] CodeEngine:279 - Generated code: D:\AIFARM\STM32_GREENB\stm32f103_nethouse\Core\Src\main.c
2025-05-07 09:02:29,572 [INFO] ProjectBuilder:3064 - Time for Copy HAL[1] : 163mS.
2025-05-07 09:02:29,575 [INFO] ProjectBuilder:4404 - Project Generator version: 4.1.0
2025-05-07 09:02:29,842 [INFO] ConfigFileManager:1457 - The Die is : DIE410
2025-05-07 09:02:30,988 [INFO] ProjectBuilder:4626 - Time for Generating toolchain IDE Files: 1413mS.
2025-05-07 09:02:30,989 [INFO] ProjectBuilder:2935 - Time for Copy CMSIS : 0mS.
2025-05-07 09:02:30,991 [INFO] ProjectBuilder:2935 - Time for Copy CMSIS : 0mS.
2025-05-07 09:30:05,265 [INFO] UtilMem:75 - End SaveConfig() Used Memory: 808534848 Bytes (1073741824)
2025-05-07 09:30:05,560 [INFO] BlockDiagram:2759 - set Specific Code input for plugin: NVIC
2025-05-07 09:30:05,560 [INFO] BlockDiagram:2759 - set Specific Code input for plugin: USART
2025-05-07 09:30:05,560 [INFO] BlockDiagram:2759 - set Specific Code input for plugin: USART
2025-05-07 09:30:05,560 [INFO] BlockDiagram:2759 - set Specific Code input for plugin: SYS
2025-05-07 09:30:05,561 [INFO] BlockDiagram:2759 - set Specific Code input for plugin: GPIO
2025-05-07 09:30:05,561 [INFO] BlockDiagram:2759 - set Specific Code input for plugin: RCC
2025-05-07 09:30:05,563 [INFO] CodeGenerator:799 - code generatio: config db path: D:\ITC\STM32\STM32CubeIDE_1.13.0\STM32CubeIDE\plugins\com.st.stm32cube.common.mx_6.9.0.202307051724\\db\
2025-05-07 09:30:05,990 [INFO] CodeEngine:255 - oldGeneratedFile, D:\AIFARM\STM32_GREENB\stm32f103_nethouse\MXTmpFiles\license.tmp_save
2025-05-07 09:30:06,111 [INFO] CodeEngine:279 - Generated code: D:\AIFARM\STM32_GREENB\stm32f103_nethouse\MXTmpFiles\license.tmp
2025-05-07 09:30:06,151 [INFO] CodeEngine:255 - oldGeneratedFile, D:\AIFARM\STM32_GREENB\stm32f103_nethouse\MXTmpFiles\gpio.tmp_save
2025-05-07 09:30:06,257 [INFO] CodeEngine:279 - Generated code: D:\AIFARM\STM32_GREENB\stm32f103_nethouse\MXTmpFiles\gpio.tmp
2025-05-07 09:30:06,406 [INFO] CodeEngine:255 - oldGeneratedFile, D:\AIFARM\STM32_GREENB\stm32f103_nethouse\Core\Src\stm32f1xx_it.c_save
2025-05-07 09:30:06,573 [INFO] CodeEngine:279 - Generated code: D:\AIFARM\STM32_GREENB\stm32f103_nethouse\Core\Src\stm32f1xx_it.c
2025-05-07 09:30:06,579 [INFO] CodeEngine:255 - oldGeneratedFile, D:\AIFARM\STM32_GREENB\stm32f103_nethouse\Core\Inc\stm32f1xx_it.h_save
2025-05-07 09:30:06,628 [INFO] CodeEngine:279 - Generated code: D:\AIFARM\STM32_GREENB\stm32f103_nethouse\Core\Inc\stm32f1xx_it.h
2025-05-07 09:30:06,658 [INFO] CodeEngine:255 - oldGeneratedFile, D:\AIFARM\STM32_GREENB\stm32f103_nethouse\Core\Src\stm32f1xx_hal_msp.c_save
2025-05-07 09:30:06,755 [INFO] CodeEngine:279 - Generated code: D:\AIFARM\STM32_GREENB\stm32f103_nethouse\Core\Src\stm32f1xx_hal_msp.c
2025-05-07 09:30:06,759 [INFO] CodeEngine:255 - oldGeneratedFile, D:\AIFARM\STM32_GREENB\stm32f103_nethouse\MXTmpFiles\system.tmp_save
2025-05-07 09:30:06,806 [INFO] CodeEngine:279 - Generated code: D:\AIFARM\STM32_GREENB\stm32f103_nethouse\MXTmpFiles\system.tmp
2025-05-07 09:30:06,830 [INFO] CodeEngine:311 - oldGeneratedFile, D:\AIFARM\STM32_GREENB\stm32f103_nethouse\Core\Inc\stm32f1xx_hal_conf.h_save
2025-05-07 09:30:06,919 [INFO] CodeEngine:335 - Generated code: D:\AIFARM\STM32_GREENB\stm32f103_nethouse\Core\Inc\stm32f1xx_hal_conf.h
2025-05-07 09:30:06,959 [INFO] CodeEngine:255 - oldGeneratedFile, D:\AIFARM\STM32_GREENB\stm32f103_nethouse\Core\Inc\main.h_save
2025-05-07 09:30:07,045 [INFO] CodeEngine:279 - Generated code: D:\AIFARM\STM32_GREENB\stm32f103_nethouse\Core\Inc\main.h
2025-05-07 09:30:07,067 [INFO] CodeEngine:255 - oldGeneratedFile, D:\AIFARM\STM32_GREENB\stm32f103_nethouse\Core\Src\main.c_save
2025-05-07 09:30:07,158 [INFO] CodeEngine:279 - Generated code: D:\AIFARM\STM32_GREENB\stm32f103_nethouse\Core\Src\main.c
2025-05-07 09:30:07,678 [INFO] ProjectBuilder:3064 - Time for Copy HAL[1] : 212mS.
2025-05-07 09:30:07,681 [INFO] ProjectBuilder:4404 - Project Generator version: 4.1.0
2025-05-07 09:30:07,990 [INFO] ConfigFileManager:1457 - The Die is : DIE410
2025-05-07 09:30:09,294 [INFO] ProjectBuilder:4626 - Time for Generating toolchain IDE Files: 1613mS.
2025-05-07 09:30:09,295 [INFO] ProjectBuilder:2935 - Time for Copy CMSIS : 1mS.
2025-05-07 09:30:09,297 [INFO] ProjectBuilder:2935 - Time for Copy CMSIS : 1mS.
2025-05-07 09:34:38,928 [INFO] NvicIntPanel:101 - NVIC parent = com.st.microxplorer.plugins.ip.nvic.MultiNvicIntPanel[,0,0,0x0,invalid,layout=javax.swing.BoxLayout,alignmentX=0.0,alignmentY=0.0,border=,flags=9,maximumSize=,minimumSize=,preferredSize=]
2025-05-07 09:34:43,500 [INFO] UtilMem:75 - End SaveConfig() Used Memory: 836396088 Bytes (1073741824)
2025-05-07 09:34:44,004 [INFO] UtilMem:75 - End SaveConfig() Used Memory: 862094744 Bytes (1073741824)
2025-05-07 09:34:44,283 [INFO] BlockDiagram:2759 - set Specific Code input for plugin: NVIC
2025-05-07 09:34:44,284 [INFO] BlockDiagram:2759 - set Specific Code input for plugin: USART
2025-05-07 09:34:44,284 [INFO] BlockDiagram:2759 - set Specific Code input for plugin: USART
2025-05-07 09:34:44,284 [INFO] BlockDiagram:2759 - set Specific Code input for plugin: SYS
2025-05-07 09:34:44,284 [INFO] BlockDiagram:2759 - set Specific Code input for plugin: GPIO
2025-05-07 09:34:44,284 [INFO] BlockDiagram:2759 - set Specific Code input for plugin: RCC
2025-05-07 09:34:44,285 [INFO] CodeGenerator:799 - code generatio: config db path: D:\ITC\STM32\STM32CubeIDE_1.13.0\STM32CubeIDE\plugins\com.st.stm32cube.common.mx_6.9.0.202307051724\\db\
2025-05-07 09:34:44,437 [INFO] CodeEngine:255 - oldGeneratedFile, D:\AIFARM\STM32_GREENB\stm32f103_nethouse\MXTmpFiles\license.tmp_save
2025-05-07 09:34:44,523 [INFO] CodeEngine:279 - Generated code: D:\AIFARM\STM32_GREENB\stm32f103_nethouse\MXTmpFiles\license.tmp
2025-05-07 09:34:44,537 [INFO] CodeEngine:255 - oldGeneratedFile, D:\AIFARM\STM32_GREENB\stm32f103_nethouse\MXTmpFiles\gpio.tmp_save
2025-05-07 09:34:44,641 [INFO] CodeEngine:279 - Generated code: D:\AIFARM\STM32_GREENB\stm32f103_nethouse\MXTmpFiles\gpio.tmp
2025-05-07 09:34:44,694 [INFO] CodeEngine:255 - oldGeneratedFile, D:\AIFARM\STM32_GREENB\stm32f103_nethouse\Core\Src\stm32f1xx_it.c_save
2025-05-07 09:34:44,783 [INFO] CodeEngine:279 - Generated code: D:\AIFARM\STM32_GREENB\stm32f103_nethouse\Core\Src\stm32f1xx_it.c
2025-05-07 09:34:44,788 [INFO] CodeEngine:255 - oldGeneratedFile, D:\AIFARM\STM32_GREENB\stm32f103_nethouse\Core\Inc\stm32f1xx_it.h_save
2025-05-07 09:34:44,839 [INFO] CodeEngine:279 - Generated code: D:\AIFARM\STM32_GREENB\stm32f103_nethouse\Core\Inc\stm32f1xx_it.h
2025-05-07 09:34:44,856 [INFO] CodeEngine:255 - oldGeneratedFile, D:\AIFARM\STM32_GREENB\stm32f103_nethouse\Core\Src\stm32f1xx_hal_msp.c_save
2025-05-07 09:34:44,945 [INFO] CodeEngine:279 - Generated code: D:\AIFARM\STM32_GREENB\stm32f103_nethouse\Core\Src\stm32f1xx_hal_msp.c
2025-05-07 09:34:44,948 [INFO] CodeEngine:255 - oldGeneratedFile, D:\AIFARM\STM32_GREENB\stm32f103_nethouse\MXTmpFiles\system.tmp_save
2025-05-07 09:34:45,009 [INFO] CodeEngine:279 - Generated code: D:\AIFARM\STM32_GREENB\stm32f103_nethouse\MXTmpFiles\system.tmp
2025-05-07 09:34:45,037 [INFO] CodeEngine:311 - oldGeneratedFile, D:\AIFARM\STM32_GREENB\stm32f103_nethouse\Core\Inc\stm32f1xx_hal_conf.h_save
2025-05-07 09:34:45,116 [INFO] CodeEngine:335 - Generated code: D:\AIFARM\STM32_GREENB\stm32f103_nethouse\Core\Inc\stm32f1xx_hal_conf.h
2025-05-07 09:34:45,151 [INFO] CodeEngine:255 - oldGeneratedFile, D:\AIFARM\STM32_GREENB\stm32f103_nethouse\Core\Inc\main.h_save
2025-05-07 09:34:45,253 [INFO] CodeEngine:279 - Generated code: D:\AIFARM\STM32_GREENB\stm32f103_nethouse\Core\Inc\main.h
2025-05-07 09:34:45,273 [INFO] CodeEngine:255 - oldGeneratedFile, D:\AIFARM\STM32_GREENB\stm32f103_nethouse\Core\Src\main.c_save
2025-05-07 09:34:45,415 [INFO] CodeEngine:279 - Generated code: D:\AIFARM\STM32_GREENB\stm32f103_nethouse\Core\Src\main.c
2025-05-07 09:34:45,910 [INFO] ProjectBuilder:3064 - Time for Copy HAL[1] : 136mS.
2025-05-07 09:34:45,912 [INFO] ProjectBuilder:4404 - Project Generator version: 4.1.0
2025-05-07 09:34:46,172 [INFO] ConfigFileManager:1457 - The Die is : DIE410
2025-05-07 09:34:47,440 [INFO] ProjectBuilder:4626 - Time for Generating toolchain IDE Files: 1528mS.
2025-05-07 09:34:47,442 [INFO] ProjectBuilder:2935 - Time for Copy CMSIS : 2mS.
2025-05-07 09:34:47,443 [INFO] ProjectBuilder:2935 - Time for Copy CMSIS : 0mS.
2025-05-07 09:36:45,665 [INFO] UtilMem:75 - End SaveConfig() Used Memory: 874077952 Bytes (1073741824)
2025-05-07 09:36:45,904 [INFO] BlockDiagram:2759 - set Specific Code input for plugin: NVIC
2025-05-07 09:36:45,904 [INFO] BlockDiagram:2759 - set Specific Code input for plugin: USART
2025-05-07 09:36:45,904 [INFO] BlockDiagram:2759 - set Specific Code input for plugin: USART
2025-05-07 09:36:45,904 [INFO] BlockDiagram:2759 - set Specific Code input for plugin: SYS
2025-05-07 09:36:45,904 [INFO] BlockDiagram:2759 - set Specific Code input for plugin: GPIO
2025-05-07 09:36:45,904 [INFO] BlockDiagram:2759 - set Specific Code input for plugin: RCC
2025-05-07 09:36:45,906 [INFO] CodeGenerator:799 - code generatio: config db path: D:\ITC\STM32\STM32CubeIDE_1.13.0\STM32CubeIDE\plugins\com.st.stm32cube.common.mx_6.9.0.202307051724\\db\
2025-05-07 09:36:46,021 [INFO] CodeEngine:255 - oldGeneratedFile, D:\AIFARM\STM32_GREENB\stm32f103_nethouse\MXTmpFiles\license.tmp_save
2025-05-07 09:36:46,101 [INFO] CodeEngine:279 - Generated code: D:\AIFARM\STM32_GREENB\stm32f103_nethouse\MXTmpFiles\license.tmp
2025-05-07 09:36:46,115 [INFO] CodeEngine:255 - oldGeneratedFile, D:\AIFARM\STM32_GREENB\stm32f103_nethouse\MXTmpFiles\gpio.tmp_save
2025-05-07 09:36:46,241 [INFO] CodeEngine:279 - Generated code: D:\AIFARM\STM32_GREENB\stm32f103_nethouse\MXTmpFiles\gpio.tmp
2025-05-07 09:36:46,280 [INFO] CodeEngine:255 - oldGeneratedFile, D:\AIFARM\STM32_GREENB\stm32f103_nethouse\Core\Src\stm32f1xx_it.c_save
2025-05-07 09:36:46,343 [INFO] CodeEngine:279 - Generated code: D:\AIFARM\STM32_GREENB\stm32f103_nethouse\Core\Src\stm32f1xx_it.c
2025-05-07 09:36:46,347 [INFO] CodeEngine:255 - oldGeneratedFile, D:\AIFARM\STM32_GREENB\stm32f103_nethouse\Core\Inc\stm32f1xx_it.h_save
2025-05-07 09:36:46,395 [INFO] CodeEngine:279 - Generated code: D:\AIFARM\STM32_GREENB\stm32f103_nethouse\Core\Inc\stm32f1xx_it.h
2025-05-07 09:36:46,410 [INFO] CodeEngine:255 - oldGeneratedFile, D:\AIFARM\STM32_GREENB\stm32f103_nethouse\Core\Src\stm32f1xx_hal_msp.c_save
2025-05-07 09:36:46,481 [INFO] CodeEngine:279 - Generated code: D:\AIFARM\STM32_GREENB\stm32f103_nethouse\Core\Src\stm32f1xx_hal_msp.c
2025-05-07 09:36:46,484 [INFO] CodeEngine:255 - oldGeneratedFile, D:\AIFARM\STM32_GREENB\stm32f103_nethouse\MXTmpFiles\system.tmp_save
2025-05-07 09:36:46,525 [INFO] CodeEngine:279 - Generated code: D:\AIFARM\STM32_GREENB\stm32f103_nethouse\MXTmpFiles\system.tmp
2025-05-07 09:36:46,541 [INFO] CodeEngine:311 - oldGeneratedFile, D:\AIFARM\STM32_GREENB\stm32f103_nethouse\Core\Inc\stm32f1xx_hal_conf.h_save
2025-05-07 09:36:46,623 [INFO] CodeEngine:335 - Generated code: D:\AIFARM\STM32_GREENB\stm32f103_nethouse\Core\Inc\stm32f1xx_hal_conf.h
2025-05-07 09:36:46,653 [INFO] CodeEngine:255 - oldGeneratedFile, D:\AIFARM\STM32_GREENB\stm32f103_nethouse\Core\Inc\main.h_save
2025-05-07 09:36:46,712 [INFO] CodeEngine:279 - Generated code: D:\AIFARM\STM32_GREENB\stm32f103_nethouse\Core\Inc\main.h
2025-05-07 09:36:46,724 [INFO] CodeEngine:255 - oldGeneratedFile, D:\AIFARM\STM32_GREENB\stm32f103_nethouse\Core\Src\main.c_save
2025-05-07 09:36:46,789 [INFO] CodeEngine:279 - Generated code: D:\AIFARM\STM32_GREENB\stm32f103_nethouse\Core\Src\main.c
2025-05-07 09:36:47,347 [INFO] ProjectBuilder:3064 - Time for Copy HAL[1] : 142mS.
2025-05-07 09:36:47,349 [INFO] ProjectBuilder:4404 - Project Generator version: 4.1.0
2025-05-07 09:36:47,579 [INFO] ConfigFileManager:1457 - The Die is : DIE410
2025-05-07 09:36:49,418 [INFO] ProjectBuilder:4626 - Time for Generating toolchain IDE Files: 2069mS.
2025-05-07 09:36:49,421 [INFO] ProjectBuilder:2935 - Time for Copy CMSIS : 2mS.
2025-05-07 09:36:49,423 [INFO] ProjectBuilder:2935 - Time for Copy CMSIS : 0mS.
2025-05-07 09:58:03,348 [INFO] UtilMem:75 - End SaveConfig() Used Memory: 700047024 Bytes (1073741824)
2025-05-07 09:58:03,383 [ERROR] ConfigurationRetriever:142 - IOException on connection: sw-center.st.com
2025-05-07 09:58:03,385 [ERROR] ConfigurationRetriever:142 - IOException on connection: sw-center.st.com
2025-05-07 09:58:03,386 [ERROR] ConfigurationRetriever:142 - IOException on connection: sw-center.st.com
2025-05-07 09:58:03,673 [INFO] BlockDiagram:2759 - set Specific Code input for plugin: NVIC
2025-05-07 09:58:03,673 [INFO] BlockDiagram:2759 - set Specific Code input for plugin: USART
2025-05-07 09:58:03,673 [INFO] BlockDiagram:2759 - set Specific Code input for plugin: USART
2025-05-07 09:58:03,673 [INFO] BlockDiagram:2759 - set Specific Code input for plugin: SYS
2025-05-07 09:58:03,673 [INFO] BlockDiagram:2759 - set Specific Code input for plugin: GPIO
2025-05-07 09:58:03,673 [INFO] BlockDiagram:2759 - set Specific Code input for plugin: RCC
2025-05-07 09:58:03,674 [INFO] CodeGenerator:799 - code generatio: config db path: D:\ITC\STM32\STM32CubeIDE_1.13.0\STM32CubeIDE\plugins\com.st.stm32cube.common.mx_6.9.0.202307051724\\db\
2025-05-07 09:58:03,798 [INFO] CodeEngine:255 - oldGeneratedFile, D:\AIFARM\STM32_GREENB\stm32f103_nethouse\MXTmpFiles\license.tmp_save
2025-05-07 09:58:03,881 [INFO] CodeEngine:279 - Generated code: D:\AIFARM\STM32_GREENB\stm32f103_nethouse\MXTmpFiles\license.tmp
2025-05-07 09:58:03,894 [INFO] CodeEngine:255 - oldGeneratedFile, D:\AIFARM\STM32_GREENB\stm32f103_nethouse\MXTmpFiles\gpio.tmp_save
2025-05-07 09:58:03,993 [INFO] CodeEngine:279 - Generated code: D:\AIFARM\STM32_GREENB\stm32f103_nethouse\MXTmpFiles\gpio.tmp
2025-05-07 09:58:04,049 [INFO] CodeEngine:255 - oldGeneratedFile, D:\AIFARM\STM32_GREENB\stm32f103_nethouse\Core\Src\stm32f1xx_it.c_save
2025-05-07 09:58:04,263 [INFO] CodeEngine:279 - Generated code: D:\AIFARM\STM32_GREENB\stm32f103_nethouse\Core\Src\stm32f1xx_it.c
2025-05-07 09:58:04,268 [INFO] CodeEngine:255 - oldGeneratedFile, D:\AIFARM\STM32_GREENB\stm32f103_nethouse\Core\Inc\stm32f1xx_it.h_save
2025-05-07 09:58:04,317 [INFO] CodeEngine:279 - Generated code: D:\AIFARM\STM32_GREENB\stm32f103_nethouse\Core\Inc\stm32f1xx_it.h
2025-05-07 09:58:04,332 [INFO] CodeEngine:255 - oldGeneratedFile, D:\AIFARM\STM32_GREENB\stm32f103_nethouse\Core\Src\stm32f1xx_hal_msp.c_save
2025-05-07 09:58:04,409 [INFO] CodeEngine:279 - Generated code: D:\AIFARM\STM32_GREENB\stm32f103_nethouse\Core\Src\stm32f1xx_hal_msp.c
2025-05-07 09:58:04,412 [INFO] CodeEngine:255 - oldGeneratedFile, D:\AIFARM\STM32_GREENB\stm32f103_nethouse\MXTmpFiles\system.tmp_save
2025-05-07 09:58:04,459 [INFO] CodeEngine:279 - Generated code: D:\AIFARM\STM32_GREENB\stm32f103_nethouse\MXTmpFiles\system.tmp
2025-05-07 09:58:04,474 [INFO] CodeEngine:311 - oldGeneratedFile, D:\AIFARM\STM32_GREENB\stm32f103_nethouse\Core\Inc\stm32f1xx_hal_conf.h_save
2025-05-07 09:58:04,562 [INFO] CodeEngine:335 - Generated code: D:\AIFARM\STM32_GREENB\stm32f103_nethouse\Core\Inc\stm32f1xx_hal_conf.h
2025-05-07 09:58:04,596 [INFO] CodeEngine:255 - oldGeneratedFile, D:\AIFARM\STM32_GREENB\stm32f103_nethouse\Core\Inc\main.h_save
2025-05-07 09:58:04,700 [INFO] CodeEngine:279 - Generated code: D:\AIFARM\STM32_GREENB\stm32f103_nethouse\Core\Inc\main.h
2025-05-07 09:58:04,715 [INFO] CodeEngine:255 - oldGeneratedFile, D:\AIFARM\STM32_GREENB\stm32f103_nethouse\Core\Src\main.c_save
2025-05-07 09:58:04,815 [INFO] CodeEngine:279 - Generated code: D:\AIFARM\STM32_GREENB\stm32f103_nethouse\Core\Src\main.c
2025-05-07 09:58:05,325 [INFO] ProjectBuilder:3064 - Time for Copy HAL[1] : 144mS.
2025-05-07 09:58:05,327 [INFO] ProjectBuilder:4404 - Project Generator version: 4.1.0
2025-05-07 09:58:05,518 [INFO] ConfigFileManager:1457 - The Die is : DIE410
2025-05-07 09:58:07,034 [INFO] ProjectBuilder:4626 - Time for Generating toolchain IDE Files: 1706mS.
2025-05-07 09:58:07,036 [INFO] ProjectBuilder:2935 - Time for Copy CMSIS : 1mS.
2025-05-07 09:58:07,038 [INFO] ProjectBuilder:2935 - Time for Copy CMSIS : 1mS.
2025-05-07 09:58:11,610 [ERROR] ConfigurationRetriever:142 - IOException on connection: sw-center.st.com
2025-05-07 09:58:11,612 [ERROR] ConfigurationRetriever:142 - IOException on connection: sw-center.st.com
2025-05-07 09:58:11,612 [ERROR] ConfigurationRetriever:142 - IOException on connection: sw-center.st.com
2025-05-07 09:58:11,893 [ERROR] ConfigurationRetriever:142 - IOException on connection: sw-center.st.com
2025-05-07 09:58:11,894 [ERROR] ConfigurationRetriever:142 - IOException on connection: sw-center.st.com
2025-05-07 09:58:11,894 [ERROR] ConfigurationRetriever:142 - IOException on connection: sw-center.st.com
2025-05-07 10:12:25,454 [INFO] MainUpdater:2868 - connection check result : 10
2025-05-07 10:12:25,454 [INFO] MainUpdater:2868 - connection check result : 10
2025-05-07 10:12:25,526 [INFO] MicroXplorer:468 - Change Database Path : 
2025-05-07 10:12:25,526 [INFO] MicroXplorer:498 - Change Database Version : DB.6.0.90
2025-05-07 10:12:25,554 [WARN] ThirdParty:871 - waiting for thirdparty lock release [close project]
2025-05-07 10:12:25,554 [INFO] ThirdParty:873 - entering critical section [close project]
2025-05-07 10:12:25,554 [INFO] ThirdParty:883 - exiting critical section [close project]
2025-05-07 10:12:25,556 [INFO] PinOutPanel:1499 - setPackage(No Configuration,No Configuration)
2025-05-07 10:12:25,565 [INFO] UtilMem:75 - Begin LoadConfig() Used Memory: 711944536 Bytes (1073741824)
2025-05-07 10:12:25,565 [INFO] MicroXplorer:468 - Change Database Path : 
2025-05-07 10:12:25,565 [INFO] MicroXplorer:498 - Change Database Version : DB.6.0.90
2025-05-07 10:12:25,566 [INFO] OpenFileManager:308 - Change cursor
2025-05-07 10:12:25,594 [INFO] RulesReader:64 - Compatibility file has been processed (293 Rules)
2025-05-07 10:12:25,610 [INFO] Mcu:1946 - Initializing MCU STM32F303V(B-C)Tx STM32F303VCTx STM32F303VCT6
2025-05-07 10:12:27,224 [INFO] Context:659 - Trying to add GPIOservice into a context  which must be forbidden
2025-05-07 10:12:27,654 [INFO] RtosManager:555 - Registered RTOS mode: class=CMSIS, group=RTOS, mode=CMSIS_V1, owner=FREERTOS
2025-05-07 10:12:27,654 [INFO] RtosManager:555 - Registered RTOS mode: class=CMSIS, group=RTOS2, mode=CMSIS_V2, owner=FREERTOS
2025-05-07 10:12:27,654 [INFO] RtosManager:555 - Registered RTOS mode: class=RTOS, group=Core, mode=CMSIS_V1, owner=FREERTOS
2025-05-07 10:12:27,654 [INFO] RtosManager:555 - Registered RTOS mode: class=RTOS, group=Core, mode=CMSIS_V2, owner=FREERTOS
2025-05-07 10:12:27,654 [WARN] ModelIntegratedComponent:184 - Missing modes for component STMicroelectronics:FreeRTOS:0.0.1:STMicroelectronics:RTOS:FreeRTOS:Core:::10.2.0:
2025-05-07 10:12:27,656 [WARN] ModelIntegratedComponent:63 - No mode defined for component null
2025-05-07 10:12:27,656 [WARN] ModelIntegratedComponent:63 - No mode defined for component null
2025-05-07 10:12:27,657 [WARN] ModelIntegratedComponent:63 - No mode defined for component null
2025-05-07 10:12:27,657 [WARN] ModelIntegratedComponent:63 - No mode defined for component null
2025-05-07 10:12:27,657 [WARN] ModelIntegratedComponent:63 - No mode defined for component null
2025-05-07 10:12:27,657 [WARN] ModelIntegratedComponent:63 - No mode defined for component null
2025-05-07 10:12:27,657 [WARN] ModelIntegratedComponent:63 - No mode defined for component null
2025-05-07 10:12:27,657 [WARN] ModelIntegratedComponent:63 - No mode defined for component null
2025-05-07 10:12:27,657 [WARN] ModelIntegratedComponent:63 - No mode defined for component null
2025-05-07 10:12:27,657 [WARN] ModelIntegratedComponent:63 - No mode defined for component null
2025-05-07 10:12:27,657 [WARN] ModelIntegratedComponent:63 - No mode defined for component null
2025-05-07 10:12:27,657 [WARN] ModelIntegratedComponent:63 - No mode defined for component null
2025-05-07 10:12:27,657 [WARN] ModelIntegratedComponent:63 - No mode defined for component null
2025-05-07 10:12:27,657 [WARN] ModelIntegratedComponent:63 - No mode defined for component null
2025-05-07 10:12:27,657 [WARN] ModelIntegratedComponent:63 - No mode defined for component null
2025-05-07 10:12:27,657 [WARN] ModelIntegratedComponent:63 - No mode defined for component null
2025-05-07 10:12:27,657 [WARN] ModelIntegratedComponent:63 - No mode defined for component null
2025-05-07 10:12:27,657 [WARN] ModelIntegratedComponent:63 - No mode defined for component null
2025-05-07 10:12:27,657 [WARN] ModelIntegratedComponent:63 - No mode defined for component null
2025-05-07 10:12:27,657 [WARN] ModelIntegratedComponent:63 - No mode defined for component null
2025-05-07 10:12:27,657 [WARN] ModelIntegratedComponent:63 - No mode defined for component null
2025-05-07 10:12:27,657 [WARN] ModelIntegratedComponent:63 - No mode defined for component null
2025-05-07 10:12:27,657 [WARN] ModelIntegratedComponent:63 - No mode defined for component null
2025-05-07 10:12:27,657 [WARN] ModelIntegratedComponent:63 - No mode defined for component null
2025-05-07 10:12:27,657 [WARN] ModelIntegratedComponent:63 - No mode defined for component null
2025-05-07 10:12:27,657 [WARN] ModelIntegratedComponent:63 - No mode defined for component null
2025-05-07 10:12:27,657 [WARN] ModelIntegratedComponent:63 - No mode defined for component null
2025-05-07 10:12:27,657 [WARN] ModelIntegratedComponent:63 - No mode defined for component null
2025-05-07 10:12:27,657 [WARN] ModelIntegratedComponent:63 - No mode defined for component null
2025-05-07 10:12:27,657 [WARN] ModelIntegratedComponent:63 - No mode defined for component null
2025-05-07 10:12:27,658 [WARN] ModelIntegratedComponent:63 - No mode defined for component null
2025-05-07 10:12:27,658 [WARN] ModelIntegratedComponent:63 - No mode defined for component null
2025-05-07 10:12:27,658 [WARN] ModelIntegratedComponent:63 - No mode defined for component null
2025-05-07 10:12:27,889 [INFO] ThirdPartyModel:298 - Start build external matchings
2025-05-07 10:12:30,280 [INFO] ThirdPartyModel:316 - End build external matchings
2025-05-07 10:12:30,317 [INFO] ImportTextPane:194 - (OptionalMessage_ERROR) IP (RCC) : Invalid parameter (FamilyName)
2025-05-07 10:12:30,318 [INFO] ImportTextPane:194 - (OptionalMessage_ERROR) IP (RCC) : Invalid parameter (TIM2Freq_Value)
2025-05-07 10:12:30,655 [INFO] UtilMem:75 - End LoadConfig() Used Memory: 706452328 Bytes (1073741824)
2025-05-07 10:12:30,940 [WARN] ThirdParty:833 - waiting for thirdparty lock release [change project]
2025-05-07 10:12:30,940 [INFO] ThirdParty:835 - entering critical section [change project]
2025-05-07 10:12:30,940 [INFO] ThirdParty:1030 - CMSIS Pack Vendor :STMicroelectronics USBPD 4.1
2025-05-07 10:12:30,940 [INFO] ThirdParty:1030 - CMSIS Pack Vendor :STMicroelectronics X-CUBE-GNSS1 6.0.0
2025-05-07 10:12:30,940 [INFO] ThirdParty:1030 - CMSIS Pack Vendor :STMicroelectronics USB_HOST 2.0.0
2025-05-07 10:12:30,940 [INFO] ThirdParty:1030 - CMSIS Pack Vendor :STMicroelectronics FP-SNS-MOTENVWB1 1.4.0
2025-05-07 10:12:30,940 [INFO] ThirdParty:1030 - CMSIS Pack Vendor :STMicroelectronics X-CUBE-AZRTOS-F4 1.1.0
2025-05-07 10:12:30,940 [INFO] ThirdParty:1030 - CMSIS Pack Vendor :STMicroelectronics LIBJPEG 8.0.0
2025-05-07 10:12:30,940 [INFO] ThirdParty:1030 - CMSIS Pack Vendor :STMicroelectronics FP-ATR-ASTRA1 2.0.2
2025-05-07 10:12:30,940 [INFO] ThirdParty:1030 - CMSIS Pack Vendor :STMicroelectronics FP-ATR-ASTRA1 2.0.1
2025-05-07 10:12:30,940 [INFO] ThirdParty:1030 - CMSIS Pack Vendor :STMicroelectronics X-CUBE-SMBUS 2.1.0
2025-05-07 10:12:30,940 [INFO] ThirdParty:1030 - CMSIS Pack Vendor :STMicroelectronics X-CUBE-WB05N 1.1.0
2025-05-07 10:12:30,940 [INFO] ThirdParty:1030 - CMSIS Pack Vendor :wolfSSL I-CUBE-wolfSSL 5.6.0
2025-05-07 10:12:30,940 [INFO] ThirdParty:1030 - CMSIS Pack Vendor :STMicroelectronics X-CUBE-ISPU 2.1.0
2025-05-07 10:12:30,940 [INFO] ThirdParty:1030 - CMSIS Pack Vendor :STMicroelectronics X-CUBE-FREERTOS 1.2.0
2025-05-07 10:12:30,940 [INFO] ThirdParty:1030 - CMSIS Pack Vendor :STMicroelectronics X-CUBE-TOUCHGFX 4.23.0
2025-05-07 10:12:30,940 [INFO] ThirdParty:1030 - CMSIS Pack Vendor :STMicroelectronics X-CUBE-TOUCHGFX 4.23.2
2025-05-07 10:12:30,940 [INFO] ThirdParty:1030 - CMSIS Pack Vendor :STMicroelectronics X-CUBE-AZRTOS-F7 1.1.0
2025-05-07 10:12:30,940 [INFO] ThirdParty:1030 - CMSIS Pack Vendor :STMicroelectronics X-CUBE-AZRTOS-L5 2.0.0
2025-05-07 10:12:30,941 [INFO] ThirdParty:1030 - CMSIS Pack Vendor :STMicroelectronics USB_DEVICE 2.0.0
2025-05-07 10:12:30,941 [INFO] ThirdParty:1030 - CMSIS Pack Vendor :STMicroelectronics X-CUBE-MEMS1 9.6.0
2025-05-07 10:12:30,941 [INFO] ThirdParty:1030 - CMSIS Pack Vendor :STMicroelectronics X-CUBE-EEPRMA1 4.2.0
2025-05-07 10:12:30,941 [INFO] ThirdParty:1030 - CMSIS Pack Vendor :STMicroelectronics X-CUBE-NFC6 3.1.0
2025-05-07 10:12:30,941 [INFO] ThirdParty:1030 - CMSIS Pack Vendor :ITTIA_DB I-CUBE-ITTIADB 8.8.0
2025-05-07 10:12:30,941 [INFO] ThirdParty:1030 - CMSIS Pack Vendor :STMicroelectronics FP-SNS-MOTENV1 4.3.0
2025-05-07 10:12:30,941 [INFO] ThirdParty:1030 - CMSIS Pack Vendor :STMicroelectronics FP-SNS-MOTENV1 4.3.2
2025-05-07 10:12:30,941 [INFO] ThirdParty:1030 - CMSIS Pack Vendor :STMicroelectronics FP-SNS-FLIGHT1 5.0.0
2025-05-07 10:12:30,941 [INFO] ThirdParty:1030 - CMSIS Pack Vendor :STMicroelectronics X-CUBE-BLE1 6.2.4
2025-05-07 10:12:30,941 [INFO] ThirdParty:1030 - CMSIS Pack Vendor :STMicroelectronics FreeRTOS 0.0.1
2025-05-07 10:12:30,941 [INFO] ThirdParty:1030 - CMSIS Pack Vendor :emotas I-CUBE-CANOPEN 1.1.3
2025-05-07 10:12:30,941 [INFO] ThirdParty:1030 - CMSIS Pack Vendor :STMicroelectronics X-CUBE-BLEMGR 2.0.0
2025-05-07 10:12:30,941 [INFO] ThirdParty:1030 - CMSIS Pack Vendor :STMicroelectronics FP-SNS-FLIGHT1 5.0.2
2025-05-07 10:12:30,941 [INFO] ThirdParty:1030 - CMSIS Pack Vendor :STMicroelectronics X-CUBE-AI 9.0.0
2025-05-07 10:12:30,941 [INFO] ThirdParty:1030 - CMSIS Pack Vendor :STMicroelectronics X-CUBE-AZRTOS-H7 3.1.0
2025-05-07 10:12:30,941 [INFO] ThirdParty:1030 - CMSIS Pack Vendor :STMicroelectronics PDM2PCM 3.3.0
2025-05-07 10:12:30,941 [INFO] ThirdParty:1030 - CMSIS Pack Vendor :STMicroelectronics X-CUBE-DISPLAY 3.0.0
2025-05-07 10:12:30,941 [INFO] ThirdParty:1030 - CMSIS Pack Vendor :STMicroelectronics X-CUBE-BLE1 7.0.0
2025-05-07 10:12:30,941 [INFO] ThirdParty:1030 - CMSIS Pack Vendor :STMicroelectronics X-CUBE-NFC10 1.0.0
2025-05-07 10:12:30,941 [INFO] ThirdParty:1030 - CMSIS Pack Vendor :STMicroelectronics HAL Drivers 0.0.0
2025-05-07 10:12:30,941 [INFO] ThirdParty:1030 - CMSIS Pack Vendor :emotas I-CUBE-CANOPEN 1.3.0
2025-05-07 10:12:30,941 [INFO] ThirdParty:1030 - CMSIS Pack Vendor :STMicroelectronics X-CUBE-FREERTOS 1.3.0
2025-05-07 10:12:30,941 [INFO] ThirdParty:1030 - CMSIS Pack Vendor :STMicroelectronics X-CUBE-TOUCHGFX 4.22.0
2025-05-07 10:12:30,941 [INFO] ThirdParty:1030 - CMSIS Pack Vendor :STMicroelectronics X-CUBE-NFC7 1.0.1
2025-05-07 10:12:30,941 [INFO] ThirdParty:1030 - CMSIS Pack Vendor :STMicroelectronics MBEDTLS 2.14.1
2025-05-07 10:12:30,941 [INFO] ThirdParty:1030 - CMSIS Pack Vendor :STMicroelectronics X-CUBE-NFC7 1.0.0
2025-05-07 10:12:30,941 [INFO] ThirdParty:1030 - CMSIS Pack Vendor :STMicroelectronics X-CUBE-TOUCHGFX 4.22.1
2025-05-07 10:12:30,941 [INFO] ThirdParty:1030 - CMSIS Pack Vendor :wolfSSL I-CUBE-wolfTPM 3.2.0
2025-05-07 10:12:30,941 [INFO] ThirdParty:1030 - CMSIS Pack Vendor :STMicroelectronics X-CUBE-NFC6 3.0.0
2025-05-07 10:12:30,941 [INFO] ThirdParty:1030 - CMSIS Pack Vendor :STMicroelectronics X-CUBE-EEPRMA1 4.1.0
2025-05-07 10:12:30,941 [INFO] ThirdParty:1030 - CMSIS Pack Vendor :STMicroelectronics X-CUBE-BLEMGR 3.1.0
2025-05-07 10:12:30,941 [INFO] ThirdParty:1030 - CMSIS Pack Vendor :STMicroelectronics X-CUBE-AI 10.0.0
2025-05-07 10:12:30,941 [INFO] ThirdParty:1030 - CMSIS Pack Vendor :STMicroelectronics FP-SNS-SMARTAG2 1.2.0
2025-05-07 10:12:30,941 [INFO] ThirdParty:1030 - CMSIS Pack Vendor :STMicroelectronics X-CUBE-MEMS1 11.1.0
2025-05-07 10:12:30,941 [INFO] ThirdParty:1030 - CMSIS Pack Vendor :STMicroelectronics X-CUBE-AZRTOS-WL 2.0.0
2025-05-07 10:12:30,941 [INFO] ThirdParty:1030 - CMSIS Pack Vendor :STMicroelectronics FP-SNS-MOTENV1 5.0.0
2025-05-07 10:12:30,941 [INFO] ThirdParty:1030 - CMSIS Pack Vendor :STMicroelectronics USB_DEVICE 1.0.0
2025-05-07 10:12:30,941 [INFO] ThirdParty:1030 - CMSIS Pack Vendor :STMicroelectronics X-CUBE-AI 8.1.0
2025-05-07 10:12:30,941 [INFO] ThirdParty:1030 - CMSIS Pack Vendor :wolfSSL I-CUBE-wolfMQTT 1.19.0
2025-05-07 10:12:30,941 [INFO] ThirdParty:1030 - CMSIS Pack Vendor :STMicroelectronics X-CUBE-AZRTOS-L4 2.0.0
2025-05-07 10:12:30,942 [INFO] ThirdParty:1030 - CMSIS Pack Vendor :STMicroelectronics ThreadX 0.0.2
2025-05-07 10:12:30,942 [INFO] ThirdParty:1030 - CMSIS Pack Vendor :WES I-CUBE-Cesium 1.3.0
2025-05-07 10:12:30,942 [INFO] ThirdParty:1030 - CMSIS Pack Vendor :STMicroelectronics lwIP 2.1.2
2025-05-07 10:12:30,942 [INFO] ThirdParty:1030 - CMSIS Pack Vendor :STMicroelectronics X-CUBE-SFXS2LP1 4.0.0
2025-05-07 10:12:30,942 [INFO] ThirdParty:1030 - CMSIS Pack Vendor :STMicroelectronics X-CUBE-BLE2 3.3.0
2025-05-07 10:12:30,942 [INFO] ThirdParty:1030 - CMSIS Pack Vendor :STMicroelectronics PDM2PCM 3.2.0
2025-05-07 10:12:30,942 [INFO] ThirdParty:1030 - CMSIS Pack Vendor :STMicroelectronics X-CUBE-ISPU 1.1.0
2025-05-07 10:12:30,942 [INFO] ThirdParty:1030 - CMSIS Pack Vendor :STMicroelectronics X-CUBE-AZRTOS-H7 3.3.0
2025-05-07 10:12:30,942 [INFO] ThirdParty:1030 - CMSIS Pack Vendor :STMicroelectronics X-CUBE-NFC9 1.0.0
2025-05-07 10:12:30,942 [INFO] ThirdParty:1030 - CMSIS Pack Vendor :STMicroelectronics X-CUBE-BLE1 7.1.0
2025-05-07 10:12:30,942 [INFO] ThirdParty:1030 - CMSIS Pack Vendor :STMicroelectronics USB_DEVICE 3.0.0
2025-05-07 10:12:30,942 [INFO] ThirdParty:1030 - CMSIS Pack Vendor :STMicroelectronics X-CUBE-TCPP 4.1.0
2025-05-07 10:12:30,942 [INFO] ThirdParty:1030 - CMSIS Pack Vendor :STMicroelectronics X-CUBE-AZRTOS-WB 2.0.0
2025-05-07 10:12:30,942 [INFO] ThirdParty:1030 - CMSIS Pack Vendor :STMicroelectronics X-CUBE-FREERTOS 1.0.1
2025-05-07 10:12:30,942 [INFO] ThirdParty:1030 - CMSIS Pack Vendor :STMicroelectronics X-CUBE-GNSS1 7.0.1
2025-05-07 10:12:30,942 [INFO] ThirdParty:1030 - CMSIS Pack Vendor :STMicroelectronics X-CUBE-TOUCHGFX 4.21.4
2025-05-07 10:12:30,942 [INFO] ThirdParty:1030 - CMSIS Pack Vendor :STMicroelectronics X-CUBE-TOUCHGFX 4.25.0
2025-05-07 10:12:30,942 [INFO] ThirdParty:1030 - CMSIS Pack Vendor :STMicroelectronics X-CUBE-ALGOBUILD 1.3.0
2025-05-07 10:12:30,942 [INFO] ThirdParty:1030 - CMSIS Pack Vendor :STMicroelectronics X-CUBE-AZRTOS-L5 1.1.0
2025-05-07 10:12:30,942 [INFO] ThirdParty:1030 - CMSIS Pack Vendor :STMicroelectronics X-CUBE-MEMS1 11.2.0
2025-05-07 10:12:30,942 [INFO] ThirdParty:1030 - CMSIS Pack Vendor :STMicroelectronics X-CUBE-AZRTOS-G0 1.1.0
2025-05-07 10:12:30,942 [INFO] ThirdParty:1030 - CMSIS Pack Vendor :STMicroelectronics X-CUBE-AI 8.0.1
2025-05-07 10:12:30,942 [INFO] ThirdParty:1030 - CMSIS Pack Vendor :STMicroelectronics X-CUBE-SAFEA1 1.2.2
2025-05-07 10:12:30,942 [INFO] ThirdParty:1030 - CMSIS Pack Vendor :STMicroelectronics X-CUBE-NFC4 3.0.0
2025-05-07 10:12:30,942 [INFO] ThirdParty:1030 - CMSIS Pack Vendor :STMicroelectronics X-CUBE-SUBG2 5.0.0
2025-05-07 10:12:30,942 [INFO] ThirdParty:1030 - CMSIS Pack Vendor :STMicroelectronics X-CUBE-AZRTOS-H7RS 1.1.0
2025-05-07 10:12:30,942 [INFO] ThirdParty:1030 - CMSIS Pack Vendor :STMicroelectronics STM32_WPAN 1.0.0
2025-05-07 10:12:30,942 [INFO] ThirdParty:1030 - CMSIS Pack Vendor :wolfSSL I-CUBE-wolfMQTT 1.18.0
2025-05-07 10:12:30,942 [INFO] ThirdParty:1030 - CMSIS Pack Vendor :STMicroelectronics lwIP 2.0.3
2025-05-07 10:12:30,942 [INFO] ThirdParty:1030 - CMSIS Pack Vendor :Cesanta I-CUBE-Mongoose 7.13.0
2025-05-07 10:12:30,942 [INFO] ThirdParty:1030 - CMSIS Pack Vendor :STMicroelectronics USB_HOST 1.0.0
2025-05-07 10:12:30,942 [INFO] ThirdParty:1030 - CMSIS Pack Vendor :STMicroelectronics X-CUBE-TOF1 3.3.1
2025-05-07 10:12:30,942 [INFO] ThirdParty:1030 - CMSIS Pack Vendor :STMicroelectronics X-CUBE-AZRTOS-G4 2.0.0
2025-05-07 10:12:30,942 [INFO] ThirdParty:1030 - CMSIS Pack Vendor :STMicroelectronics X-CUBE-WB05N 2.0.0
2025-05-07 10:12:30,942 [INFO] ThirdParty:1030 - CMSIS Pack Vendor :STMicroelectronics PDM2PCM 3.1.0
2025-05-07 10:12:30,942 [INFO] ThirdParty:1030 - CMSIS Pack Vendor :STMicroelectronics X-CUBE-TOF1 3.3.0
2025-05-07 10:12:30,942 [INFO] ThirdParty:1030 - CMSIS Pack Vendor :Infineon AIROC-Wi-Fi-Bluetooth-STM32 1.5.1
2025-05-07 10:12:30,942 [INFO] ThirdParty:1030 - CMSIS Pack Vendor :STMicroelectronics X-CUBE-BLEMGR 3.0.0
2025-05-07 10:12:30,942 [INFO] ThirdParty:1030 - CMSIS Pack Vendor :STMicroelectronics FP-SNS-MOTENVWB1 1.3.0
2025-05-07 10:12:30,942 [INFO] ThirdParty:1030 - CMSIS Pack Vendor :STMicroelectronics X-CUBE-NFC7 2.0.0
2025-05-07 10:12:30,942 [INFO] ThirdParty:1030 - CMSIS Pack Vendor :STMicroelectronics FP-SNS-MOTENVWB1 1.3.1
2025-05-07 10:12:30,942 [INFO] ThirdParty:1030 - CMSIS Pack Vendor :STMicroelectronics FP-ATR-SIGFOX1 3.2.0
2025-05-07 10:12:30,942 [INFO] ThirdParty:1030 - CMSIS Pack Vendor :STMicroelectronics X-CUBE-AZRTOS-L4 1.0.0
2025-05-07 10:12:30,943 [INFO] ThirdParty:1030 - CMSIS Pack Vendor :STMicroelectronics X-CUBE-ISPU 2.0.0
2025-05-07 10:12:30,943 [INFO] ThirdParty:1030 - CMSIS Pack Vendor :STMicroelectronics X-CUBE-EEPRMA1 5.1.0
2025-05-07 10:12:30,943 [INFO] ThirdParty:1030 - CMSIS Pack Vendor :STMicroelectronics MBEDTLS 2.16.2
2025-05-07 10:12:30,943 [INFO] ThirdParty:1030 - CMSIS Pack Vendor :STMicroelectronics X-CUBE-ALS 1.0.2
2025-05-07 10:12:30,943 [INFO] ThirdParty:1030 - CMSIS Pack Vendor :STMicroelectronics X-CUBE-MEMS1 10.0.0
2025-05-07 10:12:30,943 [INFO] ThirdParty:1030 - CMSIS Pack Vendor :STMicroelectronics X-CUBE-FREERTOS 1.1.0
2025-05-07 10:12:30,943 [INFO] ThirdParty:1030 - CMSIS Pack Vendor :wolfSSL I-CUBE-wolfSSL 5.7.6
2025-05-07 10:12:30,943 [INFO] ThirdParty:1030 - CMSIS Pack Vendor :STMicroelectronics X-CUBE-TOUCHGFX 4.24.0
2025-05-07 10:12:30,943 [INFO] ThirdParty:1030 - CMSIS Pack Vendor :ITTIA_DB I-CUBE-ITTIADB 8.9.0
2025-05-07 10:12:30,943 [INFO] ThirdParty:1030 - CMSIS Pack Vendor :STMicroelectronics X-CUBE-TOUCHGFX 4.24.2
2025-05-07 10:12:30,943 [INFO] ThirdParty:1030 - CMSIS Pack Vendor :STMicroelectronics X-CUBE-AZRTOS-WL 1.0.0
2025-05-07 10:12:30,943 [INFO] ThirdParty:1030 - CMSIS Pack Vendor :STMicroelectronics X-CUBE-TOUCHGFX 4.24.1
2025-05-07 10:12:30,943 [INFO] ThirdParty:1030 - CMSIS Pack Vendor :wolfSSL I-CUBE-wolfTPM 3.4.0
2025-05-07 10:12:30,943 [INFO] ThirdParty:1030 - CMSIS Pack Vendor :portGmbH I-Cube-SoM-uGOAL 1.1.0
2025-05-07 10:12:30,943 [INFO] ThirdParty:1030 - CMSIS Pack Vendor :STMicroelectronics X-CUBE-ALS 1.0.1
2025-05-07 10:12:30,943 [INFO] ThirdParty:1030 - CMSIS Pack Vendor :STMicroelectronics ThreadX 1.0.0
2025-05-07 10:12:30,943 [INFO] ThirdParty:1030 - CMSIS Pack Vendor :STMicroelectronics X-CUBE-AZRTOS-WB 1.1.0
2025-05-07 10:12:30,943 [INFO] ThirdParty:1030 - CMSIS Pack Vendor :SEGGER I-CUBE-embOS 1.3.1
2025-05-07 10:12:30,943 [INFO] ThirdParty:1030 - CMSIS Pack Vendor :STMicroelectronics X-CUBE-ALGOBUILD 1.4.0
2025-05-07 10:12:30,943 [INFO] ThirdParty:1030 - CMSIS Pack Vendor :STMicroelectronics X-CUBE-AZRTOS-H7RS 1.0.0
2025-05-07 10:12:30,943 [INFO] ThirdParty:1030 - CMSIS Pack Vendor :STMicroelectronics FP-ATR-ASTRA1 2.0.0
2025-05-07 10:12:30,943 [INFO] ThirdParty:1030 - CMSIS Pack Vendor :STMicroelectronics X-CUBE-AI 9.1.0
2025-05-07 10:12:30,943 [INFO] ThirdParty:1030 - CMSIS Pack Vendor :STMicroelectronics X-CUBE-TOF1 3.4.0
2025-05-07 10:12:30,943 [INFO] ThirdParty:1030 - CMSIS Pack Vendor :STMicroelectronics X-CUBE-TOF1 3.4.1
2025-05-07 10:12:30,943 [INFO] ThirdParty:1030 - CMSIS Pack Vendor :STMicroelectronics X-CUBE-AZRTOS-H7 3.2.0
2025-05-07 10:12:30,943 [INFO] ThirdParty:1030 - CMSIS Pack Vendor :wolfSSL I-CUBE-wolfSSH 1.4.17
2025-05-07 10:12:30,943 [INFO] ThirdParty:841 - exiting critical section [change project]
2025-05-07 10:12:31,138 [INFO] PinOutPanel:1499 - setPackage(No Configuration,No Configuration)
2025-05-07 10:12:31,139 [INFO] PinOutPanel:1499 - setPackage(STM32F303VCTx,LQFP100)
2025-05-07 10:12:31,376 [INFO] UtilMem:75 - Before build in PCC Used Memory: 932086352 Bytes (1073741824)
2025-05-07 10:12:31,650 [INFO] UtilMem:75 - After build in PCC Used Memory: 705323408 Bytes (1073741824)
2025-05-07 10:12:31,669 [INFO] IPUIPlugin:80 - create IPUIPlugin
2025-05-07 10:12:31,669 [INFO] IPUIPlugin:80 - create IPUIPlugin
2025-05-07 10:12:31,669 [INFO] IPUIPlugin:80 - create IPUIPlugin
2025-05-07 10:12:31,669 [INFO] IPUIPlugin:80 - create IPUIPlugin
2025-05-07 10:12:31,669 [INFO] IPUIPlugin:80 - create IPUIPlugin
2025-05-07 10:12:31,669 [INFO] IPUIPlugin:80 - create IPUIPlugin
2025-05-07 10:12:31,669 [INFO] IPUIPlugin:80 - create IPUIPlugin
2025-05-07 10:12:31,669 [INFO] IPUIPlugin:80 - create IPUIPlugin
2025-05-07 10:12:31,669 [INFO] IPUIPlugin:80 - create IPUIPlugin
2025-05-07 10:12:31,669 [INFO] IPUIPlugin:80 - create IPUIPlugin
2025-05-07 10:12:31,669 [INFO] IPUIPlugin:80 - create IPUIPlugin
2025-05-07 10:12:31,669 [INFO] IPUIPlugin:80 - create IPUIPlugin
2025-05-07 10:12:31,670 [INFO] IPUIPlugin:80 - create IPUIPlugin
2025-05-07 10:12:31,670 [INFO] IPUIPlugin:80 - create IPUIPlugin
2025-05-07 10:12:31,670 [INFO] IPUIPlugin:80 - create IPUIPlugin
2025-05-07 10:12:31,670 [INFO] IPUIPlugin:80 - create IPUIPlugin
2025-05-07 10:12:31,670 [INFO] IPUIPlugin:80 - create IPUIPlugin
2025-05-07 10:12:31,670 [INFO] IPUIPlugin:80 - create IPUIPlugin
2025-05-07 10:12:31,670 [INFO] IPUIPlugin:80 - create IPUIPlugin
2025-05-07 10:12:31,670 [INFO] IPUIPlugin:80 - create IPUIPlugin
2025-05-07 10:12:31,670 [INFO] IPUIPlugin:80 - create IPUIPlugin
2025-05-07 10:12:31,670 [INFO] IPUIPlugin:80 - create IPUIPlugin
2025-05-07 10:12:31,670 [INFO] IPUIPlugin:80 - create IPUIPlugin
2025-05-07 10:12:31,671 [INFO] IPUIPlugin:80 - create IPUIPlugin
2025-05-07 10:12:31,671 [INFO] IPUIPlugin:80 - create IPUIPlugin
2025-05-07 10:12:31,671 [INFO] IPUIPlugin:80 - create IPUIPlugin
2025-05-07 10:12:31,671 [INFO] IPUIPlugin:80 - create IPUIPlugin
2025-05-07 10:12:31,671 [INFO] IPUIPlugin:80 - create IPUIPlugin
2025-05-07 10:12:31,671 [INFO] IPUIPlugin:80 - create IPUIPlugin
2025-05-07 10:12:31,671 [INFO] IPUIPlugin:80 - create IPUIPlugin
2025-05-07 10:12:31,671 [INFO] IPUIPlugin:80 - create IPUIPlugin
2025-05-07 10:12:31,672 [INFO] IPUIPlugin:80 - create IPUIPlugin
2025-05-07 10:12:31,672 [INFO] IPUIPlugin:80 - create IPUIPlugin
2025-05-07 10:12:31,672 [INFO] IPUIPlugin:80 - create IPUIPlugin
2025-05-07 10:12:31,672 [INFO] IPUIPlugin:80 - create IPUIPlugin
2025-05-07 10:12:31,672 [INFO] IPUIPlugin:80 - create IPUIPlugin
2025-05-07 10:12:31,672 [INFO] IPUIPlugin:80 - create IPUIPlugin
2025-05-07 10:12:31,672 [INFO] IPUIPlugin:80 - create IPUIPlugin
2025-05-07 10:12:31,673 [INFO] IPUIPlugin:80 - create IPUIPlugin
2025-05-07 10:12:31,673 [INFO] IPUIPlugin:80 - create IPUIPlugin
2025-05-07 10:12:31,673 [INFO] IPUIPlugin:80 - create IPUIPlugin
2025-05-07 10:12:31,673 [INFO] IPUIPlugin:80 - create IPUIPlugin
2025-05-07 10:12:31,673 [INFO] IPUIPlugin:80 - create IPUIPlugin
2025-05-07 10:12:31,674 [INFO] IPUIPlugin:80 - create IPUIPlugin
2025-05-07 10:12:31,674 [INFO] IPUIPlugin:80 - create IPUIPlugin
2025-05-07 10:12:31,674 [INFO] IPUIPlugin:80 - create IPUIPlugin
2025-05-07 10:12:31,675 [INFO] IPUIPlugin:80 - create IPUIPlugin
2025-05-07 10:12:31,675 [INFO] IPUIPlugin:80 - create IPUIPlugin
2025-05-07 10:12:31,675 [INFO] IPUIPlugin:80 - create IPUIPlugin
2025-05-07 10:12:31,675 [INFO] IPUIPlugin:80 - create IPUIPlugin
2025-05-07 10:12:31,676 [INFO] IPUIPlugin:80 - create IPUIPlugin
2025-05-07 10:12:31,676 [INFO] IPUIPlugin:80 - create IPUIPlugin
2025-05-07 10:12:31,676 [INFO] IPUIPlugin:80 - create IPUIPlugin
2025-05-07 10:12:31,676 [INFO] IPUIPlugin:80 - create IPUIPlugin
2025-05-07 10:12:31,677 [INFO] IPUIPlugin:80 - create IPUIPlugin
2025-05-07 10:12:31,726 [INFO] CADModel:165 - CPN selected for project levelSTM32F303VCT6
2025-05-07 10:12:31,727 [INFO] CADModel:114 - Register for checkConnection events
2025-05-07 10:12:31,796 [INFO] OpenFileManager:328 - Restore cursor
2025-05-07 10:12:55,051 [INFO] MainUpdater:2868 - connection check result : 10
2025-05-07 10:12:55,051 [INFO] MainUpdater:2868 - connection check result : 10
2025-05-07 10:12:55,120 [INFO] MicroXplorer:468 - Change Database Path : 
2025-05-07 10:12:55,121 [INFO] MicroXplorer:498 - Change Database Version : DB.6.0.90
2025-05-07 10:12:55,142 [WARN] ThirdParty:871 - waiting for thirdparty lock release [close project]
2025-05-07 10:12:55,142 [INFO] ThirdParty:873 - entering critical section [close project]
2025-05-07 10:12:55,142 [INFO] ThirdParty:883 - exiting critical section [close project]
2025-05-07 10:12:55,143 [INFO] PinOutPanel:1499 - setPackage(No Configuration,No Configuration)
2025-05-07 10:12:55,145 [INFO] UtilMem:75 - Begin LoadConfig() Used Memory: 763114072 Bytes (1073741824)
2025-05-07 10:12:55,146 [INFO] MicroXplorer:468 - Change Database Path : 
2025-05-07 10:12:55,146 [INFO] MicroXplorer:498 - Change Database Version : DB.6.0.90
2025-05-07 10:12:55,146 [INFO] OpenFileManager:308 - Change cursor
2025-05-07 10:12:55,163 [INFO] Mcu:1946 - Initializing MCU STM32F103C(8-B)Tx STM32F103CBTx STM32F103CBT6
2025-05-07 10:12:55,737 [INFO] Context:659 - Trying to add GPIOservice into a context  which must be forbidden
2025-05-07 10:12:55,896 [INFO] RtosManager:555 - Registered RTOS mode: class=CMSIS, group=RTOS, mode=CMSIS_V1, owner=FREERTOS
2025-05-07 10:12:55,896 [INFO] RtosManager:555 - Registered RTOS mode: class=CMSIS, group=RTOS2, mode=CMSIS_V2, owner=FREERTOS
2025-05-07 10:12:55,896 [INFO] RtosManager:555 - Registered RTOS mode: class=RTOS, group=Core, mode=CMSIS_V1, owner=FREERTOS
2025-05-07 10:12:55,896 [INFO] RtosManager:555 - Registered RTOS mode: class=RTOS, group=Core, mode=CMSIS_V2, owner=FREERTOS
2025-05-07 10:12:55,896 [WARN] ModelIntegratedComponent:184 - Missing modes for component STMicroelectronics:FreeRTOS:0.0.1:STMicroelectronics:RTOS:FreeRTOS:Core:::10.2.0:
2025-05-07 10:12:55,898 [WARN] ModelIntegratedComponent:63 - No mode defined for component null
2025-05-07 10:12:55,899 [WARN] ModelIntegratedComponent:63 - No mode defined for component null
2025-05-07 10:12:55,899 [WARN] ModelIntegratedComponent:63 - No mode defined for component null
2025-05-07 10:12:55,899 [WARN] ModelIntegratedComponent:63 - No mode defined for component null
2025-05-07 10:12:55,899 [WARN] ModelIntegratedComponent:63 - No mode defined for component null
2025-05-07 10:12:55,899 [WARN] ModelIntegratedComponent:63 - No mode defined for component null
2025-05-07 10:12:55,899 [WARN] ModelIntegratedComponent:63 - No mode defined for component null
2025-05-07 10:12:55,899 [WARN] ModelIntegratedComponent:63 - No mode defined for component null
2025-05-07 10:12:55,899 [WARN] ModelIntegratedComponent:63 - No mode defined for component null
2025-05-07 10:12:55,899 [WARN] ModelIntegratedComponent:63 - No mode defined for component null
2025-05-07 10:12:55,899 [WARN] ModelIntegratedComponent:63 - No mode defined for component null
2025-05-07 10:12:55,899 [WARN] ModelIntegratedComponent:63 - No mode defined for component null
2025-05-07 10:12:55,899 [WARN] ModelIntegratedComponent:63 - No mode defined for component null
2025-05-07 10:12:55,899 [WARN] ModelIntegratedComponent:63 - No mode defined for component null
2025-05-07 10:12:55,899 [WARN] ModelIntegratedComponent:63 - No mode defined for component null
2025-05-07 10:12:55,899 [WARN] ModelIntegratedComponent:63 - No mode defined for component null
2025-05-07 10:12:55,899 [WARN] ModelIntegratedComponent:63 - No mode defined for component null
2025-05-07 10:12:55,899 [WARN] ModelIntegratedComponent:63 - No mode defined for component null
2025-05-07 10:12:55,899 [WARN] ModelIntegratedComponent:63 - No mode defined for component null
2025-05-07 10:12:55,899 [WARN] ModelIntegratedComponent:63 - No mode defined for component null
2025-05-07 10:12:55,899 [WARN] ModelIntegratedComponent:63 - No mode defined for component null
2025-05-07 10:12:55,899 [WARN] ModelIntegratedComponent:63 - No mode defined for component null
2025-05-07 10:12:55,899 [WARN] ModelIntegratedComponent:63 - No mode defined for component null
2025-05-07 10:12:55,899 [WARN] ModelIntegratedComponent:63 - No mode defined for component null
2025-05-07 10:12:55,899 [WARN] ModelIntegratedComponent:63 - No mode defined for component null
2025-05-07 10:12:55,899 [WARN] ModelIntegratedComponent:63 - No mode defined for component null
2025-05-07 10:12:55,899 [WARN] ModelIntegratedComponent:63 - No mode defined for component null
2025-05-07 10:12:55,899 [WARN] ModelIntegratedComponent:63 - No mode defined for component null
2025-05-07 10:12:55,899 [WARN] ModelIntegratedComponent:63 - No mode defined for component null
2025-05-07 10:12:55,899 [WARN] ModelIntegratedComponent:63 - No mode defined for component null
2025-05-07 10:12:55,899 [WARN] ModelIntegratedComponent:63 - No mode defined for component null
2025-05-07 10:12:55,899 [WARN] ModelIntegratedComponent:63 - No mode defined for component null
2025-05-07 10:12:55,899 [WARN] ModelIntegratedComponent:63 - No mode defined for component null
2025-05-07 10:12:56,193 [INFO] ThirdPartyModel:298 - Start build external matchings
2025-05-07 10:12:58,479 [INFO] ThirdPartyModel:316 - End build external matchings
2025-05-07 10:12:58,516 [INFO] ImportTextPane:194 - (OptionalMessage_ERROR) IP (RCC) : Parameter (ADCFreqValue) has invalid value (36000000)
2025-05-07 10:12:58,516 [INFO] ImportTextPane:194 - (OptionalMessage_ERROR) IP (RCC) : Invalid parameter (FamilyName)
2025-05-07 10:12:58,516 [INFO] ImportTextPane:194 - (OptionalMessage_ERROR) IP (RCC) : Parameter (MCOFreq_Value) has invalid value (72000000)
2025-05-07 10:12:58,516 [INFO] ImportTextPane:194 - (OptionalMessage_ERROR) IP (RCC) : Parameter (USBFreq_Value) has invalid value (72000000)
2025-05-07 10:12:58,672 [INFO] UtilMem:75 - End LoadConfig() Used Memory: 810740544 Bytes (1073741824)
2025-05-07 10:12:58,704 [WARN] ThirdParty:833 - waiting for thirdparty lock release [change project]
2025-05-07 10:12:58,704 [INFO] ThirdParty:835 - entering critical section [change project]
2025-05-07 10:12:58,704 [INFO] ThirdParty:1030 - CMSIS Pack Vendor :STMicroelectronics USBPD 4.1
2025-05-07 10:12:58,704 [INFO] ThirdParty:1030 - CMSIS Pack Vendor :STMicroelectronics X-CUBE-GNSS1 6.0.0
2025-05-07 10:12:58,704 [INFO] ThirdParty:1030 - CMSIS Pack Vendor :STMicroelectronics USB_HOST 2.0.0
2025-05-07 10:12:58,704 [INFO] ThirdParty:1030 - CMSIS Pack Vendor :STMicroelectronics FP-SNS-MOTENVWB1 1.4.0
2025-05-07 10:12:58,704 [INFO] ThirdParty:1030 - CMSIS Pack Vendor :STMicroelectronics X-CUBE-AZRTOS-F4 1.1.0
2025-05-07 10:12:58,704 [INFO] ThirdParty:1030 - CMSIS Pack Vendor :STMicroelectronics LIBJPEG 8.0.0
2025-05-07 10:12:58,704 [INFO] ThirdParty:1030 - CMSIS Pack Vendor :STMicroelectronics FP-ATR-ASTRA1 2.0.2
2025-05-07 10:12:58,704 [INFO] ThirdParty:1030 - CMSIS Pack Vendor :STMicroelectronics FP-ATR-ASTRA1 2.0.1
2025-05-07 10:12:58,704 [INFO] ThirdParty:1030 - CMSIS Pack Vendor :STMicroelectronics X-CUBE-SMBUS 2.1.0
2025-05-07 10:12:58,704 [INFO] ThirdParty:1030 - CMSIS Pack Vendor :STMicroelectronics X-CUBE-WB05N 1.1.0
2025-05-07 10:12:58,704 [INFO] ThirdParty:1030 - CMSIS Pack Vendor :wolfSSL I-CUBE-wolfSSL 5.6.0
2025-05-07 10:12:58,704 [INFO] ThirdParty:1030 - CMSIS Pack Vendor :STMicroelectronics X-CUBE-ISPU 2.1.0
2025-05-07 10:12:58,704 [INFO] ThirdParty:1030 - CMSIS Pack Vendor :STMicroelectronics X-CUBE-FREERTOS 1.2.0
2025-05-07 10:12:58,704 [INFO] ThirdParty:1030 - CMSIS Pack Vendor :STMicroelectronics X-CUBE-TOUCHGFX 4.23.0
2025-05-07 10:12:58,704 [INFO] ThirdParty:1030 - CMSIS Pack Vendor :STMicroelectronics X-CUBE-TOUCHGFX 4.23.2
2025-05-07 10:12:58,704 [INFO] ThirdParty:1030 - CMSIS Pack Vendor :STMicroelectronics X-CUBE-AZRTOS-F7 1.1.0
2025-05-07 10:12:58,705 [INFO] ThirdParty:1030 - CMSIS Pack Vendor :STMicroelectronics X-CUBE-AZRTOS-L5 2.0.0
2025-05-07 10:12:58,705 [INFO] ThirdParty:1030 - CMSIS Pack Vendor :STMicroelectronics USB_DEVICE 2.0.0
2025-05-07 10:12:58,705 [INFO] ThirdParty:1030 - CMSIS Pack Vendor :STMicroelectronics X-CUBE-MEMS1 9.6.0
2025-05-07 10:12:58,705 [INFO] ThirdParty:1030 - CMSIS Pack Vendor :STMicroelectronics X-CUBE-EEPRMA1 4.2.0
2025-05-07 10:12:58,705 [INFO] ThirdParty:1030 - CMSIS Pack Vendor :STMicroelectronics X-CUBE-NFC6 3.1.0
2025-05-07 10:12:58,705 [INFO] ThirdParty:1030 - CMSIS Pack Vendor :ITTIA_DB I-CUBE-ITTIADB 8.8.0
2025-05-07 10:12:58,705 [INFO] ThirdParty:1030 - CMSIS Pack Vendor :STMicroelectronics FP-SNS-MOTENV1 4.3.0
2025-05-07 10:12:58,705 [INFO] ThirdParty:1030 - CMSIS Pack Vendor :STMicroelectronics FP-SNS-MOTENV1 4.3.2
2025-05-07 10:12:58,705 [INFO] ThirdParty:1030 - CMSIS Pack Vendor :STMicroelectronics FP-SNS-FLIGHT1 5.0.0
2025-05-07 10:12:58,705 [INFO] ThirdParty:1030 - CMSIS Pack Vendor :STMicroelectronics X-CUBE-BLE1 6.2.4
2025-05-07 10:12:58,705 [INFO] ThirdParty:1030 - CMSIS Pack Vendor :STMicroelectronics FreeRTOS 0.0.1
2025-05-07 10:12:58,705 [INFO] ThirdParty:1030 - CMSIS Pack Vendor :emotas I-CUBE-CANOPEN 1.1.3
2025-05-07 10:12:58,705 [INFO] ThirdParty:1030 - CMSIS Pack Vendor :STMicroelectronics X-CUBE-BLEMGR 2.0.0
2025-05-07 10:12:58,705 [INFO] ThirdParty:1030 - CMSIS Pack Vendor :STMicroelectronics FP-SNS-FLIGHT1 5.0.2
2025-05-07 10:12:58,705 [INFO] ThirdParty:1030 - CMSIS Pack Vendor :STMicroelectronics X-CUBE-AI 9.0.0
2025-05-07 10:12:58,705 [INFO] ThirdParty:1030 - CMSIS Pack Vendor :STMicroelectronics X-CUBE-AZRTOS-H7 3.1.0
2025-05-07 10:12:58,705 [INFO] ThirdParty:1030 - CMSIS Pack Vendor :STMicroelectronics PDM2PCM 3.3.0
2025-05-07 10:12:58,705 [INFO] ThirdParty:1030 - CMSIS Pack Vendor :STMicroelectronics X-CUBE-DISPLAY 3.0.0
2025-05-07 10:12:58,705 [INFO] ThirdParty:1030 - CMSIS Pack Vendor :STMicroelectronics X-CUBE-BLE1 7.0.0
2025-05-07 10:12:58,705 [INFO] ThirdParty:1030 - CMSIS Pack Vendor :STMicroelectronics X-CUBE-NFC10 1.0.0
2025-05-07 10:12:58,705 [INFO] ThirdParty:1030 - CMSIS Pack Vendor :STMicroelectronics HAL Drivers 0.0.0
2025-05-07 10:12:58,705 [INFO] ThirdParty:1030 - CMSIS Pack Vendor :emotas I-CUBE-CANOPEN 1.3.0
2025-05-07 10:12:58,705 [INFO] ThirdParty:1030 - CMSIS Pack Vendor :STMicroelectronics X-CUBE-FREERTOS 1.3.0
2025-05-07 10:12:58,705 [INFO] ThirdParty:1030 - CMSIS Pack Vendor :STMicroelectronics X-CUBE-TOUCHGFX 4.22.0
2025-05-07 10:12:58,705 [INFO] ThirdParty:1030 - CMSIS Pack Vendor :STMicroelectronics X-CUBE-NFC7 1.0.1
2025-05-07 10:12:58,705 [INFO] ThirdParty:1030 - CMSIS Pack Vendor :STMicroelectronics MBEDTLS 2.14.1
2025-05-07 10:12:58,705 [INFO] ThirdParty:1030 - CMSIS Pack Vendor :STMicroelectronics X-CUBE-NFC7 1.0.0
2025-05-07 10:12:58,705 [INFO] ThirdParty:1030 - CMSIS Pack Vendor :STMicroelectronics X-CUBE-TOUCHGFX 4.22.1
2025-05-07 10:12:58,705 [INFO] ThirdParty:1030 - CMSIS Pack Vendor :wolfSSL I-CUBE-wolfTPM 3.2.0
2025-05-07 10:12:58,705 [INFO] ThirdParty:1030 - CMSIS Pack Vendor :STMicroelectronics X-CUBE-NFC6 3.0.0
2025-05-07 10:12:58,705 [INFO] ThirdParty:1030 - CMSIS Pack Vendor :STMicroelectronics X-CUBE-EEPRMA1 4.1.0
2025-05-07 10:12:58,706 [INFO] ThirdParty:1030 - CMSIS Pack Vendor :STMicroelectronics X-CUBE-BLEMGR 3.1.0
2025-05-07 10:12:58,706 [INFO] ThirdParty:1030 - CMSIS Pack Vendor :STMicroelectronics X-CUBE-AI 10.0.0
2025-05-07 10:12:58,706 [INFO] ThirdParty:1030 - CMSIS Pack Vendor :STMicroelectronics FP-SNS-SMARTAG2 1.2.0
2025-05-07 10:12:58,706 [INFO] ThirdParty:1030 - CMSIS Pack Vendor :STMicroelectronics X-CUBE-MEMS1 11.1.0
2025-05-07 10:12:58,706 [INFO] ThirdParty:1030 - CMSIS Pack Vendor :STMicroelectronics X-CUBE-AZRTOS-WL 2.0.0
2025-05-07 10:12:58,706 [INFO] ThirdParty:1030 - CMSIS Pack Vendor :STMicroelectronics FP-SNS-MOTENV1 5.0.0
2025-05-07 10:12:58,706 [INFO] ThirdParty:1030 - CMSIS Pack Vendor :STMicroelectronics USB_DEVICE 1.0.0
2025-05-07 10:12:58,706 [INFO] ThirdParty:1030 - CMSIS Pack Vendor :STMicroelectronics X-CUBE-AI 8.1.0
2025-05-07 10:12:58,706 [INFO] ThirdParty:1030 - CMSIS Pack Vendor :wolfSSL I-CUBE-wolfMQTT 1.19.0
2025-05-07 10:12:58,706 [INFO] ThirdParty:1030 - CMSIS Pack Vendor :STMicroelectronics X-CUBE-AZRTOS-L4 2.0.0
2025-05-07 10:12:58,706 [INFO] ThirdParty:1030 - CMSIS Pack Vendor :STMicroelectronics ThreadX 0.0.2
2025-05-07 10:12:58,706 [INFO] ThirdParty:1030 - CMSIS Pack Vendor :WES I-CUBE-Cesium 1.3.0
2025-05-07 10:12:58,706 [INFO] ThirdParty:1030 - CMSIS Pack Vendor :STMicroelectronics lwIP 2.1.2
2025-05-07 10:12:58,706 [INFO] ThirdParty:1030 - CMSIS Pack Vendor :STMicroelectronics X-CUBE-SFXS2LP1 4.0.0
2025-05-07 10:12:58,706 [INFO] ThirdParty:1030 - CMSIS Pack Vendor :STMicroelectronics X-CUBE-BLE2 3.3.0
2025-05-07 10:12:58,706 [INFO] ThirdParty:1030 - CMSIS Pack Vendor :STMicroelectronics PDM2PCM 3.2.0
2025-05-07 10:12:58,706 [INFO] ThirdParty:1030 - CMSIS Pack Vendor :STMicroelectronics X-CUBE-ISPU 1.1.0
2025-05-07 10:12:58,706 [INFO] ThirdParty:1030 - CMSIS Pack Vendor :STMicroelectronics X-CUBE-AZRTOS-H7 3.3.0
2025-05-07 10:12:58,706 [INFO] ThirdParty:1030 - CMSIS Pack Vendor :STMicroelectronics X-CUBE-NFC9 1.0.0
2025-05-07 10:12:58,706 [INFO] ThirdParty:1030 - CMSIS Pack Vendor :STMicroelectronics X-CUBE-BLE1 7.1.0
2025-05-07 10:12:58,706 [INFO] ThirdParty:1030 - CMSIS Pack Vendor :STMicroelectronics USB_DEVICE 3.0.0
2025-05-07 10:12:58,706 [INFO] ThirdParty:1030 - CMSIS Pack Vendor :STMicroelectronics X-CUBE-TCPP 4.1.0
2025-05-07 10:12:58,706 [INFO] ThirdParty:1030 - CMSIS Pack Vendor :STMicroelectronics X-CUBE-AZRTOS-WB 2.0.0
2025-05-07 10:12:58,706 [INFO] ThirdParty:1030 - CMSIS Pack Vendor :STMicroelectronics X-CUBE-FREERTOS 1.0.1
2025-05-07 10:12:58,706 [INFO] ThirdParty:1030 - CMSIS Pack Vendor :STMicroelectronics X-CUBE-GNSS1 7.0.1
2025-05-07 10:12:58,706 [INFO] ThirdParty:1030 - CMSIS Pack Vendor :STMicroelectronics X-CUBE-TOUCHGFX 4.21.4
2025-05-07 10:12:58,706 [INFO] ThirdParty:1030 - CMSIS Pack Vendor :STMicroelectronics X-CUBE-TOUCHGFX 4.25.0
2025-05-07 10:12:58,706 [INFO] ThirdParty:1030 - CMSIS Pack Vendor :STMicroelectronics X-CUBE-ALGOBUILD 1.3.0
2025-05-07 10:12:58,706 [INFO] ThirdParty:1030 - CMSIS Pack Vendor :STMicroelectronics X-CUBE-AZRTOS-L5 1.1.0
2025-05-07 10:12:58,706 [INFO] ThirdParty:1030 - CMSIS Pack Vendor :STMicroelectronics X-CUBE-MEMS1 11.2.0
2025-05-07 10:12:58,706 [INFO] ThirdParty:1030 - CMSIS Pack Vendor :STMicroelectronics X-CUBE-AZRTOS-G0 1.1.0
2025-05-07 10:12:58,706 [INFO] ThirdParty:1030 - CMSIS Pack Vendor :STMicroelectronics X-CUBE-AI 8.0.1
2025-05-07 10:12:58,706 [INFO] ThirdParty:1030 - CMSIS Pack Vendor :STMicroelectronics X-CUBE-SAFEA1 1.2.2
2025-05-07 10:12:58,706 [INFO] ThirdParty:1030 - CMSIS Pack Vendor :STMicroelectronics X-CUBE-NFC4 3.0.0
2025-05-07 10:12:58,706 [INFO] ThirdParty:1030 - CMSIS Pack Vendor :STMicroelectronics X-CUBE-SUBG2 5.0.0
2025-05-07 10:12:58,706 [INFO] ThirdParty:1030 - CMSIS Pack Vendor :STMicroelectronics X-CUBE-AZRTOS-H7RS 1.1.0
2025-05-07 10:12:58,707 [INFO] ThirdParty:1030 - CMSIS Pack Vendor :STMicroelectronics STM32_WPAN 1.0.0
2025-05-07 10:12:58,707 [INFO] ThirdParty:1030 - CMSIS Pack Vendor :wolfSSL I-CUBE-wolfMQTT 1.18.0
2025-05-07 10:12:58,707 [INFO] ThirdParty:1030 - CMSIS Pack Vendor :STMicroelectronics lwIP 2.0.3
2025-05-07 10:12:58,707 [INFO] ThirdParty:1030 - CMSIS Pack Vendor :Cesanta I-CUBE-Mongoose 7.13.0
2025-05-07 10:12:58,707 [INFO] ThirdParty:1030 - CMSIS Pack Vendor :STMicroelectronics USB_HOST 1.0.0
2025-05-07 10:12:58,707 [INFO] ThirdParty:1030 - CMSIS Pack Vendor :STMicroelectronics X-CUBE-TOF1 3.3.1
2025-05-07 10:12:58,707 [INFO] ThirdParty:1030 - CMSIS Pack Vendor :STMicroelectronics X-CUBE-AZRTOS-G4 2.0.0
2025-05-07 10:12:58,707 [INFO] ThirdParty:1030 - CMSIS Pack Vendor :STMicroelectronics X-CUBE-WB05N 2.0.0
2025-05-07 10:12:58,707 [INFO] ThirdParty:1030 - CMSIS Pack Vendor :STMicroelectronics PDM2PCM 3.1.0
2025-05-07 10:12:58,707 [INFO] ThirdParty:1030 - CMSIS Pack Vendor :STMicroelectronics X-CUBE-TOF1 3.3.0
2025-05-07 10:12:58,707 [INFO] ThirdParty:1030 - CMSIS Pack Vendor :Infineon AIROC-Wi-Fi-Bluetooth-STM32 1.5.1
2025-05-07 10:12:58,707 [INFO] ThirdParty:1030 - CMSIS Pack Vendor :STMicroelectronics X-CUBE-BLEMGR 3.0.0
2025-05-07 10:12:58,707 [INFO] ThirdParty:1030 - CMSIS Pack Vendor :STMicroelectronics FP-SNS-MOTENVWB1 1.3.0
2025-05-07 10:12:58,707 [INFO] ThirdParty:1030 - CMSIS Pack Vendor :STMicroelectronics X-CUBE-NFC7 2.0.0
2025-05-07 10:12:58,707 [INFO] ThirdParty:1030 - CMSIS Pack Vendor :STMicroelectronics FP-SNS-MOTENVWB1 1.3.1
2025-05-07 10:12:58,707 [INFO] ThirdParty:1030 - CMSIS Pack Vendor :STMicroelectronics FP-ATR-SIGFOX1 3.2.0
2025-05-07 10:12:58,707 [INFO] ThirdParty:1030 - CMSIS Pack Vendor :STMicroelectronics X-CUBE-AZRTOS-L4 1.0.0
2025-05-07 10:12:58,707 [INFO] ThirdParty:1030 - CMSIS Pack Vendor :STMicroelectronics X-CUBE-ISPU 2.0.0
2025-05-07 10:12:58,707 [INFO] ThirdParty:1030 - CMSIS Pack Vendor :STMicroelectronics X-CUBE-EEPRMA1 5.1.0
2025-05-07 10:12:58,707 [INFO] ThirdParty:1030 - CMSIS Pack Vendor :STMicroelectronics MBEDTLS 2.16.2
2025-05-07 10:12:58,707 [INFO] ThirdParty:1030 - CMSIS Pack Vendor :STMicroelectronics X-CUBE-ALS 1.0.2
2025-05-07 10:12:58,707 [INFO] ThirdParty:1030 - CMSIS Pack Vendor :STMicroelectronics X-CUBE-MEMS1 10.0.0
2025-05-07 10:12:58,707 [INFO] ThirdParty:1030 - CMSIS Pack Vendor :STMicroelectronics X-CUBE-FREERTOS 1.1.0
2025-05-07 10:12:58,707 [INFO] ThirdParty:1030 - CMSIS Pack Vendor :wolfSSL I-CUBE-wolfSSL 5.7.6
2025-05-07 10:12:58,707 [INFO] ThirdParty:1030 - CMSIS Pack Vendor :STMicroelectronics X-CUBE-TOUCHGFX 4.24.0
2025-05-07 10:12:58,707 [INFO] ThirdParty:1030 - CMSIS Pack Vendor :ITTIA_DB I-CUBE-ITTIADB 8.9.0
2025-05-07 10:12:58,707 [INFO] ThirdParty:1030 - CMSIS Pack Vendor :STMicroelectronics X-CUBE-TOUCHGFX 4.24.2
2025-05-07 10:12:58,707 [INFO] ThirdParty:1030 - CMSIS Pack Vendor :STMicroelectronics X-CUBE-AZRTOS-WL 1.0.0
2025-05-07 10:12:58,707 [INFO] ThirdParty:1030 - CMSIS Pack Vendor :STMicroelectronics X-CUBE-TOUCHGFX 4.24.1
2025-05-07 10:12:58,707 [INFO] ThirdParty:1030 - CMSIS Pack Vendor :wolfSSL I-CUBE-wolfTPM 3.4.0
2025-05-07 10:12:58,707 [INFO] ThirdParty:1030 - CMSIS Pack Vendor :portGmbH I-Cube-SoM-uGOAL 1.1.0
2025-05-07 10:12:58,707 [INFO] ThirdParty:1030 - CMSIS Pack Vendor :STMicroelectronics X-CUBE-ALS 1.0.1
2025-05-07 10:12:58,707 [INFO] ThirdParty:1030 - CMSIS Pack Vendor :STMicroelectronics ThreadX 1.0.0
2025-05-07 10:12:58,707 [INFO] ThirdParty:1030 - CMSIS Pack Vendor :STMicroelectronics X-CUBE-AZRTOS-WB 1.1.0
2025-05-07 10:12:58,707 [INFO] ThirdParty:1030 - CMSIS Pack Vendor :SEGGER I-CUBE-embOS 1.3.1
2025-05-07 10:12:58,707 [INFO] ThirdParty:1030 - CMSIS Pack Vendor :STMicroelectronics X-CUBE-ALGOBUILD 1.4.0
2025-05-07 10:12:58,707 [INFO] ThirdParty:1030 - CMSIS Pack Vendor :STMicroelectronics X-CUBE-AZRTOS-H7RS 1.0.0
2025-05-07 10:12:58,707 [INFO] ThirdParty:1030 - CMSIS Pack Vendor :STMicroelectronics FP-ATR-ASTRA1 2.0.0
2025-05-07 10:12:58,707 [INFO] ThirdParty:1030 - CMSIS Pack Vendor :STMicroelectronics X-CUBE-AI 9.1.0
2025-05-07 10:12:58,707 [INFO] ThirdParty:1030 - CMSIS Pack Vendor :STMicroelectronics X-CUBE-TOF1 3.4.0
2025-05-07 10:12:58,707 [INFO] ThirdParty:1030 - CMSIS Pack Vendor :STMicroelectronics X-CUBE-TOF1 3.4.1
2025-05-07 10:12:58,707 [INFO] ThirdParty:1030 - CMSIS Pack Vendor :STMicroelectronics X-CUBE-AZRTOS-H7 3.2.0
2025-05-07 10:12:58,707 [INFO] ThirdParty:1030 - CMSIS Pack Vendor :wolfSSL I-CUBE-wolfSSH 1.4.17
2025-05-07 10:12:58,707 [INFO] ThirdParty:841 - exiting critical section [change project]
2025-05-07 10:12:58,787 [INFO] PinOutPanel:1499 - setPackage(No Configuration,No Configuration)
2025-05-07 10:12:58,787 [INFO] PinOutPanel:1499 - setPackage(STM32F103CBTx,LQFP48)
2025-05-07 10:12:58,965 [INFO] UtilMem:75 - Before build in PCC Used Memory: 929620880 Bytes (1073741824)
2025-05-07 10:12:59,128 [INFO] UtilMem:75 - After build in PCC Used Memory: 722412760 Bytes (1073741824)
2025-05-07 10:12:59,153 [INFO] IPUIPlugin:80 - create IPUIPlugin
2025-05-07 10:12:59,153 [INFO] IPUIPlugin:80 - create IPUIPlugin
2025-05-07 10:12:59,153 [INFO] IPUIPlugin:80 - create IPUIPlugin
2025-05-07 10:12:59,154 [INFO] IPUIPlugin:80 - create IPUIPlugin
2025-05-07 10:12:59,154 [INFO] IPUIPlugin:80 - create IPUIPlugin
2025-05-07 10:12:59,154 [INFO] IPUIPlugin:80 - create IPUIPlugin
2025-05-07 10:12:59,154 [INFO] IPUIPlugin:80 - create IPUIPlugin
2025-05-07 10:12:59,154 [INFO] IPUIPlugin:80 - create IPUIPlugin
2025-05-07 10:12:59,154 [INFO] IPUIPlugin:80 - create IPUIPlugin
2025-05-07 10:12:59,154 [INFO] IPUIPlugin:80 - create IPUIPlugin
2025-05-07 10:12:59,154 [INFO] IPUIPlugin:80 - create IPUIPlugin
2025-05-07 10:12:59,154 [INFO] IPUIPlugin:80 - create IPUIPlugin
2025-05-07 10:12:59,154 [INFO] IPUIPlugin:80 - create IPUIPlugin
2025-05-07 10:12:59,154 [INFO] IPUIPlugin:80 - create IPUIPlugin
2025-05-07 10:12:59,155 [INFO] IPUIPlugin:80 - create IPUIPlugin
2025-05-07 10:12:59,155 [INFO] IPUIPlugin:80 - create IPUIPlugin
2025-05-07 10:12:59,155 [INFO] IPUIPlugin:80 - create IPUIPlugin
2025-05-07 10:12:59,155 [INFO] IPUIPlugin:80 - create IPUIPlugin
2025-05-07 10:12:59,155 [INFO] IPUIPlugin:80 - create IPUIPlugin
2025-05-07 10:12:59,155 [INFO] IPUIPlugin:80 - create IPUIPlugin
2025-05-07 10:12:59,155 [INFO] IPUIPlugin:80 - create IPUIPlugin
2025-05-07 10:12:59,155 [INFO] IPUIPlugin:80 - create IPUIPlugin
2025-05-07 10:12:59,156 [INFO] IPUIPlugin:80 - create IPUIPlugin
2025-05-07 10:12:59,156 [INFO] IPUIPlugin:80 - create IPUIPlugin
2025-05-07 10:12:59,156 [INFO] IPUIPlugin:80 - create IPUIPlugin
2025-05-07 10:12:59,156 [INFO] IPUIPlugin:80 - create IPUIPlugin
2025-05-07 10:12:59,156 [INFO] IPUIPlugin:80 - create IPUIPlugin
2025-05-07 10:12:59,187 [INFO] CADModel:165 - CPN selected for project levelSTM32F103CBT6
2025-05-07 10:12:59,188 [INFO] CADModel:114 - Register for checkConnection events
2025-05-07 10:12:59,248 [INFO] OpenFileManager:328 - Restore cursor
2025-05-07 10:13:12,838 [INFO] UtilMem:75 - End SaveConfig() Used Memory: 692424512 Bytes (1073741824)
2025-05-07 10:13:13,040 [INFO] BlockDiagram:2759 - set Specific Code input for plugin: SYS
2025-05-07 10:13:13,040 [INFO] BlockDiagram:2759 - set Specific Code input for plugin: RCC
2025-05-07 10:13:13,040 [INFO] BlockDiagram:2759 - set Specific Code input for plugin: NVIC
2025-05-07 10:13:13,040 [INFO] BlockDiagram:2759 - set Specific Code input for plugin: USART
2025-05-07 10:13:13,040 [INFO] BlockDiagram:2759 - set Specific Code input for plugin: USART
2025-05-07 10:13:13,040 [INFO] BlockDiagram:2759 - set Specific Code input for plugin: GPIO
2025-05-07 10:13:13,040 [INFO] CodeGenerator:799 - code generatio: config db path: D:\ITC\STM32\STM32CubeIDE_1.13.0\STM32CubeIDE\plugins\com.st.stm32cube.common.mx_6.9.0.202307051724\\db\
2025-05-07 10:13:13,162 [INFO] CodeEngine:255 - oldGeneratedFile, D:\AIFARM\STM32_GREENB\stm32f103_nethouse\MXTmpFiles\license.tmp_save
2025-05-07 10:13:13,236 [INFO] CodeEngine:279 - Generated code: D:\AIFARM\STM32_GREENB\stm32f103_nethouse\MXTmpFiles\license.tmp
2025-05-07 10:13:13,283 [INFO] CodeEngine:255 - oldGeneratedFile, D:\AIFARM\STM32_GREENB\stm32f103_nethouse\MXTmpFiles\gpio.tmp_save
2025-05-07 10:13:13,354 [INFO] CodeEngine:279 - Generated code: D:\AIFARM\STM32_GREENB\stm32f103_nethouse\MXTmpFiles\gpio.tmp
2025-05-07 10:13:13,393 [INFO] CodeEngine:255 - oldGeneratedFile, D:\AIFARM\STM32_GREENB\stm32f103_nethouse\Core\Src\stm32f1xx_it.c_save
2025-05-07 10:13:13,567 [INFO] CodeEngine:279 - Generated code: D:\AIFARM\STM32_GREENB\stm32f103_nethouse\Core\Src\stm32f1xx_it.c
2025-05-07 10:13:13,571 [INFO] CodeEngine:255 - oldGeneratedFile, D:\AIFARM\STM32_GREENB\stm32f103_nethouse\Core\Inc\stm32f1xx_it.h_save
2025-05-07 10:13:13,614 [INFO] CodeEngine:279 - Generated code: D:\AIFARM\STM32_GREENB\stm32f103_nethouse\Core\Inc\stm32f1xx_it.h
2025-05-07 10:13:13,627 [INFO] CodeEngine:255 - oldGeneratedFile, D:\AIFARM\STM32_GREENB\stm32f103_nethouse\Core\Src\stm32f1xx_hal_msp.c_save
2025-05-07 10:13:13,696 [INFO] CodeEngine:279 - Generated code: D:\AIFARM\STM32_GREENB\stm32f103_nethouse\Core\Src\stm32f1xx_hal_msp.c
2025-05-07 10:13:13,698 [INFO] CodeEngine:255 - oldGeneratedFile, D:\AIFARM\STM32_GREENB\stm32f103_nethouse\MXTmpFiles\system.tmp_save
2025-05-07 10:13:13,737 [INFO] CodeEngine:279 - Generated code: D:\AIFARM\STM32_GREENB\stm32f103_nethouse\MXTmpFiles\system.tmp
2025-05-07 10:13:13,751 [INFO] CodeEngine:311 - oldGeneratedFile, D:\AIFARM\STM32_GREENB\stm32f103_nethouse\Core\Inc\stm32f1xx_hal_conf.h_save
2025-05-07 10:13:13,828 [INFO] CodeEngine:335 - Generated code: D:\AIFARM\STM32_GREENB\stm32f103_nethouse\Core\Inc\stm32f1xx_hal_conf.h
2025-05-07 10:13:13,853 [INFO] CodeEngine:255 - oldGeneratedFile, D:\AIFARM\STM32_GREENB\stm32f103_nethouse\Core\Inc\main.h_save
2025-05-07 10:13:13,932 [INFO] CodeEngine:279 - Generated code: D:\AIFARM\STM32_GREENB\stm32f103_nethouse\Core\Inc\main.h
2025-05-07 10:13:13,947 [INFO] CodeEngine:255 - oldGeneratedFile, D:\AIFARM\STM32_GREENB\stm32f103_nethouse\Core\Src\main.c_save
2025-05-07 10:13:14,019 [INFO] CodeEngine:279 - Generated code: D:\AIFARM\STM32_GREENB\stm32f103_nethouse\Core\Src\main.c
2025-05-07 10:13:14,477 [INFO] ProjectBuilder:3064 - Time for Copy HAL[1] : 175mS.
2025-05-07 10:13:14,480 [INFO] ProjectBuilder:4404 - Project Generator version: 4.1.0
2025-05-07 10:13:14,728 [INFO] ConfigFileManager:1457 - The Die is : DIE410
2025-05-07 10:13:14,739 [INFO] ApiDbMcu:507 - Load IP Config File for FATFS
2025-05-07 10:13:14,750 [INFO] ApiDbMcu:507 - Load IP Config File for FREERTOS
2025-05-07 10:13:14,763 [INFO] ApiDbMcu:507 - Load IP Config File for USB_DEVICE
2025-05-07 10:13:16,145 [INFO] ProjectBuilder:4626 - Time for Generating toolchain IDE Files: 1664mS.
2025-05-07 10:13:16,146 [INFO] ProjectBuilder:2935 - Time for Copy CMSIS : 1mS.
2025-05-07 10:13:16,148 [INFO] ProjectBuilder:2935 - Time for Copy CMSIS : 0mS.
2025-05-07 10:36:32,138 [INFO] UtilMem:75 - End SaveConfig() Used Memory: 926010832 Bytes (1073741824)
2025-05-07 10:36:32,448 [INFO] BlockDiagram:2759 - set Specific Code input for plugin: SYS
2025-05-07 10:36:32,448 [INFO] BlockDiagram:2759 - set Specific Code input for plugin: RCC
2025-05-07 10:36:32,448 [INFO] BlockDiagram:2759 - set Specific Code input for plugin: NVIC
2025-05-07 10:36:32,448 [INFO] BlockDiagram:2759 - set Specific Code input for plugin: USART
2025-05-07 10:36:32,448 [INFO] BlockDiagram:2759 - set Specific Code input for plugin: USART
2025-05-07 10:36:32,448 [INFO] BlockDiagram:2759 - set Specific Code input for plugin: GPIO
2025-05-07 10:36:32,450 [INFO] CodeGenerator:799 - code generatio: config db path: D:\ITC\STM32\STM32CubeIDE_1.13.0\STM32CubeIDE\plugins\com.st.stm32cube.common.mx_6.9.0.202307051724\\db\
2025-05-07 10:36:32,587 [INFO] CodeEngine:255 - oldGeneratedFile, D:\AIFARM\STM32_GREENB\stm32f103_nethouse\MXTmpFiles\license.tmp_save
2025-05-07 10:36:32,716 [INFO] CodeEngine:279 - Generated code: D:\AIFARM\STM32_GREENB\stm32f103_nethouse\MXTmpFiles\license.tmp
2025-05-07 10:36:32,731 [INFO] CodeEngine:255 - oldGeneratedFile, D:\AIFARM\STM32_GREENB\stm32f103_nethouse\MXTmpFiles\gpio.tmp_save
2025-05-07 10:36:32,847 [INFO] CodeEngine:279 - Generated code: D:\AIFARM\STM32_GREENB\stm32f103_nethouse\MXTmpFiles\gpio.tmp
2025-05-07 10:36:32,896 [INFO] CodeEngine:255 - oldGeneratedFile, D:\AIFARM\STM32_GREENB\stm32f103_nethouse\Core\Src\stm32f1xx_it.c_save
2025-05-07 10:36:33,071 [INFO] CodeEngine:279 - Generated code: D:\AIFARM\STM32_GREENB\stm32f103_nethouse\Core\Src\stm32f1xx_it.c
2025-05-07 10:36:33,074 [INFO] CodeEngine:255 - oldGeneratedFile, D:\AIFARM\STM32_GREENB\stm32f103_nethouse\Core\Inc\stm32f1xx_it.h_save
2025-05-07 10:36:33,120 [INFO] CodeEngine:279 - Generated code: D:\AIFARM\STM32_GREENB\stm32f103_nethouse\Core\Inc\stm32f1xx_it.h
2025-05-07 10:36:33,139 [INFO] CodeEngine:255 - oldGeneratedFile, D:\AIFARM\STM32_GREENB\stm32f103_nethouse\Core\Src\stm32f1xx_hal_msp.c_save
2025-05-07 10:36:33,246 [INFO] CodeEngine:279 - Generated code: D:\AIFARM\STM32_GREENB\stm32f103_nethouse\Core\Src\stm32f1xx_hal_msp.c
2025-05-07 10:36:33,248 [INFO] CodeEngine:255 - oldGeneratedFile, D:\AIFARM\STM32_GREENB\stm32f103_nethouse\MXTmpFiles\system.tmp_save
2025-05-07 10:36:33,301 [INFO] CodeEngine:279 - Generated code: D:\AIFARM\STM32_GREENB\stm32f103_nethouse\MXTmpFiles\system.tmp
2025-05-07 10:36:33,323 [INFO] CodeEngine:311 - oldGeneratedFile, D:\AIFARM\STM32_GREENB\stm32f103_nethouse\Core\Inc\stm32f1xx_hal_conf.h_save
2025-05-07 10:36:33,395 [INFO] CodeEngine:335 - Generated code: D:\AIFARM\STM32_GREENB\stm32f103_nethouse\Core\Inc\stm32f1xx_hal_conf.h
2025-05-07 10:36:33,424 [INFO] CodeEngine:255 - oldGeneratedFile, D:\AIFARM\STM32_GREENB\stm32f103_nethouse\Core\Inc\main.h_save
2025-05-07 10:36:33,503 [INFO] CodeEngine:279 - Generated code: D:\AIFARM\STM32_GREENB\stm32f103_nethouse\Core\Inc\main.h
2025-05-07 10:36:33,528 [INFO] CodeEngine:255 - oldGeneratedFile, D:\AIFARM\STM32_GREENB\stm32f103_nethouse\Core\Src\main.c_save
2025-05-07 10:36:33,596 [INFO] CodeEngine:279 - Generated code: D:\AIFARM\STM32_GREENB\stm32f103_nethouse\Core\Src\main.c
2025-05-07 10:36:34,140 [INFO] ProjectBuilder:3064 - Time for Copy HAL[1] : 192mS.
2025-05-07 10:36:34,143 [INFO] ProjectBuilder:4404 - Project Generator version: 4.1.0
2025-05-07 10:36:34,379 [INFO] ConfigFileManager:1457 - The Die is : DIE410
2025-05-07 10:36:35,743 [INFO] ProjectBuilder:4626 - Time for Generating toolchain IDE Files: 1600mS.
2025-05-07 10:36:35,745 [INFO] ProjectBuilder:2935 - Time for Copy CMSIS : 0mS.
2025-05-07 10:36:35,747 [INFO] ProjectBuilder:2935 - Time for Copy CMSIS : 0mS.
2025-05-07 10:42:16,615 [INFO] UtilMem:75 - End SaveConfig() Used Memory: 842134040 Bytes (1073741824)
2025-05-07 10:42:16,819 [INFO] BlockDiagram:2759 - set Specific Code input for plugin: SYS
2025-05-07 10:42:16,819 [INFO] BlockDiagram:2759 - set Specific Code input for plugin: RCC
2025-05-07 10:42:16,819 [INFO] BlockDiagram:2759 - set Specific Code input for plugin: NVIC
2025-05-07 10:42:16,819 [INFO] BlockDiagram:2759 - set Specific Code input for plugin: USART
2025-05-07 10:42:16,819 [INFO] BlockDiagram:2759 - set Specific Code input for plugin: USART
2025-05-07 10:42:16,820 [INFO] BlockDiagram:2759 - set Specific Code input for plugin: GPIO
2025-05-07 10:42:16,823 [INFO] CodeGenerator:799 - code generatio: config db path: D:\ITC\STM32\STM32CubeIDE_1.13.0\STM32CubeIDE\plugins\com.st.stm32cube.common.mx_6.9.0.202307051724\\db\
2025-05-07 10:42:16,977 [INFO] CodeEngine:255 - oldGeneratedFile, D:\AIFARM\STM32_GREENB\stm32f103_nethouse\MXTmpFiles\license.tmp_save
2025-05-07 10:42:17,060 [INFO] CodeEngine:279 - Generated code: D:\AIFARM\STM32_GREENB\stm32f103_nethouse\MXTmpFiles\license.tmp
2025-05-07 10:42:17,082 [INFO] CodeEngine:255 - oldGeneratedFile, D:\AIFARM\STM32_GREENB\stm32f103_nethouse\MXTmpFiles\gpio.tmp_save
2025-05-07 10:42:17,166 [INFO] CodeEngine:279 - Generated code: D:\AIFARM\STM32_GREENB\stm32f103_nethouse\MXTmpFiles\gpio.tmp
2025-05-07 10:42:17,207 [INFO] CodeEngine:255 - oldGeneratedFile, D:\AIFARM\STM32_GREENB\stm32f103_nethouse\Core\Src\stm32f1xx_it.c_save
2025-05-07 10:42:17,411 [INFO] CodeEngine:279 - Generated code: D:\AIFARM\STM32_GREENB\stm32f103_nethouse\Core\Src\stm32f1xx_it.c
2025-05-07 10:42:17,416 [INFO] CodeEngine:255 - oldGeneratedFile, D:\AIFARM\STM32_GREENB\stm32f103_nethouse\Core\Inc\stm32f1xx_it.h_save
2025-05-07 10:42:17,462 [INFO] CodeEngine:279 - Generated code: D:\AIFARM\STM32_GREENB\stm32f103_nethouse\Core\Inc\stm32f1xx_it.h
2025-05-07 10:42:17,482 [INFO] CodeEngine:255 - oldGeneratedFile, D:\AIFARM\STM32_GREENB\stm32f103_nethouse\Core\Src\stm32f1xx_hal_msp.c_save
2025-05-07 10:42:17,550 [INFO] CodeEngine:279 - Generated code: D:\AIFARM\STM32_GREENB\stm32f103_nethouse\Core\Src\stm32f1xx_hal_msp.c
2025-05-07 10:42:17,553 [INFO] CodeEngine:255 - oldGeneratedFile, D:\AIFARM\STM32_GREENB\stm32f103_nethouse\MXTmpFiles\system.tmp_save
2025-05-07 10:42:17,602 [INFO] CodeEngine:279 - Generated code: D:\AIFARM\STM32_GREENB\stm32f103_nethouse\MXTmpFiles\system.tmp
2025-05-07 10:42:17,615 [INFO] CodeEngine:311 - oldGeneratedFile, D:\AIFARM\STM32_GREENB\stm32f103_nethouse\Core\Inc\stm32f1xx_hal_conf.h_save
2025-05-07 10:42:17,692 [INFO] CodeEngine:335 - Generated code: D:\AIFARM\STM32_GREENB\stm32f103_nethouse\Core\Inc\stm32f1xx_hal_conf.h
2025-05-07 10:42:17,722 [INFO] CodeEngine:255 - oldGeneratedFile, D:\AIFARM\STM32_GREENB\stm32f103_nethouse\Core\Inc\main.h_save
2025-05-07 10:42:17,788 [INFO] CodeEngine:279 - Generated code: D:\AIFARM\STM32_GREENB\stm32f103_nethouse\Core\Inc\main.h
2025-05-07 10:42:17,800 [INFO] CodeEngine:255 - oldGeneratedFile, D:\AIFARM\STM32_GREENB\stm32f103_nethouse\Core\Src\main.c_save
2025-05-07 10:42:17,896 [INFO] CodeEngine:279 - Generated code: D:\AIFARM\STM32_GREENB\stm32f103_nethouse\Core\Src\main.c
2025-05-07 10:42:18,324 [INFO] ProjectBuilder:3064 - Time for Copy HAL[1] : 110mS.
2025-05-07 10:42:18,370 [INFO] ProjectBuilder:4404 - Project Generator version: 4.1.0
2025-05-07 10:42:18,569 [INFO] ConfigFileManager:1457 - The Die is : DIE410
2025-05-07 10:42:19,606 [INFO] ProjectBuilder:4626 - Time for Generating toolchain IDE Files: 1236mS.
2025-05-07 10:42:19,607 [INFO] ProjectBuilder:2935 - Time for Copy CMSIS : 0mS.
2025-05-07 10:42:19,608 [INFO] ProjectBuilder:2935 - Time for Copy CMSIS : 0mS.
2025-05-07 13:17:03,729 [INFO] Activator:176 - 


2025-05-07 13:17:03,732 [INFO] Activator:177 - !SESSION log4j initialized
2025-05-07 13:17:15,244 [INFO] LogOutputStream:77 - [STDOUT_REDIRECT] 
2025-05-07 13:17:19,189 [INFO] ApplicationProperties:184 - Using Application install path: D:\ITC\STM32\STM32CubeIDE_1.13.0\STM32CubeIDE\plugins\com.st.stm32cube.common.mx_6.9.0.202307051724
2025-05-07 13:17:19,209 [INFO] DbMcusXml:78 - Set database path to: D:\ITC\STM32\STM32CubeIDE_1.13.0\STM32CubeIDE\plugins\com.st.stm32cube.common.mx_6.9.0.202307051724\\db\/mcu/
2025-05-07 13:17:19,210 [INFO] ApiDb:274 - Set plugin database path to: D:\ITC\STM32\STM32CubeIDE_1.13.0\STM32CubeIDE\plugins\com.st.stm32cube.common.mx_6.9.0.202307051724\\db\/plugins/boardmanager/
2025-05-07 13:17:19,210 [WARN] ApiDb:259 - Overriding images path with different value:  => D:\ITC\STM32\STM32CubeIDE_1.13.0\STM32CubeIDE\plugins\com.st.stm32cube.common.mx_6.9.0.202307051724\\db\/plugins/mcufinder/images/
2025-05-07 13:17:19,226 [INFO] ApiDb:250 - Set database path to: C:\Users\msi1\.stmcufinder\plugins\mcufinder//mcu/
2025-05-07 13:17:19,227 [INFO] DbMcusAds:125 - Set database path to: C:\Users\msi1\.stmcufinder\plugins\mcufinder//mcu/
2025-05-07 13:17:19,228 [INFO] CrossReferenceDbSqlite:203 - Set database path to: C:\Users\msi1\.stmcufinder\plugins\mcufinder//mcu/cs/
2025-05-07 13:17:19,386 [INFO] RulesReader:64 - Compatibility file has been processed (293 Rules)
2025-05-07 13:17:19,506 [INFO] DbMcusXml:78 - Set database path to: D:\ITC\STM32\STM32CubeIDE_1.13.0\STM32CubeIDE\plugins\com.st.stm32cube.common.mx_6.9.0.202307051724\\db\/mcu/
2025-05-07 13:17:19,507 [INFO] ApiDb:274 - Set plugin database path to: D:\ITC\STM32\STM32CubeIDE_1.13.0\STM32CubeIDE\plugins\com.st.stm32cube.common.mx_6.9.0.202307051724\\db\/plugins/boardmanager/
2025-05-07 13:17:19,507 [INFO] ApiDb:261 - Set plugin images path to: D:\ITC\STM32\STM32CubeIDE_1.13.0\STM32CubeIDE\plugins\com.st.stm32cube.common.mx_6.9.0.202307051724\\db\/plugins/mcufinder/images/
2025-05-07 13:17:19,507 [WARN] DbFile:41 - Overriding database path with different value: C:\Users\msi1\.stmcufinder\plugins\mcufinder/ => C:\Users\msi1\.stmcufinder\plugins\mcufinder
2025-05-07 13:17:19,507 [INFO] ApiDb:250 - Set database path to: C:\Users\msi1\.stmcufinder\plugins\mcufinder//mcu/
2025-05-07 13:17:19,507 [WARN] DbFile:41 - Overriding database path with different value: C:\Users\msi1\.stmcufinder\plugins\mcufinder/ => C:\Users\msi1\.stmcufinder\plugins\mcufinder
2025-05-07 13:17:19,507 [INFO] DbMcusAds:125 - Set database path to: C:\Users\msi1\.stmcufinder\plugins\mcufinder//mcu/
2025-05-07 13:17:19,507 [WARN] DbFile:41 - Overriding database path with different value: C:\Users\msi1\.stmcufinder\plugins\mcufinder/ => C:\Users\msi1\.stmcufinder\plugins\mcufinder
2025-05-07 13:17:19,507 [WARN] DbFile:41 - Overriding database path with different value: C:\Users\msi1\.stmcufinder\plugins\mcufinder/ => C:\Users\msi1\.stmcufinder\plugins\mcufinder
2025-05-07 13:17:19,507 [INFO] CrossReferenceDbSqlite:203 - Set database path to: C:\Users\msi1\.stmcufinder\plugins\mcufinder//mcu/cs/
2025-05-07 13:17:19,616 [INFO] MainPanel:262 - HeapMemory: 268435456
2025-05-07 13:17:19,750 [INFO] DbMcusXml:78 - Set database path to: D:\ITC\STM32\STM32CubeIDE_1.13.0\STM32CubeIDE\plugins\com.st.stm32cube.common.mx_6.9.0.202307051724\\db\/mcu/
2025-05-07 13:17:19,751 [INFO] ApiDb:274 - Set plugin database path to: D:\ITC\STM32\STM32CubeIDE_1.13.0\STM32CubeIDE\plugins\com.st.stm32cube.common.mx_6.9.0.202307051724\\db\/plugins/boardmanager/
2025-05-07 13:17:19,751 [INFO] ApiDb:261 - Set plugin images path to: D:\ITC\STM32\STM32CubeIDE_1.13.0\STM32CubeIDE\plugins\com.st.stm32cube.common.mx_6.9.0.202307051724\\db\/plugins/mcufinder/images/
2025-05-07 13:17:19,752 [WARN] DbFile:41 - Overriding database path with different value: C:\Users\msi1\.stmcufinder\plugins\mcufinder/ => C:\Users\msi1\.stmcufinder\plugins\mcufinder
2025-05-07 13:17:19,752 [INFO] ApiDb:250 - Set database path to: C:\Users\msi1\.stmcufinder\plugins\mcufinder//mcu/
2025-05-07 13:17:19,752 [WARN] DbFile:41 - Overriding database path with different value: C:\Users\msi1\.stmcufinder\plugins\mcufinder/ => C:\Users\msi1\.stmcufinder\plugins\mcufinder
2025-05-07 13:17:19,752 [INFO] DbMcusAds:125 - Set database path to: C:\Users\msi1\.stmcufinder\plugins\mcufinder//mcu/
2025-05-07 13:17:19,752 [WARN] DbFile:41 - Overriding database path with different value: C:\Users\msi1\.stmcufinder\plugins\mcufinder/ => C:\Users\msi1\.stmcufinder\plugins\mcufinder
2025-05-07 13:17:19,752 [WARN] DbFile:41 - Overriding database path with different value: C:\Users\msi1\.stmcufinder\plugins\mcufinder/ => C:\Users\msi1\.stmcufinder\plugins\mcufinder
2025-05-07 13:17:19,752 [INFO] CrossReferenceDbSqlite:203 - Set database path to: C:\Users\msi1\.stmcufinder\plugins\mcufinder//mcu/cs/
2025-05-07 13:17:19,769 [INFO] ApplicationProperties:184 - Using Application install path: D:\ITC\STM32\STM32CubeIDE_1.13.0\STM32CubeIDE\plugins\com.st.stm32cube.common.mx_6.9.0.202307051724
2025-05-07 13:17:19,770 [INFO] PluginManage:196 - Search for loadable plugins [exclusion list=, ]
2025-05-07 13:17:19,772 [INFO] PluginManage:310 - Check plugin analytics
2025-05-07 13:17:19,920 [INFO] AnalyticsPlugin:253 - Accepted Software Licenses: 
2025-05-07 13:17:19,920 [INFO] AnalyticsPlugin:255 - Accepted CMSIS Pack Licenses: 
2025-05-07 13:17:19,920 [INFO] AnalyticsPlugin:257 - Accepted Firmware Licenses: FW.F4.1.27.0
2025-05-07 13:17:19,925 [INFO] PluginManage:359 - Loaded plugin analytics (category:tool,tabindex:-1)
2025-05-07 13:17:19,925 [INFO] PluginManage:310 - Check plugin cadmodel
2025-05-07 13:17:19,942 [INFO] CADModel:105 - Init CAD model plugin
2025-05-07 13:17:19,942 [INFO] PluginManage:359 - Loaded plugin cadmodel (category:power,tabindex:5)
2025-05-07 13:17:19,942 [INFO] PluginManage:310 - Check plugin clock
2025-05-07 13:17:19,962 [INFO] PluginManage:359 - Loaded plugin clock (category:base,tabindex:2)
2025-05-07 13:17:19,962 [INFO] PluginManage:310 - Check plugin ddr
2025-05-07 13:17:19,965 [INFO] PluginManage:359 - Loaded plugin ddr (category:tool,tabindex:6)
2025-05-07 13:17:19,965 [INFO] PluginManage:310 - Check plugin filemanager
2025-05-07 13:17:20,110 [INFO] PluginManage:359 - Loaded plugin filemanager (category:base,tabindex:10)
2025-05-07 13:17:20,110 [INFO] PluginManage:310 - Check plugin ipmanager
2025-05-07 13:17:20,118 [INFO] PluginManage:359 - Loaded plugin ipmanager (category:base,tabindex:5)
2025-05-07 13:17:20,118 [INFO] PluginManage:310 - Check plugin lpbam
2025-05-07 13:17:20,136 [INFO] PluginManage:359 - Loaded plugin lpbam (category:base,tabindex:0)
2025-05-07 13:17:20,137 [INFO] PluginManage:310 - Check plugin memorymap
2025-05-07 13:17:20,170 [INFO] PluginManage:359 - Loaded plugin memorymap (category:base,tabindex:4)
2025-05-07 13:17:20,170 [INFO] PluginManage:310 - Check plugin pinoutandconfiguration
2025-05-07 13:17:20,188 [INFO] PluginManage:359 - Loaded plugin pinoutandconfiguration (category:base,tabindex:1)
2025-05-07 13:17:20,188 [INFO] PluginManage:310 - Check plugin pinoutconfig
2025-05-07 13:17:20,275 [WARN] SupportedApi:132 - Cannot load RTOS API schema: s4s-elt-must-match.1: The content of 'definitions' must match (annotation?, (simpleType | complexType)?, (unique | key | keyref)*)). A problem was found starting at: attribute.
2025-05-07 13:17:20,417 [INFO] PluginManage:359 - Loaded plugin pinoutconfig (category:base,tabindex:0)
2025-05-07 13:17:20,418 [INFO] PluginManage:310 - Check plugin power
2025-05-07 13:17:20,443 [INFO] PluginManage:359 - Loaded plugin power (category:power,tabindex:4)
2025-05-07 13:17:20,443 [INFO] PluginManage:310 - Check plugin projectmanager
2025-05-07 13:17:20,463 [INFO] PluginManage:359 - Loaded plugin projectmanager (category:projectmanager,tabindex:3)
2025-05-07 13:17:20,463 [INFO] PluginManage:310 - Check plugin thirdparty
2025-05-07 13:17:20,795 [INFO] PluginManage:359 - Loaded plugin thirdparty (category:base,tabindex:-1)
2025-05-07 13:17:20,795 [WARN] IntegrityCheckThread:84 - waiting for thirdparty lock release [integrity check]
2025-05-07 13:17:20,795 [INFO] PluginManage:310 - Check plugin tools
2025-05-07 13:17:20,795 [INFO] IntegrityCheckThread:86 - entering critical section [integrity check]
2025-05-07 13:17:20,796 [INFO] ThirdPartyUpdaterWithRetryManager:70 - Updater plugin not ready yet. [1/15]
2025-05-07 13:17:20,838 [INFO] PluginManage:359 - Loaded plugin tools (category:base,tabindex:7)
2025-05-07 13:17:20,838 [INFO] PluginManage:310 - Check plugin tutovideos
2025-05-07 13:17:21,077 [INFO] PluginManage:359 - Loaded plugin tutovideos (category:base,tabindex:-1)
2025-05-07 13:17:21,077 [INFO] PluginManage:310 - Check plugin updater
2025-05-07 13:17:21,089 [INFO] PluginManage:359 - Loaded plugin updater (category:base,tabindex:12)
2025-05-07 13:17:21,090 [INFO] PluginManage:310 - Check plugin userauth
2025-05-07 13:17:21,095 [INFO] UserAuth:113 - Init User Auth plugin
2025-05-07 13:17:21,096 [INFO] PluginManage:359 - Loaded plugin userauth (category:base,tabindex:14)
2025-05-07 13:17:21,096 [INFO] PluginManage:283 - PluginManage : Loaded plugins [17]
2025-05-07 13:17:21,364 [INFO] PinOutPanel:1499 - setPackage(No Configuration,No Configuration)
2025-05-07 13:17:21,468 [INFO] CADModel:165 - CPN selected for project level
2025-05-07 13:17:21,468 [INFO] CADModel:114 - Register for checkConnection events
2025-05-07 13:17:21,495 [INFO] IPUIPlugin:80 - create IPUIPlugin
2025-05-07 13:17:21,496 [INFO] PluginManager:220 - loadIPPluginJar : add adc
2025-05-07 13:17:21,539 [INFO] IPUIPlugin:80 - create IPUIPlugin
2025-05-07 13:17:21,540 [INFO] PluginManager:220 - loadIPPluginJar : add aes
2025-05-07 13:17:21,602 [INFO] IPUIPlugin:80 - create IPUIPlugin
2025-05-07 13:17:21,602 [INFO] PluginManager:220 - loadIPPluginJar : add can
2025-05-07 13:17:21,657 [INFO] IPUIPlugin:80 - create IPUIPlugin
2025-05-07 13:17:21,657 [INFO] PluginManager:220 - loadIPPluginJar : add comp
2025-05-07 13:17:21,731 [INFO] IPUIPlugin:80 - create IPUIPlugin
2025-05-07 13:17:21,731 [INFO] PluginManager:220 - loadIPPluginJar : add cryp
2025-05-07 13:17:21,783 [INFO] IPUIPlugin:80 - create IPUIPlugin
2025-05-07 13:17:21,783 [INFO] PluginManager:220 - loadIPPluginJar : add dfsdm
2025-05-07 13:17:21,809 [INFO] IPUIPlugin:80 - create IPUIPlugin
2025-05-07 13:17:21,810 [INFO] PluginManager:220 - loadIPPluginJar : add dma
2025-05-07 13:17:21,952 [INFO] IPUIPlugin:80 - create IPUIPlugin
2025-05-07 13:17:21,953 [INFO] PluginManager:220 - loadIPPluginJar : add dma3
2025-05-07 13:17:21,981 [INFO] IPUIPlugin:80 - create IPUIPlugin
2025-05-07 13:17:21,981 [INFO] PluginManager:220 - loadIPPluginJar : add fatfs
2025-05-07 13:17:22,049 [INFO] IPUIPlugin:80 - create IPUIPlugin
2025-05-07 13:17:22,049 [INFO] PluginManager:220 - loadIPPluginJar : add fmc
2025-05-07 13:17:22,069 [INFO] IPUIPlugin:80 - create IPUIPlugin
2025-05-07 13:17:22,070 [INFO] PluginManager:220 - loadIPPluginJar : add freertos
2025-05-07 13:17:22,105 [INFO] IPUIPlugin:80 - create IPUIPlugin
2025-05-07 13:17:22,105 [INFO] PluginManager:220 - loadIPPluginJar : add genericplugin
2025-05-07 13:17:22,349 [INFO] IPUIPlugin:80 - create IPUIPlugin
2025-05-07 13:17:22,350 [INFO] PluginManager:220 - loadIPPluginJar : add gfxmmu
2025-05-07 13:17:22,479 [INFO] IPUIPlugin:80 - create IPUIPlugin
2025-05-07 13:17:22,479 [INFO] PluginManager:220 - loadIPPluginJar : add gic
2025-05-07 13:17:22,492 [INFO] IPUIPlugin:80 - create IPUIPlugin
2025-05-07 13:17:22,492 [INFO] PluginManager:220 - loadIPPluginJar : add gpio
2025-05-07 13:17:22,576 [INFO] IPUIPlugin:80 - create IPUIPlugin
2025-05-07 13:17:22,576 [INFO] PluginManager:220 - loadIPPluginJar : add gtzc
2025-05-07 13:17:22,610 [INFO] IPUIPlugin:80 - create IPUIPlugin
2025-05-07 13:17:22,610 [INFO] PluginManager:220 - loadIPPluginJar : add hash
2025-05-07 13:17:22,661 [INFO] IPUIPlugin:80 - create IPUIPlugin
2025-05-07 13:17:22,661 [INFO] PluginManager:220 - loadIPPluginJar : add i2c
2025-05-07 13:17:22,698 [INFO] IPUIPlugin:80 - create IPUIPlugin
2025-05-07 13:17:22,698 [INFO] PluginManager:220 - loadIPPluginJar : add i2s
2025-05-07 13:17:22,736 [INFO] IPUIPlugin:80 - create IPUIPlugin
2025-05-07 13:17:22,736 [INFO] PluginManager:220 - loadIPPluginJar : add i3c
2025-05-07 13:17:22,835 [INFO] IPUIPlugin:80 - create IPUIPlugin
2025-05-07 13:17:22,835 [INFO] PluginManager:220 - loadIPPluginJar : add ipddr
2025-05-07 13:17:22,923 [INFO] IPUIPlugin:80 - create IPUIPlugin
2025-05-07 13:17:22,923 [INFO] PluginManager:220 - loadIPPluginJar : add linkedlist
2025-05-07 13:17:22,958 [INFO] IPUIPlugin:80 - create IPUIPlugin
2025-05-07 13:17:22,958 [INFO] PluginManager:220 - loadIPPluginJar : add lorawan
2025-05-07 13:17:22,997 [INFO] IPUIPlugin:80 - create IPUIPlugin
2025-05-07 13:17:22,997 [INFO] PluginManager:220 - loadIPPluginJar : add ltdc
2025-05-07 13:17:23,011 [INFO] IPUIPlugin:80 - create IPUIPlugin
2025-05-07 13:17:23,011 [INFO] PluginManager:220 - loadIPPluginJar : add mdma
2025-05-07 13:17:23,026 [INFO] IPUIPlugin:80 - create IPUIPlugin
2025-05-07 13:17:23,026 [INFO] PluginManager:220 - loadIPPluginJar : add nvic
2025-05-07 13:17:23,082 [INFO] IPUIPlugin:80 - create IPUIPlugin
2025-05-07 13:17:23,082 [INFO] PluginManager:220 - loadIPPluginJar : add opamp
2025-05-07 13:17:23,170 [INFO] IPUIPlugin:80 - create IPUIPlugin
2025-05-07 13:17:23,171 [INFO] PluginManager:220 - loadIPPluginJar : add openamp
2025-05-07 13:17:23,213 [INFO] IPUIPlugin:80 - create IPUIPlugin
2025-05-07 13:17:23,213 [INFO] PluginManager:220 - loadIPPluginJar : add pdm2pcm
2025-05-07 13:17:23,230 [INFO] IPUIPlugin:80 - create IPUIPlugin
2025-05-07 13:17:23,231 [INFO] PluginManager:220 - loadIPPluginJar : add plateformsettings
2025-05-07 13:17:23,256 [INFO] IPUIPlugin:80 - create IPUIPlugin
2025-05-07 13:17:23,257 [INFO] PluginManager:220 - loadIPPluginJar : add quadspi
2025-05-07 13:17:23,271 [INFO] IPUIPlugin:80 - create IPUIPlugin
2025-05-07 13:17:23,271 [INFO] PluginManager:220 - loadIPPluginJar : add resmgrutility
2025-05-07 13:17:23,318 [INFO] IPUIPlugin:80 - create IPUIPlugin
2025-05-07 13:17:23,318 [INFO] PluginManager:220 - loadIPPluginJar : add sai
2025-05-07 13:17:23,357 [INFO] IPUIPlugin:80 - create IPUIPlugin
2025-05-07 13:17:23,357 [INFO] PluginManager:220 - loadIPPluginJar : add spi
2025-05-07 13:17:23,413 [INFO] IPUIPlugin:80 - create IPUIPlugin
2025-05-07 13:17:23,413 [INFO] PluginManager:220 - loadIPPluginJar : add stm32_wpan
2025-05-07 13:17:23,438 [INFO] IPUIPlugin:80 - create IPUIPlugin
2025-05-07 13:17:23,438 [INFO] PluginManager:220 - loadIPPluginJar : add tim
2025-05-07 13:17:23,495 [INFO] IPUIPlugin:80 - create IPUIPlugin
2025-05-07 13:17:23,495 [INFO] PluginManager:220 - loadIPPluginJar : add touchsensing
2025-05-07 13:17:23,517 [INFO] IPUIPlugin:80 - create IPUIPlugin
2025-05-07 13:17:23,518 [INFO] PluginManager:220 - loadIPPluginJar : add tracer_emb
2025-05-07 13:17:23,543 [INFO] IPUIPlugin:80 - create IPUIPlugin
2025-05-07 13:17:23,543 [INFO] PluginManager:220 - loadIPPluginJar : add ts
2025-05-07 13:17:23,568 [INFO] IPUIPlugin:80 - create IPUIPlugin
2025-05-07 13:17:23,568 [INFO] PluginManager:220 - loadIPPluginJar : add tsc
2025-05-07 13:17:23,596 [INFO] IPUIPlugin:80 - create IPUIPlugin
2025-05-07 13:17:23,596 [INFO] PluginManager:220 - loadIPPluginJar : add ucpd
2025-05-07 13:17:23,654 [INFO] IPUIPlugin:80 - create IPUIPlugin
2025-05-07 13:17:23,654 [INFO] PluginManager:220 - loadIPPluginJar : add usart
2025-05-07 13:17:23,718 [INFO] IPUIPlugin:80 - create IPUIPlugin
2025-05-07 13:17:23,718 [INFO] PluginManager:220 - loadIPPluginJar : add usbx
2025-05-07 13:17:23,797 [INFO] ThirdPartyUpdaterWithRetryManager:70 - Updater plugin not ready yet. [2/15]
2025-05-07 13:17:23,861 [INFO] CADModel:165 - CPN selected for project level
2025-05-07 13:17:23,861 [INFO] CADModel:114 - Register for checkConnection events
2025-05-07 13:17:23,861 [FATAL] Updater:308 - Updater called before beeing initialized
2025-05-07 13:17:23,861 [ERROR] CADModel:125 - Updater not yet initialized, retry later 
2025-05-07 13:17:24,120 [INFO] CADModel:165 - CPN selected for project level
2025-05-07 13:17:24,120 [INFO] CADModel:114 - Register for checkConnection events
2025-05-07 13:17:24,120 [FATAL] Updater:308 - Updater called before beeing initialized
2025-05-07 13:17:24,120 [ERROR] CADModel:125 - Updater not yet initialized, retry later 
2025-05-07 13:17:24,127 [FATAL] Updater:308 - Updater called before beeing initialized
2025-05-07 13:17:24,245 [FATAL] Updater:308 - Updater called before beeing initialized
2025-05-07 13:17:24,259 [INFO] DbMcusAds:53 - JSON generation date=Tue Dec 17 23:01:15 ICT 2024 (1734451275230)
2025-05-07 13:17:24,259 [FATAL] Updater:308 - Updater called before beeing initialized
2025-05-07 13:17:24,352 [WARN] DetailPanel:346 - Failed to get advertising image, set to default
2025-05-07 13:17:24,437 [FATAL] Updater:308 - Updater called before beeing initialized
2025-05-07 13:17:24,439 [FATAL] Updater:308 - Updater called before beeing initialized
2025-05-07 13:17:24,439 [FATAL] Updater:308 - Updater called before beeing initialized
2025-05-07 13:17:24,439 [WARN] DetailPanel:346 - Failed to get advertising image, set to default
2025-05-07 13:17:24,440 [FATAL] Updater:308 - Updater called before beeing initialized
2025-05-07 13:17:24,503 [ERROR] Updater:1120 - MainUpdater not yet initialized. External WinMGr cannot be set.
2025-05-07 13:17:24,514 [INFO] Updater:1056 - Updater Version found : 6.9.0
2025-05-07 13:17:24,531 [INFO] ApplicationProperties:184 - Using Application install path: D:\ITC\STM32\STM32CubeIDE_1.13.0\STM32CubeIDE\plugins\com.st.stm32cube.common.mx_6.9.0.202307051724
2025-05-07 13:17:24,999 [INFO] MainUpdater:2868 - connection check result : 10
2025-05-07 13:17:25,001 [INFO] MainUpdater:285 - Updater Check For Update Now.
2025-05-07 13:17:25,002 [INFO] MicroXplorer:498 - Change Database Version : DB.6.0.90
2025-05-07 13:17:25,052 [INFO] McuFinderGlobals:63 - Set McuFinder mode to 2 (CubeIDE integrated)
2025-05-07 13:17:25,263 [INFO] CheckServerUpdateThread:120 - End of CheckServer Thread
2025-05-07 13:17:27,308 [WARN] PackLoader:240 - Cannot read IP mode file for STMicroelectronics.FP-SNS-MOTENVWB1.1.4.0
2025-05-07 13:17:27,324 [WARN] PackLoader:240 - Cannot read IP mode file for STMicroelectronics.FP-ATR-ASTRA1.2.0.2
2025-05-07 13:17:27,336 [WARN] PackLoader:240 - Cannot read IP mode file for STMicroelectronics.FP-ATR-ASTRA1.2.0.1
2025-05-07 13:17:27,350 [WARN] PackLoader:240 - Cannot read IP mode file for STMicroelectronics.X-CUBE-SMBUS.2.1.0
2025-05-07 13:17:27,365 [WARN] PackLoader:240 - Cannot read IP mode file for STMicroelectronics.X-CUBE-WB05N.1.1.0
2025-05-07 13:17:27,380 [WARN] PackLoader:240 - Cannot read IP mode file for STMicroelectronics.X-CUBE-TOUCHGFX.4.23.0
2025-05-07 13:17:27,392 [WARN] PackLoader:240 - Cannot read IP mode file for STMicroelectronics.X-CUBE-TOUCHGFX.4.23.2
2025-05-07 13:17:27,444 [WARN] PackLoader:240 - Cannot read IP mode file for STMicroelectronics.X-CUBE-AZRTOS-F7.1.1.0
2025-05-07 13:17:27,474 [ERROR] RealEvaluatedCondition:428 - Found unsupported composite condition: GROUP='STM32_MetaDataManager' CLASS='Data Exchange'
2025-05-07 13:17:27,474 [ERROR] RealEvaluatedCondition:428 - Found unsupported composite condition: GROUP='STM32_MetaDataManager' CLASS='Data Exchange'
2025-05-07 13:17:27,476 [WARN] PackLoader:240 - Cannot read IP mode file for STMicroelectronics.FP-SNS-MOTENV1.4.3.0
2025-05-07 13:17:27,493 [WARN] PackLoader:240 - Cannot read IP mode file for STMicroelectronics.FP-SNS-MOTENV1.4.3.2
2025-05-07 13:17:27,511 [WARN] PackLoader:240 - Cannot read IP mode file for STMicroelectronics.FP-SNS-FLIGHT1.5.0.0
2025-05-07 13:17:27,528 [WARN] PackLoader:240 - Cannot read IP mode file for STMicroelectronics.X-CUBE-BLE1.6.2.4
2025-05-07 13:17:27,545 [WARN] PackLoader:240 - Cannot read IP mode file for STMicroelectronics.FP-SNS-FLIGHT1.5.0.2
2025-05-07 13:17:27,573 [ERROR] Engine:466 - C:\Users\msi1\.stm32cubemx\thirdparties\pdsc\Infineon.AIROC-Wi-Fi-Bluetooth-STM32.1.7.0.pdsc: PDSC version is not supported
2025-05-07 13:17:27,593 [WARN] PackLoader:240 - Cannot read IP mode file for STMicroelectronics.X-CUBE-DISPLAY.3.0.0
2025-05-07 13:17:27,613 [WARN] PackLoader:240 - Cannot read IP mode file for STMicroelectronics.X-CUBE-BLE1.7.0.0
2025-05-07 13:17:27,630 [WARN] PackLoader:240 - Cannot read IP mode file for STMicroelectronics.X-CUBE-NFC10.1.0.0
2025-05-07 13:17:27,648 [ERROR] Engine:466 - C:\Users\msi1\.stm32cubemx\thirdparties\pdsc\STMicroelectronics.X-CUBE-BLEMGR.4.0.0.pdsc: PDSC version is not supported
2025-05-07 13:17:27,665 [WARN] PackLoader:240 - Cannot read IP mode file for emotas.I-CUBE-CANOPEN.1.3.0
2025-05-07 13:17:27,680 [WARN] PackLoader:240 - Cannot read IP mode file for STMicroelectronics.X-CUBE-TOUCHGFX.4.22.0
2025-05-07 13:17:27,695 [WARN] PackLoader:240 - Cannot read IP mode file for STMicroelectronics.X-CUBE-TOUCHGFX.4.22.1
2025-05-07 13:17:27,711 [WARN] PackLoader:240 - Cannot read IP mode file for STMicroelectronics.X-CUBE-BLEMGR.3.1.0
2025-05-07 13:17:27,727 [WARN] PackLoader:240 - Cannot read IP mode file for STMicroelectronics.X-CUBE-AI.10.0.0
2025-05-07 13:17:27,739 [WARN] PackLoader:240 - Cannot read IP mode file for STMicroelectronics.FP-SNS-SMARTAG2.1.2.0
2025-05-07 13:17:27,750 [ERROR] Engine:466 - C:\Users\msi1\.stm32cubemx\thirdparties\pdsc\STMicroelectronics.FP-SNS-FLIGHT1.5.1.0.pdsc: PDSC version is not supported
2025-05-07 13:17:27,821 [WARN] PackLoader:240 - Cannot read IP mode file for STMicroelectronics.X-CUBE-MEMS1.11.1.0
2025-05-07 13:17:27,941 [INFO] LogOutputStream:77 - [STDOUT_REDIRECT] 1 : Invalid condition id : UX_CORESTACK_Condition cause : null
2025-05-07 13:17:27,942 [INFO] LogOutputStream:77 - [STDOUT_REDIRECT] 1 : Invalid condition id : UX_CORESTACK_Condition cause : null
2025-05-07 13:17:27,943 [INFO] LogOutputStream:77 - [STDOUT_REDIRECT] 1 : Invalid condition id : UX_CORESTACK_Condition cause : null
2025-05-07 13:17:27,945 [INFO] LogOutputStream:77 - [STDOUT_REDIRECT] 1 : Invalid condition id : UX_CORESTACK_Condition cause : null
2025-05-07 13:17:27,946 [INFO] LogOutputStream:77 - [STDOUT_REDIRECT] 1 : Invalid condition id : UX_CORESTACK_Condition cause : null
2025-05-07 13:17:27,948 [WARN] PackLoader:240 - Cannot read IP mode file for STMicroelectronics.X-CUBE-AZRTOS-WL.2.0.0
2025-05-07 13:17:27,965 [WARN] PackLoader:240 - Cannot read IP mode file for STMicroelectronics.FP-SNS-MOTENV1.5.0.0
2025-05-07 13:17:27,983 [WARN] PackLoader:240 - Cannot read IP mode file for wolfSSL.I-CUBE-wolfMQTT.1.19.0
2025-05-07 13:17:28,004 [WARN] PackLoader:240 - Cannot read IP mode file for WES.I-CUBE-Cesium.1.3.0
2025-05-07 13:17:28,020 [WARN] PackLoader:240 - Cannot read IP mode file for STMicroelectronics.X-CUBE-BLE2.3.3.0
2025-05-07 13:17:28,038 [WARN] PackLoader:240 - Cannot read IP mode file for STMicroelectronics.X-CUBE-NFC9.1.0.0
2025-05-07 13:17:28,055 [WARN] PackLoader:240 - Cannot read IP mode file for STMicroelectronics.X-CUBE-BLE1.7.1.0
2025-05-07 13:17:28,073 [WARN] PackLoader:240 - Cannot read IP mode file for STMicroelectronics.X-CUBE-TCPP.4.1.0
2025-05-07 13:17:28,089 [WARN] PackLoader:240 - Cannot read IP mode file for STMicroelectronics.X-CUBE-TOUCHGFX.4.21.4
2025-05-07 13:17:28,105 [WARN] PackLoader:240 - Cannot read IP mode file for STMicroelectronics.X-CUBE-ALGOBUILD.1.3.0
2025-05-07 13:17:28,159 [WARN] PackLoader:240 - Cannot read IP mode file for STMicroelectronics.X-CUBE-MEMS1.11.2.0
2025-05-07 13:17:28,261 [WARN] PackLoader:240 - Cannot read IP mode file for STMicroelectronics.X-CUBE-AZRTOS-G0.1.1.0
2025-05-07 13:17:28,277 [WARN] PackLoader:240 - Cannot read IP mode file for STMicroelectronics.X-CUBE-SAFEA1.1.2.2
2025-05-07 13:17:28,293 [WARN] PackLoader:240 - Cannot read IP mode file for STMicroelectronics.X-CUBE-NFC4.3.0.0
2025-05-07 13:17:28,307 [WARN] PackLoader:240 - Cannot read IP mode file for wolfSSL.I-CUBE-wolfMQTT.1.18.0
2025-05-07 13:17:28,318 [ERROR] Engine:466 - C:\Users\msi1\.stm32cubemx\thirdparties\pdsc\EmbeddedOffice.I-CUBE-FS-RTOS.1.0.1.pdsc: PDSC version is not supported
2025-05-07 13:17:28,333 [WARN] PackLoader:240 - Cannot read IP mode file for STMicroelectronics.X-CUBE-WB05N.2.0.0
2025-05-07 13:17:28,350 [WARN] PackLoader:240 - Cannot read IP mode file for STMicroelectronics.X-CUBE-BLEMGR.3.0.0
2025-05-07 13:17:28,364 [ERROR] Engine:466 - C:\Users\msi1\.stm32cubemx\thirdparties\pdsc\STMicroelectronics.X-CUBE-TCPP.4.2.0.pdsc: PDSC version is not supported
2025-05-07 13:17:28,376 [ERROR] Engine:466 - C:\Users\msi1\.stm32cubemx\thirdparties\pdsc\RealThread.X-CUBE-RT-Thread_Nano.4.1.1.pdsc: PDSC version is not supported
2025-05-07 13:17:28,389 [WARN] PackLoader:240 - Cannot read IP mode file for STMicroelectronics.FP-ATR-SIGFOX1.3.2.0
2025-05-07 13:17:28,400 [ERROR] Engine:466 - C:\Users\msi1\.stm32cubemx\thirdparties\pdsc\quantropi.X-CUBE-qispace-sdk-base.1.9.3.pdsc: PDSC version is not supported
2025-05-07 13:17:28,421 [WARN] PackLoader:240 - Cannot read IP mode file for STMicroelectronics.X-CUBE-EEPRMA1.5.1.0
2025-05-07 13:17:28,433 [WARN] PackLoader:240 - Cannot read IP mode file for wolfSSL.I-CUBE-wolfSSL.5.7.6
2025-05-07 13:17:28,451 [WARN] PackLoader:240 - Cannot read IP mode file for ITTIA_DB.I-CUBE-ITTIADB.8.9.0
2025-05-07 13:17:28,485 [WARN] PackLoader:240 - Cannot read IP mode file for SEGGER.I-CUBE-embOS.1.3.1
2025-05-07 13:17:28,528 [WARN] PackLoader:240 - Cannot read IP mode file for STMicroelectronics.X-CUBE-ALGOBUILD.1.4.0
2025-05-07 13:17:28,542 [WARN] PackLoader:240 - Cannot read IP mode file for STMicroelectronics.X-CUBE-AI.9.1.0
2025-05-07 13:17:28,556 [WARN] PackLoader:240 - Cannot read IP mode file for STMicroelectronics.X-CUBE-GNSS1.6.0.0
2025-05-07 13:17:28,582 [WARN] PackLoader:240 - Cannot read IP mode file for STMicroelectronics.X-CUBE-AZRTOS-F4.1.1.0
2025-05-07 13:17:28,596 [ERROR] Engine:466 - C:\Users\msi1\.stm32cubemx\thirdparties\pdsc\Avnet-IotConnect.X-CUBE-IoTC-DA16k-PMOD.1.0.0.pdsc: PDSC version is not supported
2025-05-07 13:17:28,609 [WARN] PackLoader:240 - Cannot read IP mode file for wolfSSL.I-CUBE-wolfSSL.5.6.0
2025-05-07 13:17:28,622 [WARN] PackLoader:240 - Cannot read IP mode file for STMicroelectronics.X-CUBE-ISPU.2.1.0
2025-05-07 13:17:28,637 [WARN] PackLoader:240 - Cannot read IP mode file for STMicroelectronics.X-CUBE-FREERTOS.1.2.0
2025-05-07 13:17:28,665 [WARN] PackLoader:240 - Cannot read IP mode file for STMicroelectronics.X-CUBE-AZRTOS-L5.2.0.0
2025-05-07 13:17:28,705 [WARN] PackLoader:240 - Cannot read IP mode file for STMicroelectronics.X-CUBE-MEMS1.9.6.0
2025-05-07 13:17:28,818 [WARN] PackLoader:240 - Cannot read IP mode file for STMicroelectronics.X-CUBE-EEPRMA1.4.2.0
2025-05-07 13:17:28,836 [WARN] PackLoader:240 - Cannot read IP mode file for STMicroelectronics.X-CUBE-NFC6.3.1.0
2025-05-07 13:17:28,853 [WARN] PackLoader:240 - Cannot read IP mode file for ITTIA_DB.I-CUBE-ITTIADB.8.8.0
2025-05-07 13:17:28,870 [WARN] PackLoader:240 - Cannot read IP mode file for emotas.I-CUBE-CANOPEN.1.1.3
2025-05-07 13:17:28,885 [WARN] PackLoader:240 - Cannot read IP mode file for STMicroelectronics.X-CUBE-BLEMGR.2.0.0
2025-05-07 13:17:28,900 [ERROR] Engine:466 - C:\Users\msi1\.stm32cubemx\thirdparties\pdsc\STMicroelectronics.X-CUBE-DPower.1.2.0.pdsc: PDSC version is not supported
2025-05-07 13:17:28,915 [WARN] PackLoader:240 - Cannot read IP mode file for STMicroelectronics.X-CUBE-AI.9.0.0
2025-05-07 13:17:28,945 [WARN] ConditionMgr:438 - getConditionDescription Invalid condition id : UX DEVICE CLASS RTOS Condition cause : null
2025-05-07 13:17:28,945 [WARN] ConditionMgr:438 - getConditionDescription Invalid condition id : UX DEVICE CLASS RTOS Condition cause : null
2025-05-07 13:17:28,947 [WARN] PackLoader:240 - Cannot read IP mode file for STMicroelectronics.X-CUBE-AZRTOS-H7.3.1.0
2025-05-07 13:17:28,948 [WARN] ConditionMgr:1039 - genDependencies : Invalid condition id : UX DEVICE CLASS RTOS Condition cause : null
2025-05-07 13:17:28,948 [WARN] ConditionMgr:1039 - genDependencies : Invalid condition id : UX DEVICE CLASS RTOS Condition cause : null
2025-05-07 13:17:28,949 [WARN] ConditionMgr:1039 - genDependencies : Invalid condition id : UX DEVICE CLASS RTOS Condition cause : null
2025-05-07 13:17:28,949 [WARN] ConditionMgr:1039 - genDependencies : Invalid condition id : UX DEVICE CLASS RTOS Condition cause : null
2025-05-07 13:17:28,949 [WARN] ConditionMgr:1039 - genDependencies : Invalid condition id : UX DEVICE CLASS RTOS Condition cause : null
2025-05-07 13:17:28,965 [WARN] PackLoader:240 - Cannot read IP mode file for STMicroelectronics.X-CUBE-FREERTOS.1.3.0
2025-05-07 13:17:28,981 [WARN] PackLoader:240 - Cannot read IP mode file for STMicroelectronics.X-CUBE-NFC7.1.0.1
2025-05-07 13:17:28,997 [WARN] PackLoader:240 - Cannot read IP mode file for STMicroelectronics.X-CUBE-NFC7.1.0.0
2025-05-07 13:17:29,014 [WARN] PackLoader:240 - Cannot read IP mode file for wolfSSL.I-CUBE-wolfTPM.3.2.0
2025-05-07 13:17:29,029 [WARN] PackLoader:240 - Cannot read IP mode file for STMicroelectronics.X-CUBE-NFC6.3.0.0
2025-05-07 13:17:29,048 [WARN] PackLoader:240 - Cannot read IP mode file for STMicroelectronics.X-CUBE-EEPRMA1.4.1.0
2025-05-07 13:17:29,064 [ERROR] Engine:466 - C:\Users\msi1\.stm32cubemx\thirdparties\pdsc\STMicroelectronics.X-CUBE-DPower.1.3.0.pdsc: PDSC version is not supported
2025-05-07 13:17:29,080 [WARN] PackLoader:240 - Cannot read IP mode file for STMicroelectronics.X-CUBE-AI.8.1.0
2025-05-07 13:17:29,111 [WARN] ConditionMgr:438 - getConditionDescription Invalid condition id : LAN8742 Phy interface Condition cause : null
2025-05-07 13:17:29,112 [WARN] PackLoader:240 - Cannot read IP mode file for STMicroelectronics.X-CUBE-AZRTOS-L4.2.0.0
2025-05-07 13:17:29,118 [WARN] ConditionMgr:1039 - genDependencies : Invalid condition id : LAN8742 Phy interface Condition cause : null
2025-05-07 13:17:29,118 [WARN] ConditionMgr:1039 - genDependencies : Invalid condition id : LAN8742 Phy interface Condition cause : null
2025-05-07 13:17:29,119 [WARN] ConditionMgr:1039 - genDependencies : Invalid condition id : LAN8742 Phy interface Condition cause : null
2025-05-07 13:17:29,143 [WARN] PackLoader:240 - Cannot read IP mode file for STMicroelectronics.X-CUBE-SFXS2LP1.4.0.0
2025-05-07 13:17:29,166 [WARN] PackLoader:240 - Cannot read IP mode file for STMicroelectronics.X-CUBE-ISPU.1.1.0
2025-05-07 13:17:29,213 [WARN] PackLoader:240 - Cannot read IP mode file for STMicroelectronics.X-CUBE-AZRTOS-H7.3.3.0
2025-05-07 13:17:29,246 [ERROR] Engine:466 - C:\Users\msi1\.stm32cubemx\thirdparties\pdsc\STMicroelectronics.X-CUBE-IPS.3.0.0.pdsc: PDSC version is not supported
2025-05-07 13:17:29,275 [WARN] ConditionMgr:438 - getConditionDescription Invalid condition id : UX DEVICE CLASS RTOS Condition cause : null
2025-05-07 13:17:29,275 [WARN] ConditionMgr:438 - getConditionDescription Invalid condition id : UX DEVICE CLASS RTOS Condition cause : null
2025-05-07 13:17:29,277 [WARN] PackLoader:240 - Cannot read IP mode file for STMicroelectronics.X-CUBE-AZRTOS-WB.2.0.0
2025-05-07 13:17:29,277 [WARN] ConditionMgr:1039 - genDependencies : Invalid condition id : UX DEVICE CLASS RTOS Condition cause : null
2025-05-07 13:17:29,277 [WARN] ConditionMgr:1039 - genDependencies : Invalid condition id : UX DEVICE CLASS RTOS Condition cause : null
2025-05-07 13:17:29,278 [WARN] ConditionMgr:1039 - genDependencies : Invalid condition id : UX DEVICE CLASS RTOS Condition cause : null
2025-05-07 13:17:29,278 [WARN] ConditionMgr:1039 - genDependencies : Invalid condition id : UX DEVICE CLASS RTOS Condition cause : null
2025-05-07 13:17:29,278 [WARN] ConditionMgr:1039 - genDependencies : Invalid condition id : UX DEVICE CLASS RTOS Condition cause : null
2025-05-07 13:17:29,295 [WARN] PackLoader:240 - Cannot read IP mode file for STMicroelectronics.X-CUBE-FREERTOS.1.0.1
2025-05-07 13:17:29,311 [WARN] PackLoader:240 - Cannot read IP mode file for STMicroelectronics.X-CUBE-GNSS1.7.0.1
2025-05-07 13:17:29,325 [WARN] PackLoader:240 - Cannot read IP mode file for STMicroelectronics.X-CUBE-TOUCHGFX.4.25.0
2025-05-07 13:17:29,339 [ERROR] Engine:466 - C:\Users\msi1\.stm32cubemx\thirdparties\pdsc\STMicroelectronics.FP-SNS-STBOX1.2.0.0.pdsc: PDSC version is not supported
2025-05-07 13:17:29,366 [WARN] PackLoader:240 - Cannot read IP mode file for STMicroelectronics.X-CUBE-AZRTOS-L5.1.1.0
2025-05-07 13:17:29,381 [WARN] PackLoader:240 - Cannot read IP mode file for STMicroelectronics.X-CUBE-AI.8.0.1
2025-05-07 13:17:29,399 [WARN] PackLoader:240 - Cannot read IP mode file for STMicroelectronics.X-CUBE-SUBG2.5.0.0
2025-05-07 13:17:29,431 [WARN] PackLoader:240 - Cannot read IP mode file for STMicroelectronics.X-CUBE-AZRTOS-H7RS.1.1.0
2025-05-07 13:17:29,446 [WARN] PackLoader:240 - Cannot read IP mode file for Cesanta.I-CUBE-Mongoose.7.13.0
2025-05-07 13:17:29,465 [WARN] PackLoader:240 - Cannot read IP mode file for STMicroelectronics.X-CUBE-TOF1.3.3.1
2025-05-07 13:17:29,495 [WARN] PackLoader:240 - Cannot read IP mode file for STMicroelectronics.X-CUBE-AZRTOS-G4.2.0.0
2025-05-07 13:17:29,513 [WARN] PackLoader:240 - Cannot read IP mode file for STMicroelectronics.X-CUBE-TOF1.3.3.0
2025-05-07 13:17:29,540 [WARN] PackLoader:240 - Cannot read IP mode file for Infineon.AIROC-Wi-Fi-Bluetooth-STM32.1.5.1
2025-05-07 13:17:29,555 [WARN] PackLoader:240 - Cannot read IP mode file for STMicroelectronics.FP-SNS-MOTENVWB1.1.3.0
2025-05-07 13:17:29,570 [WARN] PackLoader:240 - Cannot read IP mode file for STMicroelectronics.X-CUBE-NFC7.2.0.0
2025-05-07 13:17:29,585 [WARN] PackLoader:240 - Cannot read IP mode file for STMicroelectronics.FP-SNS-MOTENVWB1.1.3.1
2025-05-07 13:17:29,611 [WARN] PackLoader:240 - Cannot read IP mode file for STMicroelectronics.X-CUBE-AZRTOS-L4.1.0.0
2025-05-07 13:17:29,627 [WARN] PackLoader:240 - Cannot read IP mode file for STMicroelectronics.X-CUBE-ISPU.2.0.0
2025-05-07 13:17:29,642 [ERROR] Engine:466 - C:\Users\msi1\.stm32cubemx\thirdparties\pdsc\STMicroelectronics.X-CUBE-IPS.3.1.0.pdsc: PDSC version is not supported
2025-05-07 13:17:29,655 [WARN] PackLoader:240 - Cannot read IP mode file for STMicroelectronics.X-CUBE-ALS.1.0.2
2025-05-07 13:17:29,703 [WARN] PackLoader:240 - Cannot read IP mode file for STMicroelectronics.X-CUBE-MEMS1.10.0.0
2025-05-07 13:17:29,774 [WARN] PackLoader:240 - Cannot read IP mode file for STMicroelectronics.X-CUBE-FREERTOS.1.1.0
2025-05-07 13:17:29,788 [WARN] PackLoader:240 - Cannot read IP mode file for STMicroelectronics.X-CUBE-TOUCHGFX.4.24.0
2025-05-07 13:17:29,800 [WARN] PackLoader:240 - Cannot read IP mode file for STMicroelectronics.X-CUBE-TOUCHGFX.4.24.2
2025-05-07 13:17:29,823 [WARN] PackLoader:240 - Cannot read IP mode file for STMicroelectronics.X-CUBE-AZRTOS-WL.1.0.0
2025-05-07 13:17:29,839 [WARN] PackLoader:240 - Cannot read IP mode file for STMicroelectronics.X-CUBE-TOUCHGFX.4.24.1
2025-05-07 13:17:29,855 [WARN] PackLoader:240 - Cannot read IP mode file for wolfSSL.I-CUBE-wolfTPM.3.4.0
2025-05-07 13:17:29,873 [WARN] PackLoader:240 - Cannot read IP mode file for portGmbH.I-Cube-SoM-uGOAL.1.1.0
2025-05-07 13:17:29,887 [WARN] PackLoader:240 - Cannot read IP mode file for STMicroelectronics.X-CUBE-ALS.1.0.1
2025-05-07 13:17:29,926 [WARN] PackLoader:240 - Cannot read IP mode file for STMicroelectronics.X-CUBE-AZRTOS-WB.1.1.0
2025-05-07 13:17:29,965 [WARN] PackLoader:240 - Cannot read IP mode file for STMicroelectronics.X-CUBE-AZRTOS-H7RS.1.0.0
2025-05-07 13:17:29,987 [WARN] PackLoader:240 - Cannot read IP mode file for STMicroelectronics.FP-ATR-ASTRA1.2.0.0
2025-05-07 13:17:30,004 [ERROR] Engine:466 - C:\Users\msi1\.stm32cubemx\thirdparties\pdsc\STMicroelectronics.X-CUBE-TOF1.3.4.2.pdsc: PDSC version is not supported
2025-05-07 13:17:30,018 [ERROR] Engine:466 - C:\Users\msi1\.stm32cubemx\thirdparties\pdsc\STMicroelectronics.X-CUBE-TOF1.3.4.3.pdsc: PDSC version is not supported
2025-05-07 13:17:30,037 [WARN] PackLoader:240 - Cannot read IP mode file for STMicroelectronics.X-CUBE-TOF1.3.4.0
2025-05-07 13:17:30,070 [WARN] PackLoader:240 - Cannot read IP mode file for STMicroelectronics.X-CUBE-TOF1.3.4.1
2025-05-07 13:17:30,120 [WARN] PackLoader:240 - Cannot read IP mode file for STMicroelectronics.X-CUBE-AZRTOS-H7.3.2.0
2025-05-07 13:17:30,140 [WARN] PackLoader:240 - Cannot read IP mode file for wolfSSL.I-CUBE-wolfSSH.1.4.17
2025-05-07 13:17:30,141 [INFO] ThirdParty:978 - Integrity check success = true
2025-05-07 13:17:30,141 [INFO] IntegrityCheckThread:100 - exiting critical section [integrity check]
2025-05-07 13:17:30,141 [INFO] IntegrityCheckThread:103 - End integrity checks thread
2025-05-07 13:17:46,528 [ERROR] LogOutputStream:75 - [STDERR_REDIRECT] SLF4J: Failed to load class "org.slf4j.impl.StaticLoggerBinder".
2025-05-07 13:17:46,528 [ERROR] LogOutputStream:75 - [STDERR_REDIRECT] SLF4J: Defaulting to no-operation (NOP) logger implementation
2025-05-07 13:17:46,530 [ERROR] LogOutputStream:75 - [STDERR_REDIRECT] SLF4J: See http://www.slf4j.org/codes.html#StaticLoggerBinder for further details.
2025-05-07 13:52:47,717 [INFO] McuFinderGlobals:63 - Set McuFinder mode to 2 (CubeIDE integrated)
2025-05-07 13:52:47,749 [INFO] MainUpdater:2868 - connection check result : 10
2025-05-07 13:52:47,756 [INFO] MainUpdater:2868 - connection check result : 10
2025-05-07 13:52:47,996 [INFO] MicroXplorer:468 - Change Database Path : 
2025-05-07 13:52:47,996 [INFO] MicroXplorer:498 - Change Database Version : DB.6.0.90
2025-05-07 13:52:47,999 [WARN] ThirdParty:871 - waiting for thirdparty lock release [close project]
2025-05-07 13:52:48,000 [INFO] ThirdParty:873 - entering critical section [close project]
2025-05-07 13:52:48,001 [INFO] ThirdParty:883 - exiting critical section [close project]
2025-05-07 13:52:48,002 [INFO] PinOutPanel:1499 - setPackage(No Configuration,No Configuration)
2025-05-07 13:52:48,011 [INFO] UtilMem:75 - Begin LoadConfig() Used Memory: 814313632 Bytes (1073741824)
2025-05-07 13:52:48,013 [INFO] MicroXplorer:468 - Change Database Path : 
2025-05-07 13:52:48,013 [INFO] MicroXplorer:498 - Change Database Version : DB.6.0.90
2025-05-07 13:52:48,013 [INFO] OpenFileManager:308 - Change cursor
2025-05-07 13:52:48,075 [INFO] Mcu:1946 - Initializing MCU STM32F103C(8-B)Tx STM32F103CBTx STM32F103CBT6
2025-05-07 13:52:49,506 [INFO] Context:659 - Trying to add GPIOservice into a context  which must be forbidden
2025-05-07 13:52:50,078 [INFO] RtosManager:555 - Registered RTOS mode: class=CMSIS, group=RTOS, mode=CMSIS_V1, owner=FREERTOS
2025-05-07 13:52:50,078 [INFO] RtosManager:555 - Registered RTOS mode: class=CMSIS, group=RTOS2, mode=CMSIS_V2, owner=FREERTOS
2025-05-07 13:52:50,078 [INFO] RtosManager:555 - Registered RTOS mode: class=RTOS, group=Core, mode=CMSIS_V1, owner=FREERTOS
2025-05-07 13:52:50,078 [INFO] RtosManager:555 - Registered RTOS mode: class=RTOS, group=Core, mode=CMSIS_V2, owner=FREERTOS
2025-05-07 13:52:50,079 [WARN] ModelIntegratedComponent:184 - Missing modes for component STMicroelectronics:FreeRTOS:0.0.1:STMicroelectronics:RTOS:FreeRTOS:Core:::10.2.0:
2025-05-07 13:52:50,084 [WARN] ModelIntegratedComponent:63 - No mode defined for component null
2025-05-07 13:52:50,084 [WARN] ModelIntegratedComponent:63 - No mode defined for component null
2025-05-07 13:52:50,084 [WARN] ModelIntegratedComponent:63 - No mode defined for component null
2025-05-07 13:52:50,084 [WARN] ModelIntegratedComponent:63 - No mode defined for component null
2025-05-07 13:52:50,084 [WARN] ModelIntegratedComponent:63 - No mode defined for component null
2025-05-07 13:52:50,085 [WARN] ModelIntegratedComponent:63 - No mode defined for component null
2025-05-07 13:52:50,085 [WARN] ModelIntegratedComponent:63 - No mode defined for component null
2025-05-07 13:52:50,085 [WARN] ModelIntegratedComponent:63 - No mode defined for component null
2025-05-07 13:52:50,085 [WARN] ModelIntegratedComponent:63 - No mode defined for component null
2025-05-07 13:52:50,085 [WARN] ModelIntegratedComponent:63 - No mode defined for component null
2025-05-07 13:52:50,085 [WARN] ModelIntegratedComponent:63 - No mode defined for component null
2025-05-07 13:52:50,085 [WARN] ModelIntegratedComponent:63 - No mode defined for component null
2025-05-07 13:52:50,085 [WARN] ModelIntegratedComponent:63 - No mode defined for component null
2025-05-07 13:52:50,085 [WARN] ModelIntegratedComponent:63 - No mode defined for component null
2025-05-07 13:52:50,085 [WARN] ModelIntegratedComponent:63 - No mode defined for component null
2025-05-07 13:52:50,085 [WARN] ModelIntegratedComponent:63 - No mode defined for component null
2025-05-07 13:52:50,086 [WARN] ModelIntegratedComponent:63 - No mode defined for component null
2025-05-07 13:52:50,086 [WARN] ModelIntegratedComponent:63 - No mode defined for component null
2025-05-07 13:52:50,086 [WARN] ModelIntegratedComponent:63 - No mode defined for component null
2025-05-07 13:52:50,086 [WARN] ModelIntegratedComponent:63 - No mode defined for component null
2025-05-07 13:52:50,086 [WARN] ModelIntegratedComponent:63 - No mode defined for component null
2025-05-07 13:52:50,086 [WARN] ModelIntegratedComponent:63 - No mode defined for component null
2025-05-07 13:52:50,086 [WARN] ModelIntegratedComponent:63 - No mode defined for component null
2025-05-07 13:52:50,086 [WARN] ModelIntegratedComponent:63 - No mode defined for component null
2025-05-07 13:52:50,086 [WARN] ModelIntegratedComponent:63 - No mode defined for component null
2025-05-07 13:52:50,086 [WARN] ModelIntegratedComponent:63 - No mode defined for component null
2025-05-07 13:52:50,086 [WARN] ModelIntegratedComponent:63 - No mode defined for component null
2025-05-07 13:52:50,086 [WARN] ModelIntegratedComponent:63 - No mode defined for component null
2025-05-07 13:52:50,087 [WARN] ModelIntegratedComponent:63 - No mode defined for component null
2025-05-07 13:52:50,087 [WARN] ModelIntegratedComponent:63 - No mode defined for component null
2025-05-07 13:52:50,087 [WARN] ModelIntegratedComponent:63 - No mode defined for component null
2025-05-07 13:52:50,087 [WARN] ModelIntegratedComponent:63 - No mode defined for component null
2025-05-07 13:52:50,087 [WARN] ModelIntegratedComponent:63 - No mode defined for component null
2025-05-07 13:52:50,384 [INFO] ThirdPartyModel:298 - Start build external matchings
2025-05-07 13:52:52,794 [INFO] ThirdPartyModel:316 - End build external matchings
2025-05-07 13:52:52,830 [INFO] ImportTextPane:194 - (OptionalMessage_ERROR) IP (RCC) : Parameter (ADCFreqValue) has invalid value (36000000)
2025-05-07 13:52:52,831 [INFO] ImportTextPane:194 - (OptionalMessage_ERROR) IP (RCC) : Invalid parameter (FamilyName)
2025-05-07 13:52:52,831 [INFO] ImportTextPane:194 - (OptionalMessage_ERROR) IP (RCC) : Parameter (MCOFreq_Value) has invalid value (72000000)
2025-05-07 13:52:52,831 [INFO] ImportTextPane:194 - (OptionalMessage_ERROR) IP (RCC) : Parameter (USBFreq_Value) has invalid value (72000000)
2025-05-07 13:52:53,025 [INFO] UtilMem:75 - End LoadConfig() Used Memory: 917915952 Bytes (1073741824)
2025-05-07 13:52:53,179 [INFO] ApiDb:581 - Connected to CubeFinder SQLite database (C:\Users\msi1\.stmcufinder\plugins\mcufinder\mcu\cube-finder-db.db)
2025-05-07 13:52:53,333 [INFO] ApiDb:668 - CubeFinder database Data Model version=2.1
2025-05-07 13:52:53,333 [INFO] ApiDb:669 - CubeFinder database Configuration version=3.0.39
2025-05-07 13:52:53,334 [INFO] ApiDb:670 - CubeFinder database generation date=2025-04-23 (1745419778)
2025-05-07 13:52:53,335 [INFO] ApiDb:671 - CubeFinder database FW Pack versions=[FP-ATR-ASTRA1_V2.0.0, FP-SNS-FLIGHT1_V5.1.0, FP-SNS-MOTENV1_V5.0.0, FP-SNS-MOTENVWB1_V1.4.0, FP-SNS-SMARTAG2_V1.2.0, FP-SNS-STBOX1_V2.0.0, STM32Cube_FW_C0_V1.4.0, STM32Cube_FW_F4_V1.28.1, STM32Cube_FW_F7_V1.17.2, STM32Cube_FW_G0_V1.6.2, STM32Cube_FW_G4_V1.6.1, STM32Cube_FW_H5_V1.5.0, STM32Cube_FW_H7RS_V1.2.0, STM32Cube_FW_H7_V1.12.1, STM32Cube_FW_L0_V1.12.2, STM32Cube_FW_L4_V1.18.1, STM32Cube_FW_L5_V1.5.1, STM32Cube_FW_N6_V1.1.1, STM32Cube_FW_U0_V1.2.0, STM32Cube_FW_U3_V1.1.0, STM32Cube_FW_U5_V1.7.0, STM32Cube_FW_WB0_V1.2.0, STM32Cube_FW_WBA_V1.6.0, STM32Cube_FW_WB_V1.22.0, STM32Cube_FW_WL3_V1.1.0, STM32Cube_FW_WL_V1.3.1, X-CUBE-ALGOBUILD_V1.4.0, X-CUBE-ALS_V1.0.2, X-CUBE-AZRTOS-F4_V1.1.0, X-CUBE-AZRTOS-F7_V1.1.0, X-CUBE-AZRTOS-G0_V1.1.0, X-CUBE-AZRTOS-G4_V2.0.0, X-CUBE-AZRTOS-H7RS_V1.1.0, X-CUBE-AZRTOS-H7_V3.3.0, X-CUBE-AZRTOS-L4_V2.0.0, X-CUBE-AZRTOS-L5_V2.0.0, X-CUBE-AZRTOS-WB_V2.0.0, X-CUBE-AZRTOS-WL_V2.0.0, X-CUBE-BLE1_V7.1.0, X-CUBE-BLE2_V3.3.0, X-CUBE-BLEMGR_V4.0.0, X-CUBE-EEPRMA1_V5.1.0, X-CUBE-FREERTOS_V1.3.0, X-CUBE-GNSS1_V6.0.0, X-CUBE-MEMS1_V11.2.0, X-CUBE-NFC4_V3.0.0, X-CUBE-NFC7_V1.0.1, X-CUBE-SFXS2LP1_V4.0.0, X-CUBE-SUBG2_V5.0.0, X-CUBE-TOF1_V3.4.3]
2025-05-07 13:52:56,664 [INFO] ApiDb:240 - Found 323 in-development CPN: [B-G473E-ZEST1S, B-WB1M-WPAN1, B-WL5M-SUBG1, NUCLEO-C031C6, NUCLEO-H503RB, NUCLEO-H563ZI, NUCLEO-U545RE-Q, NUCLEO-U5A5ZJ-Q, NUCLEO-WBA52CG, STEVAL-PROTEUS1, STEVAL-SMARTAG2, STEVAL-STWINBX1, STM320518-EVAL, STM32C0116-DK, STM32C011D6Y3TR, STM32C011D6Y6TR, STM32C011F4P3, STM32C011F4P6, STM32C011F4U3, STM32C011F4U6TR, STM32C011F6P3, STM32C011F6P6, STM32C011F6U3, STM32C011F6U6TR, STM32C011J4M3, STM32C011J4M6, STM32C011J6M3, STM32C011J6M6, STM32C0316-DK, STM32C031C4T3, STM32C031C4T6, STM32C031C4U3, STM32C031C4U6, STM32C031C6T3, STM32C031C6T6, STM32C031C6U3, STM32C031C6U6, STM32C031F4P3, STM32C031F4P6, STM32C031F6P3, STM32C031F6P6, STM32C031G4U3, STM32C031G4U6, STM32C031G6U3, STM32C031G6U6, STM32C031K4T3, STM32C031K4T6, STM32C031K4U3, STM32C031K4U6, STM32C031K6T3, STM32C031K6T6, STM32C031K6U3, STM32C031K6U6, STM32G071K8TXN, STM32G071K8UXN, STM32G081GBU6N, STM32G081KBT6N, STM32G081KBUXN, STM32G0B1CCT6N, STM32G0B1KCT6, STM32G0B1NEY6TR, STM32G0B1RCT6N, STM32G0C1CCT6, STM32G0C1CCT6N, STM32G0C1CCU6N, STM32G0C1CET6N, STM32G0C1CEU6N, STM32G0C1KCT6, STM32G0C1NEY6TR, STM32G0C1RCI6N, STM32G0C1RCT6N, STM32G0C1REI6N, STM32G0C1RET6N, STM32G0C1VCI6, STM32G0C1VEI6, STM32G471CCT6, STM32G471CCU6, STM32G471CET3, STM32G471CET6, STM32G471CEU3, STM32G471CEU6, STM32G471MCT6, STM32G471MET3, STM32G471MET6, STM32G471MEY6TR, STM32G471QCT6, STM32G471QET3, STM32G471RCT6, STM32G471RET3, STM32G471RET6, STM32G471VCH6, STM32G471VCI6, STM32G471VCT6, STM32G471VEH3, STM32G471VEH6, STM32G471VEI3, STM32G471VEI6, STM32G471VET3, STM32G471VET6, STM32G474CCT6, STM32H503CBT6, STM32H503CBU6, STM32H503EBY6TR, STM32H503KBU6, STM32H503RBT6, STM32H562AGI6, STM32H562AII6, STM32H562IGK6, STM32H562IGT6, STM32H562IIK6, STM32H562IIT6, STM32H562RGT6, STM32H562RGV6, STM32H562RIT6, STM32H562RIV6, STM32H562VGT6, STM32H562VIT6, STM32H562ZGT6, STM32H562ZIT6, STM32H563AGI6, STM32H563AII3Q, STM32H563AII6, STM32H563IGK6, STM32H563IGT6, STM32H563IIK3Q, STM32H563IIK6, STM32H563IIT3Q, STM32H563IIT6, STM32H563MIY3QTR, STM32H563RGT6, STM32H563RGV6, STM32H563RIT6, STM32H563RIV6, STM32H563VGT6, STM32H563VIT3Q, STM32H563VIT6, STM32H563ZGT6, STM32H563ZIT3Q, STM32H563ZIT6, STM32H573AII3Q, STM32H573AII6, STM32H573I-DK, STM32H573IIK3Q, STM32H573IIK6, STM32H573IIT3Q, STM32H573IIT6, STM32H573MIY3QTR, STM32H573RIT6, STM32H573RIV6, STM32H573VIT3Q, STM32H573VIT6, STM32H573ZIT3Q, STM32H573ZIT6, STM32L4R5QGI6STR, STM32MP131AAE3, STM32MP131AAF3, STM32MP131AAG3, STM32MP131CAE3, STM32MP131CAF3, STM32MP131CAG3, STM32MP131DAE7, STM32MP131DAF7, STM32MP131DAG7, STM32MP131FAE7, STM32MP131FAF7, STM32MP131FAG7, STM32MP133AAE3, STM32MP133AAF3, STM32MP133AAG3, STM32MP133CAE3, STM32MP133CAF3, STM32MP133CAG3, STM32MP133DAE7, STM32MP133DAF7, STM32MP133DAG7, STM32MP133FAE7, STM32MP133FAF7, STM32MP133FAG7, STM32MP135AAE3, STM32MP135AAF3, STM32MP135AAG3, STM32MP135CAE3, STM32MP135CAF3, STM32MP135CAG3, STM32MP135DAE7, STM32MP135DAF7, STM32MP135DAG7, STM32MP135F-DK, STM32MP135FAE7, STM32MP135FAF7, STM32MP135FAF7T, STM32MP135FAF7U, STM32MP135FAG7, STM32U535CBT6, STM32U535CBT6Q, STM32U535CBU6, STM32U535CBU6Q, STM32U535CCT6, STM32U535CCT6Q, STM32U535CCU6, STM32U535CCU6Q, STM32U535CET6, STM32U535CET6Q, STM32U535CEU6, STM32U535CEU6Q, STM32U535JEY6QTR, STM32U535NCY6QTR, STM32U535NEY6QTR, STM32U535RBI6, STM32U535RBI6Q, STM32U535RBT6, STM32U535RBT6Q, STM32U535RCI6, STM32U535RCI6Q, STM32U535RCT6, STM32U535RCT6Q, STM32U535REI6, STM32U535REI6Q, STM32U535RET6, STM32U535RET6Q, STM32U535VCI6, STM32U535VCI6Q, STM32U535VCT6, STM32U535VCT6Q, STM32U535VEI6, STM32U535VEI6Q, STM32U535VET6, STM32U535VET6Q, STM32U545CET6, STM32U545CET6Q, STM32U545CEU6, STM32U545CEU6Q, STM32U545JEY6QTR, STM32U545NEY6QTR, STM32U545REI6, STM32U545REI6Q, STM32U545RET6, STM32U545RET6Q, STM32U545VEI6, STM32U545VEI6Q, STM32U545VET6, STM32U545VET6Q, STM32U595AIH6, STM32U595AIH6Q, STM32U595AJH6, STM32U595AJH6Q, STM32U595QII6, STM32U595QII6Q, STM32U595QJI6, STM32U595QJI6Q, STM32U595RIT6, STM32U595RIT6Q, STM32U595RJT6, STM32U595RJT6Q, STM32U595VIT6, STM32U595VIT6Q, STM32U595VJT6, STM32U595VJT6Q, STM32U595ZIT6, STM32U595ZIT6Q, STM32U595ZIY6QTR, STM32U595ZJT6, STM32U595ZJT6Q, STM32U595ZJY6QTR, STM32U599BJY6QTR, STM32U599NIH6Q, STM32U599NJH6Q, STM32U599VIT6Q, STM32U599VJT6, STM32U599VJT6Q, STM32U599ZIT6Q, STM32U599ZIY6QTR, STM32U599ZJT6Q, STM32U599ZJY6QTR, STM32U5A5AJH6, STM32U5A5AJH6Q, STM32U5A5QJI6, STM32U5A5QJI6Q, STM32U5A5RJT6, STM32U5A5RJT6Q, STM32U5A5VJT6, STM32U5A5VJT6Q, STM32U5A5ZJT6, STM32U5A5ZJT6Q, STM32U5A5ZJY6QTR, STM32U5A9BJY6QTR, STM32U5A9J-DK, STM32U5A9NJH6Q, STM32U5A9VJT6Q, STM32U5A9ZJT6Q, STM32U5A9ZJY6QTR, STM32U5F7VIT6, STM32U5F7VIT6Q, STM32U5F7VJT6, STM32U5F7VJT6Q, STM32U5F9BJY6QTR, STM32U5F9NJH6Q, STM32U5F9VIT6Q, STM32U5F9VJT6Q, STM32U5F9ZIJ6QTR, STM32U5F9ZIT6Q, STM32U5F9ZJJ6QTR, STM32U5F9ZJT6Q, STM32U5G7VJT6, STM32U5G7VJT6Q, STM32U5G9BJY6QTR, STM32U5G9J-DK1, STM32U5G9J-DK2, STM32U5G9NJH6Q, STM32U5G9VJT6Q, STM32U5G9ZJJ6QTR, STM32U5G9ZJT6Q, STM32WB1MMCH6, STM32WBA52CEU6, STM32WBA52CEU6T, STM32WBA52CGU6, STM32WBA52CGU6T, STM32WBA52KEU6, STM32WBA52KEU6T, STM32WBA52KGU6, STM32WBA52KGU6T, STM32WL5MOCH6, STM32WL5MOCH6TR]
2025-05-07 13:52:56,668 [INFO] DbMcus:217 - Found 4642 MCUs, 4642 are supported
2025-05-07 13:52:56,683 [INFO] ApiDb:423 - Load user favorites file C:\Users\msi1/.stm32cubeide/favorites.mcus.txt: 3 item(s)
2025-05-07 13:52:56,684 [INFO] ApiDb:427 - User favorites MCUs=[STM32F103CBT6, STM32F303VCT6, STM32F407VGT6]
2025-05-07 13:52:56,684 [INFO] DbMcus:223 - Set 3 / 3 favorites MCUs
2025-05-07 13:52:57,216 [WARN] ThirdParty:833 - waiting for thirdparty lock release [change project]
2025-05-07 13:52:57,217 [INFO] ThirdParty:835 - entering critical section [change project]
2025-05-07 13:52:57,217 [INFO] ThirdParty:1030 - CMSIS Pack Vendor :STMicroelectronics USBPD 4.1
2025-05-07 13:52:57,217 [INFO] ThirdParty:1030 - CMSIS Pack Vendor :STMicroelectronics X-CUBE-GNSS1 6.0.0
2025-05-07 13:52:57,217 [INFO] ThirdParty:1030 - CMSIS Pack Vendor :STMicroelectronics USB_HOST 2.0.0
2025-05-07 13:52:57,217 [INFO] ThirdParty:1030 - CMSIS Pack Vendor :STMicroelectronics FP-SNS-MOTENVWB1 1.4.0
2025-05-07 13:52:57,217 [INFO] ThirdParty:1030 - CMSIS Pack Vendor :STMicroelectronics X-CUBE-AZRTOS-F4 1.1.0
2025-05-07 13:52:57,217 [INFO] ThirdParty:1030 - CMSIS Pack Vendor :STMicroelectronics LIBJPEG 8.0.0
2025-05-07 13:52:57,217 [INFO] ThirdParty:1030 - CMSIS Pack Vendor :STMicroelectronics FP-ATR-ASTRA1 2.0.2
2025-05-07 13:52:57,218 [INFO] ThirdParty:1030 - CMSIS Pack Vendor :STMicroelectronics FP-ATR-ASTRA1 2.0.1
2025-05-07 13:52:57,218 [INFO] ThirdParty:1030 - CMSIS Pack Vendor :STMicroelectronics X-CUBE-SMBUS 2.1.0
2025-05-07 13:52:57,218 [INFO] ThirdParty:1030 - CMSIS Pack Vendor :STMicroelectronics X-CUBE-WB05N 1.1.0
2025-05-07 13:52:57,218 [INFO] ThirdParty:1030 - CMSIS Pack Vendor :wolfSSL I-CUBE-wolfSSL 5.6.0
2025-05-07 13:52:57,218 [INFO] ThirdParty:1030 - CMSIS Pack Vendor :STMicroelectronics X-CUBE-ISPU 2.1.0
2025-05-07 13:52:57,218 [INFO] ThirdParty:1030 - CMSIS Pack Vendor :STMicroelectronics X-CUBE-FREERTOS 1.2.0
2025-05-07 13:52:57,218 [INFO] ThirdParty:1030 - CMSIS Pack Vendor :STMicroelectronics X-CUBE-TOUCHGFX 4.23.0
2025-05-07 13:52:57,218 [INFO] ThirdParty:1030 - CMSIS Pack Vendor :STMicroelectronics X-CUBE-TOUCHGFX 4.23.2
2025-05-07 13:52:57,218 [INFO] ThirdParty:1030 - CMSIS Pack Vendor :STMicroelectronics X-CUBE-AZRTOS-F7 1.1.0
2025-05-07 13:52:57,218 [INFO] ThirdParty:1030 - CMSIS Pack Vendor :STMicroelectronics X-CUBE-AZRTOS-L5 2.0.0
2025-05-07 13:52:57,218 [INFO] ThirdParty:1030 - CMSIS Pack Vendor :STMicroelectronics USB_DEVICE 2.0.0
2025-05-07 13:52:57,218 [INFO] ThirdParty:1030 - CMSIS Pack Vendor :STMicroelectronics X-CUBE-MEMS1 9.6.0
2025-05-07 13:52:57,218 [INFO] ThirdParty:1030 - CMSIS Pack Vendor :STMicroelectronics X-CUBE-EEPRMA1 4.2.0
2025-05-07 13:52:57,218 [INFO] ThirdParty:1030 - CMSIS Pack Vendor :STMicroelectronics X-CUBE-NFC6 3.1.0
2025-05-07 13:52:57,218 [INFO] ThirdParty:1030 - CMSIS Pack Vendor :ITTIA_DB I-CUBE-ITTIADB 8.8.0
2025-05-07 13:52:57,218 [INFO] ThirdParty:1030 - CMSIS Pack Vendor :STMicroelectronics FP-SNS-MOTENV1 4.3.0
2025-05-07 13:52:57,218 [INFO] ThirdParty:1030 - CMSIS Pack Vendor :STMicroelectronics FP-SNS-MOTENV1 4.3.2
2025-05-07 13:52:57,218 [INFO] ThirdParty:1030 - CMSIS Pack Vendor :STMicroelectronics FP-SNS-FLIGHT1 5.0.0
2025-05-07 13:52:57,218 [INFO] ThirdParty:1030 - CMSIS Pack Vendor :STMicroelectronics X-CUBE-BLE1 6.2.4
2025-05-07 13:52:57,218 [INFO] ThirdParty:1030 - CMSIS Pack Vendor :STMicroelectronics FreeRTOS 0.0.1
2025-05-07 13:52:57,218 [INFO] ThirdParty:1030 - CMSIS Pack Vendor :emotas I-CUBE-CANOPEN 1.1.3
2025-05-07 13:52:57,218 [INFO] ThirdParty:1030 - CMSIS Pack Vendor :STMicroelectronics X-CUBE-BLEMGR 2.0.0
2025-05-07 13:52:57,218 [INFO] ThirdParty:1030 - CMSIS Pack Vendor :STMicroelectronics FP-SNS-FLIGHT1 5.0.2
2025-05-07 13:52:57,218 [INFO] ThirdParty:1030 - CMSIS Pack Vendor :STMicroelectronics X-CUBE-AI 9.0.0
2025-05-07 13:52:57,218 [INFO] ThirdParty:1030 - CMSIS Pack Vendor :STMicroelectronics X-CUBE-AZRTOS-H7 3.1.0
2025-05-07 13:52:57,218 [INFO] ThirdParty:1030 - CMSIS Pack Vendor :STMicroelectronics PDM2PCM 3.3.0
2025-05-07 13:52:57,218 [INFO] ThirdParty:1030 - CMSIS Pack Vendor :STMicroelectronics X-CUBE-DISPLAY 3.0.0
2025-05-07 13:52:57,218 [INFO] ThirdParty:1030 - CMSIS Pack Vendor :STMicroelectronics X-CUBE-BLE1 7.0.0
2025-05-07 13:52:57,219 [INFO] ThirdParty:1030 - CMSIS Pack Vendor :STMicroelectronics X-CUBE-NFC10 1.0.0
2025-05-07 13:52:57,219 [INFO] ThirdParty:1030 - CMSIS Pack Vendor :STMicroelectronics HAL Drivers 0.0.0
2025-05-07 13:52:57,219 [INFO] ThirdParty:1030 - CMSIS Pack Vendor :emotas I-CUBE-CANOPEN 1.3.0
2025-05-07 13:52:57,219 [INFO] ThirdParty:1030 - CMSIS Pack Vendor :STMicroelectronics X-CUBE-FREERTOS 1.3.0
2025-05-07 13:52:57,219 [INFO] ThirdParty:1030 - CMSIS Pack Vendor :STMicroelectronics X-CUBE-TOUCHGFX 4.22.0
2025-05-07 13:52:57,219 [INFO] ThirdParty:1030 - CMSIS Pack Vendor :STMicroelectronics X-CUBE-NFC7 1.0.1
2025-05-07 13:52:57,219 [INFO] ThirdParty:1030 - CMSIS Pack Vendor :STMicroelectronics MBEDTLS 2.14.1
2025-05-07 13:52:57,219 [INFO] ThirdParty:1030 - CMSIS Pack Vendor :STMicroelectronics X-CUBE-NFC7 1.0.0
2025-05-07 13:52:57,219 [INFO] ThirdParty:1030 - CMSIS Pack Vendor :STMicroelectronics X-CUBE-TOUCHGFX 4.22.1
2025-05-07 13:52:57,219 [INFO] ThirdParty:1030 - CMSIS Pack Vendor :wolfSSL I-CUBE-wolfTPM 3.2.0
2025-05-07 13:52:57,219 [INFO] ThirdParty:1030 - CMSIS Pack Vendor :STMicroelectronics X-CUBE-NFC6 3.0.0
2025-05-07 13:52:57,219 [INFO] ThirdParty:1030 - CMSIS Pack Vendor :STMicroelectronics X-CUBE-EEPRMA1 4.1.0
2025-05-07 13:52:57,219 [INFO] ThirdParty:1030 - CMSIS Pack Vendor :STMicroelectronics X-CUBE-BLEMGR 3.1.0
2025-05-07 13:52:57,219 [INFO] ThirdParty:1030 - CMSIS Pack Vendor :STMicroelectronics X-CUBE-AI 10.0.0
2025-05-07 13:52:57,219 [INFO] ThirdParty:1030 - CMSIS Pack Vendor :STMicroelectronics FP-SNS-SMARTAG2 1.2.0
2025-05-07 13:52:57,219 [INFO] ThirdParty:1030 - CMSIS Pack Vendor :STMicroelectronics X-CUBE-MEMS1 11.1.0
2025-05-07 13:52:57,219 [INFO] ThirdParty:1030 - CMSIS Pack Vendor :STMicroelectronics X-CUBE-AZRTOS-WL 2.0.0
2025-05-07 13:52:57,219 [INFO] ThirdParty:1030 - CMSIS Pack Vendor :STMicroelectronics FP-SNS-MOTENV1 5.0.0
2025-05-07 13:52:57,219 [INFO] ThirdParty:1030 - CMSIS Pack Vendor :STMicroelectronics USB_DEVICE 1.0.0
2025-05-07 13:52:57,219 [INFO] ThirdParty:1030 - CMSIS Pack Vendor :STMicroelectronics X-CUBE-AI 8.1.0
2025-05-07 13:52:57,219 [INFO] ThirdParty:1030 - CMSIS Pack Vendor :wolfSSL I-CUBE-wolfMQTT 1.19.0
2025-05-07 13:52:57,219 [INFO] ThirdParty:1030 - CMSIS Pack Vendor :STMicroelectronics X-CUBE-AZRTOS-L4 2.0.0
2025-05-07 13:52:57,219 [INFO] ThirdParty:1030 - CMSIS Pack Vendor :STMicroelectronics ThreadX 0.0.2
2025-05-07 13:52:57,219 [INFO] ThirdParty:1030 - CMSIS Pack Vendor :WES I-CUBE-Cesium 1.3.0
2025-05-07 13:52:57,219 [INFO] ThirdParty:1030 - CMSIS Pack Vendor :STMicroelectronics lwIP 2.1.2
2025-05-07 13:52:57,219 [INFO] ThirdParty:1030 - CMSIS Pack Vendor :STMicroelectronics X-CUBE-SFXS2LP1 4.0.0
2025-05-07 13:52:57,219 [INFO] ThirdParty:1030 - CMSIS Pack Vendor :STMicroelectronics X-CUBE-BLE2 3.3.0
2025-05-07 13:52:57,219 [INFO] ThirdParty:1030 - CMSIS Pack Vendor :STMicroelectronics PDM2PCM 3.2.0
2025-05-07 13:52:57,219 [INFO] ThirdParty:1030 - CMSIS Pack Vendor :STMicroelectronics X-CUBE-ISPU 1.1.0
2025-05-07 13:52:57,219 [INFO] ThirdParty:1030 - CMSIS Pack Vendor :STMicroelectronics X-CUBE-AZRTOS-H7 3.3.0
2025-05-07 13:52:57,219 [INFO] ThirdParty:1030 - CMSIS Pack Vendor :STMicroelectronics X-CUBE-NFC9 1.0.0
2025-05-07 13:52:57,219 [INFO] ThirdParty:1030 - CMSIS Pack Vendor :STMicroelectronics X-CUBE-BLE1 7.1.0
2025-05-07 13:52:57,219 [INFO] ThirdParty:1030 - CMSIS Pack Vendor :STMicroelectronics USB_DEVICE 3.0.0
2025-05-07 13:52:57,219 [INFO] ThirdParty:1030 - CMSIS Pack Vendor :STMicroelectronics X-CUBE-TCPP 4.1.0
2025-05-07 13:52:57,219 [INFO] ThirdParty:1030 - CMSIS Pack Vendor :STMicroelectronics X-CUBE-AZRTOS-WB 2.0.0
2025-05-07 13:52:57,219 [INFO] ThirdParty:1030 - CMSIS Pack Vendor :STMicroelectronics X-CUBE-FREERTOS 1.0.1
2025-05-07 13:52:57,219 [INFO] ThirdParty:1030 - CMSIS Pack Vendor :STMicroelectronics X-CUBE-GNSS1 7.0.1
2025-05-07 13:52:57,219 [INFO] ThirdParty:1030 - CMSIS Pack Vendor :STMicroelectronics X-CUBE-TOUCHGFX 4.21.4
2025-05-07 13:52:57,219 [INFO] ThirdParty:1030 - CMSIS Pack Vendor :STMicroelectronics X-CUBE-TOUCHGFX 4.25.0
2025-05-07 13:52:57,219 [INFO] ThirdParty:1030 - CMSIS Pack Vendor :STMicroelectronics X-CUBE-ALGOBUILD 1.3.0
2025-05-07 13:52:57,220 [INFO] ThirdParty:1030 - CMSIS Pack Vendor :STMicroelectronics X-CUBE-AZRTOS-L5 1.1.0
2025-05-07 13:52:57,220 [INFO] ThirdParty:1030 - CMSIS Pack Vendor :STMicroelectronics X-CUBE-MEMS1 11.2.0
2025-05-07 13:52:57,220 [INFO] ThirdParty:1030 - CMSIS Pack Vendor :STMicroelectronics X-CUBE-AZRTOS-G0 1.1.0
2025-05-07 13:52:57,220 [INFO] ThirdParty:1030 - CMSIS Pack Vendor :STMicroelectronics X-CUBE-AI 8.0.1
2025-05-07 13:52:57,220 [INFO] ThirdParty:1030 - CMSIS Pack Vendor :STMicroelectronics X-CUBE-SAFEA1 1.2.2
2025-05-07 13:52:57,220 [INFO] ThirdParty:1030 - CMSIS Pack Vendor :STMicroelectronics X-CUBE-NFC4 3.0.0
2025-05-07 13:52:57,220 [INFO] ThirdParty:1030 - CMSIS Pack Vendor :STMicroelectronics X-CUBE-SUBG2 5.0.0
2025-05-07 13:52:57,220 [INFO] ThirdParty:1030 - CMSIS Pack Vendor :STMicroelectronics X-CUBE-AZRTOS-H7RS 1.1.0
2025-05-07 13:52:57,220 [INFO] ThirdParty:1030 - CMSIS Pack Vendor :STMicroelectronics STM32_WPAN 1.0.0
2025-05-07 13:52:57,220 [INFO] ThirdParty:1030 - CMSIS Pack Vendor :wolfSSL I-CUBE-wolfMQTT 1.18.0
2025-05-07 13:52:57,220 [INFO] ThirdParty:1030 - CMSIS Pack Vendor :STMicroelectronics lwIP 2.0.3
2025-05-07 13:52:57,220 [INFO] ThirdParty:1030 - CMSIS Pack Vendor :Cesanta I-CUBE-Mongoose 7.13.0
2025-05-07 13:52:57,220 [INFO] ThirdParty:1030 - CMSIS Pack Vendor :STMicroelectronics USB_HOST 1.0.0
2025-05-07 13:52:57,220 [INFO] ThirdParty:1030 - CMSIS Pack Vendor :STMicroelectronics X-CUBE-TOF1 3.3.1
2025-05-07 13:52:57,220 [INFO] ThirdParty:1030 - CMSIS Pack Vendor :STMicroelectronics X-CUBE-AZRTOS-G4 2.0.0
2025-05-07 13:52:57,220 [INFO] ThirdParty:1030 - CMSIS Pack Vendor :STMicroelectronics X-CUBE-WB05N 2.0.0
2025-05-07 13:52:57,220 [INFO] ThirdParty:1030 - CMSIS Pack Vendor :STMicroelectronics PDM2PCM 3.1.0
2025-05-07 13:52:57,220 [INFO] ThirdParty:1030 - CMSIS Pack Vendor :STMicroelectronics X-CUBE-TOF1 3.3.0
2025-05-07 13:52:57,220 [INFO] ThirdParty:1030 - CMSIS Pack Vendor :Infineon AIROC-Wi-Fi-Bluetooth-STM32 1.5.1
2025-05-07 13:52:57,220 [INFO] ThirdParty:1030 - CMSIS Pack Vendor :STMicroelectronics X-CUBE-BLEMGR 3.0.0
2025-05-07 13:52:57,220 [INFO] ThirdParty:1030 - CMSIS Pack Vendor :STMicroelectronics FP-SNS-MOTENVWB1 1.3.0
2025-05-07 13:52:57,220 [INFO] ThirdParty:1030 - CMSIS Pack Vendor :STMicroelectronics X-CUBE-NFC7 2.0.0
2025-05-07 13:52:57,220 [INFO] ThirdParty:1030 - CMSIS Pack Vendor :STMicroelectronics FP-SNS-MOTENVWB1 1.3.1
2025-05-07 13:52:57,220 [INFO] ThirdParty:1030 - CMSIS Pack Vendor :STMicroelectronics FP-ATR-SIGFOX1 3.2.0
2025-05-07 13:52:57,220 [INFO] ThirdParty:1030 - CMSIS Pack Vendor :STMicroelectronics X-CUBE-AZRTOS-L4 1.0.0
2025-05-07 13:52:57,220 [INFO] ThirdParty:1030 - CMSIS Pack Vendor :STMicroelectronics X-CUBE-ISPU 2.0.0
2025-05-07 13:52:57,220 [INFO] ThirdParty:1030 - CMSIS Pack Vendor :STMicroelectronics X-CUBE-EEPRMA1 5.1.0
2025-05-07 13:52:57,221 [INFO] ThirdParty:1030 - CMSIS Pack Vendor :STMicroelectronics MBEDTLS 2.16.2
2025-05-07 13:52:57,221 [INFO] ThirdParty:1030 - CMSIS Pack Vendor :STMicroelectronics X-CUBE-ALS 1.0.2
2025-05-07 13:52:57,221 [INFO] ThirdParty:1030 - CMSIS Pack Vendor :STMicroelectronics X-CUBE-MEMS1 10.0.0
2025-05-07 13:52:57,221 [INFO] ThirdParty:1030 - CMSIS Pack Vendor :STMicroelectronics X-CUBE-FREERTOS 1.1.0
2025-05-07 13:52:57,221 [INFO] ThirdParty:1030 - CMSIS Pack Vendor :wolfSSL I-CUBE-wolfSSL 5.7.6
2025-05-07 13:52:57,221 [INFO] ThirdParty:1030 - CMSIS Pack Vendor :STMicroelectronics X-CUBE-TOUCHGFX 4.24.0
2025-05-07 13:52:57,221 [INFO] ThirdParty:1030 - CMSIS Pack Vendor :ITTIA_DB I-CUBE-ITTIADB 8.9.0
2025-05-07 13:52:57,221 [INFO] ThirdParty:1030 - CMSIS Pack Vendor :STMicroelectronics X-CUBE-TOUCHGFX 4.24.2
2025-05-07 13:52:57,221 [INFO] ThirdParty:1030 - CMSIS Pack Vendor :STMicroelectronics X-CUBE-AZRTOS-WL 1.0.0
2025-05-07 13:52:57,221 [INFO] ThirdParty:1030 - CMSIS Pack Vendor :STMicroelectronics X-CUBE-TOUCHGFX 4.24.1
2025-05-07 13:52:57,221 [INFO] ThirdParty:1030 - CMSIS Pack Vendor :wolfSSL I-CUBE-wolfTPM 3.4.0
2025-05-07 13:52:57,221 [INFO] ThirdParty:1030 - CMSIS Pack Vendor :portGmbH I-Cube-SoM-uGOAL 1.1.0
2025-05-07 13:52:57,221 [INFO] ThirdParty:1030 - CMSIS Pack Vendor :STMicroelectronics X-CUBE-ALS 1.0.1
2025-05-07 13:52:57,221 [INFO] ThirdParty:1030 - CMSIS Pack Vendor :STMicroelectronics ThreadX 1.0.0
2025-05-07 13:52:57,221 [INFO] ThirdParty:1030 - CMSIS Pack Vendor :STMicroelectronics X-CUBE-AZRTOS-WB 1.1.0
2025-05-07 13:52:57,221 [INFO] ThirdParty:1030 - CMSIS Pack Vendor :SEGGER I-CUBE-embOS 1.3.1
2025-05-07 13:52:57,221 [INFO] ThirdParty:1030 - CMSIS Pack Vendor :STMicroelectronics X-CUBE-ALGOBUILD 1.4.0
2025-05-07 13:52:57,221 [INFO] ThirdParty:1030 - CMSIS Pack Vendor :STMicroelectronics X-CUBE-AZRTOS-H7RS 1.0.0
2025-05-07 13:52:57,221 [INFO] ThirdParty:1030 - CMSIS Pack Vendor :STMicroelectronics FP-ATR-ASTRA1 2.0.0
2025-05-07 13:52:57,222 [INFO] ThirdParty:1030 - CMSIS Pack Vendor :STMicroelectronics X-CUBE-AI 9.1.0
2025-05-07 13:52:57,222 [INFO] ThirdParty:1030 - CMSIS Pack Vendor :STMicroelectronics X-CUBE-TOF1 3.4.0
2025-05-07 13:52:57,222 [INFO] ThirdParty:1030 - CMSIS Pack Vendor :STMicroelectronics X-CUBE-TOF1 3.4.1
2025-05-07 13:52:57,222 [INFO] ThirdParty:1030 - CMSIS Pack Vendor :STMicroelectronics X-CUBE-AZRTOS-H7 3.2.0
2025-05-07 13:52:57,222 [INFO] ThirdParty:1030 - CMSIS Pack Vendor :wolfSSL I-CUBE-wolfSSH 1.4.17
2025-05-07 13:52:57,222 [INFO] ThirdParty:841 - exiting critical section [change project]
2025-05-07 13:52:57,494 [INFO] PinOutPanel:1499 - setPackage(No Configuration,No Configuration)
2025-05-07 13:52:57,497 [INFO] PinOutPanel:1499 - setPackage(STM32F103CBTx,LQFP48)
2025-05-07 13:52:57,947 [INFO] UtilMem:75 - Before build in PCC Used Memory: 851665016 Bytes (1073741824)
2025-05-07 13:52:58,827 [INFO] UtilMem:75 - After build in PCC Used Memory: 927195064 Bytes (1073741824)
2025-05-07 13:52:58,883 [INFO] IPUIPlugin:80 - create IPUIPlugin
2025-05-07 13:52:58,884 [INFO] IPUIPlugin:80 - create IPUIPlugin
2025-05-07 13:52:58,884 [INFO] IPUIPlugin:80 - create IPUIPlugin
2025-05-07 13:52:58,884 [INFO] IPUIPlugin:80 - create IPUIPlugin
2025-05-07 13:52:58,884 [INFO] IPUIPlugin:80 - create IPUIPlugin
2025-05-07 13:52:58,884 [INFO] IPUIPlugin:80 - create IPUIPlugin
2025-05-07 13:52:58,884 [INFO] IPUIPlugin:80 - create IPUIPlugin
2025-05-07 13:52:58,884 [INFO] IPUIPlugin:80 - create IPUIPlugin
2025-05-07 13:52:58,884 [INFO] IPUIPlugin:80 - create IPUIPlugin
2025-05-07 13:52:58,885 [INFO] IPUIPlugin:80 - create IPUIPlugin
2025-05-07 13:52:58,885 [INFO] IPUIPlugin:80 - create IPUIPlugin
2025-05-07 13:52:58,885 [INFO] IPUIPlugin:80 - create IPUIPlugin
2025-05-07 13:52:58,885 [INFO] IPUIPlugin:80 - create IPUIPlugin
2025-05-07 13:52:58,885 [INFO] IPUIPlugin:80 - create IPUIPlugin
2025-05-07 13:52:58,885 [INFO] IPUIPlugin:80 - create IPUIPlugin
2025-05-07 13:52:58,885 [INFO] IPUIPlugin:80 - create IPUIPlugin
2025-05-07 13:52:58,886 [INFO] IPUIPlugin:80 - create IPUIPlugin
2025-05-07 13:52:58,886 [INFO] IPUIPlugin:80 - create IPUIPlugin
2025-05-07 13:52:58,886 [INFO] IPUIPlugin:80 - create IPUIPlugin
2025-05-07 13:52:58,886 [INFO] IPUIPlugin:80 - create IPUIPlugin
2025-05-07 13:52:58,886 [INFO] IPUIPlugin:80 - create IPUIPlugin
2025-05-07 13:52:58,887 [INFO] IPUIPlugin:80 - create IPUIPlugin
2025-05-07 13:52:58,887 [INFO] IPUIPlugin:80 - create IPUIPlugin
2025-05-07 13:52:58,887 [INFO] IPUIPlugin:80 - create IPUIPlugin
2025-05-07 13:52:58,887 [INFO] IPUIPlugin:80 - create IPUIPlugin
2025-05-07 13:52:58,887 [INFO] IPUIPlugin:80 - create IPUIPlugin
2025-05-07 13:52:58,888 [INFO] IPUIPlugin:80 - create IPUIPlugin
2025-05-07 13:52:59,201 [INFO] CADModel:165 - CPN selected for project levelSTM32F103CBT6
2025-05-07 13:52:59,201 [INFO] CADModel:114 - Register for checkConnection events
2025-05-07 13:52:59,254 [INFO] OpenFileManager:328 - Restore cursor
2025-05-07 13:53:36,426 [INFO] UtilMem:75 - End SaveConfig() Used Memory: 765951200 Bytes (1073741824)
2025-05-07 13:53:36,507 [ERROR] ConfigurationRetriever:142 - IOException on connection: sw-center.st.com
2025-05-07 13:53:36,509 [ERROR] ConfigurationRetriever:142 - IOException on connection: sw-center.st.com
2025-05-07 13:53:36,509 [ERROR] ConfigurationRetriever:142 - IOException on connection: sw-center.st.com
2025-05-07 13:53:37,500 [INFO] UtilMem:75 - End SaveConfig() Used Memory: 725181672 Bytes (1073741824)
2025-05-07 13:53:37,976 [INFO] BlockDiagram:2759 - set Specific Code input for plugin: NVIC
2025-05-07 13:53:37,976 [INFO] BlockDiagram:2759 - set Specific Code input for plugin: USART
2025-05-07 13:53:37,976 [INFO] BlockDiagram:2759 - set Specific Code input for plugin: USART
2025-05-07 13:53:37,976 [INFO] BlockDiagram:2759 - set Specific Code input for plugin: SYS
2025-05-07 13:53:37,977 [INFO] BlockDiagram:2759 - set Specific Code input for plugin: GPIO
2025-05-07 13:53:37,977 [INFO] BlockDiagram:2759 - set Specific Code input for plugin: RCC
2025-05-07 13:53:37,980 [INFO] CodeGenerator:799 - code generatio: config db path: D:\ITC\STM32\STM32CubeIDE_1.13.0\STM32CubeIDE\plugins\com.st.stm32cube.common.mx_6.9.0.202307051724\\db\
2025-05-07 13:53:38,253 [INFO] CodeEngine:255 - oldGeneratedFile, D:\AIFARM\STM32_GREENB\stm32f103_nethouse\MXTmpFiles\license.tmp_save
2025-05-07 13:53:38,630 [INFO] CodeEngine:279 - Generated code: D:\AIFARM\STM32_GREENB\stm32f103_nethouse\MXTmpFiles\license.tmp
2025-05-07 13:53:38,793 [INFO] CodeEngine:255 - oldGeneratedFile, D:\AIFARM\STM32_GREENB\stm32f103_nethouse\MXTmpFiles\gpio.tmp_save
2025-05-07 13:53:38,937 [INFO] CodeEngine:279 - Generated code: D:\AIFARM\STM32_GREENB\stm32f103_nethouse\MXTmpFiles\gpio.tmp
2025-05-07 13:53:39,087 [INFO] CodeEngine:255 - oldGeneratedFile, D:\AIFARM\STM32_GREENB\stm32f103_nethouse\Core\Src\stm32f1xx_it.c_save
2025-05-07 13:53:39,251 [INFO] CodeEngine:279 - Generated code: D:\AIFARM\STM32_GREENB\stm32f103_nethouse\Core\Src\stm32f1xx_it.c
2025-05-07 13:53:39,274 [INFO] CodeEngine:255 - oldGeneratedFile, D:\AIFARM\STM32_GREENB\stm32f103_nethouse\Core\Inc\stm32f1xx_it.h_save
2025-05-07 13:53:39,362 [INFO] CodeEngine:279 - Generated code: D:\AIFARM\STM32_GREENB\stm32f103_nethouse\Core\Inc\stm32f1xx_it.h
2025-05-07 13:53:39,398 [INFO] CodeEngine:255 - oldGeneratedFile, D:\AIFARM\STM32_GREENB\stm32f103_nethouse\Core\Src\stm32f1xx_hal_msp.c_save
2025-05-07 13:53:39,605 [INFO] CodeEngine:279 - Generated code: D:\AIFARM\STM32_GREENB\stm32f103_nethouse\Core\Src\stm32f1xx_hal_msp.c
2025-05-07 13:53:39,621 [INFO] CodeEngine:255 - oldGeneratedFile, D:\AIFARM\STM32_GREENB\stm32f103_nethouse\MXTmpFiles\system.tmp_save
2025-05-07 13:53:39,744 [INFO] CodeEngine:279 - Generated code: D:\AIFARM\STM32_GREENB\stm32f103_nethouse\MXTmpFiles\system.tmp
2025-05-07 13:53:39,786 [INFO] CodeEngine:311 - oldGeneratedFile, D:\AIFARM\STM32_GREENB\stm32f103_nethouse\Core\Inc\stm32f1xx_hal_conf.h_save
2025-05-07 13:53:39,909 [INFO] CodeEngine:335 - Generated code: D:\AIFARM\STM32_GREENB\stm32f103_nethouse\Core\Inc\stm32f1xx_hal_conf.h
2025-05-07 13:53:39,977 [INFO] CodeEngine:255 - oldGeneratedFile, D:\AIFARM\STM32_GREENB\stm32f103_nethouse\Core\Inc\main.h_save
2025-05-07 13:53:40,081 [INFO] CodeEngine:279 - Generated code: D:\AIFARM\STM32_GREENB\stm32f103_nethouse\Core\Inc\main.h
2025-05-07 13:53:40,107 [INFO] CodeEngine:255 - oldGeneratedFile, D:\AIFARM\STM32_GREENB\stm32f103_nethouse\Core\Src\main.c_save
2025-05-07 13:53:40,261 [INFO] CodeEngine:279 - Generated code: D:\AIFARM\STM32_GREENB\stm32f103_nethouse\Core\Src\main.c
2025-05-07 13:53:40,910 [INFO] ProjectBuilder:3064 - Time for Copy HAL[1] : 214mS.
2025-05-07 13:53:40,915 [INFO] ProjectBuilder:4404 - Project Generator version: 4.1.0
2025-05-07 13:53:41,180 [INFO] ConfigFileManager:1457 - The Die is : DIE410
2025-05-07 13:53:41,204 [INFO] ApiDbMcu:507 - Load IP Config File for FATFS
2025-05-07 13:53:41,222 [INFO] ApiDbMcu:507 - Load IP Config File for FREERTOS
2025-05-07 13:53:41,266 [INFO] ApiDbMcu:507 - Load IP Config File for USB_DEVICE
2025-05-07 13:53:42,802 [INFO] LogOutputStream:77 - [STDOUT_REDIRECT] 
2025-05-07 13:53:45,787 [INFO] ProjectBuilder:4626 - Time for Generating toolchain IDE Files: 4872mS.
2025-05-07 13:53:45,788 [INFO] ProjectBuilder:2935 - Time for Copy CMSIS : 1mS.
2025-05-07 13:53:45,789 [INFO] ProjectBuilder:2935 - Time for Copy CMSIS : 0mS.
2025-05-07 13:54:04,933 [INFO] UtilMem:75 - End SaveConfig() Used Memory: 814908280 Bytes (1073741824)
2025-05-07 13:54:04,979 [ERROR] ConfigurationRetriever:142 - IOException on connection: sw-center.st.com
2025-05-07 13:54:04,980 [ERROR] ConfigurationRetriever:142 - IOException on connection: sw-center.st.com
2025-05-07 13:54:04,980 [ERROR] ConfigurationRetriever:142 - IOException on connection: sw-center.st.com
2025-05-07 13:54:05,164 [INFO] BlockDiagram:2759 - set Specific Code input for plugin: NVIC
2025-05-07 13:54:05,164 [INFO] BlockDiagram:2759 - set Specific Code input for plugin: USART
2025-05-07 13:54:05,164 [INFO] BlockDiagram:2759 - set Specific Code input for plugin: USART
2025-05-07 13:54:05,164 [INFO] BlockDiagram:2759 - set Specific Code input for plugin: SYS
2025-05-07 13:54:05,165 [INFO] BlockDiagram:2759 - set Specific Code input for plugin: GPIO
2025-05-07 13:54:05,165 [INFO] BlockDiagram:2759 - set Specific Code input for plugin: RCC
2025-05-07 13:54:05,167 [INFO] CodeGenerator:799 - code generatio: config db path: D:\ITC\STM32\STM32CubeIDE_1.13.0\STM32CubeIDE\plugins\com.st.stm32cube.common.mx_6.9.0.202307051724\\db\
2025-05-07 13:54:05,312 [INFO] CodeEngine:255 - oldGeneratedFile, D:\AIFARM\STM32_GREENB\stm32f103_nethouse\MXTmpFiles\license.tmp_save
2025-05-07 13:54:05,424 [INFO] CodeEngine:279 - Generated code: D:\AIFARM\STM32_GREENB\stm32f103_nethouse\MXTmpFiles\license.tmp
2025-05-07 13:54:05,443 [INFO] CodeEngine:255 - oldGeneratedFile, D:\AIFARM\STM32_GREENB\stm32f103_nethouse\MXTmpFiles\gpio.tmp_save
2025-05-07 13:54:05,525 [INFO] CodeEngine:279 - Generated code: D:\AIFARM\STM32_GREENB\stm32f103_nethouse\MXTmpFiles\gpio.tmp
2025-05-07 13:54:05,585 [INFO] CodeEngine:255 - oldGeneratedFile, D:\AIFARM\STM32_GREENB\stm32f103_nethouse\Core\Src\stm32f1xx_it.c_save
2025-05-07 13:54:05,658 [INFO] CodeEngine:279 - Generated code: D:\AIFARM\STM32_GREENB\stm32f103_nethouse\Core\Src\stm32f1xx_it.c
2025-05-07 13:54:05,664 [INFO] CodeEngine:255 - oldGeneratedFile, D:\AIFARM\STM32_GREENB\stm32f103_nethouse\Core\Inc\stm32f1xx_it.h_save
2025-05-07 13:54:05,717 [INFO] CodeEngine:279 - Generated code: D:\AIFARM\STM32_GREENB\stm32f103_nethouse\Core\Inc\stm32f1xx_it.h
2025-05-07 13:54:05,741 [INFO] CodeEngine:255 - oldGeneratedFile, D:\AIFARM\STM32_GREENB\stm32f103_nethouse\Core\Src\stm32f1xx_hal_msp.c_save
2025-05-07 13:54:05,816 [INFO] CodeEngine:279 - Generated code: D:\AIFARM\STM32_GREENB\stm32f103_nethouse\Core\Src\stm32f1xx_hal_msp.c
2025-05-07 13:54:05,820 [INFO] CodeEngine:255 - oldGeneratedFile, D:\AIFARM\STM32_GREENB\stm32f103_nethouse\MXTmpFiles\system.tmp_save
2025-05-07 13:54:05,865 [INFO] CodeEngine:279 - Generated code: D:\AIFARM\STM32_GREENB\stm32f103_nethouse\MXTmpFiles\system.tmp
2025-05-07 13:54:05,883 [INFO] CodeEngine:311 - oldGeneratedFile, D:\AIFARM\STM32_GREENB\stm32f103_nethouse\Core\Inc\stm32f1xx_hal_conf.h_save
2025-05-07 13:54:05,971 [INFO] CodeEngine:335 - Generated code: D:\AIFARM\STM32_GREENB\stm32f103_nethouse\Core\Inc\stm32f1xx_hal_conf.h
2025-05-07 13:54:06,018 [INFO] CodeEngine:255 - oldGeneratedFile, D:\AIFARM\STM32_GREENB\stm32f103_nethouse\Core\Inc\main.h_save
2025-05-07 13:54:06,086 [INFO] CodeEngine:279 - Generated code: D:\AIFARM\STM32_GREENB\stm32f103_nethouse\Core\Inc\main.h
2025-05-07 13:54:06,110 [INFO] CodeEngine:255 - oldGeneratedFile, D:\AIFARM\STM32_GREENB\stm32f103_nethouse\Core\Src\main.c_save
2025-05-07 13:54:06,202 [INFO] CodeEngine:279 - Generated code: D:\AIFARM\STM32_GREENB\stm32f103_nethouse\Core\Src\main.c
2025-05-07 13:54:06,759 [INFO] ProjectBuilder:3064 - Time for Copy HAL[1] : 143mS.
2025-05-07 13:54:06,763 [INFO] ProjectBuilder:4404 - Project Generator version: 4.1.0
2025-05-07 13:54:06,989 [INFO] ConfigFileManager:1457 - The Die is : DIE410
2025-05-07 13:54:08,574 [INFO] ProjectBuilder:4626 - Time for Generating toolchain IDE Files: 1811mS.
2025-05-07 13:54:08,575 [INFO] ProjectBuilder:2935 - Time for Copy CMSIS : 1mS.
2025-05-07 13:54:08,577 [INFO] ProjectBuilder:2935 - Time for Copy CMSIS : 0mS.
2025-05-07 16:44:35,306 [INFO] MainUpdater:2868 - connection check result : 10
2025-05-07 16:44:35,627 [INFO] ApiDb:668 - CubeFinder database Data Model version=2.1
2025-05-07 16:44:35,628 [INFO] ApiDb:669 - CubeFinder database Configuration version=3.0.39
2025-05-07 16:44:35,628 [INFO] ApiDb:670 - CubeFinder database generation date=2025-04-23 (1745419778)
2025-05-07 16:44:35,628 [INFO] ApiDb:671 - CubeFinder database FW Pack versions=[FP-ATR-ASTRA1_V2.0.0, FP-SNS-FLIGHT1_V5.1.0, FP-SNS-MOTENV1_V5.0.0, FP-SNS-MOTENVWB1_V1.4.0, FP-SNS-SMARTAG2_V1.2.0, FP-SNS-STBOX1_V2.0.0, STM32Cube_FW_C0_V1.4.0, STM32Cube_FW_F4_V1.28.1, STM32Cube_FW_F7_V1.17.2, STM32Cube_FW_G0_V1.6.2, STM32Cube_FW_G4_V1.6.1, STM32Cube_FW_H5_V1.5.0, STM32Cube_FW_H7RS_V1.2.0, STM32Cube_FW_H7_V1.12.1, STM32Cube_FW_L0_V1.12.2, STM32Cube_FW_L4_V1.18.1, STM32Cube_FW_L5_V1.5.1, STM32Cube_FW_N6_V1.1.1, STM32Cube_FW_U0_V1.2.0, STM32Cube_FW_U3_V1.1.0, STM32Cube_FW_U5_V1.7.0, STM32Cube_FW_WB0_V1.2.0, STM32Cube_FW_WBA_V1.6.0, STM32Cube_FW_WB_V1.22.0, STM32Cube_FW_WL3_V1.1.0, STM32Cube_FW_WL_V1.3.1, X-CUBE-ALGOBUILD_V1.4.0, X-CUBE-ALS_V1.0.2, X-CUBE-AZRTOS-F4_V1.1.0, X-CUBE-AZRTOS-F7_V1.1.0, X-CUBE-AZRTOS-G0_V1.1.0, X-CUBE-AZRTOS-G4_V2.0.0, X-CUBE-AZRTOS-H7RS_V1.1.0, X-CUBE-AZRTOS-H7_V3.3.0, X-CUBE-AZRTOS-L4_V2.0.0, X-CUBE-AZRTOS-L5_V2.0.0, X-CUBE-AZRTOS-WB_V2.0.0, X-CUBE-AZRTOS-WL_V2.0.0, X-CUBE-BLE1_V7.1.0, X-CUBE-BLE2_V3.3.0, X-CUBE-BLEMGR_V4.0.0, X-CUBE-EEPRMA1_V5.1.0, X-CUBE-FREERTOS_V1.3.0, X-CUBE-GNSS1_V6.0.0, X-CUBE-MEMS1_V11.2.0, X-CUBE-NFC4_V3.0.0, X-CUBE-NFC7_V1.0.1, X-CUBE-SFXS2LP1_V4.0.0, X-CUBE-SUBG2_V5.0.0, X-CUBE-TOF1_V3.4.3]
2025-05-07 16:44:35,862 [INFO] DbBoardsSqlite:226 - include board P-NUCLEO-WB55-NUCLEO as a kit item of type 'Nucleo-64'
2025-05-07 16:44:35,862 [INFO] DbBoardsSqlite:226 - include board P-NUCLEO-WB55-USBDONGLE as a kit item of type 'Nucleo USB Dongle'
2025-05-07 16:44:35,864 [INFO] DbBoardsSqlite:226 - include board STEVAL-IDP005V1 as a kit item of type 'Evaluation Board'
2025-05-07 16:44:35,864 [INFO] DbBoardsSqlite:226 - include board STEVAL-IDP005V2 as a kit item of type 'Evaluation Board'
2025-05-07 16:44:36,568 [INFO] ApiDb:240 - Found 323 in-development CPN: [B-G473E-ZEST1S, B-WB1M-WPAN1, B-WL5M-SUBG1, NUCLEO-C031C6, NUCLEO-H503RB, NUCLEO-H563ZI, NUCLEO-U545RE-Q, NUCLEO-U5A5ZJ-Q, NUCLEO-WBA52CG, STEVAL-PROTEUS1, STEVAL-SMARTAG2, STEVAL-STWINBX1, STM320518-EVAL, STM32C0116-DK, STM32C011D6Y3TR, STM32C011D6Y6TR, STM32C011F4P3, STM32C011F4P6, STM32C011F4U3, STM32C011F4U6TR, STM32C011F6P3, STM32C011F6P6, STM32C011F6U3, STM32C011F6U6TR, STM32C011J4M3, STM32C011J4M6, STM32C011J6M3, STM32C011J6M6, STM32C0316-DK, STM32C031C4T3, STM32C031C4T6, STM32C031C4U3, STM32C031C4U6, STM32C031C6T3, STM32C031C6T6, STM32C031C6U3, STM32C031C6U6, STM32C031F4P3, STM32C031F4P6, STM32C031F6P3, STM32C031F6P6, STM32C031G4U3, STM32C031G4U6, STM32C031G6U3, STM32C031G6U6, STM32C031K4T3, STM32C031K4T6, STM32C031K4U3, STM32C031K4U6, STM32C031K6T3, STM32C031K6T6, STM32C031K6U3, STM32C031K6U6, STM32G071K8TXN, STM32G071K8UXN, STM32G081GBU6N, STM32G081KBT6N, STM32G081KBUXN, STM32G0B1CCT6N, STM32G0B1KCT6, STM32G0B1NEY6TR, STM32G0B1RCT6N, STM32G0C1CCT6, STM32G0C1CCT6N, STM32G0C1CCU6N, STM32G0C1CET6N, STM32G0C1CEU6N, STM32G0C1KCT6, STM32G0C1NEY6TR, STM32G0C1RCI6N, STM32G0C1RCT6N, STM32G0C1REI6N, STM32G0C1RET6N, STM32G0C1VCI6, STM32G0C1VEI6, STM32G471CCT6, STM32G471CCU6, STM32G471CET3, STM32G471CET6, STM32G471CEU3, STM32G471CEU6, STM32G471MCT6, STM32G471MET3, STM32G471MET6, STM32G471MEY6TR, STM32G471QCT6, STM32G471QET3, STM32G471RCT6, STM32G471RET3, STM32G471RET6, STM32G471VCH6, STM32G471VCI6, STM32G471VCT6, STM32G471VEH3, STM32G471VEH6, STM32G471VEI3, STM32G471VEI6, STM32G471VET3, STM32G471VET6, STM32G474CCT6, STM32H503CBT6, STM32H503CBU6, STM32H503EBY6TR, STM32H503KBU6, STM32H503RBT6, STM32H562AGI6, STM32H562AII6, STM32H562IGK6, STM32H562IGT6, STM32H562IIK6, STM32H562IIT6, STM32H562RGT6, STM32H562RGV6, STM32H562RIT6, STM32H562RIV6, STM32H562VGT6, STM32H562VIT6, STM32H562ZGT6, STM32H562ZIT6, STM32H563AGI6, STM32H563AII3Q, STM32H563AII6, STM32H563IGK6, STM32H563IGT6, STM32H563IIK3Q, STM32H563IIK6, STM32H563IIT3Q, STM32H563IIT6, STM32H563MIY3QTR, STM32H563RGT6, STM32H563RGV6, STM32H563RIT6, STM32H563RIV6, STM32H563VGT6, STM32H563VIT3Q, STM32H563VIT6, STM32H563ZGT6, STM32H563ZIT3Q, STM32H563ZIT6, STM32H573AII3Q, STM32H573AII6, STM32H573I-DK, STM32H573IIK3Q, STM32H573IIK6, STM32H573IIT3Q, STM32H573IIT6, STM32H573MIY3QTR, STM32H573RIT6, STM32H573RIV6, STM32H573VIT3Q, STM32H573VIT6, STM32H573ZIT3Q, STM32H573ZIT6, STM32L4R5QGI6STR, STM32MP131AAE3, STM32MP131AAF3, STM32MP131AAG3, STM32MP131CAE3, STM32MP131CAF3, STM32MP131CAG3, STM32MP131DAE7, STM32MP131DAF7, STM32MP131DAG7, STM32MP131FAE7, STM32MP131FAF7, STM32MP131FAG7, STM32MP133AAE3, STM32MP133AAF3, STM32MP133AAG3, STM32MP133CAE3, STM32MP133CAF3, STM32MP133CAG3, STM32MP133DAE7, STM32MP133DAF7, STM32MP133DAG7, STM32MP133FAE7, STM32MP133FAF7, STM32MP133FAG7, STM32MP135AAE3, STM32MP135AAF3, STM32MP135AAG3, STM32MP135CAE3, STM32MP135CAF3, STM32MP135CAG3, STM32MP135DAE7, STM32MP135DAF7, STM32MP135DAG7, STM32MP135F-DK, STM32MP135FAE7, STM32MP135FAF7, STM32MP135FAF7T, STM32MP135FAF7U, STM32MP135FAG7, STM32U535CBT6, STM32U535CBT6Q, STM32U535CBU6, STM32U535CBU6Q, STM32U535CCT6, STM32U535CCT6Q, STM32U535CCU6, STM32U535CCU6Q, STM32U535CET6, STM32U535CET6Q, STM32U535CEU6, STM32U535CEU6Q, STM32U535JEY6QTR, STM32U535NCY6QTR, STM32U535NEY6QTR, STM32U535RBI6, STM32U535RBI6Q, STM32U535RBT6, STM32U535RBT6Q, STM32U535RCI6, STM32U535RCI6Q, STM32U535RCT6, STM32U535RCT6Q, STM32U535REI6, STM32U535REI6Q, STM32U535RET6, STM32U535RET6Q, STM32U535VCI6, STM32U535VCI6Q, STM32U535VCT6, STM32U535VCT6Q, STM32U535VEI6, STM32U535VEI6Q, STM32U535VET6, STM32U535VET6Q, STM32U545CET6, STM32U545CET6Q, STM32U545CEU6, STM32U545CEU6Q, STM32U545JEY6QTR, STM32U545NEY6QTR, STM32U545REI6, STM32U545REI6Q, STM32U545RET6, STM32U545RET6Q, STM32U545VEI6, STM32U545VEI6Q, STM32U545VET6, STM32U545VET6Q, STM32U595AIH6, STM32U595AIH6Q, STM32U595AJH6, STM32U595AJH6Q, STM32U595QII6, STM32U595QII6Q, STM32U595QJI6, STM32U595QJI6Q, STM32U595RIT6, STM32U595RIT6Q, STM32U595RJT6, STM32U595RJT6Q, STM32U595VIT6, STM32U595VIT6Q, STM32U595VJT6, STM32U595VJT6Q, STM32U595ZIT6, STM32U595ZIT6Q, STM32U595ZIY6QTR, STM32U595ZJT6, STM32U595ZJT6Q, STM32U595ZJY6QTR, STM32U599BJY6QTR, STM32U599NIH6Q, STM32U599NJH6Q, STM32U599VIT6Q, STM32U599VJT6, STM32U599VJT6Q, STM32U599ZIT6Q, STM32U599ZIY6QTR, STM32U599ZJT6Q, STM32U599ZJY6QTR, STM32U5A5AJH6, STM32U5A5AJH6Q, STM32U5A5QJI6, STM32U5A5QJI6Q, STM32U5A5RJT6, STM32U5A5RJT6Q, STM32U5A5VJT6, STM32U5A5VJT6Q, STM32U5A5ZJT6, STM32U5A5ZJT6Q, STM32U5A5ZJY6QTR, STM32U5A9BJY6QTR, STM32U5A9J-DK, STM32U5A9NJH6Q, STM32U5A9VJT6Q, STM32U5A9ZJT6Q, STM32U5A9ZJY6QTR, STM32U5F7VIT6, STM32U5F7VIT6Q, STM32U5F7VJT6, STM32U5F7VJT6Q, STM32U5F9BJY6QTR, STM32U5F9NJH6Q, STM32U5F9VIT6Q, STM32U5F9VJT6Q, STM32U5F9ZIJ6QTR, STM32U5F9ZIT6Q, STM32U5F9ZJJ6QTR, STM32U5F9ZJT6Q, STM32U5G7VJT6, STM32U5G7VJT6Q, STM32U5G9BJY6QTR, STM32U5G9J-DK1, STM32U5G9J-DK2, STM32U5G9NJH6Q, STM32U5G9VJT6Q, STM32U5G9ZJJ6QTR, STM32U5G9ZJT6Q, STM32WB1MMCH6, STM32WBA52CEU6, STM32WBA52CEU6T, STM32WBA52CGU6, STM32WBA52CGU6T, STM32WBA52KEU6, STM32WBA52KEU6T, STM32WBA52KGU6, STM32WBA52KGU6T, STM32WL5MOCH6, STM32WL5MOCH6TR]
2025-05-07 16:44:36,593 [INFO] BoardInfo:880 - No configuration file found for board NUCLEO-C051C8
2025-05-07 16:44:36,593 [INFO] DbBoards:157 - Board is not supported: NUCLEO-C051C8
2025-05-07 16:44:36,595 [INFO] BoardInfo:880 - No configuration file found for board NUCLEO-C071RB
2025-05-07 16:44:36,595 [INFO] DbBoards:157 - Board is not supported: NUCLEO-C071RB
2025-05-07 16:44:36,596 [INFO] BoardInfo:880 - No configuration file found for board NUCLEO-C092RC
2025-05-07 16:44:36,596 [INFO] DbBoards:157 - Board is not supported: NUCLEO-C092RC
2025-05-07 16:44:36,626 [INFO] BoardInfo:880 - No configuration file found for board NUCLEO-H533RE
2025-05-07 16:44:36,626 [INFO] DbBoards:157 - Board is not supported: NUCLEO-H533RE
2025-05-07 16:44:36,632 [INFO] BoardInfo:880 - No configuration file found for board NUCLEO-H7S3L8
2025-05-07 16:44:36,632 [INFO] DbBoards:157 - Board is not supported: NUCLEO-H7S3L8
2025-05-07 16:44:36,648 [INFO] BoardInfo:880 - No configuration file found for board NUCLEO-N657X0-Q
2025-05-07 16:44:36,648 [INFO] DbBoards:157 - Board is not supported: NUCLEO-N657X0-Q
2025-05-07 16:44:36,649 [INFO] BoardInfo:880 - No configuration file found for board NUCLEO-U031R8
2025-05-07 16:44:36,649 [INFO] DbBoards:157 - Board is not supported: NUCLEO-U031R8
2025-05-07 16:44:36,649 [INFO] BoardInfo:880 - No configuration file found for board NUCLEO-U083RC
2025-05-07 16:44:36,649 [INFO] DbBoards:157 - Board is not supported: NUCLEO-U083RC
2025-05-07 16:44:36,650 [INFO] BoardInfo:880 - No configuration file found for board NUCLEO-U385RG-Q
2025-05-07 16:44:36,650 [INFO] DbBoards:157 - Board is not supported: NUCLEO-U385RG-Q
2025-05-07 16:44:36,653 [INFO] BoardInfo:880 - No configuration file found for board NUCLEO-WB05KZ
2025-05-07 16:44:36,653 [INFO] DbBoards:157 - Board is not supported: NUCLEO-WB05KZ
2025-05-07 16:44:36,654 [INFO] BoardInfo:880 - No configuration file found for board NUCLEO-WB07CC
2025-05-07 16:44:36,654 [INFO] DbBoards:157 - Board is not supported: NUCLEO-WB07CC
2025-05-07 16:44:36,655 [INFO] BoardInfo:880 - No configuration file found for board NUCLEO-WB09KE
2025-05-07 16:44:36,655 [INFO] DbBoards:157 - Board is not supported: NUCLEO-WB09KE
2025-05-07 16:44:36,658 [INFO] BoardInfo:880 - No configuration file found for board NUCLEO-WBA55CG
2025-05-07 16:44:36,658 [INFO] DbBoards:157 - Board is not supported: NUCLEO-WBA55CG
2025-05-07 16:44:36,659 [INFO] BoardInfo:880 - No configuration file found for board NUCLEO-WBA65RI
2025-05-07 16:44:36,659 [INFO] DbBoards:157 - Board is not supported: NUCLEO-WBA65RI
2025-05-07 16:44:36,659 [INFO] BoardInfo:880 - No configuration file found for board NUCLEO-WL33CC1
2025-05-07 16:44:36,659 [INFO] DbBoards:157 - Board is not supported: NUCLEO-WL33CC1
2025-05-07 16:44:36,660 [INFO] BoardInfo:880 - No configuration file found for board NUCLEO-WL33CC2
2025-05-07 16:44:36,660 [INFO] DbBoards:157 - Board is not supported: NUCLEO-WL33CC2
2025-05-07 16:44:36,663 [INFO] BoardInfo:880 - No configuration file found for board P-NUCLEO-WB55
2025-05-07 16:44:36,663 [INFO] DbBoards:157 - Kit is not supported: P-NUCLEO-WB55
2025-05-07 16:44:36,667 [INFO] BoardInfo:880 - No configuration file found for board STEVAL-BFA001V1B
2025-05-07 16:44:36,667 [INFO] DbBoards:157 - Kit is not supported: STEVAL-BFA001V1B
2025-05-07 16:44:36,668 [INFO] BoardInfo:880 - No configuration file found for board STEVAL-BFA001V2B
2025-05-07 16:44:36,668 [INFO] DbBoards:157 - Kit is not supported: STEVAL-BFA001V2B
2025-05-07 16:44:36,670 [INFO] BoardInfo:880 - No configuration file found for board STEVAL-MKBOXPRO
2025-05-07 16:44:36,670 [INFO] DbBoards:157 - Board is not supported: STEVAL-MKBOXPRO
2025-05-07 16:44:36,722 [INFO] BoardInfo:880 - No configuration file found for board STM32H7S78-DK
2025-05-07 16:44:36,722 [INFO] DbBoards:157 - Board is not supported: STM32H7S78-DK
2025-05-07 16:44:36,737 [INFO] BoardInfo:880 - No configuration file found for board STM32MP257F-DK
2025-05-07 16:44:36,737 [INFO] DbBoards:157 - Board is not supported: STM32MP257F-DK
2025-05-07 16:44:36,738 [INFO] BoardInfo:880 - No configuration file found for board STM32MP257F-EV1
2025-05-07 16:44:36,738 [INFO] DbBoards:157 - Board is not supported: STM32MP257F-EV1
2025-05-07 16:44:36,738 [INFO] BoardInfo:880 - No configuration file found for board STM32N6570-DK
2025-05-07 16:44:36,738 [INFO] DbBoards:157 - Board is not supported: STM32N6570-DK
2025-05-07 16:44:36,739 [INFO] BoardInfo:880 - No configuration file found for board STM32U083C-DK
2025-05-07 16:44:36,739 [INFO] DbBoards:157 - Board is not supported: STM32U083C-DK
2025-05-07 16:44:36,744 [INFO] BoardInfo:880 - No configuration file found for board STM32WBA55G-DK1
2025-05-07 16:44:36,744 [INFO] DbBoards:157 - Board is not supported: STM32WBA55G-DK1
2025-05-07 16:44:36,745 [INFO] BoardInfo:880 - No configuration file found for board STM32WBA65I-DK1
2025-05-07 16:44:36,745 [INFO] DbBoards:157 - Board is not supported: STM32WBA65I-DK1
2025-05-07 16:44:36,746 [INFO] DbBoards:161 - Found 210 boards, 183 are supported
2025-05-07 16:44:36,750 [INFO] ApiDb:423 - Load user favorites file C:\Users\msi1/.stm32cubeide/favorites.boards.txt: 0 item(s)
2025-05-07 16:44:36,750 [INFO] ApiDb:427 - User favorites Boards=[]
2025-05-07 16:44:36,750 [INFO] DbBoards:190 - Set 0 / 0 favorites Boards
2025-05-07 16:44:36,750 [INFO] McuFinderGlobals:76 - Set McuFinderConnectedMode to true
2025-05-07 16:44:36,759 [INFO] MultiScanPanel:200 - Auto-refresh data requested => check proxy status ongoing
2025-05-07 16:44:36,764 [INFO] FinderPluginLoader:95 - Searching for filters in installed packs
2025-05-07 16:44:38,042 [INFO] LoadUrlFilesThread:185 - End of LoadServerUrlFiles without Thread
2025-05-07 16:44:38,058 [INFO] DetailPanel:341 - Set advertising image to C:/Users/msi1/STM32Cube/Repository/\en.prom-stm32n6-mcu-finder.png
2025-05-07 16:48:59,495 [INFO] McuResultTable:1395 - Mark MCU STM32F401CCU6 as favorite
2025-05-07 16:49:14,220 [INFO] MainUpdater:2868 - connection check result : 10
2025-05-07 16:49:14,220 [INFO] MainUpdater:2868 - connection check result : 10
2025-05-07 16:49:14,297 [INFO] MicroXplorer:468 - Change Database Path : 
2025-05-07 16:49:14,297 [INFO] MicroXplorer:498 - Change Database Version : DB.6.0.90
2025-05-07 16:49:14,342 [WARN] ThirdParty:871 - waiting for thirdparty lock release [close project]
2025-05-07 16:49:14,342 [INFO] ThirdParty:873 - entering critical section [close project]
2025-05-07 16:49:14,342 [INFO] ThirdParty:883 - exiting critical section [close project]
2025-05-07 16:49:14,343 [INFO] PinOutPanel:1499 - setPackage(No Configuration,No Configuration)
2025-05-07 16:49:14,359 [INFO] UtilMem:75 - Begin LoadConfig() Used Memory: 758493688 Bytes (1073741824)
2025-05-07 16:49:14,359 [INFO] MicroXplorer:468 - Change Database Path : 
2025-05-07 16:49:14,359 [INFO] MicroXplorer:498 - Change Database Version : DB.6.0.90
2025-05-07 16:49:14,359 [INFO] OpenFileManager:308 - Change cursor
2025-05-07 16:49:14,393 [INFO] RulesReader:64 - Compatibility file has been processed (293 Rules)
2025-05-07 16:49:14,446 [INFO] Mcu:1946 - Initializing MCU STM32F401CCUx STM32F401CCUx STM32F401CCU6
2025-05-07 16:49:15,369 [INFO] Context:659 - Trying to add GPIOservice into a context  which must be forbidden
2025-05-07 16:49:15,598 [INFO] ImportTextPane:194 - (OptionalMessage_ERROR) Unable to find key (Mcu.ThirdPartyNb) in loaded IOC file
2025-05-07 16:49:15,598 [INFO] ImportTextPane:194 - (OptionalMessage_ERROR) Unable to find key (Mcu.PinsNb) in loaded IOC file
2025-05-07 16:49:15,598 [INFO] ImportTextPane:194 - (OptionalMessage_ERROR) Unable to find key (Mcu.IPNb) in loaded IOC file
2025-05-07 16:49:15,674 [INFO] RtosManager:555 - Registered RTOS mode: class=CMSIS, group=RTOS, mode=CMSIS_V1, owner=FREERTOS
2025-05-07 16:49:15,674 [INFO] RtosManager:555 - Registered RTOS mode: class=CMSIS, group=RTOS2, mode=CMSIS_V2, owner=FREERTOS
2025-05-07 16:49:15,674 [INFO] RtosManager:555 - Registered RTOS mode: class=RTOS, group=Core, mode=CMSIS_V1, owner=FREERTOS
2025-05-07 16:49:15,674 [INFO] RtosManager:555 - Registered RTOS mode: class=RTOS, group=Core, mode=CMSIS_V2, owner=FREERTOS
2025-05-07 16:49:15,674 [WARN] ModelIntegratedComponent:184 - Missing modes for component STMicroelectronics:FreeRTOS:0.0.1:STMicroelectronics:RTOS:FreeRTOS:Core:::10.2.0:
2025-05-07 16:49:15,678 [WARN] ModelIntegratedComponent:63 - No mode defined for component null
2025-05-07 16:49:15,679 [WARN] ModelIntegratedComponent:63 - No mode defined for component null
2025-05-07 16:49:15,679 [WARN] ModelIntegratedComponent:63 - No mode defined for component null
2025-05-07 16:49:15,679 [WARN] ModelIntegratedComponent:63 - No mode defined for component null
2025-05-07 16:49:15,679 [WARN] ModelIntegratedComponent:63 - No mode defined for component null
2025-05-07 16:49:15,679 [WARN] ModelIntegratedComponent:63 - No mode defined for component null
2025-05-07 16:49:15,679 [WARN] ModelIntegratedComponent:63 - No mode defined for component null
2025-05-07 16:49:15,679 [WARN] ModelIntegratedComponent:63 - No mode defined for component null
2025-05-07 16:49:15,679 [WARN] ModelIntegratedComponent:63 - No mode defined for component null
2025-05-07 16:49:15,679 [WARN] ModelIntegratedComponent:63 - No mode defined for component null
2025-05-07 16:49:15,679 [WARN] ModelIntegratedComponent:63 - No mode defined for component null
2025-05-07 16:49:15,679 [WARN] ModelIntegratedComponent:63 - No mode defined for component null
2025-05-07 16:49:15,679 [WARN] ModelIntegratedComponent:63 - No mode defined for component null
2025-05-07 16:49:15,679 [WARN] ModelIntegratedComponent:63 - No mode defined for component null
2025-05-07 16:49:15,679 [WARN] ModelIntegratedComponent:63 - No mode defined for component null
2025-05-07 16:49:15,679 [WARN] ModelIntegratedComponent:63 - No mode defined for component null
2025-05-07 16:49:15,679 [WARN] ModelIntegratedComponent:63 - No mode defined for component null
2025-05-07 16:49:15,679 [WARN] ModelIntegratedComponent:63 - No mode defined for component null
2025-05-07 16:49:15,679 [WARN] ModelIntegratedComponent:63 - No mode defined for component null
2025-05-07 16:49:15,679 [WARN] ModelIntegratedComponent:63 - No mode defined for component null
2025-05-07 16:49:15,679 [WARN] ModelIntegratedComponent:63 - No mode defined for component null
2025-05-07 16:49:15,679 [WARN] ModelIntegratedComponent:63 - No mode defined for component null
2025-05-07 16:49:15,679 [WARN] ModelIntegratedComponent:63 - No mode defined for component null
2025-05-07 16:49:15,679 [WARN] ModelIntegratedComponent:63 - No mode defined for component null
2025-05-07 16:49:15,679 [WARN] ModelIntegratedComponent:63 - No mode defined for component null
2025-05-07 16:49:15,679 [WARN] ModelIntegratedComponent:63 - No mode defined for component null
2025-05-07 16:49:15,679 [WARN] ModelIntegratedComponent:63 - No mode defined for component null
2025-05-07 16:49:15,680 [WARN] ModelIntegratedComponent:63 - No mode defined for component null
2025-05-07 16:49:15,680 [WARN] ModelIntegratedComponent:63 - No mode defined for component null
2025-05-07 16:49:15,680 [WARN] ModelIntegratedComponent:63 - No mode defined for component null
2025-05-07 16:49:15,680 [WARN] ModelIntegratedComponent:63 - No mode defined for component null
2025-05-07 16:49:15,680 [WARN] ModelIntegratedComponent:63 - No mode defined for component null
2025-05-07 16:49:15,680 [WARN] ModelIntegratedComponent:63 - No mode defined for component null
2025-05-07 16:49:15,749 [WARN] ModelIntegratedComponent:182 - Modes not found for component STMicroelectronics:USB_DEVICE:1.0.0:STMicroelectronics:USB::USB Device:Audio HS::1.0:USB_DEVICE_1_0_RESTRICTED_HS
2025-05-07 16:49:15,750 [WARN] ModelIntegratedComponent:188 - Modes not found for component STMicroelectronics:USB_DEVICE:1.0.0:STMicroelectronics:USB::USB Device:Audio HS::1.0:USB_DEVICE_1_0_RESTRICTED_HS
2025-05-07 16:49:15,750 [WARN] ModelIntegratedComponent:182 - Modes not found for component STMicroelectronics:USB_DEVICE:1.0.0:STMicroelectronics:USB::USB Device:CDC HS::1.0:USB_DEVICE_1_0_RESTRICTED_HS
2025-05-07 16:49:15,750 [WARN] ModelIntegratedComponent:188 - Modes not found for component STMicroelectronics:USB_DEVICE:1.0.0:STMicroelectronics:USB::USB Device:CDC HS::1.0:USB_DEVICE_1_0_RESTRICTED_HS
2025-05-07 16:49:15,750 [WARN] ModelIntegratedComponent:182 - Modes not found for component STMicroelectronics:USB_DEVICE:1.0.0:STMicroelectronics:USB::USB Device:DFU HS::1.0:USB_DEVICE_1_0_RESTRICTED_HS
2025-05-07 16:49:15,750 [WARN] ModelIntegratedComponent:188 - Modes not found for component STMicroelectronics:USB_DEVICE:1.0.0:STMicroelectronics:USB::USB Device:DFU HS::1.0:USB_DEVICE_1_0_RESTRICTED_HS
2025-05-07 16:49:15,750 [WARN] ModelIntegratedComponent:182 - Modes not found for component STMicroelectronics:USB_DEVICE:1.0.0:STMicroelectronics:USB::USB Device:HID HS::1.0:USB_DEVICE_1_0_RESTRICTED_HS
2025-05-07 16:49:15,750 [WARN] ModelIntegratedComponent:188 - Modes not found for component STMicroelectronics:USB_DEVICE:1.0.0:STMicroelectronics:USB::USB Device:HID HS::1.0:USB_DEVICE_1_0_RESTRICTED_HS
2025-05-07 16:49:15,750 [WARN] ModelIntegratedComponent:182 - Modes not found for component STMicroelectronics:USB_DEVICE:1.0.0:STMicroelectronics:USB::USB Device:Custom HID HS::1.0:USB_DEVICE_1_0_RESTRICTED_HS
2025-05-07 16:49:15,750 [WARN] ModelIntegratedComponent:188 - Modes not found for component STMicroelectronics:USB_DEVICE:1.0.0:STMicroelectronics:USB::USB Device:Custom HID HS::1.0:USB_DEVICE_1_0_RESTRICTED_HS
2025-05-07 16:49:15,750 [WARN] ModelIntegratedComponent:182 - Modes not found for component STMicroelectronics:USB_DEVICE:1.0.0:STMicroelectronics:USB::USB Device:MSC HS::1.0:USB_DEVICE_1_0_RESTRICTED_HS
2025-05-07 16:49:15,750 [WARN] ModelIntegratedComponent:188 - Modes not found for component STMicroelectronics:USB_DEVICE:1.0.0:STMicroelectronics:USB::USB Device:MSC HS::1.0:USB_DEVICE_1_0_RESTRICTED_HS
2025-05-07 16:49:15,830 [WARN] ModelIntegratedComponent:182 - Modes not found for component STMicroelectronics:USB_HOST:1.0.0:STMicroelectronics:USB::USB Host:Audio HS::1.0:USB_HOST_1_0_RESTRICTED_HS
2025-05-07 16:49:15,831 [WARN] ModelIntegratedComponent:188 - Modes not found for component STMicroelectronics:USB_HOST:1.0.0:STMicroelectronics:USB::USB Host:Audio HS::1.0:USB_HOST_1_0_RESTRICTED_HS
2025-05-07 16:49:15,831 [WARN] ModelIntegratedComponent:182 - Modes not found for component STMicroelectronics:USB_HOST:1.0.0:STMicroelectronics:USB::USB Host:CDC HS::1.0:USB_HOST_1_0_RESTRICTED_HS
2025-05-07 16:49:15,831 [WARN] ModelIntegratedComponent:188 - Modes not found for component STMicroelectronics:USB_HOST:1.0.0:STMicroelectronics:USB::USB Host:CDC HS::1.0:USB_HOST_1_0_RESTRICTED_HS
2025-05-07 16:49:15,831 [WARN] ModelIntegratedComponent:182 - Modes not found for component STMicroelectronics:USB_HOST:1.0.0:STMicroelectronics:USB::USB Host:MSC HS::1.0:USB_HOST_1_0_RESTRICTED_HS
2025-05-07 16:49:15,831 [WARN] ModelIntegratedComponent:188 - Modes not found for component STMicroelectronics:USB_HOST:1.0.0:STMicroelectronics:USB::USB Host:MSC HS::1.0:USB_HOST_1_0_RESTRICTED_HS
2025-05-07 16:49:15,831 [WARN] ModelIntegratedComponent:182 - Modes not found for component STMicroelectronics:USB_HOST:1.0.0:STMicroelectronics:USB::USB Host:HID HS::1.0:USB_HOST_1_0_RESTRICTED_HS
2025-05-07 16:49:15,831 [WARN] ModelIntegratedComponent:188 - Modes not found for component STMicroelectronics:USB_HOST:1.0.0:STMicroelectronics:USB::USB Host:HID HS::1.0:USB_HOST_1_0_RESTRICTED_HS
2025-05-07 16:49:15,831 [WARN] ModelIntegratedComponent:182 - Modes not found for component STMicroelectronics:USB_HOST:1.0.0:STMicroelectronics:USB::USB Host:MTP HS::1.0:USB_HOST_1_0_RESTRICTED_HS
2025-05-07 16:49:15,831 [WARN] ModelIntegratedComponent:188 - Modes not found for component STMicroelectronics:USB_HOST:1.0.0:STMicroelectronics:USB::USB Host:MTP HS::1.0:USB_HOST_1_0_RESTRICTED_HS
2025-05-07 16:49:15,908 [INFO] ThirdPartyModel:298 - Start build external matchings
2025-05-07 16:49:18,281 [INFO] ThirdPartyModel:316 - End build external matchings
2025-05-07 16:49:18,520 [INFO] UtilMem:75 - End LoadConfig() Used Memory: 698006408 Bytes (1073741824)
2025-05-07 16:49:18,544 [WARN] ThirdParty:833 - waiting for thirdparty lock release [change project]
2025-05-07 16:49:18,545 [INFO] ThirdParty:835 - entering critical section [change project]
2025-05-07 16:49:18,545 [INFO] ThirdParty:1030 - CMSIS Pack Vendor :STMicroelectronics USBPD 4.1
2025-05-07 16:49:18,545 [INFO] ThirdParty:1030 - CMSIS Pack Vendor :STMicroelectronics X-CUBE-GNSS1 6.0.0
2025-05-07 16:49:18,545 [INFO] ThirdParty:1030 - CMSIS Pack Vendor :STMicroelectronics USB_HOST 2.0.0
2025-05-07 16:49:18,545 [INFO] ThirdParty:1030 - CMSIS Pack Vendor :STMicroelectronics FP-SNS-MOTENVWB1 1.4.0
2025-05-07 16:49:18,545 [INFO] ThirdParty:1030 - CMSIS Pack Vendor :STMicroelectronics X-CUBE-AZRTOS-F4 1.1.0
2025-05-07 16:49:18,545 [INFO] ThirdParty:1030 - CMSIS Pack Vendor :STMicroelectronics LIBJPEG 8.0.0
2025-05-07 16:49:18,545 [INFO] ThirdParty:1030 - CMSIS Pack Vendor :STMicroelectronics FP-ATR-ASTRA1 2.0.2
2025-05-07 16:49:18,545 [INFO] ThirdParty:1030 - CMSIS Pack Vendor :STMicroelectronics FP-ATR-ASTRA1 2.0.1
2025-05-07 16:49:18,545 [INFO] ThirdParty:1030 - CMSIS Pack Vendor :STMicroelectronics X-CUBE-SMBUS 2.1.0
2025-05-07 16:49:18,545 [INFO] ThirdParty:1030 - CMSIS Pack Vendor :STMicroelectronics X-CUBE-WB05N 1.1.0
2025-05-07 16:49:18,545 [INFO] ThirdParty:1030 - CMSIS Pack Vendor :wolfSSL I-CUBE-wolfSSL 5.6.0
2025-05-07 16:49:18,545 [INFO] ThirdParty:1030 - CMSIS Pack Vendor :STMicroelectronics X-CUBE-ISPU 2.1.0
2025-05-07 16:49:18,545 [INFO] ThirdParty:1030 - CMSIS Pack Vendor :STMicroelectronics X-CUBE-FREERTOS 1.2.0
2025-05-07 16:49:18,545 [INFO] ThirdParty:1030 - CMSIS Pack Vendor :STMicroelectronics X-CUBE-TOUCHGFX 4.23.0
2025-05-07 16:49:18,545 [INFO] ThirdParty:1030 - CMSIS Pack Vendor :STMicroelectronics X-CUBE-TOUCHGFX 4.23.2
2025-05-07 16:49:18,545 [INFO] ThirdParty:1030 - CMSIS Pack Vendor :STMicroelectronics X-CUBE-AZRTOS-F7 1.1.0
2025-05-07 16:49:18,545 [INFO] ThirdParty:1030 - CMSIS Pack Vendor :STMicroelectronics X-CUBE-AZRTOS-L5 2.0.0
2025-05-07 16:49:18,545 [INFO] ThirdParty:1030 - CMSIS Pack Vendor :STMicroelectronics USB_DEVICE 2.0.0
2025-05-07 16:49:18,545 [INFO] ThirdParty:1030 - CMSIS Pack Vendor :STMicroelectronics X-CUBE-MEMS1 9.6.0
2025-05-07 16:49:18,545 [INFO] ThirdParty:1030 - CMSIS Pack Vendor :STMicroelectronics X-CUBE-EEPRMA1 4.2.0
2025-05-07 16:49:18,546 [INFO] ThirdParty:1030 - CMSIS Pack Vendor :STMicroelectronics X-CUBE-NFC6 3.1.0
2025-05-07 16:49:18,546 [INFO] ThirdParty:1030 - CMSIS Pack Vendor :ITTIA_DB I-CUBE-ITTIADB 8.8.0
2025-05-07 16:49:18,546 [INFO] ThirdParty:1030 - CMSIS Pack Vendor :STMicroelectronics FP-SNS-MOTENV1 4.3.0
2025-05-07 16:49:18,546 [INFO] ThirdParty:1030 - CMSIS Pack Vendor :STMicroelectronics FP-SNS-MOTENV1 4.3.2
2025-05-07 16:49:18,546 [INFO] ThirdParty:1030 - CMSIS Pack Vendor :STMicroelectronics FP-SNS-FLIGHT1 5.0.0
2025-05-07 16:49:18,546 [INFO] ThirdParty:1030 - CMSIS Pack Vendor :STMicroelectronics X-CUBE-BLE1 6.2.4
2025-05-07 16:49:18,546 [INFO] ThirdParty:1030 - CMSIS Pack Vendor :STMicroelectronics FreeRTOS 0.0.1
2025-05-07 16:49:18,546 [INFO] ThirdParty:1030 - CMSIS Pack Vendor :emotas I-CUBE-CANOPEN 1.1.3
2025-05-07 16:49:18,546 [INFO] ThirdParty:1030 - CMSIS Pack Vendor :STMicroelectronics X-CUBE-BLEMGR 2.0.0
2025-05-07 16:49:18,546 [INFO] ThirdParty:1030 - CMSIS Pack Vendor :STMicroelectronics FP-SNS-FLIGHT1 5.0.2
2025-05-07 16:49:18,546 [INFO] ThirdParty:1030 - CMSIS Pack Vendor :STMicroelectronics X-CUBE-AI 9.0.0
2025-05-07 16:49:18,546 [INFO] ThirdParty:1030 - CMSIS Pack Vendor :STMicroelectronics X-CUBE-AZRTOS-H7 3.1.0
2025-05-07 16:49:18,546 [INFO] ThirdParty:1030 - CMSIS Pack Vendor :STMicroelectronics PDM2PCM 3.3.0
2025-05-07 16:49:18,546 [INFO] ThirdParty:1030 - CMSIS Pack Vendor :STMicroelectronics X-CUBE-DISPLAY 3.0.0
2025-05-07 16:49:18,546 [INFO] ThirdParty:1030 - CMSIS Pack Vendor :STMicroelectronics X-CUBE-BLE1 7.0.0
2025-05-07 16:49:18,546 [INFO] ThirdParty:1030 - CMSIS Pack Vendor :STMicroelectronics X-CUBE-NFC10 1.0.0
2025-05-07 16:49:18,546 [INFO] ThirdParty:1030 - CMSIS Pack Vendor :STMicroelectronics HAL Drivers 0.0.0
2025-05-07 16:49:18,546 [INFO] ThirdParty:1030 - CMSIS Pack Vendor :emotas I-CUBE-CANOPEN 1.3.0
2025-05-07 16:49:18,546 [INFO] ThirdParty:1030 - CMSIS Pack Vendor :STMicroelectronics X-CUBE-FREERTOS 1.3.0
2025-05-07 16:49:18,546 [INFO] ThirdParty:1030 - CMSIS Pack Vendor :STMicroelectronics X-CUBE-TOUCHGFX 4.22.0
2025-05-07 16:49:18,546 [INFO] ThirdParty:1030 - CMSIS Pack Vendor :STMicroelectronics X-CUBE-NFC7 1.0.1
2025-05-07 16:49:18,546 [INFO] ThirdParty:1030 - CMSIS Pack Vendor :STMicroelectronics MBEDTLS 2.14.1
2025-05-07 16:49:18,547 [INFO] ThirdParty:1030 - CMSIS Pack Vendor :STMicroelectronics X-CUBE-NFC7 1.0.0
2025-05-07 16:49:18,547 [INFO] ThirdParty:1030 - CMSIS Pack Vendor :STMicroelectronics X-CUBE-TOUCHGFX 4.22.1
2025-05-07 16:49:18,547 [INFO] ThirdParty:1030 - CMSIS Pack Vendor :wolfSSL I-CUBE-wolfTPM 3.2.0
2025-05-07 16:49:18,547 [INFO] ThirdParty:1030 - CMSIS Pack Vendor :STMicroelectronics X-CUBE-NFC6 3.0.0
2025-05-07 16:49:18,547 [INFO] ThirdParty:1030 - CMSIS Pack Vendor :STMicroelectronics X-CUBE-EEPRMA1 4.1.0
2025-05-07 16:49:18,547 [INFO] ThirdParty:1030 - CMSIS Pack Vendor :STMicroelectronics X-CUBE-BLEMGR 3.1.0
2025-05-07 16:49:18,547 [INFO] ThirdParty:1030 - CMSIS Pack Vendor :STMicroelectronics X-CUBE-AI 10.0.0
2025-05-07 16:49:18,547 [INFO] ThirdParty:1030 - CMSIS Pack Vendor :STMicroelectronics FP-SNS-SMARTAG2 1.2.0
2025-05-07 16:49:18,547 [INFO] ThirdParty:1030 - CMSIS Pack Vendor :STMicroelectronics X-CUBE-MEMS1 11.1.0
2025-05-07 16:49:18,547 [INFO] ThirdParty:1030 - CMSIS Pack Vendor :STMicroelectronics X-CUBE-AZRTOS-WL 2.0.0
2025-05-07 16:49:18,547 [INFO] ThirdParty:1030 - CMSIS Pack Vendor :STMicroelectronics FP-SNS-MOTENV1 5.0.0
2025-05-07 16:49:18,547 [INFO] ThirdParty:1030 - CMSIS Pack Vendor :STMicroelectronics USB_DEVICE 1.0.0
2025-05-07 16:49:18,547 [INFO] ThirdParty:1030 - CMSIS Pack Vendor :STMicroelectronics X-CUBE-AI 8.1.0
2025-05-07 16:49:18,547 [INFO] ThirdParty:1030 - CMSIS Pack Vendor :wolfSSL I-CUBE-wolfMQTT 1.19.0
2025-05-07 16:49:18,547 [INFO] ThirdParty:1030 - CMSIS Pack Vendor :STMicroelectronics X-CUBE-AZRTOS-L4 2.0.0
2025-05-07 16:49:18,547 [INFO] ThirdParty:1030 - CMSIS Pack Vendor :STMicroelectronics ThreadX 0.0.2
2025-05-07 16:49:18,547 [INFO] ThirdParty:1030 - CMSIS Pack Vendor :WES I-CUBE-Cesium 1.3.0
2025-05-07 16:49:18,547 [INFO] ThirdParty:1030 - CMSIS Pack Vendor :STMicroelectronics lwIP 2.1.2
2025-05-07 16:49:18,548 [INFO] ThirdParty:1030 - CMSIS Pack Vendor :STMicroelectronics X-CUBE-SFXS2LP1 4.0.0
2025-05-07 16:49:18,548 [INFO] ThirdParty:1030 - CMSIS Pack Vendor :STMicroelectronics X-CUBE-BLE2 3.3.0
2025-05-07 16:49:18,548 [INFO] ThirdParty:1030 - CMSIS Pack Vendor :STMicroelectronics PDM2PCM 3.2.0
2025-05-07 16:49:18,548 [INFO] ThirdParty:1030 - CMSIS Pack Vendor :STMicroelectronics X-CUBE-ISPU 1.1.0
2025-05-07 16:49:18,548 [INFO] ThirdParty:1030 - CMSIS Pack Vendor :STMicroelectronics X-CUBE-AZRTOS-H7 3.3.0
2025-05-07 16:49:18,548 [INFO] ThirdParty:1030 - CMSIS Pack Vendor :STMicroelectronics X-CUBE-NFC9 1.0.0
2025-05-07 16:49:18,548 [INFO] ThirdParty:1030 - CMSIS Pack Vendor :STMicroelectronics X-CUBE-BLE1 7.1.0
2025-05-07 16:49:18,548 [INFO] ThirdParty:1030 - CMSIS Pack Vendor :STMicroelectronics USB_DEVICE 3.0.0
2025-05-07 16:49:18,548 [INFO] ThirdParty:1030 - CMSIS Pack Vendor :STMicroelectronics X-CUBE-TCPP 4.1.0
2025-05-07 16:49:18,548 [INFO] ThirdParty:1030 - CMSIS Pack Vendor :STMicroelectronics X-CUBE-AZRTOS-WB 2.0.0
2025-05-07 16:49:18,548 [INFO] ThirdParty:1030 - CMSIS Pack Vendor :STMicroelectronics X-CUBE-FREERTOS 1.0.1
2025-05-07 16:49:18,548 [INFO] ThirdParty:1030 - CMSIS Pack Vendor :STMicroelectronics X-CUBE-GNSS1 7.0.1
2025-05-07 16:49:18,548 [INFO] ThirdParty:1030 - CMSIS Pack Vendor :STMicroelectronics X-CUBE-TOUCHGFX 4.21.4
2025-05-07 16:49:18,548 [INFO] ThirdParty:1030 - CMSIS Pack Vendor :STMicroelectronics X-CUBE-TOUCHGFX 4.25.0
2025-05-07 16:49:18,548 [INFO] ThirdParty:1030 - CMSIS Pack Vendor :STMicroelectronics X-CUBE-ALGOBUILD 1.3.0
2025-05-07 16:49:18,548 [INFO] ThirdParty:1030 - CMSIS Pack Vendor :STMicroelectronics X-CUBE-AZRTOS-L5 1.1.0
2025-05-07 16:49:18,548 [INFO] ThirdParty:1030 - CMSIS Pack Vendor :STMicroelectronics X-CUBE-MEMS1 11.2.0
2025-05-07 16:49:18,548 [INFO] ThirdParty:1030 - CMSIS Pack Vendor :STMicroelectronics X-CUBE-AZRTOS-G0 1.1.0
2025-05-07 16:49:18,548 [INFO] ThirdParty:1030 - CMSIS Pack Vendor :STMicroelectronics X-CUBE-AI 8.0.1
2025-05-07 16:49:18,548 [INFO] ThirdParty:1030 - CMSIS Pack Vendor :STMicroelectronics X-CUBE-SAFEA1 1.2.2
2025-05-07 16:49:18,549 [INFO] ThirdParty:1030 - CMSIS Pack Vendor :STMicroelectronics X-CUBE-NFC4 3.0.0
2025-05-07 16:49:18,549 [INFO] ThirdParty:1030 - CMSIS Pack Vendor :STMicroelectronics X-CUBE-SUBG2 5.0.0
2025-05-07 16:49:18,549 [INFO] ThirdParty:1030 - CMSIS Pack Vendor :STMicroelectronics X-CUBE-AZRTOS-H7RS 1.1.0
2025-05-07 16:49:18,549 [INFO] ThirdParty:1030 - CMSIS Pack Vendor :STMicroelectronics STM32_WPAN 1.0.0
2025-05-07 16:49:18,549 [INFO] ThirdParty:1030 - CMSIS Pack Vendor :wolfSSL I-CUBE-wolfMQTT 1.18.0
2025-05-07 16:49:18,549 [INFO] ThirdParty:1030 - CMSIS Pack Vendor :STMicroelectronics lwIP 2.0.3
2025-05-07 16:49:18,549 [INFO] ThirdParty:1030 - CMSIS Pack Vendor :Cesanta I-CUBE-Mongoose 7.13.0
2025-05-07 16:49:18,549 [INFO] ThirdParty:1030 - CMSIS Pack Vendor :STMicroelectronics USB_HOST 1.0.0
2025-05-07 16:49:18,549 [INFO] ThirdParty:1030 - CMSIS Pack Vendor :STMicroelectronics X-CUBE-TOF1 3.3.1
2025-05-07 16:49:18,549 [INFO] ThirdParty:1030 - CMSIS Pack Vendor :STMicroelectronics X-CUBE-AZRTOS-G4 2.0.0
2025-05-07 16:49:18,549 [INFO] ThirdParty:1030 - CMSIS Pack Vendor :STMicroelectronics X-CUBE-WB05N 2.0.0
2025-05-07 16:49:18,549 [INFO] ThirdParty:1030 - CMSIS Pack Vendor :STMicroelectronics PDM2PCM 3.1.0
2025-05-07 16:49:18,549 [INFO] ThirdParty:1030 - CMSIS Pack Vendor :STMicroelectronics X-CUBE-TOF1 3.3.0
2025-05-07 16:49:18,549 [INFO] ThirdParty:1030 - CMSIS Pack Vendor :Infineon AIROC-Wi-Fi-Bluetooth-STM32 1.5.1
2025-05-07 16:49:18,549 [INFO] ThirdParty:1030 - CMSIS Pack Vendor :STMicroelectronics X-CUBE-BLEMGR 3.0.0
2025-05-07 16:49:18,549 [INFO] ThirdParty:1030 - CMSIS Pack Vendor :STMicroelectronics FP-SNS-MOTENVWB1 1.3.0
2025-05-07 16:49:18,549 [INFO] ThirdParty:1030 - CMSIS Pack Vendor :STMicroelectronics X-CUBE-NFC7 2.0.0
2025-05-07 16:49:18,550 [INFO] ThirdParty:1030 - CMSIS Pack Vendor :STMicroelectronics FP-SNS-MOTENVWB1 1.3.1
2025-05-07 16:49:18,550 [INFO] ThirdParty:1030 - CMSIS Pack Vendor :STMicroelectronics FP-ATR-SIGFOX1 3.2.0
2025-05-07 16:49:18,550 [INFO] ThirdParty:1030 - CMSIS Pack Vendor :STMicroelectronics X-CUBE-AZRTOS-L4 1.0.0
2025-05-07 16:49:18,550 [INFO] ThirdParty:1030 - CMSIS Pack Vendor :STMicroelectronics X-CUBE-ISPU 2.0.0
2025-05-07 16:49:18,550 [INFO] ThirdParty:1030 - CMSIS Pack Vendor :STMicroelectronics X-CUBE-EEPRMA1 5.1.0
2025-05-07 16:49:18,550 [INFO] ThirdParty:1030 - CMSIS Pack Vendor :STMicroelectronics MBEDTLS 2.16.2
2025-05-07 16:49:18,550 [INFO] ThirdParty:1030 - CMSIS Pack Vendor :STMicroelectronics X-CUBE-ALS 1.0.2
2025-05-07 16:49:18,550 [INFO] ThirdParty:1030 - CMSIS Pack Vendor :STMicroelectronics X-CUBE-MEMS1 10.0.0
2025-05-07 16:49:18,550 [INFO] ThirdParty:1030 - CMSIS Pack Vendor :STMicroelectronics X-CUBE-FREERTOS 1.1.0
2025-05-07 16:49:18,551 [INFO] ThirdParty:1030 - CMSIS Pack Vendor :wolfSSL I-CUBE-wolfSSL 5.7.6
2025-05-07 16:49:18,551 [INFO] ThirdParty:1030 - CMSIS Pack Vendor :STMicroelectronics X-CUBE-TOUCHGFX 4.24.0
2025-05-07 16:49:18,551 [INFO] ThirdParty:1030 - CMSIS Pack Vendor :ITTIA_DB I-CUBE-ITTIADB 8.9.0
2025-05-07 16:49:18,551 [INFO] ThirdParty:1030 - CMSIS Pack Vendor :STMicroelectronics X-CUBE-TOUCHGFX 4.24.2
2025-05-07 16:49:18,551 [INFO] ThirdParty:1030 - CMSIS Pack Vendor :STMicroelectronics X-CUBE-AZRTOS-WL 1.0.0
2025-05-07 16:49:18,551 [INFO] ThirdParty:1030 - CMSIS Pack Vendor :STMicroelectronics X-CUBE-TOUCHGFX 4.24.1
2025-05-07 16:49:18,551 [INFO] ThirdParty:1030 - CMSIS Pack Vendor :wolfSSL I-CUBE-wolfTPM 3.4.0
2025-05-07 16:49:18,551 [INFO] ThirdParty:1030 - CMSIS Pack Vendor :portGmbH I-Cube-SoM-uGOAL 1.1.0
2025-05-07 16:49:18,551 [INFO] ThirdParty:1030 - CMSIS Pack Vendor :STMicroelectronics X-CUBE-ALS 1.0.1
2025-05-07 16:49:18,551 [INFO] ThirdParty:1030 - CMSIS Pack Vendor :STMicroelectronics ThreadX 1.0.0
2025-05-07 16:49:18,551 [INFO] ThirdParty:1030 - CMSIS Pack Vendor :STMicroelectronics X-CUBE-AZRTOS-WB 1.1.0
2025-05-07 16:49:18,551 [INFO] ThirdParty:1030 - CMSIS Pack Vendor :SEGGER I-CUBE-embOS 1.3.1
2025-05-07 16:49:18,551 [INFO] ThirdParty:1030 - CMSIS Pack Vendor :STMicroelectronics X-CUBE-ALGOBUILD 1.4.0
2025-05-07 16:49:18,551 [INFO] ThirdParty:1030 - CMSIS Pack Vendor :STMicroelectronics X-CUBE-AZRTOS-H7RS 1.0.0
2025-05-07 16:49:18,551 [INFO] ThirdParty:1030 - CMSIS Pack Vendor :STMicroelectronics FP-ATR-ASTRA1 2.0.0
2025-05-07 16:49:18,551 [INFO] ThirdParty:1030 - CMSIS Pack Vendor :STMicroelectronics X-CUBE-AI 9.1.0
2025-05-07 16:49:18,551 [INFO] ThirdParty:1030 - CMSIS Pack Vendor :STMicroelectronics X-CUBE-TOF1 3.4.0
2025-05-07 16:49:18,551 [INFO] ThirdParty:1030 - CMSIS Pack Vendor :STMicroelectronics X-CUBE-TOF1 3.4.1
2025-05-07 16:49:18,551 [INFO] ThirdParty:1030 - CMSIS Pack Vendor :STMicroelectronics X-CUBE-AZRTOS-H7 3.2.0
2025-05-07 16:49:18,551 [INFO] ThirdParty:1030 - CMSIS Pack Vendor :wolfSSL I-CUBE-wolfSSH 1.4.17
2025-05-07 16:49:18,552 [INFO] ThirdParty:841 - exiting critical section [change project]
2025-05-07 16:49:18,726 [INFO] PinOutPanel:1499 - setPackage(No Configuration,No Configuration)
2025-05-07 16:49:18,728 [INFO] PinOutPanel:1499 - setPackage(STM32F401CCUx,UFQFPN48)
2025-05-07 16:49:18,926 [INFO] UtilMem:75 - Before build in PCC Used Memory: 809612016 Bytes (1073741824)
2025-05-07 16:49:19,139 [INFO] UtilMem:75 - After build in PCC Used Memory: 854700784 Bytes (1073741824)
2025-05-07 16:49:19,154 [INFO] IPUIPlugin:80 - create IPUIPlugin
2025-05-07 16:49:19,154 [INFO] IPUIPlugin:80 - create IPUIPlugin
2025-05-07 16:49:19,154 [INFO] IPUIPlugin:80 - create IPUIPlugin
2025-05-07 16:49:19,154 [INFO] IPUIPlugin:80 - create IPUIPlugin
2025-05-07 16:49:19,154 [INFO] IPUIPlugin:80 - create IPUIPlugin
2025-05-07 16:49:19,154 [INFO] IPUIPlugin:80 - create IPUIPlugin
2025-05-07 16:49:19,154 [INFO] IPUIPlugin:80 - create IPUIPlugin
2025-05-07 16:49:19,154 [INFO] IPUIPlugin:80 - create IPUIPlugin
2025-05-07 16:49:19,154 [INFO] IPUIPlugin:80 - create IPUIPlugin
2025-05-07 16:49:19,154 [INFO] IPUIPlugin:80 - create IPUIPlugin
2025-05-07 16:49:19,154 [INFO] IPUIPlugin:80 - create IPUIPlugin
2025-05-07 16:49:19,154 [INFO] IPUIPlugin:80 - create IPUIPlugin
2025-05-07 16:49:19,155 [INFO] IPUIPlugin:80 - create IPUIPlugin
2025-05-07 16:49:19,155 [INFO] IPUIPlugin:80 - create IPUIPlugin
2025-05-07 16:49:19,155 [INFO] IPUIPlugin:80 - create IPUIPlugin
2025-05-07 16:49:19,155 [INFO] IPUIPlugin:80 - create IPUIPlugin
2025-05-07 16:49:19,155 [INFO] IPUIPlugin:80 - create IPUIPlugin
2025-05-07 16:49:19,156 [INFO] IPUIPlugin:80 - create IPUIPlugin
2025-05-07 16:49:19,156 [INFO] IPUIPlugin:80 - create IPUIPlugin
2025-05-07 16:49:19,156 [INFO] IPUIPlugin:80 - create IPUIPlugin
2025-05-07 16:49:19,156 [INFO] IPUIPlugin:80 - create IPUIPlugin
2025-05-07 16:49:19,156 [INFO] IPUIPlugin:80 - create IPUIPlugin
2025-05-07 16:49:19,156 [INFO] IPUIPlugin:80 - create IPUIPlugin
2025-05-07 16:49:19,156 [INFO] IPUIPlugin:80 - create IPUIPlugin
2025-05-07 16:49:19,156 [INFO] IPUIPlugin:80 - create IPUIPlugin
2025-05-07 16:49:19,157 [INFO] IPUIPlugin:80 - create IPUIPlugin
2025-05-07 16:49:19,157 [INFO] IPUIPlugin:80 - create IPUIPlugin
2025-05-07 16:49:19,157 [INFO] IPUIPlugin:80 - create IPUIPlugin
2025-05-07 16:49:19,157 [INFO] IPUIPlugin:80 - create IPUIPlugin
2025-05-07 16:49:19,157 [INFO] IPUIPlugin:80 - create IPUIPlugin
2025-05-07 16:49:19,157 [INFO] IPUIPlugin:80 - create IPUIPlugin
2025-05-07 16:49:19,157 [INFO] IPUIPlugin:80 - create IPUIPlugin
2025-05-07 16:49:19,158 [INFO] IPUIPlugin:80 - create IPUIPlugin
2025-05-07 16:49:19,158 [INFO] IPUIPlugin:80 - create IPUIPlugin
2025-05-07 16:49:19,158 [INFO] IPUIPlugin:80 - create IPUIPlugin
2025-05-07 16:49:19,158 [INFO] IPUIPlugin:80 - create IPUIPlugin
2025-05-07 16:49:19,158 [INFO] IPUIPlugin:80 - create IPUIPlugin
2025-05-07 16:49:19,180 [INFO] ApiDbMcu:507 - Load IP Config File for PDM2PCM
2025-05-07 16:49:19,201 [INFO] CADModel:165 - CPN selected for project levelSTM32F401CCU6
2025-05-07 16:49:19,201 [INFO] CADModel:114 - Register for checkConnection events
2025-05-07 16:49:19,252 [INFO] OpenFileManager:328 - Restore cursor
2025-05-07 16:49:19,612 [INFO] UtilMem:75 - End SaveConfig() Used Memory: 922398056 Bytes (1073741824)
2025-05-07 16:49:19,673 [INFO] UtilMem:75 - End SaveConfig() Used Memory: 938586864 Bytes (1073741824)
2025-05-07 16:49:19,855 [INFO] BlockDiagram:2759 - set Specific Code input for plugin: NVIC
2025-05-07 16:49:19,856 [INFO] BlockDiagram:2759 - set Specific Code input for plugin: RCC
2025-05-07 16:49:19,857 [INFO] CodeGenerator:799 - code generatio: config db path: D:\ITC\STM32\STM32CubeIDE_1.13.0\STM32CubeIDE\plugins\com.st.stm32cube.common.mx_6.9.0.202307051724\\db\
2025-05-07 16:49:19,976 [INFO] CodeEngine:255 - oldGeneratedFile, D:\AIFARM\STM32_GREENB\stm32f401ccu6_pump\MXTmpFiles\license.tmp_save
2025-05-07 16:49:20,104 [INFO] CodeEngine:279 - Generated code: D:\AIFARM\STM32_GREENB\stm32f401ccu6_pump\MXTmpFiles\license.tmp
2025-05-07 16:49:20,114 [INFO] CodeEngine:255 - oldGeneratedFile, D:\AIFARM\STM32_GREENB\stm32f401ccu6_pump\Core\Src\stm32f4xx_it.c_save
2025-05-07 16:49:20,397 [INFO] CodeEngine:279 - Generated code: D:\AIFARM\STM32_GREENB\stm32f401ccu6_pump\Core\Src\stm32f4xx_it.c
2025-05-07 16:49:20,401 [INFO] CodeEngine:255 - oldGeneratedFile, D:\AIFARM\STM32_GREENB\stm32f401ccu6_pump\Core\Inc\stm32f4xx_it.h_save
2025-05-07 16:49:20,466 [INFO] CodeEngine:279 - Generated code: D:\AIFARM\STM32_GREENB\stm32f401ccu6_pump\Core\Inc\stm32f4xx_it.h
2025-05-07 16:49:20,546 [INFO] CodeEngine:255 - oldGeneratedFile, D:\AIFARM\STM32_GREENB\stm32f401ccu6_pump\Core\Src\stm32f4xx_hal_msp.c_save
2025-05-07 16:49:20,644 [INFO] CodeEngine:279 - Generated code: D:\AIFARM\STM32_GREENB\stm32f401ccu6_pump\Core\Src\stm32f4xx_hal_msp.c
2025-05-07 16:49:20,647 [INFO] CodeEngine:255 - oldGeneratedFile, D:\AIFARM\STM32_GREENB\stm32f401ccu6_pump\MXTmpFiles\system.tmp_save
2025-05-07 16:49:20,702 [INFO] CodeEngine:279 - Generated code: D:\AIFARM\STM32_GREENB\stm32f401ccu6_pump\MXTmpFiles\system.tmp
2025-05-07 16:49:20,717 [INFO] CodeEngine:311 - oldGeneratedFile, D:\AIFARM\STM32_GREENB\stm32f401ccu6_pump\Core\Inc\stm32f4xx_hal_conf.h_save
2025-05-07 16:49:20,797 [INFO] CodeEngine:335 - Generated code: D:\AIFARM\STM32_GREENB\stm32f401ccu6_pump\Core\Inc\stm32f4xx_hal_conf.h
2025-05-07 16:49:20,847 [INFO] CodeEngine:255 - oldGeneratedFile, D:\AIFARM\STM32_GREENB\stm32f401ccu6_pump\Core\Inc\main.h_save
2025-05-07 16:49:20,947 [INFO] CodeEngine:279 - Generated code: D:\AIFARM\STM32_GREENB\stm32f401ccu6_pump\Core\Inc\main.h
2025-05-07 16:49:20,957 [INFO] CodeEngine:255 - oldGeneratedFile, D:\AIFARM\STM32_GREENB\stm32f401ccu6_pump\Core\Src\main.c_save
2025-05-07 16:49:21,057 [INFO] CodeEngine:279 - Generated code: D:\AIFARM\STM32_GREENB\stm32f401ccu6_pump\Core\Src\main.c
2025-05-07 16:49:21,634 [INFO] ProjectBuilder:3064 - Time for Copy HAL[1] : 254mS.
2025-05-07 16:49:21,638 [INFO] ProjectBuilder:4404 - Project Generator version: 4.1.0
2025-05-07 16:49:21,856 [INFO] ConfigFileManager:1457 - The Die is : DIE423
2025-05-07 16:49:21,868 [INFO] ApiDbMcu:507 - Load IP Config File for FATFS
2025-05-07 16:49:21,882 [INFO] ApiDbMcu:507 - Load IP Config File for FREERTOS
2025-05-07 16:49:21,894 [INFO] ApiDbMcu:507 - Load IP Config File for LIBJPEG
2025-05-07 16:49:21,913 [INFO] ApiDbMcu:507 - Load IP Config File for MBEDTLS
2025-05-07 16:49:21,930 [INFO] ApiDbMcu:507 - Load IP Config File for USB_DEVICE
2025-05-07 16:49:21,943 [INFO] ApiDbMcu:507 - Load IP Config File for USB_HOST
2025-05-07 16:49:25,545 [INFO] ProjectBuilder:4626 - Time for Generating toolchain IDE Files: 3907mS.
2025-05-07 16:49:25,545 [INFO] ProjectBuilder:2935 - Time for Copy CMSIS : 0mS.
2025-05-07 16:49:25,546 [INFO] ProjectBuilder:2935 - Time for Copy CMSIS : 0mS.
2025-05-07 16:49:26,766 [INFO] McuFinderGlobals:76 - Set McuFinderConnectedMode to true
2025-05-07 16:49:26,773 [INFO] ApiDb:448 - Save user favorites file C:\Users\msi1/.stm32cubeide/favorites.mcus.txt: 4 item(s)
2025-05-07 16:49:26,774 [INFO] ApiDb:452 - User favorites MCUs=[STM32F103CBT6, STM32F303VCT6, STM32F401CCU6, STM32F407VGT6]
2025-05-07 21:48:06,537 [INFO] Activator:176 - 


2025-05-07 21:48:06,542 [INFO] Activator:177 - !SESSION log4j initialized
2025-05-07 21:48:13,537 [INFO] LogOutputStream:77 - [STDOUT_REDIRECT] 
2025-05-07 21:48:19,481 [INFO] ApplicationProperties:184 - Using Application install path: D:\ITC\STM32\STM32CubeIDE_1.13.0\STM32CubeIDE\plugins\com.st.stm32cube.common.mx_6.9.0.202307051724
2025-05-07 21:48:19,509 [INFO] DbMcusXml:78 - Set database path to: D:\ITC\STM32\STM32CubeIDE_1.13.0\STM32CubeIDE\plugins\com.st.stm32cube.common.mx_6.9.0.202307051724\\db\/mcu/
2025-05-07 21:48:19,510 [INFO] ApiDb:274 - Set plugin database path to: D:\ITC\STM32\STM32CubeIDE_1.13.0\STM32CubeIDE\plugins\com.st.stm32cube.common.mx_6.9.0.202307051724\\db\/plugins/boardmanager/
2025-05-07 21:48:19,510 [WARN] ApiDb:259 - Overriding images path with different value:  => D:\ITC\STM32\STM32CubeIDE_1.13.0\STM32CubeIDE\plugins\com.st.stm32cube.common.mx_6.9.0.202307051724\\db\/plugins/mcufinder/images/
2025-05-07 21:48:19,528 [INFO] ApiDb:250 - Set database path to: C:\Users\msi1\.stmcufinder\plugins\mcufinder//mcu/
2025-05-07 21:48:19,530 [INFO] DbMcusAds:125 - Set database path to: C:\Users\msi1\.stmcufinder\plugins\mcufinder//mcu/
2025-05-07 21:48:19,533 [INFO] CrossReferenceDbSqlite:203 - Set database path to: C:\Users\msi1\.stmcufinder\plugins\mcufinder//mcu/cs/
2025-05-07 21:48:19,644 [INFO] RulesReader:64 - Compatibility file has been processed (293 Rules)
2025-05-07 21:48:19,731 [INFO] DbMcusXml:78 - Set database path to: D:\ITC\STM32\STM32CubeIDE_1.13.0\STM32CubeIDE\plugins\com.st.stm32cube.common.mx_6.9.0.202307051724\\db\/mcu/
2025-05-07 21:48:19,732 [INFO] ApiDb:274 - Set plugin database path to: D:\ITC\STM32\STM32CubeIDE_1.13.0\STM32CubeIDE\plugins\com.st.stm32cube.common.mx_6.9.0.202307051724\\db\/plugins/boardmanager/
2025-05-07 21:48:19,732 [INFO] ApiDb:261 - Set plugin images path to: D:\ITC\STM32\STM32CubeIDE_1.13.0\STM32CubeIDE\plugins\com.st.stm32cube.common.mx_6.9.0.202307051724\\db\/plugins/mcufinder/images/
2025-05-07 21:48:19,732 [WARN] DbFile:41 - Overriding database path with different value: C:\Users\msi1\.stmcufinder\plugins\mcufinder/ => C:\Users\msi1\.stmcufinder\plugins\mcufinder
2025-05-07 21:48:19,732 [INFO] ApiDb:250 - Set database path to: C:\Users\msi1\.stmcufinder\plugins\mcufinder//mcu/
2025-05-07 21:48:19,732 [WARN] DbFile:41 - Overriding database path with different value: C:\Users\msi1\.stmcufinder\plugins\mcufinder/ => C:\Users\msi1\.stmcufinder\plugins\mcufinder
2025-05-07 21:48:19,732 [INFO] DbMcusAds:125 - Set database path to: C:\Users\msi1\.stmcufinder\plugins\mcufinder//mcu/
2025-05-07 21:48:19,732 [WARN] DbFile:41 - Overriding database path with different value: C:\Users\msi1\.stmcufinder\plugins\mcufinder/ => C:\Users\msi1\.stmcufinder\plugins\mcufinder
2025-05-07 21:48:19,732 [WARN] DbFile:41 - Overriding database path with different value: C:\Users\msi1\.stmcufinder\plugins\mcufinder/ => C:\Users\msi1\.stmcufinder\plugins\mcufinder
2025-05-07 21:48:19,732 [INFO] CrossReferenceDbSqlite:203 - Set database path to: C:\Users\msi1\.stmcufinder\plugins\mcufinder//mcu/cs/
2025-05-07 21:48:19,812 [INFO] MainPanel:262 - HeapMemory: 268435456
2025-05-07 21:48:19,960 [INFO] DbMcusXml:78 - Set database path to: D:\ITC\STM32\STM32CubeIDE_1.13.0\STM32CubeIDE\plugins\com.st.stm32cube.common.mx_6.9.0.202307051724\\db\/mcu/
2025-05-07 21:48:19,960 [INFO] ApiDb:274 - Set plugin database path to: D:\ITC\STM32\STM32CubeIDE_1.13.0\STM32CubeIDE\plugins\com.st.stm32cube.common.mx_6.9.0.202307051724\\db\/plugins/boardmanager/
2025-05-07 21:48:19,960 [INFO] ApiDb:261 - Set plugin images path to: D:\ITC\STM32\STM32CubeIDE_1.13.0\STM32CubeIDE\plugins\com.st.stm32cube.common.mx_6.9.0.202307051724\\db\/plugins/mcufinder/images/
2025-05-07 21:48:19,960 [WARN] DbFile:41 - Overriding database path with different value: C:\Users\msi1\.stmcufinder\plugins\mcufinder/ => C:\Users\msi1\.stmcufinder\plugins\mcufinder
2025-05-07 21:48:19,960 [INFO] ApiDb:250 - Set database path to: C:\Users\msi1\.stmcufinder\plugins\mcufinder//mcu/
2025-05-07 21:48:19,960 [WARN] DbFile:41 - Overriding database path with different value: C:\Users\msi1\.stmcufinder\plugins\mcufinder/ => C:\Users\msi1\.stmcufinder\plugins\mcufinder
2025-05-07 21:48:19,960 [INFO] DbMcusAds:125 - Set database path to: C:\Users\msi1\.stmcufinder\plugins\mcufinder//mcu/
2025-05-07 21:48:19,961 [WARN] DbFile:41 - Overriding database path with different value: C:\Users\msi1\.stmcufinder\plugins\mcufinder/ => C:\Users\msi1\.stmcufinder\plugins\mcufinder
2025-05-07 21:48:19,961 [WARN] DbFile:41 - Overriding database path with different value: C:\Users\msi1\.stmcufinder\plugins\mcufinder/ => C:\Users\msi1\.stmcufinder\plugins\mcufinder
2025-05-07 21:48:19,961 [INFO] CrossReferenceDbSqlite:203 - Set database path to: C:\Users\msi1\.stmcufinder\plugins\mcufinder//mcu/cs/
2025-05-07 21:48:19,981 [INFO] ApplicationProperties:184 - Using Application install path: D:\ITC\STM32\STM32CubeIDE_1.13.0\STM32CubeIDE\plugins\com.st.stm32cube.common.mx_6.9.0.202307051724
2025-05-07 21:48:19,982 [INFO] PluginManage:196 - Search for loadable plugins [exclusion list=, ]
2025-05-07 21:48:19,983 [INFO] PluginManage:310 - Check plugin analytics
2025-05-07 21:48:20,153 [INFO] AnalyticsPlugin:253 - Accepted Software Licenses: 
2025-05-07 21:48:20,153 [INFO] AnalyticsPlugin:255 - Accepted CMSIS Pack Licenses: 
2025-05-07 21:48:20,153 [INFO] AnalyticsPlugin:257 - Accepted Firmware Licenses: FW.F4.1.27.0
2025-05-07 21:48:20,155 [INFO] PluginManage:359 - Loaded plugin analytics (category:tool,tabindex:-1)
2025-05-07 21:48:20,155 [INFO] PluginManage:310 - Check plugin cadmodel
2025-05-07 21:48:20,170 [INFO] CADModel:105 - Init CAD model plugin
2025-05-07 21:48:20,170 [INFO] PluginManage:359 - Loaded plugin cadmodel (category:power,tabindex:5)
2025-05-07 21:48:20,170 [INFO] PluginManage:310 - Check plugin clock
2025-05-07 21:48:20,190 [INFO] PluginManage:359 - Loaded plugin clock (category:base,tabindex:2)
2025-05-07 21:48:20,190 [INFO] PluginManage:310 - Check plugin ddr
2025-05-07 21:48:20,192 [INFO] PluginManage:359 - Loaded plugin ddr (category:tool,tabindex:6)
2025-05-07 21:48:20,193 [INFO] PluginManage:310 - Check plugin filemanager
2025-05-07 21:48:20,335 [INFO] PluginManage:359 - Loaded plugin filemanager (category:base,tabindex:10)
2025-05-07 21:48:20,335 [INFO] PluginManage:310 - Check plugin ipmanager
2025-05-07 21:48:20,343 [INFO] PluginManage:359 - Loaded plugin ipmanager (category:base,tabindex:5)
2025-05-07 21:48:20,343 [INFO] PluginManage:310 - Check plugin lpbam
2025-05-07 21:48:20,361 [INFO] PluginManage:359 - Loaded plugin lpbam (category:base,tabindex:0)
2025-05-07 21:48:20,361 [INFO] PluginManage:310 - Check plugin memorymap
2025-05-07 21:48:20,396 [INFO] PluginManage:359 - Loaded plugin memorymap (category:base,tabindex:4)
2025-05-07 21:48:20,396 [INFO] PluginManage:310 - Check plugin pinoutandconfiguration
2025-05-07 21:48:20,412 [INFO] PluginManage:359 - Loaded plugin pinoutandconfiguration (category:base,tabindex:1)
2025-05-07 21:48:20,413 [INFO] PluginManage:310 - Check plugin pinoutconfig
2025-05-07 21:48:20,526 [WARN] SupportedApi:132 - Cannot load RTOS API schema: s4s-elt-must-match.1: The content of 'definitions' must match (annotation?, (simpleType | complexType)?, (unique | key | keyref)*)). A problem was found starting at: attribute.
2025-05-07 21:48:20,665 [INFO] PluginManage:359 - Loaded plugin pinoutconfig (category:base,tabindex:0)
2025-05-07 21:48:20,665 [INFO] PluginManage:310 - Check plugin power
2025-05-07 21:48:20,693 [INFO] PluginManage:359 - Loaded plugin power (category:power,tabindex:4)
2025-05-07 21:48:20,693 [INFO] PluginManage:310 - Check plugin projectmanager
2025-05-07 21:48:20,709 [INFO] PluginManage:359 - Loaded plugin projectmanager (category:projectmanager,tabindex:3)
2025-05-07 21:48:20,709 [INFO] PluginManage:310 - Check plugin thirdparty
2025-05-07 21:48:21,018 [INFO] PluginManage:359 - Loaded plugin thirdparty (category:base,tabindex:-1)
2025-05-07 21:48:21,018 [INFO] PluginManage:310 - Check plugin tools
2025-05-07 21:48:21,018 [WARN] IntegrityCheckThread:84 - waiting for thirdparty lock release [integrity check]
2025-05-07 21:48:21,018 [INFO] IntegrityCheckThread:86 - entering critical section [integrity check]
2025-05-07 21:48:21,020 [INFO] ThirdPartyUpdaterWithRetryManager:70 - Updater plugin not ready yet. [1/15]
2025-05-07 21:48:21,057 [INFO] PluginManage:359 - Loaded plugin tools (category:base,tabindex:7)
2025-05-07 21:48:21,057 [INFO] PluginManage:310 - Check plugin tutovideos
2025-05-07 21:48:21,252 [INFO] PluginManage:359 - Loaded plugin tutovideos (category:base,tabindex:-1)
2025-05-07 21:48:21,252 [INFO] PluginManage:310 - Check plugin updater
2025-05-07 21:48:21,263 [INFO] PluginManage:359 - Loaded plugin updater (category:base,tabindex:12)
2025-05-07 21:48:21,263 [INFO] PluginManage:310 - Check plugin userauth
2025-05-07 21:48:21,270 [INFO] UserAuth:113 - Init User Auth plugin
2025-05-07 21:48:21,271 [INFO] PluginManage:359 - Loaded plugin userauth (category:base,tabindex:14)
2025-05-07 21:48:21,271 [INFO] PluginManage:283 - PluginManage : Loaded plugins [17]
2025-05-07 21:48:21,520 [INFO] PinOutPanel:1499 - setPackage(No Configuration,No Configuration)
2025-05-07 21:48:21,629 [INFO] CADModel:165 - CPN selected for project level
2025-05-07 21:48:21,630 [INFO] CADModel:114 - Register for checkConnection events
2025-05-07 21:48:21,660 [INFO] IPUIPlugin:80 - create IPUIPlugin
2025-05-07 21:48:21,660 [INFO] PluginManager:220 - loadIPPluginJar : add adc
2025-05-07 21:48:21,698 [INFO] IPUIPlugin:80 - create IPUIPlugin
2025-05-07 21:48:21,698 [INFO] PluginManager:220 - loadIPPluginJar : add aes
2025-05-07 21:48:21,757 [INFO] IPUIPlugin:80 - create IPUIPlugin
2025-05-07 21:48:21,757 [INFO] PluginManager:220 - loadIPPluginJar : add can
2025-05-07 21:48:21,792 [INFO] IPUIPlugin:80 - create IPUIPlugin
2025-05-07 21:48:21,792 [INFO] PluginManager:220 - loadIPPluginJar : add comp
2025-05-07 21:48:21,832 [INFO] IPUIPlugin:80 - create IPUIPlugin
2025-05-07 21:48:21,833 [INFO] PluginManager:220 - loadIPPluginJar : add cryp
2025-05-07 21:48:21,865 [INFO] IPUIPlugin:80 - create IPUIPlugin
2025-05-07 21:48:21,865 [INFO] PluginManager:220 - loadIPPluginJar : add dfsdm
2025-05-07 21:48:21,880 [INFO] IPUIPlugin:80 - create IPUIPlugin
2025-05-07 21:48:21,881 [INFO] PluginManager:220 - loadIPPluginJar : add dma
2025-05-07 21:48:21,929 [INFO] IPUIPlugin:80 - create IPUIPlugin
2025-05-07 21:48:21,929 [INFO] PluginManager:220 - loadIPPluginJar : add dma3
2025-05-07 21:48:21,952 [INFO] IPUIPlugin:80 - create IPUIPlugin
2025-05-07 21:48:21,953 [INFO] PluginManager:220 - loadIPPluginJar : add fatfs
2025-05-07 21:48:22,017 [INFO] IPUIPlugin:80 - create IPUIPlugin
2025-05-07 21:48:22,017 [INFO] PluginManager:220 - loadIPPluginJar : add fmc
2025-05-07 21:48:22,038 [INFO] IPUIPlugin:80 - create IPUIPlugin
2025-05-07 21:48:22,038 [INFO] PluginManager:220 - loadIPPluginJar : add freertos
2025-05-07 21:48:22,074 [INFO] IPUIPlugin:80 - create IPUIPlugin
2025-05-07 21:48:22,074 [INFO] PluginManager:220 - loadIPPluginJar : add genericplugin
2025-05-07 21:48:22,245 [INFO] IPUIPlugin:80 - create IPUIPlugin
2025-05-07 21:48:22,245 [INFO] PluginManager:220 - loadIPPluginJar : add gfxmmu
2025-05-07 21:48:22,438 [INFO] IPUIPlugin:80 - create IPUIPlugin
2025-05-07 21:48:22,438 [INFO] PluginManager:220 - loadIPPluginJar : add gic
2025-05-07 21:48:22,455 [INFO] IPUIPlugin:80 - create IPUIPlugin
2025-05-07 21:48:22,455 [INFO] PluginManager:220 - loadIPPluginJar : add gpio
2025-05-07 21:48:22,561 [INFO] IPUIPlugin:80 - create IPUIPlugin
2025-05-07 21:48:22,561 [INFO] PluginManager:220 - loadIPPluginJar : add gtzc
2025-05-07 21:48:22,599 [INFO] IPUIPlugin:80 - create IPUIPlugin
2025-05-07 21:48:22,599 [INFO] PluginManager:220 - loadIPPluginJar : add hash
2025-05-07 21:48:22,661 [INFO] IPUIPlugin:80 - create IPUIPlugin
2025-05-07 21:48:22,661 [INFO] PluginManager:220 - loadIPPluginJar : add i2c
2025-05-07 21:48:22,704 [INFO] IPUIPlugin:80 - create IPUIPlugin
2025-05-07 21:48:22,704 [INFO] PluginManager:220 - loadIPPluginJar : add i2s
2025-05-07 21:48:22,747 [INFO] IPUIPlugin:80 - create IPUIPlugin
2025-05-07 21:48:22,747 [INFO] PluginManager:220 - loadIPPluginJar : add i3c
2025-05-07 21:48:22,851 [INFO] IPUIPlugin:80 - create IPUIPlugin
2025-05-07 21:48:22,852 [INFO] PluginManager:220 - loadIPPluginJar : add ipddr
2025-05-07 21:48:22,938 [INFO] IPUIPlugin:80 - create IPUIPlugin
2025-05-07 21:48:22,938 [INFO] PluginManager:220 - loadIPPluginJar : add linkedlist
2025-05-07 21:48:22,972 [INFO] IPUIPlugin:80 - create IPUIPlugin
2025-05-07 21:48:22,972 [INFO] PluginManager:220 - loadIPPluginJar : add lorawan
2025-05-07 21:48:23,011 [INFO] IPUIPlugin:80 - create IPUIPlugin
2025-05-07 21:48:23,012 [INFO] PluginManager:220 - loadIPPluginJar : add ltdc
2025-05-07 21:48:23,027 [INFO] IPUIPlugin:80 - create IPUIPlugin
2025-05-07 21:48:23,028 [INFO] PluginManager:220 - loadIPPluginJar : add mdma
2025-05-07 21:48:23,042 [INFO] IPUIPlugin:80 - create IPUIPlugin
2025-05-07 21:48:23,043 [INFO] PluginManager:220 - loadIPPluginJar : add nvic
2025-05-07 21:48:23,111 [INFO] IPUIPlugin:80 - create IPUIPlugin
2025-05-07 21:48:23,111 [INFO] PluginManager:220 - loadIPPluginJar : add opamp
2025-05-07 21:48:23,287 [INFO] IPUIPlugin:80 - create IPUIPlugin
2025-05-07 21:48:23,287 [INFO] PluginManager:220 - loadIPPluginJar : add openamp
2025-05-07 21:48:23,337 [INFO] IPUIPlugin:80 - create IPUIPlugin
2025-05-07 21:48:23,337 [INFO] PluginManager:220 - loadIPPluginJar : add pdm2pcm
2025-05-07 21:48:23,350 [INFO] IPUIPlugin:80 - create IPUIPlugin
2025-05-07 21:48:23,353 [INFO] PluginManager:220 - loadIPPluginJar : add plateformsettings
2025-05-07 21:48:23,377 [INFO] IPUIPlugin:80 - create IPUIPlugin
2025-05-07 21:48:23,378 [INFO] PluginManager:220 - loadIPPluginJar : add quadspi
2025-05-07 21:48:23,390 [INFO] IPUIPlugin:80 - create IPUIPlugin
2025-05-07 21:48:23,391 [INFO] PluginManager:220 - loadIPPluginJar : add resmgrutility
2025-05-07 21:48:23,439 [INFO] IPUIPlugin:80 - create IPUIPlugin
2025-05-07 21:48:23,439 [INFO] PluginManager:220 - loadIPPluginJar : add sai
2025-05-07 21:48:23,475 [INFO] IPUIPlugin:80 - create IPUIPlugin
2025-05-07 21:48:23,476 [INFO] PluginManager:220 - loadIPPluginJar : add spi
2025-05-07 21:48:23,533 [INFO] IPUIPlugin:80 - create IPUIPlugin
2025-05-07 21:48:23,533 [INFO] PluginManager:220 - loadIPPluginJar : add stm32_wpan
2025-05-07 21:48:23,557 [INFO] IPUIPlugin:80 - create IPUIPlugin
2025-05-07 21:48:23,557 [INFO] PluginManager:220 - loadIPPluginJar : add tim
2025-05-07 21:48:23,613 [INFO] IPUIPlugin:80 - create IPUIPlugin
2025-05-07 21:48:23,613 [INFO] PluginManager:220 - loadIPPluginJar : add touchsensing
2025-05-07 21:48:23,645 [INFO] IPUIPlugin:80 - create IPUIPlugin
2025-05-07 21:48:23,645 [INFO] PluginManager:220 - loadIPPluginJar : add tracer_emb
2025-05-07 21:48:23,680 [INFO] IPUIPlugin:80 - create IPUIPlugin
2025-05-07 21:48:23,680 [INFO] PluginManager:220 - loadIPPluginJar : add ts
2025-05-07 21:48:23,718 [INFO] IPUIPlugin:80 - create IPUIPlugin
2025-05-07 21:48:23,718 [INFO] PluginManager:220 - loadIPPluginJar : add tsc
2025-05-07 21:48:23,786 [INFO] IPUIPlugin:80 - create IPUIPlugin
2025-05-07 21:48:23,787 [INFO] PluginManager:220 - loadIPPluginJar : add ucpd
2025-05-07 21:48:23,836 [INFO] IPUIPlugin:80 - create IPUIPlugin
2025-05-07 21:48:23,836 [INFO] PluginManager:220 - loadIPPluginJar : add usart
2025-05-07 21:48:23,888 [INFO] IPUIPlugin:80 - create IPUIPlugin
2025-05-07 21:48:23,888 [INFO] PluginManager:220 - loadIPPluginJar : add usbx
2025-05-07 21:48:24,004 [INFO] CADModel:165 - CPN selected for project level
2025-05-07 21:48:24,004 [INFO] CADModel:114 - Register for checkConnection events
2025-05-07 21:48:24,004 [FATAL] Updater:308 - Updater called before beeing initialized
2025-05-07 21:48:24,004 [ERROR] CADModel:125 - Updater not yet initialized, retry later 
2025-05-07 21:48:24,022 [INFO] ThirdPartyUpdaterWithRetryManager:70 - Updater plugin not ready yet. [2/15]
2025-05-07 21:48:24,154 [INFO] CADModel:165 - CPN selected for project level
2025-05-07 21:48:24,154 [INFO] CADModel:114 - Register for checkConnection events
2025-05-07 21:48:24,154 [FATAL] Updater:308 - Updater called before beeing initialized
2025-05-07 21:48:24,154 [ERROR] CADModel:125 - Updater not yet initialized, retry later 
2025-05-07 21:48:24,157 [FATAL] Updater:308 - Updater called before beeing initialized
2025-05-07 21:48:24,251 [FATAL] Updater:308 - Updater called before beeing initialized
2025-05-07 21:48:24,263 [INFO] DbMcusAds:53 - JSON generation date=Tue Dec 17 23:01:15 ICT 2024 (1734451275230)
2025-05-07 21:48:24,264 [FATAL] Updater:308 - Updater called before beeing initialized
2025-05-07 21:48:24,358 [WARN] DetailPanel:346 - Failed to get advertising image, set to default
2025-05-07 21:48:24,496 [FATAL] Updater:308 - Updater called before beeing initialized
2025-05-07 21:48:24,498 [FATAL] Updater:308 - Updater called before beeing initialized
2025-05-07 21:48:24,498 [FATAL] Updater:308 - Updater called before beeing initialized
2025-05-07 21:48:24,498 [WARN] DetailPanel:346 - Failed to get advertising image, set to default
2025-05-07 21:48:24,498 [FATAL] Updater:308 - Updater called before beeing initialized
2025-05-07 21:48:24,557 [ERROR] Updater:1120 - MainUpdater not yet initialized. External WinMGr cannot be set.
2025-05-07 21:48:24,568 [INFO] Updater:1056 - Updater Version found : 6.9.0
2025-05-07 21:48:24,592 [INFO] ApplicationProperties:184 - Using Application install path: D:\ITC\STM32\STM32CubeIDE_1.13.0\STM32CubeIDE\plugins\com.st.stm32cube.common.mx_6.9.0.202307051724
2025-05-07 21:48:24,987 [INFO] MainUpdater:2868 - connection check result : 10
2025-05-07 21:48:24,989 [INFO] MainUpdater:285 - Updater Check For Update Now.
2025-05-07 21:48:24,991 [INFO] MicroXplorer:498 - Change Database Version : DB.6.0.90
2025-05-07 21:48:25,060 [INFO] McuFinderGlobals:63 - Set McuFinder mode to 2 (CubeIDE integrated)
2025-05-07 21:48:25,383 [INFO] CheckServerUpdateThread:120 - End of CheckServer Thread
2025-05-07 21:48:27,400 [WARN] PackLoader:240 - Cannot read IP mode file for STMicroelectronics.FP-SNS-MOTENVWB1.1.4.0
2025-05-07 21:48:27,417 [WARN] PackLoader:240 - Cannot read IP mode file for STMicroelectronics.FP-ATR-ASTRA1.2.0.2
2025-05-07 21:48:27,428 [WARN] PackLoader:240 - Cannot read IP mode file for STMicroelectronics.FP-ATR-ASTRA1.2.0.1
2025-05-07 21:48:27,447 [WARN] PackLoader:240 - Cannot read IP mode file for STMicroelectronics.X-CUBE-SMBUS.2.1.0
2025-05-07 21:48:27,465 [WARN] PackLoader:240 - Cannot read IP mode file for STMicroelectronics.X-CUBE-WB05N.1.1.0
2025-05-07 21:48:27,481 [WARN] PackLoader:240 - Cannot read IP mode file for STMicroelectronics.X-CUBE-TOUCHGFX.4.23.0
2025-05-07 21:48:27,492 [WARN] PackLoader:240 - Cannot read IP mode file for STMicroelectronics.X-CUBE-TOUCHGFX.4.23.2
2025-05-07 21:48:27,542 [WARN] PackLoader:240 - Cannot read IP mode file for STMicroelectronics.X-CUBE-AZRTOS-F7.1.1.0
2025-05-07 21:48:27,561 [ERROR] RealEvaluatedCondition:428 - Found unsupported composite condition: CLASS='Data Exchange' GROUP='STM32_MetaDataManager'
2025-05-07 21:48:27,561 [ERROR] RealEvaluatedCondition:428 - Found unsupported composite condition: CLASS='Data Exchange' GROUP='STM32_MetaDataManager'
2025-05-07 21:48:27,562 [WARN] PackLoader:240 - Cannot read IP mode file for STMicroelectronics.FP-SNS-MOTENV1.4.3.0
2025-05-07 21:48:27,578 [WARN] PackLoader:240 - Cannot read IP mode file for STMicroelectronics.FP-SNS-MOTENV1.4.3.2
2025-05-07 21:48:27,594 [WARN] PackLoader:240 - Cannot read IP mode file for STMicroelectronics.FP-SNS-FLIGHT1.5.0.0
2025-05-07 21:48:27,610 [WARN] PackLoader:240 - Cannot read IP mode file for STMicroelectronics.X-CUBE-BLE1.6.2.4
2025-05-07 21:48:27,625 [WARN] PackLoader:240 - Cannot read IP mode file for STMicroelectronics.FP-SNS-FLIGHT1.5.0.2
2025-05-07 21:48:27,645 [ERROR] Engine:466 - C:\Users\msi1\.stm32cubemx\thirdparties\pdsc\Infineon.AIROC-Wi-Fi-Bluetooth-STM32.1.7.0.pdsc: PDSC version is not supported
2025-05-07 21:48:27,663 [WARN] PackLoader:240 - Cannot read IP mode file for STMicroelectronics.X-CUBE-DISPLAY.3.0.0
2025-05-07 21:48:27,681 [WARN] PackLoader:240 - Cannot read IP mode file for STMicroelectronics.X-CUBE-BLE1.7.0.0
2025-05-07 21:48:27,697 [WARN] PackLoader:240 - Cannot read IP mode file for STMicroelectronics.X-CUBE-NFC10.1.0.0
2025-05-07 21:48:27,712 [ERROR] Engine:466 - C:\Users\msi1\.stm32cubemx\thirdparties\pdsc\STMicroelectronics.X-CUBE-BLEMGR.4.0.0.pdsc: PDSC version is not supported
2025-05-07 21:48:27,728 [WARN] PackLoader:240 - Cannot read IP mode file for emotas.I-CUBE-CANOPEN.1.3.0
2025-05-07 21:48:27,742 [WARN] PackLoader:240 - Cannot read IP mode file for STMicroelectronics.X-CUBE-TOUCHGFX.4.22.0
2025-05-07 21:48:27,756 [WARN] PackLoader:240 - Cannot read IP mode file for STMicroelectronics.X-CUBE-TOUCHGFX.4.22.1
2025-05-07 21:48:27,774 [WARN] PackLoader:240 - Cannot read IP mode file for STMicroelectronics.X-CUBE-BLEMGR.3.1.0
2025-05-07 21:48:27,792 [WARN] PackLoader:240 - Cannot read IP mode file for STMicroelectronics.X-CUBE-AI.10.0.0
2025-05-07 21:48:27,806 [WARN] PackLoader:240 - Cannot read IP mode file for STMicroelectronics.FP-SNS-SMARTAG2.1.2.0
2025-05-07 21:48:27,818 [ERROR] Engine:466 - C:\Users\msi1\.stm32cubemx\thirdparties\pdsc\STMicroelectronics.FP-SNS-FLIGHT1.5.1.0.pdsc: PDSC version is not supported
2025-05-07 21:48:27,892 [WARN] PackLoader:240 - Cannot read IP mode file for STMicroelectronics.X-CUBE-MEMS1.11.1.0
2025-05-07 21:48:28,052 [INFO] LogOutputStream:77 - [STDOUT_REDIRECT] 1 : Invalid condition id : UX_CORESTACK_Condition cause : null
2025-05-07 21:48:28,052 [INFO] LogOutputStream:77 - [STDOUT_REDIRECT] 1 : Invalid condition id : UX_CORESTACK_Condition cause : null
2025-05-07 21:48:28,053 [INFO] LogOutputStream:77 - [STDOUT_REDIRECT] 1 : Invalid condition id : UX_CORESTACK_Condition cause : null
2025-05-07 21:48:28,054 [INFO] LogOutputStream:77 - [STDOUT_REDIRECT] 1 : Invalid condition id : UX_CORESTACK_Condition cause : null
2025-05-07 21:48:28,055 [INFO] LogOutputStream:77 - [STDOUT_REDIRECT] 1 : Invalid condition id : UX_CORESTACK_Condition cause : null
2025-05-07 21:48:28,058 [WARN] PackLoader:240 - Cannot read IP mode file for STMicroelectronics.X-CUBE-AZRTOS-WL.2.0.0
2025-05-07 21:48:28,073 [WARN] PackLoader:240 - Cannot read IP mode file for STMicroelectronics.FP-SNS-MOTENV1.5.0.0
2025-05-07 21:48:28,087 [WARN] PackLoader:240 - Cannot read IP mode file for wolfSSL.I-CUBE-wolfMQTT.1.19.0
2025-05-07 21:48:28,106 [WARN] PackLoader:240 - Cannot read IP mode file for WES.I-CUBE-Cesium.1.3.0
2025-05-07 21:48:28,154 [WARN] PackLoader:240 - Cannot read IP mode file for STMicroelectronics.X-CUBE-BLE2.3.3.0
2025-05-07 21:48:28,171 [WARN] PackLoader:240 - Cannot read IP mode file for STMicroelectronics.X-CUBE-NFC9.1.0.0
2025-05-07 21:48:28,186 [WARN] PackLoader:240 - Cannot read IP mode file for STMicroelectronics.X-CUBE-BLE1.7.1.0
2025-05-07 21:48:28,200 [WARN] PackLoader:240 - Cannot read IP mode file for STMicroelectronics.X-CUBE-TCPP.4.1.0
2025-05-07 21:48:28,220 [WARN] PackLoader:240 - Cannot read IP mode file for STMicroelectronics.X-CUBE-TOUCHGFX.4.21.4
2025-05-07 21:48:28,237 [WARN] PackLoader:240 - Cannot read IP mode file for STMicroelectronics.X-CUBE-ALGOBUILD.1.3.0
2025-05-07 21:48:28,296 [WARN] PackLoader:240 - Cannot read IP mode file for STMicroelectronics.X-CUBE-MEMS1.11.2.0
2025-05-07 21:48:28,405 [WARN] PackLoader:240 - Cannot read IP mode file for STMicroelectronics.X-CUBE-AZRTOS-G0.1.1.0
2025-05-07 21:48:28,420 [WARN] PackLoader:240 - Cannot read IP mode file for STMicroelectronics.X-CUBE-SAFEA1.1.2.2
2025-05-07 21:48:28,434 [WARN] PackLoader:240 - Cannot read IP mode file for STMicroelectronics.X-CUBE-NFC4.3.0.0
2025-05-07 21:48:28,449 [WARN] PackLoader:240 - Cannot read IP mode file for wolfSSL.I-CUBE-wolfMQTT.1.18.0
2025-05-07 21:48:28,462 [ERROR] Engine:466 - C:\Users\msi1\.stm32cubemx\thirdparties\pdsc\EmbeddedOffice.I-CUBE-FS-RTOS.1.0.1.pdsc: PDSC version is not supported
2025-05-07 21:48:28,475 [WARN] PackLoader:240 - Cannot read IP mode file for STMicroelectronics.X-CUBE-WB05N.2.0.0
2025-05-07 21:48:28,493 [WARN] PackLoader:240 - Cannot read IP mode file for STMicroelectronics.X-CUBE-BLEMGR.3.0.0
2025-05-07 21:48:28,508 [ERROR] Engine:466 - C:\Users\msi1\.stm32cubemx\thirdparties\pdsc\STMicroelectronics.X-CUBE-TCPP.4.2.0.pdsc: PDSC version is not supported
2025-05-07 21:48:28,520 [ERROR] Engine:466 - C:\Users\msi1\.stm32cubemx\thirdparties\pdsc\RealThread.X-CUBE-RT-Thread_Nano.4.1.1.pdsc: PDSC version is not supported
2025-05-07 21:48:28,534 [WARN] PackLoader:240 - Cannot read IP mode file for STMicroelectronics.FP-ATR-SIGFOX1.3.2.0
2025-05-07 21:48:28,551 [ERROR] Engine:466 - C:\Users\msi1\.stm32cubemx\thirdparties\pdsc\quantropi.X-CUBE-qispace-sdk-base.1.9.3.pdsc: PDSC version is not supported
2025-05-07 21:48:28,567 [WARN] PackLoader:240 - Cannot read IP mode file for STMicroelectronics.X-CUBE-EEPRMA1.5.1.0
2025-05-07 21:48:28,581 [WARN] PackLoader:240 - Cannot read IP mode file for wolfSSL.I-CUBE-wolfSSL.5.7.6
2025-05-07 21:48:28,597 [WARN] PackLoader:240 - Cannot read IP mode file for ITTIA_DB.I-CUBE-ITTIADB.8.9.0
2025-05-07 21:48:28,640 [WARN] PackLoader:240 - Cannot read IP mode file for SEGGER.I-CUBE-embOS.1.3.1
2025-05-07 21:48:28,675 [WARN] PackLoader:240 - Cannot read IP mode file for STMicroelectronics.X-CUBE-ALGOBUILD.1.4.0
2025-05-07 21:48:28,690 [WARN] PackLoader:240 - Cannot read IP mode file for STMicroelectronics.X-CUBE-AI.9.1.0
2025-05-07 21:48:28,704 [WARN] PackLoader:240 - Cannot read IP mode file for STMicroelectronics.X-CUBE-GNSS1.6.0.0
2025-05-07 21:48:28,732 [WARN] PackLoader:240 - Cannot read IP mode file for STMicroelectronics.X-CUBE-AZRTOS-F4.1.1.0
2025-05-07 21:48:28,747 [ERROR] Engine:466 - C:\Users\msi1\.stm32cubemx\thirdparties\pdsc\Avnet-IotConnect.X-CUBE-IoTC-DA16k-PMOD.1.0.0.pdsc: PDSC version is not supported
2025-05-07 21:48:28,761 [WARN] PackLoader:240 - Cannot read IP mode file for wolfSSL.I-CUBE-wolfSSL.5.6.0
2025-05-07 21:48:28,775 [WARN] PackLoader:240 - Cannot read IP mode file for STMicroelectronics.X-CUBE-ISPU.2.1.0
2025-05-07 21:48:28,791 [WARN] PackLoader:240 - Cannot read IP mode file for STMicroelectronics.X-CUBE-FREERTOS.1.2.0
2025-05-07 21:48:28,824 [WARN] PackLoader:240 - Cannot read IP mode file for STMicroelectronics.X-CUBE-AZRTOS-L5.2.0.0
2025-05-07 21:48:28,874 [WARN] PackLoader:240 - Cannot read IP mode file for STMicroelectronics.X-CUBE-MEMS1.9.6.0
2025-05-07 21:48:28,981 [WARN] PackLoader:240 - Cannot read IP mode file for STMicroelectronics.X-CUBE-EEPRMA1.4.2.0
2025-05-07 21:48:29,008 [WARN] PackLoader:240 - Cannot read IP mode file for STMicroelectronics.X-CUBE-NFC6.3.1.0
2025-05-07 21:48:29,029 [WARN] PackLoader:240 - Cannot read IP mode file for ITTIA_DB.I-CUBE-ITTIADB.8.8.0
2025-05-07 21:48:29,045 [WARN] PackLoader:240 - Cannot read IP mode file for emotas.I-CUBE-CANOPEN.1.1.3
2025-05-07 21:48:29,063 [WARN] PackLoader:240 - Cannot read IP mode file for STMicroelectronics.X-CUBE-BLEMGR.2.0.0
2025-05-07 21:48:29,078 [ERROR] Engine:466 - C:\Users\msi1\.stm32cubemx\thirdparties\pdsc\STMicroelectronics.X-CUBE-DPower.1.2.0.pdsc: PDSC version is not supported
2025-05-07 21:48:29,092 [WARN] PackLoader:240 - Cannot read IP mode file for STMicroelectronics.X-CUBE-AI.9.0.0
2025-05-07 21:48:29,121 [WARN] ConditionMgr:438 - getConditionDescription Invalid condition id : UX DEVICE CLASS RTOS Condition cause : null
2025-05-07 21:48:29,122 [WARN] ConditionMgr:438 - getConditionDescription Invalid condition id : UX DEVICE CLASS RTOS Condition cause : null
2025-05-07 21:48:29,125 [WARN] PackLoader:240 - Cannot read IP mode file for STMicroelectronics.X-CUBE-AZRTOS-H7.3.1.0
2025-05-07 21:48:29,125 [WARN] ConditionMgr:1039 - genDependencies : Invalid condition id : UX DEVICE CLASS RTOS Condition cause : null
2025-05-07 21:48:29,126 [WARN] ConditionMgr:1039 - genDependencies : Invalid condition id : UX DEVICE CLASS RTOS Condition cause : null
2025-05-07 21:48:29,126 [WARN] ConditionMgr:1039 - genDependencies : Invalid condition id : UX DEVICE CLASS RTOS Condition cause : null
2025-05-07 21:48:29,126 [WARN] ConditionMgr:1039 - genDependencies : Invalid condition id : UX DEVICE CLASS RTOS Condition cause : null
2025-05-07 21:48:29,127 [WARN] ConditionMgr:1039 - genDependencies : Invalid condition id : UX DEVICE CLASS RTOS Condition cause : null
2025-05-07 21:48:29,142 [WARN] PackLoader:240 - Cannot read IP mode file for STMicroelectronics.X-CUBE-FREERTOS.1.3.0
2025-05-07 21:48:29,158 [WARN] PackLoader:240 - Cannot read IP mode file for STMicroelectronics.X-CUBE-NFC7.1.0.1
2025-05-07 21:48:29,172 [WARN] PackLoader:240 - Cannot read IP mode file for STMicroelectronics.X-CUBE-NFC7.1.0.0
2025-05-07 21:48:29,189 [WARN] PackLoader:240 - Cannot read IP mode file for wolfSSL.I-CUBE-wolfTPM.3.2.0
2025-05-07 21:48:29,204 [WARN] PackLoader:240 - Cannot read IP mode file for STMicroelectronics.X-CUBE-NFC6.3.0.0
2025-05-07 21:48:29,219 [WARN] PackLoader:240 - Cannot read IP mode file for STMicroelectronics.X-CUBE-EEPRMA1.4.1.0
2025-05-07 21:48:29,231 [ERROR] Engine:466 - C:\Users\msi1\.stm32cubemx\thirdparties\pdsc\STMicroelectronics.X-CUBE-DPower.1.3.0.pdsc: PDSC version is not supported
2025-05-07 21:48:29,244 [WARN] PackLoader:240 - Cannot read IP mode file for STMicroelectronics.X-CUBE-AI.8.1.0
2025-05-07 21:48:29,277 [WARN] ConditionMgr:438 - getConditionDescription Invalid condition id : LAN8742 Phy interface Condition cause : null
2025-05-07 21:48:29,278 [WARN] PackLoader:240 - Cannot read IP mode file for STMicroelectronics.X-CUBE-AZRTOS-L4.2.0.0
2025-05-07 21:48:29,279 [WARN] ConditionMgr:1039 - genDependencies : Invalid condition id : LAN8742 Phy interface Condition cause : null
2025-05-07 21:48:29,279 [WARN] ConditionMgr:1039 - genDependencies : Invalid condition id : LAN8742 Phy interface Condition cause : null
2025-05-07 21:48:29,280 [WARN] ConditionMgr:1039 - genDependencies : Invalid condition id : LAN8742 Phy interface Condition cause : null
2025-05-07 21:48:29,302 [WARN] PackLoader:240 - Cannot read IP mode file for STMicroelectronics.X-CUBE-SFXS2LP1.4.0.0
2025-05-07 21:48:29,322 [WARN] PackLoader:240 - Cannot read IP mode file for STMicroelectronics.X-CUBE-ISPU.1.1.0
2025-05-07 21:48:29,375 [WARN] PackLoader:240 - Cannot read IP mode file for STMicroelectronics.X-CUBE-AZRTOS-H7.3.3.0
2025-05-07 21:48:29,393 [ERROR] Engine:466 - C:\Users\msi1\.stm32cubemx\thirdparties\pdsc\STMicroelectronics.X-CUBE-IPS.3.0.0.pdsc: PDSC version is not supported
2025-05-07 21:48:29,418 [WARN] ConditionMgr:438 - getConditionDescription Invalid condition id : UX DEVICE CLASS RTOS Condition cause : null
2025-05-07 21:48:29,419 [WARN] ConditionMgr:438 - getConditionDescription Invalid condition id : UX DEVICE CLASS RTOS Condition cause : null
2025-05-07 21:48:29,420 [WARN] PackLoader:240 - Cannot read IP mode file for STMicroelectronics.X-CUBE-AZRTOS-WB.2.0.0
2025-05-07 21:48:29,420 [WARN] ConditionMgr:1039 - genDependencies : Invalid condition id : UX DEVICE CLASS RTOS Condition cause : null
2025-05-07 21:48:29,420 [WARN] ConditionMgr:1039 - genDependencies : Invalid condition id : UX DEVICE CLASS RTOS Condition cause : null
2025-05-07 21:48:29,421 [WARN] ConditionMgr:1039 - genDependencies : Invalid condition id : UX DEVICE CLASS RTOS Condition cause : null
2025-05-07 21:48:29,421 [WARN] ConditionMgr:1039 - genDependencies : Invalid condition id : UX DEVICE CLASS RTOS Condition cause : null
2025-05-07 21:48:29,421 [WARN] ConditionMgr:1039 - genDependencies : Invalid condition id : UX DEVICE CLASS RTOS Condition cause : null
2025-05-07 21:48:29,436 [WARN] PackLoader:240 - Cannot read IP mode file for STMicroelectronics.X-CUBE-FREERTOS.1.0.1
2025-05-07 21:48:29,450 [WARN] PackLoader:240 - Cannot read IP mode file for STMicroelectronics.X-CUBE-GNSS1.7.0.1
2025-05-07 21:48:29,464 [WARN] PackLoader:240 - Cannot read IP mode file for STMicroelectronics.X-CUBE-TOUCHGFX.4.25.0
2025-05-07 21:48:29,477 [ERROR] Engine:466 - C:\Users\msi1\.stm32cubemx\thirdparties\pdsc\STMicroelectronics.FP-SNS-STBOX1.2.0.0.pdsc: PDSC version is not supported
2025-05-07 21:48:29,500 [WARN] PackLoader:240 - Cannot read IP mode file for STMicroelectronics.X-CUBE-AZRTOS-L5.1.1.0
2025-05-07 21:48:29,513 [WARN] PackLoader:240 - Cannot read IP mode file for STMicroelectronics.X-CUBE-AI.8.0.1
2025-05-07 21:48:29,530 [WARN] PackLoader:240 - Cannot read IP mode file for STMicroelectronics.X-CUBE-SUBG2.5.0.0
2025-05-07 21:48:29,562 [WARN] PackLoader:240 - Cannot read IP mode file for STMicroelectronics.X-CUBE-AZRTOS-H7RS.1.1.0
2025-05-07 21:48:29,581 [WARN] PackLoader:240 - Cannot read IP mode file for Cesanta.I-CUBE-Mongoose.7.13.0
2025-05-07 21:48:29,597 [WARN] PackLoader:240 - Cannot read IP mode file for STMicroelectronics.X-CUBE-TOF1.3.3.1
2025-05-07 21:48:29,626 [WARN] PackLoader:240 - Cannot read IP mode file for STMicroelectronics.X-CUBE-AZRTOS-G4.2.0.0
2025-05-07 21:48:29,645 [WARN] PackLoader:240 - Cannot read IP mode file for STMicroelectronics.X-CUBE-TOF1.3.3.0
2025-05-07 21:48:29,675 [WARN] PackLoader:240 - Cannot read IP mode file for Infineon.AIROC-Wi-Fi-Bluetooth-STM32.1.5.1
2025-05-07 21:48:29,691 [WARN] PackLoader:240 - Cannot read IP mode file for STMicroelectronics.FP-SNS-MOTENVWB1.1.3.0
2025-05-07 21:48:29,706 [WARN] PackLoader:240 - Cannot read IP mode file for STMicroelectronics.X-CUBE-NFC7.2.0.0
2025-05-07 21:48:29,720 [WARN] PackLoader:240 - Cannot read IP mode file for STMicroelectronics.FP-SNS-MOTENVWB1.1.3.1
2025-05-07 21:48:29,752 [WARN] PackLoader:240 - Cannot read IP mode file for STMicroelectronics.X-CUBE-AZRTOS-L4.1.0.0
2025-05-07 21:48:29,767 [WARN] PackLoader:240 - Cannot read IP mode file for STMicroelectronics.X-CUBE-ISPU.2.0.0
2025-05-07 21:48:29,782 [ERROR] Engine:466 - C:\Users\msi1\.stm32cubemx\thirdparties\pdsc\STMicroelectronics.X-CUBE-IPS.3.1.0.pdsc: PDSC version is not supported
2025-05-07 21:48:29,796 [WARN] PackLoader:240 - Cannot read IP mode file for STMicroelectronics.X-CUBE-ALS.1.0.2
2025-05-07 21:48:29,837 [WARN] PackLoader:240 - Cannot read IP mode file for STMicroelectronics.X-CUBE-MEMS1.10.0.0
2025-05-07 21:48:29,915 [WARN] PackLoader:240 - Cannot read IP mode file for STMicroelectronics.X-CUBE-FREERTOS.1.1.0
2025-05-07 21:48:29,928 [WARN] PackLoader:240 - Cannot read IP mode file for STMicroelectronics.X-CUBE-TOUCHGFX.4.24.0
2025-05-07 21:48:29,942 [WARN] PackLoader:240 - Cannot read IP mode file for STMicroelectronics.X-CUBE-TOUCHGFX.4.24.2
2025-05-07 21:48:29,961 [WARN] PackLoader:240 - Cannot read IP mode file for STMicroelectronics.X-CUBE-AZRTOS-WL.1.0.0
2025-05-07 21:48:29,977 [WARN] PackLoader:240 - Cannot read IP mode file for STMicroelectronics.X-CUBE-TOUCHGFX.4.24.1
2025-05-07 21:48:29,990 [WARN] PackLoader:240 - Cannot read IP mode file for wolfSSL.I-CUBE-wolfTPM.3.4.0
2025-05-07 21:48:30,005 [WARN] PackLoader:240 - Cannot read IP mode file for portGmbH.I-Cube-SoM-uGOAL.1.1.0
2025-05-07 21:48:30,019 [WARN] PackLoader:240 - Cannot read IP mode file for STMicroelectronics.X-CUBE-ALS.1.0.1
2025-05-07 21:48:30,043 [WARN] PackLoader:240 - Cannot read IP mode file for STMicroelectronics.X-CUBE-AZRTOS-WB.1.1.0
2025-05-07 21:48:30,073 [WARN] PackLoader:240 - Cannot read IP mode file for STMicroelectronics.X-CUBE-AZRTOS-H7RS.1.0.0
2025-05-07 21:48:30,092 [WARN] PackLoader:240 - Cannot read IP mode file for STMicroelectronics.FP-ATR-ASTRA1.2.0.0
2025-05-07 21:48:30,112 [ERROR] Engine:466 - C:\Users\msi1\.stm32cubemx\thirdparties\pdsc\STMicroelectronics.X-CUBE-TOF1.3.4.2.pdsc: PDSC version is not supported
2025-05-07 21:48:30,147 [ERROR] Engine:466 - C:\Users\msi1\.stm32cubemx\thirdparties\pdsc\STMicroelectronics.X-CUBE-TOF1.3.4.3.pdsc: PDSC version is not supported
2025-05-07 21:48:30,175 [WARN] PackLoader:240 - Cannot read IP mode file for STMicroelectronics.X-CUBE-TOF1.3.4.0
2025-05-07 21:48:30,203 [WARN] PackLoader:240 - Cannot read IP mode file for STMicroelectronics.X-CUBE-TOF1.3.4.1
2025-05-07 21:48:30,236 [WARN] PackLoader:240 - Cannot read IP mode file for STMicroelectronics.X-CUBE-AZRTOS-H7.3.2.0
2025-05-07 21:48:30,251 [WARN] PackLoader:240 - Cannot read IP mode file for wolfSSL.I-CUBE-wolfSSH.1.4.17
2025-05-07 21:48:30,252 [INFO] ThirdParty:978 - Integrity check success = true
2025-05-07 21:48:30,252 [INFO] IntegrityCheckThread:100 - exiting critical section [integrity check]
2025-05-07 21:48:30,252 [INFO] IntegrityCheckThread:103 - End integrity checks thread
2025-05-07 21:48:46,748 [ERROR] LogOutputStream:75 - [STDERR_REDIRECT] SLF4J: Failed to load class "org.slf4j.impl.StaticLoggerBinder".
2025-05-07 21:48:46,748 [ERROR] LogOutputStream:75 - [STDERR_REDIRECT] SLF4J: Defaulting to no-operation (NOP) logger implementation
2025-05-07 21:48:46,749 [ERROR] LogOutputStream:75 - [STDERR_REDIRECT] SLF4J: See http://www.slf4j.org/codes.html#StaticLoggerBinder for further details.
2025-05-07 21:50:05,910 [INFO] McuFinderGlobals:63 - Set McuFinder mode to 2 (CubeIDE integrated)
2025-05-07 21:50:05,941 [INFO] MainUpdater:2868 - connection check result : 10
2025-05-07 21:50:05,949 [INFO] MainUpdater:2868 - connection check result : 10
2025-05-07 21:50:06,179 [INFO] MicroXplorer:468 - Change Database Path : 
2025-05-07 21:50:06,179 [INFO] MicroXplorer:498 - Change Database Version : DB.6.0.90
2025-05-07 21:50:06,184 [WARN] ThirdParty:871 - waiting for thirdparty lock release [close project]
2025-05-07 21:50:06,184 [INFO] ThirdParty:873 - entering critical section [close project]
2025-05-07 21:50:06,185 [INFO] ThirdParty:883 - exiting critical section [close project]
2025-05-07 21:50:06,187 [INFO] PinOutPanel:1499 - setPackage(No Configuration,No Configuration)
2025-05-07 21:50:06,191 [INFO] UtilMem:75 - Begin LoadConfig() Used Memory: 539571560 Bytes (854589440)
2025-05-07 21:50:06,192 [INFO] MicroXplorer:468 - Change Database Path : 
2025-05-07 21:50:06,193 [INFO] MicroXplorer:498 - Change Database Version : DB.6.0.90
2025-05-07 21:50:06,193 [INFO] OpenFileManager:308 - Change cursor
2025-05-07 21:50:06,232 [INFO] Mcu:1946 - Initializing MCU STM32F401C(B-C)Ux STM32F401CCUx STM32F401CCU6
2025-05-07 21:50:07,760 [INFO] Context:659 - Trying to add GPIOservice into a context  which must be forbidden
2025-05-07 21:50:08,320 [INFO] RtosManager:555 - Registered RTOS mode: class=CMSIS, group=RTOS, mode=CMSIS_V1, owner=FREERTOS
2025-05-07 21:50:08,320 [INFO] RtosManager:555 - Registered RTOS mode: class=CMSIS, group=RTOS2, mode=CMSIS_V2, owner=FREERTOS
2025-05-07 21:50:08,320 [INFO] RtosManager:555 - Registered RTOS mode: class=RTOS, group=Core, mode=CMSIS_V1, owner=FREERTOS
2025-05-07 21:50:08,320 [INFO] RtosManager:555 - Registered RTOS mode: class=RTOS, group=Core, mode=CMSIS_V2, owner=FREERTOS
2025-05-07 21:50:08,321 [WARN] ModelIntegratedComponent:184 - Missing modes for component STMicroelectronics:FreeRTOS:0.0.1:STMicroelectronics:RTOS:FreeRTOS:Core:::10.2.0:
2025-05-07 21:50:08,331 [WARN] ModelIntegratedComponent:63 - No mode defined for component null
2025-05-07 21:50:08,331 [WARN] ModelIntegratedComponent:63 - No mode defined for component null
2025-05-07 21:50:08,331 [WARN] ModelIntegratedComponent:63 - No mode defined for component null
2025-05-07 21:50:08,331 [WARN] ModelIntegratedComponent:63 - No mode defined for component null
2025-05-07 21:50:08,331 [WARN] ModelIntegratedComponent:63 - No mode defined for component null
2025-05-07 21:50:08,331 [WARN] ModelIntegratedComponent:63 - No mode defined for component null
2025-05-07 21:50:08,331 [WARN] ModelIntegratedComponent:63 - No mode defined for component null
2025-05-07 21:50:08,331 [WARN] ModelIntegratedComponent:63 - No mode defined for component null
2025-05-07 21:50:08,331 [WARN] ModelIntegratedComponent:63 - No mode defined for component null
2025-05-07 21:50:08,331 [WARN] ModelIntegratedComponent:63 - No mode defined for component null
2025-05-07 21:50:08,332 [WARN] ModelIntegratedComponent:63 - No mode defined for component null
2025-05-07 21:50:08,332 [WARN] ModelIntegratedComponent:63 - No mode defined for component null
2025-05-07 21:50:08,332 [WARN] ModelIntegratedComponent:63 - No mode defined for component null
2025-05-07 21:50:08,332 [WARN] ModelIntegratedComponent:63 - No mode defined for component null
2025-05-07 21:50:08,332 [WARN] ModelIntegratedComponent:63 - No mode defined for component null
2025-05-07 21:50:08,332 [WARN] ModelIntegratedComponent:63 - No mode defined for component null
2025-05-07 21:50:08,332 [WARN] ModelIntegratedComponent:63 - No mode defined for component null
2025-05-07 21:50:08,332 [WARN] ModelIntegratedComponent:63 - No mode defined for component null
2025-05-07 21:50:08,332 [WARN] ModelIntegratedComponent:63 - No mode defined for component null
2025-05-07 21:50:08,332 [WARN] ModelIntegratedComponent:63 - No mode defined for component null
2025-05-07 21:50:08,332 [WARN] ModelIntegratedComponent:63 - No mode defined for component null
2025-05-07 21:50:08,332 [WARN] ModelIntegratedComponent:63 - No mode defined for component null
2025-05-07 21:50:08,332 [WARN] ModelIntegratedComponent:63 - No mode defined for component null
2025-05-07 21:50:08,332 [WARN] ModelIntegratedComponent:63 - No mode defined for component null
2025-05-07 21:50:08,332 [WARN] ModelIntegratedComponent:63 - No mode defined for component null
2025-05-07 21:50:08,332 [WARN] ModelIntegratedComponent:63 - No mode defined for component null
2025-05-07 21:50:08,332 [WARN] ModelIntegratedComponent:63 - No mode defined for component null
2025-05-07 21:50:08,332 [WARN] ModelIntegratedComponent:63 - No mode defined for component null
2025-05-07 21:50:08,332 [WARN] ModelIntegratedComponent:63 - No mode defined for component null
2025-05-07 21:50:08,332 [WARN] ModelIntegratedComponent:63 - No mode defined for component null
2025-05-07 21:50:08,332 [WARN] ModelIntegratedComponent:63 - No mode defined for component null
2025-05-07 21:50:08,332 [WARN] ModelIntegratedComponent:63 - No mode defined for component null
2025-05-07 21:50:08,332 [WARN] ModelIntegratedComponent:63 - No mode defined for component null
2025-05-07 21:50:08,482 [WARN] ModelIntegratedComponent:182 - Modes not found for component STMicroelectronics:USB_DEVICE:1.0.0:STMicroelectronics:USB::USB Device:Audio HS::1.0:USB_DEVICE_1_0_RESTRICTED_HS
2025-05-07 21:50:08,482 [WARN] ModelIntegratedComponent:188 - Modes not found for component STMicroelectronics:USB_DEVICE:1.0.0:STMicroelectronics:USB::USB Device:Audio HS::1.0:USB_DEVICE_1_0_RESTRICTED_HS
2025-05-07 21:50:08,482 [WARN] ModelIntegratedComponent:182 - Modes not found for component STMicroelectronics:USB_DEVICE:1.0.0:STMicroelectronics:USB::USB Device:CDC HS::1.0:USB_DEVICE_1_0_RESTRICTED_HS
2025-05-07 21:50:08,482 [WARN] ModelIntegratedComponent:188 - Modes not found for component STMicroelectronics:USB_DEVICE:1.0.0:STMicroelectronics:USB::USB Device:CDC HS::1.0:USB_DEVICE_1_0_RESTRICTED_HS
2025-05-07 21:50:08,482 [WARN] ModelIntegratedComponent:182 - Modes not found for component STMicroelectronics:USB_DEVICE:1.0.0:STMicroelectronics:USB::USB Device:DFU HS::1.0:USB_DEVICE_1_0_RESTRICTED_HS
2025-05-07 21:50:08,482 [WARN] ModelIntegratedComponent:188 - Modes not found for component STMicroelectronics:USB_DEVICE:1.0.0:STMicroelectronics:USB::USB Device:DFU HS::1.0:USB_DEVICE_1_0_RESTRICTED_HS
2025-05-07 21:50:08,482 [WARN] ModelIntegratedComponent:182 - Modes not found for component STMicroelectronics:USB_DEVICE:1.0.0:STMicroelectronics:USB::USB Device:HID HS::1.0:USB_DEVICE_1_0_RESTRICTED_HS
2025-05-07 21:50:08,482 [WARN] ModelIntegratedComponent:188 - Modes not found for component STMicroelectronics:USB_DEVICE:1.0.0:STMicroelectronics:USB::USB Device:HID HS::1.0:USB_DEVICE_1_0_RESTRICTED_HS
2025-05-07 21:50:08,482 [WARN] ModelIntegratedComponent:182 - Modes not found for component STMicroelectronics:USB_DEVICE:1.0.0:STMicroelectronics:USB::USB Device:Custom HID HS::1.0:USB_DEVICE_1_0_RESTRICTED_HS
2025-05-07 21:50:08,482 [WARN] ModelIntegratedComponent:188 - Modes not found for component STMicroelectronics:USB_DEVICE:1.0.0:STMicroelectronics:USB::USB Device:Custom HID HS::1.0:USB_DEVICE_1_0_RESTRICTED_HS
2025-05-07 21:50:08,484 [WARN] ModelIntegratedComponent:182 - Modes not found for component STMicroelectronics:USB_DEVICE:1.0.0:STMicroelectronics:USB::USB Device:MSC HS::1.0:USB_DEVICE_1_0_RESTRICTED_HS
2025-05-07 21:50:08,484 [WARN] ModelIntegratedComponent:188 - Modes not found for component STMicroelectronics:USB_DEVICE:1.0.0:STMicroelectronics:USB::USB Device:MSC HS::1.0:USB_DEVICE_1_0_RESTRICTED_HS
2025-05-07 21:50:08,621 [WARN] ModelIntegratedComponent:182 - Modes not found for component STMicroelectronics:USB_HOST:1.0.0:STMicroelectronics:USB::USB Host:Audio HS::1.0:USB_HOST_1_0_RESTRICTED_HS
2025-05-07 21:50:08,621 [WARN] ModelIntegratedComponent:188 - Modes not found for component STMicroelectronics:USB_HOST:1.0.0:STMicroelectronics:USB::USB Host:Audio HS::1.0:USB_HOST_1_0_RESTRICTED_HS
2025-05-07 21:50:08,621 [WARN] ModelIntegratedComponent:182 - Modes not found for component STMicroelectronics:USB_HOST:1.0.0:STMicroelectronics:USB::USB Host:CDC HS::1.0:USB_HOST_1_0_RESTRICTED_HS
2025-05-07 21:50:08,621 [WARN] ModelIntegratedComponent:188 - Modes not found for component STMicroelectronics:USB_HOST:1.0.0:STMicroelectronics:USB::USB Host:CDC HS::1.0:USB_HOST_1_0_RESTRICTED_HS
2025-05-07 21:50:08,621 [WARN] ModelIntegratedComponent:182 - Modes not found for component STMicroelectronics:USB_HOST:1.0.0:STMicroelectronics:USB::USB Host:MSC HS::1.0:USB_HOST_1_0_RESTRICTED_HS
2025-05-07 21:50:08,621 [WARN] ModelIntegratedComponent:188 - Modes not found for component STMicroelectronics:USB_HOST:1.0.0:STMicroelectronics:USB::USB Host:MSC HS::1.0:USB_HOST_1_0_RESTRICTED_HS
2025-05-07 21:50:08,621 [WARN] ModelIntegratedComponent:182 - Modes not found for component STMicroelectronics:USB_HOST:1.0.0:STMicroelectronics:USB::USB Host:HID HS::1.0:USB_HOST_1_0_RESTRICTED_HS
2025-05-07 21:50:08,621 [WARN] ModelIntegratedComponent:188 - Modes not found for component STMicroelectronics:USB_HOST:1.0.0:STMicroelectronics:USB::USB Host:HID HS::1.0:USB_HOST_1_0_RESTRICTED_HS
2025-05-07 21:50:08,621 [WARN] ModelIntegratedComponent:182 - Modes not found for component STMicroelectronics:USB_HOST:1.0.0:STMicroelectronics:USB::USB Host:MTP HS::1.0:USB_HOST_1_0_RESTRICTED_HS
2025-05-07 21:50:08,622 [WARN] ModelIntegratedComponent:188 - Modes not found for component STMicroelectronics:USB_HOST:1.0.0:STMicroelectronics:USB::USB Host:MTP HS::1.0:USB_HOST_1_0_RESTRICTED_HS
2025-05-07 21:50:08,797 [INFO] ThirdPartyModel:298 - Start build external matchings
2025-05-07 21:50:11,590 [INFO] ThirdPartyModel:316 - End build external matchings
2025-05-07 21:50:11,842 [INFO] UtilMem:75 - End LoadConfig() Used Memory: 722483272 Bytes (1073741824)
2025-05-07 21:50:12,131 [INFO] ApiDb:581 - Connected to CubeFinder SQLite database (C:\Users\msi1\.stmcufinder\plugins\mcufinder\mcu\cube-finder-db.db)
2025-05-07 21:50:12,268 [INFO] ApiDb:668 - CubeFinder database Data Model version=2.1
2025-05-07 21:50:12,268 [INFO] ApiDb:669 - CubeFinder database Configuration version=3.0.39
2025-05-07 21:50:12,268 [INFO] ApiDb:670 - CubeFinder database generation date=2025-04-23 (1745419778)
2025-05-07 21:50:12,268 [INFO] ApiDb:671 - CubeFinder database FW Pack versions=[FP-ATR-ASTRA1_V2.0.0, FP-SNS-FLIGHT1_V5.1.0, FP-SNS-MOTENV1_V5.0.0, FP-SNS-MOTENVWB1_V1.4.0, FP-SNS-SMARTAG2_V1.2.0, FP-SNS-STBOX1_V2.0.0, STM32Cube_FW_C0_V1.4.0, STM32Cube_FW_F4_V1.28.1, STM32Cube_FW_F7_V1.17.2, STM32Cube_FW_G0_V1.6.2, STM32Cube_FW_G4_V1.6.1, STM32Cube_FW_H5_V1.5.0, STM32Cube_FW_H7RS_V1.2.0, STM32Cube_FW_H7_V1.12.1, STM32Cube_FW_L0_V1.12.2, STM32Cube_FW_L4_V1.18.1, STM32Cube_FW_L5_V1.5.1, STM32Cube_FW_N6_V1.1.1, STM32Cube_FW_U0_V1.2.0, STM32Cube_FW_U3_V1.1.0, STM32Cube_FW_U5_V1.7.0, STM32Cube_FW_WB0_V1.2.0, STM32Cube_FW_WBA_V1.6.0, STM32Cube_FW_WB_V1.22.0, STM32Cube_FW_WL3_V1.1.0, STM32Cube_FW_WL_V1.3.1, X-CUBE-ALGOBUILD_V1.4.0, X-CUBE-ALS_V1.0.2, X-CUBE-AZRTOS-F4_V1.1.0, X-CUBE-AZRTOS-F7_V1.1.0, X-CUBE-AZRTOS-G0_V1.1.0, X-CUBE-AZRTOS-G4_V2.0.0, X-CUBE-AZRTOS-H7RS_V1.1.0, X-CUBE-AZRTOS-H7_V3.3.0, X-CUBE-AZRTOS-L4_V2.0.0, X-CUBE-AZRTOS-L5_V2.0.0, X-CUBE-AZRTOS-WB_V2.0.0, X-CUBE-AZRTOS-WL_V2.0.0, X-CUBE-BLE1_V7.1.0, X-CUBE-BLE2_V3.3.0, X-CUBE-BLEMGR_V4.0.0, X-CUBE-EEPRMA1_V5.1.0, X-CUBE-FREERTOS_V1.3.0, X-CUBE-GNSS1_V6.0.0, X-CUBE-MEMS1_V11.2.0, X-CUBE-NFC4_V3.0.0, X-CUBE-NFC7_V1.0.1, X-CUBE-SFXS2LP1_V4.0.0, X-CUBE-SUBG2_V5.0.0, X-CUBE-TOF1_V3.4.3]
2025-05-07 21:50:16,333 [INFO] ApiDb:240 - Found 323 in-development CPN: [B-G473E-ZEST1S, B-WB1M-WPAN1, B-WL5M-SUBG1, NUCLEO-C031C6, NUCLEO-H503RB, NUCLEO-H563ZI, NUCLEO-U545RE-Q, NUCLEO-U5A5ZJ-Q, NUCLEO-WBA52CG, STEVAL-PROTEUS1, STEVAL-SMARTAG2, STEVAL-STWINBX1, STM320518-EVAL, STM32C0116-DK, STM32C011D6Y3TR, STM32C011D6Y6TR, STM32C011F4P3, STM32C011F4P6, STM32C011F4U3, STM32C011F4U6TR, STM32C011F6P3, STM32C011F6P6, STM32C011F6U3, STM32C011F6U6TR, STM32C011J4M3, STM32C011J4M6, STM32C011J6M3, STM32C011J6M6, STM32C0316-DK, STM32C031C4T3, STM32C031C4T6, STM32C031C4U3, STM32C031C4U6, STM32C031C6T3, STM32C031C6T6, STM32C031C6U3, STM32C031C6U6, STM32C031F4P3, STM32C031F4P6, STM32C031F6P3, STM32C031F6P6, STM32C031G4U3, STM32C031G4U6, STM32C031G6U3, STM32C031G6U6, STM32C031K4T3, STM32C031K4T6, STM32C031K4U3, STM32C031K4U6, STM32C031K6T3, STM32C031K6T6, STM32C031K6U3, STM32C031K6U6, STM32G071K8TXN, STM32G071K8UXN, STM32G081GBU6N, STM32G081KBT6N, STM32G081KBUXN, STM32G0B1CCT6N, STM32G0B1KCT6, STM32G0B1NEY6TR, STM32G0B1RCT6N, STM32G0C1CCT6, STM32G0C1CCT6N, STM32G0C1CCU6N, STM32G0C1CET6N, STM32G0C1CEU6N, STM32G0C1KCT6, STM32G0C1NEY6TR, STM32G0C1RCI6N, STM32G0C1RCT6N, STM32G0C1REI6N, STM32G0C1RET6N, STM32G0C1VCI6, STM32G0C1VEI6, STM32G471CCT6, STM32G471CCU6, STM32G471CET3, STM32G471CET6, STM32G471CEU3, STM32G471CEU6, STM32G471MCT6, STM32G471MET3, STM32G471MET6, STM32G471MEY6TR, STM32G471QCT6, STM32G471QET3, STM32G471RCT6, STM32G471RET3, STM32G471RET6, STM32G471VCH6, STM32G471VCI6, STM32G471VCT6, STM32G471VEH3, STM32G471VEH6, STM32G471VEI3, STM32G471VEI6, STM32G471VET3, STM32G471VET6, STM32G474CCT6, STM32H503CBT6, STM32H503CBU6, STM32H503EBY6TR, STM32H503KBU6, STM32H503RBT6, STM32H562AGI6, STM32H562AII6, STM32H562IGK6, STM32H562IGT6, STM32H562IIK6, STM32H562IIT6, STM32H562RGT6, STM32H562RGV6, STM32H562RIT6, STM32H562RIV6, STM32H562VGT6, STM32H562VIT6, STM32H562ZGT6, STM32H562ZIT6, STM32H563AGI6, STM32H563AII3Q, STM32H563AII6, STM32H563IGK6, STM32H563IGT6, STM32H563IIK3Q, STM32H563IIK6, STM32H563IIT3Q, STM32H563IIT6, STM32H563MIY3QTR, STM32H563RGT6, STM32H563RGV6, STM32H563RIT6, STM32H563RIV6, STM32H563VGT6, STM32H563VIT3Q, STM32H563VIT6, STM32H563ZGT6, STM32H563ZIT3Q, STM32H563ZIT6, STM32H573AII3Q, STM32H573AII6, STM32H573I-DK, STM32H573IIK3Q, STM32H573IIK6, STM32H573IIT3Q, STM32H573IIT6, STM32H573MIY3QTR, STM32H573RIT6, STM32H573RIV6, STM32H573VIT3Q, STM32H573VIT6, STM32H573ZIT3Q, STM32H573ZIT6, STM32L4R5QGI6STR, STM32MP131AAE3, STM32MP131AAF3, STM32MP131AAG3, STM32MP131CAE3, STM32MP131CAF3, STM32MP131CAG3, STM32MP131DAE7, STM32MP131DAF7, STM32MP131DAG7, STM32MP131FAE7, STM32MP131FAF7, STM32MP131FAG7, STM32MP133AAE3, STM32MP133AAF3, STM32MP133AAG3, STM32MP133CAE3, STM32MP133CAF3, STM32MP133CAG3, STM32MP133DAE7, STM32MP133DAF7, STM32MP133DAG7, STM32MP133FAE7, STM32MP133FAF7, STM32MP133FAG7, STM32MP135AAE3, STM32MP135AAF3, STM32MP135AAG3, STM32MP135CAE3, STM32MP135CAF3, STM32MP135CAG3, STM32MP135DAE7, STM32MP135DAF7, STM32MP135DAG7, STM32MP135F-DK, STM32MP135FAE7, STM32MP135FAF7, STM32MP135FAF7T, STM32MP135FAF7U, STM32MP135FAG7, STM32U535CBT6, STM32U535CBT6Q, STM32U535CBU6, STM32U535CBU6Q, STM32U535CCT6, STM32U535CCT6Q, STM32U535CCU6, STM32U535CCU6Q, STM32U535CET6, STM32U535CET6Q, STM32U535CEU6, STM32U535CEU6Q, STM32U535JEY6QTR, STM32U535NCY6QTR, STM32U535NEY6QTR, STM32U535RBI6, STM32U535RBI6Q, STM32U535RBT6, STM32U535RBT6Q, STM32U535RCI6, STM32U535RCI6Q, STM32U535RCT6, STM32U535RCT6Q, STM32U535REI6, STM32U535REI6Q, STM32U535RET6, STM32U535RET6Q, STM32U535VCI6, STM32U535VCI6Q, STM32U535VCT6, STM32U535VCT6Q, STM32U535VEI6, STM32U535VEI6Q, STM32U535VET6, STM32U535VET6Q, STM32U545CET6, STM32U545CET6Q, STM32U545CEU6, STM32U545CEU6Q, STM32U545JEY6QTR, STM32U545NEY6QTR, STM32U545REI6, STM32U545REI6Q, STM32U545RET6, STM32U545RET6Q, STM32U545VEI6, STM32U545VEI6Q, STM32U545VET6, STM32U545VET6Q, STM32U595AIH6, STM32U595AIH6Q, STM32U595AJH6, STM32U595AJH6Q, STM32U595QII6, STM32U595QII6Q, STM32U595QJI6, STM32U595QJI6Q, STM32U595RIT6, STM32U595RIT6Q, STM32U595RJT6, STM32U595RJT6Q, STM32U595VIT6, STM32U595VIT6Q, STM32U595VJT6, STM32U595VJT6Q, STM32U595ZIT6, STM32U595ZIT6Q, STM32U595ZIY6QTR, STM32U595ZJT6, STM32U595ZJT6Q, STM32U595ZJY6QTR, STM32U599BJY6QTR, STM32U599NIH6Q, STM32U599NJH6Q, STM32U599VIT6Q, STM32U599VJT6, STM32U599VJT6Q, STM32U599ZIT6Q, STM32U599ZIY6QTR, STM32U599ZJT6Q, STM32U599ZJY6QTR, STM32U5A5AJH6, STM32U5A5AJH6Q, STM32U5A5QJI6, STM32U5A5QJI6Q, STM32U5A5RJT6, STM32U5A5RJT6Q, STM32U5A5VJT6, STM32U5A5VJT6Q, STM32U5A5ZJT6, STM32U5A5ZJT6Q, STM32U5A5ZJY6QTR, STM32U5A9BJY6QTR, STM32U5A9J-DK, STM32U5A9NJH6Q, STM32U5A9VJT6Q, STM32U5A9ZJT6Q, STM32U5A9ZJY6QTR, STM32U5F7VIT6, STM32U5F7VIT6Q, STM32U5F7VJT6, STM32U5F7VJT6Q, STM32U5F9BJY6QTR, STM32U5F9NJH6Q, STM32U5F9VIT6Q, STM32U5F9VJT6Q, STM32U5F9ZIJ6QTR, STM32U5F9ZIT6Q, STM32U5F9ZJJ6QTR, STM32U5F9ZJT6Q, STM32U5G7VJT6, STM32U5G7VJT6Q, STM32U5G9BJY6QTR, STM32U5G9J-DK1, STM32U5G9J-DK2, STM32U5G9NJH6Q, STM32U5G9VJT6Q, STM32U5G9ZJJ6QTR, STM32U5G9ZJT6Q, STM32WB1MMCH6, STM32WBA52CEU6, STM32WBA52CEU6T, STM32WBA52CGU6, STM32WBA52CGU6T, STM32WBA52KEU6, STM32WBA52KEU6T, STM32WBA52KGU6, STM32WBA52KGU6T, STM32WL5MOCH6, STM32WL5MOCH6TR]
2025-05-07 21:50:16,339 [INFO] DbMcus:217 - Found 4642 MCUs, 4642 are supported
2025-05-07 21:50:16,351 [INFO] ApiDb:423 - Load user favorites file C:\Users\msi1/.stm32cubeide/favorites.mcus.txt: 4 item(s)
2025-05-07 21:50:16,351 [INFO] ApiDb:427 - User favorites MCUs=[STM32F103CBT6, STM32F303VCT6, STM32F401CCU6, STM32F407VGT6]
2025-05-07 21:50:16,351 [INFO] DbMcus:223 - Set 4 / 4 favorites MCUs
2025-05-07 21:50:18,460 [WARN] ThirdParty:833 - waiting for thirdparty lock release [change project]
2025-05-07 21:50:18,460 [INFO] ThirdParty:835 - entering critical section [change project]
2025-05-07 21:50:18,461 [INFO] ThirdParty:1030 - CMSIS Pack Vendor :STMicroelectronics USBPD 4.1
2025-05-07 21:50:18,462 [INFO] ThirdParty:1030 - CMSIS Pack Vendor :STMicroelectronics X-CUBE-GNSS1 6.0.0
2025-05-07 21:50:18,462 [INFO] ThirdParty:1030 - CMSIS Pack Vendor :STMicroelectronics USB_HOST 2.0.0
2025-05-07 21:50:18,462 [INFO] ThirdParty:1030 - CMSIS Pack Vendor :STMicroelectronics FP-SNS-MOTENVWB1 1.4.0
2025-05-07 21:50:18,462 [INFO] ThirdParty:1030 - CMSIS Pack Vendor :STMicroelectronics X-CUBE-AZRTOS-F4 1.1.0
2025-05-07 21:50:18,462 [INFO] ThirdParty:1030 - CMSIS Pack Vendor :STMicroelectronics LIBJPEG 8.0.0
2025-05-07 21:50:18,462 [INFO] ThirdParty:1030 - CMSIS Pack Vendor :STMicroelectronics FP-ATR-ASTRA1 2.0.2
2025-05-07 21:50:18,464 [INFO] ThirdParty:1030 - CMSIS Pack Vendor :STMicroelectronics FP-ATR-ASTRA1 2.0.1
2025-05-07 21:50:18,465 [INFO] ThirdParty:1030 - CMSIS Pack Vendor :STMicroelectronics X-CUBE-SMBUS 2.1.0
2025-05-07 21:50:18,465 [INFO] ThirdParty:1030 - CMSIS Pack Vendor :STMicroelectronics X-CUBE-WB05N 1.1.0
2025-05-07 21:50:18,465 [INFO] ThirdParty:1030 - CMSIS Pack Vendor :wolfSSL I-CUBE-wolfSSL 5.6.0
2025-05-07 21:50:18,465 [INFO] ThirdParty:1030 - CMSIS Pack Vendor :STMicroelectronics X-CUBE-ISPU 2.1.0
2025-05-07 21:50:18,466 [INFO] ThirdParty:1030 - CMSIS Pack Vendor :STMicroelectronics X-CUBE-FREERTOS 1.2.0
2025-05-07 21:50:18,466 [INFO] ThirdParty:1030 - CMSIS Pack Vendor :STMicroelectronics X-CUBE-TOUCHGFX 4.23.0
2025-05-07 21:50:18,466 [INFO] ThirdParty:1030 - CMSIS Pack Vendor :STMicroelectronics X-CUBE-TOUCHGFX 4.23.2
2025-05-07 21:50:18,466 [INFO] ThirdParty:1030 - CMSIS Pack Vendor :STMicroelectronics X-CUBE-AZRTOS-F7 1.1.0
2025-05-07 21:50:18,466 [INFO] ThirdParty:1030 - CMSIS Pack Vendor :STMicroelectronics X-CUBE-AZRTOS-L5 2.0.0
2025-05-07 21:50:18,466 [INFO] ThirdParty:1030 - CMSIS Pack Vendor :STMicroelectronics USB_DEVICE 2.0.0
2025-05-07 21:50:18,468 [INFO] ThirdParty:1030 - CMSIS Pack Vendor :STMicroelectronics X-CUBE-MEMS1 9.6.0
2025-05-07 21:50:18,468 [INFO] ThirdParty:1030 - CMSIS Pack Vendor :STMicroelectronics X-CUBE-EEPRMA1 4.2.0
2025-05-07 21:50:18,468 [INFO] ThirdParty:1030 - CMSIS Pack Vendor :STMicroelectronics X-CUBE-NFC6 3.1.0
2025-05-07 21:50:18,468 [INFO] ThirdParty:1030 - CMSIS Pack Vendor :ITTIA_DB I-CUBE-ITTIADB 8.8.0
2025-05-07 21:50:18,469 [INFO] ThirdParty:1030 - CMSIS Pack Vendor :STMicroelectronics FP-SNS-MOTENV1 4.3.0
2025-05-07 21:50:18,470 [INFO] ThirdParty:1030 - CMSIS Pack Vendor :STMicroelectronics FP-SNS-MOTENV1 4.3.2
2025-05-07 21:50:18,470 [INFO] ThirdParty:1030 - CMSIS Pack Vendor :STMicroelectronics FP-SNS-FLIGHT1 5.0.0
2025-05-07 21:50:18,470 [INFO] ThirdParty:1030 - CMSIS Pack Vendor :STMicroelectronics X-CUBE-BLE1 6.2.4
2025-05-07 21:50:18,470 [INFO] ThirdParty:1030 - CMSIS Pack Vendor :STMicroelectronics FreeRTOS 0.0.1
2025-05-07 21:50:18,471 [INFO] ThirdParty:1030 - CMSIS Pack Vendor :emotas I-CUBE-CANOPEN 1.1.3
2025-05-07 21:50:18,471 [INFO] ThirdParty:1030 - CMSIS Pack Vendor :STMicroelectronics X-CUBE-BLEMGR 2.0.0
2025-05-07 21:50:18,472 [INFO] ThirdParty:1030 - CMSIS Pack Vendor :STMicroelectronics FP-SNS-FLIGHT1 5.0.2
2025-05-07 21:50:18,472 [INFO] ThirdParty:1030 - CMSIS Pack Vendor :STMicroelectronics X-CUBE-AI 9.0.0
2025-05-07 21:50:18,472 [INFO] ThirdParty:1030 - CMSIS Pack Vendor :STMicroelectronics X-CUBE-AZRTOS-H7 3.1.0
2025-05-07 21:50:18,473 [INFO] ThirdParty:1030 - CMSIS Pack Vendor :STMicroelectronics PDM2PCM 3.3.0
2025-05-07 21:50:18,473 [INFO] ThirdParty:1030 - CMSIS Pack Vendor :STMicroelectronics X-CUBE-DISPLAY 3.0.0
2025-05-07 21:50:18,473 [INFO] ThirdParty:1030 - CMSIS Pack Vendor :STMicroelectronics X-CUBE-BLE1 7.0.0
2025-05-07 21:50:18,473 [INFO] ThirdParty:1030 - CMSIS Pack Vendor :STMicroelectronics X-CUBE-NFC10 1.0.0
2025-05-07 21:50:18,473 [INFO] ThirdParty:1030 - CMSIS Pack Vendor :STMicroelectronics HAL Drivers 0.0.0
2025-05-07 21:50:18,474 [INFO] ThirdParty:1030 - CMSIS Pack Vendor :emotas I-CUBE-CANOPEN 1.3.0
2025-05-07 21:50:18,474 [INFO] ThirdParty:1030 - CMSIS Pack Vendor :STMicroelectronics X-CUBE-FREERTOS 1.3.0
2025-05-07 21:50:18,474 [INFO] ThirdParty:1030 - CMSIS Pack Vendor :STMicroelectronics X-CUBE-TOUCHGFX 4.22.0
2025-05-07 21:50:18,474 [INFO] ThirdParty:1030 - CMSIS Pack Vendor :STMicroelectronics X-CUBE-NFC7 1.0.1
2025-05-07 21:50:18,474 [INFO] ThirdParty:1030 - CMSIS Pack Vendor :STMicroelectronics MBEDTLS 2.14.1
2025-05-07 21:50:18,474 [INFO] ThirdParty:1030 - CMSIS Pack Vendor :STMicroelectronics X-CUBE-NFC7 1.0.0
2025-05-07 21:50:18,475 [INFO] ThirdParty:1030 - CMSIS Pack Vendor :STMicroelectronics X-CUBE-TOUCHGFX 4.22.1
2025-05-07 21:50:18,475 [INFO] ThirdParty:1030 - CMSIS Pack Vendor :wolfSSL I-CUBE-wolfTPM 3.2.0
2025-05-07 21:50:18,475 [INFO] ThirdParty:1030 - CMSIS Pack Vendor :STMicroelectronics X-CUBE-NFC6 3.0.0
2025-05-07 21:50:18,476 [INFO] ThirdParty:1030 - CMSIS Pack Vendor :STMicroelectronics X-CUBE-EEPRMA1 4.1.0
2025-05-07 21:50:18,476 [INFO] ThirdParty:1030 - CMSIS Pack Vendor :STMicroelectronics X-CUBE-BLEMGR 3.1.0
2025-05-07 21:50:18,476 [INFO] ThirdParty:1030 - CMSIS Pack Vendor :STMicroelectronics X-CUBE-AI 10.0.0
2025-05-07 21:50:18,477 [INFO] ThirdParty:1030 - CMSIS Pack Vendor :STMicroelectronics FP-SNS-SMARTAG2 1.2.0
2025-05-07 21:50:18,477 [INFO] ThirdParty:1030 - CMSIS Pack Vendor :STMicroelectronics X-CUBE-MEMS1 11.1.0
2025-05-07 21:50:18,477 [INFO] ThirdParty:1030 - CMSIS Pack Vendor :STMicroelectronics X-CUBE-AZRTOS-WL 2.0.0
2025-05-07 21:50:18,477 [INFO] ThirdParty:1030 - CMSIS Pack Vendor :STMicroelectronics FP-SNS-MOTENV1 5.0.0
2025-05-07 21:50:18,478 [INFO] ThirdParty:1030 - CMSIS Pack Vendor :STMicroelectronics USB_DEVICE 1.0.0
2025-05-07 21:50:18,478 [INFO] ThirdParty:1030 - CMSIS Pack Vendor :STMicroelectronics X-CUBE-AI 8.1.0
2025-05-07 21:50:18,478 [INFO] ThirdParty:1030 - CMSIS Pack Vendor :wolfSSL I-CUBE-wolfMQTT 1.19.0
2025-05-07 21:50:18,478 [INFO] ThirdParty:1030 - CMSIS Pack Vendor :STMicroelectronics X-CUBE-AZRTOS-L4 2.0.0
2025-05-07 21:50:18,479 [INFO] ThirdParty:1030 - CMSIS Pack Vendor :STMicroelectronics ThreadX 0.0.2
2025-05-07 21:50:18,479 [INFO] ThirdParty:1030 - CMSIS Pack Vendor :WES I-CUBE-Cesium 1.3.0
2025-05-07 21:50:18,479 [INFO] ThirdParty:1030 - CMSIS Pack Vendor :STMicroelectronics lwIP 2.1.2
2025-05-07 21:50:18,480 [INFO] ThirdParty:1030 - CMSIS Pack Vendor :STMicroelectronics X-CUBE-SFXS2LP1 4.0.0
2025-05-07 21:50:18,480 [INFO] ThirdParty:1030 - CMSIS Pack Vendor :STMicroelectronics X-CUBE-BLE2 3.3.0
2025-05-07 21:50:18,480 [INFO] ThirdParty:1030 - CMSIS Pack Vendor :STMicroelectronics PDM2PCM 3.2.0
2025-05-07 21:50:18,480 [INFO] ThirdParty:1030 - CMSIS Pack Vendor :STMicroelectronics X-CUBE-ISPU 1.1.0
2025-05-07 21:50:18,481 [INFO] ThirdParty:1030 - CMSIS Pack Vendor :STMicroelectronics X-CUBE-AZRTOS-H7 3.3.0
2025-05-07 21:50:18,481 [INFO] ThirdParty:1030 - CMSIS Pack Vendor :STMicroelectronics X-CUBE-NFC9 1.0.0
2025-05-07 21:50:18,481 [INFO] ThirdParty:1030 - CMSIS Pack Vendor :STMicroelectronics X-CUBE-BLE1 7.1.0
2025-05-07 21:50:18,481 [INFO] ThirdParty:1030 - CMSIS Pack Vendor :STMicroelectronics USB_DEVICE 3.0.0
2025-05-07 21:50:18,482 [INFO] ThirdParty:1030 - CMSIS Pack Vendor :STMicroelectronics X-CUBE-TCPP 4.1.0
2025-05-07 21:50:18,482 [INFO] ThirdParty:1030 - CMSIS Pack Vendor :STMicroelectronics X-CUBE-AZRTOS-WB 2.0.0
2025-05-07 21:50:18,482 [INFO] ThirdParty:1030 - CMSIS Pack Vendor :STMicroelectronics X-CUBE-FREERTOS 1.0.1
2025-05-07 21:50:18,482 [INFO] ThirdParty:1030 - CMSIS Pack Vendor :STMicroelectronics X-CUBE-GNSS1 7.0.1
2025-05-07 21:50:18,482 [INFO] ThirdParty:1030 - CMSIS Pack Vendor :STMicroelectronics X-CUBE-TOUCHGFX 4.21.4
2025-05-07 21:50:18,484 [INFO] ThirdParty:1030 - CMSIS Pack Vendor :STMicroelectronics X-CUBE-TOUCHGFX 4.25.0
2025-05-07 21:50:18,484 [INFO] ThirdParty:1030 - CMSIS Pack Vendor :STMicroelectronics X-CUBE-ALGOBUILD 1.3.0
2025-05-07 21:50:18,484 [INFO] ThirdParty:1030 - CMSIS Pack Vendor :STMicroelectronics X-CUBE-AZRTOS-L5 1.1.0
2025-05-07 21:50:18,484 [INFO] ThirdParty:1030 - CMSIS Pack Vendor :STMicroelectronics X-CUBE-MEMS1 11.2.0
2025-05-07 21:50:18,485 [INFO] ThirdParty:1030 - CMSIS Pack Vendor :STMicroelectronics X-CUBE-AZRTOS-G0 1.1.0
2025-05-07 21:50:18,485 [INFO] ThirdParty:1030 - CMSIS Pack Vendor :STMicroelectronics X-CUBE-AI 8.0.1
2025-05-07 21:50:18,485 [INFO] ThirdParty:1030 - CMSIS Pack Vendor :STMicroelectronics X-CUBE-SAFEA1 1.2.2
2025-05-07 21:50:18,485 [INFO] ThirdParty:1030 - CMSIS Pack Vendor :STMicroelectronics X-CUBE-NFC4 3.0.0
2025-05-07 21:50:18,486 [INFO] ThirdParty:1030 - CMSIS Pack Vendor :STMicroelectronics X-CUBE-SUBG2 5.0.0
2025-05-07 21:50:18,486 [INFO] ThirdParty:1030 - CMSIS Pack Vendor :STMicroelectronics X-CUBE-AZRTOS-H7RS 1.1.0
2025-05-07 21:50:18,486 [INFO] ThirdParty:1030 - CMSIS Pack Vendor :STMicroelectronics STM32_WPAN 1.0.0
2025-05-07 21:50:18,486 [INFO] ThirdParty:1030 - CMSIS Pack Vendor :wolfSSL I-CUBE-wolfMQTT 1.18.0
2025-05-07 21:50:18,487 [INFO] ThirdParty:1030 - CMSIS Pack Vendor :STMicroelectronics lwIP 2.0.3
2025-05-07 21:50:18,488 [INFO] ThirdParty:1030 - CMSIS Pack Vendor :Cesanta I-CUBE-Mongoose 7.13.0
2025-05-07 21:50:18,488 [INFO] ThirdParty:1030 - CMSIS Pack Vendor :STMicroelectronics USB_HOST 1.0.0
2025-05-07 21:50:18,489 [INFO] ThirdParty:1030 - CMSIS Pack Vendor :STMicroelectronics X-CUBE-TOF1 3.3.1
2025-05-07 21:50:18,489 [INFO] ThirdParty:1030 - CMSIS Pack Vendor :STMicroelectronics X-CUBE-AZRTOS-G4 2.0.0
2025-05-07 21:50:18,489 [INFO] ThirdParty:1030 - CMSIS Pack Vendor :STMicroelectronics X-CUBE-WB05N 2.0.0
2025-05-07 21:50:18,490 [INFO] ThirdParty:1030 - CMSIS Pack Vendor :STMicroelectronics PDM2PCM 3.1.0
2025-05-07 21:50:18,490 [INFO] ThirdParty:1030 - CMSIS Pack Vendor :STMicroelectronics X-CUBE-TOF1 3.3.0
2025-05-07 21:50:18,490 [INFO] ThirdParty:1030 - CMSIS Pack Vendor :Infineon AIROC-Wi-Fi-Bluetooth-STM32 1.5.1
2025-05-07 21:50:18,491 [INFO] ThirdParty:1030 - CMSIS Pack Vendor :STMicroelectronics X-CUBE-BLEMGR 3.0.0
2025-05-07 21:50:18,491 [INFO] ThirdParty:1030 - CMSIS Pack Vendor :STMicroelectronics FP-SNS-MOTENVWB1 1.3.0
2025-05-07 21:50:18,491 [INFO] ThirdParty:1030 - CMSIS Pack Vendor :STMicroelectronics X-CUBE-NFC7 2.0.0
2025-05-07 21:50:18,492 [INFO] ThirdParty:1030 - CMSIS Pack Vendor :STMicroelectronics FP-SNS-MOTENVWB1 1.3.1
2025-05-07 21:50:18,492 [INFO] ThirdParty:1030 - CMSIS Pack Vendor :STMicroelectronics FP-ATR-SIGFOX1 3.2.0
2025-05-07 21:50:18,492 [INFO] ThirdParty:1030 - CMSIS Pack Vendor :STMicroelectronics X-CUBE-AZRTOS-L4 1.0.0
2025-05-07 21:50:18,492 [INFO] ThirdParty:1030 - CMSIS Pack Vendor :STMicroelectronics X-CUBE-ISPU 2.0.0
2025-05-07 21:50:18,492 [INFO] ThirdParty:1030 - CMSIS Pack Vendor :STMicroelectronics X-CUBE-EEPRMA1 5.1.0
2025-05-07 21:50:18,493 [INFO] ThirdParty:1030 - CMSIS Pack Vendor :STMicroelectronics MBEDTLS 2.16.2
2025-05-07 21:50:18,493 [INFO] ThirdParty:1030 - CMSIS Pack Vendor :STMicroelectronics X-CUBE-ALS 1.0.2
2025-05-07 21:50:18,493 [INFO] ThirdParty:1030 - CMSIS Pack Vendor :STMicroelectronics X-CUBE-MEMS1 10.0.0
2025-05-07 21:50:18,494 [INFO] ThirdParty:1030 - CMSIS Pack Vendor :STMicroelectronics X-CUBE-FREERTOS 1.1.0
2025-05-07 21:50:18,494 [INFO] ThirdParty:1030 - CMSIS Pack Vendor :wolfSSL I-CUBE-wolfSSL 5.7.6
2025-05-07 21:50:18,494 [INFO] ThirdParty:1030 - CMSIS Pack Vendor :STMicroelectronics X-CUBE-TOUCHGFX 4.24.0
2025-05-07 21:50:18,494 [INFO] ThirdParty:1030 - CMSIS Pack Vendor :ITTIA_DB I-CUBE-ITTIADB 8.9.0
2025-05-07 21:50:18,495 [INFO] ThirdParty:1030 - CMSIS Pack Vendor :STMicroelectronics X-CUBE-TOUCHGFX 4.24.2
2025-05-07 21:50:18,495 [INFO] ThirdParty:1030 - CMSIS Pack Vendor :STMicroelectronics X-CUBE-AZRTOS-WL 1.0.0
2025-05-07 21:50:18,495 [INFO] ThirdParty:1030 - CMSIS Pack Vendor :STMicroelectronics X-CUBE-TOUCHGFX 4.24.1
2025-05-07 21:50:18,496 [INFO] ThirdParty:1030 - CMSIS Pack Vendor :wolfSSL I-CUBE-wolfTPM 3.4.0
2025-05-07 21:50:18,496 [INFO] ThirdParty:1030 - CMSIS Pack Vendor :portGmbH I-Cube-SoM-uGOAL 1.1.0
2025-05-07 21:50:18,496 [INFO] ThirdParty:1030 - CMSIS Pack Vendor :STMicroelectronics X-CUBE-ALS 1.0.1
2025-05-07 21:50:18,496 [INFO] ThirdParty:1030 - CMSIS Pack Vendor :STMicroelectronics ThreadX 1.0.0
2025-05-07 21:50:18,497 [INFO] ThirdParty:1030 - CMSIS Pack Vendor :STMicroelectronics X-CUBE-AZRTOS-WB 1.1.0
2025-05-07 21:50:18,497 [INFO] ThirdParty:1030 - CMSIS Pack Vendor :SEGGER I-CUBE-embOS 1.3.1
2025-05-07 21:50:18,497 [INFO] ThirdParty:1030 - CMSIS Pack Vendor :STMicroelectronics X-CUBE-ALGOBUILD 1.4.0
2025-05-07 21:50:18,498 [INFO] ThirdParty:1030 - CMSIS Pack Vendor :STMicroelectronics X-CUBE-AZRTOS-H7RS 1.0.0
2025-05-07 21:50:18,498 [INFO] ThirdParty:1030 - CMSIS Pack Vendor :STMicroelectronics FP-ATR-ASTRA1 2.0.0
2025-05-07 21:50:18,498 [INFO] ThirdParty:1030 - CMSIS Pack Vendor :STMicroelectronics X-CUBE-AI 9.1.0
2025-05-07 21:50:18,499 [INFO] ThirdParty:1030 - CMSIS Pack Vendor :STMicroelectronics X-CUBE-TOF1 3.4.0
2025-05-07 21:50:18,499 [INFO] ThirdParty:1030 - CMSIS Pack Vendor :STMicroelectronics X-CUBE-TOF1 3.4.1
2025-05-07 21:50:18,500 [INFO] ThirdParty:1030 - CMSIS Pack Vendor :STMicroelectronics X-CUBE-AZRTOS-H7 3.2.0
2025-05-07 21:50:18,500 [INFO] ThirdParty:1030 - CMSIS Pack Vendor :wolfSSL I-CUBE-wolfSSH 1.4.17
2025-05-07 21:50:18,501 [INFO] ThirdParty:841 - exiting critical section [change project]
2025-05-07 21:50:19,423 [INFO] PinOutPanel:1499 - setPackage(No Configuration,No Configuration)
2025-05-07 21:50:19,425 [INFO] PinOutPanel:1499 - setPackage(STM32F401CCUx,UFQFPN48)
2025-05-07 21:50:20,321 [INFO] UtilMem:75 - Before build in PCC Used Memory: 1040416032 Bytes (1073741824)
2025-05-07 21:50:22,402 [INFO] UtilMem:75 - After build in PCC Used Memory: 776112272 Bytes (1073741824)
2025-05-07 21:50:22,446 [INFO] IPUIPlugin:80 - create IPUIPlugin
2025-05-07 21:50:22,447 [INFO] IPUIPlugin:80 - create IPUIPlugin
2025-05-07 21:50:22,447 [INFO] IPUIPlugin:80 - create IPUIPlugin
2025-05-07 21:50:22,447 [INFO] IPUIPlugin:80 - create IPUIPlugin
2025-05-07 21:50:22,447 [INFO] IPUIPlugin:80 - create IPUIPlugin
2025-05-07 21:50:22,447 [INFO] IPUIPlugin:80 - create IPUIPlugin
2025-05-07 21:50:22,448 [INFO] IPUIPlugin:80 - create IPUIPlugin
2025-05-07 21:50:22,448 [INFO] IPUIPlugin:80 - create IPUIPlugin
2025-05-07 21:50:22,448 [INFO] IPUIPlugin:80 - create IPUIPlugin
2025-05-07 21:50:22,448 [INFO] IPUIPlugin:80 - create IPUIPlugin
2025-05-07 21:50:22,448 [INFO] IPUIPlugin:80 - create IPUIPlugin
2025-05-07 21:50:22,448 [INFO] IPUIPlugin:80 - create IPUIPlugin
2025-05-07 21:50:22,449 [INFO] IPUIPlugin:80 - create IPUIPlugin
2025-05-07 21:50:22,449 [INFO] IPUIPlugin:80 - create IPUIPlugin
2025-05-07 21:50:22,450 [INFO] IPUIPlugin:80 - create IPUIPlugin
2025-05-07 21:50:22,450 [INFO] IPUIPlugin:80 - create IPUIPlugin
2025-05-07 21:50:22,451 [INFO] IPUIPlugin:80 - create IPUIPlugin
2025-05-07 21:50:22,451 [INFO] IPUIPlugin:80 - create IPUIPlugin
2025-05-07 21:50:22,452 [INFO] IPUIPlugin:80 - create IPUIPlugin
2025-05-07 21:50:22,452 [INFO] IPUIPlugin:80 - create IPUIPlugin
2025-05-07 21:50:22,452 [INFO] IPUIPlugin:80 - create IPUIPlugin
2025-05-07 21:50:22,452 [INFO] IPUIPlugin:80 - create IPUIPlugin
2025-05-07 21:50:22,452 [INFO] IPUIPlugin:80 - create IPUIPlugin
2025-05-07 21:50:22,453 [INFO] IPUIPlugin:80 - create IPUIPlugin
2025-05-07 21:50:22,453 [INFO] IPUIPlugin:80 - create IPUIPlugin
2025-05-07 21:50:22,453 [INFO] IPUIPlugin:80 - create IPUIPlugin
2025-05-07 21:50:22,453 [INFO] IPUIPlugin:80 - create IPUIPlugin
2025-05-07 21:50:22,454 [INFO] IPUIPlugin:80 - create IPUIPlugin
2025-05-07 21:50:22,454 [INFO] IPUIPlugin:80 - create IPUIPlugin
2025-05-07 21:50:22,454 [INFO] IPUIPlugin:80 - create IPUIPlugin
2025-05-07 21:50:22,454 [INFO] IPUIPlugin:80 - create IPUIPlugin
2025-05-07 21:50:22,454 [INFO] IPUIPlugin:80 - create IPUIPlugin
2025-05-07 21:50:22,455 [INFO] IPUIPlugin:80 - create IPUIPlugin
2025-05-07 21:50:22,455 [INFO] IPUIPlugin:80 - create IPUIPlugin
2025-05-07 21:50:22,456 [INFO] IPUIPlugin:80 - create IPUIPlugin
2025-05-07 21:50:22,456 [INFO] IPUIPlugin:80 - create IPUIPlugin
2025-05-07 21:50:22,456 [INFO] IPUIPlugin:80 - create IPUIPlugin
2025-05-07 21:50:22,672 [INFO] ApiDbMcu:507 - Load IP Config File for PDM2PCM
2025-05-07 21:50:23,272 [INFO] CADModel:165 - CPN selected for project levelSTM32F401CCU6
2025-05-07 21:50:23,272 [INFO] CADModel:114 - Register for checkConnection events
2025-05-07 21:50:23,311 [INFO] OpenFileManager:328 - Restore cursor
2025-05-07 21:50:41,390 [INFO] NvicIntPanel:101 - NVIC parent = com.st.microxplorer.plugins.ip.nvic.MultiNvicIntPanel[,0,0,0x0,invalid,layout=javax.swing.BoxLayout,alignmentX=0.0,alignmentY=0.0,border=,flags=9,maximumSize=,minimumSize=,preferredSize=]
2025-05-07 21:50:44,022 [INFO] NvicIntPanel:101 - NVIC parent = com.st.microxplorer.plugins.ip.nvic.MultiNvicIntPanel[,0,0,0x0,invalid,layout=javax.swing.BoxLayout,alignmentX=0.0,alignmentY=0.0,border=,flags=9,maximumSize=,minimumSize=,preferredSize=]
2025-05-07 21:51:04,908 [INFO] UtilMem:75 - End SaveConfig() Used Memory: 894409112 Bytes (1073741824)
2025-05-07 21:51:06,054 [INFO] UtilMem:75 - End SaveConfig() Used Memory: 611786320 Bytes (1073741824)
2025-05-07 21:51:06,540 [INFO] BlockDiagram:2759 - set Specific Code input for plugin: NVIC
2025-05-07 21:51:06,540 [INFO] BlockDiagram:2759 - set Specific Code input for plugin: SYS
2025-05-07 21:51:06,541 [INFO] BlockDiagram:2759 - set Specific Code input for plugin: GPIO
2025-05-07 21:51:06,541 [INFO] BlockDiagram:2759 - set Specific Code input for plugin: RCC
2025-05-07 21:51:06,542 [INFO] CodeGenerator:799 - code generatio: config db path: D:\ITC\STM32\STM32CubeIDE_1.13.0\STM32CubeIDE\plugins\com.st.stm32cube.common.mx_6.9.0.202307051724\\db\
2025-05-07 21:51:06,772 [INFO] CodeEngine:255 - oldGeneratedFile, D:\AIFARM\STM32_GREENB\stm32f401ccu6_pump\MXTmpFiles\license.tmp_save
2025-05-07 21:51:07,175 [INFO] CodeEngine:279 - Generated code: D:\AIFARM\STM32_GREENB\stm32f401ccu6_pump\MXTmpFiles\license.tmp
2025-05-07 21:51:07,298 [INFO] CodeEngine:255 - oldGeneratedFile, D:\AIFARM\STM32_GREENB\stm32f401ccu6_pump\MXTmpFiles\gpio.tmp_save
2025-05-07 21:51:07,448 [INFO] CodeEngine:279 - Generated code: D:\AIFARM\STM32_GREENB\stm32f401ccu6_pump\MXTmpFiles\gpio.tmp
2025-05-07 21:51:07,515 [INFO] CodeEngine:255 - oldGeneratedFile, D:\AIFARM\STM32_GREENB\stm32f401ccu6_pump\Core\Src\stm32f4xx_it.c_save
2025-05-07 21:51:07,652 [INFO] CodeEngine:279 - Generated code: D:\AIFARM\STM32_GREENB\stm32f401ccu6_pump\Core\Src\stm32f4xx_it.c
2025-05-07 21:51:07,677 [INFO] CodeEngine:255 - oldGeneratedFile, D:\AIFARM\STM32_GREENB\stm32f401ccu6_pump\Core\Inc\stm32f4xx_it.h_save
2025-05-07 21:51:07,766 [INFO] CodeEngine:279 - Generated code: D:\AIFARM\STM32_GREENB\stm32f401ccu6_pump\Core\Inc\stm32f4xx_it.h
2025-05-07 21:51:07,799 [INFO] CodeEngine:255 - oldGeneratedFile, D:\AIFARM\STM32_GREENB\stm32f401ccu6_pump\Core\Src\stm32f4xx_hal_msp.c_save
2025-05-07 21:51:07,928 [INFO] CodeEngine:279 - Generated code: D:\AIFARM\STM32_GREENB\stm32f401ccu6_pump\Core\Src\stm32f4xx_hal_msp.c
2025-05-07 21:51:07,941 [INFO] CodeEngine:255 - oldGeneratedFile, D:\AIFARM\STM32_GREENB\stm32f401ccu6_pump\MXTmpFiles\system.tmp_save
2025-05-07 21:51:08,020 [INFO] CodeEngine:279 - Generated code: D:\AIFARM\STM32_GREENB\stm32f401ccu6_pump\MXTmpFiles\system.tmp
2025-05-07 21:51:08,054 [INFO] CodeEngine:311 - oldGeneratedFile, D:\AIFARM\STM32_GREENB\stm32f401ccu6_pump\Core\Inc\stm32f4xx_hal_conf.h_save
2025-05-07 21:51:08,174 [INFO] CodeEngine:335 - Generated code: D:\AIFARM\STM32_GREENB\stm32f401ccu6_pump\Core\Inc\stm32f4xx_hal_conf.h
2025-05-07 21:51:08,277 [INFO] CodeEngine:255 - oldGeneratedFile, D:\AIFARM\STM32_GREENB\stm32f401ccu6_pump\Core\Inc\main.h_save
2025-05-07 21:51:08,396 [INFO] CodeEngine:279 - Generated code: D:\AIFARM\STM32_GREENB\stm32f401ccu6_pump\Core\Inc\main.h
2025-05-07 21:51:08,420 [INFO] CodeEngine:255 - oldGeneratedFile, D:\AIFARM\STM32_GREENB\stm32f401ccu6_pump\Core\Src\main.c_save
2025-05-07 21:51:08,546 [INFO] CodeEngine:279 - Generated code: D:\AIFARM\STM32_GREENB\stm32f401ccu6_pump\Core\Src\main.c
2025-05-07 21:51:09,271 [INFO] ProjectBuilder:3064 - Time for Copy HAL[1] : 259mS.
2025-05-07 21:51:09,276 [INFO] ProjectBuilder:4404 - Project Generator version: 4.1.0
2025-05-07 21:51:09,533 [INFO] ConfigFileManager:1457 - The Die is : DIE423
2025-05-07 21:51:09,550 [INFO] ApiDbMcu:507 - Load IP Config File for FATFS
2025-05-07 21:51:09,567 [INFO] ApiDbMcu:507 - Load IP Config File for FREERTOS
2025-05-07 21:51:09,581 [INFO] ApiDbMcu:507 - Load IP Config File for LIBJPEG
2025-05-07 21:51:09,596 [INFO] ApiDbMcu:507 - Load IP Config File for MBEDTLS
2025-05-07 21:51:09,614 [INFO] ApiDbMcu:507 - Load IP Config File for USB_DEVICE
2025-05-07 21:51:09,629 [INFO] ApiDbMcu:507 - Load IP Config File for USB_HOST
2025-05-07 21:51:11,268 [INFO] LogOutputStream:77 - [STDOUT_REDIRECT] 
2025-05-07 21:51:13,284 [INFO] ProjectBuilder:4626 - Time for Generating toolchain IDE Files: 4007mS.
2025-05-07 21:51:13,284 [INFO] ProjectBuilder:2935 - Time for Copy CMSIS : 0mS.
2025-05-07 21:51:13,286 [INFO] ProjectBuilder:2935 - Time for Copy CMSIS : 0mS.
2025-05-07 21:59:15,573 [INFO] UtilMem:75 - End SaveConfig() Used Memory: 834272920 Bytes (1073741824)
2025-05-07 21:59:15,899 [INFO] BlockDiagram:2759 - set Specific Code input for plugin: NVIC
2025-05-07 21:59:15,899 [INFO] BlockDiagram:2759 - set Specific Code input for plugin: SYS
2025-05-07 21:59:15,900 [INFO] BlockDiagram:2759 - set Specific Code input for plugin: GPIO
2025-05-07 21:59:15,900 [INFO] BlockDiagram:2759 - set Specific Code input for plugin: RCC
2025-05-07 21:59:15,911 [INFO] CodeGenerator:799 - code generatio: config db path: D:\ITC\STM32\STM32CubeIDE_1.13.0\STM32CubeIDE\plugins\com.st.stm32cube.common.mx_6.9.0.202307051724\\db\
2025-05-07 21:59:16,101 [INFO] CodeEngine:255 - oldGeneratedFile, D:\AIFARM\STM32_GREENB\stm32f401ccu6_pump\MXTmpFiles\license.tmp_save
2025-05-07 21:59:16,235 [INFO] CodeEngine:279 - Generated code: D:\AIFARM\STM32_GREENB\stm32f401ccu6_pump\MXTmpFiles\license.tmp
2025-05-07 21:59:16,247 [INFO] CodeEngine:255 - oldGeneratedFile, D:\AIFARM\STM32_GREENB\stm32f401ccu6_pump\MXTmpFiles\gpio.tmp_save
2025-05-07 21:59:16,353 [INFO] CodeEngine:279 - Generated code: D:\AIFARM\STM32_GREENB\stm32f401ccu6_pump\MXTmpFiles\gpio.tmp
2025-05-07 21:59:16,385 [INFO] CodeEngine:255 - oldGeneratedFile, D:\AIFARM\STM32_GREENB\stm32f401ccu6_pump\Core\Src\stm32f4xx_it.c_save
2025-05-07 21:59:16,650 [INFO] CodeEngine:279 - Generated code: D:\AIFARM\STM32_GREENB\stm32f401ccu6_pump\Core\Src\stm32f4xx_it.c
2025-05-07 21:59:16,656 [INFO] CodeEngine:255 - oldGeneratedFile, D:\AIFARM\STM32_GREENB\stm32f401ccu6_pump\Core\Inc\stm32f4xx_it.h_save
2025-05-07 21:59:16,715 [INFO] CodeEngine:279 - Generated code: D:\AIFARM\STM32_GREENB\stm32f401ccu6_pump\Core\Inc\stm32f4xx_it.h
2025-05-07 21:59:16,738 [INFO] CodeEngine:255 - oldGeneratedFile, D:\AIFARM\STM32_GREENB\stm32f401ccu6_pump\Core\Src\stm32f4xx_hal_msp.c_save
2025-05-07 21:59:16,833 [INFO] CodeEngine:279 - Generated code: D:\AIFARM\STM32_GREENB\stm32f401ccu6_pump\Core\Src\stm32f4xx_hal_msp.c
2025-05-07 21:59:16,837 [INFO] CodeEngine:255 - oldGeneratedFile, D:\AIFARM\STM32_GREENB\stm32f401ccu6_pump\MXTmpFiles\system.tmp_save
2025-05-07 21:59:16,899 [INFO] CodeEngine:279 - Generated code: D:\AIFARM\STM32_GREENB\stm32f401ccu6_pump\MXTmpFiles\system.tmp
2025-05-07 21:59:16,922 [INFO] CodeEngine:311 - oldGeneratedFile, D:\AIFARM\STM32_GREENB\stm32f401ccu6_pump\Core\Inc\stm32f4xx_hal_conf.h_save
2025-05-07 21:59:17,013 [INFO] CodeEngine:335 - Generated code: D:\AIFARM\STM32_GREENB\stm32f401ccu6_pump\Core\Inc\stm32f4xx_hal_conf.h
2025-05-07 21:59:17,060 [INFO] CodeEngine:255 - oldGeneratedFile, D:\AIFARM\STM32_GREENB\stm32f401ccu6_pump\Core\Inc\main.h_save
2025-05-07 21:59:17,147 [INFO] CodeEngine:279 - Generated code: D:\AIFARM\STM32_GREENB\stm32f401ccu6_pump\Core\Inc\main.h
2025-05-07 21:59:17,162 [INFO] CodeEngine:255 - oldGeneratedFile, D:\AIFARM\STM32_GREENB\stm32f401ccu6_pump\Core\Src\main.c_save
2025-05-07 21:59:17,254 [INFO] CodeEngine:279 - Generated code: D:\AIFARM\STM32_GREENB\stm32f401ccu6_pump\Core\Src\main.c
2025-05-07 21:59:17,816 [INFO] ProjectBuilder:3064 - Time for Copy HAL[1] : 207mS.
2025-05-07 21:59:17,819 [INFO] ProjectBuilder:4404 - Project Generator version: 4.1.0
2025-05-07 21:59:18,026 [INFO] ConfigFileManager:1457 - The Die is : DIE423
2025-05-07 21:59:19,676 [INFO] ProjectBuilder:4626 - Time for Generating toolchain IDE Files: 1857mS.
2025-05-07 21:59:19,679 [INFO] ProjectBuilder:2935 - Time for Copy CMSIS : 0mS.
2025-05-07 21:59:19,680 [INFO] ProjectBuilder:2935 - Time for Copy CMSIS : 0mS.
2025-05-07 21:59:41,175 [INFO] UtilMem:75 - End SaveConfig() Used Memory: 836282032 Bytes (1073741824)
2025-05-07 21:59:41,612 [INFO] UtilMem:75 - End SaveConfig() Used Memory: 867764184 Bytes (1073741824)
2025-05-07 21:59:41,835 [INFO] BlockDiagram:2759 - set Specific Code input for plugin: NVIC
2025-05-07 21:59:41,836 [INFO] BlockDiagram:2759 - set Specific Code input for plugin: SYS
2025-05-07 21:59:41,836 [INFO] BlockDiagram:2759 - set Specific Code input for plugin: GPIO
2025-05-07 21:59:41,836 [INFO] BlockDiagram:2759 - set Specific Code input for plugin: RCC
2025-05-07 21:59:41,837 [INFO] CodeGenerator:799 - code generatio: config db path: D:\ITC\STM32\STM32CubeIDE_1.13.0\STM32CubeIDE\plugins\com.st.stm32cube.common.mx_6.9.0.202307051724\\db\
2025-05-07 21:59:42,057 [INFO] CodeEngine:255 - oldGeneratedFile, D:\AIFARM\STM32_GREENB\stm32f401ccu6_pump\MXTmpFiles\license.tmp_save
2025-05-07 21:59:42,154 [INFO] CodeEngine:279 - Generated code: D:\AIFARM\STM32_GREENB\stm32f401ccu6_pump\MXTmpFiles\license.tmp
2025-05-07 21:59:42,171 [INFO] CodeEngine:255 - oldGeneratedFile, D:\AIFARM\STM32_GREENB\stm32f401ccu6_pump\MXTmpFiles\gpio.tmp_save
2025-05-07 21:59:42,306 [INFO] CodeEngine:279 - Generated code: D:\AIFARM\STM32_GREENB\stm32f401ccu6_pump\MXTmpFiles\gpio.tmp
2025-05-07 21:59:42,337 [INFO] CodeEngine:255 - oldGeneratedFile, D:\AIFARM\STM32_GREENB\stm32f401ccu6_pump\Core\Src\stm32f4xx_it.c_save
2025-05-07 21:59:42,545 [INFO] CodeEngine:279 - Generated code: D:\AIFARM\STM32_GREENB\stm32f401ccu6_pump\Core\Src\stm32f4xx_it.c
2025-05-07 21:59:42,550 [INFO] CodeEngine:255 - oldGeneratedFile, D:\AIFARM\STM32_GREENB\stm32f401ccu6_pump\Core\Inc\stm32f4xx_it.h_save
2025-05-07 21:59:42,608 [INFO] CodeEngine:279 - Generated code: D:\AIFARM\STM32_GREENB\stm32f401ccu6_pump\Core\Inc\stm32f4xx_it.h
2025-05-07 21:59:42,624 [INFO] CodeEngine:255 - oldGeneratedFile, D:\AIFARM\STM32_GREENB\stm32f401ccu6_pump\Core\Src\stm32f4xx_hal_msp.c_save
2025-05-07 21:59:42,691 [INFO] CodeEngine:279 - Generated code: D:\AIFARM\STM32_GREENB\stm32f401ccu6_pump\Core\Src\stm32f4xx_hal_msp.c
2025-05-07 21:59:42,694 [INFO] CodeEngine:255 - oldGeneratedFile, D:\AIFARM\STM32_GREENB\stm32f401ccu6_pump\MXTmpFiles\system.tmp_save
2025-05-07 21:59:42,735 [INFO] CodeEngine:279 - Generated code: D:\AIFARM\STM32_GREENB\stm32f401ccu6_pump\MXTmpFiles\system.tmp
2025-05-07 21:59:42,749 [INFO] CodeEngine:311 - oldGeneratedFile, D:\AIFARM\STM32_GREENB\stm32f401ccu6_pump\Core\Inc\stm32f4xx_hal_conf.h_save
2025-05-07 21:59:42,833 [INFO] CodeEngine:335 - Generated code: D:\AIFARM\STM32_GREENB\stm32f401ccu6_pump\Core\Inc\stm32f4xx_hal_conf.h
2025-05-07 21:59:42,871 [INFO] CodeEngine:255 - oldGeneratedFile, D:\AIFARM\STM32_GREENB\stm32f401ccu6_pump\Core\Inc\main.h_save
2025-05-07 21:59:42,946 [INFO] CodeEngine:279 - Generated code: D:\AIFARM\STM32_GREENB\stm32f401ccu6_pump\Core\Inc\main.h
2025-05-07 21:59:42,957 [INFO] CodeEngine:255 - oldGeneratedFile, D:\AIFARM\STM32_GREENB\stm32f401ccu6_pump\Core\Src\main.c_save
2025-05-07 21:59:43,047 [INFO] CodeEngine:279 - Generated code: D:\AIFARM\STM32_GREENB\stm32f401ccu6_pump\Core\Src\main.c
2025-05-07 21:59:43,611 [INFO] ProjectBuilder:3064 - Time for Copy HAL[1] : 194mS.
2025-05-07 21:59:43,615 [INFO] ProjectBuilder:4404 - Project Generator version: 4.1.0
2025-05-07 21:59:43,817 [INFO] ConfigFileManager:1457 - The Die is : DIE423
2025-05-07 21:59:45,184 [INFO] ProjectBuilder:4626 - Time for Generating toolchain IDE Files: 1569mS.
2025-05-07 21:59:45,186 [INFO] ProjectBuilder:2935 - Time for Copy CMSIS : 2mS.
2025-05-07 21:59:45,188 [INFO] ProjectBuilder:2935 - Time for Copy CMSIS : 0mS.
