2025-05-08 08:52:11,473 [INFO] Activator:176 - 


2025-05-08 08:52:11,477 [INFO] Activator:177 - !SESSION log4j initialized
2025-05-08 08:52:19,149 [INFO] LogOutputStream:77 - [STDOUT_REDIRECT] 
2025-05-08 08:52:24,138 [INFO] McuFinderGlobals:63 - Set McuFinder mode to 2 (CubeIDE integrated)
2025-05-08 08:52:24,202 [INFO] ApplicationProperties:184 - Using Application install path: D:\ITC\STM32\STM32CubeIDE_1.13.0\STM32CubeIDE\plugins\com.st.stm32cube.common.mx_6.9.0.202307051724
2025-05-08 08:52:24,221 [INFO] DbMcusXml:78 - Set database path to: D:\ITC\STM32\STM32CubeIDE_1.13.0\STM32CubeIDE\plugins\com.st.stm32cube.common.mx_6.9.0.202307051724\\db\/mcu/
2025-05-08 08:52:24,221 [INFO] ApiDb:274 - Set plugin database path to: D:\ITC\STM32\STM32CubeIDE_1.13.0\STM32CubeIDE\plugins\com.st.stm32cube.common.mx_6.9.0.202307051724\\db\/plugins/boardmanager/
2025-05-08 08:52:24,222 [WARN] ApiDb:259 - Overriding images path with different value:  => D:\ITC\STM32\STM32CubeIDE_1.13.0\STM32CubeIDE\plugins\com.st.stm32cube.common.mx_6.9.0.202307051724\\db\/plugins/mcufinder/images/
2025-05-08 08:52:24,234 [INFO] ApiDb:250 - Set database path to: C:\Users\msi1\.stmcufinder\plugins\mcufinder//mcu/
2025-05-08 08:52:24,235 [INFO] DbMcusAds:125 - Set database path to: C:\Users\msi1\.stmcufinder\plugins\mcufinder//mcu/
2025-05-08 08:52:24,238 [INFO] CrossReferenceDbSqlite:203 - Set database path to: C:\Users\msi1\.stmcufinder\plugins\mcufinder//mcu/cs/
2025-05-08 08:52:24,344 [INFO] RulesReader:64 - Compatibility file has been processed (293 Rules)
2025-05-08 08:52:24,431 [INFO] DbMcusXml:78 - Set database path to: D:\ITC\STM32\STM32CubeIDE_1.13.0\STM32CubeIDE\plugins\com.st.stm32cube.common.mx_6.9.0.202307051724\\db\/mcu/
2025-05-08 08:52:24,431 [INFO] ApiDb:274 - Set plugin database path to: D:\ITC\STM32\STM32CubeIDE_1.13.0\STM32CubeIDE\plugins\com.st.stm32cube.common.mx_6.9.0.202307051724\\db\/plugins/boardmanager/
2025-05-08 08:52:24,431 [INFO] ApiDb:261 - Set plugin images path to: D:\ITC\STM32\STM32CubeIDE_1.13.0\STM32CubeIDE\plugins\com.st.stm32cube.common.mx_6.9.0.202307051724\\db\/plugins/mcufinder/images/
2025-05-08 08:52:24,431 [WARN] DbFile:41 - Overriding database path with different value: C:\Users\msi1\.stmcufinder\plugins\mcufinder/ => C:\Users\msi1\.stmcufinder\plugins\mcufinder
2025-05-08 08:52:24,431 [INFO] ApiDb:250 - Set database path to: C:\Users\msi1\.stmcufinder\plugins\mcufinder//mcu/
2025-05-08 08:52:24,431 [WARN] DbFile:41 - Overriding database path with different value: C:\Users\msi1\.stmcufinder\plugins\mcufinder/ => C:\Users\msi1\.stmcufinder\plugins\mcufinder
2025-05-08 08:52:24,431 [INFO] DbMcusAds:125 - Set database path to: C:\Users\msi1\.stmcufinder\plugins\mcufinder//mcu/
2025-05-08 08:52:24,431 [WARN] DbFile:41 - Overriding database path with different value: C:\Users\msi1\.stmcufinder\plugins\mcufinder/ => C:\Users\msi1\.stmcufinder\plugins\mcufinder
2025-05-08 08:52:24,431 [WARN] DbFile:41 - Overriding database path with different value: C:\Users\msi1\.stmcufinder\plugins\mcufinder/ => C:\Users\msi1\.stmcufinder\plugins\mcufinder
2025-05-08 08:52:24,432 [INFO] CrossReferenceDbSqlite:203 - Set database path to: C:\Users\msi1\.stmcufinder\plugins\mcufinder//mcu/cs/
2025-05-08 08:52:24,507 [INFO] MainPanel:262 - HeapMemory: 268435456
2025-05-08 08:52:24,606 [INFO] DbMcusXml:78 - Set database path to: D:\ITC\STM32\STM32CubeIDE_1.13.0\STM32CubeIDE\plugins\com.st.stm32cube.common.mx_6.9.0.202307051724\\db\/mcu/
2025-05-08 08:52:24,606 [INFO] ApiDb:274 - Set plugin database path to: D:\ITC\STM32\STM32CubeIDE_1.13.0\STM32CubeIDE\plugins\com.st.stm32cube.common.mx_6.9.0.202307051724\\db\/plugins/boardmanager/
2025-05-08 08:52:24,606 [INFO] ApiDb:261 - Set plugin images path to: D:\ITC\STM32\STM32CubeIDE_1.13.0\STM32CubeIDE\plugins\com.st.stm32cube.common.mx_6.9.0.202307051724\\db\/plugins/mcufinder/images/
2025-05-08 08:52:24,607 [WARN] DbFile:41 - Overriding database path with different value: C:\Users\msi1\.stmcufinder\plugins\mcufinder/ => C:\Users\msi1\.stmcufinder\plugins\mcufinder
2025-05-08 08:52:24,607 [INFO] ApiDb:250 - Set database path to: C:\Users\msi1\.stmcufinder\plugins\mcufinder//mcu/
2025-05-08 08:52:24,607 [WARN] DbFile:41 - Overriding database path with different value: C:\Users\msi1\.stmcufinder\plugins\mcufinder/ => C:\Users\msi1\.stmcufinder\plugins\mcufinder
2025-05-08 08:52:24,607 [INFO] DbMcusAds:125 - Set database path to: C:\Users\msi1\.stmcufinder\plugins\mcufinder//mcu/
2025-05-08 08:52:24,607 [WARN] DbFile:41 - Overriding database path with different value: C:\Users\msi1\.stmcufinder\plugins\mcufinder/ => C:\Users\msi1\.stmcufinder\plugins\mcufinder
2025-05-08 08:52:24,607 [WARN] DbFile:41 - Overriding database path with different value: C:\Users\msi1\.stmcufinder\plugins\mcufinder/ => C:\Users\msi1\.stmcufinder\plugins\mcufinder
2025-05-08 08:52:24,607 [INFO] CrossReferenceDbSqlite:203 - Set database path to: C:\Users\msi1\.stmcufinder\plugins\mcufinder//mcu/cs/
2025-05-08 08:52:24,626 [INFO] ApplicationProperties:184 - Using Application install path: D:\ITC\STM32\STM32CubeIDE_1.13.0\STM32CubeIDE\plugins\com.st.stm32cube.common.mx_6.9.0.202307051724
2025-05-08 08:52:24,626 [INFO] PluginManage:196 - Search for loadable plugins [exclusion list=, ]
2025-05-08 08:52:24,627 [INFO] PluginManage:310 - Check plugin analytics
2025-05-08 08:52:24,781 [INFO] AnalyticsPlugin:253 - Accepted Software Licenses: 
2025-05-08 08:52:24,781 [INFO] AnalyticsPlugin:255 - Accepted CMSIS Pack Licenses: 
2025-05-08 08:52:24,782 [INFO] AnalyticsPlugin:257 - Accepted Firmware Licenses: FW.F4.1.27.0
2025-05-08 08:52:24,786 [INFO] PluginManage:359 - Loaded plugin analytics (category:tool,tabindex:-1)
2025-05-08 08:52:24,786 [INFO] PluginManage:310 - Check plugin cadmodel
2025-05-08 08:52:24,809 [INFO] CADModel:105 - Init CAD model plugin
2025-05-08 08:52:24,810 [INFO] PluginManage:359 - Loaded plugin cadmodel (category:power,tabindex:5)
2025-05-08 08:52:24,810 [INFO] PluginManage:310 - Check plugin clock
2025-05-08 08:52:24,833 [INFO] PluginManage:359 - Loaded plugin clock (category:base,tabindex:2)
2025-05-08 08:52:24,833 [INFO] PluginManage:310 - Check plugin ddr
2025-05-08 08:52:24,835 [INFO] PluginManage:359 - Loaded plugin ddr (category:tool,tabindex:6)
2025-05-08 08:52:24,836 [INFO] PluginManage:310 - Check plugin filemanager
2025-05-08 08:52:24,955 [INFO] PluginManage:359 - Loaded plugin filemanager (category:base,tabindex:10)
2025-05-08 08:52:24,956 [INFO] PluginManage:310 - Check plugin ipmanager
2025-05-08 08:52:24,963 [INFO] PluginManage:359 - Loaded plugin ipmanager (category:base,tabindex:5)
2025-05-08 08:52:24,964 [INFO] PluginManage:310 - Check plugin lpbam
2025-05-08 08:52:24,982 [INFO] PluginManage:359 - Loaded plugin lpbam (category:base,tabindex:0)
2025-05-08 08:52:24,982 [INFO] PluginManage:310 - Check plugin memorymap
2025-05-08 08:52:25,011 [INFO] PluginManage:359 - Loaded plugin memorymap (category:base,tabindex:4)
2025-05-08 08:52:25,011 [INFO] PluginManage:310 - Check plugin pinoutandconfiguration
2025-05-08 08:52:25,029 [INFO] PluginManage:359 - Loaded plugin pinoutandconfiguration (category:base,tabindex:1)
2025-05-08 08:52:25,029 [INFO] PluginManage:310 - Check plugin pinoutconfig
2025-05-08 08:52:25,122 [WARN] SupportedApi:132 - Cannot load RTOS API schema: s4s-elt-must-match.1: The content of 'definitions' must match (annotation?, (simpleType | complexType)?, (unique | key | keyref)*)). A problem was found starting at: attribute.
2025-05-08 08:52:25,256 [INFO] PluginManage:359 - Loaded plugin pinoutconfig (category:base,tabindex:0)
2025-05-08 08:52:25,256 [INFO] PluginManage:310 - Check plugin power
2025-05-08 08:52:25,291 [INFO] PluginManage:359 - Loaded plugin power (category:power,tabindex:4)
2025-05-08 08:52:25,291 [INFO] PluginManage:310 - Check plugin projectmanager
2025-05-08 08:52:25,305 [INFO] PluginManage:359 - Loaded plugin projectmanager (category:projectmanager,tabindex:3)
2025-05-08 08:52:25,305 [INFO] PluginManage:310 - Check plugin thirdparty
2025-05-08 08:52:25,726 [INFO] PluginManage:359 - Loaded plugin thirdparty (category:base,tabindex:-1)
2025-05-08 08:52:25,726 [WARN] IntegrityCheckThread:84 - waiting for thirdparty lock release [integrity check]
2025-05-08 08:52:25,728 [INFO] IntegrityCheckThread:86 - entering critical section [integrity check]
2025-05-08 08:52:25,728 [INFO] PluginManage:310 - Check plugin tools
2025-05-08 08:52:25,728 [INFO] ThirdPartyUpdaterWithRetryManager:70 - Updater plugin not ready yet. [1/15]
2025-05-08 08:52:25,792 [INFO] PluginManage:359 - Loaded plugin tools (category:base,tabindex:7)
2025-05-08 08:52:25,792 [INFO] PluginManage:310 - Check plugin tutovideos
2025-05-08 08:52:25,982 [INFO] PluginManage:359 - Loaded plugin tutovideos (category:base,tabindex:-1)
2025-05-08 08:52:25,982 [INFO] PluginManage:310 - Check plugin updater
2025-05-08 08:52:25,996 [INFO] PluginManage:359 - Loaded plugin updater (category:base,tabindex:12)
2025-05-08 08:52:25,996 [INFO] PluginManage:310 - Check plugin userauth
2025-05-08 08:52:26,003 [INFO] UserAuth:113 - Init User Auth plugin
2025-05-08 08:52:26,003 [INFO] PluginManage:359 - Loaded plugin userauth (category:base,tabindex:14)
2025-05-08 08:52:26,003 [INFO] PluginManage:283 - PluginManage : Loaded plugins [17]
2025-05-08 08:52:26,254 [INFO] PinOutPanel:1499 - setPackage(No Configuration,No Configuration)
2025-05-08 08:52:26,349 [INFO] CADModel:165 - CPN selected for project level
2025-05-08 08:52:26,350 [INFO] CADModel:114 - Register for checkConnection events
2025-05-08 08:52:26,377 [INFO] IPUIPlugin:80 - create IPUIPlugin
2025-05-08 08:52:26,377 [INFO] PluginManager:220 - loadIPPluginJar : add adc
2025-05-08 08:52:26,420 [INFO] IPUIPlugin:80 - create IPUIPlugin
2025-05-08 08:52:26,420 [INFO] PluginManager:220 - loadIPPluginJar : add aes
2025-05-08 08:52:26,468 [INFO] IPUIPlugin:80 - create IPUIPlugin
2025-05-08 08:52:26,468 [INFO] PluginManager:220 - loadIPPluginJar : add can
2025-05-08 08:52:26,495 [INFO] IPUIPlugin:80 - create IPUIPlugin
2025-05-08 08:52:26,495 [INFO] PluginManager:220 - loadIPPluginJar : add comp
2025-05-08 08:52:26,537 [INFO] IPUIPlugin:80 - create IPUIPlugin
2025-05-08 08:52:26,538 [INFO] PluginManager:220 - loadIPPluginJar : add cryp
2025-05-08 08:52:26,582 [INFO] IPUIPlugin:80 - create IPUIPlugin
2025-05-08 08:52:26,582 [INFO] PluginManager:220 - loadIPPluginJar : add dfsdm
2025-05-08 08:52:26,600 [INFO] IPUIPlugin:80 - create IPUIPlugin
2025-05-08 08:52:26,601 [INFO] PluginManager:220 - loadIPPluginJar : add dma
2025-05-08 08:52:26,665 [INFO] IPUIPlugin:80 - create IPUIPlugin
2025-05-08 08:52:26,666 [INFO] PluginManager:220 - loadIPPluginJar : add dma3
2025-05-08 08:52:26,696 [INFO] IPUIPlugin:80 - create IPUIPlugin
2025-05-08 08:52:26,696 [INFO] PluginManager:220 - loadIPPluginJar : add fatfs
2025-05-08 08:52:26,752 [INFO] IPUIPlugin:80 - create IPUIPlugin
2025-05-08 08:52:26,752 [INFO] PluginManager:220 - loadIPPluginJar : add fmc
2025-05-08 08:52:26,768 [INFO] IPUIPlugin:80 - create IPUIPlugin
2025-05-08 08:52:26,768 [INFO] PluginManager:220 - loadIPPluginJar : add freertos
2025-05-08 08:52:26,791 [INFO] IPUIPlugin:80 - create IPUIPlugin
2025-05-08 08:52:26,791 [INFO] PluginManager:220 - loadIPPluginJar : add genericplugin
2025-05-08 08:52:26,887 [INFO] IPUIPlugin:80 - create IPUIPlugin
2025-05-08 08:52:26,888 [INFO] PluginManager:220 - loadIPPluginJar : add gfxmmu
2025-05-08 08:52:27,018 [INFO] IPUIPlugin:80 - create IPUIPlugin
2025-05-08 08:52:27,019 [INFO] PluginManager:220 - loadIPPluginJar : add gic
2025-05-08 08:52:27,032 [INFO] IPUIPlugin:80 - create IPUIPlugin
2025-05-08 08:52:27,032 [INFO] PluginManager:220 - loadIPPluginJar : add gpio
2025-05-08 08:52:27,126 [INFO] IPUIPlugin:80 - create IPUIPlugin
2025-05-08 08:52:27,126 [INFO] PluginManager:220 - loadIPPluginJar : add gtzc
2025-05-08 08:52:27,163 [INFO] IPUIPlugin:80 - create IPUIPlugin
2025-05-08 08:52:27,164 [INFO] PluginManager:220 - loadIPPluginJar : add hash
2025-05-08 08:52:27,219 [INFO] IPUIPlugin:80 - create IPUIPlugin
2025-05-08 08:52:27,219 [INFO] PluginManager:220 - loadIPPluginJar : add i2c
2025-05-08 08:52:27,259 [INFO] IPUIPlugin:80 - create IPUIPlugin
2025-05-08 08:52:27,259 [INFO] PluginManager:220 - loadIPPluginJar : add i2s
2025-05-08 08:52:27,305 [INFO] IPUIPlugin:80 - create IPUIPlugin
2025-05-08 08:52:27,306 [INFO] PluginManager:220 - loadIPPluginJar : add i3c
2025-05-08 08:52:27,414 [INFO] IPUIPlugin:80 - create IPUIPlugin
2025-05-08 08:52:27,414 [INFO] PluginManager:220 - loadIPPluginJar : add ipddr
2025-05-08 08:52:27,508 [INFO] IPUIPlugin:80 - create IPUIPlugin
2025-05-08 08:52:27,508 [INFO] PluginManager:220 - loadIPPluginJar : add linkedlist
2025-05-08 08:52:27,548 [INFO] IPUIPlugin:80 - create IPUIPlugin
2025-05-08 08:52:27,548 [INFO] PluginManager:220 - loadIPPluginJar : add lorawan
2025-05-08 08:52:27,589 [INFO] IPUIPlugin:80 - create IPUIPlugin
2025-05-08 08:52:27,590 [INFO] PluginManager:220 - loadIPPluginJar : add ltdc
2025-05-08 08:52:27,604 [INFO] IPUIPlugin:80 - create IPUIPlugin
2025-05-08 08:52:27,604 [INFO] PluginManager:220 - loadIPPluginJar : add mdma
2025-05-08 08:52:27,619 [INFO] IPUIPlugin:80 - create IPUIPlugin
2025-05-08 08:52:27,619 [INFO] PluginManager:220 - loadIPPluginJar : add nvic
2025-05-08 08:52:27,659 [INFO] IPUIPlugin:80 - create IPUIPlugin
2025-05-08 08:52:27,659 [INFO] PluginManager:220 - loadIPPluginJar : add opamp
2025-05-08 08:52:27,730 [INFO] IPUIPlugin:80 - create IPUIPlugin
2025-05-08 08:52:27,730 [INFO] PluginManager:220 - loadIPPluginJar : add openamp
2025-05-08 08:52:27,777 [INFO] IPUIPlugin:80 - create IPUIPlugin
2025-05-08 08:52:27,779 [INFO] PluginManager:220 - loadIPPluginJar : add pdm2pcm
2025-05-08 08:52:27,793 [INFO] IPUIPlugin:80 - create IPUIPlugin
2025-05-08 08:52:27,795 [INFO] PluginManager:220 - loadIPPluginJar : add plateformsettings
2025-05-08 08:52:27,822 [INFO] IPUIPlugin:80 - create IPUIPlugin
2025-05-08 08:52:27,823 [INFO] PluginManager:220 - loadIPPluginJar : add quadspi
2025-05-08 08:52:27,838 [INFO] IPUIPlugin:80 - create IPUIPlugin
2025-05-08 08:52:27,838 [INFO] PluginManager:220 - loadIPPluginJar : add resmgrutility
2025-05-08 08:52:27,896 [INFO] IPUIPlugin:80 - create IPUIPlugin
2025-05-08 08:52:27,896 [INFO] PluginManager:220 - loadIPPluginJar : add sai
2025-05-08 08:52:27,940 [INFO] IPUIPlugin:80 - create IPUIPlugin
2025-05-08 08:52:27,941 [INFO] PluginManager:220 - loadIPPluginJar : add spi
2025-05-08 08:52:28,004 [INFO] IPUIPlugin:80 - create IPUIPlugin
2025-05-08 08:52:28,004 [INFO] PluginManager:220 - loadIPPluginJar : add stm32_wpan
2025-05-08 08:52:28,030 [INFO] IPUIPlugin:80 - create IPUIPlugin
2025-05-08 08:52:28,030 [INFO] PluginManager:220 - loadIPPluginJar : add tim
2025-05-08 08:52:28,089 [INFO] IPUIPlugin:80 - create IPUIPlugin
2025-05-08 08:52:28,090 [INFO] PluginManager:220 - loadIPPluginJar : add touchsensing
2025-05-08 08:52:28,115 [INFO] IPUIPlugin:80 - create IPUIPlugin
2025-05-08 08:52:28,116 [INFO] PluginManager:220 - loadIPPluginJar : add tracer_emb
2025-05-08 08:52:28,143 [INFO] IPUIPlugin:80 - create IPUIPlugin
2025-05-08 08:52:28,144 [INFO] PluginManager:220 - loadIPPluginJar : add ts
2025-05-08 08:52:28,172 [INFO] IPUIPlugin:80 - create IPUIPlugin
2025-05-08 08:52:28,172 [INFO] PluginManager:220 - loadIPPluginJar : add tsc
2025-05-08 08:52:28,197 [INFO] IPUIPlugin:80 - create IPUIPlugin
2025-05-08 08:52:28,197 [INFO] PluginManager:220 - loadIPPluginJar : add ucpd
2025-05-08 08:52:28,247 [INFO] IPUIPlugin:80 - create IPUIPlugin
2025-05-08 08:52:28,247 [INFO] PluginManager:220 - loadIPPluginJar : add usart
2025-05-08 08:52:28,291 [INFO] IPUIPlugin:80 - create IPUIPlugin
2025-05-08 08:52:28,291 [INFO] PluginManager:220 - loadIPPluginJar : add usbx
2025-05-08 08:52:28,406 [INFO] CADModel:165 - CPN selected for project level
2025-05-08 08:52:28,406 [INFO] CADModel:114 - Register for checkConnection events
2025-05-08 08:52:28,406 [FATAL] Updater:308 - Updater called before beeing initialized
2025-05-08 08:52:28,407 [ERROR] CADModel:125 - Updater not yet initialized, retry later 
2025-05-08 08:52:28,543 [INFO] CADModel:165 - CPN selected for project level
2025-05-08 08:52:28,543 [INFO] CADModel:114 - Register for checkConnection events
2025-05-08 08:52:28,543 [FATAL] Updater:308 - Updater called before beeing initialized
2025-05-08 08:52:28,543 [ERROR] CADModel:125 - Updater not yet initialized, retry later 
2025-05-08 08:52:28,546 [FATAL] Updater:308 - Updater called before beeing initialized
2025-05-08 08:52:28,644 [FATAL] Updater:308 - Updater called before beeing initialized
2025-05-08 08:52:28,655 [INFO] DbMcusAds:53 - JSON generation date=Tue Dec 17 23:01:15 ICT 2024 (1734451275230)
2025-05-08 08:52:28,655 [FATAL] Updater:308 - Updater called before beeing initialized
2025-05-08 08:52:28,729 [INFO] ThirdPartyUpdaterWithRetryManager:70 - Updater plugin not ready yet. [2/15]
2025-05-08 08:52:28,737 [WARN] DetailPanel:346 - Failed to get advertising image, set to default
2025-05-08 08:52:28,819 [FATAL] Updater:308 - Updater called before beeing initialized
2025-05-08 08:52:28,821 [FATAL] Updater:308 - Updater called before beeing initialized
2025-05-08 08:52:28,821 [FATAL] Updater:308 - Updater called before beeing initialized
2025-05-08 08:52:28,821 [WARN] DetailPanel:346 - Failed to get advertising image, set to default
2025-05-08 08:52:28,822 [FATAL] Updater:308 - Updater called before beeing initialized
2025-05-08 08:52:28,879 [ERROR] Updater:1120 - MainUpdater not yet initialized. External WinMGr cannot be set.
2025-05-08 08:52:28,891 [INFO] Updater:1056 - Updater Version found : 6.9.0
2025-05-08 08:52:28,909 [INFO] ApplicationProperties:184 - Using Application install path: D:\ITC\STM32\STM32CubeIDE_1.13.0\STM32CubeIDE\plugins\com.st.stm32cube.common.mx_6.9.0.202307051724
2025-05-08 08:52:29,227 [INFO] MainUpdater:2868 - connection check result : 10
2025-05-08 08:52:29,228 [INFO] MainUpdater:285 - Updater Check For Update Now.
2025-05-08 08:52:29,228 [INFO] MicroXplorer:498 - Change Database Version : DB.6.0.90
2025-05-08 08:52:29,249 [INFO] McuFinderGlobals:63 - Set McuFinder mode to 2 (CubeIDE integrated)
2025-05-08 08:52:29,465 [INFO] CheckServerUpdateThread:120 - End of CheckServer Thread
2025-05-08 08:52:29,465 [INFO] MainUpdater:2868 - connection check result : 10
2025-05-08 08:52:29,480 [INFO] MainUpdater:2868 - connection check result : 10
2025-05-08 08:52:29,707 [INFO] MicroXplorer:468 - Change Database Path : 
2025-05-08 08:52:29,708 [INFO] MicroXplorer:498 - Change Database Version : DB.6.0.90
2025-05-08 08:52:29,712 [WARN] ThirdParty:871 - waiting for thirdparty lock release [close project]
2025-05-08 08:52:32,063 [WARN] PackLoader:240 - Cannot read IP mode file for STMicroelectronics.FP-SNS-MOTENVWB1.1.4.0
2025-05-08 08:52:32,080 [WARN] PackLoader:240 - Cannot read IP mode file for STMicroelectronics.FP-ATR-ASTRA1.2.0.2
2025-05-08 08:52:32,091 [WARN] PackLoader:240 - Cannot read IP mode file for STMicroelectronics.FP-ATR-ASTRA1.2.0.1
2025-05-08 08:52:32,105 [WARN] PackLoader:240 - Cannot read IP mode file for STMicroelectronics.X-CUBE-SMBUS.2.1.0
2025-05-08 08:52:32,120 [WARN] PackLoader:240 - Cannot read IP mode file for STMicroelectronics.X-CUBE-WB05N.1.1.0
2025-05-08 08:52:32,134 [WARN] PackLoader:240 - Cannot read IP mode file for STMicroelectronics.X-CUBE-TOUCHGFX.4.23.0
2025-05-08 08:52:32,146 [WARN] PackLoader:240 - Cannot read IP mode file for STMicroelectronics.X-CUBE-TOUCHGFX.4.23.2
2025-05-08 08:52:32,182 [WARN] PackLoader:240 - Cannot read IP mode file for STMicroelectronics.X-CUBE-AZRTOS-F7.1.1.0
2025-05-08 08:52:32,200 [ERROR] RealEvaluatedCondition:428 - Found unsupported composite condition: GROUP='STM32_MetaDataManager' CLASS='Data Exchange'
2025-05-08 08:52:32,200 [ERROR] RealEvaluatedCondition:428 - Found unsupported composite condition: CLASS='Data Exchange' GROUP='STM32_MetaDataManager'
2025-05-08 08:52:32,201 [WARN] PackLoader:240 - Cannot read IP mode file for STMicroelectronics.FP-SNS-MOTENV1.4.3.0
2025-05-08 08:52:32,218 [WARN] PackLoader:240 - Cannot read IP mode file for STMicroelectronics.FP-SNS-MOTENV1.4.3.2
2025-05-08 08:52:32,234 [WARN] PackLoader:240 - Cannot read IP mode file for STMicroelectronics.FP-SNS-FLIGHT1.5.0.0
2025-05-08 08:52:32,248 [WARN] PackLoader:240 - Cannot read IP mode file for STMicroelectronics.X-CUBE-BLE1.6.2.4
2025-05-08 08:52:32,260 [WARN] PackLoader:240 - Cannot read IP mode file for STMicroelectronics.FP-SNS-FLIGHT1.5.0.2
2025-05-08 08:52:32,277 [ERROR] Engine:466 - C:\Users\msi1\.stm32cubemx\thirdparties\pdsc\Infineon.AIROC-Wi-Fi-Bluetooth-STM32.1.7.0.pdsc: PDSC version is not supported
2025-05-08 08:52:32,294 [WARN] PackLoader:240 - Cannot read IP mode file for STMicroelectronics.X-CUBE-DISPLAY.3.0.0
2025-05-08 08:52:32,310 [WARN] PackLoader:240 - Cannot read IP mode file for STMicroelectronics.X-CUBE-BLE1.7.0.0
2025-05-08 08:52:32,323 [WARN] PackLoader:240 - Cannot read IP mode file for STMicroelectronics.X-CUBE-NFC10.1.0.0
2025-05-08 08:52:32,337 [ERROR] Engine:466 - C:\Users\msi1\.stm32cubemx\thirdparties\pdsc\STMicroelectronics.X-CUBE-BLEMGR.4.0.0.pdsc: PDSC version is not supported
2025-05-08 08:52:32,351 [WARN] PackLoader:240 - Cannot read IP mode file for emotas.I-CUBE-CANOPEN.1.3.0
2025-05-08 08:52:32,362 [WARN] PackLoader:240 - Cannot read IP mode file for STMicroelectronics.X-CUBE-TOUCHGFX.4.22.0
2025-05-08 08:52:32,375 [WARN] PackLoader:240 - Cannot read IP mode file for STMicroelectronics.X-CUBE-TOUCHGFX.4.22.1
2025-05-08 08:52:32,390 [WARN] PackLoader:240 - Cannot read IP mode file for STMicroelectronics.X-CUBE-BLEMGR.3.1.0
2025-05-08 08:52:32,405 [WARN] PackLoader:240 - Cannot read IP mode file for STMicroelectronics.X-CUBE-AI.10.0.0
2025-05-08 08:52:32,419 [WARN] PackLoader:240 - Cannot read IP mode file for STMicroelectronics.FP-SNS-SMARTAG2.1.2.0
2025-05-08 08:52:32,430 [ERROR] Engine:466 - C:\Users\msi1\.stm32cubemx\thirdparties\pdsc\STMicroelectronics.FP-SNS-FLIGHT1.5.1.0.pdsc: PDSC version is not supported
2025-05-08 08:52:32,486 [WARN] PackLoader:240 - Cannot read IP mode file for STMicroelectronics.X-CUBE-MEMS1.11.1.0
2025-05-08 08:52:32,620 [INFO] LogOutputStream:77 - [STDOUT_REDIRECT] 1 : Invalid condition id : UX_CORESTACK_Condition cause : null
2025-05-08 08:52:32,621 [INFO] LogOutputStream:77 - [STDOUT_REDIRECT] 1 : Invalid condition id : UX_CORESTACK_Condition cause : null
2025-05-08 08:52:32,622 [INFO] LogOutputStream:77 - [STDOUT_REDIRECT] 1 : Invalid condition id : UX_CORESTACK_Condition cause : null
2025-05-08 08:52:32,623 [INFO] LogOutputStream:77 - [STDOUT_REDIRECT] 1 : Invalid condition id : UX_CORESTACK_Condition cause : null
2025-05-08 08:52:32,624 [INFO] LogOutputStream:77 - [STDOUT_REDIRECT] 1 : Invalid condition id : UX_CORESTACK_Condition cause : null
2025-05-08 08:52:32,626 [WARN] PackLoader:240 - Cannot read IP mode file for STMicroelectronics.X-CUBE-AZRTOS-WL.2.0.0
2025-05-08 08:52:32,642 [WARN] PackLoader:240 - Cannot read IP mode file for STMicroelectronics.FP-SNS-MOTENV1.5.0.0
2025-05-08 08:52:32,658 [WARN] PackLoader:240 - Cannot read IP mode file for wolfSSL.I-CUBE-wolfMQTT.1.19.0
2025-05-08 08:52:32,678 [WARN] PackLoader:240 - Cannot read IP mode file for WES.I-CUBE-Cesium.1.3.0
2025-05-08 08:52:32,696 [WARN] PackLoader:240 - Cannot read IP mode file for STMicroelectronics.X-CUBE-BLE2.3.3.0
2025-05-08 08:52:32,712 [WARN] PackLoader:240 - Cannot read IP mode file for STMicroelectronics.X-CUBE-NFC9.1.0.0
2025-05-08 08:52:32,727 [WARN] PackLoader:240 - Cannot read IP mode file for STMicroelectronics.X-CUBE-BLE1.7.1.0
2025-05-08 08:52:32,743 [WARN] PackLoader:240 - Cannot read IP mode file for STMicroelectronics.X-CUBE-TCPP.4.1.0
2025-05-08 08:52:32,757 [WARN] PackLoader:240 - Cannot read IP mode file for STMicroelectronics.X-CUBE-TOUCHGFX.4.21.4
2025-05-08 08:52:32,773 [WARN] PackLoader:240 - Cannot read IP mode file for STMicroelectronics.X-CUBE-ALGOBUILD.1.3.0
2025-05-08 08:52:32,824 [WARN] PackLoader:240 - Cannot read IP mode file for STMicroelectronics.X-CUBE-MEMS1.11.2.0
2025-05-08 08:52:32,932 [WARN] PackLoader:240 - Cannot read IP mode file for STMicroelectronics.X-CUBE-AZRTOS-G0.1.1.0
2025-05-08 08:52:32,949 [WARN] PackLoader:240 - Cannot read IP mode file for STMicroelectronics.X-CUBE-SAFEA1.1.2.2
2025-05-08 08:52:32,965 [WARN] PackLoader:240 - Cannot read IP mode file for STMicroelectronics.X-CUBE-NFC4.3.0.0
2025-05-08 08:52:32,981 [WARN] PackLoader:240 - Cannot read IP mode file for wolfSSL.I-CUBE-wolfMQTT.1.18.0
2025-05-08 08:52:32,996 [ERROR] Engine:466 - C:\Users\msi1\.stm32cubemx\thirdparties\pdsc\EmbeddedOffice.I-CUBE-FS-RTOS.1.0.1.pdsc: PDSC version is not supported
2025-05-08 08:52:33,012 [WARN] PackLoader:240 - Cannot read IP mode file for STMicroelectronics.X-CUBE-WB05N.2.0.0
2025-05-08 08:52:33,031 [WARN] PackLoader:240 - Cannot read IP mode file for STMicroelectronics.X-CUBE-BLEMGR.3.0.0
2025-05-08 08:52:33,048 [ERROR] Engine:466 - C:\Users\msi1\.stm32cubemx\thirdparties\pdsc\STMicroelectronics.X-CUBE-TCPP.4.2.0.pdsc: PDSC version is not supported
2025-05-08 08:52:33,063 [ERROR] Engine:466 - C:\Users\msi1\.stm32cubemx\thirdparties\pdsc\RealThread.X-CUBE-RT-Thread_Nano.4.1.1.pdsc: PDSC version is not supported
2025-05-08 08:52:33,078 [WARN] PackLoader:240 - Cannot read IP mode file for STMicroelectronics.FP-ATR-SIGFOX1.3.2.0
2025-05-08 08:52:33,092 [ERROR] Engine:466 - C:\Users\msi1\.stm32cubemx\thirdparties\pdsc\quantropi.X-CUBE-qispace-sdk-base.1.9.3.pdsc: PDSC version is not supported
2025-05-08 08:52:33,109 [WARN] PackLoader:240 - Cannot read IP mode file for STMicroelectronics.X-CUBE-EEPRMA1.5.1.0
2025-05-08 08:52:33,135 [WARN] PackLoader:240 - Cannot read IP mode file for wolfSSL.I-CUBE-wolfSSL.5.7.6
2025-05-08 08:52:33,157 [WARN] PackLoader:240 - Cannot read IP mode file for ITTIA_DB.I-CUBE-ITTIADB.8.9.0
2025-05-08 08:52:33,234 [WARN] PackLoader:240 - Cannot read IP mode file for SEGGER.I-CUBE-embOS.1.3.1
2025-05-08 08:52:33,280 [WARN] PackLoader:240 - Cannot read IP mode file for STMicroelectronics.X-CUBE-ALGOBUILD.1.4.0
2025-05-08 08:52:33,297 [WARN] PackLoader:240 - Cannot read IP mode file for STMicroelectronics.X-CUBE-AI.9.1.0
2025-05-08 08:52:33,311 [WARN] PackLoader:240 - Cannot read IP mode file for STMicroelectronics.X-CUBE-GNSS1.6.0.0
2025-05-08 08:52:33,339 [WARN] PackLoader:240 - Cannot read IP mode file for STMicroelectronics.X-CUBE-AZRTOS-F4.1.1.0
2025-05-08 08:52:33,355 [ERROR] Engine:466 - C:\Users\msi1\.stm32cubemx\thirdparties\pdsc\Avnet-IotConnect.X-CUBE-IoTC-DA16k-PMOD.1.0.0.pdsc: PDSC version is not supported
2025-05-08 08:52:33,367 [WARN] PackLoader:240 - Cannot read IP mode file for wolfSSL.I-CUBE-wolfSSL.5.6.0
2025-05-08 08:52:33,383 [WARN] PackLoader:240 - Cannot read IP mode file for STMicroelectronics.X-CUBE-ISPU.2.1.0
2025-05-08 08:52:33,398 [WARN] PackLoader:240 - Cannot read IP mode file for STMicroelectronics.X-CUBE-FREERTOS.1.2.0
2025-05-08 08:52:33,428 [WARN] PackLoader:240 - Cannot read IP mode file for STMicroelectronics.X-CUBE-AZRTOS-L5.2.0.0
2025-05-08 08:52:33,472 [WARN] PackLoader:240 - Cannot read IP mode file for STMicroelectronics.X-CUBE-MEMS1.9.6.0
2025-05-08 08:52:33,569 [WARN] PackLoader:240 - Cannot read IP mode file for STMicroelectronics.X-CUBE-EEPRMA1.4.2.0
2025-05-08 08:52:33,585 [WARN] PackLoader:240 - Cannot read IP mode file for STMicroelectronics.X-CUBE-NFC6.3.1.0
2025-05-08 08:52:33,599 [WARN] PackLoader:240 - Cannot read IP mode file for ITTIA_DB.I-CUBE-ITTIADB.8.8.0
2025-05-08 08:52:33,615 [WARN] PackLoader:240 - Cannot read IP mode file for emotas.I-CUBE-CANOPEN.1.1.3
2025-05-08 08:52:33,636 [WARN] PackLoader:240 - Cannot read IP mode file for STMicroelectronics.X-CUBE-BLEMGR.2.0.0
2025-05-08 08:52:33,660 [ERROR] Engine:466 - C:\Users\msi1\.stm32cubemx\thirdparties\pdsc\STMicroelectronics.X-CUBE-DPower.1.2.0.pdsc: PDSC version is not supported
2025-05-08 08:52:33,684 [WARN] PackLoader:240 - Cannot read IP mode file for STMicroelectronics.X-CUBE-AI.9.0.0
2025-05-08 08:52:33,723 [WARN] ConditionMgr:438 - getConditionDescription Invalid condition id : UX DEVICE CLASS RTOS Condition cause : null
2025-05-08 08:52:33,724 [WARN] ConditionMgr:438 - getConditionDescription Invalid condition id : UX DEVICE CLASS RTOS Condition cause : null
2025-05-08 08:52:33,727 [WARN] PackLoader:240 - Cannot read IP mode file for STMicroelectronics.X-CUBE-AZRTOS-H7.3.1.0
2025-05-08 08:52:33,728 [WARN] ConditionMgr:1039 - genDependencies : Invalid condition id : UX DEVICE CLASS RTOS Condition cause : null
2025-05-08 08:52:33,728 [WARN] ConditionMgr:1039 - genDependencies : Invalid condition id : UX DEVICE CLASS RTOS Condition cause : null
2025-05-08 08:52:33,729 [WARN] ConditionMgr:1039 - genDependencies : Invalid condition id : UX DEVICE CLASS RTOS Condition cause : null
2025-05-08 08:52:33,730 [WARN] ConditionMgr:1039 - genDependencies : Invalid condition id : UX DEVICE CLASS RTOS Condition cause : null
2025-05-08 08:52:33,731 [WARN] ConditionMgr:1039 - genDependencies : Invalid condition id : UX DEVICE CLASS RTOS Condition cause : null
2025-05-08 08:52:33,754 [WARN] PackLoader:240 - Cannot read IP mode file for STMicroelectronics.X-CUBE-FREERTOS.1.3.0
2025-05-08 08:52:33,778 [WARN] PackLoader:240 - Cannot read IP mode file for STMicroelectronics.X-CUBE-NFC7.1.0.1
2025-05-08 08:52:33,799 [WARN] PackLoader:240 - Cannot read IP mode file for STMicroelectronics.X-CUBE-NFC7.1.0.0
2025-05-08 08:52:33,824 [WARN] PackLoader:240 - Cannot read IP mode file for wolfSSL.I-CUBE-wolfTPM.3.2.0
2025-05-08 08:52:33,845 [WARN] PackLoader:240 - Cannot read IP mode file for STMicroelectronics.X-CUBE-NFC6.3.0.0
2025-05-08 08:52:33,872 [WARN] PackLoader:240 - Cannot read IP mode file for STMicroelectronics.X-CUBE-EEPRMA1.4.1.0
2025-05-08 08:52:33,894 [ERROR] Engine:466 - C:\Users\msi1\.stm32cubemx\thirdparties\pdsc\STMicroelectronics.X-CUBE-DPower.1.3.0.pdsc: PDSC version is not supported
2025-05-08 08:52:33,913 [WARN] PackLoader:240 - Cannot read IP mode file for STMicroelectronics.X-CUBE-AI.8.1.0
2025-05-08 08:52:33,948 [WARN] ConditionMgr:438 - getConditionDescription Invalid condition id : LAN8742 Phy interface Condition cause : null
2025-05-08 08:52:33,948 [WARN] PackLoader:240 - Cannot read IP mode file for STMicroelectronics.X-CUBE-AZRTOS-L4.2.0.0
2025-05-08 08:52:33,950 [WARN] ConditionMgr:1039 - genDependencies : Invalid condition id : LAN8742 Phy interface Condition cause : null
2025-05-08 08:52:33,950 [WARN] ConditionMgr:1039 - genDependencies : Invalid condition id : LAN8742 Phy interface Condition cause : null
2025-05-08 08:52:33,950 [WARN] ConditionMgr:1039 - genDependencies : Invalid condition id : LAN8742 Phy interface Condition cause : null
2025-05-08 08:52:33,967 [WARN] PackLoader:240 - Cannot read IP mode file for STMicroelectronics.X-CUBE-SFXS2LP1.4.0.0
2025-05-08 08:52:33,980 [WARN] PackLoader:240 - Cannot read IP mode file for STMicroelectronics.X-CUBE-ISPU.1.1.0
2025-05-08 08:52:34,020 [WARN] PackLoader:240 - Cannot read IP mode file for STMicroelectronics.X-CUBE-AZRTOS-H7.3.3.0
2025-05-08 08:52:34,038 [ERROR] Engine:466 - C:\Users\msi1\.stm32cubemx\thirdparties\pdsc\STMicroelectronics.X-CUBE-IPS.3.0.0.pdsc: PDSC version is not supported
2025-05-08 08:52:34,061 [WARN] ConditionMgr:438 - getConditionDescription Invalid condition id : UX DEVICE CLASS RTOS Condition cause : null
2025-05-08 08:52:34,061 [WARN] ConditionMgr:438 - getConditionDescription Invalid condition id : UX DEVICE CLASS RTOS Condition cause : null
2025-05-08 08:52:34,063 [WARN] PackLoader:240 - Cannot read IP mode file for STMicroelectronics.X-CUBE-AZRTOS-WB.2.0.0
2025-05-08 08:52:34,063 [WARN] ConditionMgr:1039 - genDependencies : Invalid condition id : UX DEVICE CLASS RTOS Condition cause : null
2025-05-08 08:52:34,063 [WARN] ConditionMgr:1039 - genDependencies : Invalid condition id : UX DEVICE CLASS RTOS Condition cause : null
2025-05-08 08:52:34,064 [WARN] ConditionMgr:1039 - genDependencies : Invalid condition id : UX DEVICE CLASS RTOS Condition cause : null
2025-05-08 08:52:34,064 [WARN] ConditionMgr:1039 - genDependencies : Invalid condition id : UX DEVICE CLASS RTOS Condition cause : null
2025-05-08 08:52:34,064 [WARN] ConditionMgr:1039 - genDependencies : Invalid condition id : UX DEVICE CLASS RTOS Condition cause : null
2025-05-08 08:52:34,085 [WARN] PackLoader:240 - Cannot read IP mode file for STMicroelectronics.X-CUBE-FREERTOS.1.0.1
2025-05-08 08:52:34,113 [WARN] PackLoader:240 - Cannot read IP mode file for STMicroelectronics.X-CUBE-GNSS1.7.0.1
2025-05-08 08:52:34,143 [WARN] PackLoader:240 - Cannot read IP mode file for STMicroelectronics.X-CUBE-TOUCHGFX.4.25.0
2025-05-08 08:52:34,162 [ERROR] Engine:466 - C:\Users\msi1\.stm32cubemx\thirdparties\pdsc\STMicroelectronics.FP-SNS-STBOX1.2.0.0.pdsc: PDSC version is not supported
2025-05-08 08:52:34,201 [WARN] PackLoader:240 - Cannot read IP mode file for STMicroelectronics.X-CUBE-AZRTOS-L5.1.1.0
2025-05-08 08:52:34,227 [WARN] PackLoader:240 - Cannot read IP mode file for STMicroelectronics.X-CUBE-AI.8.0.1
2025-05-08 08:52:34,257 [WARN] PackLoader:240 - Cannot read IP mode file for STMicroelectronics.X-CUBE-SUBG2.5.0.0
2025-05-08 08:52:34,303 [WARN] PackLoader:240 - Cannot read IP mode file for STMicroelectronics.X-CUBE-AZRTOS-H7RS.1.1.0
2025-05-08 08:52:34,332 [WARN] PackLoader:240 - Cannot read IP mode file for Cesanta.I-CUBE-Mongoose.7.13.0
2025-05-08 08:52:34,357 [WARN] PackLoader:240 - Cannot read IP mode file for STMicroelectronics.X-CUBE-TOF1.3.3.1
2025-05-08 08:52:34,395 [WARN] PackLoader:240 - Cannot read IP mode file for STMicroelectronics.X-CUBE-AZRTOS-G4.2.0.0
2025-05-08 08:52:34,416 [WARN] PackLoader:240 - Cannot read IP mode file for STMicroelectronics.X-CUBE-TOF1.3.3.0
2025-05-08 08:52:34,446 [WARN] PackLoader:240 - Cannot read IP mode file for Infineon.AIROC-Wi-Fi-Bluetooth-STM32.1.5.1
2025-05-08 08:52:34,461 [WARN] PackLoader:240 - Cannot read IP mode file for STMicroelectronics.FP-SNS-MOTENVWB1.1.3.0
2025-05-08 08:52:34,479 [WARN] PackLoader:240 - Cannot read IP mode file for STMicroelectronics.X-CUBE-NFC7.2.0.0
2025-05-08 08:52:34,494 [WARN] PackLoader:240 - Cannot read IP mode file for STMicroelectronics.FP-SNS-MOTENVWB1.1.3.1
2025-05-08 08:52:34,518 [WARN] PackLoader:240 - Cannot read IP mode file for STMicroelectronics.X-CUBE-AZRTOS-L4.1.0.0
2025-05-08 08:52:34,532 [WARN] PackLoader:240 - Cannot read IP mode file for STMicroelectronics.X-CUBE-ISPU.2.0.0
2025-05-08 08:52:34,546 [ERROR] Engine:466 - C:\Users\msi1\.stm32cubemx\thirdparties\pdsc\STMicroelectronics.X-CUBE-IPS.3.1.0.pdsc: PDSC version is not supported
2025-05-08 08:52:34,560 [WARN] PackLoader:240 - Cannot read IP mode file for STMicroelectronics.X-CUBE-ALS.1.0.2
2025-05-08 08:52:34,596 [WARN] PackLoader:240 - Cannot read IP mode file for STMicroelectronics.X-CUBE-MEMS1.10.0.0
2025-05-08 08:52:34,673 [WARN] PackLoader:240 - Cannot read IP mode file for STMicroelectronics.X-CUBE-FREERTOS.1.1.0
2025-05-08 08:52:34,686 [WARN] PackLoader:240 - Cannot read IP mode file for STMicroelectronics.X-CUBE-TOUCHGFX.4.24.0
2025-05-08 08:52:34,700 [WARN] PackLoader:240 - Cannot read IP mode file for STMicroelectronics.X-CUBE-TOUCHGFX.4.24.2
2025-05-08 08:52:34,724 [WARN] PackLoader:240 - Cannot read IP mode file for STMicroelectronics.X-CUBE-AZRTOS-WL.1.0.0
2025-05-08 08:52:34,743 [WARN] PackLoader:240 - Cannot read IP mode file for STMicroelectronics.X-CUBE-TOUCHGFX.4.24.1
2025-05-08 08:52:34,760 [WARN] PackLoader:240 - Cannot read IP mode file for wolfSSL.I-CUBE-wolfTPM.3.4.0
2025-05-08 08:52:34,785 [WARN] PackLoader:240 - Cannot read IP mode file for portGmbH.I-Cube-SoM-uGOAL.1.1.0
2025-05-08 08:52:34,803 [WARN] PackLoader:240 - Cannot read IP mode file for STMicroelectronics.X-CUBE-ALS.1.0.1
2025-05-08 08:52:34,827 [WARN] PackLoader:240 - Cannot read IP mode file for STMicroelectronics.X-CUBE-AZRTOS-WB.1.1.0
2025-05-08 08:52:34,856 [WARN] PackLoader:240 - Cannot read IP mode file for STMicroelectronics.X-CUBE-AZRTOS-H7RS.1.0.0
2025-05-08 08:52:34,870 [WARN] PackLoader:240 - Cannot read IP mode file for STMicroelectronics.FP-ATR-ASTRA1.2.0.0
2025-05-08 08:52:34,886 [ERROR] Engine:466 - C:\Users\msi1\.stm32cubemx\thirdparties\pdsc\STMicroelectronics.X-CUBE-TOF1.3.4.2.pdsc: PDSC version is not supported
2025-05-08 08:52:34,902 [ERROR] Engine:466 - C:\Users\msi1\.stm32cubemx\thirdparties\pdsc\STMicroelectronics.X-CUBE-TOF1.3.4.3.pdsc: PDSC version is not supported
2025-05-08 08:52:34,921 [WARN] PackLoader:240 - Cannot read IP mode file for STMicroelectronics.X-CUBE-TOF1.3.4.0
2025-05-08 08:52:34,942 [WARN] PackLoader:240 - Cannot read IP mode file for STMicroelectronics.X-CUBE-TOF1.3.4.1
2025-05-08 08:52:34,972 [WARN] PackLoader:240 - Cannot read IP mode file for STMicroelectronics.X-CUBE-AZRTOS-H7.3.2.0
2025-05-08 08:52:34,987 [WARN] PackLoader:240 - Cannot read IP mode file for wolfSSL.I-CUBE-wolfSSH.1.4.17
2025-05-08 08:52:34,987 [INFO] ThirdParty:978 - Integrity check success = true
2025-05-08 08:52:34,987 [INFO] IntegrityCheckThread:100 - exiting critical section [integrity check]
2025-05-08 08:52:34,987 [INFO] IntegrityCheckThread:103 - End integrity checks thread
2025-05-08 08:52:34,988 [INFO] ThirdParty:873 - entering critical section [close project]
2025-05-08 08:52:34,988 [INFO] ThirdParty:883 - exiting critical section [close project]
2025-05-08 08:52:34,990 [INFO] PinOutPanel:1499 - setPackage(No Configuration,No Configuration)
2025-05-08 08:52:34,997 [INFO] UtilMem:75 - Begin LoadConfig() Used Memory: 184799256 Bytes (268435456)
2025-05-08 08:52:34,999 [INFO] MicroXplorer:468 - Change Database Path : 
2025-05-08 08:52:34,999 [INFO] MicroXplorer:498 - Change Database Version : DB.6.0.90
2025-05-08 08:52:34,999 [INFO] OpenFileManager:308 - Change cursor
2025-05-08 08:52:35,031 [INFO] Mcu:1946 - Initializing MCU STM32F103C(8-B)Tx STM32F103CBTx STM32F103CBT6
2025-05-08 08:52:35,908 [INFO] Context:659 - Trying to add GPIOservice into a context  which must be forbidden
2025-05-08 08:52:36,377 [INFO] RtosManager:555 - Registered RTOS mode: class=CMSIS, group=RTOS, mode=CMSIS_V1, owner=FREERTOS
2025-05-08 08:52:36,378 [INFO] RtosManager:555 - Registered RTOS mode: class=CMSIS, group=RTOS2, mode=CMSIS_V2, owner=FREERTOS
2025-05-08 08:52:36,378 [INFO] RtosManager:555 - Registered RTOS mode: class=RTOS, group=Core, mode=CMSIS_V1, owner=FREERTOS
2025-05-08 08:52:36,378 [INFO] RtosManager:555 - Registered RTOS mode: class=RTOS, group=Core, mode=CMSIS_V2, owner=FREERTOS
2025-05-08 08:52:36,378 [WARN] ModelIntegratedComponent:184 - Missing modes for component STMicroelectronics:FreeRTOS:0.0.1:STMicroelectronics:RTOS:FreeRTOS:Core:::10.2.0:
2025-05-08 08:52:36,385 [WARN] ModelIntegratedComponent:63 - No mode defined for component null
2025-05-08 08:52:36,385 [WARN] ModelIntegratedComponent:63 - No mode defined for component null
2025-05-08 08:52:36,385 [WARN] ModelIntegratedComponent:63 - No mode defined for component null
2025-05-08 08:52:36,385 [WARN] ModelIntegratedComponent:63 - No mode defined for component null
2025-05-08 08:52:36,385 [WARN] ModelIntegratedComponent:63 - No mode defined for component null
2025-05-08 08:52:36,385 [WARN] ModelIntegratedComponent:63 - No mode defined for component null
2025-05-08 08:52:36,385 [WARN] ModelIntegratedComponent:63 - No mode defined for component null
2025-05-08 08:52:36,385 [WARN] ModelIntegratedComponent:63 - No mode defined for component null
2025-05-08 08:52:36,386 [WARN] ModelIntegratedComponent:63 - No mode defined for component null
2025-05-08 08:52:36,386 [WARN] ModelIntegratedComponent:63 - No mode defined for component null
2025-05-08 08:52:36,386 [WARN] ModelIntegratedComponent:63 - No mode defined for component null
2025-05-08 08:52:36,386 [WARN] ModelIntegratedComponent:63 - No mode defined for component null
2025-05-08 08:52:36,386 [WARN] ModelIntegratedComponent:63 - No mode defined for component null
2025-05-08 08:52:36,386 [WARN] ModelIntegratedComponent:63 - No mode defined for component null
2025-05-08 08:52:36,386 [WARN] ModelIntegratedComponent:63 - No mode defined for component null
2025-05-08 08:52:36,386 [WARN] ModelIntegratedComponent:63 - No mode defined for component null
2025-05-08 08:52:36,386 [WARN] ModelIntegratedComponent:63 - No mode defined for component null
2025-05-08 08:52:36,386 [WARN] ModelIntegratedComponent:63 - No mode defined for component null
2025-05-08 08:52:36,386 [WARN] ModelIntegratedComponent:63 - No mode defined for component null
2025-05-08 08:52:36,386 [WARN] ModelIntegratedComponent:63 - No mode defined for component null
2025-05-08 08:52:36,386 [WARN] ModelIntegratedComponent:63 - No mode defined for component null
2025-05-08 08:52:36,386 [WARN] ModelIntegratedComponent:63 - No mode defined for component null
2025-05-08 08:52:36,387 [WARN] ModelIntegratedComponent:63 - No mode defined for component null
2025-05-08 08:52:36,387 [WARN] ModelIntegratedComponent:63 - No mode defined for component null
2025-05-08 08:52:36,387 [WARN] ModelIntegratedComponent:63 - No mode defined for component null
2025-05-08 08:52:36,387 [WARN] ModelIntegratedComponent:63 - No mode defined for component null
2025-05-08 08:52:36,387 [WARN] ModelIntegratedComponent:63 - No mode defined for component null
2025-05-08 08:52:36,387 [WARN] ModelIntegratedComponent:63 - No mode defined for component null
2025-05-08 08:52:36,387 [WARN] ModelIntegratedComponent:63 - No mode defined for component null
2025-05-08 08:52:36,387 [WARN] ModelIntegratedComponent:63 - No mode defined for component null
2025-05-08 08:52:36,387 [WARN] ModelIntegratedComponent:63 - No mode defined for component null
2025-05-08 08:52:36,387 [WARN] ModelIntegratedComponent:63 - No mode defined for component null
2025-05-08 08:52:36,387 [WARN] ModelIntegratedComponent:63 - No mode defined for component null
2025-05-08 08:52:36,630 [INFO] ThirdPartyModel:298 - Start build external matchings
2025-05-08 08:52:38,754 [INFO] ThirdPartyModel:316 - End build external matchings
2025-05-08 08:52:38,795 [INFO] ImportTextPane:194 - (OptionalMessage_ERROR) IP (RCC) : Parameter (ADCFreqValue) has invalid value (36000000)
2025-05-08 08:52:38,795 [INFO] ImportTextPane:194 - (OptionalMessage_ERROR) IP (RCC) : Invalid parameter (FamilyName)
2025-05-08 08:52:38,795 [INFO] ImportTextPane:194 - (OptionalMessage_ERROR) IP (RCC) : Parameter (MCOFreq_Value) has invalid value (72000000)
2025-05-08 08:52:38,796 [INFO] ImportTextPane:194 - (OptionalMessage_ERROR) IP (RCC) : Parameter (USBFreq_Value) has invalid value (72000000)
2025-05-08 08:52:39,000 [INFO] UtilMem:75 - End LoadConfig() Used Memory: 215205088 Bytes (512753664)
2025-05-08 08:52:39,143 [INFO] ApiDb:581 - Connected to CubeFinder SQLite database (C:\Users\msi1\.stmcufinder\plugins\mcufinder\mcu\cube-finder-db.db)
2025-05-08 08:52:39,295 [INFO] ApiDb:668 - CubeFinder database Data Model version=2.1
2025-05-08 08:52:39,295 [INFO] ApiDb:669 - CubeFinder database Configuration version=3.0.39
2025-05-08 08:52:39,295 [INFO] ApiDb:670 - CubeFinder database generation date=2025-04-23 (1745419778)
2025-05-08 08:52:39,295 [INFO] ApiDb:671 - CubeFinder database FW Pack versions=[FP-ATR-ASTRA1_V2.0.0, FP-SNS-FLIGHT1_V5.1.0, FP-SNS-MOTENV1_V5.0.0, FP-SNS-MOTENVWB1_V1.4.0, FP-SNS-SMARTAG2_V1.2.0, FP-SNS-STBOX1_V2.0.0, STM32Cube_FW_C0_V1.4.0, STM32Cube_FW_F4_V1.28.1, STM32Cube_FW_F7_V1.17.2, STM32Cube_FW_G0_V1.6.2, STM32Cube_FW_G4_V1.6.1, STM32Cube_FW_H5_V1.5.0, STM32Cube_FW_H7RS_V1.2.0, STM32Cube_FW_H7_V1.12.1, STM32Cube_FW_L0_V1.12.2, STM32Cube_FW_L4_V1.18.1, STM32Cube_FW_L5_V1.5.1, STM32Cube_FW_N6_V1.1.1, STM32Cube_FW_U0_V1.2.0, STM32Cube_FW_U3_V1.1.0, STM32Cube_FW_U5_V1.7.0, STM32Cube_FW_WB0_V1.2.0, STM32Cube_FW_WBA_V1.6.0, STM32Cube_FW_WB_V1.22.0, STM32Cube_FW_WL3_V1.1.0, STM32Cube_FW_WL_V1.3.1, X-CUBE-ALGOBUILD_V1.4.0, X-CUBE-ALS_V1.0.2, X-CUBE-AZRTOS-F4_V1.1.0, X-CUBE-AZRTOS-F7_V1.1.0, X-CUBE-AZRTOS-G0_V1.1.0, X-CUBE-AZRTOS-G4_V2.0.0, X-CUBE-AZRTOS-H7RS_V1.1.0, X-CUBE-AZRTOS-H7_V3.3.0, X-CUBE-AZRTOS-L4_V2.0.0, X-CUBE-AZRTOS-L5_V2.0.0, X-CUBE-AZRTOS-WB_V2.0.0, X-CUBE-AZRTOS-WL_V2.0.0, X-CUBE-BLE1_V7.1.0, X-CUBE-BLE2_V3.3.0, X-CUBE-BLEMGR_V4.0.0, X-CUBE-EEPRMA1_V5.1.0, X-CUBE-FREERTOS_V1.3.0, X-CUBE-GNSS1_V6.0.0, X-CUBE-MEMS1_V11.2.0, X-CUBE-NFC4_V3.0.0, X-CUBE-NFC7_V1.0.1, X-CUBE-SFXS2LP1_V4.0.0, X-CUBE-SUBG2_V5.0.0, X-CUBE-TOF1_V3.4.3]
2025-05-08 08:52:42,016 [INFO] ApiDb:240 - Found 323 in-development CPN: [B-G473E-ZEST1S, B-WB1M-WPAN1, B-WL5M-SUBG1, NUCLEO-C031C6, NUCLEO-H503RB, NUCLEO-H563ZI, NUCLEO-U545RE-Q, NUCLEO-U5A5ZJ-Q, NUCLEO-WBA52CG, STEVAL-PROTEUS1, STEVAL-SMARTAG2, STEVAL-STWINBX1, STM320518-EVAL, STM32C0116-DK, STM32C011D6Y3TR, STM32C011D6Y6TR, STM32C011F4P3, STM32C011F4P6, STM32C011F4U3, STM32C011F4U6TR, STM32C011F6P3, STM32C011F6P6, STM32C011F6U3, STM32C011F6U6TR, STM32C011J4M3, STM32C011J4M6, STM32C011J6M3, STM32C011J6M6, STM32C0316-DK, STM32C031C4T3, STM32C031C4T6, STM32C031C4U3, STM32C031C4U6, STM32C031C6T3, STM32C031C6T6, STM32C031C6U3, STM32C031C6U6, STM32C031F4P3, STM32C031F4P6, STM32C031F6P3, STM32C031F6P6, STM32C031G4U3, STM32C031G4U6, STM32C031G6U3, STM32C031G6U6, STM32C031K4T3, STM32C031K4T6, STM32C031K4U3, STM32C031K4U6, STM32C031K6T3, STM32C031K6T6, STM32C031K6U3, STM32C031K6U6, STM32G071K8TXN, STM32G071K8UXN, STM32G081GBU6N, STM32G081KBT6N, STM32G081KBUXN, STM32G0B1CCT6N, STM32G0B1KCT6, STM32G0B1NEY6TR, STM32G0B1RCT6N, STM32G0C1CCT6, STM32G0C1CCT6N, STM32G0C1CCU6N, STM32G0C1CET6N, STM32G0C1CEU6N, STM32G0C1KCT6, STM32G0C1NEY6TR, STM32G0C1RCI6N, STM32G0C1RCT6N, STM32G0C1REI6N, STM32G0C1RET6N, STM32G0C1VCI6, STM32G0C1VEI6, STM32G471CCT6, STM32G471CCU6, STM32G471CET3, STM32G471CET6, STM32G471CEU3, STM32G471CEU6, STM32G471MCT6, STM32G471MET3, STM32G471MET6, STM32G471MEY6TR, STM32G471QCT6, STM32G471QET3, STM32G471RCT6, STM32G471RET3, STM32G471RET6, STM32G471VCH6, STM32G471VCI6, STM32G471VCT6, STM32G471VEH3, STM32G471VEH6, STM32G471VEI3, STM32G471VEI6, STM32G471VET3, STM32G471VET6, STM32G474CCT6, STM32H503CBT6, STM32H503CBU6, STM32H503EBY6TR, STM32H503KBU6, STM32H503RBT6, STM32H562AGI6, STM32H562AII6, STM32H562IGK6, STM32H562IGT6, STM32H562IIK6, STM32H562IIT6, STM32H562RGT6, STM32H562RGV6, STM32H562RIT6, STM32H562RIV6, STM32H562VGT6, STM32H562VIT6, STM32H562ZGT6, STM32H562ZIT6, STM32H563AGI6, STM32H563AII3Q, STM32H563AII6, STM32H563IGK6, STM32H563IGT6, STM32H563IIK3Q, STM32H563IIK6, STM32H563IIT3Q, STM32H563IIT6, STM32H563MIY3QTR, STM32H563RGT6, STM32H563RGV6, STM32H563RIT6, STM32H563RIV6, STM32H563VGT6, STM32H563VIT3Q, STM32H563VIT6, STM32H563ZGT6, STM32H563ZIT3Q, STM32H563ZIT6, STM32H573AII3Q, STM32H573AII6, STM32H573I-DK, STM32H573IIK3Q, STM32H573IIK6, STM32H573IIT3Q, STM32H573IIT6, STM32H573MIY3QTR, STM32H573RIT6, STM32H573RIV6, STM32H573VIT3Q, STM32H573VIT6, STM32H573ZIT3Q, STM32H573ZIT6, STM32L4R5QGI6STR, STM32MP131AAE3, STM32MP131AAF3, STM32MP131AAG3, STM32MP131CAE3, STM32MP131CAF3, STM32MP131CAG3, STM32MP131DAE7, STM32MP131DAF7, STM32MP131DAG7, STM32MP131FAE7, STM32MP131FAF7, STM32MP131FAG7, STM32MP133AAE3, STM32MP133AAF3, STM32MP133AAG3, STM32MP133CAE3, STM32MP133CAF3, STM32MP133CAG3, STM32MP133DAE7, STM32MP133DAF7, STM32MP133DAG7, STM32MP133FAE7, STM32MP133FAF7, STM32MP133FAG7, STM32MP135AAE3, STM32MP135AAF3, STM32MP135AAG3, STM32MP135CAE3, STM32MP135CAF3, STM32MP135CAG3, STM32MP135DAE7, STM32MP135DAF7, STM32MP135DAG7, STM32MP135F-DK, STM32MP135FAE7, STM32MP135FAF7, STM32MP135FAF7T, STM32MP135FAF7U, STM32MP135FAG7, STM32U535CBT6, STM32U535CBT6Q, STM32U535CBU6, STM32U535CBU6Q, STM32U535CCT6, STM32U535CCT6Q, STM32U535CCU6, STM32U535CCU6Q, STM32U535CET6, STM32U535CET6Q, STM32U535CEU6, STM32U535CEU6Q, STM32U535JEY6QTR, STM32U535NCY6QTR, STM32U535NEY6QTR, STM32U535RBI6, STM32U535RBI6Q, STM32U535RBT6, STM32U535RBT6Q, STM32U535RCI6, STM32U535RCI6Q, STM32U535RCT6, STM32U535RCT6Q, STM32U535REI6, STM32U535REI6Q, STM32U535RET6, STM32U535RET6Q, STM32U535VCI6, STM32U535VCI6Q, STM32U535VCT6, STM32U535VCT6Q, STM32U535VEI6, STM32U535VEI6Q, STM32U535VET6, STM32U535VET6Q, STM32U545CET6, STM32U545CET6Q, STM32U545CEU6, STM32U545CEU6Q, STM32U545JEY6QTR, STM32U545NEY6QTR, STM32U545REI6, STM32U545REI6Q, STM32U545RET6, STM32U545RET6Q, STM32U545VEI6, STM32U545VEI6Q, STM32U545VET6, STM32U545VET6Q, STM32U595AIH6, STM32U595AIH6Q, STM32U595AJH6, STM32U595AJH6Q, STM32U595QII6, STM32U595QII6Q, STM32U595QJI6, STM32U595QJI6Q, STM32U595RIT6, STM32U595RIT6Q, STM32U595RJT6, STM32U595RJT6Q, STM32U595VIT6, STM32U595VIT6Q, STM32U595VJT6, STM32U595VJT6Q, STM32U595ZIT6, STM32U595ZIT6Q, STM32U595ZIY6QTR, STM32U595ZJT6, STM32U595ZJT6Q, STM32U595ZJY6QTR, STM32U599BJY6QTR, STM32U599NIH6Q, STM32U599NJH6Q, STM32U599VIT6Q, STM32U599VJT6, STM32U599VJT6Q, STM32U599ZIT6Q, STM32U599ZIY6QTR, STM32U599ZJT6Q, STM32U599ZJY6QTR, STM32U5A5AJH6, STM32U5A5AJH6Q, STM32U5A5QJI6, STM32U5A5QJI6Q, STM32U5A5RJT6, STM32U5A5RJT6Q, STM32U5A5VJT6, STM32U5A5VJT6Q, STM32U5A5ZJT6, STM32U5A5ZJT6Q, STM32U5A5ZJY6QTR, STM32U5A9BJY6QTR, STM32U5A9J-DK, STM32U5A9NJH6Q, STM32U5A9VJT6Q, STM32U5A9ZJT6Q, STM32U5A9ZJY6QTR, STM32U5F7VIT6, STM32U5F7VIT6Q, STM32U5F7VJT6, STM32U5F7VJT6Q, STM32U5F9BJY6QTR, STM32U5F9NJH6Q, STM32U5F9VIT6Q, STM32U5F9VJT6Q, STM32U5F9ZIJ6QTR, STM32U5F9ZIT6Q, STM32U5F9ZJJ6QTR, STM32U5F9ZJT6Q, STM32U5G7VJT6, STM32U5G7VJT6Q, STM32U5G9BJY6QTR, STM32U5G9J-DK1, STM32U5G9J-DK2, STM32U5G9NJH6Q, STM32U5G9VJT6Q, STM32U5G9ZJJ6QTR, STM32U5G9ZJT6Q, STM32WB1MMCH6, STM32WBA52CEU6, STM32WBA52CEU6T, STM32WBA52CGU6, STM32WBA52CGU6T, STM32WBA52KEU6, STM32WBA52KEU6T, STM32WBA52KGU6, STM32WBA52KGU6T, STM32WL5MOCH6, STM32WL5MOCH6TR]
2025-05-08 08:52:42,020 [INFO] DbMcus:217 - Found 4642 MCUs, 4642 are supported
2025-05-08 08:52:42,029 [INFO] ApiDb:423 - Load user favorites file C:\Users\msi1/.stm32cubeide/favorites.mcus.txt: 4 item(s)
2025-05-08 08:52:42,030 [INFO] ApiDb:427 - User favorites MCUs=[STM32F103CBT6, STM32F303VCT6, STM32F401CCU6, STM32F407VGT6]
2025-05-08 08:52:42,030 [INFO] DbMcus:223 - Set 4 / 4 favorites MCUs
2025-05-08 08:52:42,509 [WARN] ThirdParty:833 - waiting for thirdparty lock release [change project]
2025-05-08 08:52:42,509 [INFO] ThirdParty:835 - entering critical section [change project]
2025-05-08 08:52:42,509 [INFO] ThirdParty:1030 - CMSIS Pack Vendor :STMicroelectronics USBPD 4.1
2025-05-08 08:52:42,509 [INFO] ThirdParty:1030 - CMSIS Pack Vendor :STMicroelectronics X-CUBE-GNSS1 6.0.0
2025-05-08 08:52:42,510 [INFO] ThirdParty:1030 - CMSIS Pack Vendor :STMicroelectronics USB_HOST 2.0.0
2025-05-08 08:52:42,510 [INFO] ThirdParty:1030 - CMSIS Pack Vendor :STMicroelectronics FP-SNS-MOTENVWB1 1.4.0
2025-05-08 08:52:42,510 [INFO] ThirdParty:1030 - CMSIS Pack Vendor :STMicroelectronics X-CUBE-AZRTOS-F4 1.1.0
2025-05-08 08:52:42,510 [INFO] ThirdParty:1030 - CMSIS Pack Vendor :STMicroelectronics LIBJPEG 8.0.0
2025-05-08 08:52:42,510 [INFO] ThirdParty:1030 - CMSIS Pack Vendor :STMicroelectronics FP-ATR-ASTRA1 2.0.2
2025-05-08 08:52:42,510 [INFO] ThirdParty:1030 - CMSIS Pack Vendor :STMicroelectronics FP-ATR-ASTRA1 2.0.1
2025-05-08 08:52:42,510 [INFO] ThirdParty:1030 - CMSIS Pack Vendor :STMicroelectronics X-CUBE-SMBUS 2.1.0
2025-05-08 08:52:42,510 [INFO] ThirdParty:1030 - CMSIS Pack Vendor :STMicroelectronics X-CUBE-WB05N 1.1.0
2025-05-08 08:52:42,510 [INFO] ThirdParty:1030 - CMSIS Pack Vendor :wolfSSL I-CUBE-wolfSSL 5.6.0
2025-05-08 08:52:42,510 [INFO] ThirdParty:1030 - CMSIS Pack Vendor :STMicroelectronics X-CUBE-ISPU 2.1.0
2025-05-08 08:52:42,510 [INFO] ThirdParty:1030 - CMSIS Pack Vendor :STMicroelectronics X-CUBE-FREERTOS 1.2.0
2025-05-08 08:52:42,510 [INFO] ThirdParty:1030 - CMSIS Pack Vendor :STMicroelectronics X-CUBE-TOUCHGFX 4.23.0
2025-05-08 08:52:42,510 [INFO] ThirdParty:1030 - CMSIS Pack Vendor :STMicroelectronics X-CUBE-TOUCHGFX 4.23.2
2025-05-08 08:52:42,510 [INFO] ThirdParty:1030 - CMSIS Pack Vendor :STMicroelectronics X-CUBE-AZRTOS-F7 1.1.0
2025-05-08 08:52:42,510 [INFO] ThirdParty:1030 - CMSIS Pack Vendor :STMicroelectronics X-CUBE-AZRTOS-L5 2.0.0
2025-05-08 08:52:42,510 [INFO] ThirdParty:1030 - CMSIS Pack Vendor :STMicroelectronics USB_DEVICE 2.0.0
2025-05-08 08:52:42,510 [INFO] ThirdParty:1030 - CMSIS Pack Vendor :STMicroelectronics X-CUBE-MEMS1 9.6.0
2025-05-08 08:52:42,510 [INFO] ThirdParty:1030 - CMSIS Pack Vendor :STMicroelectronics X-CUBE-EEPRMA1 4.2.0
2025-05-08 08:52:42,510 [INFO] ThirdParty:1030 - CMSIS Pack Vendor :STMicroelectronics X-CUBE-NFC6 3.1.0
2025-05-08 08:52:42,510 [INFO] ThirdParty:1030 - CMSIS Pack Vendor :ITTIA_DB I-CUBE-ITTIADB 8.8.0
2025-05-08 08:52:42,510 [INFO] ThirdParty:1030 - CMSIS Pack Vendor :STMicroelectronics FP-SNS-MOTENV1 4.3.0
2025-05-08 08:52:42,510 [INFO] ThirdParty:1030 - CMSIS Pack Vendor :STMicroelectronics FP-SNS-MOTENV1 4.3.2
2025-05-08 08:52:42,510 [INFO] ThirdParty:1030 - CMSIS Pack Vendor :STMicroelectronics FP-SNS-FLIGHT1 5.0.0
2025-05-08 08:52:42,510 [INFO] ThirdParty:1030 - CMSIS Pack Vendor :STMicroelectronics X-CUBE-BLE1 6.2.4
2025-05-08 08:52:42,510 [INFO] ThirdParty:1030 - CMSIS Pack Vendor :STMicroelectronics FreeRTOS 0.0.1
2025-05-08 08:52:42,511 [INFO] ThirdParty:1030 - CMSIS Pack Vendor :emotas I-CUBE-CANOPEN 1.1.3
2025-05-08 08:52:42,511 [INFO] ThirdParty:1030 - CMSIS Pack Vendor :STMicroelectronics X-CUBE-BLEMGR 2.0.0
2025-05-08 08:52:42,511 [INFO] ThirdParty:1030 - CMSIS Pack Vendor :STMicroelectronics FP-SNS-FLIGHT1 5.0.2
2025-05-08 08:52:42,511 [INFO] ThirdParty:1030 - CMSIS Pack Vendor :STMicroelectronics X-CUBE-AI 9.0.0
2025-05-08 08:52:42,511 [INFO] ThirdParty:1030 - CMSIS Pack Vendor :STMicroelectronics X-CUBE-AZRTOS-H7 3.1.0
2025-05-08 08:52:42,511 [INFO] ThirdParty:1030 - CMSIS Pack Vendor :STMicroelectronics PDM2PCM 3.3.0
2025-05-08 08:52:42,511 [INFO] ThirdParty:1030 - CMSIS Pack Vendor :STMicroelectronics X-CUBE-DISPLAY 3.0.0
2025-05-08 08:52:42,511 [INFO] ThirdParty:1030 - CMSIS Pack Vendor :STMicroelectronics X-CUBE-BLE1 7.0.0
2025-05-08 08:52:42,511 [INFO] ThirdParty:1030 - CMSIS Pack Vendor :STMicroelectronics X-CUBE-NFC10 1.0.0
2025-05-08 08:52:42,511 [INFO] ThirdParty:1030 - CMSIS Pack Vendor :STMicroelectronics HAL Drivers 0.0.0
2025-05-08 08:52:42,511 [INFO] ThirdParty:1030 - CMSIS Pack Vendor :emotas I-CUBE-CANOPEN 1.3.0
2025-05-08 08:52:42,511 [INFO] ThirdParty:1030 - CMSIS Pack Vendor :STMicroelectronics X-CUBE-FREERTOS 1.3.0
2025-05-08 08:52:42,511 [INFO] ThirdParty:1030 - CMSIS Pack Vendor :STMicroelectronics X-CUBE-TOUCHGFX 4.22.0
2025-05-08 08:52:42,511 [INFO] ThirdParty:1030 - CMSIS Pack Vendor :STMicroelectronics X-CUBE-NFC7 1.0.1
2025-05-08 08:52:42,511 [INFO] ThirdParty:1030 - CMSIS Pack Vendor :STMicroelectronics MBEDTLS 2.14.1
2025-05-08 08:52:42,511 [INFO] ThirdParty:1030 - CMSIS Pack Vendor :STMicroelectronics X-CUBE-NFC7 1.0.0
2025-05-08 08:52:42,511 [INFO] ThirdParty:1030 - CMSIS Pack Vendor :STMicroelectronics X-CUBE-TOUCHGFX 4.22.1
2025-05-08 08:52:42,511 [INFO] ThirdParty:1030 - CMSIS Pack Vendor :wolfSSL I-CUBE-wolfTPM 3.2.0
2025-05-08 08:52:42,511 [INFO] ThirdParty:1030 - CMSIS Pack Vendor :STMicroelectronics X-CUBE-NFC6 3.0.0
2025-05-08 08:52:42,511 [INFO] ThirdParty:1030 - CMSIS Pack Vendor :STMicroelectronics X-CUBE-EEPRMA1 4.1.0
2025-05-08 08:52:42,511 [INFO] ThirdParty:1030 - CMSIS Pack Vendor :STMicroelectronics X-CUBE-BLEMGR 3.1.0
2025-05-08 08:52:42,511 [INFO] ThirdParty:1030 - CMSIS Pack Vendor :STMicroelectronics X-CUBE-AI 10.0.0
2025-05-08 08:52:42,511 [INFO] ThirdParty:1030 - CMSIS Pack Vendor :STMicroelectronics FP-SNS-SMARTAG2 1.2.0
2025-05-08 08:52:42,511 [INFO] ThirdParty:1030 - CMSIS Pack Vendor :STMicroelectronics X-CUBE-MEMS1 11.1.0
2025-05-08 08:52:42,511 [INFO] ThirdParty:1030 - CMSIS Pack Vendor :STMicroelectronics X-CUBE-AZRTOS-WL 2.0.0
2025-05-08 08:52:42,511 [INFO] ThirdParty:1030 - CMSIS Pack Vendor :STMicroelectronics FP-SNS-MOTENV1 5.0.0
2025-05-08 08:52:42,512 [INFO] ThirdParty:1030 - CMSIS Pack Vendor :STMicroelectronics USB_DEVICE 1.0.0
2025-05-08 08:52:42,512 [INFO] ThirdParty:1030 - CMSIS Pack Vendor :STMicroelectronics X-CUBE-AI 8.1.0
2025-05-08 08:52:42,512 [INFO] ThirdParty:1030 - CMSIS Pack Vendor :wolfSSL I-CUBE-wolfMQTT 1.19.0
2025-05-08 08:52:42,512 [INFO] ThirdParty:1030 - CMSIS Pack Vendor :STMicroelectronics X-CUBE-AZRTOS-L4 2.0.0
2025-05-08 08:52:42,512 [INFO] ThirdParty:1030 - CMSIS Pack Vendor :STMicroelectronics ThreadX 0.0.2
2025-05-08 08:52:42,512 [INFO] ThirdParty:1030 - CMSIS Pack Vendor :WES I-CUBE-Cesium 1.3.0
2025-05-08 08:52:42,512 [INFO] ThirdParty:1030 - CMSIS Pack Vendor :STMicroelectronics lwIP 2.1.2
2025-05-08 08:52:42,512 [INFO] ThirdParty:1030 - CMSIS Pack Vendor :STMicroelectronics X-CUBE-SFXS2LP1 4.0.0
2025-05-08 08:52:42,512 [INFO] ThirdParty:1030 - CMSIS Pack Vendor :STMicroelectronics X-CUBE-BLE2 3.3.0
2025-05-08 08:52:42,512 [INFO] ThirdParty:1030 - CMSIS Pack Vendor :STMicroelectronics PDM2PCM 3.2.0
2025-05-08 08:52:42,512 [INFO] ThirdParty:1030 - CMSIS Pack Vendor :STMicroelectronics X-CUBE-ISPU 1.1.0
2025-05-08 08:52:42,512 [INFO] ThirdParty:1030 - CMSIS Pack Vendor :STMicroelectronics X-CUBE-AZRTOS-H7 3.3.0
2025-05-08 08:52:42,512 [INFO] ThirdParty:1030 - CMSIS Pack Vendor :STMicroelectronics X-CUBE-NFC9 1.0.0
2025-05-08 08:52:42,512 [INFO] ThirdParty:1030 - CMSIS Pack Vendor :STMicroelectronics X-CUBE-BLE1 7.1.0
2025-05-08 08:52:42,512 [INFO] ThirdParty:1030 - CMSIS Pack Vendor :STMicroelectronics USB_DEVICE 3.0.0
2025-05-08 08:52:42,512 [INFO] ThirdParty:1030 - CMSIS Pack Vendor :STMicroelectronics X-CUBE-TCPP 4.1.0
2025-05-08 08:52:42,512 [INFO] ThirdParty:1030 - CMSIS Pack Vendor :STMicroelectronics X-CUBE-AZRTOS-WB 2.0.0
2025-05-08 08:52:42,512 [INFO] ThirdParty:1030 - CMSIS Pack Vendor :STMicroelectronics X-CUBE-FREERTOS 1.0.1
2025-05-08 08:52:42,512 [INFO] ThirdParty:1030 - CMSIS Pack Vendor :STMicroelectronics X-CUBE-GNSS1 7.0.1
2025-05-08 08:52:42,512 [INFO] ThirdParty:1030 - CMSIS Pack Vendor :STMicroelectronics X-CUBE-TOUCHGFX 4.21.4
2025-05-08 08:52:42,512 [INFO] ThirdParty:1030 - CMSIS Pack Vendor :STMicroelectronics X-CUBE-TOUCHGFX 4.25.0
2025-05-08 08:52:42,512 [INFO] ThirdParty:1030 - CMSIS Pack Vendor :STMicroelectronics X-CUBE-ALGOBUILD 1.3.0
2025-05-08 08:52:42,512 [INFO] ThirdParty:1030 - CMSIS Pack Vendor :STMicroelectronics X-CUBE-AZRTOS-L5 1.1.0
2025-05-08 08:52:42,512 [INFO] ThirdParty:1030 - CMSIS Pack Vendor :STMicroelectronics X-CUBE-MEMS1 11.2.0
2025-05-08 08:52:42,512 [INFO] ThirdParty:1030 - CMSIS Pack Vendor :STMicroelectronics X-CUBE-AZRTOS-G0 1.1.0
2025-05-08 08:52:42,512 [INFO] ThirdParty:1030 - CMSIS Pack Vendor :STMicroelectronics X-CUBE-AI 8.0.1
2025-05-08 08:52:42,512 [INFO] ThirdParty:1030 - CMSIS Pack Vendor :STMicroelectronics X-CUBE-SAFEA1 1.2.2
2025-05-08 08:52:42,513 [INFO] ThirdParty:1030 - CMSIS Pack Vendor :STMicroelectronics X-CUBE-NFC4 3.0.0
2025-05-08 08:52:42,513 [INFO] ThirdParty:1030 - CMSIS Pack Vendor :STMicroelectronics X-CUBE-SUBG2 5.0.0
2025-05-08 08:52:42,513 [INFO] ThirdParty:1030 - CMSIS Pack Vendor :STMicroelectronics X-CUBE-AZRTOS-H7RS 1.1.0
2025-05-08 08:52:42,513 [INFO] ThirdParty:1030 - CMSIS Pack Vendor :STMicroelectronics STM32_WPAN 1.0.0
2025-05-08 08:52:42,513 [INFO] ThirdParty:1030 - CMSIS Pack Vendor :wolfSSL I-CUBE-wolfMQTT 1.18.0
2025-05-08 08:52:42,513 [INFO] ThirdParty:1030 - CMSIS Pack Vendor :STMicroelectronics lwIP 2.0.3
2025-05-08 08:52:42,513 [INFO] ThirdParty:1030 - CMSIS Pack Vendor :Cesanta I-CUBE-Mongoose 7.13.0
2025-05-08 08:52:42,513 [INFO] ThirdParty:1030 - CMSIS Pack Vendor :STMicroelectronics USB_HOST 1.0.0
2025-05-08 08:52:42,513 [INFO] ThirdParty:1030 - CMSIS Pack Vendor :STMicroelectronics X-CUBE-TOF1 3.3.1
2025-05-08 08:52:42,513 [INFO] ThirdParty:1030 - CMSIS Pack Vendor :STMicroelectronics X-CUBE-AZRTOS-G4 2.0.0
2025-05-08 08:52:42,513 [INFO] ThirdParty:1030 - CMSIS Pack Vendor :STMicroelectronics X-CUBE-WB05N 2.0.0
2025-05-08 08:52:42,513 [INFO] ThirdParty:1030 - CMSIS Pack Vendor :STMicroelectronics PDM2PCM 3.1.0
2025-05-08 08:52:42,513 [INFO] ThirdParty:1030 - CMSIS Pack Vendor :STMicroelectronics X-CUBE-TOF1 3.3.0
2025-05-08 08:52:42,513 [INFO] ThirdParty:1030 - CMSIS Pack Vendor :Infineon AIROC-Wi-Fi-Bluetooth-STM32 1.5.1
2025-05-08 08:52:42,513 [INFO] ThirdParty:1030 - CMSIS Pack Vendor :STMicroelectronics X-CUBE-BLEMGR 3.0.0
2025-05-08 08:52:42,513 [INFO] ThirdParty:1030 - CMSIS Pack Vendor :STMicroelectronics FP-SNS-MOTENVWB1 1.3.0
2025-05-08 08:52:42,513 [INFO] ThirdParty:1030 - CMSIS Pack Vendor :STMicroelectronics X-CUBE-NFC7 2.0.0
2025-05-08 08:52:42,513 [INFO] ThirdParty:1030 - CMSIS Pack Vendor :STMicroelectronics FP-SNS-MOTENVWB1 1.3.1
2025-05-08 08:52:42,513 [INFO] ThirdParty:1030 - CMSIS Pack Vendor :STMicroelectronics FP-ATR-SIGFOX1 3.2.0
2025-05-08 08:52:42,513 [INFO] ThirdParty:1030 - CMSIS Pack Vendor :STMicroelectronics X-CUBE-AZRTOS-L4 1.0.0
2025-05-08 08:52:42,513 [INFO] ThirdParty:1030 - CMSIS Pack Vendor :STMicroelectronics X-CUBE-ISPU 2.0.0
2025-05-08 08:52:42,513 [INFO] ThirdParty:1030 - CMSIS Pack Vendor :STMicroelectronics X-CUBE-EEPRMA1 5.1.0
2025-05-08 08:52:42,513 [INFO] ThirdParty:1030 - CMSIS Pack Vendor :STMicroelectronics MBEDTLS 2.16.2
2025-05-08 08:52:42,513 [INFO] ThirdParty:1030 - CMSIS Pack Vendor :STMicroelectronics X-CUBE-ALS 1.0.2
2025-05-08 08:52:42,514 [INFO] ThirdParty:1030 - CMSIS Pack Vendor :STMicroelectronics X-CUBE-MEMS1 10.0.0
2025-05-08 08:52:42,514 [INFO] ThirdParty:1030 - CMSIS Pack Vendor :STMicroelectronics X-CUBE-FREERTOS 1.1.0
2025-05-08 08:52:42,514 [INFO] ThirdParty:1030 - CMSIS Pack Vendor :wolfSSL I-CUBE-wolfSSL 5.7.6
2025-05-08 08:52:42,514 [INFO] ThirdParty:1030 - CMSIS Pack Vendor :STMicroelectronics X-CUBE-TOUCHGFX 4.24.0
2025-05-08 08:52:42,514 [INFO] ThirdParty:1030 - CMSIS Pack Vendor :ITTIA_DB I-CUBE-ITTIADB 8.9.0
2025-05-08 08:52:42,514 [INFO] ThirdParty:1030 - CMSIS Pack Vendor :STMicroelectronics X-CUBE-TOUCHGFX 4.24.2
2025-05-08 08:52:42,514 [INFO] ThirdParty:1030 - CMSIS Pack Vendor :STMicroelectronics X-CUBE-AZRTOS-WL 1.0.0
2025-05-08 08:52:42,514 [INFO] ThirdParty:1030 - CMSIS Pack Vendor :STMicroelectronics X-CUBE-TOUCHGFX 4.24.1
2025-05-08 08:52:42,514 [INFO] ThirdParty:1030 - CMSIS Pack Vendor :wolfSSL I-CUBE-wolfTPM 3.4.0
2025-05-08 08:52:42,514 [INFO] ThirdParty:1030 - CMSIS Pack Vendor :portGmbH I-Cube-SoM-uGOAL 1.1.0
2025-05-08 08:52:42,514 [INFO] ThirdParty:1030 - CMSIS Pack Vendor :STMicroelectronics X-CUBE-ALS 1.0.1
2025-05-08 08:52:42,514 [INFO] ThirdParty:1030 - CMSIS Pack Vendor :STMicroelectronics ThreadX 1.0.0
2025-05-08 08:52:42,514 [INFO] ThirdParty:1030 - CMSIS Pack Vendor :STMicroelectronics X-CUBE-AZRTOS-WB 1.1.0
2025-05-08 08:52:42,514 [INFO] ThirdParty:1030 - CMSIS Pack Vendor :SEGGER I-CUBE-embOS 1.3.1
2025-05-08 08:52:42,514 [INFO] ThirdParty:1030 - CMSIS Pack Vendor :STMicroelectronics X-CUBE-ALGOBUILD 1.4.0
2025-05-08 08:52:42,514 [INFO] ThirdParty:1030 - CMSIS Pack Vendor :STMicroelectronics X-CUBE-AZRTOS-H7RS 1.0.0
2025-05-08 08:52:42,514 [INFO] ThirdParty:1030 - CMSIS Pack Vendor :STMicroelectronics FP-ATR-ASTRA1 2.0.0
2025-05-08 08:52:42,514 [INFO] ThirdParty:1030 - CMSIS Pack Vendor :STMicroelectronics X-CUBE-AI 9.1.0
2025-05-08 08:52:42,514 [INFO] ThirdParty:1030 - CMSIS Pack Vendor :STMicroelectronics X-CUBE-TOF1 3.4.0
2025-05-08 08:52:42,515 [INFO] ThirdParty:1030 - CMSIS Pack Vendor :STMicroelectronics X-CUBE-TOF1 3.4.1
2025-05-08 08:52:42,515 [INFO] ThirdParty:1030 - CMSIS Pack Vendor :STMicroelectronics X-CUBE-AZRTOS-H7 3.2.0
2025-05-08 08:52:42,515 [INFO] ThirdParty:1030 - CMSIS Pack Vendor :wolfSSL I-CUBE-wolfSSH 1.4.17
2025-05-08 08:52:42,515 [INFO] ThirdParty:841 - exiting critical section [change project]
2025-05-08 08:52:42,779 [INFO] PinOutPanel:1499 - setPackage(No Configuration,No Configuration)
2025-05-08 08:52:42,780 [INFO] PinOutPanel:1499 - setPackage(STM32F103CBTx,LQFP48)
2025-05-08 08:52:43,239 [INFO] UtilMem:75 - Before build in PCC Used Memory: 222939136 Bytes (512753664)
2025-05-08 08:52:44,036 [INFO] UtilMem:75 - After build in PCC Used Memory: 296913856 Bytes (512753664)
2025-05-08 08:52:44,057 [INFO] IPUIPlugin:80 - create IPUIPlugin
2025-05-08 08:52:44,057 [INFO] IPUIPlugin:80 - create IPUIPlugin
2025-05-08 08:52:44,057 [INFO] IPUIPlugin:80 - create IPUIPlugin
2025-05-08 08:52:44,057 [INFO] IPUIPlugin:80 - create IPUIPlugin
2025-05-08 08:52:44,057 [INFO] IPUIPlugin:80 - create IPUIPlugin
2025-05-08 08:52:44,057 [INFO] IPUIPlugin:80 - create IPUIPlugin
2025-05-08 08:52:44,057 [INFO] IPUIPlugin:80 - create IPUIPlugin
2025-05-08 08:52:44,057 [INFO] IPUIPlugin:80 - create IPUIPlugin
2025-05-08 08:52:44,058 [INFO] IPUIPlugin:80 - create IPUIPlugin
2025-05-08 08:52:44,058 [INFO] IPUIPlugin:80 - create IPUIPlugin
2025-05-08 08:52:44,058 [INFO] IPUIPlugin:80 - create IPUIPlugin
2025-05-08 08:52:44,058 [INFO] IPUIPlugin:80 - create IPUIPlugin
2025-05-08 08:52:44,058 [INFO] IPUIPlugin:80 - create IPUIPlugin
2025-05-08 08:52:44,058 [INFO] IPUIPlugin:80 - create IPUIPlugin
2025-05-08 08:52:44,058 [INFO] IPUIPlugin:80 - create IPUIPlugin
2025-05-08 08:52:44,058 [INFO] IPUIPlugin:80 - create IPUIPlugin
2025-05-08 08:52:44,059 [INFO] IPUIPlugin:80 - create IPUIPlugin
2025-05-08 08:52:44,059 [INFO] IPUIPlugin:80 - create IPUIPlugin
2025-05-08 08:52:44,059 [INFO] IPUIPlugin:80 - create IPUIPlugin
2025-05-08 08:52:44,059 [INFO] IPUIPlugin:80 - create IPUIPlugin
2025-05-08 08:52:44,059 [INFO] IPUIPlugin:80 - create IPUIPlugin
2025-05-08 08:52:44,060 [INFO] IPUIPlugin:80 - create IPUIPlugin
2025-05-08 08:52:44,060 [INFO] IPUIPlugin:80 - create IPUIPlugin
2025-05-08 08:52:44,060 [INFO] IPUIPlugin:80 - create IPUIPlugin
2025-05-08 08:52:44,060 [INFO] IPUIPlugin:80 - create IPUIPlugin
2025-05-08 08:52:44,060 [INFO] IPUIPlugin:80 - create IPUIPlugin
2025-05-08 08:52:44,060 [INFO] IPUIPlugin:80 - create IPUIPlugin
2025-05-08 08:52:44,281 [INFO] CADModel:165 - CPN selected for project levelSTM32F103CBT6
2025-05-08 08:52:44,281 [INFO] CADModel:114 - Register for checkConnection events
2025-05-08 08:52:44,333 [INFO] OpenFileManager:328 - Restore cursor
2025-05-08 08:52:50,486 [ERROR] LogOutputStream:75 - [STDERR_REDIRECT] SLF4J: Failed to load class "org.slf4j.impl.StaticLoggerBinder".
2025-05-08 08:52:50,486 [ERROR] LogOutputStream:75 - [STDERR_REDIRECT] SLF4J: Defaulting to no-operation (NOP) logger implementation
2025-05-08 08:52:50,487 [ERROR] LogOutputStream:75 - [STDERR_REDIRECT] SLF4J: See http://www.slf4j.org/codes.html#StaticLoggerBinder for further details.
2025-05-08 08:53:10,116 [INFO] UtilMem:75 - End SaveConfig() Used Memory: 259600736 Bytes (512753664)
2025-05-08 08:53:13,450 [INFO] UtilMem:75 - End SaveConfig() Used Memory: 299995384 Bytes (512753664)
2025-05-08 08:53:14,389 [INFO] UtilMem:75 - End SaveConfig() Used Memory: 360173848 Bytes (512753664)
2025-05-08 08:53:14,885 [INFO] BlockDiagram:2759 - set Specific Code input for plugin: NVIC
2025-05-08 08:53:14,885 [INFO] BlockDiagram:2759 - set Specific Code input for plugin: USART
2025-05-08 08:53:14,885 [INFO] BlockDiagram:2759 - set Specific Code input for plugin: USART
2025-05-08 08:53:14,885 [INFO] BlockDiagram:2759 - set Specific Code input for plugin: SYS
2025-05-08 08:53:14,886 [INFO] BlockDiagram:2759 - set Specific Code input for plugin: GPIO
2025-05-08 08:53:14,886 [INFO] BlockDiagram:2759 - set Specific Code input for plugin: RCC
2025-05-08 08:53:14,887 [INFO] CodeGenerator:799 - code generatio: config db path: D:\ITC\STM32\STM32CubeIDE_1.13.0\STM32CubeIDE\plugins\com.st.stm32cube.common.mx_6.9.0.202307051724\\db\
2025-05-08 08:53:15,139 [INFO] CodeEngine:255 - oldGeneratedFile, D:\AIFARM\STM32_GREENB\stm32f103_nethouse\MXTmpFiles\license.tmp_save
2025-05-08 08:53:15,579 [INFO] CodeEngine:279 - Generated code: D:\AIFARM\STM32_GREENB\stm32f103_nethouse\MXTmpFiles\license.tmp
2025-05-08 08:53:15,703 [INFO] CodeEngine:255 - oldGeneratedFile, D:\AIFARM\STM32_GREENB\stm32f103_nethouse\MXTmpFiles\gpio.tmp_save
2025-05-08 08:53:15,838 [INFO] CodeEngine:279 - Generated code: D:\AIFARM\STM32_GREENB\stm32f103_nethouse\MXTmpFiles\gpio.tmp
2025-05-08 08:53:15,983 [INFO] CodeEngine:255 - oldGeneratedFile, D:\AIFARM\STM32_GREENB\stm32f103_nethouse\Core\Src\stm32f1xx_it.c_save
2025-05-08 08:53:16,140 [INFO] CodeEngine:279 - Generated code: D:\AIFARM\STM32_GREENB\stm32f103_nethouse\Core\Src\stm32f1xx_it.c
2025-05-08 08:53:16,168 [INFO] CodeEngine:255 - oldGeneratedFile, D:\AIFARM\STM32_GREENB\stm32f103_nethouse\Core\Inc\stm32f1xx_it.h_save
2025-05-08 08:53:16,257 [INFO] CodeEngine:279 - Generated code: D:\AIFARM\STM32_GREENB\stm32f103_nethouse\Core\Inc\stm32f1xx_it.h
2025-05-08 08:53:16,293 [INFO] CodeEngine:255 - oldGeneratedFile, D:\AIFARM\STM32_GREENB\stm32f103_nethouse\Core\Src\stm32f1xx_hal_msp.c_save
2025-05-08 08:53:16,430 [INFO] CodeEngine:279 - Generated code: D:\AIFARM\STM32_GREENB\stm32f103_nethouse\Core\Src\stm32f1xx_hal_msp.c
2025-05-08 08:53:16,444 [INFO] CodeEngine:255 - oldGeneratedFile, D:\AIFARM\STM32_GREENB\stm32f103_nethouse\MXTmpFiles\system.tmp_save
2025-05-08 08:53:16,518 [INFO] CodeEngine:279 - Generated code: D:\AIFARM\STM32_GREENB\stm32f103_nethouse\MXTmpFiles\system.tmp
2025-05-08 08:53:16,553 [INFO] CodeEngine:311 - oldGeneratedFile, D:\AIFARM\STM32_GREENB\stm32f103_nethouse\Core\Inc\stm32f1xx_hal_conf.h_save
2025-05-08 08:53:16,651 [INFO] CodeEngine:335 - Generated code: D:\AIFARM\STM32_GREENB\stm32f103_nethouse\Core\Inc\stm32f1xx_hal_conf.h
2025-05-08 08:53:16,708 [INFO] CodeEngine:255 - oldGeneratedFile, D:\AIFARM\STM32_GREENB\stm32f103_nethouse\Core\Inc\main.h_save
2025-05-08 08:53:16,814 [INFO] CodeEngine:279 - Generated code: D:\AIFARM\STM32_GREENB\stm32f103_nethouse\Core\Inc\main.h
2025-05-08 08:53:16,838 [INFO] CodeEngine:255 - oldGeneratedFile, D:\AIFARM\STM32_GREENB\stm32f103_nethouse\Core\Src\main.c_save
2025-05-08 08:53:16,984 [INFO] CodeEngine:279 - Generated code: D:\AIFARM\STM32_GREENB\stm32f103_nethouse\Core\Src\main.c
2025-05-08 08:53:17,540 [INFO] ProjectBuilder:3064 - Time for Copy HAL[1] : 243mS.
2025-05-08 08:53:17,544 [INFO] ProjectBuilder:4404 - Project Generator version: 4.1.0
2025-05-08 08:53:17,782 [INFO] ConfigFileManager:1457 - The Die is : DIE410
2025-05-08 08:53:17,802 [INFO] ApiDbMcu:507 - Load IP Config File for FATFS
2025-05-08 08:53:17,816 [INFO] ApiDbMcu:507 - Load IP Config File for FREERTOS
2025-05-08 08:53:17,834 [INFO] ApiDbMcu:507 - Load IP Config File for USB_DEVICE
2025-05-08 08:53:18,836 [INFO] LogOutputStream:77 - [STDOUT_REDIRECT] 
2025-05-08 08:53:20,595 [INFO] ProjectBuilder:4626 - Time for Generating toolchain IDE Files: 3050mS.
2025-05-08 08:53:20,595 [INFO] ProjectBuilder:2935 - Time for Copy CMSIS : 0mS.
2025-05-08 08:53:20,596 [INFO] ProjectBuilder:2935 - Time for Copy CMSIS : 0mS.
2025-05-08 10:38:06,014 [INFO] MainUpdater:2868 - connection check result : 10
2025-05-08 10:38:06,016 [INFO] MainUpdater:2868 - connection check result : 10
2025-05-08 10:38:06,136 [INFO] MicroXplorer:468 - Change Database Path : 
2025-05-08 10:38:06,136 [INFO] MicroXplorer:498 - Change Database Version : DB.6.0.90
2025-05-08 10:38:06,334 [WARN] ThirdParty:871 - waiting for thirdparty lock release [close project]
2025-05-08 10:38:06,334 [INFO] ThirdParty:873 - entering critical section [close project]
2025-05-08 10:38:06,334 [INFO] ThirdParty:883 - exiting critical section [close project]
2025-05-08 10:38:06,336 [INFO] PinOutPanel:1499 - setPackage(No Configuration,No Configuration)
2025-05-08 10:38:06,361 [INFO] UtilMem:75 - Begin LoadConfig() Used Memory: 714851136 Bytes (1073741824)
2025-05-08 10:38:06,362 [INFO] MicroXplorer:468 - Change Database Path : 
2025-05-08 10:38:06,362 [INFO] MicroXplorer:498 - Change Database Version : DB.6.0.90
2025-05-08 10:38:06,362 [INFO] OpenFileManager:308 - Change cursor
2025-05-08 10:38:06,391 [INFO] RulesReader:64 - Compatibility file has been processed (293 Rules)
2025-05-08 10:38:06,410 [INFO] Mcu:1946 - Initializing MCU STM32F401C(B-C)Ux STM32F401CCUx STM32F401CCU6
2025-05-08 10:38:07,359 [INFO] Context:659 - Trying to add GPIOservice into a context  which must be forbidden
2025-05-08 10:38:07,820 [INFO] RtosManager:555 - Registered RTOS mode: class=CMSIS, group=RTOS, mode=CMSIS_V1, owner=FREERTOS
2025-05-08 10:38:07,820 [INFO] RtosManager:555 - Registered RTOS mode: class=CMSIS, group=RTOS2, mode=CMSIS_V2, owner=FREERTOS
2025-05-08 10:38:07,820 [INFO] RtosManager:555 - Registered RTOS mode: class=RTOS, group=Core, mode=CMSIS_V1, owner=FREERTOS
2025-05-08 10:38:07,820 [INFO] RtosManager:555 - Registered RTOS mode: class=RTOS, group=Core, mode=CMSIS_V2, owner=FREERTOS
2025-05-08 10:38:07,820 [WARN] ModelIntegratedComponent:184 - Missing modes for component STMicroelectronics:FreeRTOS:0.0.1:STMicroelectronics:RTOS:FreeRTOS:Core:::10.2.0:
2025-05-08 10:38:07,822 [WARN] ModelIntegratedComponent:63 - No mode defined for component null
2025-05-08 10:38:07,823 [WARN] ModelIntegratedComponent:63 - No mode defined for component null
2025-05-08 10:38:07,823 [WARN] ModelIntegratedComponent:63 - No mode defined for component null
2025-05-08 10:38:07,823 [WARN] ModelIntegratedComponent:63 - No mode defined for component null
2025-05-08 10:38:07,823 [WARN] ModelIntegratedComponent:63 - No mode defined for component null
2025-05-08 10:38:07,823 [WARN] ModelIntegratedComponent:63 - No mode defined for component null
2025-05-08 10:38:07,823 [WARN] ModelIntegratedComponent:63 - No mode defined for component null
2025-05-08 10:38:07,823 [WARN] ModelIntegratedComponent:63 - No mode defined for component null
2025-05-08 10:38:07,823 [WARN] ModelIntegratedComponent:63 - No mode defined for component null
2025-05-08 10:38:07,823 [WARN] ModelIntegratedComponent:63 - No mode defined for component null
2025-05-08 10:38:07,823 [WARN] ModelIntegratedComponent:63 - No mode defined for component null
2025-05-08 10:38:07,823 [WARN] ModelIntegratedComponent:63 - No mode defined for component null
2025-05-08 10:38:07,823 [WARN] ModelIntegratedComponent:63 - No mode defined for component null
2025-05-08 10:38:07,823 [WARN] ModelIntegratedComponent:63 - No mode defined for component null
2025-05-08 10:38:07,824 [WARN] ModelIntegratedComponent:63 - No mode defined for component null
2025-05-08 10:38:07,824 [WARN] ModelIntegratedComponent:63 - No mode defined for component null
2025-05-08 10:38:07,824 [WARN] ModelIntegratedComponent:63 - No mode defined for component null
2025-05-08 10:38:07,824 [WARN] ModelIntegratedComponent:63 - No mode defined for component null
2025-05-08 10:38:07,824 [WARN] ModelIntegratedComponent:63 - No mode defined for component null
2025-05-08 10:38:07,824 [WARN] ModelIntegratedComponent:63 - No mode defined for component null
2025-05-08 10:38:07,824 [WARN] ModelIntegratedComponent:63 - No mode defined for component null
2025-05-08 10:38:07,824 [WARN] ModelIntegratedComponent:63 - No mode defined for component null
2025-05-08 10:38:07,824 [WARN] ModelIntegratedComponent:63 - No mode defined for component null
2025-05-08 10:38:07,824 [WARN] ModelIntegratedComponent:63 - No mode defined for component null
2025-05-08 10:38:07,824 [WARN] ModelIntegratedComponent:63 - No mode defined for component null
2025-05-08 10:38:07,824 [WARN] ModelIntegratedComponent:63 - No mode defined for component null
2025-05-08 10:38:07,824 [WARN] ModelIntegratedComponent:63 - No mode defined for component null
2025-05-08 10:38:07,824 [WARN] ModelIntegratedComponent:63 - No mode defined for component null
2025-05-08 10:38:07,825 [WARN] ModelIntegratedComponent:63 - No mode defined for component null
2025-05-08 10:38:07,825 [WARN] ModelIntegratedComponent:63 - No mode defined for component null
2025-05-08 10:38:07,825 [WARN] ModelIntegratedComponent:63 - No mode defined for component null
2025-05-08 10:38:07,825 [WARN] ModelIntegratedComponent:63 - No mode defined for component null
2025-05-08 10:38:07,825 [WARN] ModelIntegratedComponent:63 - No mode defined for component null
2025-05-08 10:38:07,891 [WARN] ModelIntegratedComponent:182 - Modes not found for component STMicroelectronics:USB_DEVICE:1.0.0:STMicroelectronics:USB::USB Device:Audio HS::1.0:USB_DEVICE_1_0_RESTRICTED_HS
2025-05-08 10:38:07,891 [WARN] ModelIntegratedComponent:188 - Modes not found for component STMicroelectronics:USB_DEVICE:1.0.0:STMicroelectronics:USB::USB Device:Audio HS::1.0:USB_DEVICE_1_0_RESTRICTED_HS
2025-05-08 10:38:07,891 [WARN] ModelIntegratedComponent:182 - Modes not found for component STMicroelectronics:USB_DEVICE:1.0.0:STMicroelectronics:USB::USB Device:CDC HS::1.0:USB_DEVICE_1_0_RESTRICTED_HS
2025-05-08 10:38:07,891 [WARN] ModelIntegratedComponent:188 - Modes not found for component STMicroelectronics:USB_DEVICE:1.0.0:STMicroelectronics:USB::USB Device:CDC HS::1.0:USB_DEVICE_1_0_RESTRICTED_HS
2025-05-08 10:38:07,891 [WARN] ModelIntegratedComponent:182 - Modes not found for component STMicroelectronics:USB_DEVICE:1.0.0:STMicroelectronics:USB::USB Device:DFU HS::1.0:USB_DEVICE_1_0_RESTRICTED_HS
2025-05-08 10:38:07,891 [WARN] ModelIntegratedComponent:188 - Modes not found for component STMicroelectronics:USB_DEVICE:1.0.0:STMicroelectronics:USB::USB Device:DFU HS::1.0:USB_DEVICE_1_0_RESTRICTED_HS
2025-05-08 10:38:07,891 [WARN] ModelIntegratedComponent:182 - Modes not found for component STMicroelectronics:USB_DEVICE:1.0.0:STMicroelectronics:USB::USB Device:HID HS::1.0:USB_DEVICE_1_0_RESTRICTED_HS
2025-05-08 10:38:07,891 [WARN] ModelIntegratedComponent:188 - Modes not found for component STMicroelectronics:USB_DEVICE:1.0.0:STMicroelectronics:USB::USB Device:HID HS::1.0:USB_DEVICE_1_0_RESTRICTED_HS
2025-05-08 10:38:07,891 [WARN] ModelIntegratedComponent:182 - Modes not found for component STMicroelectronics:USB_DEVICE:1.0.0:STMicroelectronics:USB::USB Device:Custom HID HS::1.0:USB_DEVICE_1_0_RESTRICTED_HS
2025-05-08 10:38:07,891 [WARN] ModelIntegratedComponent:188 - Modes not found for component STMicroelectronics:USB_DEVICE:1.0.0:STMicroelectronics:USB::USB Device:Custom HID HS::1.0:USB_DEVICE_1_0_RESTRICTED_HS
2025-05-08 10:38:07,891 [WARN] ModelIntegratedComponent:182 - Modes not found for component STMicroelectronics:USB_DEVICE:1.0.0:STMicroelectronics:USB::USB Device:MSC HS::1.0:USB_DEVICE_1_0_RESTRICTED_HS
2025-05-08 10:38:07,891 [WARN] ModelIntegratedComponent:188 - Modes not found for component STMicroelectronics:USB_DEVICE:1.0.0:STMicroelectronics:USB::USB Device:MSC HS::1.0:USB_DEVICE_1_0_RESTRICTED_HS
2025-05-08 10:38:08,011 [WARN] ModelIntegratedComponent:182 - Modes not found for component STMicroelectronics:USB_HOST:1.0.0:STMicroelectronics:USB::USB Host:Audio HS::1.0:USB_HOST_1_0_RESTRICTED_HS
2025-05-08 10:38:08,011 [WARN] ModelIntegratedComponent:188 - Modes not found for component STMicroelectronics:USB_HOST:1.0.0:STMicroelectronics:USB::USB Host:Audio HS::1.0:USB_HOST_1_0_RESTRICTED_HS
2025-05-08 10:38:08,011 [WARN] ModelIntegratedComponent:182 - Modes not found for component STMicroelectronics:USB_HOST:1.0.0:STMicroelectronics:USB::USB Host:CDC HS::1.0:USB_HOST_1_0_RESTRICTED_HS
2025-05-08 10:38:08,011 [WARN] ModelIntegratedComponent:188 - Modes not found for component STMicroelectronics:USB_HOST:1.0.0:STMicroelectronics:USB::USB Host:CDC HS::1.0:USB_HOST_1_0_RESTRICTED_HS
2025-05-08 10:38:08,011 [WARN] ModelIntegratedComponent:182 - Modes not found for component STMicroelectronics:USB_HOST:1.0.0:STMicroelectronics:USB::USB Host:MSC HS::1.0:USB_HOST_1_0_RESTRICTED_HS
2025-05-08 10:38:08,011 [WARN] ModelIntegratedComponent:188 - Modes not found for component STMicroelectronics:USB_HOST:1.0.0:STMicroelectronics:USB::USB Host:MSC HS::1.0:USB_HOST_1_0_RESTRICTED_HS
2025-05-08 10:38:08,011 [WARN] ModelIntegratedComponent:182 - Modes not found for component STMicroelectronics:USB_HOST:1.0.0:STMicroelectronics:USB::USB Host:HID HS::1.0:USB_HOST_1_0_RESTRICTED_HS
2025-05-08 10:38:08,011 [WARN] ModelIntegratedComponent:188 - Modes not found for component STMicroelectronics:USB_HOST:1.0.0:STMicroelectronics:USB::USB Host:HID HS::1.0:USB_HOST_1_0_RESTRICTED_HS
2025-05-08 10:38:08,011 [WARN] ModelIntegratedComponent:182 - Modes not found for component STMicroelectronics:USB_HOST:1.0.0:STMicroelectronics:USB::USB Host:MTP HS::1.0:USB_HOST_1_0_RESTRICTED_HS
2025-05-08 10:38:08,011 [WARN] ModelIntegratedComponent:188 - Modes not found for component STMicroelectronics:USB_HOST:1.0.0:STMicroelectronics:USB::USB Host:MTP HS::1.0:USB_HOST_1_0_RESTRICTED_HS
2025-05-08 10:38:08,197 [INFO] ThirdPartyModel:298 - Start build external matchings
2025-05-08 10:38:10,809 [INFO] ThirdPartyModel:316 - End build external matchings
2025-05-08 10:38:10,838 [INFO] ImportTextPane:194 - (OptionalMessage_ERROR) IP (RCC) : Parameter (RTCHSEDivFreq_Value) has invalid value (12500000)
2025-05-08 10:38:11,024 [INFO] UtilMem:75 - End LoadConfig() Used Memory: 954770800 Bytes (1073741824)
2025-05-08 10:38:11,310 [WARN] ThirdParty:833 - waiting for thirdparty lock release [change project]
2025-05-08 10:38:11,310 [INFO] ThirdParty:835 - entering critical section [change project]
2025-05-08 10:38:11,310 [INFO] ThirdParty:1030 - CMSIS Pack Vendor :STMicroelectronics USBPD 4.1
2025-05-08 10:38:11,310 [INFO] ThirdParty:1030 - CMSIS Pack Vendor :STMicroelectronics X-CUBE-GNSS1 6.0.0
2025-05-08 10:38:11,310 [INFO] ThirdParty:1030 - CMSIS Pack Vendor :STMicroelectronics USB_HOST 2.0.0
2025-05-08 10:38:11,311 [INFO] ThirdParty:1030 - CMSIS Pack Vendor :STMicroelectronics FP-SNS-MOTENVWB1 1.4.0
2025-05-08 10:38:11,311 [INFO] ThirdParty:1030 - CMSIS Pack Vendor :STMicroelectronics X-CUBE-AZRTOS-F4 1.1.0
2025-05-08 10:38:11,311 [INFO] ThirdParty:1030 - CMSIS Pack Vendor :STMicroelectronics LIBJPEG 8.0.0
2025-05-08 10:38:11,311 [INFO] ThirdParty:1030 - CMSIS Pack Vendor :STMicroelectronics FP-ATR-ASTRA1 2.0.2
2025-05-08 10:38:11,311 [INFO] ThirdParty:1030 - CMSIS Pack Vendor :STMicroelectronics FP-ATR-ASTRA1 2.0.1
2025-05-08 10:38:11,311 [INFO] ThirdParty:1030 - CMSIS Pack Vendor :STMicroelectronics X-CUBE-SMBUS 2.1.0
2025-05-08 10:38:11,311 [INFO] ThirdParty:1030 - CMSIS Pack Vendor :STMicroelectronics X-CUBE-WB05N 1.1.0
2025-05-08 10:38:11,311 [INFO] ThirdParty:1030 - CMSIS Pack Vendor :wolfSSL I-CUBE-wolfSSL 5.6.0
2025-05-08 10:38:11,311 [INFO] ThirdParty:1030 - CMSIS Pack Vendor :STMicroelectronics X-CUBE-ISPU 2.1.0
2025-05-08 10:38:11,311 [INFO] ThirdParty:1030 - CMSIS Pack Vendor :STMicroelectronics X-CUBE-FREERTOS 1.2.0
2025-05-08 10:38:11,311 [INFO] ThirdParty:1030 - CMSIS Pack Vendor :STMicroelectronics X-CUBE-TOUCHGFX 4.23.0
2025-05-08 10:38:11,311 [INFO] ThirdParty:1030 - CMSIS Pack Vendor :STMicroelectronics X-CUBE-TOUCHGFX 4.23.2
2025-05-08 10:38:11,311 [INFO] ThirdParty:1030 - CMSIS Pack Vendor :STMicroelectronics X-CUBE-AZRTOS-F7 1.1.0
2025-05-08 10:38:11,311 [INFO] ThirdParty:1030 - CMSIS Pack Vendor :STMicroelectronics X-CUBE-AZRTOS-L5 2.0.0
2025-05-08 10:38:11,311 [INFO] ThirdParty:1030 - CMSIS Pack Vendor :STMicroelectronics USB_DEVICE 2.0.0
2025-05-08 10:38:11,311 [INFO] ThirdParty:1030 - CMSIS Pack Vendor :STMicroelectronics X-CUBE-MEMS1 9.6.0
2025-05-08 10:38:11,311 [INFO] ThirdParty:1030 - CMSIS Pack Vendor :STMicroelectronics X-CUBE-EEPRMA1 4.2.0
2025-05-08 10:38:11,311 [INFO] ThirdParty:1030 - CMSIS Pack Vendor :STMicroelectronics X-CUBE-NFC6 3.1.0
2025-05-08 10:38:11,311 [INFO] ThirdParty:1030 - CMSIS Pack Vendor :ITTIA_DB I-CUBE-ITTIADB 8.8.0
2025-05-08 10:38:11,311 [INFO] ThirdParty:1030 - CMSIS Pack Vendor :STMicroelectronics FP-SNS-MOTENV1 4.3.0
2025-05-08 10:38:11,311 [INFO] ThirdParty:1030 - CMSIS Pack Vendor :STMicroelectronics FP-SNS-MOTENV1 4.3.2
2025-05-08 10:38:11,311 [INFO] ThirdParty:1030 - CMSIS Pack Vendor :STMicroelectronics FP-SNS-FLIGHT1 5.0.0
2025-05-08 10:38:11,311 [INFO] ThirdParty:1030 - CMSIS Pack Vendor :STMicroelectronics X-CUBE-BLE1 6.2.4
2025-05-08 10:38:11,311 [INFO] ThirdParty:1030 - CMSIS Pack Vendor :STMicroelectronics FreeRTOS 0.0.1
2025-05-08 10:38:11,311 [INFO] ThirdParty:1030 - CMSIS Pack Vendor :emotas I-CUBE-CANOPEN 1.1.3
2025-05-08 10:38:11,311 [INFO] ThirdParty:1030 - CMSIS Pack Vendor :STMicroelectronics X-CUBE-BLEMGR 2.0.0
2025-05-08 10:38:11,311 [INFO] ThirdParty:1030 - CMSIS Pack Vendor :STMicroelectronics FP-SNS-FLIGHT1 5.0.2
2025-05-08 10:38:11,311 [INFO] ThirdParty:1030 - CMSIS Pack Vendor :STMicroelectronics X-CUBE-AI 9.0.0
2025-05-08 10:38:11,311 [INFO] ThirdParty:1030 - CMSIS Pack Vendor :STMicroelectronics X-CUBE-AZRTOS-H7 3.1.0
2025-05-08 10:38:11,311 [INFO] ThirdParty:1030 - CMSIS Pack Vendor :STMicroelectronics PDM2PCM 3.3.0
2025-05-08 10:38:11,311 [INFO] ThirdParty:1030 - CMSIS Pack Vendor :STMicroelectronics X-CUBE-DISPLAY 3.0.0
2025-05-08 10:38:11,311 [INFO] ThirdParty:1030 - CMSIS Pack Vendor :STMicroelectronics X-CUBE-BLE1 7.0.0
2025-05-08 10:38:11,311 [INFO] ThirdParty:1030 - CMSIS Pack Vendor :STMicroelectronics X-CUBE-NFC10 1.0.0
2025-05-08 10:38:11,312 [INFO] ThirdParty:1030 - CMSIS Pack Vendor :STMicroelectronics HAL Drivers 0.0.0
2025-05-08 10:38:11,312 [INFO] ThirdParty:1030 - CMSIS Pack Vendor :emotas I-CUBE-CANOPEN 1.3.0
2025-05-08 10:38:11,312 [INFO] ThirdParty:1030 - CMSIS Pack Vendor :STMicroelectronics X-CUBE-FREERTOS 1.3.0
2025-05-08 10:38:11,312 [INFO] ThirdParty:1030 - CMSIS Pack Vendor :STMicroelectronics X-CUBE-TOUCHGFX 4.22.0
2025-05-08 10:38:11,312 [INFO] ThirdParty:1030 - CMSIS Pack Vendor :STMicroelectronics X-CUBE-NFC7 1.0.1
2025-05-08 10:38:11,312 [INFO] ThirdParty:1030 - CMSIS Pack Vendor :STMicroelectronics MBEDTLS 2.14.1
2025-05-08 10:38:11,312 [INFO] ThirdParty:1030 - CMSIS Pack Vendor :STMicroelectronics X-CUBE-NFC7 1.0.0
2025-05-08 10:38:11,312 [INFO] ThirdParty:1030 - CMSIS Pack Vendor :STMicroelectronics X-CUBE-TOUCHGFX 4.22.1
2025-05-08 10:38:11,312 [INFO] ThirdParty:1030 - CMSIS Pack Vendor :wolfSSL I-CUBE-wolfTPM 3.2.0
2025-05-08 10:38:11,312 [INFO] ThirdParty:1030 - CMSIS Pack Vendor :STMicroelectronics X-CUBE-NFC6 3.0.0
2025-05-08 10:38:11,312 [INFO] ThirdParty:1030 - CMSIS Pack Vendor :STMicroelectronics X-CUBE-EEPRMA1 4.1.0
2025-05-08 10:38:11,312 [INFO] ThirdParty:1030 - CMSIS Pack Vendor :STMicroelectronics X-CUBE-BLEMGR 3.1.0
2025-05-08 10:38:11,312 [INFO] ThirdParty:1030 - CMSIS Pack Vendor :STMicroelectronics X-CUBE-AI 10.0.0
2025-05-08 10:38:11,312 [INFO] ThirdParty:1030 - CMSIS Pack Vendor :STMicroelectronics FP-SNS-SMARTAG2 1.2.0
2025-05-08 10:38:11,312 [INFO] ThirdParty:1030 - CMSIS Pack Vendor :STMicroelectronics X-CUBE-MEMS1 11.1.0
2025-05-08 10:38:11,312 [INFO] ThirdParty:1030 - CMSIS Pack Vendor :STMicroelectronics X-CUBE-AZRTOS-WL 2.0.0
2025-05-08 10:38:11,312 [INFO] ThirdParty:1030 - CMSIS Pack Vendor :STMicroelectronics FP-SNS-MOTENV1 5.0.0
2025-05-08 10:38:11,312 [INFO] ThirdParty:1030 - CMSIS Pack Vendor :STMicroelectronics USB_DEVICE 1.0.0
2025-05-08 10:38:11,313 [INFO] ThirdParty:1030 - CMSIS Pack Vendor :STMicroelectronics X-CUBE-AI 8.1.0
2025-05-08 10:38:11,313 [INFO] ThirdParty:1030 - CMSIS Pack Vendor :wolfSSL I-CUBE-wolfMQTT 1.19.0
2025-05-08 10:38:11,313 [INFO] ThirdParty:1030 - CMSIS Pack Vendor :STMicroelectronics X-CUBE-AZRTOS-L4 2.0.0
2025-05-08 10:38:11,313 [INFO] ThirdParty:1030 - CMSIS Pack Vendor :STMicroelectronics ThreadX 0.0.2
2025-05-08 10:38:11,313 [INFO] ThirdParty:1030 - CMSIS Pack Vendor :WES I-CUBE-Cesium 1.3.0
2025-05-08 10:38:11,313 [INFO] ThirdParty:1030 - CMSIS Pack Vendor :STMicroelectronics lwIP 2.1.2
2025-05-08 10:38:11,313 [INFO] ThirdParty:1030 - CMSIS Pack Vendor :STMicroelectronics X-CUBE-SFXS2LP1 4.0.0
2025-05-08 10:38:11,313 [INFO] ThirdParty:1030 - CMSIS Pack Vendor :STMicroelectronics X-CUBE-BLE2 3.3.0
2025-05-08 10:38:11,313 [INFO] ThirdParty:1030 - CMSIS Pack Vendor :STMicroelectronics PDM2PCM 3.2.0
2025-05-08 10:38:11,313 [INFO] ThirdParty:1030 - CMSIS Pack Vendor :STMicroelectronics X-CUBE-ISPU 1.1.0
2025-05-08 10:38:11,313 [INFO] ThirdParty:1030 - CMSIS Pack Vendor :STMicroelectronics X-CUBE-AZRTOS-H7 3.3.0
2025-05-08 10:38:11,313 [INFO] ThirdParty:1030 - CMSIS Pack Vendor :STMicroelectronics X-CUBE-NFC9 1.0.0
2025-05-08 10:38:11,313 [INFO] ThirdParty:1030 - CMSIS Pack Vendor :STMicroelectronics X-CUBE-BLE1 7.1.0
2025-05-08 10:38:11,313 [INFO] ThirdParty:1030 - CMSIS Pack Vendor :STMicroelectronics USB_DEVICE 3.0.0
2025-05-08 10:38:11,313 [INFO] ThirdParty:1030 - CMSIS Pack Vendor :STMicroelectronics X-CUBE-TCPP 4.1.0
2025-05-08 10:38:11,313 [INFO] ThirdParty:1030 - CMSIS Pack Vendor :STMicroelectronics X-CUBE-AZRTOS-WB 2.0.0
2025-05-08 10:38:11,313 [INFO] ThirdParty:1030 - CMSIS Pack Vendor :STMicroelectronics X-CUBE-FREERTOS 1.0.1
2025-05-08 10:38:11,313 [INFO] ThirdParty:1030 - CMSIS Pack Vendor :STMicroelectronics X-CUBE-GNSS1 7.0.1
2025-05-08 10:38:11,313 [INFO] ThirdParty:1030 - CMSIS Pack Vendor :STMicroelectronics X-CUBE-TOUCHGFX 4.21.4
2025-05-08 10:38:11,313 [INFO] ThirdParty:1030 - CMSIS Pack Vendor :STMicroelectronics X-CUBE-TOUCHGFX 4.25.0
2025-05-08 10:38:11,313 [INFO] ThirdParty:1030 - CMSIS Pack Vendor :STMicroelectronics X-CUBE-ALGOBUILD 1.3.0
2025-05-08 10:38:11,313 [INFO] ThirdParty:1030 - CMSIS Pack Vendor :STMicroelectronics X-CUBE-AZRTOS-L5 1.1.0
2025-05-08 10:38:11,313 [INFO] ThirdParty:1030 - CMSIS Pack Vendor :STMicroelectronics X-CUBE-MEMS1 11.2.0
2025-05-08 10:38:11,313 [INFO] ThirdParty:1030 - CMSIS Pack Vendor :STMicroelectronics X-CUBE-AZRTOS-G0 1.1.0
2025-05-08 10:38:11,313 [INFO] ThirdParty:1030 - CMSIS Pack Vendor :STMicroelectronics X-CUBE-AI 8.0.1
2025-05-08 10:38:11,313 [INFO] ThirdParty:1030 - CMSIS Pack Vendor :STMicroelectronics X-CUBE-SAFEA1 1.2.2
2025-05-08 10:38:11,313 [INFO] ThirdParty:1030 - CMSIS Pack Vendor :STMicroelectronics X-CUBE-NFC4 3.0.0
2025-05-08 10:38:11,313 [INFO] ThirdParty:1030 - CMSIS Pack Vendor :STMicroelectronics X-CUBE-SUBG2 5.0.0
2025-05-08 10:38:11,313 [INFO] ThirdParty:1030 - CMSIS Pack Vendor :STMicroelectronics X-CUBE-AZRTOS-H7RS 1.1.0
2025-05-08 10:38:11,313 [INFO] ThirdParty:1030 - CMSIS Pack Vendor :STMicroelectronics STM32_WPAN 1.0.0
2025-05-08 10:38:11,313 [INFO] ThirdParty:1030 - CMSIS Pack Vendor :wolfSSL I-CUBE-wolfMQTT 1.18.0
2025-05-08 10:38:11,313 [INFO] ThirdParty:1030 - CMSIS Pack Vendor :STMicroelectronics lwIP 2.0.3
2025-05-08 10:38:11,314 [INFO] ThirdParty:1030 - CMSIS Pack Vendor :Cesanta I-CUBE-Mongoose 7.13.0
2025-05-08 10:38:11,314 [INFO] ThirdParty:1030 - CMSIS Pack Vendor :STMicroelectronics USB_HOST 1.0.0
2025-05-08 10:38:11,314 [INFO] ThirdParty:1030 - CMSIS Pack Vendor :STMicroelectronics X-CUBE-TOF1 3.3.1
2025-05-08 10:38:11,314 [INFO] ThirdParty:1030 - CMSIS Pack Vendor :STMicroelectronics X-CUBE-AZRTOS-G4 2.0.0
2025-05-08 10:38:11,314 [INFO] ThirdParty:1030 - CMSIS Pack Vendor :STMicroelectronics X-CUBE-WB05N 2.0.0
2025-05-08 10:38:11,314 [INFO] ThirdParty:1030 - CMSIS Pack Vendor :STMicroelectronics PDM2PCM 3.1.0
2025-05-08 10:38:11,314 [INFO] ThirdParty:1030 - CMSIS Pack Vendor :STMicroelectronics X-CUBE-TOF1 3.3.0
2025-05-08 10:38:11,314 [INFO] ThirdParty:1030 - CMSIS Pack Vendor :Infineon AIROC-Wi-Fi-Bluetooth-STM32 1.5.1
2025-05-08 10:38:11,314 [INFO] ThirdParty:1030 - CMSIS Pack Vendor :STMicroelectronics X-CUBE-BLEMGR 3.0.0
2025-05-08 10:38:11,314 [INFO] ThirdParty:1030 - CMSIS Pack Vendor :STMicroelectronics FP-SNS-MOTENVWB1 1.3.0
2025-05-08 10:38:11,314 [INFO] ThirdParty:1030 - CMSIS Pack Vendor :STMicroelectronics X-CUBE-NFC7 2.0.0
2025-05-08 10:38:11,314 [INFO] ThirdParty:1030 - CMSIS Pack Vendor :STMicroelectronics FP-SNS-MOTENVWB1 1.3.1
2025-05-08 10:38:11,314 [INFO] ThirdParty:1030 - CMSIS Pack Vendor :STMicroelectronics FP-ATR-SIGFOX1 3.2.0
2025-05-08 10:38:11,314 [INFO] ThirdParty:1030 - CMSIS Pack Vendor :STMicroelectronics X-CUBE-AZRTOS-L4 1.0.0
2025-05-08 10:38:11,314 [INFO] ThirdParty:1030 - CMSIS Pack Vendor :STMicroelectronics X-CUBE-ISPU 2.0.0
2025-05-08 10:38:11,314 [INFO] ThirdParty:1030 - CMSIS Pack Vendor :STMicroelectronics X-CUBE-EEPRMA1 5.1.0
2025-05-08 10:38:11,314 [INFO] ThirdParty:1030 - CMSIS Pack Vendor :STMicroelectronics MBEDTLS 2.16.2
2025-05-08 10:38:11,314 [INFO] ThirdParty:1030 - CMSIS Pack Vendor :STMicroelectronics X-CUBE-ALS 1.0.2
2025-05-08 10:38:11,314 [INFO] ThirdParty:1030 - CMSIS Pack Vendor :STMicroelectronics X-CUBE-MEMS1 10.0.0
2025-05-08 10:38:11,314 [INFO] ThirdParty:1030 - CMSIS Pack Vendor :STMicroelectronics X-CUBE-FREERTOS 1.1.0
2025-05-08 10:38:11,314 [INFO] ThirdParty:1030 - CMSIS Pack Vendor :wolfSSL I-CUBE-wolfSSL 5.7.6
2025-05-08 10:38:11,314 [INFO] ThirdParty:1030 - CMSIS Pack Vendor :STMicroelectronics X-CUBE-TOUCHGFX 4.24.0
2025-05-08 10:38:11,314 [INFO] ThirdParty:1030 - CMSIS Pack Vendor :ITTIA_DB I-CUBE-ITTIADB 8.9.0
2025-05-08 10:38:11,314 [INFO] ThirdParty:1030 - CMSIS Pack Vendor :STMicroelectronics X-CUBE-TOUCHGFX 4.24.2
2025-05-08 10:38:11,314 [INFO] ThirdParty:1030 - CMSIS Pack Vendor :STMicroelectronics X-CUBE-AZRTOS-WL 1.0.0
2025-05-08 10:38:11,314 [INFO] ThirdParty:1030 - CMSIS Pack Vendor :STMicroelectronics X-CUBE-TOUCHGFX 4.24.1
2025-05-08 10:38:11,314 [INFO] ThirdParty:1030 - CMSIS Pack Vendor :wolfSSL I-CUBE-wolfTPM 3.4.0
2025-05-08 10:38:11,314 [INFO] ThirdParty:1030 - CMSIS Pack Vendor :portGmbH I-Cube-SoM-uGOAL 1.1.0
2025-05-08 10:38:11,314 [INFO] ThirdParty:1030 - CMSIS Pack Vendor :STMicroelectronics X-CUBE-ALS 1.0.1
2025-05-08 10:38:11,314 [INFO] ThirdParty:1030 - CMSIS Pack Vendor :STMicroelectronics ThreadX 1.0.0
2025-05-08 10:38:11,314 [INFO] ThirdParty:1030 - CMSIS Pack Vendor :STMicroelectronics X-CUBE-AZRTOS-WB 1.1.0
2025-05-08 10:38:11,314 [INFO] ThirdParty:1030 - CMSIS Pack Vendor :SEGGER I-CUBE-embOS 1.3.1
2025-05-08 10:38:11,314 [INFO] ThirdParty:1030 - CMSIS Pack Vendor :STMicroelectronics X-CUBE-ALGOBUILD 1.4.0
2025-05-08 10:38:11,314 [INFO] ThirdParty:1030 - CMSIS Pack Vendor :STMicroelectronics X-CUBE-AZRTOS-H7RS 1.0.0
2025-05-08 10:38:11,314 [INFO] ThirdParty:1030 - CMSIS Pack Vendor :STMicroelectronics FP-ATR-ASTRA1 2.0.0
2025-05-08 10:38:11,315 [INFO] ThirdParty:1030 - CMSIS Pack Vendor :STMicroelectronics X-CUBE-AI 9.1.0
2025-05-08 10:38:11,315 [INFO] ThirdParty:1030 - CMSIS Pack Vendor :STMicroelectronics X-CUBE-TOF1 3.4.0
2025-05-08 10:38:11,315 [INFO] ThirdParty:1030 - CMSIS Pack Vendor :STMicroelectronics X-CUBE-TOF1 3.4.1
2025-05-08 10:38:11,315 [INFO] ThirdParty:1030 - CMSIS Pack Vendor :STMicroelectronics X-CUBE-AZRTOS-H7 3.2.0
2025-05-08 10:38:11,315 [INFO] ThirdParty:1030 - CMSIS Pack Vendor :wolfSSL I-CUBE-wolfSSH 1.4.17
2025-05-08 10:38:11,315 [INFO] ThirdParty:841 - exiting critical section [change project]
2025-05-08 10:38:11,521 [INFO] PinOutPanel:1499 - setPackage(No Configuration,No Configuration)
2025-05-08 10:38:11,522 [INFO] PinOutPanel:1499 - setPackage(STM32F401CCUx,UFQFPN48)
2025-05-08 10:38:11,684 [INFO] UtilMem:75 - Before build in PCC Used Memory: 702941960 Bytes (1073741824)
2025-05-08 10:38:11,991 [INFO] UtilMem:75 - After build in PCC Used Memory: 748030728 Bytes (1073741824)
2025-05-08 10:38:12,031 [INFO] IPUIPlugin:80 - create IPUIPlugin
2025-05-08 10:38:12,031 [INFO] IPUIPlugin:80 - create IPUIPlugin
2025-05-08 10:38:12,031 [INFO] IPUIPlugin:80 - create IPUIPlugin
2025-05-08 10:38:12,031 [INFO] IPUIPlugin:80 - create IPUIPlugin
2025-05-08 10:38:12,031 [INFO] IPUIPlugin:80 - create IPUIPlugin
2025-05-08 10:38:12,031 [INFO] IPUIPlugin:80 - create IPUIPlugin
2025-05-08 10:38:12,031 [INFO] IPUIPlugin:80 - create IPUIPlugin
2025-05-08 10:38:12,032 [INFO] IPUIPlugin:80 - create IPUIPlugin
2025-05-08 10:38:12,032 [INFO] IPUIPlugin:80 - create IPUIPlugin
2025-05-08 10:38:12,032 [INFO] IPUIPlugin:80 - create IPUIPlugin
2025-05-08 10:38:12,032 [INFO] IPUIPlugin:80 - create IPUIPlugin
2025-05-08 10:38:12,032 [INFO] IPUIPlugin:80 - create IPUIPlugin
2025-05-08 10:38:12,032 [INFO] IPUIPlugin:80 - create IPUIPlugin
2025-05-08 10:38:12,032 [INFO] IPUIPlugin:80 - create IPUIPlugin
2025-05-08 10:38:12,032 [INFO] IPUIPlugin:80 - create IPUIPlugin
2025-05-08 10:38:12,033 [INFO] IPUIPlugin:80 - create IPUIPlugin
2025-05-08 10:38:12,033 [INFO] IPUIPlugin:80 - create IPUIPlugin
2025-05-08 10:38:12,033 [INFO] IPUIPlugin:80 - create IPUIPlugin
2025-05-08 10:38:12,034 [INFO] IPUIPlugin:80 - create IPUIPlugin
2025-05-08 10:38:12,034 [INFO] IPUIPlugin:80 - create IPUIPlugin
2025-05-08 10:38:12,034 [INFO] IPUIPlugin:80 - create IPUIPlugin
2025-05-08 10:38:12,034 [INFO] IPUIPlugin:80 - create IPUIPlugin
2025-05-08 10:38:12,034 [INFO] IPUIPlugin:80 - create IPUIPlugin
2025-05-08 10:38:12,035 [INFO] IPUIPlugin:80 - create IPUIPlugin
2025-05-08 10:38:12,035 [INFO] IPUIPlugin:80 - create IPUIPlugin
2025-05-08 10:38:12,035 [INFO] IPUIPlugin:80 - create IPUIPlugin
2025-05-08 10:38:12,035 [INFO] IPUIPlugin:80 - create IPUIPlugin
2025-05-08 10:38:12,035 [INFO] IPUIPlugin:80 - create IPUIPlugin
2025-05-08 10:38:12,036 [INFO] IPUIPlugin:80 - create IPUIPlugin
2025-05-08 10:38:12,036 [INFO] IPUIPlugin:80 - create IPUIPlugin
2025-05-08 10:38:12,036 [INFO] IPUIPlugin:80 - create IPUIPlugin
2025-05-08 10:38:12,036 [INFO] IPUIPlugin:80 - create IPUIPlugin
2025-05-08 10:38:12,037 [INFO] IPUIPlugin:80 - create IPUIPlugin
2025-05-08 10:38:12,037 [INFO] IPUIPlugin:80 - create IPUIPlugin
2025-05-08 10:38:12,037 [INFO] IPUIPlugin:80 - create IPUIPlugin
2025-05-08 10:38:12,038 [INFO] IPUIPlugin:80 - create IPUIPlugin
2025-05-08 10:38:12,039 [INFO] IPUIPlugin:80 - create IPUIPlugin
2025-05-08 10:38:12,062 [INFO] ApiDbMcu:507 - Load IP Config File for PDM2PCM
2025-05-08 10:38:12,087 [INFO] CADModel:165 - CPN selected for project levelSTM32F401CCU6
2025-05-08 10:38:12,087 [INFO] CADModel:114 - Register for checkConnection events
2025-05-08 10:38:12,144 [INFO] OpenFileManager:328 - Restore cursor
2025-05-08 10:38:32,429 [INFO] UtilMem:75 - End SaveConfig() Used Memory: 839996088 Bytes (1073741824)
2025-05-08 10:38:33,058 [INFO] UtilMem:75 - End SaveConfig() Used Memory: 901098640 Bytes (1073741824)
2025-05-08 10:38:33,443 [INFO] BlockDiagram:2759 - set Specific Code input for plugin: NVIC
2025-05-08 10:38:33,444 [INFO] BlockDiagram:2759 - set Specific Code input for plugin: SYS
2025-05-08 10:38:33,444 [INFO] BlockDiagram:2759 - set Specific Code input for plugin: GPIO
2025-05-08 10:38:33,444 [INFO] BlockDiagram:2759 - set Specific Code input for plugin: RCC
2025-05-08 10:38:33,447 [INFO] CodeGenerator:799 - code generatio: config db path: D:\ITC\STM32\STM32CubeIDE_1.13.0\STM32CubeIDE\plugins\com.st.stm32cube.common.mx_6.9.0.202307051724\\db\
2025-05-08 10:38:33,693 [INFO] CodeEngine:255 - oldGeneratedFile, D:\AIFARM\STM32_GREENB\stm32f401ccu6_pump\MXTmpFiles\license.tmp_save
2025-05-08 10:38:33,790 [INFO] CodeEngine:279 - Generated code: D:\AIFARM\STM32_GREENB\stm32f401ccu6_pump\MXTmpFiles\license.tmp
2025-05-08 10:38:33,895 [INFO] CodeEngine:255 - oldGeneratedFile, D:\AIFARM\STM32_GREENB\stm32f401ccu6_pump\MXTmpFiles\gpio.tmp_save
2025-05-08 10:38:34,020 [INFO] CodeEngine:279 - Generated code: D:\AIFARM\STM32_GREENB\stm32f401ccu6_pump\MXTmpFiles\gpio.tmp
2025-05-08 10:38:34,080 [INFO] CodeEngine:255 - oldGeneratedFile, D:\AIFARM\STM32_GREENB\stm32f401ccu6_pump\Core\Src\stm32f4xx_it.c_save
2025-05-08 10:38:34,351 [INFO] CodeEngine:279 - Generated code: D:\AIFARM\STM32_GREENB\stm32f401ccu6_pump\Core\Src\stm32f4xx_it.c
2025-05-08 10:38:34,374 [INFO] CodeEngine:255 - oldGeneratedFile, D:\AIFARM\STM32_GREENB\stm32f401ccu6_pump\Core\Inc\stm32f4xx_it.h_save
2025-05-08 10:38:34,445 [INFO] CodeEngine:279 - Generated code: D:\AIFARM\STM32_GREENB\stm32f401ccu6_pump\Core\Inc\stm32f4xx_it.h
2025-05-08 10:38:34,475 [INFO] CodeEngine:255 - oldGeneratedFile, D:\AIFARM\STM32_GREENB\stm32f401ccu6_pump\Core\Src\stm32f4xx_hal_msp.c_save
2025-05-08 10:38:34,572 [INFO] CodeEngine:279 - Generated code: D:\AIFARM\STM32_GREENB\stm32f401ccu6_pump\Core\Src\stm32f4xx_hal_msp.c
2025-05-08 10:38:34,584 [INFO] CodeEngine:255 - oldGeneratedFile, D:\AIFARM\STM32_GREENB\stm32f401ccu6_pump\MXTmpFiles\system.tmp_save
2025-05-08 10:38:34,643 [INFO] CodeEngine:279 - Generated code: D:\AIFARM\STM32_GREENB\stm32f401ccu6_pump\MXTmpFiles\system.tmp
2025-05-08 10:38:34,673 [INFO] CodeEngine:311 - oldGeneratedFile, D:\AIFARM\STM32_GREENB\stm32f401ccu6_pump\Core\Inc\stm32f4xx_hal_conf.h_save
2025-05-08 10:38:34,781 [INFO] CodeEngine:335 - Generated code: D:\AIFARM\STM32_GREENB\stm32f401ccu6_pump\Core\Inc\stm32f4xx_hal_conf.h
2025-05-08 10:38:34,847 [INFO] CodeEngine:255 - oldGeneratedFile, D:\AIFARM\STM32_GREENB\stm32f401ccu6_pump\Core\Inc\main.h_save
2025-05-08 10:38:34,931 [INFO] CodeEngine:279 - Generated code: D:\AIFARM\STM32_GREENB\stm32f401ccu6_pump\Core\Inc\main.h
2025-05-08 10:38:34,954 [INFO] CodeEngine:255 - oldGeneratedFile, D:\AIFARM\STM32_GREENB\stm32f401ccu6_pump\Core\Src\main.c_save
2025-05-08 10:38:35,054 [INFO] CodeEngine:279 - Generated code: D:\AIFARM\STM32_GREENB\stm32f401ccu6_pump\Core\Src\main.c
2025-05-08 10:38:35,682 [INFO] ProjectBuilder:3064 - Time for Copy HAL[1] : 271mS.
2025-05-08 10:38:35,685 [INFO] ProjectBuilder:4404 - Project Generator version: 4.1.0
2025-05-08 10:38:35,912 [INFO] ConfigFileManager:1457 - The Die is : DIE423
2025-05-08 10:38:35,926 [INFO] ApiDbMcu:507 - Load IP Config File for FATFS
2025-05-08 10:38:35,944 [INFO] ApiDbMcu:507 - Load IP Config File for FREERTOS
2025-05-08 10:38:35,957 [INFO] ApiDbMcu:507 - Load IP Config File for LIBJPEG
2025-05-08 10:38:35,975 [INFO] ApiDbMcu:507 - Load IP Config File for MBEDTLS
2025-05-08 10:38:35,993 [INFO] ApiDbMcu:507 - Load IP Config File for USB_DEVICE
2025-05-08 10:38:36,008 [INFO] ApiDbMcu:507 - Load IP Config File for USB_HOST
2025-05-08 10:38:38,014 [INFO] ProjectBuilder:4626 - Time for Generating toolchain IDE Files: 2329mS.
2025-05-08 10:38:38,015 [INFO] ProjectBuilder:2935 - Time for Copy CMSIS : 1mS.
2025-05-08 10:38:38,017 [INFO] ProjectBuilder:2935 - Time for Copy CMSIS : 0mS.
2025-05-08 11:00:47,721 [INFO] UtilMem:75 - End SaveConfig() Used Memory: 905873600 Bytes (1073741824)
2025-05-08 11:00:48,198 [INFO] UtilMem:75 - End SaveConfig() Used Memory: 939188952 Bytes (1073741824)
2025-05-08 11:00:48,510 [INFO] BlockDiagram:2759 - set Specific Code input for plugin: NVIC
2025-05-08 11:00:48,510 [INFO] BlockDiagram:2759 - set Specific Code input for plugin: USART
2025-05-08 11:00:48,510 [INFO] BlockDiagram:2759 - set Specific Code input for plugin: SYS
2025-05-08 11:00:48,511 [INFO] BlockDiagram:2759 - set Specific Code input for plugin: GPIO
2025-05-08 11:00:48,511 [INFO] BlockDiagram:2759 - set Specific Code input for plugin: RCC
2025-05-08 11:00:48,511 [INFO] CodeGenerator:799 - code generatio: config db path: D:\ITC\STM32\STM32CubeIDE_1.13.0\STM32CubeIDE\plugins\com.st.stm32cube.common.mx_6.9.0.202307051724\\db\
2025-05-08 11:00:48,668 [INFO] CodeEngine:255 - oldGeneratedFile, D:\AIFARM\STM32_GREENB\stm32f401ccu6_pump\MXTmpFiles\license.tmp_save
2025-05-08 11:00:48,780 [INFO] CodeEngine:279 - Generated code: D:\AIFARM\STM32_GREENB\stm32f401ccu6_pump\MXTmpFiles\license.tmp
2025-05-08 11:00:48,794 [INFO] CodeEngine:255 - oldGeneratedFile, D:\AIFARM\STM32_GREENB\stm32f401ccu6_pump\MXTmpFiles\gpio.tmp_save
2025-05-08 11:00:48,919 [INFO] CodeEngine:279 - Generated code: D:\AIFARM\STM32_GREENB\stm32f401ccu6_pump\MXTmpFiles\gpio.tmp
2025-05-08 11:00:49,006 [INFO] CodeEngine:255 - oldGeneratedFile, D:\AIFARM\STM32_GREENB\stm32f401ccu6_pump\Core\Src\stm32f4xx_it.c_save
2025-05-08 11:00:49,170 [INFO] CodeEngine:279 - Generated code: D:\AIFARM\STM32_GREENB\stm32f401ccu6_pump\Core\Src\stm32f4xx_it.c
2025-05-08 11:00:49,175 [INFO] CodeEngine:255 - oldGeneratedFile, D:\AIFARM\STM32_GREENB\stm32f401ccu6_pump\Core\Inc\stm32f4xx_it.h_save
2025-05-08 11:00:49,222 [INFO] CodeEngine:279 - Generated code: D:\AIFARM\STM32_GREENB\stm32f401ccu6_pump\Core\Inc\stm32f4xx_it.h
2025-05-08 11:00:49,237 [INFO] CodeEngine:255 - oldGeneratedFile, D:\AIFARM\STM32_GREENB\stm32f401ccu6_pump\Core\Src\stm32f4xx_hal_msp.c_save
2025-05-08 11:00:49,346 [INFO] CodeEngine:279 - Generated code: D:\AIFARM\STM32_GREENB\stm32f401ccu6_pump\Core\Src\stm32f4xx_hal_msp.c
2025-05-08 11:00:49,349 [INFO] CodeEngine:255 - oldGeneratedFile, D:\AIFARM\STM32_GREENB\stm32f401ccu6_pump\MXTmpFiles\system.tmp_save
2025-05-08 11:00:49,389 [INFO] CodeEngine:279 - Generated code: D:\AIFARM\STM32_GREENB\stm32f401ccu6_pump\MXTmpFiles\system.tmp
2025-05-08 11:00:49,405 [INFO] CodeEngine:311 - oldGeneratedFile, D:\AIFARM\STM32_GREENB\stm32f401ccu6_pump\Core\Inc\stm32f4xx_hal_conf.h_save
2025-05-08 11:00:49,489 [INFO] CodeEngine:335 - Generated code: D:\AIFARM\STM32_GREENB\stm32f401ccu6_pump\Core\Inc\stm32f4xx_hal_conf.h
2025-05-08 11:00:49,539 [INFO] CodeEngine:255 - oldGeneratedFile, D:\AIFARM\STM32_GREENB\stm32f401ccu6_pump\Core\Inc\main.h_save
2025-05-08 11:00:49,620 [INFO] CodeEngine:279 - Generated code: D:\AIFARM\STM32_GREENB\stm32f401ccu6_pump\Core\Inc\main.h
2025-05-08 11:00:49,633 [INFO] CodeEngine:255 - oldGeneratedFile, D:\AIFARM\STM32_GREENB\stm32f401ccu6_pump\Core\Src\main.c_save
2025-05-08 11:00:49,725 [INFO] CodeEngine:279 - Generated code: D:\AIFARM\STM32_GREENB\stm32f401ccu6_pump\Core\Src\main.c
2025-05-08 11:00:50,359 [INFO] ProjectBuilder:3064 - Time for Copy HAL[1] : 160mS.
2025-05-08 11:00:50,363 [INFO] ProjectBuilder:4404 - Project Generator version: 4.1.0
2025-05-08 11:00:50,547 [INFO] ConfigFileManager:1457 - The Die is : DIE423
2025-05-08 11:00:51,778 [INFO] ProjectBuilder:4626 - Time for Generating toolchain IDE Files: 1415mS.
2025-05-08 11:00:51,778 [INFO] ProjectBuilder:2935 - Time for Copy CMSIS : 0mS.
2025-05-08 11:00:51,781 [INFO] ProjectBuilder:2935 - Time for Copy CMSIS : 0mS.
2025-05-08 14:21:08,526 [INFO] Activator:176 - 


2025-05-08 14:21:08,530 [INFO] Activator:177 - !SESSION log4j initialized
2025-05-08 14:21:16,116 [INFO] LogOutputStream:77 - [STDOUT_REDIRECT] 
2025-05-08 14:21:21,522 [INFO] ApplicationProperties:184 - Using Application install path: D:\ITC\STM32\STM32CubeIDE_1.13.0\STM32CubeIDE\plugins\com.st.stm32cube.common.mx_6.9.0.202307051724
2025-05-08 14:21:21,539 [INFO] DbMcusXml:78 - Set database path to: D:\ITC\STM32\STM32CubeIDE_1.13.0\STM32CubeIDE\plugins\com.st.stm32cube.common.mx_6.9.0.202307051724\\db\/mcu/
2025-05-08 14:21:21,540 [INFO] ApiDb:274 - Set plugin database path to: D:\ITC\STM32\STM32CubeIDE_1.13.0\STM32CubeIDE\plugins\com.st.stm32cube.common.mx_6.9.0.202307051724\\db\/plugins/boardmanager/
2025-05-08 14:21:21,540 [WARN] ApiDb:259 - Overriding images path with different value:  => D:\ITC\STM32\STM32CubeIDE_1.13.0\STM32CubeIDE\plugins\com.st.stm32cube.common.mx_6.9.0.202307051724\\db\/plugins/mcufinder/images/
2025-05-08 14:21:21,552 [INFO] ApiDb:250 - Set database path to: C:\Users\msi1\.stmcufinder\plugins\mcufinder//mcu/
2025-05-08 14:21:21,553 [INFO] DbMcusAds:125 - Set database path to: C:\Users\msi1\.stmcufinder\plugins\mcufinder//mcu/
2025-05-08 14:21:21,556 [INFO] CrossReferenceDbSqlite:203 - Set database path to: C:\Users\msi1\.stmcufinder\plugins\mcufinder//mcu/cs/
2025-05-08 14:21:21,660 [INFO] RulesReader:64 - Compatibility file has been processed (293 Rules)
2025-05-08 14:21:21,739 [INFO] DbMcusXml:78 - Set database path to: D:\ITC\STM32\STM32CubeIDE_1.13.0\STM32CubeIDE\plugins\com.st.stm32cube.common.mx_6.9.0.202307051724\\db\/mcu/
2025-05-08 14:21:21,739 [INFO] ApiDb:274 - Set plugin database path to: D:\ITC\STM32\STM32CubeIDE_1.13.0\STM32CubeIDE\plugins\com.st.stm32cube.common.mx_6.9.0.202307051724\\db\/plugins/boardmanager/
2025-05-08 14:21:21,739 [INFO] ApiDb:261 - Set plugin images path to: D:\ITC\STM32\STM32CubeIDE_1.13.0\STM32CubeIDE\plugins\com.st.stm32cube.common.mx_6.9.0.202307051724\\db\/plugins/mcufinder/images/
2025-05-08 14:21:21,739 [WARN] DbFile:41 - Overriding database path with different value: C:\Users\msi1\.stmcufinder\plugins\mcufinder/ => C:\Users\msi1\.stmcufinder\plugins\mcufinder
2025-05-08 14:21:21,739 [INFO] ApiDb:250 - Set database path to: C:\Users\msi1\.stmcufinder\plugins\mcufinder//mcu/
2025-05-08 14:21:21,739 [WARN] DbFile:41 - Overriding database path with different value: C:\Users\msi1\.stmcufinder\plugins\mcufinder/ => C:\Users\msi1\.stmcufinder\plugins\mcufinder
2025-05-08 14:21:21,739 [INFO] DbMcusAds:125 - Set database path to: C:\Users\msi1\.stmcufinder\plugins\mcufinder//mcu/
2025-05-08 14:21:21,740 [WARN] DbFile:41 - Overriding database path with different value: C:\Users\msi1\.stmcufinder\plugins\mcufinder/ => C:\Users\msi1\.stmcufinder\plugins\mcufinder
2025-05-08 14:21:21,740 [WARN] DbFile:41 - Overriding database path with different value: C:\Users\msi1\.stmcufinder\plugins\mcufinder/ => C:\Users\msi1\.stmcufinder\plugins\mcufinder
2025-05-08 14:21:21,740 [INFO] CrossReferenceDbSqlite:203 - Set database path to: C:\Users\msi1\.stmcufinder\plugins\mcufinder//mcu/cs/
2025-05-08 14:21:21,812 [INFO] MainPanel:262 - HeapMemory: 268435456
2025-05-08 14:21:21,917 [INFO] DbMcusXml:78 - Set database path to: D:\ITC\STM32\STM32CubeIDE_1.13.0\STM32CubeIDE\plugins\com.st.stm32cube.common.mx_6.9.0.202307051724\\db\/mcu/
2025-05-08 14:21:21,917 [INFO] ApiDb:274 - Set plugin database path to: D:\ITC\STM32\STM32CubeIDE_1.13.0\STM32CubeIDE\plugins\com.st.stm32cube.common.mx_6.9.0.202307051724\\db\/plugins/boardmanager/
2025-05-08 14:21:21,917 [INFO] ApiDb:261 - Set plugin images path to: D:\ITC\STM32\STM32CubeIDE_1.13.0\STM32CubeIDE\plugins\com.st.stm32cube.common.mx_6.9.0.202307051724\\db\/plugins/mcufinder/images/
2025-05-08 14:21:21,917 [WARN] DbFile:41 - Overriding database path with different value: C:\Users\msi1\.stmcufinder\plugins\mcufinder/ => C:\Users\msi1\.stmcufinder\plugins\mcufinder
2025-05-08 14:21:21,917 [INFO] ApiDb:250 - Set database path to: C:\Users\msi1\.stmcufinder\plugins\mcufinder//mcu/
2025-05-08 14:21:21,917 [WARN] DbFile:41 - Overriding database path with different value: C:\Users\msi1\.stmcufinder\plugins\mcufinder/ => C:\Users\msi1\.stmcufinder\plugins\mcufinder
2025-05-08 14:21:21,918 [INFO] DbMcusAds:125 - Set database path to: C:\Users\msi1\.stmcufinder\plugins\mcufinder//mcu/
2025-05-08 14:21:21,918 [WARN] DbFile:41 - Overriding database path with different value: C:\Users\msi1\.stmcufinder\plugins\mcufinder/ => C:\Users\msi1\.stmcufinder\plugins\mcufinder
2025-05-08 14:21:21,918 [WARN] DbFile:41 - Overriding database path with different value: C:\Users\msi1\.stmcufinder\plugins\mcufinder/ => C:\Users\msi1\.stmcufinder\plugins\mcufinder
2025-05-08 14:21:21,918 [INFO] CrossReferenceDbSqlite:203 - Set database path to: C:\Users\msi1\.stmcufinder\plugins\mcufinder//mcu/cs/
2025-05-08 14:21:21,935 [INFO] ApplicationProperties:184 - Using Application install path: D:\ITC\STM32\STM32CubeIDE_1.13.0\STM32CubeIDE\plugins\com.st.stm32cube.common.mx_6.9.0.202307051724
2025-05-08 14:21:21,936 [INFO] PluginManage:196 - Search for loadable plugins [exclusion list=, ]
2025-05-08 14:21:21,936 [INFO] PluginManage:310 - Check plugin analytics
2025-05-08 14:21:22,072 [INFO] AnalyticsPlugin:253 - Accepted Software Licenses: 
2025-05-08 14:21:22,072 [INFO] AnalyticsPlugin:255 - Accepted CMSIS Pack Licenses: 
2025-05-08 14:21:22,073 [INFO] AnalyticsPlugin:257 - Accepted Firmware Licenses: FW.F4.1.27.0
2025-05-08 14:21:22,075 [INFO] PluginManage:359 - Loaded plugin analytics (category:tool,tabindex:-1)
2025-05-08 14:21:22,076 [INFO] PluginManage:310 - Check plugin cadmodel
2025-05-08 14:21:22,092 [INFO] CADModel:105 - Init CAD model plugin
2025-05-08 14:21:22,092 [INFO] PluginManage:359 - Loaded plugin cadmodel (category:power,tabindex:5)
2025-05-08 14:21:22,092 [INFO] PluginManage:310 - Check plugin clock
2025-05-08 14:21:22,111 [INFO] PluginManage:359 - Loaded plugin clock (category:base,tabindex:2)
2025-05-08 14:21:22,111 [INFO] PluginManage:310 - Check plugin ddr
2025-05-08 14:21:22,113 [INFO] PluginManage:359 - Loaded plugin ddr (category:tool,tabindex:6)
2025-05-08 14:21:22,113 [INFO] PluginManage:310 - Check plugin filemanager
2025-05-08 14:21:22,239 [INFO] PluginManage:359 - Loaded plugin filemanager (category:base,tabindex:10)
2025-05-08 14:21:22,239 [INFO] PluginManage:310 - Check plugin ipmanager
2025-05-08 14:21:22,246 [INFO] PluginManage:359 - Loaded plugin ipmanager (category:base,tabindex:5)
2025-05-08 14:21:22,246 [INFO] PluginManage:310 - Check plugin lpbam
2025-05-08 14:21:22,264 [INFO] PluginManage:359 - Loaded plugin lpbam (category:base,tabindex:0)
2025-05-08 14:21:22,265 [INFO] PluginManage:310 - Check plugin memorymap
2025-05-08 14:21:22,290 [INFO] PluginManage:359 - Loaded plugin memorymap (category:base,tabindex:4)
2025-05-08 14:21:22,290 [INFO] PluginManage:310 - Check plugin pinoutandconfiguration
2025-05-08 14:21:22,306 [INFO] PluginManage:359 - Loaded plugin pinoutandconfiguration (category:base,tabindex:1)
2025-05-08 14:21:22,306 [INFO] PluginManage:310 - Check plugin pinoutconfig
2025-05-08 14:21:22,394 [WARN] SupportedApi:132 - Cannot load RTOS API schema: s4s-elt-must-match.1: The content of 'definitions' must match (annotation?, (simpleType | complexType)?, (unique | key | keyref)*)). A problem was found starting at: attribute.
2025-05-08 14:21:22,513 [INFO] PluginManage:359 - Loaded plugin pinoutconfig (category:base,tabindex:0)
2025-05-08 14:21:22,513 [INFO] PluginManage:310 - Check plugin power
2025-05-08 14:21:22,537 [INFO] PluginManage:359 - Loaded plugin power (category:power,tabindex:4)
2025-05-08 14:21:22,537 [INFO] PluginManage:310 - Check plugin projectmanager
2025-05-08 14:21:22,553 [INFO] PluginManage:359 - Loaded plugin projectmanager (category:projectmanager,tabindex:3)
2025-05-08 14:21:22,553 [INFO] PluginManage:310 - Check plugin thirdparty
2025-05-08 14:21:22,853 [INFO] PluginManage:359 - Loaded plugin thirdparty (category:base,tabindex:-1)
2025-05-08 14:21:22,853 [WARN] IntegrityCheckThread:84 - waiting for thirdparty lock release [integrity check]
2025-05-08 14:21:22,853 [INFO] PluginManage:310 - Check plugin tools
2025-05-08 14:21:22,853 [INFO] IntegrityCheckThread:86 - entering critical section [integrity check]
2025-05-08 14:21:22,853 [INFO] ThirdPartyUpdaterWithRetryManager:70 - Updater plugin not ready yet. [1/15]
2025-05-08 14:21:22,893 [INFO] PluginManage:359 - Loaded plugin tools (category:base,tabindex:7)
2025-05-08 14:21:22,893 [INFO] PluginManage:310 - Check plugin tutovideos
2025-05-08 14:21:23,083 [INFO] PluginManage:359 - Loaded plugin tutovideos (category:base,tabindex:-1)
2025-05-08 14:21:23,083 [INFO] PluginManage:310 - Check plugin updater
2025-05-08 14:21:23,094 [INFO] PluginManage:359 - Loaded plugin updater (category:base,tabindex:12)
2025-05-08 14:21:23,094 [INFO] PluginManage:310 - Check plugin userauth
2025-05-08 14:21:23,099 [INFO] UserAuth:113 - Init User Auth plugin
2025-05-08 14:21:23,099 [INFO] PluginManage:359 - Loaded plugin userauth (category:base,tabindex:14)
2025-05-08 14:21:23,099 [INFO] PluginManage:283 - PluginManage : Loaded plugins [17]
2025-05-08 14:21:23,296 [INFO] PinOutPanel:1499 - setPackage(No Configuration,No Configuration)
2025-05-08 14:21:23,399 [INFO] CADModel:165 - CPN selected for project level
2025-05-08 14:21:23,400 [INFO] CADModel:114 - Register for checkConnection events
2025-05-08 14:21:23,429 [INFO] IPUIPlugin:80 - create IPUIPlugin
2025-05-08 14:21:23,430 [INFO] PluginManager:220 - loadIPPluginJar : add adc
2025-05-08 14:21:23,474 [INFO] IPUIPlugin:80 - create IPUIPlugin
2025-05-08 14:21:23,475 [INFO] PluginManager:220 - loadIPPluginJar : add aes
2025-05-08 14:21:23,526 [INFO] IPUIPlugin:80 - create IPUIPlugin
2025-05-08 14:21:23,526 [INFO] PluginManager:220 - loadIPPluginJar : add can
2025-05-08 14:21:23,553 [INFO] IPUIPlugin:80 - create IPUIPlugin
2025-05-08 14:21:23,554 [INFO] PluginManager:220 - loadIPPluginJar : add comp
2025-05-08 14:21:23,590 [INFO] IPUIPlugin:80 - create IPUIPlugin
2025-05-08 14:21:23,590 [INFO] PluginManager:220 - loadIPPluginJar : add cryp
2025-05-08 14:21:23,622 [INFO] IPUIPlugin:80 - create IPUIPlugin
2025-05-08 14:21:23,622 [INFO] PluginManager:220 - loadIPPluginJar : add dfsdm
2025-05-08 14:21:23,636 [INFO] IPUIPlugin:80 - create IPUIPlugin
2025-05-08 14:21:23,637 [INFO] PluginManager:220 - loadIPPluginJar : add dma
2025-05-08 14:21:23,685 [INFO] IPUIPlugin:80 - create IPUIPlugin
2025-05-08 14:21:23,685 [INFO] PluginManager:220 - loadIPPluginJar : add dma3
2025-05-08 14:21:23,708 [INFO] IPUIPlugin:80 - create IPUIPlugin
2025-05-08 14:21:23,708 [INFO] PluginManager:220 - loadIPPluginJar : add fatfs
2025-05-08 14:21:23,762 [INFO] IPUIPlugin:80 - create IPUIPlugin
2025-05-08 14:21:23,763 [INFO] PluginManager:220 - loadIPPluginJar : add fmc
2025-05-08 14:21:23,777 [INFO] IPUIPlugin:80 - create IPUIPlugin
2025-05-08 14:21:23,778 [INFO] PluginManager:220 - loadIPPluginJar : add freertos
2025-05-08 14:21:23,802 [INFO] IPUIPlugin:80 - create IPUIPlugin
2025-05-08 14:21:23,802 [INFO] PluginManager:220 - loadIPPluginJar : add genericplugin
2025-05-08 14:21:23,906 [INFO] IPUIPlugin:80 - create IPUIPlugin
2025-05-08 14:21:23,906 [INFO] PluginManager:220 - loadIPPluginJar : add gfxmmu
2025-05-08 14:21:24,045 [INFO] IPUIPlugin:80 - create IPUIPlugin
2025-05-08 14:21:24,045 [INFO] PluginManager:220 - loadIPPluginJar : add gic
2025-05-08 14:21:24,059 [INFO] IPUIPlugin:80 - create IPUIPlugin
2025-05-08 14:21:24,059 [INFO] PluginManager:220 - loadIPPluginJar : add gpio
2025-05-08 14:21:24,153 [INFO] IPUIPlugin:80 - create IPUIPlugin
2025-05-08 14:21:24,153 [INFO] PluginManager:220 - loadIPPluginJar : add gtzc
2025-05-08 14:21:24,188 [INFO] IPUIPlugin:80 - create IPUIPlugin
2025-05-08 14:21:24,188 [INFO] PluginManager:220 - loadIPPluginJar : add hash
2025-05-08 14:21:24,243 [INFO] IPUIPlugin:80 - create IPUIPlugin
2025-05-08 14:21:24,243 [INFO] PluginManager:220 - loadIPPluginJar : add i2c
2025-05-08 14:21:24,284 [INFO] IPUIPlugin:80 - create IPUIPlugin
2025-05-08 14:21:24,284 [INFO] PluginManager:220 - loadIPPluginJar : add i2s
2025-05-08 14:21:24,327 [INFO] IPUIPlugin:80 - create IPUIPlugin
2025-05-08 14:21:24,327 [INFO] PluginManager:220 - loadIPPluginJar : add i3c
2025-05-08 14:21:24,434 [INFO] IPUIPlugin:80 - create IPUIPlugin
2025-05-08 14:21:24,434 [INFO] PluginManager:220 - loadIPPluginJar : add ipddr
2025-05-08 14:21:24,532 [INFO] IPUIPlugin:80 - create IPUIPlugin
2025-05-08 14:21:24,532 [INFO] PluginManager:220 - loadIPPluginJar : add linkedlist
2025-05-08 14:21:24,574 [INFO] IPUIPlugin:80 - create IPUIPlugin
2025-05-08 14:21:24,574 [INFO] PluginManager:220 - loadIPPluginJar : add lorawan
2025-05-08 14:21:24,611 [INFO] IPUIPlugin:80 - create IPUIPlugin
2025-05-08 14:21:24,611 [INFO] PluginManager:220 - loadIPPluginJar : add ltdc
2025-05-08 14:21:24,625 [INFO] IPUIPlugin:80 - create IPUIPlugin
2025-05-08 14:21:24,625 [INFO] PluginManager:220 - loadIPPluginJar : add mdma
2025-05-08 14:21:24,638 [INFO] IPUIPlugin:80 - create IPUIPlugin
2025-05-08 14:21:24,639 [INFO] PluginManager:220 - loadIPPluginJar : add nvic
2025-05-08 14:21:24,677 [INFO] IPUIPlugin:80 - create IPUIPlugin
2025-05-08 14:21:24,677 [INFO] PluginManager:220 - loadIPPluginJar : add opamp
2025-05-08 14:21:24,738 [INFO] IPUIPlugin:80 - create IPUIPlugin
2025-05-08 14:21:24,738 [INFO] PluginManager:220 - loadIPPluginJar : add openamp
2025-05-08 14:21:24,785 [INFO] IPUIPlugin:80 - create IPUIPlugin
2025-05-08 14:21:24,785 [INFO] PluginManager:220 - loadIPPluginJar : add pdm2pcm
2025-05-08 14:21:24,799 [INFO] IPUIPlugin:80 - create IPUIPlugin
2025-05-08 14:21:24,801 [INFO] PluginManager:220 - loadIPPluginJar : add plateformsettings
2025-05-08 14:21:24,827 [INFO] IPUIPlugin:80 - create IPUIPlugin
2025-05-08 14:21:24,827 [INFO] PluginManager:220 - loadIPPluginJar : add quadspi
2025-05-08 14:21:24,842 [INFO] IPUIPlugin:80 - create IPUIPlugin
2025-05-08 14:21:24,843 [INFO] PluginManager:220 - loadIPPluginJar : add resmgrutility
2025-05-08 14:21:24,898 [INFO] IPUIPlugin:80 - create IPUIPlugin
2025-05-08 14:21:24,898 [INFO] PluginManager:220 - loadIPPluginJar : add sai
2025-05-08 14:21:24,936 [INFO] IPUIPlugin:80 - create IPUIPlugin
2025-05-08 14:21:24,936 [INFO] PluginManager:220 - loadIPPluginJar : add spi
2025-05-08 14:21:25,000 [INFO] IPUIPlugin:80 - create IPUIPlugin
2025-05-08 14:21:25,000 [INFO] PluginManager:220 - loadIPPluginJar : add stm32_wpan
2025-05-08 14:21:25,025 [INFO] IPUIPlugin:80 - create IPUIPlugin
2025-05-08 14:21:25,026 [INFO] PluginManager:220 - loadIPPluginJar : add tim
2025-05-08 14:21:25,084 [INFO] IPUIPlugin:80 - create IPUIPlugin
2025-05-08 14:21:25,084 [INFO] PluginManager:220 - loadIPPluginJar : add touchsensing
2025-05-08 14:21:25,108 [INFO] IPUIPlugin:80 - create IPUIPlugin
2025-05-08 14:21:25,108 [INFO] PluginManager:220 - loadIPPluginJar : add tracer_emb
2025-05-08 14:21:25,133 [INFO] IPUIPlugin:80 - create IPUIPlugin
2025-05-08 14:21:25,134 [INFO] PluginManager:220 - loadIPPluginJar : add ts
2025-05-08 14:21:25,156 [INFO] IPUIPlugin:80 - create IPUIPlugin
2025-05-08 14:21:25,156 [INFO] PluginManager:220 - loadIPPluginJar : add tsc
2025-05-08 14:21:25,181 [INFO] IPUIPlugin:80 - create IPUIPlugin
2025-05-08 14:21:25,181 [INFO] PluginManager:220 - loadIPPluginJar : add ucpd
2025-05-08 14:21:25,227 [INFO] IPUIPlugin:80 - create IPUIPlugin
2025-05-08 14:21:25,227 [INFO] PluginManager:220 - loadIPPluginJar : add usart
2025-05-08 14:21:25,273 [INFO] IPUIPlugin:80 - create IPUIPlugin
2025-05-08 14:21:25,273 [INFO] PluginManager:220 - loadIPPluginJar : add usbx
2025-05-08 14:21:25,392 [INFO] CADModel:165 - CPN selected for project level
2025-05-08 14:21:25,392 [INFO] CADModel:114 - Register for checkConnection events
2025-05-08 14:21:25,392 [FATAL] Updater:308 - Updater called before beeing initialized
2025-05-08 14:21:25,393 [ERROR] CADModel:125 - Updater not yet initialized, retry later 
2025-05-08 14:21:25,517 [INFO] CADModel:165 - CPN selected for project level
2025-05-08 14:21:25,518 [INFO] CADModel:114 - Register for checkConnection events
2025-05-08 14:21:25,518 [FATAL] Updater:308 - Updater called before beeing initialized
2025-05-08 14:21:25,518 [ERROR] CADModel:125 - Updater not yet initialized, retry later 
2025-05-08 14:21:25,521 [FATAL] Updater:308 - Updater called before beeing initialized
2025-05-08 14:21:25,609 [FATAL] Updater:308 - Updater called before beeing initialized
2025-05-08 14:21:25,621 [INFO] DbMcusAds:53 - JSON generation date=Tue Dec 17 23:01:15 ICT 2024 (1734451275230)
2025-05-08 14:21:25,621 [FATAL] Updater:308 - Updater called before beeing initialized
2025-05-08 14:21:25,703 [WARN] DetailPanel:346 - Failed to get advertising image, set to default
2025-05-08 14:21:25,813 [FATAL] Updater:308 - Updater called before beeing initialized
2025-05-08 14:21:25,815 [FATAL] Updater:308 - Updater called before beeing initialized
2025-05-08 14:21:25,815 [FATAL] Updater:308 - Updater called before beeing initialized
2025-05-08 14:21:25,815 [WARN] DetailPanel:346 - Failed to get advertising image, set to default
2025-05-08 14:21:25,816 [FATAL] Updater:308 - Updater called before beeing initialized
2025-05-08 14:21:25,856 [INFO] ThirdPartyUpdaterWithRetryManager:70 - Updater plugin not ready yet. [2/15]
2025-05-08 14:21:25,872 [ERROR] Updater:1120 - MainUpdater not yet initialized. External WinMGr cannot be set.
2025-05-08 14:21:25,886 [INFO] Updater:1056 - Updater Version found : 6.9.0
2025-05-08 14:21:25,906 [INFO] ApplicationProperties:184 - Using Application install path: D:\ITC\STM32\STM32CubeIDE_1.13.0\STM32CubeIDE\plugins\com.st.stm32cube.common.mx_6.9.0.202307051724
2025-05-08 14:21:26,356 [INFO] MainUpdater:2868 - connection check result : 10
2025-05-08 14:21:26,357 [INFO] MainUpdater:285 - Updater Check For Update Now.
2025-05-08 14:21:26,357 [INFO] MicroXplorer:498 - Change Database Version : DB.6.0.90
2025-05-08 14:21:26,382 [INFO] McuFinderGlobals:63 - Set McuFinder mode to 2 (CubeIDE integrated)
2025-05-08 14:21:26,586 [INFO] CheckServerUpdateThread:120 - End of CheckServer Thread
2025-05-08 14:21:30,886 [WARN] PackLoader:240 - Cannot read IP mode file for STMicroelectronics.FP-SNS-MOTENVWB1.1.4.0
2025-05-08 14:21:30,940 [WARN] PackLoader:240 - Cannot read IP mode file for STMicroelectronics.FP-ATR-ASTRA1.2.0.2
2025-05-08 14:21:31,000 [WARN] PackLoader:240 - Cannot read IP mode file for STMicroelectronics.FP-ATR-ASTRA1.2.0.1
2025-05-08 14:21:31,035 [WARN] PackLoader:240 - Cannot read IP mode file for STMicroelectronics.X-CUBE-SMBUS.2.1.0
2025-05-08 14:21:31,108 [WARN] PackLoader:240 - Cannot read IP mode file for STMicroelectronics.X-CUBE-WB05N.1.1.0
2025-05-08 14:21:31,151 [WARN] PackLoader:240 - Cannot read IP mode file for STMicroelectronics.X-CUBE-TOUCHGFX.4.23.0
2025-05-08 14:21:31,188 [WARN] PackLoader:240 - Cannot read IP mode file for STMicroelectronics.X-CUBE-TOUCHGFX.4.23.2
2025-05-08 14:21:31,262 [WARN] PackLoader:240 - Cannot read IP mode file for STMicroelectronics.X-CUBE-AZRTOS-F7.1.1.0
2025-05-08 14:21:31,295 [ERROR] RealEvaluatedCondition:428 - Found unsupported composite condition: CLASS='Data Exchange' GROUP='STM32_MetaDataManager'
2025-05-08 14:21:31,295 [ERROR] RealEvaluatedCondition:428 - Found unsupported composite condition: GROUP='STM32_MetaDataManager' CLASS='Data Exchange'
2025-05-08 14:21:31,296 [WARN] PackLoader:240 - Cannot read IP mode file for STMicroelectronics.FP-SNS-MOTENV1.4.3.0
2025-05-08 14:21:31,327 [WARN] PackLoader:240 - Cannot read IP mode file for STMicroelectronics.FP-SNS-MOTENV1.4.3.2
2025-05-08 14:21:31,351 [WARN] PackLoader:240 - Cannot read IP mode file for STMicroelectronics.FP-SNS-FLIGHT1.5.0.0
2025-05-08 14:21:31,374 [WARN] PackLoader:240 - Cannot read IP mode file for STMicroelectronics.X-CUBE-BLE1.6.2.4
2025-05-08 14:21:31,400 [WARN] PackLoader:240 - Cannot read IP mode file for STMicroelectronics.FP-SNS-FLIGHT1.5.0.2
2025-05-08 14:21:31,448 [ERROR] Engine:466 - C:\Users\msi1\.stm32cubemx\thirdparties\pdsc\Infineon.AIROC-Wi-Fi-Bluetooth-STM32.1.7.0.pdsc: PDSC version is not supported
2025-05-08 14:21:31,490 [WARN] PackLoader:240 - Cannot read IP mode file for STMicroelectronics.X-CUBE-DISPLAY.3.0.0
2025-05-08 14:21:31,514 [WARN] PackLoader:240 - Cannot read IP mode file for STMicroelectronics.X-CUBE-BLE1.7.0.0
2025-05-08 14:21:31,559 [WARN] PackLoader:240 - Cannot read IP mode file for STMicroelectronics.X-CUBE-NFC10.1.0.0
2025-05-08 14:21:31,608 [ERROR] Engine:466 - C:\Users\msi1\.stm32cubemx\thirdparties\pdsc\STMicroelectronics.X-CUBE-BLEMGR.4.0.0.pdsc: PDSC version is not supported
2025-05-08 14:21:31,672 [WARN] PackLoader:240 - Cannot read IP mode file for emotas.I-CUBE-CANOPEN.1.3.0
2025-05-08 14:21:31,713 [WARN] PackLoader:240 - Cannot read IP mode file for STMicroelectronics.X-CUBE-TOUCHGFX.4.22.0
2025-05-08 14:21:31,769 [WARN] PackLoader:240 - Cannot read IP mode file for STMicroelectronics.X-CUBE-TOUCHGFX.4.22.1
2025-05-08 14:21:31,802 [WARN] PackLoader:240 - Cannot read IP mode file for STMicroelectronics.X-CUBE-BLEMGR.3.1.0
2025-05-08 14:21:31,826 [WARN] PackLoader:240 - Cannot read IP mode file for STMicroelectronics.X-CUBE-AI.10.0.0
2025-05-08 14:21:31,883 [WARN] PackLoader:240 - Cannot read IP mode file for STMicroelectronics.FP-SNS-SMARTAG2.1.2.0
2025-05-08 14:21:31,913 [ERROR] Engine:466 - C:\Users\msi1\.stm32cubemx\thirdparties\pdsc\STMicroelectronics.FP-SNS-FLIGHT1.5.1.0.pdsc: PDSC version is not supported
2025-05-08 14:21:32,020 [WARN] PackLoader:240 - Cannot read IP mode file for STMicroelectronics.X-CUBE-MEMS1.11.1.0
2025-05-08 14:21:32,196 [INFO] LogOutputStream:77 - [STDOUT_REDIRECT] 1 : Invalid condition id : UX_CORESTACK_Condition cause : null
2025-05-08 14:21:32,197 [INFO] LogOutputStream:77 - [STDOUT_REDIRECT] 1 : Invalid condition id : UX_CORESTACK_Condition cause : null
2025-05-08 14:21:32,197 [INFO] LogOutputStream:77 - [STDOUT_REDIRECT] 1 : Invalid condition id : UX_CORESTACK_Condition cause : null
2025-05-08 14:21:32,198 [INFO] LogOutputStream:77 - [STDOUT_REDIRECT] 1 : Invalid condition id : UX_CORESTACK_Condition cause : null
2025-05-08 14:21:32,199 [INFO] LogOutputStream:77 - [STDOUT_REDIRECT] 1 : Invalid condition id : UX_CORESTACK_Condition cause : null
2025-05-08 14:21:32,201 [WARN] PackLoader:240 - Cannot read IP mode file for STMicroelectronics.X-CUBE-AZRTOS-WL.2.0.0
2025-05-08 14:21:32,270 [WARN] PackLoader:240 - Cannot read IP mode file for STMicroelectronics.FP-SNS-MOTENV1.5.0.0
2025-05-08 14:21:32,327 [WARN] PackLoader:240 - Cannot read IP mode file for wolfSSL.I-CUBE-wolfMQTT.1.19.0
2025-05-08 14:21:32,362 [WARN] PackLoader:240 - Cannot read IP mode file for WES.I-CUBE-Cesium.1.3.0
2025-05-08 14:21:32,384 [WARN] PackLoader:240 - Cannot read IP mode file for STMicroelectronics.X-CUBE-BLE2.3.3.0
2025-05-08 14:21:32,411 [WARN] PackLoader:240 - Cannot read IP mode file for STMicroelectronics.X-CUBE-NFC9.1.0.0
2025-05-08 14:21:32,435 [WARN] PackLoader:240 - Cannot read IP mode file for STMicroelectronics.X-CUBE-BLE1.7.1.0
2025-05-08 14:21:32,459 [WARN] PackLoader:240 - Cannot read IP mode file for STMicroelectronics.X-CUBE-TCPP.4.1.0
2025-05-08 14:21:32,488 [WARN] PackLoader:240 - Cannot read IP mode file for STMicroelectronics.X-CUBE-TOUCHGFX.4.21.4
2025-05-08 14:21:32,515 [WARN] PackLoader:240 - Cannot read IP mode file for STMicroelectronics.X-CUBE-ALGOBUILD.1.3.0
2025-05-08 14:21:32,602 [WARN] PackLoader:240 - Cannot read IP mode file for STMicroelectronics.X-CUBE-MEMS1.11.2.0
2025-05-08 14:21:32,751 [WARN] PackLoader:240 - Cannot read IP mode file for STMicroelectronics.X-CUBE-AZRTOS-G0.1.1.0
2025-05-08 14:21:32,780 [WARN] PackLoader:240 - Cannot read IP mode file for STMicroelectronics.X-CUBE-SAFEA1.1.2.2
2025-05-08 14:21:32,806 [WARN] PackLoader:240 - Cannot read IP mode file for STMicroelectronics.X-CUBE-NFC4.3.0.0
2025-05-08 14:21:32,831 [WARN] PackLoader:240 - Cannot read IP mode file for wolfSSL.I-CUBE-wolfMQTT.1.18.0
2025-05-08 14:21:32,862 [ERROR] Engine:466 - C:\Users\msi1\.stm32cubemx\thirdparties\pdsc\EmbeddedOffice.I-CUBE-FS-RTOS.1.0.1.pdsc: PDSC version is not supported
2025-05-08 14:21:32,892 [WARN] PackLoader:240 - Cannot read IP mode file for STMicroelectronics.X-CUBE-WB05N.2.0.0
2025-05-08 14:21:32,962 [WARN] PackLoader:240 - Cannot read IP mode file for STMicroelectronics.X-CUBE-BLEMGR.3.0.0
2025-05-08 14:21:33,003 [ERROR] Engine:466 - C:\Users\msi1\.stm32cubemx\thirdparties\pdsc\STMicroelectronics.X-CUBE-TCPP.4.2.0.pdsc: PDSC version is not supported
2025-05-08 14:21:33,052 [ERROR] Engine:466 - C:\Users\msi1\.stm32cubemx\thirdparties\pdsc\RealThread.X-CUBE-RT-Thread_Nano.4.1.1.pdsc: PDSC version is not supported
2025-05-08 14:21:33,085 [WARN] PackLoader:240 - Cannot read IP mode file for STMicroelectronics.FP-ATR-SIGFOX1.3.2.0
2025-05-08 14:21:33,121 [ERROR] Engine:466 - C:\Users\msi1\.stm32cubemx\thirdparties\pdsc\quantropi.X-CUBE-qispace-sdk-base.1.9.3.pdsc: PDSC version is not supported
2025-05-08 14:21:33,150 [WARN] PackLoader:240 - Cannot read IP mode file for STMicroelectronics.X-CUBE-EEPRMA1.5.1.0
2025-05-08 14:21:33,199 [WARN] PackLoader:240 - Cannot read IP mode file for wolfSSL.I-CUBE-wolfSSL.5.7.6
2025-05-08 14:21:33,235 [WARN] PackLoader:240 - Cannot read IP mode file for ITTIA_DB.I-CUBE-ITTIADB.8.9.0
2025-05-08 14:21:33,289 [WARN] PackLoader:240 - Cannot read IP mode file for SEGGER.I-CUBE-embOS.1.3.1
2025-05-08 14:21:33,330 [WARN] PackLoader:240 - Cannot read IP mode file for STMicroelectronics.X-CUBE-ALGOBUILD.1.4.0
2025-05-08 14:21:33,360 [WARN] PackLoader:240 - Cannot read IP mode file for STMicroelectronics.X-CUBE-AI.9.1.0
2025-05-08 14:21:33,392 [WARN] PackLoader:240 - Cannot read IP mode file for STMicroelectronics.X-CUBE-GNSS1.6.0.0
2025-05-08 14:21:33,445 [INFO] McuFinderGlobals:63 - Set McuFinder mode to 2 (CubeIDE integrated)
2025-05-08 14:21:33,451 [WARN] PackLoader:240 - Cannot read IP mode file for STMicroelectronics.X-CUBE-AZRTOS-F4.1.1.0
2025-05-08 14:21:33,486 [ERROR] Engine:466 - C:\Users\msi1\.stm32cubemx\thirdparties\pdsc\Avnet-IotConnect.X-CUBE-IoTC-DA16k-PMOD.1.0.0.pdsc: PDSC version is not supported
2025-05-08 14:21:33,523 [WARN] PackLoader:240 - Cannot read IP mode file for wolfSSL.I-CUBE-wolfSSL.5.6.0
2025-05-08 14:21:33,566 [INFO] MainUpdater:2868 - connection check result : 10
2025-05-08 14:21:33,566 [WARN] PackLoader:240 - Cannot read IP mode file for STMicroelectronics.X-CUBE-ISPU.2.1.0
2025-05-08 14:21:33,596 [INFO] MainUpdater:2868 - connection check result : 10
2025-05-08 14:21:33,600 [WARN] PackLoader:240 - Cannot read IP mode file for STMicroelectronics.X-CUBE-FREERTOS.1.2.0
2025-05-08 14:21:33,709 [WARN] PackLoader:240 - Cannot read IP mode file for STMicroelectronics.X-CUBE-AZRTOS-L5.2.0.0
2025-05-08 14:21:33,810 [WARN] PackLoader:240 - Cannot read IP mode file for STMicroelectronics.X-CUBE-MEMS1.9.6.0
2025-05-08 14:21:33,916 [WARN] PackLoader:240 - Cannot read IP mode file for STMicroelectronics.X-CUBE-EEPRMA1.4.2.0
2025-05-08 14:21:33,962 [WARN] PackLoader:240 - Cannot read IP mode file for STMicroelectronics.X-CUBE-NFC6.3.1.0
2025-05-08 14:21:34,022 [WARN] PackLoader:240 - Cannot read IP mode file for ITTIA_DB.I-CUBE-ITTIADB.8.8.0
2025-05-08 14:21:34,085 [WARN] PackLoader:240 - Cannot read IP mode file for emotas.I-CUBE-CANOPEN.1.1.3
2025-05-08 14:21:34,124 [WARN] PackLoader:240 - Cannot read IP mode file for STMicroelectronics.X-CUBE-BLEMGR.2.0.0
2025-05-08 14:21:34,156 [ERROR] Engine:466 - C:\Users\msi1\.stm32cubemx\thirdparties\pdsc\STMicroelectronics.X-CUBE-DPower.1.2.0.pdsc: PDSC version is not supported
2025-05-08 14:21:34,167 [WARN] PackLoader:240 - Cannot read IP mode file for STMicroelectronics.X-CUBE-AI.9.0.0
2025-05-08 14:21:34,273 [WARN] ConditionMgr:438 - getConditionDescription Invalid condition id : UX DEVICE CLASS RTOS Condition cause : null
2025-05-08 14:21:34,273 [WARN] ConditionMgr:438 - getConditionDescription Invalid condition id : UX DEVICE CLASS RTOS Condition cause : null
2025-05-08 14:21:34,275 [WARN] PackLoader:240 - Cannot read IP mode file for STMicroelectronics.X-CUBE-AZRTOS-H7.3.1.0
2025-05-08 14:21:34,275 [WARN] ConditionMgr:1039 - genDependencies : Invalid condition id : UX DEVICE CLASS RTOS Condition cause : null
2025-05-08 14:21:34,275 [WARN] ConditionMgr:1039 - genDependencies : Invalid condition id : UX DEVICE CLASS RTOS Condition cause : null
2025-05-08 14:21:34,276 [WARN] ConditionMgr:1039 - genDependencies : Invalid condition id : UX DEVICE CLASS RTOS Condition cause : null
2025-05-08 14:21:34,276 [WARN] ConditionMgr:1039 - genDependencies : Invalid condition id : UX DEVICE CLASS RTOS Condition cause : null
2025-05-08 14:21:34,276 [WARN] ConditionMgr:1039 - genDependencies : Invalid condition id : UX DEVICE CLASS RTOS Condition cause : null
2025-05-08 14:21:34,302 [WARN] PackLoader:240 - Cannot read IP mode file for STMicroelectronics.X-CUBE-FREERTOS.1.3.0
2025-05-08 14:21:34,342 [WARN] PackLoader:240 - Cannot read IP mode file for STMicroelectronics.X-CUBE-NFC7.1.0.1
2025-05-08 14:21:34,379 [WARN] PackLoader:240 - Cannot read IP mode file for STMicroelectronics.X-CUBE-NFC7.1.0.0
2025-05-08 14:21:34,413 [WARN] PackLoader:240 - Cannot read IP mode file for wolfSSL.I-CUBE-wolfTPM.3.2.0
2025-05-08 14:21:34,447 [WARN] PackLoader:240 - Cannot read IP mode file for STMicroelectronics.X-CUBE-NFC6.3.0.0
2025-05-08 14:21:34,481 [WARN] PackLoader:240 - Cannot read IP mode file for STMicroelectronics.X-CUBE-EEPRMA1.4.1.0
2025-05-08 14:21:34,517 [ERROR] Engine:466 - C:\Users\msi1\.stm32cubemx\thirdparties\pdsc\STMicroelectronics.X-CUBE-DPower.1.3.0.pdsc: PDSC version is not supported
2025-05-08 14:21:34,551 [WARN] PackLoader:240 - Cannot read IP mode file for STMicroelectronics.X-CUBE-AI.8.1.0
2025-05-08 14:21:34,578 [INFO] MicroXplorer:468 - Change Database Path : 
2025-05-08 14:21:34,578 [INFO] MicroXplorer:498 - Change Database Version : DB.6.0.90
2025-05-08 14:21:34,605 [WARN] ThirdParty:871 - waiting for thirdparty lock release [close project]
2025-05-08 14:21:34,646 [WARN] ConditionMgr:438 - getConditionDescription Invalid condition id : LAN8742 Phy interface Condition cause : null
2025-05-08 14:21:34,647 [WARN] PackLoader:240 - Cannot read IP mode file for STMicroelectronics.X-CUBE-AZRTOS-L4.2.0.0
2025-05-08 14:21:34,648 [WARN] ConditionMgr:1039 - genDependencies : Invalid condition id : LAN8742 Phy interface Condition cause : null
2025-05-08 14:21:34,648 [WARN] ConditionMgr:1039 - genDependencies : Invalid condition id : LAN8742 Phy interface Condition cause : null
2025-05-08 14:21:34,648 [WARN] ConditionMgr:1039 - genDependencies : Invalid condition id : LAN8742 Phy interface Condition cause : null
2025-05-08 14:21:34,710 [WARN] PackLoader:240 - Cannot read IP mode file for STMicroelectronics.X-CUBE-SFXS2LP1.4.0.0
2025-05-08 14:21:34,743 [WARN] PackLoader:240 - Cannot read IP mode file for STMicroelectronics.X-CUBE-ISPU.1.1.0
2025-05-08 14:21:34,823 [WARN] PackLoader:240 - Cannot read IP mode file for STMicroelectronics.X-CUBE-AZRTOS-H7.3.3.0
2025-05-08 14:21:34,892 [ERROR] Engine:466 - C:\Users\msi1\.stm32cubemx\thirdparties\pdsc\STMicroelectronics.X-CUBE-IPS.3.0.0.pdsc: PDSC version is not supported
2025-05-08 14:21:34,953 [WARN] ConditionMgr:438 - getConditionDescription Invalid condition id : UX DEVICE CLASS RTOS Condition cause : null
2025-05-08 14:21:34,953 [WARN] ConditionMgr:438 - getConditionDescription Invalid condition id : UX DEVICE CLASS RTOS Condition cause : null
2025-05-08 14:21:34,954 [WARN] PackLoader:240 - Cannot read IP mode file for STMicroelectronics.X-CUBE-AZRTOS-WB.2.0.0
2025-05-08 14:21:34,955 [WARN] ConditionMgr:1039 - genDependencies : Invalid condition id : UX DEVICE CLASS RTOS Condition cause : null
2025-05-08 14:21:34,955 [WARN] ConditionMgr:1039 - genDependencies : Invalid condition id : UX DEVICE CLASS RTOS Condition cause : null
2025-05-08 14:21:34,955 [WARN] ConditionMgr:1039 - genDependencies : Invalid condition id : UX DEVICE CLASS RTOS Condition cause : null
2025-05-08 14:21:34,955 [WARN] ConditionMgr:1039 - genDependencies : Invalid condition id : UX DEVICE CLASS RTOS Condition cause : null
2025-05-08 14:21:34,955 [WARN] ConditionMgr:1039 - genDependencies : Invalid condition id : UX DEVICE CLASS RTOS Condition cause : null
2025-05-08 14:21:34,976 [WARN] PackLoader:240 - Cannot read IP mode file for STMicroelectronics.X-CUBE-FREERTOS.1.0.1
2025-05-08 14:21:35,002 [WARN] PackLoader:240 - Cannot read IP mode file for STMicroelectronics.X-CUBE-GNSS1.7.0.1
2025-05-08 14:21:35,027 [WARN] PackLoader:240 - Cannot read IP mode file for STMicroelectronics.X-CUBE-TOUCHGFX.4.25.0
2025-05-08 14:21:35,052 [ERROR] Engine:466 - C:\Users\msi1\.stm32cubemx\thirdparties\pdsc\STMicroelectronics.FP-SNS-STBOX1.2.0.0.pdsc: PDSC version is not supported
2025-05-08 14:21:35,108 [WARN] PackLoader:240 - Cannot read IP mode file for STMicroelectronics.X-CUBE-AZRTOS-L5.1.1.0
2025-05-08 14:21:35,133 [WARN] PackLoader:240 - Cannot read IP mode file for STMicroelectronics.X-CUBE-AI.8.0.1
2025-05-08 14:21:35,163 [WARN] PackLoader:240 - Cannot read IP mode file for STMicroelectronics.X-CUBE-SUBG2.5.0.0
2025-05-08 14:21:35,227 [WARN] PackLoader:240 - Cannot read IP mode file for STMicroelectronics.X-CUBE-AZRTOS-H7RS.1.1.0
2025-05-08 14:21:35,241 [WARN] PackLoader:240 - Cannot read IP mode file for Cesanta.I-CUBE-Mongoose.7.13.0
2025-05-08 14:21:35,271 [WARN] PackLoader:240 - Cannot read IP mode file for STMicroelectronics.X-CUBE-TOF1.3.3.1
2025-05-08 14:21:35,323 [WARN] PackLoader:240 - Cannot read IP mode file for STMicroelectronics.X-CUBE-AZRTOS-G4.2.0.0
2025-05-08 14:21:35,349 [WARN] PackLoader:240 - Cannot read IP mode file for STMicroelectronics.X-CUBE-TOF1.3.3.0
2025-05-08 14:21:35,426 [WARN] PackLoader:240 - Cannot read IP mode file for Infineon.AIROC-Wi-Fi-Bluetooth-STM32.1.5.1
2025-05-08 14:21:35,453 [WARN] PackLoader:240 - Cannot read IP mode file for STMicroelectronics.FP-SNS-MOTENVWB1.1.3.0
2025-05-08 14:21:35,479 [WARN] PackLoader:240 - Cannot read IP mode file for STMicroelectronics.X-CUBE-NFC7.2.0.0
2025-05-08 14:21:35,503 [WARN] PackLoader:240 - Cannot read IP mode file for STMicroelectronics.FP-SNS-MOTENVWB1.1.3.1
2025-05-08 14:21:35,611 [WARN] PackLoader:240 - Cannot read IP mode file for STMicroelectronics.X-CUBE-AZRTOS-L4.1.0.0
2025-05-08 14:21:35,655 [WARN] PackLoader:240 - Cannot read IP mode file for STMicroelectronics.X-CUBE-ISPU.2.0.0
2025-05-08 14:21:35,686 [ERROR] Engine:466 - C:\Users\msi1\.stm32cubemx\thirdparties\pdsc\STMicroelectronics.X-CUBE-IPS.3.1.0.pdsc: PDSC version is not supported
2025-05-08 14:21:35,710 [WARN] PackLoader:240 - Cannot read IP mode file for STMicroelectronics.X-CUBE-ALS.1.0.2
2025-05-08 14:21:35,799 [WARN] PackLoader:240 - Cannot read IP mode file for STMicroelectronics.X-CUBE-MEMS1.10.0.0
2025-05-08 14:21:35,889 [WARN] PackLoader:240 - Cannot read IP mode file for STMicroelectronics.X-CUBE-FREERTOS.1.1.0
2025-05-08 14:21:35,916 [WARN] PackLoader:240 - Cannot read IP mode file for STMicroelectronics.X-CUBE-TOUCHGFX.4.24.0
2025-05-08 14:21:35,944 [WARN] PackLoader:240 - Cannot read IP mode file for STMicroelectronics.X-CUBE-TOUCHGFX.4.24.2
2025-05-08 14:21:35,992 [WARN] PackLoader:240 - Cannot read IP mode file for STMicroelectronics.X-CUBE-AZRTOS-WL.1.0.0
2025-05-08 14:21:36,022 [WARN] PackLoader:240 - Cannot read IP mode file for STMicroelectronics.X-CUBE-TOUCHGFX.4.24.1
2025-05-08 14:21:36,052 [WARN] PackLoader:240 - Cannot read IP mode file for wolfSSL.I-CUBE-wolfTPM.3.4.0
2025-05-08 14:21:36,082 [WARN] PackLoader:240 - Cannot read IP mode file for portGmbH.I-Cube-SoM-uGOAL.1.1.0
2025-05-08 14:21:36,108 [WARN] PackLoader:240 - Cannot read IP mode file for STMicroelectronics.X-CUBE-ALS.1.0.1
2025-05-08 14:21:36,220 [WARN] PackLoader:240 - Cannot read IP mode file for STMicroelectronics.X-CUBE-AZRTOS-WB.1.1.0
2025-05-08 14:21:36,288 [WARN] PackLoader:240 - Cannot read IP mode file for STMicroelectronics.X-CUBE-AZRTOS-H7RS.1.0.0
2025-05-08 14:21:36,301 [WARN] PackLoader:240 - Cannot read IP mode file for STMicroelectronics.FP-ATR-ASTRA1.2.0.0
2025-05-08 14:21:36,349 [ERROR] Engine:466 - C:\Users\msi1\.stm32cubemx\thirdparties\pdsc\STMicroelectronics.X-CUBE-TOF1.3.4.2.pdsc: PDSC version is not supported
2025-05-08 14:21:36,399 [ERROR] Engine:466 - C:\Users\msi1\.stm32cubemx\thirdparties\pdsc\STMicroelectronics.X-CUBE-TOF1.3.4.3.pdsc: PDSC version is not supported
2025-05-08 14:21:36,460 [WARN] PackLoader:240 - Cannot read IP mode file for STMicroelectronics.X-CUBE-TOF1.3.4.0
2025-05-08 14:21:36,505 [WARN] PackLoader:240 - Cannot read IP mode file for STMicroelectronics.X-CUBE-TOF1.3.4.1
2025-05-08 14:21:36,582 [WARN] PackLoader:240 - Cannot read IP mode file for STMicroelectronics.X-CUBE-AZRTOS-H7.3.2.0
2025-05-08 14:21:36,614 [WARN] PackLoader:240 - Cannot read IP mode file for wolfSSL.I-CUBE-wolfSSH.1.4.17
2025-05-08 14:21:36,614 [INFO] ThirdParty:978 - Integrity check success = true
2025-05-08 14:21:36,614 [INFO] IntegrityCheckThread:100 - exiting critical section [integrity check]
2025-05-08 14:21:36,614 [INFO] IntegrityCheckThread:103 - End integrity checks thread
2025-05-08 14:21:36,615 [INFO] ThirdParty:873 - entering critical section [close project]
2025-05-08 14:21:36,615 [INFO] ThirdParty:883 - exiting critical section [close project]
2025-05-08 14:21:36,616 [INFO] PinOutPanel:1499 - setPackage(No Configuration,No Configuration)
2025-05-08 14:21:36,629 [INFO] UtilMem:75 - Begin LoadConfig() Used Memory: 158836936 Bytes (274726912)
2025-05-08 14:21:36,630 [INFO] MicroXplorer:468 - Change Database Path : 
2025-05-08 14:21:36,630 [INFO] MicroXplorer:498 - Change Database Version : DB.6.0.90
2025-05-08 14:21:36,630 [INFO] OpenFileManager:308 - Change cursor
2025-05-08 14:21:36,726 [INFO] Mcu:1946 - Initializing MCU STM32F103C(8-B)Tx STM32F103CBTx STM32F103CBT6
2025-05-08 14:21:39,467 [INFO] Context:659 - Trying to add GPIOservice into a context  which must be forbidden
2025-05-08 14:21:39,821 [INFO] RtosManager:555 - Registered RTOS mode: class=CMSIS, group=RTOS, mode=CMSIS_V1, owner=FREERTOS
2025-05-08 14:21:39,821 [INFO] RtosManager:555 - Registered RTOS mode: class=CMSIS, group=RTOS2, mode=CMSIS_V2, owner=FREERTOS
2025-05-08 14:21:39,821 [INFO] RtosManager:555 - Registered RTOS mode: class=RTOS, group=Core, mode=CMSIS_V1, owner=FREERTOS
2025-05-08 14:21:39,821 [INFO] RtosManager:555 - Registered RTOS mode: class=RTOS, group=Core, mode=CMSIS_V2, owner=FREERTOS
2025-05-08 14:21:39,821 [WARN] ModelIntegratedComponent:184 - Missing modes for component STMicroelectronics:FreeRTOS:0.0.1:STMicroelectronics:RTOS:FreeRTOS:Core:::10.2.0:
2025-05-08 14:21:39,825 [WARN] ModelIntegratedComponent:63 - No mode defined for component null
2025-05-08 14:21:39,825 [WARN] ModelIntegratedComponent:63 - No mode defined for component null
2025-05-08 14:21:39,825 [WARN] ModelIntegratedComponent:63 - No mode defined for component null
2025-05-08 14:21:39,825 [WARN] ModelIntegratedComponent:63 - No mode defined for component null
2025-05-08 14:21:39,825 [WARN] ModelIntegratedComponent:63 - No mode defined for component null
2025-05-08 14:21:39,825 [WARN] ModelIntegratedComponent:63 - No mode defined for component null
2025-05-08 14:21:39,825 [WARN] ModelIntegratedComponent:63 - No mode defined for component null
2025-05-08 14:21:39,826 [WARN] ModelIntegratedComponent:63 - No mode defined for component null
2025-05-08 14:21:39,826 [WARN] ModelIntegratedComponent:63 - No mode defined for component null
2025-05-08 14:21:39,826 [WARN] ModelIntegratedComponent:63 - No mode defined for component null
2025-05-08 14:21:39,826 [WARN] ModelIntegratedComponent:63 - No mode defined for component null
2025-05-08 14:21:39,826 [WARN] ModelIntegratedComponent:63 - No mode defined for component null
2025-05-08 14:21:39,826 [WARN] ModelIntegratedComponent:63 - No mode defined for component null
2025-05-08 14:21:39,826 [WARN] ModelIntegratedComponent:63 - No mode defined for component null
2025-05-08 14:21:39,826 [WARN] ModelIntegratedComponent:63 - No mode defined for component null
2025-05-08 14:21:39,826 [WARN] ModelIntegratedComponent:63 - No mode defined for component null
2025-05-08 14:21:39,826 [WARN] ModelIntegratedComponent:63 - No mode defined for component null
2025-05-08 14:21:39,826 [WARN] ModelIntegratedComponent:63 - No mode defined for component null
2025-05-08 14:21:39,826 [WARN] ModelIntegratedComponent:63 - No mode defined for component null
2025-05-08 14:21:39,826 [WARN] ModelIntegratedComponent:63 - No mode defined for component null
2025-05-08 14:21:39,826 [WARN] ModelIntegratedComponent:63 - No mode defined for component null
2025-05-08 14:21:39,826 [WARN] ModelIntegratedComponent:63 - No mode defined for component null
2025-05-08 14:21:39,826 [WARN] ModelIntegratedComponent:63 - No mode defined for component null
2025-05-08 14:21:39,826 [WARN] ModelIntegratedComponent:63 - No mode defined for component null
2025-05-08 14:21:39,826 [WARN] ModelIntegratedComponent:63 - No mode defined for component null
2025-05-08 14:21:39,826 [WARN] ModelIntegratedComponent:63 - No mode defined for component null
2025-05-08 14:21:39,826 [WARN] ModelIntegratedComponent:63 - No mode defined for component null
2025-05-08 14:21:39,826 [WARN] ModelIntegratedComponent:63 - No mode defined for component null
2025-05-08 14:21:39,826 [WARN] ModelIntegratedComponent:63 - No mode defined for component null
2025-05-08 14:21:39,826 [WARN] ModelIntegratedComponent:63 - No mode defined for component null
2025-05-08 14:21:39,826 [WARN] ModelIntegratedComponent:63 - No mode defined for component null
2025-05-08 14:21:39,826 [WARN] ModelIntegratedComponent:63 - No mode defined for component null
2025-05-08 14:21:39,826 [WARN] ModelIntegratedComponent:63 - No mode defined for component null
2025-05-08 14:21:40,098 [INFO] ThirdPartyModel:298 - Start build external matchings
2025-05-08 14:21:42,288 [INFO] ThirdPartyModel:316 - End build external matchings
2025-05-08 14:21:42,327 [INFO] ImportTextPane:194 - (OptionalMessage_ERROR) IP (RCC) : Parameter (ADCFreqValue) has invalid value (36000000)
2025-05-08 14:21:42,327 [INFO] ImportTextPane:194 - (OptionalMessage_ERROR) IP (RCC) : Invalid parameter (FamilyName)
2025-05-08 14:21:42,327 [INFO] ImportTextPane:194 - (OptionalMessage_ERROR) IP (RCC) : Parameter (MCOFreq_Value) has invalid value (72000000)
2025-05-08 14:21:42,328 [INFO] ImportTextPane:194 - (OptionalMessage_ERROR) IP (RCC) : Parameter (USBFreq_Value) has invalid value (72000000)
2025-05-08 14:21:42,521 [INFO] UtilMem:75 - End LoadConfig() Used Memory: 226951632 Bytes (510656512)
2025-05-08 14:21:42,686 [INFO] ApiDb:581 - Connected to CubeFinder SQLite database (C:\Users\msi1\.stmcufinder\plugins\mcufinder\mcu\cube-finder-db.db)
2025-05-08 14:21:42,783 [INFO] ApiDb:668 - CubeFinder database Data Model version=2.1
2025-05-08 14:21:42,783 [INFO] ApiDb:669 - CubeFinder database Configuration version=3.0.39
2025-05-08 14:21:42,784 [INFO] ApiDb:670 - CubeFinder database generation date=2025-04-23 (1745419778)
2025-05-08 14:21:42,784 [INFO] ApiDb:671 - CubeFinder database FW Pack versions=[FP-ATR-ASTRA1_V2.0.0, FP-SNS-FLIGHT1_V5.1.0, FP-SNS-MOTENV1_V5.0.0, FP-SNS-MOTENVWB1_V1.4.0, FP-SNS-SMARTAG2_V1.2.0, FP-SNS-STBOX1_V2.0.0, STM32Cube_FW_C0_V1.4.0, STM32Cube_FW_F4_V1.28.1, STM32Cube_FW_F7_V1.17.2, STM32Cube_FW_G0_V1.6.2, STM32Cube_FW_G4_V1.6.1, STM32Cube_FW_H5_V1.5.0, STM32Cube_FW_H7RS_V1.2.0, STM32Cube_FW_H7_V1.12.1, STM32Cube_FW_L0_V1.12.2, STM32Cube_FW_L4_V1.18.1, STM32Cube_FW_L5_V1.5.1, STM32Cube_FW_N6_V1.1.1, STM32Cube_FW_U0_V1.2.0, STM32Cube_FW_U3_V1.1.0, STM32Cube_FW_U5_V1.7.0, STM32Cube_FW_WB0_V1.2.0, STM32Cube_FW_WBA_V1.6.0, STM32Cube_FW_WB_V1.22.0, STM32Cube_FW_WL3_V1.1.0, STM32Cube_FW_WL_V1.3.1, X-CUBE-ALGOBUILD_V1.4.0, X-CUBE-ALS_V1.0.2, X-CUBE-AZRTOS-F4_V1.1.0, X-CUBE-AZRTOS-F7_V1.1.0, X-CUBE-AZRTOS-G0_V1.1.0, X-CUBE-AZRTOS-G4_V2.0.0, X-CUBE-AZRTOS-H7RS_V1.1.0, X-CUBE-AZRTOS-H7_V3.3.0, X-CUBE-AZRTOS-L4_V2.0.0, X-CUBE-AZRTOS-L5_V2.0.0, X-CUBE-AZRTOS-WB_V2.0.0, X-CUBE-AZRTOS-WL_V2.0.0, X-CUBE-BLE1_V7.1.0, X-CUBE-BLE2_V3.3.0, X-CUBE-BLEMGR_V4.0.0, X-CUBE-EEPRMA1_V5.1.0, X-CUBE-FREERTOS_V1.3.0, X-CUBE-GNSS1_V6.0.0, X-CUBE-MEMS1_V11.2.0, X-CUBE-NFC4_V3.0.0, X-CUBE-NFC7_V1.0.1, X-CUBE-SFXS2LP1_V4.0.0, X-CUBE-SUBG2_V5.0.0, X-CUBE-TOF1_V3.4.3]
2025-05-08 14:21:45,605 [INFO] ApiDb:240 - Found 323 in-development CPN: [B-G473E-ZEST1S, B-WB1M-WPAN1, B-WL5M-SUBG1, NUCLEO-C031C6, NUCLEO-H503RB, NUCLEO-H563ZI, NUCLEO-U545RE-Q, NUCLEO-U5A5ZJ-Q, NUCLEO-WBA52CG, STEVAL-PROTEUS1, STEVAL-SMARTAG2, STEVAL-STWINBX1, STM320518-EVAL, STM32C0116-DK, STM32C011D6Y3TR, STM32C011D6Y6TR, STM32C011F4P3, STM32C011F4P6, STM32C011F4U3, STM32C011F4U6TR, STM32C011F6P3, STM32C011F6P6, STM32C011F6U3, STM32C011F6U6TR, STM32C011J4M3, STM32C011J4M6, STM32C011J6M3, STM32C011J6M6, STM32C0316-DK, STM32C031C4T3, STM32C031C4T6, STM32C031C4U3, STM32C031C4U6, STM32C031C6T3, STM32C031C6T6, STM32C031C6U3, STM32C031C6U6, STM32C031F4P3, STM32C031F4P6, STM32C031F6P3, STM32C031F6P6, STM32C031G4U3, STM32C031G4U6, STM32C031G6U3, STM32C031G6U6, STM32C031K4T3, STM32C031K4T6, STM32C031K4U3, STM32C031K4U6, STM32C031K6T3, STM32C031K6T6, STM32C031K6U3, STM32C031K6U6, STM32G071K8TXN, STM32G071K8UXN, STM32G081GBU6N, STM32G081KBT6N, STM32G081KBUXN, STM32G0B1CCT6N, STM32G0B1KCT6, STM32G0B1NEY6TR, STM32G0B1RCT6N, STM32G0C1CCT6, STM32G0C1CCT6N, STM32G0C1CCU6N, STM32G0C1CET6N, STM32G0C1CEU6N, STM32G0C1KCT6, STM32G0C1NEY6TR, STM32G0C1RCI6N, STM32G0C1RCT6N, STM32G0C1REI6N, STM32G0C1RET6N, STM32G0C1VCI6, STM32G0C1VEI6, STM32G471CCT6, STM32G471CCU6, STM32G471CET3, STM32G471CET6, STM32G471CEU3, STM32G471CEU6, STM32G471MCT6, STM32G471MET3, STM32G471MET6, STM32G471MEY6TR, STM32G471QCT6, STM32G471QET3, STM32G471RCT6, STM32G471RET3, STM32G471RET6, STM32G471VCH6, STM32G471VCI6, STM32G471VCT6, STM32G471VEH3, STM32G471VEH6, STM32G471VEI3, STM32G471VEI6, STM32G471VET3, STM32G471VET6, STM32G474CCT6, STM32H503CBT6, STM32H503CBU6, STM32H503EBY6TR, STM32H503KBU6, STM32H503RBT6, STM32H562AGI6, STM32H562AII6, STM32H562IGK6, STM32H562IGT6, STM32H562IIK6, STM32H562IIT6, STM32H562RGT6, STM32H562RGV6, STM32H562RIT6, STM32H562RIV6, STM32H562VGT6, STM32H562VIT6, STM32H562ZGT6, STM32H562ZIT6, STM32H563AGI6, STM32H563AII3Q, STM32H563AII6, STM32H563IGK6, STM32H563IGT6, STM32H563IIK3Q, STM32H563IIK6, STM32H563IIT3Q, STM32H563IIT6, STM32H563MIY3QTR, STM32H563RGT6, STM32H563RGV6, STM32H563RIT6, STM32H563RIV6, STM32H563VGT6, STM32H563VIT3Q, STM32H563VIT6, STM32H563ZGT6, STM32H563ZIT3Q, STM32H563ZIT6, STM32H573AII3Q, STM32H573AII6, STM32H573I-DK, STM32H573IIK3Q, STM32H573IIK6, STM32H573IIT3Q, STM32H573IIT6, STM32H573MIY3QTR, STM32H573RIT6, STM32H573RIV6, STM32H573VIT3Q, STM32H573VIT6, STM32H573ZIT3Q, STM32H573ZIT6, STM32L4R5QGI6STR, STM32MP131AAE3, STM32MP131AAF3, STM32MP131AAG3, STM32MP131CAE3, STM32MP131CAF3, STM32MP131CAG3, STM32MP131DAE7, STM32MP131DAF7, STM32MP131DAG7, STM32MP131FAE7, STM32MP131FAF7, STM32MP131FAG7, STM32MP133AAE3, STM32MP133AAF3, STM32MP133AAG3, STM32MP133CAE3, STM32MP133CAF3, STM32MP133CAG3, STM32MP133DAE7, STM32MP133DAF7, STM32MP133DAG7, STM32MP133FAE7, STM32MP133FAF7, STM32MP133FAG7, STM32MP135AAE3, STM32MP135AAF3, STM32MP135AAG3, STM32MP135CAE3, STM32MP135CAF3, STM32MP135CAG3, STM32MP135DAE7, STM32MP135DAF7, STM32MP135DAG7, STM32MP135F-DK, STM32MP135FAE7, STM32MP135FAF7, STM32MP135FAF7T, STM32MP135FAF7U, STM32MP135FAG7, STM32U535CBT6, STM32U535CBT6Q, STM32U535CBU6, STM32U535CBU6Q, STM32U535CCT6, STM32U535CCT6Q, STM32U535CCU6, STM32U535CCU6Q, STM32U535CET6, STM32U535CET6Q, STM32U535CEU6, STM32U535CEU6Q, STM32U535JEY6QTR, STM32U535NCY6QTR, STM32U535NEY6QTR, STM32U535RBI6, STM32U535RBI6Q, STM32U535RBT6, STM32U535RBT6Q, STM32U535RCI6, STM32U535RCI6Q, STM32U535RCT6, STM32U535RCT6Q, STM32U535REI6, STM32U535REI6Q, STM32U535RET6, STM32U535RET6Q, STM32U535VCI6, STM32U535VCI6Q, STM32U535VCT6, STM32U535VCT6Q, STM32U535VEI6, STM32U535VEI6Q, STM32U535VET6, STM32U535VET6Q, STM32U545CET6, STM32U545CET6Q, STM32U545CEU6, STM32U545CEU6Q, STM32U545JEY6QTR, STM32U545NEY6QTR, STM32U545REI6, STM32U545REI6Q, STM32U545RET6, STM32U545RET6Q, STM32U545VEI6, STM32U545VEI6Q, STM32U545VET6, STM32U545VET6Q, STM32U595AIH6, STM32U595AIH6Q, STM32U595AJH6, STM32U595AJH6Q, STM32U595QII6, STM32U595QII6Q, STM32U595QJI6, STM32U595QJI6Q, STM32U595RIT6, STM32U595RIT6Q, STM32U595RJT6, STM32U595RJT6Q, STM32U595VIT6, STM32U595VIT6Q, STM32U595VJT6, STM32U595VJT6Q, STM32U595ZIT6, STM32U595ZIT6Q, STM32U595ZIY6QTR, STM32U595ZJT6, STM32U595ZJT6Q, STM32U595ZJY6QTR, STM32U599BJY6QTR, STM32U599NIH6Q, STM32U599NJH6Q, STM32U599VIT6Q, STM32U599VJT6, STM32U599VJT6Q, STM32U599ZIT6Q, STM32U599ZIY6QTR, STM32U599ZJT6Q, STM32U599ZJY6QTR, STM32U5A5AJH6, STM32U5A5AJH6Q, STM32U5A5QJI6, STM32U5A5QJI6Q, STM32U5A5RJT6, STM32U5A5RJT6Q, STM32U5A5VJT6, STM32U5A5VJT6Q, STM32U5A5ZJT6, STM32U5A5ZJT6Q, STM32U5A5ZJY6QTR, STM32U5A9BJY6QTR, STM32U5A9J-DK, STM32U5A9NJH6Q, STM32U5A9VJT6Q, STM32U5A9ZJT6Q, STM32U5A9ZJY6QTR, STM32U5F7VIT6, STM32U5F7VIT6Q, STM32U5F7VJT6, STM32U5F7VJT6Q, STM32U5F9BJY6QTR, STM32U5F9NJH6Q, STM32U5F9VIT6Q, STM32U5F9VJT6Q, STM32U5F9ZIJ6QTR, STM32U5F9ZIT6Q, STM32U5F9ZJJ6QTR, STM32U5F9ZJT6Q, STM32U5G7VJT6, STM32U5G7VJT6Q, STM32U5G9BJY6QTR, STM32U5G9J-DK1, STM32U5G9J-DK2, STM32U5G9NJH6Q, STM32U5G9VJT6Q, STM32U5G9ZJJ6QTR, STM32U5G9ZJT6Q, STM32WB1MMCH6, STM32WBA52CEU6, STM32WBA52CEU6T, STM32WBA52CGU6, STM32WBA52CGU6T, STM32WBA52KEU6, STM32WBA52KEU6T, STM32WBA52KGU6, STM32WBA52KGU6T, STM32WL5MOCH6, STM32WL5MOCH6TR]
2025-05-08 14:21:45,611 [INFO] DbMcus:217 - Found 4642 MCUs, 4642 are supported
2025-05-08 14:21:45,624 [INFO] ApiDb:423 - Load user favorites file C:\Users\msi1/.stm32cubeide/favorites.mcus.txt: 4 item(s)
2025-05-08 14:21:45,625 [INFO] ApiDb:427 - User favorites MCUs=[STM32F103CBT6, STM32F303VCT6, STM32F401CCU6, STM32F407VGT6]
2025-05-08 14:21:45,625 [INFO] DbMcus:223 - Set 4 / 4 favorites MCUs
2025-05-08 14:21:46,069 [WARN] ThirdParty:833 - waiting for thirdparty lock release [change project]
2025-05-08 14:21:46,069 [INFO] ThirdParty:835 - entering critical section [change project]
2025-05-08 14:21:46,070 [INFO] ThirdParty:1030 - CMSIS Pack Vendor :STMicroelectronics USBPD 4.1
2025-05-08 14:21:46,070 [INFO] ThirdParty:1030 - CMSIS Pack Vendor :STMicroelectronics X-CUBE-GNSS1 6.0.0
2025-05-08 14:21:46,070 [INFO] ThirdParty:1030 - CMSIS Pack Vendor :STMicroelectronics USB_HOST 2.0.0
2025-05-08 14:21:46,070 [INFO] ThirdParty:1030 - CMSIS Pack Vendor :STMicroelectronics FP-SNS-MOTENVWB1 1.4.0
2025-05-08 14:21:46,070 [INFO] ThirdParty:1030 - CMSIS Pack Vendor :STMicroelectronics X-CUBE-AZRTOS-F4 1.1.0
2025-05-08 14:21:46,070 [INFO] ThirdParty:1030 - CMSIS Pack Vendor :STMicroelectronics LIBJPEG 8.0.0
2025-05-08 14:21:46,070 [INFO] ThirdParty:1030 - CMSIS Pack Vendor :STMicroelectronics FP-ATR-ASTRA1 2.0.2
2025-05-08 14:21:46,070 [INFO] ThirdParty:1030 - CMSIS Pack Vendor :STMicroelectronics FP-ATR-ASTRA1 2.0.1
2025-05-08 14:21:46,070 [INFO] ThirdParty:1030 - CMSIS Pack Vendor :STMicroelectronics X-CUBE-SMBUS 2.1.0
2025-05-08 14:21:46,070 [INFO] ThirdParty:1030 - CMSIS Pack Vendor :STMicroelectronics X-CUBE-WB05N 1.1.0
2025-05-08 14:21:46,070 [INFO] ThirdParty:1030 - CMSIS Pack Vendor :wolfSSL I-CUBE-wolfSSL 5.6.0
2025-05-08 14:21:46,070 [INFO] ThirdParty:1030 - CMSIS Pack Vendor :STMicroelectronics X-CUBE-ISPU 2.1.0
2025-05-08 14:21:46,070 [INFO] ThirdParty:1030 - CMSIS Pack Vendor :STMicroelectronics X-CUBE-FREERTOS 1.2.0
2025-05-08 14:21:46,070 [INFO] ThirdParty:1030 - CMSIS Pack Vendor :STMicroelectronics X-CUBE-TOUCHGFX 4.23.0
2025-05-08 14:21:46,070 [INFO] ThirdParty:1030 - CMSIS Pack Vendor :STMicroelectronics X-CUBE-TOUCHGFX 4.23.2
2025-05-08 14:21:46,070 [INFO] ThirdParty:1030 - CMSIS Pack Vendor :STMicroelectronics X-CUBE-AZRTOS-F7 1.1.0
2025-05-08 14:21:46,070 [INFO] ThirdParty:1030 - CMSIS Pack Vendor :STMicroelectronics X-CUBE-AZRTOS-L5 2.0.0
2025-05-08 14:21:46,070 [INFO] ThirdParty:1030 - CMSIS Pack Vendor :STMicroelectronics USB_DEVICE 2.0.0
2025-05-08 14:21:46,070 [INFO] ThirdParty:1030 - CMSIS Pack Vendor :STMicroelectronics X-CUBE-MEMS1 9.6.0
2025-05-08 14:21:46,070 [INFO] ThirdParty:1030 - CMSIS Pack Vendor :STMicroelectronics X-CUBE-EEPRMA1 4.2.0
2025-05-08 14:21:46,070 [INFO] ThirdParty:1030 - CMSIS Pack Vendor :STMicroelectronics X-CUBE-NFC6 3.1.0
2025-05-08 14:21:46,070 [INFO] ThirdParty:1030 - CMSIS Pack Vendor :ITTIA_DB I-CUBE-ITTIADB 8.8.0
2025-05-08 14:21:46,070 [INFO] ThirdParty:1030 - CMSIS Pack Vendor :STMicroelectronics FP-SNS-MOTENV1 4.3.0
2025-05-08 14:21:46,070 [INFO] ThirdParty:1030 - CMSIS Pack Vendor :STMicroelectronics FP-SNS-MOTENV1 4.3.2
2025-05-08 14:21:46,070 [INFO] ThirdParty:1030 - CMSIS Pack Vendor :STMicroelectronics FP-SNS-FLIGHT1 5.0.0
2025-05-08 14:21:46,070 [INFO] ThirdParty:1030 - CMSIS Pack Vendor :STMicroelectronics X-CUBE-BLE1 6.2.4
2025-05-08 14:21:46,070 [INFO] ThirdParty:1030 - CMSIS Pack Vendor :STMicroelectronics FreeRTOS 0.0.1
2025-05-08 14:21:46,070 [INFO] ThirdParty:1030 - CMSIS Pack Vendor :emotas I-CUBE-CANOPEN 1.1.3
2025-05-08 14:21:46,070 [INFO] ThirdParty:1030 - CMSIS Pack Vendor :STMicroelectronics X-CUBE-BLEMGR 2.0.0
2025-05-08 14:21:46,070 [INFO] ThirdParty:1030 - CMSIS Pack Vendor :STMicroelectronics FP-SNS-FLIGHT1 5.0.2
2025-05-08 14:21:46,071 [INFO] ThirdParty:1030 - CMSIS Pack Vendor :STMicroelectronics X-CUBE-AI 9.0.0
2025-05-08 14:21:46,071 [INFO] ThirdParty:1030 - CMSIS Pack Vendor :STMicroelectronics X-CUBE-AZRTOS-H7 3.1.0
2025-05-08 14:21:46,071 [INFO] ThirdParty:1030 - CMSIS Pack Vendor :STMicroelectronics PDM2PCM 3.3.0
2025-05-08 14:21:46,071 [INFO] ThirdParty:1030 - CMSIS Pack Vendor :STMicroelectronics X-CUBE-DISPLAY 3.0.0
2025-05-08 14:21:46,071 [INFO] ThirdParty:1030 - CMSIS Pack Vendor :STMicroelectronics X-CUBE-BLE1 7.0.0
2025-05-08 14:21:46,071 [INFO] ThirdParty:1030 - CMSIS Pack Vendor :STMicroelectronics X-CUBE-NFC10 1.0.0
2025-05-08 14:21:46,071 [INFO] ThirdParty:1030 - CMSIS Pack Vendor :STMicroelectronics HAL Drivers 0.0.0
2025-05-08 14:21:46,071 [INFO] ThirdParty:1030 - CMSIS Pack Vendor :emotas I-CUBE-CANOPEN 1.3.0
2025-05-08 14:21:46,071 [INFO] ThirdParty:1030 - CMSIS Pack Vendor :STMicroelectronics X-CUBE-FREERTOS 1.3.0
2025-05-08 14:21:46,071 [INFO] ThirdParty:1030 - CMSIS Pack Vendor :STMicroelectronics X-CUBE-TOUCHGFX 4.22.0
2025-05-08 14:21:46,071 [INFO] ThirdParty:1030 - CMSIS Pack Vendor :STMicroelectronics X-CUBE-NFC7 1.0.1
2025-05-08 14:21:46,071 [INFO] ThirdParty:1030 - CMSIS Pack Vendor :STMicroelectronics MBEDTLS 2.14.1
2025-05-08 14:21:46,071 [INFO] ThirdParty:1030 - CMSIS Pack Vendor :STMicroelectronics X-CUBE-NFC7 1.0.0
2025-05-08 14:21:46,071 [INFO] ThirdParty:1030 - CMSIS Pack Vendor :STMicroelectronics X-CUBE-TOUCHGFX 4.22.1
2025-05-08 14:21:46,071 [INFO] ThirdParty:1030 - CMSIS Pack Vendor :wolfSSL I-CUBE-wolfTPM 3.2.0
2025-05-08 14:21:46,071 [INFO] ThirdParty:1030 - CMSIS Pack Vendor :STMicroelectronics X-CUBE-NFC6 3.0.0
2025-05-08 14:21:46,071 [INFO] ThirdParty:1030 - CMSIS Pack Vendor :STMicroelectronics X-CUBE-EEPRMA1 4.1.0
2025-05-08 14:21:46,071 [INFO] ThirdParty:1030 - CMSIS Pack Vendor :STMicroelectronics X-CUBE-BLEMGR 3.1.0
2025-05-08 14:21:46,071 [INFO] ThirdParty:1030 - CMSIS Pack Vendor :STMicroelectronics X-CUBE-AI 10.0.0
2025-05-08 14:21:46,071 [INFO] ThirdParty:1030 - CMSIS Pack Vendor :STMicroelectronics FP-SNS-SMARTAG2 1.2.0
2025-05-08 14:21:46,071 [INFO] ThirdParty:1030 - CMSIS Pack Vendor :STMicroelectronics X-CUBE-MEMS1 11.1.0
2025-05-08 14:21:46,071 [INFO] ThirdParty:1030 - CMSIS Pack Vendor :STMicroelectronics X-CUBE-AZRTOS-WL 2.0.0
2025-05-08 14:21:46,071 [INFO] ThirdParty:1030 - CMSIS Pack Vendor :STMicroelectronics FP-SNS-MOTENV1 5.0.0
2025-05-08 14:21:46,071 [INFO] ThirdParty:1030 - CMSIS Pack Vendor :STMicroelectronics USB_DEVICE 1.0.0
2025-05-08 14:21:46,071 [INFO] ThirdParty:1030 - CMSIS Pack Vendor :STMicroelectronics X-CUBE-AI 8.1.0
2025-05-08 14:21:46,071 [INFO] ThirdParty:1030 - CMSIS Pack Vendor :wolfSSL I-CUBE-wolfMQTT 1.19.0
2025-05-08 14:21:46,071 [INFO] ThirdParty:1030 - CMSIS Pack Vendor :STMicroelectronics X-CUBE-AZRTOS-L4 2.0.0
2025-05-08 14:21:46,071 [INFO] ThirdParty:1030 - CMSIS Pack Vendor :STMicroelectronics ThreadX 0.0.2
2025-05-08 14:21:46,072 [INFO] ThirdParty:1030 - CMSIS Pack Vendor :WES I-CUBE-Cesium 1.3.0
2025-05-08 14:21:46,072 [INFO] ThirdParty:1030 - CMSIS Pack Vendor :STMicroelectronics lwIP 2.1.2
2025-05-08 14:21:46,072 [INFO] ThirdParty:1030 - CMSIS Pack Vendor :STMicroelectronics X-CUBE-SFXS2LP1 4.0.0
2025-05-08 14:21:46,072 [INFO] ThirdParty:1030 - CMSIS Pack Vendor :STMicroelectronics X-CUBE-BLE2 3.3.0
2025-05-08 14:21:46,072 [INFO] ThirdParty:1030 - CMSIS Pack Vendor :STMicroelectronics PDM2PCM 3.2.0
2025-05-08 14:21:46,072 [INFO] ThirdParty:1030 - CMSIS Pack Vendor :STMicroelectronics X-CUBE-ISPU 1.1.0
2025-05-08 14:21:46,072 [INFO] ThirdParty:1030 - CMSIS Pack Vendor :STMicroelectronics X-CUBE-AZRTOS-H7 3.3.0
2025-05-08 14:21:46,072 [INFO] ThirdParty:1030 - CMSIS Pack Vendor :STMicroelectronics X-CUBE-NFC9 1.0.0
2025-05-08 14:21:46,072 [INFO] ThirdParty:1030 - CMSIS Pack Vendor :STMicroelectronics X-CUBE-BLE1 7.1.0
2025-05-08 14:21:46,072 [INFO] ThirdParty:1030 - CMSIS Pack Vendor :STMicroelectronics USB_DEVICE 3.0.0
2025-05-08 14:21:46,072 [INFO] ThirdParty:1030 - CMSIS Pack Vendor :STMicroelectronics X-CUBE-TCPP 4.1.0
2025-05-08 14:21:46,072 [INFO] ThirdParty:1030 - CMSIS Pack Vendor :STMicroelectronics X-CUBE-AZRTOS-WB 2.0.0
2025-05-08 14:21:46,072 [INFO] ThirdParty:1030 - CMSIS Pack Vendor :STMicroelectronics X-CUBE-FREERTOS 1.0.1
2025-05-08 14:21:46,072 [INFO] ThirdParty:1030 - CMSIS Pack Vendor :STMicroelectronics X-CUBE-GNSS1 7.0.1
2025-05-08 14:21:46,072 [INFO] ThirdParty:1030 - CMSIS Pack Vendor :STMicroelectronics X-CUBE-TOUCHGFX 4.21.4
2025-05-08 14:21:46,072 [INFO] ThirdParty:1030 - CMSIS Pack Vendor :STMicroelectronics X-CUBE-TOUCHGFX 4.25.0
2025-05-08 14:21:46,072 [INFO] ThirdParty:1030 - CMSIS Pack Vendor :STMicroelectronics X-CUBE-ALGOBUILD 1.3.0
2025-05-08 14:21:46,072 [INFO] ThirdParty:1030 - CMSIS Pack Vendor :STMicroelectronics X-CUBE-AZRTOS-L5 1.1.0
2025-05-08 14:21:46,072 [INFO] ThirdParty:1030 - CMSIS Pack Vendor :STMicroelectronics X-CUBE-MEMS1 11.2.0
2025-05-08 14:21:46,072 [INFO] ThirdParty:1030 - CMSIS Pack Vendor :STMicroelectronics X-CUBE-AZRTOS-G0 1.1.0
2025-05-08 14:21:46,072 [INFO] ThirdParty:1030 - CMSIS Pack Vendor :STMicroelectronics X-CUBE-AI 8.0.1
2025-05-08 14:21:46,072 [INFO] ThirdParty:1030 - CMSIS Pack Vendor :STMicroelectronics X-CUBE-SAFEA1 1.2.2
2025-05-08 14:21:46,072 [INFO] ThirdParty:1030 - CMSIS Pack Vendor :STMicroelectronics X-CUBE-NFC4 3.0.0
2025-05-08 14:21:46,072 [INFO] ThirdParty:1030 - CMSIS Pack Vendor :STMicroelectronics X-CUBE-SUBG2 5.0.0
2025-05-08 14:21:46,072 [INFO] ThirdParty:1030 - CMSIS Pack Vendor :STMicroelectronics X-CUBE-AZRTOS-H7RS 1.1.0
2025-05-08 14:21:46,072 [INFO] ThirdParty:1030 - CMSIS Pack Vendor :STMicroelectronics STM32_WPAN 1.0.0
2025-05-08 14:21:46,072 [INFO] ThirdParty:1030 - CMSIS Pack Vendor :wolfSSL I-CUBE-wolfMQTT 1.18.0
2025-05-08 14:21:46,072 [INFO] ThirdParty:1030 - CMSIS Pack Vendor :STMicroelectronics lwIP 2.0.3
2025-05-08 14:21:46,072 [INFO] ThirdParty:1030 - CMSIS Pack Vendor :Cesanta I-CUBE-Mongoose 7.13.0
2025-05-08 14:21:46,072 [INFO] ThirdParty:1030 - CMSIS Pack Vendor :STMicroelectronics USB_HOST 1.0.0
2025-05-08 14:21:46,072 [INFO] ThirdParty:1030 - CMSIS Pack Vendor :STMicroelectronics X-CUBE-TOF1 3.3.1
2025-05-08 14:21:46,073 [INFO] ThirdParty:1030 - CMSIS Pack Vendor :STMicroelectronics X-CUBE-AZRTOS-G4 2.0.0
2025-05-08 14:21:46,073 [INFO] ThirdParty:1030 - CMSIS Pack Vendor :STMicroelectronics X-CUBE-WB05N 2.0.0
2025-05-08 14:21:46,073 [INFO] ThirdParty:1030 - CMSIS Pack Vendor :STMicroelectronics PDM2PCM 3.1.0
2025-05-08 14:21:46,073 [INFO] ThirdParty:1030 - CMSIS Pack Vendor :STMicroelectronics X-CUBE-TOF1 3.3.0
2025-05-08 14:21:46,073 [INFO] ThirdParty:1030 - CMSIS Pack Vendor :Infineon AIROC-Wi-Fi-Bluetooth-STM32 1.5.1
2025-05-08 14:21:46,073 [INFO] ThirdParty:1030 - CMSIS Pack Vendor :STMicroelectronics X-CUBE-BLEMGR 3.0.0
2025-05-08 14:21:46,073 [INFO] ThirdParty:1030 - CMSIS Pack Vendor :STMicroelectronics FP-SNS-MOTENVWB1 1.3.0
2025-05-08 14:21:46,073 [INFO] ThirdParty:1030 - CMSIS Pack Vendor :STMicroelectronics X-CUBE-NFC7 2.0.0
2025-05-08 14:21:46,073 [INFO] ThirdParty:1030 - CMSIS Pack Vendor :STMicroelectronics FP-SNS-MOTENVWB1 1.3.1
2025-05-08 14:21:46,073 [INFO] ThirdParty:1030 - CMSIS Pack Vendor :STMicroelectronics FP-ATR-SIGFOX1 3.2.0
2025-05-08 14:21:46,073 [INFO] ThirdParty:1030 - CMSIS Pack Vendor :STMicroelectronics X-CUBE-AZRTOS-L4 1.0.0
2025-05-08 14:21:46,073 [INFO] ThirdParty:1030 - CMSIS Pack Vendor :STMicroelectronics X-CUBE-ISPU 2.0.0
2025-05-08 14:21:46,073 [INFO] ThirdParty:1030 - CMSIS Pack Vendor :STMicroelectronics X-CUBE-EEPRMA1 5.1.0
2025-05-08 14:21:46,073 [INFO] ThirdParty:1030 - CMSIS Pack Vendor :STMicroelectronics MBEDTLS 2.16.2
2025-05-08 14:21:46,073 [INFO] ThirdParty:1030 - CMSIS Pack Vendor :STMicroelectronics X-CUBE-ALS 1.0.2
2025-05-08 14:21:46,073 [INFO] ThirdParty:1030 - CMSIS Pack Vendor :STMicroelectronics X-CUBE-MEMS1 10.0.0
2025-05-08 14:21:46,073 [INFO] ThirdParty:1030 - CMSIS Pack Vendor :STMicroelectronics X-CUBE-FREERTOS 1.1.0
2025-05-08 14:21:46,073 [INFO] ThirdParty:1030 - CMSIS Pack Vendor :wolfSSL I-CUBE-wolfSSL 5.7.6
2025-05-08 14:21:46,073 [INFO] ThirdParty:1030 - CMSIS Pack Vendor :STMicroelectronics X-CUBE-TOUCHGFX 4.24.0
2025-05-08 14:21:46,073 [INFO] ThirdParty:1030 - CMSIS Pack Vendor :ITTIA_DB I-CUBE-ITTIADB 8.9.0
2025-05-08 14:21:46,074 [INFO] ThirdParty:1030 - CMSIS Pack Vendor :STMicroelectronics X-CUBE-TOUCHGFX 4.24.2
2025-05-08 14:21:46,074 [INFO] ThirdParty:1030 - CMSIS Pack Vendor :STMicroelectronics X-CUBE-AZRTOS-WL 1.0.0
2025-05-08 14:21:46,074 [INFO] ThirdParty:1030 - CMSIS Pack Vendor :STMicroelectronics X-CUBE-TOUCHGFX 4.24.1
2025-05-08 14:21:46,074 [INFO] ThirdParty:1030 - CMSIS Pack Vendor :wolfSSL I-CUBE-wolfTPM 3.4.0
2025-05-08 14:21:46,074 [INFO] ThirdParty:1030 - CMSIS Pack Vendor :portGmbH I-Cube-SoM-uGOAL 1.1.0
2025-05-08 14:21:46,074 [INFO] ThirdParty:1030 - CMSIS Pack Vendor :STMicroelectronics X-CUBE-ALS 1.0.1
2025-05-08 14:21:46,074 [INFO] ThirdParty:1030 - CMSIS Pack Vendor :STMicroelectronics ThreadX 1.0.0
2025-05-08 14:21:46,074 [INFO] ThirdParty:1030 - CMSIS Pack Vendor :STMicroelectronics X-CUBE-AZRTOS-WB 1.1.0
2025-05-08 14:21:46,074 [INFO] ThirdParty:1030 - CMSIS Pack Vendor :SEGGER I-CUBE-embOS 1.3.1
2025-05-08 14:21:46,074 [INFO] ThirdParty:1030 - CMSIS Pack Vendor :STMicroelectronics X-CUBE-ALGOBUILD 1.4.0
2025-05-08 14:21:46,074 [INFO] ThirdParty:1030 - CMSIS Pack Vendor :STMicroelectronics X-CUBE-AZRTOS-H7RS 1.0.0
2025-05-08 14:21:46,074 [INFO] ThirdParty:1030 - CMSIS Pack Vendor :STMicroelectronics FP-ATR-ASTRA1 2.0.0
2025-05-08 14:21:46,074 [INFO] ThirdParty:1030 - CMSIS Pack Vendor :STMicroelectronics X-CUBE-AI 9.1.0
2025-05-08 14:21:46,074 [INFO] ThirdParty:1030 - CMSIS Pack Vendor :STMicroelectronics X-CUBE-TOF1 3.4.0
2025-05-08 14:21:46,074 [INFO] ThirdParty:1030 - CMSIS Pack Vendor :STMicroelectronics X-CUBE-TOF1 3.4.1
2025-05-08 14:21:46,074 [INFO] ThirdParty:1030 - CMSIS Pack Vendor :STMicroelectronics X-CUBE-AZRTOS-H7 3.2.0
2025-05-08 14:21:46,074 [INFO] ThirdParty:1030 - CMSIS Pack Vendor :wolfSSL I-CUBE-wolfSSH 1.4.17
2025-05-08 14:21:46,074 [INFO] ThirdParty:841 - exiting critical section [change project]
2025-05-08 14:21:46,299 [INFO] PinOutPanel:1499 - setPackage(No Configuration,No Configuration)
2025-05-08 14:21:46,300 [INFO] PinOutPanel:1499 - setPackage(STM32F103CBTx,LQFP48)
2025-05-08 14:21:46,735 [INFO] UtilMem:75 - Before build in PCC Used Memory: 235056640 Bytes (510656512)
2025-05-08 14:21:47,626 [INFO] UtilMem:75 - After build in PCC Used Memory: 341015824 Bytes (510656512)
2025-05-08 14:21:47,646 [INFO] IPUIPlugin:80 - create IPUIPlugin
2025-05-08 14:21:47,646 [INFO] IPUIPlugin:80 - create IPUIPlugin
2025-05-08 14:21:47,646 [INFO] IPUIPlugin:80 - create IPUIPlugin
2025-05-08 14:21:47,647 [INFO] IPUIPlugin:80 - create IPUIPlugin
2025-05-08 14:21:47,647 [INFO] IPUIPlugin:80 - create IPUIPlugin
2025-05-08 14:21:47,647 [INFO] IPUIPlugin:80 - create IPUIPlugin
2025-05-08 14:21:47,647 [INFO] IPUIPlugin:80 - create IPUIPlugin
2025-05-08 14:21:47,647 [INFO] IPUIPlugin:80 - create IPUIPlugin
2025-05-08 14:21:47,647 [INFO] IPUIPlugin:80 - create IPUIPlugin
2025-05-08 14:21:47,647 [INFO] IPUIPlugin:80 - create IPUIPlugin
2025-05-08 14:21:47,647 [INFO] IPUIPlugin:80 - create IPUIPlugin
2025-05-08 14:21:47,647 [INFO] IPUIPlugin:80 - create IPUIPlugin
2025-05-08 14:21:47,647 [INFO] IPUIPlugin:80 - create IPUIPlugin
2025-05-08 14:21:47,648 [INFO] IPUIPlugin:80 - create IPUIPlugin
2025-05-08 14:21:47,648 [INFO] IPUIPlugin:80 - create IPUIPlugin
2025-05-08 14:21:47,648 [INFO] IPUIPlugin:80 - create IPUIPlugin
2025-05-08 14:21:47,648 [INFO] IPUIPlugin:80 - create IPUIPlugin
2025-05-08 14:21:47,648 [INFO] IPUIPlugin:80 - create IPUIPlugin
2025-05-08 14:21:47,648 [INFO] IPUIPlugin:80 - create IPUIPlugin
2025-05-08 14:21:47,648 [INFO] IPUIPlugin:80 - create IPUIPlugin
2025-05-08 14:21:47,649 [INFO] IPUIPlugin:80 - create IPUIPlugin
2025-05-08 14:21:47,649 [INFO] IPUIPlugin:80 - create IPUIPlugin
2025-05-08 14:21:47,649 [INFO] IPUIPlugin:80 - create IPUIPlugin
2025-05-08 14:21:47,649 [INFO] IPUIPlugin:80 - create IPUIPlugin
2025-05-08 14:21:47,649 [INFO] IPUIPlugin:80 - create IPUIPlugin
2025-05-08 14:21:47,649 [INFO] IPUIPlugin:80 - create IPUIPlugin
2025-05-08 14:21:47,650 [INFO] IPUIPlugin:80 - create IPUIPlugin
2025-05-08 14:21:47,826 [ERROR] LogOutputStream:75 - [STDERR_REDIRECT] SLF4J: Failed to load class "org.slf4j.impl.StaticLoggerBinder".
2025-05-08 14:21:47,827 [ERROR] LogOutputStream:75 - [STDERR_REDIRECT] SLF4J: Defaulting to no-operation (NOP) logger implementation
2025-05-08 14:21:47,828 [ERROR] LogOutputStream:75 - [STDERR_REDIRECT] SLF4J: See http://www.slf4j.org/codes.html#StaticLoggerBinder for further details.
2025-05-08 14:21:47,882 [INFO] CADModel:165 - CPN selected for project levelSTM32F103CBT6
2025-05-08 14:21:47,882 [INFO] CADModel:114 - Register for checkConnection events
2025-05-08 14:21:47,937 [INFO] OpenFileManager:328 - Restore cursor
2025-05-08 14:21:58,306 [INFO] UtilMem:75 - End SaveConfig() Used Memory: 421060920 Bytes (510656512)
2025-05-08 14:21:58,873 [INFO] BlockDiagram:2759 - set Specific Code input for plugin: NVIC
2025-05-08 14:21:58,873 [INFO] BlockDiagram:2759 - set Specific Code input for plugin: USART
2025-05-08 14:21:58,873 [INFO] BlockDiagram:2759 - set Specific Code input for plugin: USART
2025-05-08 14:21:58,873 [INFO] BlockDiagram:2759 - set Specific Code input for plugin: SYS
2025-05-08 14:21:58,874 [INFO] BlockDiagram:2759 - set Specific Code input for plugin: GPIO
2025-05-08 14:21:58,874 [INFO] BlockDiagram:2759 - set Specific Code input for plugin: RCC
2025-05-08 14:21:58,875 [INFO] CodeGenerator:799 - code generatio: config db path: D:\ITC\STM32\STM32CubeIDE_1.13.0\STM32CubeIDE\plugins\com.st.stm32cube.common.mx_6.9.0.202307051724\\db\
2025-05-08 14:21:59,132 [INFO] CodeEngine:255 - oldGeneratedFile, D:\AIFARM\STM32_GREENB\stm32f103_nethouse\MXTmpFiles\license.tmp_save
2025-05-08 14:21:59,470 [INFO] CodeEngine:279 - Generated code: D:\AIFARM\STM32_GREENB\stm32f103_nethouse\MXTmpFiles\license.tmp
2025-05-08 14:21:59,614 [INFO] CodeEngine:255 - oldGeneratedFile, D:\AIFARM\STM32_GREENB\stm32f103_nethouse\MXTmpFiles\gpio.tmp_save
2025-05-08 14:21:59,746 [INFO] CodeEngine:279 - Generated code: D:\AIFARM\STM32_GREENB\stm32f103_nethouse\MXTmpFiles\gpio.tmp
2025-05-08 14:21:59,926 [INFO] CodeEngine:255 - oldGeneratedFile, D:\AIFARM\STM32_GREENB\stm32f103_nethouse\Core\Src\stm32f1xx_it.c_save
2025-05-08 14:22:00,071 [INFO] CodeEngine:279 - Generated code: D:\AIFARM\STM32_GREENB\stm32f103_nethouse\Core\Src\stm32f1xx_it.c
2025-05-08 14:22:00,097 [INFO] CodeEngine:255 - oldGeneratedFile, D:\AIFARM\STM32_GREENB\stm32f103_nethouse\Core\Inc\stm32f1xx_it.h_save
2025-05-08 14:22:00,188 [INFO] CodeEngine:279 - Generated code: D:\AIFARM\STM32_GREENB\stm32f103_nethouse\Core\Inc\stm32f1xx_it.h
2025-05-08 14:22:00,224 [INFO] CodeEngine:255 - oldGeneratedFile, D:\AIFARM\STM32_GREENB\stm32f103_nethouse\Core\Src\stm32f1xx_hal_msp.c_save
2025-05-08 14:22:00,356 [INFO] CodeEngine:279 - Generated code: D:\AIFARM\STM32_GREENB\stm32f103_nethouse\Core\Src\stm32f1xx_hal_msp.c
2025-05-08 14:22:00,369 [INFO] CodeEngine:255 - oldGeneratedFile, D:\AIFARM\STM32_GREENB\stm32f103_nethouse\MXTmpFiles\system.tmp_save
2025-05-08 14:22:00,439 [INFO] CodeEngine:279 - Generated code: D:\AIFARM\STM32_GREENB\stm32f103_nethouse\MXTmpFiles\system.tmp
2025-05-08 14:22:00,471 [INFO] CodeEngine:311 - oldGeneratedFile, D:\AIFARM\STM32_GREENB\stm32f103_nethouse\Core\Inc\stm32f1xx_hal_conf.h_save
2025-05-08 14:22:00,578 [INFO] CodeEngine:335 - Generated code: D:\AIFARM\STM32_GREENB\stm32f103_nethouse\Core\Inc\stm32f1xx_hal_conf.h
2025-05-08 14:22:00,633 [INFO] CodeEngine:255 - oldGeneratedFile, D:\AIFARM\STM32_GREENB\stm32f103_nethouse\Core\Inc\main.h_save
2025-05-08 14:22:00,734 [INFO] CodeEngine:279 - Generated code: D:\AIFARM\STM32_GREENB\stm32f103_nethouse\Core\Inc\main.h
2025-05-08 14:22:00,757 [INFO] CodeEngine:255 - oldGeneratedFile, D:\AIFARM\STM32_GREENB\stm32f103_nethouse\Core\Src\main.c_save
2025-05-08 14:22:00,896 [INFO] CodeEngine:279 - Generated code: D:\AIFARM\STM32_GREENB\stm32f103_nethouse\Core\Src\main.c
2025-05-08 14:22:01,617 [INFO] ProjectBuilder:3064 - Time for Copy HAL[1] : 233mS.
2025-05-08 14:22:01,623 [INFO] ProjectBuilder:4404 - Project Generator version: 4.1.0
2025-05-08 14:22:01,852 [INFO] ConfigFileManager:1457 - The Die is : DIE410
2025-05-08 14:22:01,906 [INFO] ApiDbMcu:507 - Load IP Config File for FATFS
2025-05-08 14:22:01,931 [INFO] ApiDbMcu:507 - Load IP Config File for FREERTOS
2025-05-08 14:22:01,955 [INFO] ApiDbMcu:507 - Load IP Config File for USB_DEVICE
2025-05-08 14:22:02,969 [INFO] LogOutputStream:77 - [STDOUT_REDIRECT] 
2025-05-08 14:22:04,737 [INFO] ProjectBuilder:4626 - Time for Generating toolchain IDE Files: 3113mS.
2025-05-08 14:22:04,737 [INFO] ProjectBuilder:2935 - Time for Copy CMSIS : 0mS.
2025-05-08 14:22:04,738 [INFO] ProjectBuilder:2935 - Time for Copy CMSIS : 0mS.
