2025-05-19 14:15:33,974 [INFO] Activator:176 - 


2025-05-19 14:15:33,981 [INFO] Activator:177 - !SESSION log4j initialized
2025-05-19 14:15:41,413 [INFO] LogOutputStream:77 - [STDOUT_REDIRECT] 
2025-05-19 14:15:45,274 [INFO] ApplicationProperties:184 - Using Application install path: D:\ITC\STM32\STM32CubeIDE_1.13.0\STM32CubeIDE\plugins\com.st.stm32cube.common.mx_6.9.0.202307051724
2025-05-19 14:15:45,295 [INFO] DbMcusXml:78 - Set database path to: D:\ITC\STM32\STM32CubeIDE_1.13.0\STM32CubeIDE\plugins\com.st.stm32cube.common.mx_6.9.0.202307051724\\db\/mcu/
2025-05-19 14:15:45,295 [INFO] ApiDb:274 - Set plugin database path to: D:\ITC\STM32\STM32CubeIDE_1.13.0\STM32CubeIDE\plugins\com.st.stm32cube.common.mx_6.9.0.202307051724\\db\/plugins/boardmanager/
2025-05-19 14:15:45,296 [WARN] ApiDb:259 - Overriding images path with different value:  => D:\ITC\STM32\STM32CubeIDE_1.13.0\STM32CubeIDE\plugins\com.st.stm32cube.common.mx_6.9.0.202307051724\\db\/plugins/mcufinder/images/
2025-05-19 14:15:45,312 [INFO] ApiDb:250 - Set database path to: C:\Users\msi1\.stmcufinder\plugins\mcufinder//mcu/
2025-05-19 14:15:45,313 [INFO] DbMcusAds:125 - Set database path to: C:\Users\msi1\.stmcufinder\plugins\mcufinder//mcu/
2025-05-19 14:15:45,315 [INFO] CrossReferenceDbSqlite:203 - Set database path to: C:\Users\msi1\.stmcufinder\plugins\mcufinder//mcu/cs/
2025-05-19 14:15:45,441 [INFO] RulesReader:64 - Compatibility file has been processed (293 Rules)
2025-05-19 14:15:45,530 [INFO] DbMcusXml:78 - Set database path to: D:\ITC\STM32\STM32CubeIDE_1.13.0\STM32CubeIDE\plugins\com.st.stm32cube.common.mx_6.9.0.202307051724\\db\/mcu/
2025-05-19 14:15:45,530 [INFO] ApiDb:274 - Set plugin database path to: D:\ITC\STM32\STM32CubeIDE_1.13.0\STM32CubeIDE\plugins\com.st.stm32cube.common.mx_6.9.0.202307051724\\db\/plugins/boardmanager/
2025-05-19 14:15:45,530 [INFO] ApiDb:261 - Set plugin images path to: D:\ITC\STM32\STM32CubeIDE_1.13.0\STM32CubeIDE\plugins\com.st.stm32cube.common.mx_6.9.0.202307051724\\db\/plugins/mcufinder/images/
2025-05-19 14:15:45,530 [WARN] DbFile:41 - Overriding database path with different value: C:\Users\msi1\.stmcufinder\plugins\mcufinder/ => C:\Users\msi1\.stmcufinder\plugins\mcufinder
2025-05-19 14:15:45,531 [INFO] ApiDb:250 - Set database path to: C:\Users\msi1\.stmcufinder\plugins\mcufinder//mcu/
2025-05-19 14:15:45,531 [WARN] DbFile:41 - Overriding database path with different value: C:\Users\msi1\.stmcufinder\plugins\mcufinder/ => C:\Users\msi1\.stmcufinder\plugins\mcufinder
2025-05-19 14:15:45,531 [INFO] DbMcusAds:125 - Set database path to: C:\Users\msi1\.stmcufinder\plugins\mcufinder//mcu/
2025-05-19 14:15:45,531 [WARN] DbFile:41 - Overriding database path with different value: C:\Users\msi1\.stmcufinder\plugins\mcufinder/ => C:\Users\msi1\.stmcufinder\plugins\mcufinder
2025-05-19 14:15:45,531 [WARN] DbFile:41 - Overriding database path with different value: C:\Users\msi1\.stmcufinder\plugins\mcufinder/ => C:\Users\msi1\.stmcufinder\plugins\mcufinder
2025-05-19 14:15:45,531 [INFO] CrossReferenceDbSqlite:203 - Set database path to: C:\Users\msi1\.stmcufinder\plugins\mcufinder//mcu/cs/
2025-05-19 14:15:45,618 [INFO] MainPanel:262 - HeapMemory: 268435456
2025-05-19 14:15:45,728 [INFO] DbMcusXml:78 - Set database path to: D:\ITC\STM32\STM32CubeIDE_1.13.0\STM32CubeIDE\plugins\com.st.stm32cube.common.mx_6.9.0.202307051724\\db\/mcu/
2025-05-19 14:15:45,728 [INFO] ApiDb:274 - Set plugin database path to: D:\ITC\STM32\STM32CubeIDE_1.13.0\STM32CubeIDE\plugins\com.st.stm32cube.common.mx_6.9.0.202307051724\\db\/plugins/boardmanager/
2025-05-19 14:15:45,728 [INFO] ApiDb:261 - Set plugin images path to: D:\ITC\STM32\STM32CubeIDE_1.13.0\STM32CubeIDE\plugins\com.st.stm32cube.common.mx_6.9.0.202307051724\\db\/plugins/mcufinder/images/
2025-05-19 14:15:45,729 [WARN] DbFile:41 - Overriding database path with different value: C:\Users\msi1\.stmcufinder\plugins\mcufinder/ => C:\Users\msi1\.stmcufinder\plugins\mcufinder
2025-05-19 14:15:45,729 [INFO] ApiDb:250 - Set database path to: C:\Users\msi1\.stmcufinder\plugins\mcufinder//mcu/
2025-05-19 14:15:45,729 [WARN] DbFile:41 - Overriding database path with different value: C:\Users\msi1\.stmcufinder\plugins\mcufinder/ => C:\Users\msi1\.stmcufinder\plugins\mcufinder
2025-05-19 14:15:45,729 [INFO] DbMcusAds:125 - Set database path to: C:\Users\msi1\.stmcufinder\plugins\mcufinder//mcu/
2025-05-19 14:15:45,729 [WARN] DbFile:41 - Overriding database path with different value: C:\Users\msi1\.stmcufinder\plugins\mcufinder/ => C:\Users\msi1\.stmcufinder\plugins\mcufinder
2025-05-19 14:15:45,729 [WARN] DbFile:41 - Overriding database path with different value: C:\Users\msi1\.stmcufinder\plugins\mcufinder/ => C:\Users\msi1\.stmcufinder\plugins\mcufinder
2025-05-19 14:15:45,729 [INFO] CrossReferenceDbSqlite:203 - Set database path to: C:\Users\msi1\.stmcufinder\plugins\mcufinder//mcu/cs/
2025-05-19 14:15:45,748 [INFO] ApplicationProperties:184 - Using Application install path: D:\ITC\STM32\STM32CubeIDE_1.13.0\STM32CubeIDE\plugins\com.st.stm32cube.common.mx_6.9.0.202307051724
2025-05-19 14:15:45,749 [INFO] PluginManage:196 - Search for loadable plugins [exclusion list=, ]
2025-05-19 14:15:45,750 [INFO] PluginManage:310 - Check plugin analytics
2025-05-19 14:15:45,902 [INFO] AnalyticsPlugin:253 - Accepted Software Licenses: 
2025-05-19 14:15:45,902 [INFO] AnalyticsPlugin:255 - Accepted CMSIS Pack Licenses: 
2025-05-19 14:15:45,903 [INFO] AnalyticsPlugin:257 - Accepted Firmware Licenses: FW.F4.1.27.0
2025-05-19 14:15:45,905 [INFO] PluginManage:359 - Loaded plugin analytics (category:tool,tabindex:-1)
2025-05-19 14:15:45,905 [INFO] PluginManage:310 - Check plugin cadmodel
2025-05-19 14:15:45,926 [INFO] CADModel:105 - Init CAD model plugin
2025-05-19 14:15:45,926 [INFO] PluginManage:359 - Loaded plugin cadmodel (category:power,tabindex:5)
2025-05-19 14:15:45,926 [INFO] PluginManage:310 - Check plugin clock
2025-05-19 14:15:45,954 [INFO] PluginManage:359 - Loaded plugin clock (category:base,tabindex:2)
2025-05-19 14:15:45,954 [INFO] PluginManage:310 - Check plugin ddr
2025-05-19 14:15:45,956 [INFO] PluginManage:359 - Loaded plugin ddr (category:tool,tabindex:6)
2025-05-19 14:15:45,956 [INFO] PluginManage:310 - Check plugin filemanager
2025-05-19 14:15:46,099 [INFO] PluginManage:359 - Loaded plugin filemanager (category:base,tabindex:10)
2025-05-19 14:15:46,099 [INFO] PluginManage:310 - Check plugin ipmanager
2025-05-19 14:15:46,107 [INFO] PluginManage:359 - Loaded plugin ipmanager (category:base,tabindex:5)
2025-05-19 14:15:46,107 [INFO] PluginManage:310 - Check plugin lpbam
2025-05-19 14:15:46,125 [INFO] PluginManage:359 - Loaded plugin lpbam (category:base,tabindex:0)
2025-05-19 14:15:46,126 [INFO] PluginManage:310 - Check plugin memorymap
2025-05-19 14:15:46,153 [INFO] PluginManage:359 - Loaded plugin memorymap (category:base,tabindex:4)
2025-05-19 14:15:46,153 [INFO] PluginManage:310 - Check plugin pinoutandconfiguration
2025-05-19 14:15:46,172 [INFO] PluginManage:359 - Loaded plugin pinoutandconfiguration (category:base,tabindex:1)
2025-05-19 14:15:46,172 [INFO] PluginManage:310 - Check plugin pinoutconfig
2025-05-19 14:15:46,278 [WARN] SupportedApi:132 - Cannot load RTOS API schema: s4s-elt-must-match.1: The content of 'definitions' must match (annotation?, (simpleType | complexType)?, (unique | key | keyref)*)). A problem was found starting at: attribute.
2025-05-19 14:15:46,419 [INFO] PluginManage:359 - Loaded plugin pinoutconfig (category:base,tabindex:0)
2025-05-19 14:15:46,419 [INFO] PluginManage:310 - Check plugin power
2025-05-19 14:15:46,449 [INFO] PluginManage:359 - Loaded plugin power (category:power,tabindex:4)
2025-05-19 14:15:46,449 [INFO] PluginManage:310 - Check plugin projectmanager
2025-05-19 14:15:46,470 [INFO] PluginManage:359 - Loaded plugin projectmanager (category:projectmanager,tabindex:3)
2025-05-19 14:15:46,470 [INFO] PluginManage:310 - Check plugin thirdparty
2025-05-19 14:15:46,778 [INFO] PluginManage:359 - Loaded plugin thirdparty (category:base,tabindex:-1)
2025-05-19 14:15:46,778 [WARN] IntegrityCheckThread:84 - waiting for thirdparty lock release [integrity check]
2025-05-19 14:15:46,778 [INFO] PluginManage:310 - Check plugin tools
2025-05-19 14:15:46,778 [INFO] IntegrityCheckThread:86 - entering critical section [integrity check]
2025-05-19 14:15:46,779 [INFO] ThirdPartyUpdaterWithRetryManager:70 - Updater plugin not ready yet. [1/15]
2025-05-19 14:15:46,823 [INFO] PluginManage:359 - Loaded plugin tools (category:base,tabindex:7)
2025-05-19 14:15:46,823 [INFO] PluginManage:310 - Check plugin tutovideos
2025-05-19 14:15:47,063 [INFO] PluginManage:359 - Loaded plugin tutovideos (category:base,tabindex:-1)
2025-05-19 14:15:47,064 [INFO] PluginManage:310 - Check plugin updater
2025-05-19 14:15:47,075 [INFO] PluginManage:359 - Loaded plugin updater (category:base,tabindex:12)
2025-05-19 14:15:47,075 [INFO] PluginManage:310 - Check plugin userauth
2025-05-19 14:15:47,082 [INFO] UserAuth:113 - Init User Auth plugin
2025-05-19 14:15:47,082 [INFO] PluginManage:359 - Loaded plugin userauth (category:base,tabindex:14)
2025-05-19 14:15:47,083 [INFO] PluginManage:283 - PluginManage : Loaded plugins [17]
2025-05-19 14:15:47,326 [INFO] PinOutPanel:1499 - setPackage(No Configuration,No Configuration)
2025-05-19 14:15:47,445 [INFO] CADModel:165 - CPN selected for project level
2025-05-19 14:15:47,445 [INFO] CADModel:114 - Register for checkConnection events
2025-05-19 14:15:47,480 [INFO] IPUIPlugin:80 - create IPUIPlugin
2025-05-19 14:15:47,480 [INFO] PluginManager:220 - loadIPPluginJar : add adc
2025-05-19 14:15:47,536 [INFO] IPUIPlugin:80 - create IPUIPlugin
2025-05-19 14:15:47,536 [INFO] PluginManager:220 - loadIPPluginJar : add aes
2025-05-19 14:15:47,589 [INFO] IPUIPlugin:80 - create IPUIPlugin
2025-05-19 14:15:47,589 [INFO] PluginManager:220 - loadIPPluginJar : add can
2025-05-19 14:15:47,621 [INFO] IPUIPlugin:80 - create IPUIPlugin
2025-05-19 14:15:47,621 [INFO] PluginManager:220 - loadIPPluginJar : add comp
2025-05-19 14:15:47,664 [INFO] IPUIPlugin:80 - create IPUIPlugin
2025-05-19 14:15:47,664 [INFO] PluginManager:220 - loadIPPluginJar : add cryp
2025-05-19 14:15:47,704 [INFO] IPUIPlugin:80 - create IPUIPlugin
2025-05-19 14:15:47,704 [INFO] PluginManager:220 - loadIPPluginJar : add dfsdm
2025-05-19 14:15:47,719 [INFO] IPUIPlugin:80 - create IPUIPlugin
2025-05-19 14:15:47,720 [INFO] PluginManager:220 - loadIPPluginJar : add dma
2025-05-19 14:15:47,772 [INFO] IPUIPlugin:80 - create IPUIPlugin
2025-05-19 14:15:47,772 [INFO] PluginManager:220 - loadIPPluginJar : add dma3
2025-05-19 14:15:47,797 [INFO] IPUIPlugin:80 - create IPUIPlugin
2025-05-19 14:15:47,798 [INFO] PluginManager:220 - loadIPPluginJar : add fatfs
2025-05-19 14:15:47,847 [INFO] IPUIPlugin:80 - create IPUIPlugin
2025-05-19 14:15:47,847 [INFO] PluginManager:220 - loadIPPluginJar : add fmc
2025-05-19 14:15:47,865 [INFO] IPUIPlugin:80 - create IPUIPlugin
2025-05-19 14:15:47,865 [INFO] PluginManager:220 - loadIPPluginJar : add freertos
2025-05-19 14:15:47,890 [INFO] IPUIPlugin:80 - create IPUIPlugin
2025-05-19 14:15:47,891 [INFO] PluginManager:220 - loadIPPluginJar : add genericplugin
2025-05-19 14:15:48,000 [INFO] IPUIPlugin:80 - create IPUIPlugin
2025-05-19 14:15:48,001 [INFO] PluginManager:220 - loadIPPluginJar : add gfxmmu
2025-05-19 14:15:48,147 [INFO] IPUIPlugin:80 - create IPUIPlugin
2025-05-19 14:15:48,147 [INFO] PluginManager:220 - loadIPPluginJar : add gic
2025-05-19 14:15:48,162 [INFO] IPUIPlugin:80 - create IPUIPlugin
2025-05-19 14:15:48,162 [INFO] PluginManager:220 - loadIPPluginJar : add gpio
2025-05-19 14:15:48,264 [INFO] IPUIPlugin:80 - create IPUIPlugin
2025-05-19 14:15:48,264 [INFO] PluginManager:220 - loadIPPluginJar : add gtzc
2025-05-19 14:15:48,303 [INFO] IPUIPlugin:80 - create IPUIPlugin
2025-05-19 14:15:48,303 [INFO] PluginManager:220 - loadIPPluginJar : add hash
2025-05-19 14:15:48,368 [INFO] IPUIPlugin:80 - create IPUIPlugin
2025-05-19 14:15:48,369 [INFO] PluginManager:220 - loadIPPluginJar : add i2c
2025-05-19 14:15:48,419 [INFO] IPUIPlugin:80 - create IPUIPlugin
2025-05-19 14:15:48,419 [INFO] PluginManager:220 - loadIPPluginJar : add i2s
2025-05-19 14:15:48,475 [INFO] IPUIPlugin:80 - create IPUIPlugin
2025-05-19 14:15:48,475 [INFO] PluginManager:220 - loadIPPluginJar : add i3c
2025-05-19 14:15:48,597 [INFO] IPUIPlugin:80 - create IPUIPlugin
2025-05-19 14:15:48,597 [INFO] PluginManager:220 - loadIPPluginJar : add ipddr
2025-05-19 14:15:48,701 [INFO] IPUIPlugin:80 - create IPUIPlugin
2025-05-19 14:15:48,701 [INFO] PluginManager:220 - loadIPPluginJar : add linkedlist
2025-05-19 14:15:48,755 [INFO] IPUIPlugin:80 - create IPUIPlugin
2025-05-19 14:15:48,755 [INFO] PluginManager:220 - loadIPPluginJar : add lorawan
2025-05-19 14:15:48,824 [INFO] IPUIPlugin:80 - create IPUIPlugin
2025-05-19 14:15:48,824 [INFO] PluginManager:220 - loadIPPluginJar : add ltdc
2025-05-19 14:15:48,847 [INFO] IPUIPlugin:80 - create IPUIPlugin
2025-05-19 14:15:48,848 [INFO] PluginManager:220 - loadIPPluginJar : add mdma
2025-05-19 14:15:48,869 [INFO] IPUIPlugin:80 - create IPUIPlugin
2025-05-19 14:15:48,869 [INFO] PluginManager:220 - loadIPPluginJar : add nvic
2025-05-19 14:15:48,921 [INFO] IPUIPlugin:80 - create IPUIPlugin
2025-05-19 14:15:48,921 [INFO] PluginManager:220 - loadIPPluginJar : add opamp
2025-05-19 14:15:49,000 [INFO] IPUIPlugin:80 - create IPUIPlugin
2025-05-19 14:15:49,000 [INFO] PluginManager:220 - loadIPPluginJar : add openamp
2025-05-19 14:15:49,055 [INFO] IPUIPlugin:80 - create IPUIPlugin
2025-05-19 14:15:49,055 [INFO] PluginManager:220 - loadIPPluginJar : add pdm2pcm
2025-05-19 14:15:49,076 [INFO] IPUIPlugin:80 - create IPUIPlugin
2025-05-19 14:15:49,079 [INFO] PluginManager:220 - loadIPPluginJar : add plateformsettings
2025-05-19 14:15:49,110 [INFO] IPUIPlugin:80 - create IPUIPlugin
2025-05-19 14:15:49,110 [INFO] PluginManager:220 - loadIPPluginJar : add quadspi
2025-05-19 14:15:49,126 [INFO] IPUIPlugin:80 - create IPUIPlugin
2025-05-19 14:15:49,127 [INFO] PluginManager:220 - loadIPPluginJar : add resmgrutility
2025-05-19 14:15:49,180 [INFO] IPUIPlugin:80 - create IPUIPlugin
2025-05-19 14:15:49,180 [INFO] PluginManager:220 - loadIPPluginJar : add sai
2025-05-19 14:15:49,221 [INFO] IPUIPlugin:80 - create IPUIPlugin
2025-05-19 14:15:49,221 [INFO] PluginManager:220 - loadIPPluginJar : add spi
2025-05-19 14:15:49,285 [INFO] IPUIPlugin:80 - create IPUIPlugin
2025-05-19 14:15:49,286 [INFO] PluginManager:220 - loadIPPluginJar : add stm32_wpan
2025-05-19 14:15:49,312 [INFO] IPUIPlugin:80 - create IPUIPlugin
2025-05-19 14:15:49,312 [INFO] PluginManager:220 - loadIPPluginJar : add tim
2025-05-19 14:15:49,376 [INFO] IPUIPlugin:80 - create IPUIPlugin
2025-05-19 14:15:49,376 [INFO] PluginManager:220 - loadIPPluginJar : add touchsensing
2025-05-19 14:15:49,404 [INFO] IPUIPlugin:80 - create IPUIPlugin
2025-05-19 14:15:49,404 [INFO] PluginManager:220 - loadIPPluginJar : add tracer_emb
2025-05-19 14:15:49,432 [INFO] IPUIPlugin:80 - create IPUIPlugin
2025-05-19 14:15:49,432 [INFO] PluginManager:220 - loadIPPluginJar : add ts
2025-05-19 14:15:49,458 [INFO] IPUIPlugin:80 - create IPUIPlugin
2025-05-19 14:15:49,458 [INFO] PluginManager:220 - loadIPPluginJar : add tsc
2025-05-19 14:15:49,486 [INFO] IPUIPlugin:80 - create IPUIPlugin
2025-05-19 14:15:49,486 [INFO] PluginManager:220 - loadIPPluginJar : add ucpd
2025-05-19 14:15:49,535 [INFO] IPUIPlugin:80 - create IPUIPlugin
2025-05-19 14:15:49,535 [INFO] PluginManager:220 - loadIPPluginJar : add usart
2025-05-19 14:15:49,586 [INFO] IPUIPlugin:80 - create IPUIPlugin
2025-05-19 14:15:49,586 [INFO] PluginManager:220 - loadIPPluginJar : add usbx
2025-05-19 14:15:49,723 [INFO] CADModel:165 - CPN selected for project level
2025-05-19 14:15:49,723 [INFO] CADModel:114 - Register for checkConnection events
2025-05-19 14:15:49,724 [FATAL] Updater:308 - Updater called before beeing initialized
2025-05-19 14:15:49,724 [ERROR] CADModel:125 - Updater not yet initialized, retry later 
2025-05-19 14:15:49,792 [INFO] ThirdPartyUpdaterWithRetryManager:70 - Updater plugin not ready yet. [2/15]
2025-05-19 14:15:49,871 [INFO] CADModel:165 - CPN selected for project level
2025-05-19 14:15:49,871 [INFO] CADModel:114 - Register for checkConnection events
2025-05-19 14:15:49,871 [FATAL] Updater:308 - Updater called before beeing initialized
2025-05-19 14:15:49,871 [ERROR] CADModel:125 - Updater not yet initialized, retry later 
2025-05-19 14:15:49,875 [FATAL] Updater:308 - Updater called before beeing initialized
2025-05-19 14:15:49,987 [FATAL] Updater:308 - Updater called before beeing initialized
2025-05-19 14:15:50,000 [INFO] DbMcusAds:53 - JSON generation date=Tue Dec 17 23:01:15 ICT 2024 (1734451275230)
2025-05-19 14:15:50,000 [FATAL] Updater:308 - Updater called before beeing initialized
2025-05-19 14:15:50,099 [WARN] DetailPanel:346 - Failed to get advertising image, set to default
2025-05-19 14:15:50,186 [FATAL] Updater:308 - Updater called before beeing initialized
2025-05-19 14:15:50,188 [FATAL] Updater:308 - Updater called before beeing initialized
2025-05-19 14:15:50,188 [FATAL] Updater:308 - Updater called before beeing initialized
2025-05-19 14:15:50,188 [WARN] DetailPanel:346 - Failed to get advertising image, set to default
2025-05-19 14:15:50,189 [FATAL] Updater:308 - Updater called before beeing initialized
2025-05-19 14:15:50,254 [ERROR] Updater:1120 - MainUpdater not yet initialized. External WinMGr cannot be set.
2025-05-19 14:15:50,267 [INFO] Updater:1056 - Updater Version found : 6.9.0
2025-05-19 14:15:50,290 [INFO] ApplicationProperties:184 - Using Application install path: D:\ITC\STM32\STM32CubeIDE_1.13.0\STM32CubeIDE\plugins\com.st.stm32cube.common.mx_6.9.0.202307051724
2025-05-19 14:15:50,601 [INFO] MainUpdater:2868 - connection check result : 10
2025-05-19 14:15:50,601 [INFO] MainUpdater:3562 - Updater definition file requires update
2025-05-19 14:15:50,602 [INFO] MainUpdater:285 - Updater Check For Update Now.
2025-05-19 14:15:50,603 [INFO] MicroXplorer:498 - Change Database Version : DB.6.0.90
2025-05-19 14:15:50,624 [INFO] McuFinderGlobals:63 - Set McuFinder mode to 2 (CubeIDE integrated)
2025-05-19 14:15:50,852 [INFO] ServerAccessManage:473 - Download File updaters.zip
2025-05-19 14:15:51,462 [INFO] FileExtend:240 - Unzip File : updaters.zip
2025-05-19 14:15:51,462 [INFO] FileExtend:255 - Standard Zip Deflate
2025-05-19 14:15:52,785 [INFO] ServerAccessManage:473 - Download File PacksControlFlags.xml
2025-05-19 14:15:52,797 [WARN] MainUpdater:1189 - Updater busy. Cannot search thirdparties
2025-05-19 14:15:52,797 [INFO] ThirdPartyUpdaterWithRetryManager:96 - Updater plugin is busy. [1/15]
2025-05-19 14:15:53,222 [INFO] ServerAccessManage:473 - Download File cubemx.pidx
2025-05-19 14:15:53,372 [INFO] LoadServerUpdatesThread:373 - End of LoadServerUpdate Thread
2025-05-19 14:15:53,580 [INFO] CheckServerUpdateThread:120 - End of CheckServer Thread
2025-05-19 14:15:56,264 [WARN] PackLoader:240 - Cannot read IP mode file for STMicroelectronics.FP-SNS-MOTENVWB1.1.4.0
2025-05-19 14:15:56,285 [WARN] PackLoader:240 - Cannot read IP mode file for STMicroelectronics.FP-ATR-ASTRA1.2.0.2
2025-05-19 14:15:56,297 [WARN] PackLoader:240 - Cannot read IP mode file for STMicroelectronics.FP-ATR-ASTRA1.2.0.1
2025-05-19 14:15:56,314 [WARN] PackLoader:240 - Cannot read IP mode file for STMicroelectronics.X-CUBE-SMBUS.2.1.0
2025-05-19 14:15:56,330 [WARN] PackLoader:240 - Cannot read IP mode file for STMicroelectronics.X-CUBE-WB05N.1.1.0
2025-05-19 14:15:56,350 [WARN] PackLoader:240 - Cannot read IP mode file for STMicroelectronics.X-CUBE-TOUCHGFX.4.23.0
2025-05-19 14:15:56,365 [WARN] PackLoader:240 - Cannot read IP mode file for STMicroelectronics.X-CUBE-TOUCHGFX.4.23.2
2025-05-19 14:15:56,414 [WARN] PackLoader:240 - Cannot read IP mode file for STMicroelectronics.X-CUBE-AZRTOS-F7.1.1.0
2025-05-19 14:15:56,438 [ERROR] RealEvaluatedCondition:428 - Found unsupported composite condition: CLASS='Data Exchange' GROUP='STM32_MetaDataManager'
2025-05-19 14:15:56,439 [ERROR] RealEvaluatedCondition:428 - Found unsupported composite condition: CLASS='Data Exchange' GROUP='STM32_MetaDataManager'
2025-05-19 14:15:56,440 [WARN] PackLoader:240 - Cannot read IP mode file for STMicroelectronics.FP-SNS-MOTENV1.4.3.0
2025-05-19 14:15:56,462 [WARN] PackLoader:240 - Cannot read IP mode file for STMicroelectronics.FP-SNS-MOTENV1.4.3.2
2025-05-19 14:15:56,485 [WARN] PackLoader:240 - Cannot read IP mode file for STMicroelectronics.FP-SNS-FLIGHT1.5.0.0
2025-05-19 14:15:56,505 [WARN] PackLoader:240 - Cannot read IP mode file for STMicroelectronics.X-CUBE-BLE1.6.2.4
2025-05-19 14:15:56,525 [WARN] PackLoader:240 - Cannot read IP mode file for STMicroelectronics.FP-SNS-FLIGHT1.5.0.2
2025-05-19 14:15:56,550 [ERROR] Engine:466 - C:\Users\msi1\.stm32cubemx\thirdparties\pdsc\Infineon.AIROC-Wi-Fi-Bluetooth-STM32.1.7.0.pdsc: PDSC version is not supported
2025-05-19 14:15:56,569 [WARN] PackLoader:240 - Cannot read IP mode file for STMicroelectronics.X-CUBE-DISPLAY.3.0.0
2025-05-19 14:15:56,594 [WARN] PackLoader:240 - Cannot read IP mode file for STMicroelectronics.X-CUBE-BLE1.7.0.0
2025-05-19 14:15:56,610 [WARN] PackLoader:240 - Cannot read IP mode file for STMicroelectronics.X-CUBE-NFC10.1.0.0
2025-05-19 14:15:56,627 [ERROR] Engine:466 - C:\Users\msi1\.stm32cubemx\thirdparties\pdsc\STMicroelectronics.X-CUBE-BLEMGR.4.0.0.pdsc: PDSC version is not supported
2025-05-19 14:15:56,642 [WARN] PackLoader:240 - Cannot read IP mode file for emotas.I-CUBE-CANOPEN.1.3.0
2025-05-19 14:15:56,662 [WARN] PackLoader:240 - Cannot read IP mode file for STMicroelectronics.X-CUBE-TOUCHGFX.4.22.0
2025-05-19 14:15:56,682 [WARN] PackLoader:240 - Cannot read IP mode file for STMicroelectronics.X-CUBE-TOUCHGFX.4.22.1
2025-05-19 14:15:56,711 [WARN] PackLoader:240 - Cannot read IP mode file for STMicroelectronics.X-CUBE-BLEMGR.3.1.0
2025-05-19 14:15:56,734 [WARN] PackLoader:240 - Cannot read IP mode file for STMicroelectronics.X-CUBE-AI.10.0.0
2025-05-19 14:15:56,750 [WARN] PackLoader:240 - Cannot read IP mode file for STMicroelectronics.FP-SNS-SMARTAG2.1.2.0
2025-05-19 14:15:56,767 [ERROR] Engine:466 - C:\Users\msi1\.stm32cubemx\thirdparties\pdsc\STMicroelectronics.FP-SNS-FLIGHT1.5.1.0.pdsc: PDSC version is not supported
2025-05-19 14:15:56,857 [WARN] PackLoader:240 - Cannot read IP mode file for STMicroelectronics.X-CUBE-MEMS1.11.1.0
2025-05-19 14:15:57,037 [INFO] LogOutputStream:77 - [STDOUT_REDIRECT] 1 : Invalid condition id : UX_CORESTACK_Condition cause : null
2025-05-19 14:15:57,038 [INFO] LogOutputStream:77 - [STDOUT_REDIRECT] 1 : Invalid condition id : UX_CORESTACK_Condition cause : null
2025-05-19 14:15:57,039 [INFO] LogOutputStream:77 - [STDOUT_REDIRECT] 1 : Invalid condition id : UX_CORESTACK_Condition cause : null
2025-05-19 14:15:57,041 [INFO] LogOutputStream:77 - [STDOUT_REDIRECT] 1 : Invalid condition id : UX_CORESTACK_Condition cause : null
2025-05-19 14:15:57,042 [INFO] LogOutputStream:77 - [STDOUT_REDIRECT] 1 : Invalid condition id : UX_CORESTACK_Condition cause : null
2025-05-19 14:15:57,046 [WARN] PackLoader:240 - Cannot read IP mode file for STMicroelectronics.X-CUBE-AZRTOS-WL.2.0.0
2025-05-19 14:15:57,068 [WARN] PackLoader:240 - Cannot read IP mode file for STMicroelectronics.FP-SNS-MOTENV1.5.0.0
2025-05-19 14:15:57,089 [WARN] PackLoader:240 - Cannot read IP mode file for wolfSSL.I-CUBE-wolfMQTT.1.19.0
2025-05-19 14:15:57,116 [WARN] PackLoader:240 - Cannot read IP mode file for WES.I-CUBE-Cesium.1.3.0
2025-05-19 14:15:57,139 [WARN] PackLoader:240 - Cannot read IP mode file for STMicroelectronics.X-CUBE-BLE2.3.3.0
2025-05-19 14:15:57,164 [WARN] PackLoader:240 - Cannot read IP mode file for STMicroelectronics.X-CUBE-NFC9.1.0.0
2025-05-19 14:15:57,188 [WARN] PackLoader:240 - Cannot read IP mode file for STMicroelectronics.X-CUBE-BLE1.7.1.0
2025-05-19 14:15:57,212 [WARN] PackLoader:240 - Cannot read IP mode file for STMicroelectronics.X-CUBE-TCPP.4.1.0
2025-05-19 14:15:57,239 [WARN] PackLoader:240 - Cannot read IP mode file for STMicroelectronics.X-CUBE-TOUCHGFX.4.21.4
2025-05-19 14:15:57,262 [WARN] PackLoader:240 - Cannot read IP mode file for STMicroelectronics.X-CUBE-ALGOBUILD.1.3.0
2025-05-19 14:15:57,338 [WARN] PackLoader:240 - Cannot read IP mode file for STMicroelectronics.X-CUBE-MEMS1.11.2.0
2025-05-19 14:15:57,504 [WARN] PackLoader:240 - Cannot read IP mode file for STMicroelectronics.X-CUBE-AZRTOS-G0.1.1.0
2025-05-19 14:15:57,526 [WARN] PackLoader:240 - Cannot read IP mode file for STMicroelectronics.X-CUBE-SAFEA1.1.2.2
2025-05-19 14:15:57,553 [WARN] PackLoader:240 - Cannot read IP mode file for STMicroelectronics.X-CUBE-NFC4.3.0.0
2025-05-19 14:15:57,576 [WARN] PackLoader:240 - Cannot read IP mode file for wolfSSL.I-CUBE-wolfMQTT.1.18.0
2025-05-19 14:15:57,595 [ERROR] Engine:466 - C:\Users\msi1\.stm32cubemx\thirdparties\pdsc\EmbeddedOffice.I-CUBE-FS-RTOS.1.0.1.pdsc: PDSC version is not supported
2025-05-19 14:15:57,615 [WARN] PackLoader:240 - Cannot read IP mode file for STMicroelectronics.X-CUBE-WB05N.2.0.0
2025-05-19 14:15:57,640 [WARN] PackLoader:240 - Cannot read IP mode file for STMicroelectronics.X-CUBE-BLEMGR.3.0.0
2025-05-19 14:15:57,660 [ERROR] Engine:466 - C:\Users\msi1\.stm32cubemx\thirdparties\pdsc\STMicroelectronics.X-CUBE-TCPP.4.2.0.pdsc: PDSC version is not supported
2025-05-19 14:15:57,679 [ERROR] Engine:466 - C:\Users\msi1\.stm32cubemx\thirdparties\pdsc\RealThread.X-CUBE-RT-Thread_Nano.4.1.1.pdsc: PDSC version is not supported
2025-05-19 14:15:57,699 [WARN] PackLoader:240 - Cannot read IP mode file for STMicroelectronics.FP-ATR-SIGFOX1.3.2.0
2025-05-19 14:15:57,719 [ERROR] Engine:466 - C:\Users\msi1\.stm32cubemx\thirdparties\pdsc\quantropi.X-CUBE-qispace-sdk-base.1.9.3.pdsc: PDSC version is not supported
2025-05-19 14:15:57,739 [WARN] PackLoader:240 - Cannot read IP mode file for STMicroelectronics.X-CUBE-EEPRMA1.5.1.0
2025-05-19 14:15:57,762 [WARN] PackLoader:240 - Cannot read IP mode file for wolfSSL.I-CUBE-wolfSSL.5.7.6
2025-05-19 14:15:57,786 [WARN] PackLoader:240 - Cannot read IP mode file for ITTIA_DB.I-CUBE-ITTIADB.8.9.0
2025-05-19 14:15:57,835 [WARN] PackLoader:240 - Cannot read IP mode file for SEGGER.I-CUBE-embOS.1.3.1
2025-05-19 14:15:57,882 [WARN] PackLoader:240 - Cannot read IP mode file for STMicroelectronics.X-CUBE-ALGOBUILD.1.4.0
2025-05-19 14:15:57,901 [WARN] PackLoader:240 - Cannot read IP mode file for STMicroelectronics.X-CUBE-AI.9.1.0
2025-05-19 14:15:57,921 [WARN] PackLoader:240 - Cannot read IP mode file for STMicroelectronics.X-CUBE-GNSS1.6.0.0
2025-05-19 14:15:57,959 [WARN] PackLoader:240 - Cannot read IP mode file for STMicroelectronics.X-CUBE-AZRTOS-F4.1.1.0
2025-05-19 14:15:57,978 [ERROR] Engine:466 - C:\Users\msi1\.stm32cubemx\thirdparties\pdsc\Avnet-IotConnect.X-CUBE-IoTC-DA16k-PMOD.1.0.0.pdsc: PDSC version is not supported
2025-05-19 14:15:57,993 [WARN] PackLoader:240 - Cannot read IP mode file for wolfSSL.I-CUBE-wolfSSL.5.6.0
2025-05-19 14:15:58,010 [WARN] PackLoader:240 - Cannot read IP mode file for STMicroelectronics.X-CUBE-ISPU.2.1.0
2025-05-19 14:15:58,028 [WARN] PackLoader:240 - Cannot read IP mode file for STMicroelectronics.X-CUBE-FREERTOS.1.2.0
2025-05-19 14:15:58,062 [WARN] PackLoader:240 - Cannot read IP mode file for STMicroelectronics.X-CUBE-AZRTOS-L5.2.0.0
2025-05-19 14:15:58,125 [WARN] PackLoader:240 - Cannot read IP mode file for STMicroelectronics.X-CUBE-MEMS1.9.6.0
2025-05-19 14:15:58,302 [WARN] PackLoader:240 - Cannot read IP mode file for STMicroelectronics.X-CUBE-EEPRMA1.4.2.0
2025-05-19 14:15:58,335 [WARN] PackLoader:240 - Cannot read IP mode file for STMicroelectronics.X-CUBE-NFC6.3.1.0
2025-05-19 14:15:58,363 [WARN] PackLoader:240 - Cannot read IP mode file for ITTIA_DB.I-CUBE-ITTIADB.8.8.0
2025-05-19 14:15:58,395 [WARN] PackLoader:240 - Cannot read IP mode file for emotas.I-CUBE-CANOPEN.1.1.3
2025-05-19 14:15:58,425 [WARN] PackLoader:240 - Cannot read IP mode file for STMicroelectronics.X-CUBE-BLEMGR.2.0.0
2025-05-19 14:15:58,444 [ERROR] Engine:466 - C:\Users\msi1\.stm32cubemx\thirdparties\pdsc\STMicroelectronics.X-CUBE-DPower.1.2.0.pdsc: PDSC version is not supported
2025-05-19 14:15:58,465 [WARN] PackLoader:240 - Cannot read IP mode file for STMicroelectronics.X-CUBE-AI.9.0.0
2025-05-19 14:15:58,518 [WARN] ConditionMgr:438 - getConditionDescription Invalid condition id : UX DEVICE CLASS RTOS Condition cause : null
2025-05-19 14:15:58,518 [WARN] ConditionMgr:438 - getConditionDescription Invalid condition id : UX DEVICE CLASS RTOS Condition cause : null
2025-05-19 14:15:58,521 [WARN] PackLoader:240 - Cannot read IP mode file for STMicroelectronics.X-CUBE-AZRTOS-H7.3.1.0
2025-05-19 14:15:58,522 [WARN] ConditionMgr:1039 - genDependencies : Invalid condition id : UX DEVICE CLASS RTOS Condition cause : null
2025-05-19 14:15:58,523 [WARN] ConditionMgr:1039 - genDependencies : Invalid condition id : UX DEVICE CLASS RTOS Condition cause : null
2025-05-19 14:15:58,523 [WARN] ConditionMgr:1039 - genDependencies : Invalid condition id : UX DEVICE CLASS RTOS Condition cause : null
2025-05-19 14:15:58,524 [WARN] ConditionMgr:1039 - genDependencies : Invalid condition id : UX DEVICE CLASS RTOS Condition cause : null
2025-05-19 14:15:58,524 [WARN] ConditionMgr:1039 - genDependencies : Invalid condition id : UX DEVICE CLASS RTOS Condition cause : null
2025-05-19 14:15:58,546 [WARN] PackLoader:240 - Cannot read IP mode file for STMicroelectronics.X-CUBE-FREERTOS.1.3.1
2025-05-19 14:15:58,564 [WARN] PackLoader:240 - Cannot read IP mode file for STMicroelectronics.X-CUBE-FREERTOS.1.3.0
2025-05-19 14:15:58,585 [WARN] PackLoader:240 - Cannot read IP mode file for STMicroelectronics.X-CUBE-NFC7.1.0.1
2025-05-19 14:15:58,603 [WARN] PackLoader:240 - Cannot read IP mode file for STMicroelectronics.X-CUBE-NFC7.1.0.0
2025-05-19 14:15:58,622 [WARN] PackLoader:240 - Cannot read IP mode file for wolfSSL.I-CUBE-wolfTPM.3.2.0
2025-05-19 14:15:58,639 [WARN] PackLoader:240 - Cannot read IP mode file for STMicroelectronics.X-CUBE-NFC6.3.0.0
2025-05-19 14:15:58,656 [WARN] PackLoader:240 - Cannot read IP mode file for STMicroelectronics.X-CUBE-EEPRMA1.4.1.0
2025-05-19 14:15:58,677 [ERROR] Engine:466 - C:\Users\msi1\.stm32cubemx\thirdparties\pdsc\STMicroelectronics.X-CUBE-DPower.1.3.0.pdsc: PDSC version is not supported
2025-05-19 14:15:58,692 [WARN] PackLoader:240 - Cannot read IP mode file for STMicroelectronics.X-CUBE-AI.8.1.0
2025-05-19 14:15:58,733 [WARN] ConditionMgr:438 - getConditionDescription Invalid condition id : LAN8742 Phy interface Condition cause : null
2025-05-19 14:15:58,733 [WARN] PackLoader:240 - Cannot read IP mode file for STMicroelectronics.X-CUBE-AZRTOS-L4.2.0.0
2025-05-19 14:15:58,735 [WARN] ConditionMgr:1039 - genDependencies : Invalid condition id : LAN8742 Phy interface Condition cause : null
2025-05-19 14:15:58,735 [WARN] ConditionMgr:1039 - genDependencies : Invalid condition id : LAN8742 Phy interface Condition cause : null
2025-05-19 14:15:58,735 [WARN] ConditionMgr:1039 - genDependencies : Invalid condition id : LAN8742 Phy interface Condition cause : null
2025-05-19 14:15:58,753 [WARN] PackLoader:240 - Cannot read IP mode file for STMicroelectronics.X-CUBE-SFXS2LP1.4.0.0
2025-05-19 14:15:58,773 [WARN] PackLoader:240 - Cannot read IP mode file for STMicroelectronics.X-CUBE-ISPU.1.1.0
2025-05-19 14:15:58,806 [WARN] PackLoader:240 - Cannot read IP mode file for STMicroelectronics.X-CUBE-AZRTOS-H7.3.3.0
2025-05-19 14:15:58,831 [ERROR] Engine:466 - C:\Users\msi1\.stm32cubemx\thirdparties\pdsc\STMicroelectronics.X-CUBE-IPS.3.0.0.pdsc: PDSC version is not supported
2025-05-19 14:15:58,862 [WARN] ConditionMgr:438 - getConditionDescription Invalid condition id : UX DEVICE CLASS RTOS Condition cause : null
2025-05-19 14:15:58,862 [WARN] ConditionMgr:438 - getConditionDescription Invalid condition id : UX DEVICE CLASS RTOS Condition cause : null
2025-05-19 14:15:58,864 [WARN] PackLoader:240 - Cannot read IP mode file for STMicroelectronics.X-CUBE-AZRTOS-WB.2.0.0
2025-05-19 14:15:58,865 [WARN] ConditionMgr:1039 - genDependencies : Invalid condition id : UX DEVICE CLASS RTOS Condition cause : null
2025-05-19 14:15:58,865 [WARN] ConditionMgr:1039 - genDependencies : Invalid condition id : UX DEVICE CLASS RTOS Condition cause : null
2025-05-19 14:15:58,865 [WARN] ConditionMgr:1039 - genDependencies : Invalid condition id : UX DEVICE CLASS RTOS Condition cause : null
2025-05-19 14:15:58,865 [WARN] ConditionMgr:1039 - genDependencies : Invalid condition id : UX DEVICE CLASS RTOS Condition cause : null
2025-05-19 14:15:58,866 [WARN] ConditionMgr:1039 - genDependencies : Invalid condition id : UX DEVICE CLASS RTOS Condition cause : null
2025-05-19 14:15:58,887 [WARN] PackLoader:240 - Cannot read IP mode file for STMicroelectronics.X-CUBE-FREERTOS.1.0.1
2025-05-19 14:15:58,904 [WARN] PackLoader:240 - Cannot read IP mode file for STMicroelectronics.X-CUBE-GNSS1.7.0.1
2025-05-19 14:15:58,924 [WARN] PackLoader:240 - Cannot read IP mode file for STMicroelectronics.X-CUBE-TOUCHGFX.4.25.0
2025-05-19 14:15:58,941 [ERROR] Engine:466 - C:\Users\msi1\.stm32cubemx\thirdparties\pdsc\STMicroelectronics.FP-SNS-STBOX1.2.0.0.pdsc: PDSC version is not supported
2025-05-19 14:15:58,971 [WARN] PackLoader:240 - Cannot read IP mode file for STMicroelectronics.X-CUBE-AZRTOS-L5.1.1.0
2025-05-19 14:15:58,993 [WARN] PackLoader:240 - Cannot read IP mode file for STMicroelectronics.X-CUBE-AI.8.0.1
2025-05-19 14:15:59,015 [WARN] PackLoader:240 - Cannot read IP mode file for STMicroelectronics.X-CUBE-SUBG2.5.0.0
2025-05-19 14:15:59,051 [WARN] PackLoader:240 - Cannot read IP mode file for STMicroelectronics.X-CUBE-AZRTOS-H7RS.1.1.0
2025-05-19 14:15:59,075 [WARN] PackLoader:240 - Cannot read IP mode file for Cesanta.I-CUBE-Mongoose.7.13.0
2025-05-19 14:15:59,099 [WARN] PackLoader:240 - Cannot read IP mode file for STMicroelectronics.X-CUBE-TOF1.3.3.1
2025-05-19 14:15:59,133 [WARN] PackLoader:240 - Cannot read IP mode file for STMicroelectronics.X-CUBE-AZRTOS-G4.2.0.0
2025-05-19 14:15:59,157 [WARN] PackLoader:240 - Cannot read IP mode file for STMicroelectronics.X-CUBE-TOF1.3.3.0
2025-05-19 14:15:59,187 [WARN] PackLoader:240 - Cannot read IP mode file for Infineon.AIROC-Wi-Fi-Bluetooth-STM32.1.5.1
2025-05-19 14:15:59,208 [WARN] PackLoader:240 - Cannot read IP mode file for STMicroelectronics.FP-SNS-MOTENVWB1.1.3.0
2025-05-19 14:15:59,226 [WARN] PackLoader:240 - Cannot read IP mode file for STMicroelectronics.X-CUBE-NFC7.2.0.0
2025-05-19 14:15:59,244 [WARN] PackLoader:240 - Cannot read IP mode file for STMicroelectronics.FP-SNS-MOTENVWB1.1.3.1
2025-05-19 14:15:59,275 [WARN] PackLoader:240 - Cannot read IP mode file for STMicroelectronics.X-CUBE-AZRTOS-L4.1.0.0
2025-05-19 14:15:59,296 [WARN] PackLoader:240 - Cannot read IP mode file for STMicroelectronics.X-CUBE-ISPU.2.0.0
2025-05-19 14:15:59,317 [ERROR] Engine:466 - C:\Users\msi1\.stm32cubemx\thirdparties\pdsc\STMicroelectronics.X-CUBE-IPS.3.1.0.pdsc: PDSC version is not supported
2025-05-19 14:15:59,334 [WARN] PackLoader:240 - Cannot read IP mode file for STMicroelectronics.X-CUBE-ALS.1.0.2
2025-05-19 14:15:59,391 [WARN] PackLoader:240 - Cannot read IP mode file for STMicroelectronics.X-CUBE-MEMS1.10.0.0
2025-05-19 14:15:59,510 [WARN] PackLoader:240 - Cannot read IP mode file for STMicroelectronics.X-CUBE-FREERTOS.1.1.0
2025-05-19 14:15:59,526 [WARN] PackLoader:240 - Cannot read IP mode file for STMicroelectronics.X-CUBE-TOUCHGFX.4.24.0
2025-05-19 14:15:59,545 [WARN] PackLoader:240 - Cannot read IP mode file for STMicroelectronics.X-CUBE-TOUCHGFX.4.24.2
2025-05-19 14:15:59,571 [WARN] PackLoader:240 - Cannot read IP mode file for STMicroelectronics.X-CUBE-AZRTOS-WL.1.0.0
2025-05-19 14:15:59,589 [WARN] PackLoader:240 - Cannot read IP mode file for STMicroelectronics.X-CUBE-TOUCHGFX.4.24.1
2025-05-19 14:15:59,607 [WARN] PackLoader:240 - Cannot read IP mode file for wolfSSL.I-CUBE-wolfTPM.3.4.0
2025-05-19 14:15:59,627 [WARN] PackLoader:240 - Cannot read IP mode file for portGmbH.I-Cube-SoM-uGOAL.1.1.0
2025-05-19 14:15:59,645 [WARN] PackLoader:240 - Cannot read IP mode file for STMicroelectronics.X-CUBE-ALS.1.0.1
2025-05-19 14:15:59,677 [WARN] PackLoader:240 - Cannot read IP mode file for STMicroelectronics.X-CUBE-AZRTOS-WB.1.1.0
2025-05-19 14:15:59,716 [WARN] PackLoader:240 - Cannot read IP mode file for STMicroelectronics.X-CUBE-AZRTOS-H7RS.1.0.0
2025-05-19 14:15:59,739 [WARN] PackLoader:240 - Cannot read IP mode file for STMicroelectronics.FP-ATR-ASTRA1.2.0.0
2025-05-19 14:15:59,758 [ERROR] Engine:466 - C:\Users\msi1\.stm32cubemx\thirdparties\pdsc\STMicroelectronics.X-CUBE-TOF1.3.4.2.pdsc: PDSC version is not supported
2025-05-19 14:15:59,775 [ERROR] Engine:466 - C:\Users\msi1\.stm32cubemx\thirdparties\pdsc\STMicroelectronics.X-CUBE-TOF1.3.4.3.pdsc: PDSC version is not supported
2025-05-19 14:15:59,802 [WARN] PackLoader:240 - Cannot read IP mode file for STMicroelectronics.X-CUBE-TOF1.3.4.0
2025-05-19 14:15:59,837 [WARN] PackLoader:240 - Cannot read IP mode file for STMicroelectronics.X-CUBE-TOF1.3.4.1
2025-05-19 14:15:59,882 [WARN] PackLoader:240 - Cannot read IP mode file for STMicroelectronics.X-CUBE-AZRTOS-H7.3.2.0
2025-05-19 14:15:59,905 [WARN] PackLoader:240 - Cannot read IP mode file for wolfSSL.I-CUBE-wolfSSH.1.4.17
2025-05-19 14:15:59,906 [INFO] ThirdParty:978 - Integrity check success = true
2025-05-19 14:15:59,906 [INFO] IntegrityCheckThread:100 - exiting critical section [integrity check]
2025-05-19 14:15:59,906 [INFO] IntegrityCheckThread:103 - End integrity checks thread
2025-05-19 14:16:12,106 [ERROR] LogOutputStream:75 - [STDERR_REDIRECT] SLF4J: Failed to load class "org.slf4j.impl.StaticLoggerBinder".
2025-05-19 14:16:12,107 [ERROR] LogOutputStream:75 - [STDERR_REDIRECT] SLF4J: Defaulting to no-operation (NOP) logger implementation
2025-05-19 14:16:12,108 [ERROR] LogOutputStream:75 - [STDERR_REDIRECT] SLF4J: See http://www.slf4j.org/codes.html#StaticLoggerBinder for further details.
2025-05-19 14:17:01,644 [INFO] McuFinderGlobals:63 - Set McuFinder mode to 2 (CubeIDE integrated)
2025-05-19 14:17:01,674 [INFO] MainUpdater:2868 - connection check result : 10
2025-05-19 14:17:01,701 [INFO] McuFinderGlobals:76 - Set McuFinderConnectedMode to true
2025-05-19 14:17:02,870 [INFO] ServerAccessManage:473 - Download File mcusAds.json._tmp_
2025-05-19 14:17:02,981 [INFO] LoadUrlFilesThread:156 - End of LoadUrlFiles Thread
2025-05-19 14:17:03,960 [INFO] ServerAccessManage:473 - Download File cube-finder-db.zip
2025-05-19 14:18:28,413 [INFO] FileExtend:240 - Unzip File : cube-finder-db.zip
2025-05-19 14:18:28,414 [INFO] FileExtend:255 - Standard Zip Deflate
2025-05-19 14:18:32,054 [INFO] LoadUrlFilesThread:156 - End of LoadUrlFiles Thread
2025-05-19 14:18:35,089 [INFO] ServerAccessManage:473 - Download File crdb.zip
2025-05-19 14:19:10,562 [INFO] FileExtend:240 - Unzip File : crdb.zip
2025-05-19 14:19:10,562 [INFO] FileExtend:255 - Standard Zip Deflate
2025-05-19 14:19:10,691 [INFO] LoadUrlFilesThread:156 - End of LoadUrlFiles Thread
2025-05-19 14:19:11,201 [INFO] ServerAccessManage:473 - Download File tutoVideoDB.zip
2025-05-19 14:19:12,313 [INFO] FileExtend:240 - Unzip File : tutoVideoDB.zip
2025-05-19 14:19:12,313 [INFO] FileExtend:255 - Standard Zip Deflate
2025-05-19 14:19:12,448 [INFO] LoadUrlFilesThread:156 - End of LoadUrlFiles Thread
2025-05-19 14:19:12,453 [WARN] DbFile:41 - Overriding database path with different value: C:\Users\msi1\.stmcufinder\plugins\mcufinder/ => C:\Users\msi1\.stmcufinder\plugins\mcufinder
2025-05-19 14:19:12,723 [INFO] ServerAccessManage:473 - Download File api_config.json
2025-05-19 14:19:12,829 [INFO] LoadUrlFilesThread:156 - End of LoadUrlFiles Thread
2025-05-19 14:19:12,829 [INFO] DbMcusAds:53 - JSON generation date=Wed May 07 16:07:55 ICT 2025 (1746608875679)
2025-05-19 14:19:13,275 [INFO] ServerAccessManage:473 - Download File 
2025-05-19 14:19:13,735 [INFO] LoadUrlFilesThread:185 - End of LoadServerUrlFiles without Thread
2025-05-19 14:19:13,736 [INFO] TargetSelectorAdapter:259 - Refresh data is successful
2025-05-19 14:19:13,911 [INFO] ApiDb:581 - Connected to CubeFinder SQLite database (C:\Users\msi1\.stmcufinder\plugins\mcufinder\mcu\cube-finder-db.db)
2025-05-19 14:19:13,970 [INFO] ApiDb:668 - CubeFinder database Data Model version=2.1
2025-05-19 14:19:13,970 [INFO] ApiDb:669 - CubeFinder database Configuration version=3.0.39
2025-05-19 14:19:13,970 [INFO] ApiDb:670 - CubeFinder database generation date=2025-04-23 (1745419778)
2025-05-19 14:19:13,970 [INFO] ApiDb:671 - CubeFinder database FW Pack versions=[FP-ATR-ASTRA1_V2.0.0, FP-SNS-FLIGHT1_V5.1.0, FP-SNS-MOTENV1_V5.0.0, FP-SNS-MOTENVWB1_V1.4.0, FP-SNS-SMARTAG2_V1.2.0, FP-SNS-STBOX1_V2.0.0, STM32Cube_FW_C0_V1.4.0, STM32Cube_FW_F4_V1.28.1, STM32Cube_FW_F7_V1.17.2, STM32Cube_FW_G0_V1.6.2, STM32Cube_FW_G4_V1.6.1, STM32Cube_FW_H5_V1.5.0, STM32Cube_FW_H7RS_V1.2.0, STM32Cube_FW_H7_V1.12.1, STM32Cube_FW_L0_V1.12.2, STM32Cube_FW_L4_V1.18.1, STM32Cube_FW_L5_V1.5.1, STM32Cube_FW_N6_V1.1.1, STM32Cube_FW_U0_V1.2.0, STM32Cube_FW_U3_V1.1.0, STM32Cube_FW_U5_V1.7.0, STM32Cube_FW_WB0_V1.2.0, STM32Cube_FW_WBA_V1.6.0, STM32Cube_FW_WB_V1.22.0, STM32Cube_FW_WL3_V1.1.0, STM32Cube_FW_WL_V1.3.1, X-CUBE-ALGOBUILD_V1.4.0, X-CUBE-ALS_V1.0.2, X-CUBE-AZRTOS-F4_V1.1.0, X-CUBE-AZRTOS-F7_V1.1.0, X-CUBE-AZRTOS-G0_V1.1.0, X-CUBE-AZRTOS-G4_V2.0.0, X-CUBE-AZRTOS-H7RS_V1.1.0, X-CUBE-AZRTOS-H7_V3.3.0, X-CUBE-AZRTOS-L4_V2.0.0, X-CUBE-AZRTOS-L5_V2.0.0, X-CUBE-AZRTOS-WB_V2.0.0, X-CUBE-AZRTOS-WL_V2.0.0, X-CUBE-BLE1_V7.1.0, X-CUBE-BLE2_V3.3.0, X-CUBE-BLEMGR_V4.0.0, X-CUBE-EEPRMA1_V5.1.0, X-CUBE-FREERTOS_V1.3.0, X-CUBE-GNSS1_V6.0.0, X-CUBE-MEMS1_V11.2.0, X-CUBE-NFC4_V3.0.0, X-CUBE-NFC7_V1.0.1, X-CUBE-SFXS2LP1_V4.0.0, X-CUBE-SUBG2_V5.0.0, X-CUBE-TOF1_V3.4.3]
2025-05-19 14:19:16,127 [INFO] ApiDb:240 - Found 323 in-development CPN: [B-G473E-ZEST1S, B-WB1M-WPAN1, B-WL5M-SUBG1, NUCLEO-C031C6, NUCLEO-H503RB, NUCLEO-H563ZI, NUCLEO-U545RE-Q, NUCLEO-U5A5ZJ-Q, NUCLEO-WBA52CG, STEVAL-PROTEUS1, STEVAL-SMARTAG2, STEVAL-STWINBX1, STM320518-EVAL, STM32C0116-DK, STM32C011D6Y3TR, STM32C011D6Y6TR, STM32C011F4P3, STM32C011F4P6, STM32C011F4U3, STM32C011F4U6TR, STM32C011F6P3, STM32C011F6P6, STM32C011F6U3, STM32C011F6U6TR, STM32C011J4M3, STM32C011J4M6, STM32C011J6M3, STM32C011J6M6, STM32C0316-DK, STM32C031C4T3, STM32C031C4T6, STM32C031C4U3, STM32C031C4U6, STM32C031C6T3, STM32C031C6T6, STM32C031C6U3, STM32C031C6U6, STM32C031F4P3, STM32C031F4P6, STM32C031F6P3, STM32C031F6P6, STM32C031G4U3, STM32C031G4U6, STM32C031G6U3, STM32C031G6U6, STM32C031K4T3, STM32C031K4T6, STM32C031K4U3, STM32C031K4U6, STM32C031K6T3, STM32C031K6T6, STM32C031K6U3, STM32C031K6U6, STM32G071K8TXN, STM32G071K8UXN, STM32G081GBU6N, STM32G081KBT6N, STM32G081KBUXN, STM32G0B1CCT6N, STM32G0B1KCT6, STM32G0B1NEY6TR, STM32G0B1RCT6N, STM32G0C1CCT6, STM32G0C1CCT6N, STM32G0C1CCU6N, STM32G0C1CET6N, STM32G0C1CEU6N, STM32G0C1KCT6, STM32G0C1NEY6TR, STM32G0C1RCI6N, STM32G0C1RCT6N, STM32G0C1REI6N, STM32G0C1RET6N, STM32G0C1VCI6, STM32G0C1VEI6, STM32G471CCT6, STM32G471CCU6, STM32G471CET3, STM32G471CET6, STM32G471CEU3, STM32G471CEU6, STM32G471MCT6, STM32G471MET3, STM32G471MET6, STM32G471MEY6TR, STM32G471QCT6, STM32G471QET3, STM32G471RCT6, STM32G471RET3, STM32G471RET6, STM32G471VCH6, STM32G471VCI6, STM32G471VCT6, STM32G471VEH3, STM32G471VEH6, STM32G471VEI3, STM32G471VEI6, STM32G471VET3, STM32G471VET6, STM32G474CCT6, STM32H503CBT6, STM32H503CBU6, STM32H503EBY6TR, STM32H503KBU6, STM32H503RBT6, STM32H562AGI6, STM32H562AII6, STM32H562IGK6, STM32H562IGT6, STM32H562IIK6, STM32H562IIT6, STM32H562RGT6, STM32H562RGV6, STM32H562RIT6, STM32H562RIV6, STM32H562VGT6, STM32H562VIT6, STM32H562ZGT6, STM32H562ZIT6, STM32H563AGI6, STM32H563AII3Q, STM32H563AII6, STM32H563IGK6, STM32H563IGT6, STM32H563IIK3Q, STM32H563IIK6, STM32H563IIT3Q, STM32H563IIT6, STM32H563MIY3QTR, STM32H563RGT6, STM32H563RGV6, STM32H563RIT6, STM32H563RIV6, STM32H563VGT6, STM32H563VIT3Q, STM32H563VIT6, STM32H563ZGT6, STM32H563ZIT3Q, STM32H563ZIT6, STM32H573AII3Q, STM32H573AII6, STM32H573I-DK, STM32H573IIK3Q, STM32H573IIK6, STM32H573IIT3Q, STM32H573IIT6, STM32H573MIY3QTR, STM32H573RIT6, STM32H573RIV6, STM32H573VIT3Q, STM32H573VIT6, STM32H573ZIT3Q, STM32H573ZIT6, STM32L4R5QGI6STR, STM32MP131AAE3, STM32MP131AAF3, STM32MP131AAG3, STM32MP131CAE3, STM32MP131CAF3, STM32MP131CAG3, STM32MP131DAE7, STM32MP131DAF7, STM32MP131DAG7, STM32MP131FAE7, STM32MP131FAF7, STM32MP131FAG7, STM32MP133AAE3, STM32MP133AAF3, STM32MP133AAG3, STM32MP133CAE3, STM32MP133CAF3, STM32MP133CAG3, STM32MP133DAE7, STM32MP133DAF7, STM32MP133DAG7, STM32MP133FAE7, STM32MP133FAF7, STM32MP133FAG7, STM32MP135AAE3, STM32MP135AAF3, STM32MP135AAG3, STM32MP135CAE3, STM32MP135CAF3, STM32MP135CAG3, STM32MP135DAE7, STM32MP135DAF7, STM32MP135DAG7, STM32MP135F-DK, STM32MP135FAE7, STM32MP135FAF7, STM32MP135FAF7T, STM32MP135FAF7U, STM32MP135FAG7, STM32U535CBT6, STM32U535CBT6Q, STM32U535CBU6, STM32U535CBU6Q, STM32U535CCT6, STM32U535CCT6Q, STM32U535CCU6, STM32U535CCU6Q, STM32U535CET6, STM32U535CET6Q, STM32U535CEU6, STM32U535CEU6Q, STM32U535JEY6QTR, STM32U535NCY6QTR, STM32U535NEY6QTR, STM32U535RBI6, STM32U535RBI6Q, STM32U535RBT6, STM32U535RBT6Q, STM32U535RCI6, STM32U535RCI6Q, STM32U535RCT6, STM32U535RCT6Q, STM32U535REI6, STM32U535REI6Q, STM32U535RET6, STM32U535RET6Q, STM32U535VCI6, STM32U535VCI6Q, STM32U535VCT6, STM32U535VCT6Q, STM32U535VEI6, STM32U535VEI6Q, STM32U535VET6, STM32U535VET6Q, STM32U545CET6, STM32U545CET6Q, STM32U545CEU6, STM32U545CEU6Q, STM32U545JEY6QTR, STM32U545NEY6QTR, STM32U545REI6, STM32U545REI6Q, STM32U545RET6, STM32U545RET6Q, STM32U545VEI6, STM32U545VEI6Q, STM32U545VET6, STM32U545VET6Q, STM32U595AIH6, STM32U595AIH6Q, STM32U595AJH6, STM32U595AJH6Q, STM32U595QII6, STM32U595QII6Q, STM32U595QJI6, STM32U595QJI6Q, STM32U595RIT6, STM32U595RIT6Q, STM32U595RJT6, STM32U595RJT6Q, STM32U595VIT6, STM32U595VIT6Q, STM32U595VJT6, STM32U595VJT6Q, STM32U595ZIT6, STM32U595ZIT6Q, STM32U595ZIY6QTR, STM32U595ZJT6, STM32U595ZJT6Q, STM32U595ZJY6QTR, STM32U599BJY6QTR, STM32U599NIH6Q, STM32U599NJH6Q, STM32U599VIT6Q, STM32U599VJT6, STM32U599VJT6Q, STM32U599ZIT6Q, STM32U599ZIY6QTR, STM32U599ZJT6Q, STM32U599ZJY6QTR, STM32U5A5AJH6, STM32U5A5AJH6Q, STM32U5A5QJI6, STM32U5A5QJI6Q, STM32U5A5RJT6, STM32U5A5RJT6Q, STM32U5A5VJT6, STM32U5A5VJT6Q, STM32U5A5ZJT6, STM32U5A5ZJT6Q, STM32U5A5ZJY6QTR, STM32U5A9BJY6QTR, STM32U5A9J-DK, STM32U5A9NJH6Q, STM32U5A9VJT6Q, STM32U5A9ZJT6Q, STM32U5A9ZJY6QTR, STM32U5F7VIT6, STM32U5F7VIT6Q, STM32U5F7VJT6, STM32U5F7VJT6Q, STM32U5F9BJY6QTR, STM32U5F9NJH6Q, STM32U5F9VIT6Q, STM32U5F9VJT6Q, STM32U5F9ZIJ6QTR, STM32U5F9ZIT6Q, STM32U5F9ZJJ6QTR, STM32U5F9ZJT6Q, STM32U5G7VJT6, STM32U5G7VJT6Q, STM32U5G9BJY6QTR, STM32U5G9J-DK1, STM32U5G9J-DK2, STM32U5G9NJH6Q, STM32U5G9VJT6Q, STM32U5G9ZJJ6QTR, STM32U5G9ZJT6Q, STM32WB1MMCH6, STM32WBA52CEU6, STM32WBA52CEU6T, STM32WBA52CGU6, STM32WBA52CGU6T, STM32WBA52KEU6, STM32WBA52KEU6T, STM32WBA52KGU6, STM32WBA52KGU6T, STM32WL5MOCH6, STM32WL5MOCH6TR]
2025-05-19 14:19:16,134 [INFO] DbMcus:217 - Found 4642 MCUs, 4642 are supported
2025-05-19 14:19:16,146 [INFO] ApiDb:423 - Load user favorites file C:\Users\msi1/.stm32cubeide/favorites.mcus.txt: 4 item(s)
2025-05-19 14:19:16,146 [INFO] ApiDb:427 - User favorites MCUs=[STM32F103CBT6, STM32F303VCT6, STM32F401CCU6, STM32F407VGT6]
2025-05-19 14:19:16,146 [INFO] DbMcus:223 - Set 4 / 4 favorites MCUs
2025-05-19 14:19:16,776 [INFO] ApiDb:668 - CubeFinder database Data Model version=2.1
2025-05-19 14:19:16,776 [INFO] ApiDb:669 - CubeFinder database Configuration version=3.0.39
2025-05-19 14:19:16,776 [INFO] ApiDb:670 - CubeFinder database generation date=2025-04-23 (1745419778)
2025-05-19 14:19:16,776 [INFO] ApiDb:671 - CubeFinder database FW Pack versions=[FP-ATR-ASTRA1_V2.0.0, FP-SNS-FLIGHT1_V5.1.0, FP-SNS-MOTENV1_V5.0.0, FP-SNS-MOTENVWB1_V1.4.0, FP-SNS-SMARTAG2_V1.2.0, FP-SNS-STBOX1_V2.0.0, STM32Cube_FW_C0_V1.4.0, STM32Cube_FW_F4_V1.28.1, STM32Cube_FW_F7_V1.17.2, STM32Cube_FW_G0_V1.6.2, STM32Cube_FW_G4_V1.6.1, STM32Cube_FW_H5_V1.5.0, STM32Cube_FW_H7RS_V1.2.0, STM32Cube_FW_H7_V1.12.1, STM32Cube_FW_L0_V1.12.2, STM32Cube_FW_L4_V1.18.1, STM32Cube_FW_L5_V1.5.1, STM32Cube_FW_N6_V1.1.1, STM32Cube_FW_U0_V1.2.0, STM32Cube_FW_U3_V1.1.0, STM32Cube_FW_U5_V1.7.0, STM32Cube_FW_WB0_V1.2.0, STM32Cube_FW_WBA_V1.6.0, STM32Cube_FW_WB_V1.22.0, STM32Cube_FW_WL3_V1.1.0, STM32Cube_FW_WL_V1.3.1, X-CUBE-ALGOBUILD_V1.4.0, X-CUBE-ALS_V1.0.2, X-CUBE-AZRTOS-F4_V1.1.0, X-CUBE-AZRTOS-F7_V1.1.0, X-CUBE-AZRTOS-G0_V1.1.0, X-CUBE-AZRTOS-G4_V2.0.0, X-CUBE-AZRTOS-H7RS_V1.1.0, X-CUBE-AZRTOS-H7_V3.3.0, X-CUBE-AZRTOS-L4_V2.0.0, X-CUBE-AZRTOS-L5_V2.0.0, X-CUBE-AZRTOS-WB_V2.0.0, X-CUBE-AZRTOS-WL_V2.0.0, X-CUBE-BLE1_V7.1.0, X-CUBE-BLE2_V3.3.0, X-CUBE-BLEMGR_V4.0.0, X-CUBE-EEPRMA1_V5.1.0, X-CUBE-FREERTOS_V1.3.0, X-CUBE-GNSS1_V6.0.0, X-CUBE-MEMS1_V11.2.0, X-CUBE-NFC4_V3.0.0, X-CUBE-NFC7_V1.0.1, X-CUBE-SFXS2LP1_V4.0.0, X-CUBE-SUBG2_V5.0.0, X-CUBE-TOF1_V3.4.3]
2025-05-19 14:19:16,824 [INFO] DbBoardsSqlite:226 - include board P-NUCLEO-WB55-NUCLEO as a kit item of type 'Nucleo-64'
2025-05-19 14:19:16,824 [INFO] DbBoardsSqlite:226 - include board P-NUCLEO-WB55-USBDONGLE as a kit item of type 'Nucleo USB Dongle'
2025-05-19 14:19:16,824 [INFO] DbBoardsSqlite:226 - include board STEVAL-IDP005V1 as a kit item of type 'Evaluation Board'
2025-05-19 14:19:16,825 [INFO] DbBoardsSqlite:226 - include board STEVAL-IDP005V2 as a kit item of type 'Evaluation Board'
2025-05-19 14:19:16,881 [INFO] ApiDb:240 - Found 323 in-development CPN: [B-G473E-ZEST1S, B-WB1M-WPAN1, B-WL5M-SUBG1, NUCLEO-C031C6, NUCLEO-H503RB, NUCLEO-H563ZI, NUCLEO-U545RE-Q, NUCLEO-U5A5ZJ-Q, NUCLEO-WBA52CG, STEVAL-PROTEUS1, STEVAL-SMARTAG2, STEVAL-STWINBX1, STM320518-EVAL, STM32C0116-DK, STM32C011D6Y3TR, STM32C011D6Y6TR, STM32C011F4P3, STM32C011F4P6, STM32C011F4U3, STM32C011F4U6TR, STM32C011F6P3, STM32C011F6P6, STM32C011F6U3, STM32C011F6U6TR, STM32C011J4M3, STM32C011J4M6, STM32C011J6M3, STM32C011J6M6, STM32C0316-DK, STM32C031C4T3, STM32C031C4T6, STM32C031C4U3, STM32C031C4U6, STM32C031C6T3, STM32C031C6T6, STM32C031C6U3, STM32C031C6U6, STM32C031F4P3, STM32C031F4P6, STM32C031F6P3, STM32C031F6P6, STM32C031G4U3, STM32C031G4U6, STM32C031G6U3, STM32C031G6U6, STM32C031K4T3, STM32C031K4T6, STM32C031K4U3, STM32C031K4U6, STM32C031K6T3, STM32C031K6T6, STM32C031K6U3, STM32C031K6U6, STM32G071K8TXN, STM32G071K8UXN, STM32G081GBU6N, STM32G081KBT6N, STM32G081KBUXN, STM32G0B1CCT6N, STM32G0B1KCT6, STM32G0B1NEY6TR, STM32G0B1RCT6N, STM32G0C1CCT6, STM32G0C1CCT6N, STM32G0C1CCU6N, STM32G0C1CET6N, STM32G0C1CEU6N, STM32G0C1KCT6, STM32G0C1NEY6TR, STM32G0C1RCI6N, STM32G0C1RCT6N, STM32G0C1REI6N, STM32G0C1RET6N, STM32G0C1VCI6, STM32G0C1VEI6, STM32G471CCT6, STM32G471CCU6, STM32G471CET3, STM32G471CET6, STM32G471CEU3, STM32G471CEU6, STM32G471MCT6, STM32G471MET3, STM32G471MET6, STM32G471MEY6TR, STM32G471QCT6, STM32G471QET3, STM32G471RCT6, STM32G471RET3, STM32G471RET6, STM32G471VCH6, STM32G471VCI6, STM32G471VCT6, STM32G471VEH3, STM32G471VEH6, STM32G471VEI3, STM32G471VEI6, STM32G471VET3, STM32G471VET6, STM32G474CCT6, STM32H503CBT6, STM32H503CBU6, STM32H503EBY6TR, STM32H503KBU6, STM32H503RBT6, STM32H562AGI6, STM32H562AII6, STM32H562IGK6, STM32H562IGT6, STM32H562IIK6, STM32H562IIT6, STM32H562RGT6, STM32H562RGV6, STM32H562RIT6, STM32H562RIV6, STM32H562VGT6, STM32H562VIT6, STM32H562ZGT6, STM32H562ZIT6, STM32H563AGI6, STM32H563AII3Q, STM32H563AII6, STM32H563IGK6, STM32H563IGT6, STM32H563IIK3Q, STM32H563IIK6, STM32H563IIT3Q, STM32H563IIT6, STM32H563MIY3QTR, STM32H563RGT6, STM32H563RGV6, STM32H563RIT6, STM32H563RIV6, STM32H563VGT6, STM32H563VIT3Q, STM32H563VIT6, STM32H563ZGT6, STM32H563ZIT3Q, STM32H563ZIT6, STM32H573AII3Q, STM32H573AII6, STM32H573I-DK, STM32H573IIK3Q, STM32H573IIK6, STM32H573IIT3Q, STM32H573IIT6, STM32H573MIY3QTR, STM32H573RIT6, STM32H573RIV6, STM32H573VIT3Q, STM32H573VIT6, STM32H573ZIT3Q, STM32H573ZIT6, STM32L4R5QGI6STR, STM32MP131AAE3, STM32MP131AAF3, STM32MP131AAG3, STM32MP131CAE3, STM32MP131CAF3, STM32MP131CAG3, STM32MP131DAE7, STM32MP131DAF7, STM32MP131DAG7, STM32MP131FAE7, STM32MP131FAF7, STM32MP131FAG7, STM32MP133AAE3, STM32MP133AAF3, STM32MP133AAG3, STM32MP133CAE3, STM32MP133CAF3, STM32MP133CAG3, STM32MP133DAE7, STM32MP133DAF7, STM32MP133DAG7, STM32MP133FAE7, STM32MP133FAF7, STM32MP133FAG7, STM32MP135AAE3, STM32MP135AAF3, STM32MP135AAG3, STM32MP135CAE3, STM32MP135CAF3, STM32MP135CAG3, STM32MP135DAE7, STM32MP135DAF7, STM32MP135DAG7, STM32MP135F-DK, STM32MP135FAE7, STM32MP135FAF7, STM32MP135FAF7T, STM32MP135FAF7U, STM32MP135FAG7, STM32U535CBT6, STM32U535CBT6Q, STM32U535CBU6, STM32U535CBU6Q, STM32U535CCT6, STM32U535CCT6Q, STM32U535CCU6, STM32U535CCU6Q, STM32U535CET6, STM32U535CET6Q, STM32U535CEU6, STM32U535CEU6Q, STM32U535JEY6QTR, STM32U535NCY6QTR, STM32U535NEY6QTR, STM32U535RBI6, STM32U535RBI6Q, STM32U535RBT6, STM32U535RBT6Q, STM32U535RCI6, STM32U535RCI6Q, STM32U535RCT6, STM32U535RCT6Q, STM32U535REI6, STM32U535REI6Q, STM32U535RET6, STM32U535RET6Q, STM32U535VCI6, STM32U535VCI6Q, STM32U535VCT6, STM32U535VCT6Q, STM32U535VEI6, STM32U535VEI6Q, STM32U535VET6, STM32U535VET6Q, STM32U545CET6, STM32U545CET6Q, STM32U545CEU6, STM32U545CEU6Q, STM32U545JEY6QTR, STM32U545NEY6QTR, STM32U545REI6, STM32U545REI6Q, STM32U545RET6, STM32U545RET6Q, STM32U545VEI6, STM32U545VEI6Q, STM32U545VET6, STM32U545VET6Q, STM32U595AIH6, STM32U595AIH6Q, STM32U595AJH6, STM32U595AJH6Q, STM32U595QII6, STM32U595QII6Q, STM32U595QJI6, STM32U595QJI6Q, STM32U595RIT6, STM32U595RIT6Q, STM32U595RJT6, STM32U595RJT6Q, STM32U595VIT6, STM32U595VIT6Q, STM32U595VJT6, STM32U595VJT6Q, STM32U595ZIT6, STM32U595ZIT6Q, STM32U595ZIY6QTR, STM32U595ZJT6, STM32U595ZJT6Q, STM32U595ZJY6QTR, STM32U599BJY6QTR, STM32U599NIH6Q, STM32U599NJH6Q, STM32U599VIT6Q, STM32U599VJT6, STM32U599VJT6Q, STM32U599ZIT6Q, STM32U599ZIY6QTR, STM32U599ZJT6Q, STM32U599ZJY6QTR, STM32U5A5AJH6, STM32U5A5AJH6Q, STM32U5A5QJI6, STM32U5A5QJI6Q, STM32U5A5RJT6, STM32U5A5RJT6Q, STM32U5A5VJT6, STM32U5A5VJT6Q, STM32U5A5ZJT6, STM32U5A5ZJT6Q, STM32U5A5ZJY6QTR, STM32U5A9BJY6QTR, STM32U5A9J-DK, STM32U5A9NJH6Q, STM32U5A9VJT6Q, STM32U5A9ZJT6Q, STM32U5A9ZJY6QTR, STM32U5F7VIT6, STM32U5F7VIT6Q, STM32U5F7VJT6, STM32U5F7VJT6Q, STM32U5F9BJY6QTR, STM32U5F9NJH6Q, STM32U5F9VIT6Q, STM32U5F9VJT6Q, STM32U5F9ZIJ6QTR, STM32U5F9ZIT6Q, STM32U5F9ZJJ6QTR, STM32U5F9ZJT6Q, STM32U5G7VJT6, STM32U5G7VJT6Q, STM32U5G9BJY6QTR, STM32U5G9J-DK1, STM32U5G9J-DK2, STM32U5G9NJH6Q, STM32U5G9VJT6Q, STM32U5G9ZJJ6QTR, STM32U5G9ZJT6Q, STM32WB1MMCH6, STM32WBA52CEU6, STM32WBA52CEU6T, STM32WBA52CGU6, STM32WBA52CGU6T, STM32WBA52KEU6, STM32WBA52KEU6T, STM32WBA52KGU6, STM32WBA52KGU6T, STM32WL5MOCH6, STM32WL5MOCH6TR]
2025-05-19 14:19:16,906 [INFO] BoardInfo:880 - No configuration file found for board NUCLEO-C051C8
2025-05-19 14:19:16,906 [INFO] DbBoards:157 - Board is not supported: NUCLEO-C051C8
2025-05-19 14:19:16,907 [INFO] BoardInfo:880 - No configuration file found for board NUCLEO-C071RB
2025-05-19 14:19:16,907 [INFO] DbBoards:157 - Board is not supported: NUCLEO-C071RB
2025-05-19 14:19:16,908 [INFO] BoardInfo:880 - No configuration file found for board NUCLEO-C092RC
2025-05-19 14:19:16,908 [INFO] DbBoards:157 - Board is not supported: NUCLEO-C092RC
2025-05-19 14:19:16,975 [INFO] BoardInfo:880 - No configuration file found for board NUCLEO-H533RE
2025-05-19 14:19:16,975 [INFO] DbBoards:157 - Board is not supported: NUCLEO-H533RE
2025-05-19 14:19:16,981 [INFO] BoardInfo:880 - No configuration file found for board NUCLEO-H7S3L8
2025-05-19 14:19:16,981 [INFO] DbBoards:157 - Board is not supported: NUCLEO-H7S3L8
2025-05-19 14:19:16,996 [INFO] BoardInfo:880 - No configuration file found for board NUCLEO-N657X0-Q
2025-05-19 14:19:16,996 [INFO] DbBoards:157 - Board is not supported: NUCLEO-N657X0-Q
2025-05-19 14:19:16,997 [INFO] BoardInfo:880 - No configuration file found for board NUCLEO-U031R8
2025-05-19 14:19:16,997 [INFO] DbBoards:157 - Board is not supported: NUCLEO-U031R8
2025-05-19 14:19:16,998 [INFO] BoardInfo:880 - No configuration file found for board NUCLEO-U083RC
2025-05-19 14:19:16,998 [INFO] DbBoards:157 - Board is not supported: NUCLEO-U083RC
2025-05-19 14:19:16,998 [INFO] BoardInfo:880 - No configuration file found for board NUCLEO-U385RG-Q
2025-05-19 14:19:16,999 [INFO] DbBoards:157 - Board is not supported: NUCLEO-U385RG-Q
2025-05-19 14:19:17,001 [INFO] BoardInfo:880 - No configuration file found for board NUCLEO-WB05KZ
2025-05-19 14:19:17,001 [INFO] DbBoards:157 - Board is not supported: NUCLEO-WB05KZ
2025-05-19 14:19:17,002 [INFO] BoardInfo:880 - No configuration file found for board NUCLEO-WB07CC
2025-05-19 14:19:17,002 [INFO] DbBoards:157 - Board is not supported: NUCLEO-WB07CC
2025-05-19 14:19:17,003 [INFO] BoardInfo:880 - No configuration file found for board NUCLEO-WB09KE
2025-05-19 14:19:17,003 [INFO] DbBoards:157 - Board is not supported: NUCLEO-WB09KE
2025-05-19 14:19:17,006 [INFO] BoardInfo:880 - No configuration file found for board NUCLEO-WBA55CG
2025-05-19 14:19:17,006 [INFO] DbBoards:157 - Board is not supported: NUCLEO-WBA55CG
2025-05-19 14:19:17,006 [INFO] BoardInfo:880 - No configuration file found for board NUCLEO-WBA65RI
2025-05-19 14:19:17,006 [INFO] DbBoards:157 - Board is not supported: NUCLEO-WBA65RI
2025-05-19 14:19:17,008 [INFO] BoardInfo:880 - No configuration file found for board NUCLEO-WL33CC1
2025-05-19 14:19:17,008 [INFO] DbBoards:157 - Board is not supported: NUCLEO-WL33CC1
2025-05-19 14:19:17,008 [INFO] BoardInfo:880 - No configuration file found for board NUCLEO-WL33CC2
2025-05-19 14:19:17,009 [INFO] DbBoards:157 - Board is not supported: NUCLEO-WL33CC2
2025-05-19 14:19:17,012 [INFO] BoardInfo:880 - No configuration file found for board P-NUCLEO-WB55
2025-05-19 14:19:17,012 [INFO] DbBoards:157 - Kit is not supported: P-NUCLEO-WB55
2025-05-19 14:19:17,015 [INFO] BoardInfo:880 - No configuration file found for board STEVAL-BFA001V1B
2025-05-19 14:19:17,015 [INFO] DbBoards:157 - Kit is not supported: STEVAL-BFA001V1B
2025-05-19 14:19:17,016 [INFO] BoardInfo:880 - No configuration file found for board STEVAL-BFA001V2B
2025-05-19 14:19:17,016 [INFO] DbBoards:157 - Kit is not supported: STEVAL-BFA001V2B
2025-05-19 14:19:17,018 [INFO] BoardInfo:880 - No configuration file found for board STEVAL-MKBOXPRO
2025-05-19 14:19:17,018 [INFO] DbBoards:157 - Board is not supported: STEVAL-MKBOXPRO
2025-05-19 14:19:17,066 [INFO] BoardInfo:880 - No configuration file found for board STM32H7S78-DK
2025-05-19 14:19:17,066 [INFO] DbBoards:157 - Board is not supported: STM32H7S78-DK
2025-05-19 14:19:17,081 [INFO] BoardInfo:880 - No configuration file found for board STM32MP257F-DK
2025-05-19 14:19:17,081 [INFO] DbBoards:157 - Board is not supported: STM32MP257F-DK
2025-05-19 14:19:17,082 [INFO] BoardInfo:880 - No configuration file found for board STM32MP257F-EV1
2025-05-19 14:19:17,082 [INFO] DbBoards:157 - Board is not supported: STM32MP257F-EV1
2025-05-19 14:19:17,083 [INFO] BoardInfo:880 - No configuration file found for board STM32N6570-DK
2025-05-19 14:19:17,083 [INFO] DbBoards:157 - Board is not supported: STM32N6570-DK
2025-05-19 14:19:17,084 [INFO] BoardInfo:880 - No configuration file found for board STM32U083C-DK
2025-05-19 14:19:17,084 [INFO] DbBoards:157 - Board is not supported: STM32U083C-DK
2025-05-19 14:19:17,089 [INFO] BoardInfo:880 - No configuration file found for board STM32WBA55G-DK1
2025-05-19 14:19:17,089 [INFO] DbBoards:157 - Board is not supported: STM32WBA55G-DK1
2025-05-19 14:19:17,090 [INFO] BoardInfo:880 - No configuration file found for board STM32WBA65I-DK1
2025-05-19 14:19:17,090 [INFO] DbBoards:157 - Board is not supported: STM32WBA65I-DK1
2025-05-19 14:19:17,090 [INFO] DbBoards:161 - Found 210 boards, 183 are supported
2025-05-19 14:19:17,092 [INFO] ApiDb:423 - Load user favorites file C:\Users\msi1/.stm32cubeide/favorites.boards.txt: 0 item(s)
2025-05-19 14:19:17,092 [INFO] ApiDb:427 - User favorites Boards=[]
2025-05-19 14:19:17,093 [INFO] DbBoards:190 - Set 0 / 0 favorites Boards
2025-05-19 14:19:17,096 [INFO] ApiDb:668 - CubeFinder database Data Model version=2.1
2025-05-19 14:19:17,096 [INFO] ApiDb:669 - CubeFinder database Configuration version=3.0.39
2025-05-19 14:19:17,096 [INFO] ApiDb:670 - CubeFinder database generation date=2025-04-23 (1745419778)
2025-05-19 14:19:17,096 [INFO] ApiDb:671 - CubeFinder database FW Pack versions=[FP-ATR-ASTRA1_V2.0.0, FP-SNS-FLIGHT1_V5.1.0, FP-SNS-MOTENV1_V5.0.0, FP-SNS-MOTENVWB1_V1.4.0, FP-SNS-SMARTAG2_V1.2.0, FP-SNS-STBOX1_V2.0.0, STM32Cube_FW_C0_V1.4.0, STM32Cube_FW_F4_V1.28.1, STM32Cube_FW_F7_V1.17.2, STM32Cube_FW_G0_V1.6.2, STM32Cube_FW_G4_V1.6.1, STM32Cube_FW_H5_V1.5.0, STM32Cube_FW_H7RS_V1.2.0, STM32Cube_FW_H7_V1.12.1, STM32Cube_FW_L0_V1.12.2, STM32Cube_FW_L4_V1.18.1, STM32Cube_FW_L5_V1.5.1, STM32Cube_FW_N6_V1.1.1, STM32Cube_FW_U0_V1.2.0, STM32Cube_FW_U3_V1.1.0, STM32Cube_FW_U5_V1.7.0, STM32Cube_FW_WB0_V1.2.0, STM32Cube_FW_WBA_V1.6.0, STM32Cube_FW_WB_V1.22.0, STM32Cube_FW_WL3_V1.1.0, STM32Cube_FW_WL_V1.3.1, X-CUBE-ALGOBUILD_V1.4.0, X-CUBE-ALS_V1.0.2, X-CUBE-AZRTOS-F4_V1.1.0, X-CUBE-AZRTOS-F7_V1.1.0, X-CUBE-AZRTOS-G0_V1.1.0, X-CUBE-AZRTOS-G4_V2.0.0, X-CUBE-AZRTOS-H7RS_V1.1.0, X-CUBE-AZRTOS-H7_V3.3.0, X-CUBE-AZRTOS-L4_V2.0.0, X-CUBE-AZRTOS-L5_V2.0.0, X-CUBE-AZRTOS-WB_V2.0.0, X-CUBE-AZRTOS-WL_V2.0.0, X-CUBE-BLE1_V7.1.0, X-CUBE-BLE2_V3.3.0, X-CUBE-BLEMGR_V4.0.0, X-CUBE-EEPRMA1_V5.1.0, X-CUBE-FREERTOS_V1.3.0, X-CUBE-GNSS1_V6.0.0, X-CUBE-MEMS1_V11.2.0, X-CUBE-NFC4_V3.0.0, X-CUBE-NFC7_V1.0.1, X-CUBE-SFXS2LP1_V4.0.0, X-CUBE-SUBG2_V5.0.0, X-CUBE-TOF1_V3.4.3]
2025-05-19 14:19:17,762 [ERROR] DbExamplesSqlite:437 - Missing JSON key: board_cpn
2025-05-19 14:19:17,763 [ERROR] DbExamplesSqlite:437 - Missing JSON key: board_cpn
2025-05-19 14:19:17,763 [ERROR] DbExamplesSqlite:437 - Missing JSON key: board_cpn
2025-05-19 14:19:17,763 [ERROR] DbExamplesSqlite:437 - Missing JSON key: board_cpn
2025-05-19 14:19:17,886 [ERROR] DbExamplesSqlite:437 - Missing JSON key: board_cpn
2025-05-19 14:19:17,886 [ERROR] DbExamplesSqlite:437 - Missing JSON key: board_cpn
2025-05-19 14:19:17,886 [ERROR] DbExamplesSqlite:437 - Missing JSON key: board_cpn
2025-05-19 14:19:17,887 [ERROR] DbExamplesSqlite:437 - Missing JSON key: board_cpn
2025-05-19 14:19:17,888 [ERROR] DbExamplesSqlite:437 - Missing JSON key: board_cpn
2025-05-19 14:19:17,888 [ERROR] DbExamplesSqlite:437 - Missing JSON key: board_cpn
2025-05-19 14:19:17,888 [ERROR] DbExamplesSqlite:437 - Missing JSON key: board_cpn
2025-05-19 14:19:17,888 [ERROR] DbExamplesSqlite:437 - Missing JSON key: board_cpn
2025-05-19 14:19:17,889 [ERROR] DbExamplesSqlite:437 - Missing JSON key: board_cpn
2025-05-19 14:19:18,040 [ERROR] DbExamplesSqlite:437 - Missing JSON key: board_cpn
2025-05-19 14:19:18,050 [INFO] DbExamplesSqlite:395 - Ignored 46 examples not supported by CubeIDE
2025-05-19 14:19:18,050 [INFO] DbExamplesSqlite:396 - Found 10821 examples active
2025-05-19 14:19:18,050 [INFO] DbExamplesSqlite:397 - Found 0 examples obsolete
2025-05-19 14:19:18,050 [INFO] DbExamplesSqlite:398 - Found 0 examples under development
2025-05-19 14:19:18,050 [INFO] DbExamplesSqlite:399 - Found 79 examples not building
2025-05-19 14:19:18,054 [INFO] DbExamples:125 - Found 10854 examples
2025-05-19 14:19:18,071 [ERROR] DbExamples:208 - Found 3 examples with invalid data (board or MCU)
2025-05-19 14:19:18,071 [INFO] DbExamples:222 - Found 133 boards with related examples
2025-05-19 14:19:18,072 [INFO] DbExamples:235 - Found 110 MCUs with related examples
2025-05-19 14:19:18,089 [INFO] ApiDb:423 - Load user favorites file C:\Users\msi1/.stm32cubeide/favorites.examples.txt: 0 item(s)
2025-05-19 14:19:18,090 [INFO] ApiDb:427 - User favorites Examples=[]
2025-05-19 14:19:18,090 [INFO] DbExamples:250 - Set 0 / 0 favorites Examples
2025-05-19 14:19:18,612 [INFO] McuFinderGlobals:76 - Set McuFinderConnectedMode to true
2025-05-19 14:19:18,622 [INFO] MultiScanPanel:200 - Auto-refresh data requested => check proxy status ongoing
2025-05-19 14:19:18,629 [INFO] FinderPluginLoader:95 - Searching for filters in installed packs
2025-05-19 14:19:20,002 [INFO] LoadUrlFilesThread:185 - End of LoadServerUrlFiles without Thread
2025-05-19 14:19:20,041 [INFO] DetailPanel:341 - Set advertising image to C:/Users/msi1/STM32Cube/Repository/\en.summit-h1-25-promotion.jpg
2025-05-19 15:09:32,238 [INFO] MainUpdater:2868 - connection check result : 10
2025-05-19 15:09:32,238 [INFO] MainUpdater:2868 - connection check result : 10
2025-05-19 15:09:32,314 [INFO] MicroXplorer:468 - Change Database Path : 
2025-05-19 15:09:32,314 [INFO] MicroXplorer:498 - Change Database Version : DB.6.0.90
2025-05-19 15:09:32,325 [WARN] ThirdParty:871 - waiting for thirdparty lock release [close project]
2025-05-19 15:09:32,326 [INFO] ThirdParty:873 - entering critical section [close project]
2025-05-19 15:09:32,336 [INFO] ThirdParty:883 - exiting critical section [close project]
2025-05-19 15:09:32,348 [INFO] PinOutPanel:1499 - setPackage(No Configuration,No Configuration)
2025-05-19 15:09:32,364 [INFO] UtilMem:75 - Begin LoadConfig() Used Memory: 745637032 Bytes (1073741824)
2025-05-19 15:09:32,368 [INFO] MicroXplorer:468 - Change Database Path : 
2025-05-19 15:09:32,369 [INFO] MicroXplorer:498 - Change Database Version : DB.6.0.90
2025-05-19 15:09:32,370 [INFO] OpenFileManager:308 - Change cursor
2025-05-19 15:09:32,541 [INFO] Mcu:1946 - Initializing MCU STM32F103CBTx STM32F103CBTx STM32F103CBT6
2025-05-19 15:09:34,502 [INFO] Context:659 - Trying to add GPIOservice into a context  which must be forbidden
2025-05-19 15:09:35,189 [INFO] ImportTextPane:194 - (OptionalMessage_ERROR) Unable to find key (Mcu.ThirdPartyNb) in loaded IOC file
2025-05-19 15:09:35,189 [INFO] ImportTextPane:194 - (OptionalMessage_ERROR) Unable to find key (Mcu.PinsNb) in loaded IOC file
2025-05-19 15:09:35,189 [INFO] ImportTextPane:194 - (OptionalMessage_ERROR) Unable to find key (Mcu.IPNb) in loaded IOC file
2025-05-19 15:09:35,604 [INFO] RtosManager:555 - Registered RTOS mode: class=CMSIS, group=RTOS, mode=CMSIS_V1, owner=FREERTOS
2025-05-19 15:09:35,604 [INFO] RtosManager:555 - Registered RTOS mode: class=CMSIS, group=RTOS2, mode=CMSIS_V2, owner=FREERTOS
2025-05-19 15:09:35,604 [INFO] RtosManager:555 - Registered RTOS mode: class=RTOS, group=Core, mode=CMSIS_V1, owner=FREERTOS
2025-05-19 15:09:35,604 [INFO] RtosManager:555 - Registered RTOS mode: class=RTOS, group=Core, mode=CMSIS_V2, owner=FREERTOS
2025-05-19 15:09:35,605 [WARN] ModelIntegratedComponent:184 - Missing modes for component STMicroelectronics:FreeRTOS:0.0.1:STMicroelectronics:RTOS:FreeRTOS:Core:::10.2.0:
2025-05-19 15:09:35,614 [WARN] ModelIntegratedComponent:63 - No mode defined for component null
2025-05-19 15:09:35,614 [WARN] ModelIntegratedComponent:63 - No mode defined for component null
2025-05-19 15:09:35,614 [WARN] ModelIntegratedComponent:63 - No mode defined for component null
2025-05-19 15:09:35,614 [WARN] ModelIntegratedComponent:63 - No mode defined for component null
2025-05-19 15:09:35,615 [WARN] ModelIntegratedComponent:63 - No mode defined for component null
2025-05-19 15:09:35,615 [WARN] ModelIntegratedComponent:63 - No mode defined for component null
2025-05-19 15:09:35,615 [WARN] ModelIntegratedComponent:63 - No mode defined for component null
2025-05-19 15:09:35,615 [WARN] ModelIntegratedComponent:63 - No mode defined for component null
2025-05-19 15:09:35,615 [WARN] ModelIntegratedComponent:63 - No mode defined for component null
2025-05-19 15:09:35,615 [WARN] ModelIntegratedComponent:63 - No mode defined for component null
2025-05-19 15:09:35,616 [WARN] ModelIntegratedComponent:63 - No mode defined for component null
2025-05-19 15:09:35,616 [WARN] ModelIntegratedComponent:63 - No mode defined for component null
2025-05-19 15:09:35,616 [WARN] ModelIntegratedComponent:63 - No mode defined for component null
2025-05-19 15:09:35,616 [WARN] ModelIntegratedComponent:63 - No mode defined for component null
2025-05-19 15:09:35,616 [WARN] ModelIntegratedComponent:63 - No mode defined for component null
2025-05-19 15:09:35,616 [WARN] ModelIntegratedComponent:63 - No mode defined for component null
2025-05-19 15:09:35,616 [WARN] ModelIntegratedComponent:63 - No mode defined for component null
2025-05-19 15:09:35,616 [WARN] ModelIntegratedComponent:63 - No mode defined for component null
2025-05-19 15:09:35,616 [WARN] ModelIntegratedComponent:63 - No mode defined for component null
2025-05-19 15:09:35,616 [WARN] ModelIntegratedComponent:63 - No mode defined for component null
2025-05-19 15:09:35,616 [WARN] ModelIntegratedComponent:63 - No mode defined for component null
2025-05-19 15:09:35,616 [WARN] ModelIntegratedComponent:63 - No mode defined for component null
2025-05-19 15:09:35,616 [WARN] ModelIntegratedComponent:63 - No mode defined for component null
2025-05-19 15:09:35,616 [WARN] ModelIntegratedComponent:63 - No mode defined for component null
2025-05-19 15:09:35,616 [WARN] ModelIntegratedComponent:63 - No mode defined for component null
2025-05-19 15:09:35,617 [WARN] ModelIntegratedComponent:63 - No mode defined for component null
2025-05-19 15:09:35,617 [WARN] ModelIntegratedComponent:63 - No mode defined for component null
2025-05-19 15:09:35,617 [WARN] ModelIntegratedComponent:63 - No mode defined for component null
2025-05-19 15:09:35,617 [WARN] ModelIntegratedComponent:63 - No mode defined for component null
2025-05-19 15:09:35,617 [WARN] ModelIntegratedComponent:63 - No mode defined for component null
2025-05-19 15:09:35,617 [WARN] ModelIntegratedComponent:63 - No mode defined for component null
2025-05-19 15:09:35,617 [WARN] ModelIntegratedComponent:63 - No mode defined for component null
2025-05-19 15:09:35,617 [WARN] ModelIntegratedComponent:63 - No mode defined for component null
2025-05-19 15:09:36,296 [INFO] ThirdPartyModel:298 - Start build external matchings
2025-05-19 15:09:39,925 [INFO] ThirdPartyModel:316 - End build external matchings
2025-05-19 15:09:40,261 [INFO] UtilMem:75 - End LoadConfig() Used Memory: 903527040 Bytes (1073741824)
2025-05-19 15:09:40,335 [WARN] ThirdParty:833 - waiting for thirdparty lock release [change project]
2025-05-19 15:09:40,336 [INFO] ThirdParty:835 - entering critical section [change project]
2025-05-19 15:09:40,337 [INFO] ThirdParty:1030 - CMSIS Pack Vendor :STMicroelectronics USBPD 4.1
2025-05-19 15:09:40,337 [INFO] ThirdParty:1030 - CMSIS Pack Vendor :STMicroelectronics X-CUBE-GNSS1 6.0.0
2025-05-19 15:09:40,337 [INFO] ThirdParty:1030 - CMSIS Pack Vendor :STMicroelectronics USB_HOST 2.0.0
2025-05-19 15:09:40,337 [INFO] ThirdParty:1030 - CMSIS Pack Vendor :STMicroelectronics FP-SNS-MOTENVWB1 1.4.0
2025-05-19 15:09:40,337 [INFO] ThirdParty:1030 - CMSIS Pack Vendor :STMicroelectronics X-CUBE-AZRTOS-F4 1.1.0
2025-05-19 15:09:40,337 [INFO] ThirdParty:1030 - CMSIS Pack Vendor :STMicroelectronics LIBJPEG 8.0.0
2025-05-19 15:09:40,337 [INFO] ThirdParty:1030 - CMSIS Pack Vendor :STMicroelectronics FP-ATR-ASTRA1 2.0.2
2025-05-19 15:09:40,337 [INFO] ThirdParty:1030 - CMSIS Pack Vendor :STMicroelectronics FP-ATR-ASTRA1 2.0.1
2025-05-19 15:09:40,337 [INFO] ThirdParty:1030 - CMSIS Pack Vendor :STMicroelectronics X-CUBE-SMBUS 2.1.0
2025-05-19 15:09:40,337 [INFO] ThirdParty:1030 - CMSIS Pack Vendor :STMicroelectronics X-CUBE-WB05N 1.1.0
2025-05-19 15:09:40,337 [INFO] ThirdParty:1030 - CMSIS Pack Vendor :wolfSSL I-CUBE-wolfSSL 5.6.0
2025-05-19 15:09:40,337 [INFO] ThirdParty:1030 - CMSIS Pack Vendor :STMicroelectronics X-CUBE-ISPU 2.1.0
2025-05-19 15:09:40,337 [INFO] ThirdParty:1030 - CMSIS Pack Vendor :STMicroelectronics X-CUBE-FREERTOS 1.2.0
2025-05-19 15:09:40,337 [INFO] ThirdParty:1030 - CMSIS Pack Vendor :STMicroelectronics X-CUBE-TOUCHGFX 4.23.0
2025-05-19 15:09:40,337 [INFO] ThirdParty:1030 - CMSIS Pack Vendor :STMicroelectronics X-CUBE-TOUCHGFX 4.23.2
2025-05-19 15:09:40,338 [INFO] ThirdParty:1030 - CMSIS Pack Vendor :STMicroelectronics X-CUBE-AZRTOS-F7 1.1.0
2025-05-19 15:09:40,338 [INFO] ThirdParty:1030 - CMSIS Pack Vendor :STMicroelectronics X-CUBE-AZRTOS-L5 2.0.0
2025-05-19 15:09:40,338 [INFO] ThirdParty:1030 - CMSIS Pack Vendor :STMicroelectronics USB_DEVICE 2.0.0
2025-05-19 15:09:40,338 [INFO] ThirdParty:1030 - CMSIS Pack Vendor :STMicroelectronics X-CUBE-MEMS1 9.6.0
2025-05-19 15:09:40,338 [INFO] ThirdParty:1030 - CMSIS Pack Vendor :STMicroelectronics X-CUBE-EEPRMA1 4.2.0
2025-05-19 15:09:40,338 [INFO] ThirdParty:1030 - CMSIS Pack Vendor :STMicroelectronics X-CUBE-NFC6 3.1.0
2025-05-19 15:09:40,338 [INFO] ThirdParty:1030 - CMSIS Pack Vendor :ITTIA_DB I-CUBE-ITTIADB 8.8.0
2025-05-19 15:09:40,338 [INFO] ThirdParty:1030 - CMSIS Pack Vendor :STMicroelectronics FP-SNS-MOTENV1 4.3.0
2025-05-19 15:09:40,338 [INFO] ThirdParty:1030 - CMSIS Pack Vendor :STMicroelectronics FP-SNS-MOTENV1 4.3.2
2025-05-19 15:09:40,338 [INFO] ThirdParty:1030 - CMSIS Pack Vendor :STMicroelectronics FP-SNS-FLIGHT1 5.0.0
2025-05-19 15:09:40,338 [INFO] ThirdParty:1030 - CMSIS Pack Vendor :STMicroelectronics X-CUBE-BLE1 6.2.4
2025-05-19 15:09:40,338 [INFO] ThirdParty:1030 - CMSIS Pack Vendor :STMicroelectronics FreeRTOS 0.0.1
2025-05-19 15:09:40,338 [INFO] ThirdParty:1030 - CMSIS Pack Vendor :emotas I-CUBE-CANOPEN 1.1.3
2025-05-19 15:09:40,338 [INFO] ThirdParty:1030 - CMSIS Pack Vendor :STMicroelectronics X-CUBE-BLEMGR 2.0.0
2025-05-19 15:09:40,338 [INFO] ThirdParty:1030 - CMSIS Pack Vendor :STMicroelectronics FP-SNS-FLIGHT1 5.0.2
2025-05-19 15:09:40,339 [INFO] ThirdParty:1030 - CMSIS Pack Vendor :STMicroelectronics X-CUBE-AI 9.0.0
2025-05-19 15:09:40,339 [INFO] ThirdParty:1030 - CMSIS Pack Vendor :STMicroelectronics X-CUBE-AZRTOS-H7 3.1.0
2025-05-19 15:09:40,339 [INFO] ThirdParty:1030 - CMSIS Pack Vendor :STMicroelectronics PDM2PCM 3.3.0
2025-05-19 15:09:40,339 [INFO] ThirdParty:1030 - CMSIS Pack Vendor :STMicroelectronics X-CUBE-DISPLAY 3.0.0
2025-05-19 15:09:40,339 [INFO] ThirdParty:1030 - CMSIS Pack Vendor :STMicroelectronics X-CUBE-BLE1 7.0.0
2025-05-19 15:09:40,339 [INFO] ThirdParty:1030 - CMSIS Pack Vendor :STMicroelectronics X-CUBE-NFC10 1.0.0
2025-05-19 15:09:40,339 [INFO] ThirdParty:1030 - CMSIS Pack Vendor :STMicroelectronics X-CUBE-FREERTOS 1.3.1
2025-05-19 15:09:40,339 [INFO] ThirdParty:1030 - CMSIS Pack Vendor :STMicroelectronics HAL Drivers 0.0.0
2025-05-19 15:09:40,339 [INFO] ThirdParty:1030 - CMSIS Pack Vendor :emotas I-CUBE-CANOPEN 1.3.0
2025-05-19 15:09:40,339 [INFO] ThirdParty:1030 - CMSIS Pack Vendor :STMicroelectronics X-CUBE-FREERTOS 1.3.0
2025-05-19 15:09:40,339 [INFO] ThirdParty:1030 - CMSIS Pack Vendor :STMicroelectronics X-CUBE-TOUCHGFX 4.22.0
2025-05-19 15:09:40,339 [INFO] ThirdParty:1030 - CMSIS Pack Vendor :STMicroelectronics X-CUBE-NFC7 1.0.1
2025-05-19 15:09:40,339 [INFO] ThirdParty:1030 - CMSIS Pack Vendor :STMicroelectronics MBEDTLS 2.14.1
2025-05-19 15:09:40,339 [INFO] ThirdParty:1030 - CMSIS Pack Vendor :STMicroelectronics X-CUBE-NFC7 1.0.0
2025-05-19 15:09:40,339 [INFO] ThirdParty:1030 - CMSIS Pack Vendor :STMicroelectronics X-CUBE-TOUCHGFX 4.22.1
2025-05-19 15:09:40,339 [INFO] ThirdParty:1030 - CMSIS Pack Vendor :wolfSSL I-CUBE-wolfTPM 3.2.0
2025-05-19 15:09:40,340 [INFO] ThirdParty:1030 - CMSIS Pack Vendor :STMicroelectronics X-CUBE-NFC6 3.0.0
2025-05-19 15:09:40,340 [INFO] ThirdParty:1030 - CMSIS Pack Vendor :STMicroelectronics X-CUBE-EEPRMA1 4.1.0
2025-05-19 15:09:40,340 [INFO] ThirdParty:1030 - CMSIS Pack Vendor :STMicroelectronics X-CUBE-BLEMGR 3.1.0
2025-05-19 15:09:40,340 [INFO] ThirdParty:1030 - CMSIS Pack Vendor :STMicroelectronics X-CUBE-AI 10.0.0
2025-05-19 15:09:40,340 [INFO] ThirdParty:1030 - CMSIS Pack Vendor :STMicroelectronics FP-SNS-SMARTAG2 1.2.0
2025-05-19 15:09:40,340 [INFO] ThirdParty:1030 - CMSIS Pack Vendor :STMicroelectronics X-CUBE-MEMS1 11.1.0
2025-05-19 15:09:40,340 [INFO] ThirdParty:1030 - CMSIS Pack Vendor :STMicroelectronics X-CUBE-AZRTOS-WL 2.0.0
2025-05-19 15:09:40,340 [INFO] ThirdParty:1030 - CMSIS Pack Vendor :STMicroelectronics FP-SNS-MOTENV1 5.0.0
2025-05-19 15:09:40,340 [INFO] ThirdParty:1030 - CMSIS Pack Vendor :STMicroelectronics USB_DEVICE 1.0.0
2025-05-19 15:09:40,340 [INFO] ThirdParty:1030 - CMSIS Pack Vendor :STMicroelectronics X-CUBE-AI 8.1.0
2025-05-19 15:09:40,340 [INFO] ThirdParty:1030 - CMSIS Pack Vendor :wolfSSL I-CUBE-wolfMQTT 1.19.0
2025-05-19 15:09:40,340 [INFO] ThirdParty:1030 - CMSIS Pack Vendor :STMicroelectronics X-CUBE-AZRTOS-L4 2.0.0
2025-05-19 15:09:40,340 [INFO] ThirdParty:1030 - CMSIS Pack Vendor :STMicroelectronics ThreadX 0.0.2
2025-05-19 15:09:40,340 [INFO] ThirdParty:1030 - CMSIS Pack Vendor :WES I-CUBE-Cesium 1.3.0
2025-05-19 15:09:40,340 [INFO] ThirdParty:1030 - CMSIS Pack Vendor :STMicroelectronics lwIP 2.1.2
2025-05-19 15:09:40,340 [INFO] ThirdParty:1030 - CMSIS Pack Vendor :STMicroelectronics X-CUBE-SFXS2LP1 4.0.0
2025-05-19 15:09:40,340 [INFO] ThirdParty:1030 - CMSIS Pack Vendor :STMicroelectronics X-CUBE-BLE2 3.3.0
2025-05-19 15:09:40,340 [INFO] ThirdParty:1030 - CMSIS Pack Vendor :STMicroelectronics PDM2PCM 3.2.0
2025-05-19 15:09:40,340 [INFO] ThirdParty:1030 - CMSIS Pack Vendor :STMicroelectronics X-CUBE-ISPU 1.1.0
2025-05-19 15:09:40,340 [INFO] ThirdParty:1030 - CMSIS Pack Vendor :STMicroelectronics X-CUBE-AZRTOS-H7 3.3.0
2025-05-19 15:09:40,340 [INFO] ThirdParty:1030 - CMSIS Pack Vendor :STMicroelectronics X-CUBE-NFC9 1.0.0
2025-05-19 15:09:40,340 [INFO] ThirdParty:1030 - CMSIS Pack Vendor :STMicroelectronics X-CUBE-BLE1 7.1.0
2025-05-19 15:09:40,340 [INFO] ThirdParty:1030 - CMSIS Pack Vendor :STMicroelectronics USB_DEVICE 3.0.0
2025-05-19 15:09:40,340 [INFO] ThirdParty:1030 - CMSIS Pack Vendor :STMicroelectronics X-CUBE-TCPP 4.1.0
2025-05-19 15:09:40,340 [INFO] ThirdParty:1030 - CMSIS Pack Vendor :STMicroelectronics X-CUBE-AZRTOS-WB 2.0.0
2025-05-19 15:09:40,340 [INFO] ThirdParty:1030 - CMSIS Pack Vendor :STMicroelectronics X-CUBE-FREERTOS 1.0.1
2025-05-19 15:09:40,341 [INFO] ThirdParty:1030 - CMSIS Pack Vendor :STMicroelectronics X-CUBE-GNSS1 7.0.1
2025-05-19 15:09:40,341 [INFO] ThirdParty:1030 - CMSIS Pack Vendor :STMicroelectronics X-CUBE-TOUCHGFX 4.21.4
2025-05-19 15:09:40,341 [INFO] ThirdParty:1030 - CMSIS Pack Vendor :STMicroelectronics X-CUBE-TOUCHGFX 4.25.0
2025-05-19 15:09:40,341 [INFO] ThirdParty:1030 - CMSIS Pack Vendor :STMicroelectronics X-CUBE-ALGOBUILD 1.3.0
2025-05-19 15:09:40,341 [INFO] ThirdParty:1030 - CMSIS Pack Vendor :STMicroelectronics X-CUBE-AZRTOS-L5 1.1.0
2025-05-19 15:09:40,341 [INFO] ThirdParty:1030 - CMSIS Pack Vendor :STMicroelectronics X-CUBE-MEMS1 11.2.0
2025-05-19 15:09:40,341 [INFO] ThirdParty:1030 - CMSIS Pack Vendor :STMicroelectronics X-CUBE-AZRTOS-G0 1.1.0
2025-05-19 15:09:40,341 [INFO] ThirdParty:1030 - CMSIS Pack Vendor :STMicroelectronics X-CUBE-AI 8.0.1
2025-05-19 15:09:40,341 [INFO] ThirdParty:1030 - CMSIS Pack Vendor :STMicroelectronics X-CUBE-SAFEA1 1.2.2
2025-05-19 15:09:40,341 [INFO] ThirdParty:1030 - CMSIS Pack Vendor :STMicroelectronics X-CUBE-NFC4 3.0.0
2025-05-19 15:09:40,341 [INFO] ThirdParty:1030 - CMSIS Pack Vendor :STMicroelectronics X-CUBE-SUBG2 5.0.0
2025-05-19 15:09:40,341 [INFO] ThirdParty:1030 - CMSIS Pack Vendor :STMicroelectronics X-CUBE-AZRTOS-H7RS 1.1.0
2025-05-19 15:09:40,341 [INFO] ThirdParty:1030 - CMSIS Pack Vendor :STMicroelectronics STM32_WPAN 1.0.0
2025-05-19 15:09:40,341 [INFO] ThirdParty:1030 - CMSIS Pack Vendor :wolfSSL I-CUBE-wolfMQTT 1.18.0
2025-05-19 15:09:40,341 [INFO] ThirdParty:1030 - CMSIS Pack Vendor :STMicroelectronics lwIP 2.0.3
2025-05-19 15:09:40,341 [INFO] ThirdParty:1030 - CMSIS Pack Vendor :Cesanta I-CUBE-Mongoose 7.13.0
2025-05-19 15:09:40,342 [INFO] ThirdParty:1030 - CMSIS Pack Vendor :STMicroelectronics USB_HOST 1.0.0
2025-05-19 15:09:40,342 [INFO] ThirdParty:1030 - CMSIS Pack Vendor :STMicroelectronics X-CUBE-TOF1 3.3.1
2025-05-19 15:09:40,342 [INFO] ThirdParty:1030 - CMSIS Pack Vendor :STMicroelectronics X-CUBE-AZRTOS-G4 2.0.0
2025-05-19 15:09:40,342 [INFO] ThirdParty:1030 - CMSIS Pack Vendor :STMicroelectronics X-CUBE-WB05N 2.0.0
2025-05-19 15:09:40,342 [INFO] ThirdParty:1030 - CMSIS Pack Vendor :STMicroelectronics PDM2PCM 3.1.0
2025-05-19 15:09:40,342 [INFO] ThirdParty:1030 - CMSIS Pack Vendor :STMicroelectronics X-CUBE-TOF1 3.3.0
2025-05-19 15:09:40,342 [INFO] ThirdParty:1030 - CMSIS Pack Vendor :Infineon AIROC-Wi-Fi-Bluetooth-STM32 1.5.1
2025-05-19 15:09:40,342 [INFO] ThirdParty:1030 - CMSIS Pack Vendor :STMicroelectronics X-CUBE-BLEMGR 3.0.0
2025-05-19 15:09:40,342 [INFO] ThirdParty:1030 - CMSIS Pack Vendor :STMicroelectronics FP-SNS-MOTENVWB1 1.3.0
2025-05-19 15:09:40,342 [INFO] ThirdParty:1030 - CMSIS Pack Vendor :STMicroelectronics X-CUBE-NFC7 2.0.0
2025-05-19 15:09:40,342 [INFO] ThirdParty:1030 - CMSIS Pack Vendor :STMicroelectronics FP-SNS-MOTENVWB1 1.3.1
2025-05-19 15:09:40,342 [INFO] ThirdParty:1030 - CMSIS Pack Vendor :STMicroelectronics FP-ATR-SIGFOX1 3.2.0
2025-05-19 15:09:40,342 [INFO] ThirdParty:1030 - CMSIS Pack Vendor :STMicroelectronics X-CUBE-AZRTOS-L4 1.0.0
2025-05-19 15:09:40,342 [INFO] ThirdParty:1030 - CMSIS Pack Vendor :STMicroelectronics X-CUBE-ISPU 2.0.0
2025-05-19 15:09:40,343 [INFO] ThirdParty:1030 - CMSIS Pack Vendor :STMicroelectronics X-CUBE-EEPRMA1 5.1.0
2025-05-19 15:09:40,343 [INFO] ThirdParty:1030 - CMSIS Pack Vendor :STMicroelectronics MBEDTLS 2.16.2
2025-05-19 15:09:40,343 [INFO] ThirdParty:1030 - CMSIS Pack Vendor :STMicroelectronics X-CUBE-ALS 1.0.2
2025-05-19 15:09:40,343 [INFO] ThirdParty:1030 - CMSIS Pack Vendor :STMicroelectronics X-CUBE-MEMS1 10.0.0
2025-05-19 15:09:40,343 [INFO] ThirdParty:1030 - CMSIS Pack Vendor :STMicroelectronics X-CUBE-FREERTOS 1.1.0
2025-05-19 15:09:40,343 [INFO] ThirdParty:1030 - CMSIS Pack Vendor :wolfSSL I-CUBE-wolfSSL 5.7.6
2025-05-19 15:09:40,343 [INFO] ThirdParty:1030 - CMSIS Pack Vendor :STMicroelectronics X-CUBE-TOUCHGFX 4.24.0
2025-05-19 15:09:40,343 [INFO] ThirdParty:1030 - CMSIS Pack Vendor :ITTIA_DB I-CUBE-ITTIADB 8.9.0
2025-05-19 15:09:40,343 [INFO] ThirdParty:1030 - CMSIS Pack Vendor :STMicroelectronics X-CUBE-TOUCHGFX 4.24.2
2025-05-19 15:09:40,343 [INFO] ThirdParty:1030 - CMSIS Pack Vendor :STMicroelectronics X-CUBE-AZRTOS-WL 1.0.0
2025-05-19 15:09:40,343 [INFO] ThirdParty:1030 - CMSIS Pack Vendor :STMicroelectronics X-CUBE-TOUCHGFX 4.24.1
2025-05-19 15:09:40,343 [INFO] ThirdParty:1030 - CMSIS Pack Vendor :wolfSSL I-CUBE-wolfTPM 3.4.0
2025-05-19 15:09:40,343 [INFO] ThirdParty:1030 - CMSIS Pack Vendor :portGmbH I-Cube-SoM-uGOAL 1.1.0
2025-05-19 15:09:40,343 [INFO] ThirdParty:1030 - CMSIS Pack Vendor :STMicroelectronics X-CUBE-ALS 1.0.1
2025-05-19 15:09:40,343 [INFO] ThirdParty:1030 - CMSIS Pack Vendor :STMicroelectronics ThreadX 1.0.0
2025-05-19 15:09:40,343 [INFO] ThirdParty:1030 - CMSIS Pack Vendor :STMicroelectronics X-CUBE-AZRTOS-WB 1.1.0
2025-05-19 15:09:40,344 [INFO] ThirdParty:1030 - CMSIS Pack Vendor :SEGGER I-CUBE-embOS 1.3.1
2025-05-19 15:09:40,344 [INFO] ThirdParty:1030 - CMSIS Pack Vendor :STMicroelectronics X-CUBE-ALGOBUILD 1.4.0
2025-05-19 15:09:40,344 [INFO] ThirdParty:1030 - CMSIS Pack Vendor :STMicroelectronics X-CUBE-AZRTOS-H7RS 1.0.0
2025-05-19 15:09:40,344 [INFO] ThirdParty:1030 - CMSIS Pack Vendor :STMicroelectronics FP-ATR-ASTRA1 2.0.0
2025-05-19 15:09:40,344 [INFO] ThirdParty:1030 - CMSIS Pack Vendor :STMicroelectronics X-CUBE-AI 9.1.0
2025-05-19 15:09:40,344 [INFO] ThirdParty:1030 - CMSIS Pack Vendor :STMicroelectronics X-CUBE-TOF1 3.4.0
2025-05-19 15:09:40,344 [INFO] ThirdParty:1030 - CMSIS Pack Vendor :STMicroelectronics X-CUBE-TOF1 3.4.1
2025-05-19 15:09:40,344 [INFO] ThirdParty:1030 - CMSIS Pack Vendor :STMicroelectronics X-CUBE-AZRTOS-H7 3.2.0
2025-05-19 15:09:40,344 [INFO] ThirdParty:1030 - CMSIS Pack Vendor :wolfSSL I-CUBE-wolfSSH 1.4.17
2025-05-19 15:09:40,344 [INFO] ThirdParty:841 - exiting critical section [change project]
2025-05-19 15:09:40,871 [INFO] PinOutPanel:1499 - setPackage(No Configuration,No Configuration)
2025-05-19 15:09:40,875 [INFO] PinOutPanel:1499 - setPackage(STM32F103CBTx,LQFP48)
2025-05-19 15:09:41,677 [INFO] UtilMem:75 - Before build in PCC Used Memory: 661546824 Bytes (1073741824)
2025-05-19 15:09:42,923 [INFO] UtilMem:75 - After build in PCC Used Memory: 749100872 Bytes (1073741824)
2025-05-19 15:09:42,955 [INFO] IPUIPlugin:80 - create IPUIPlugin
2025-05-19 15:09:42,955 [INFO] IPUIPlugin:80 - create IPUIPlugin
2025-05-19 15:09:42,956 [INFO] IPUIPlugin:80 - create IPUIPlugin
2025-05-19 15:09:42,956 [INFO] IPUIPlugin:80 - create IPUIPlugin
2025-05-19 15:09:42,956 [INFO] IPUIPlugin:80 - create IPUIPlugin
2025-05-19 15:09:42,957 [INFO] IPUIPlugin:80 - create IPUIPlugin
2025-05-19 15:09:42,957 [INFO] IPUIPlugin:80 - create IPUIPlugin
2025-05-19 15:09:42,957 [INFO] IPUIPlugin:80 - create IPUIPlugin
2025-05-19 15:09:42,957 [INFO] IPUIPlugin:80 - create IPUIPlugin
2025-05-19 15:09:42,957 [INFO] IPUIPlugin:80 - create IPUIPlugin
2025-05-19 15:09:42,958 [INFO] IPUIPlugin:80 - create IPUIPlugin
2025-05-19 15:09:42,958 [INFO] IPUIPlugin:80 - create IPUIPlugin
2025-05-19 15:09:42,958 [INFO] IPUIPlugin:80 - create IPUIPlugin
2025-05-19 15:09:42,958 [INFO] IPUIPlugin:80 - create IPUIPlugin
2025-05-19 15:09:42,958 [INFO] IPUIPlugin:80 - create IPUIPlugin
2025-05-19 15:09:42,958 [INFO] IPUIPlugin:80 - create IPUIPlugin
2025-05-19 15:09:42,958 [INFO] IPUIPlugin:80 - create IPUIPlugin
2025-05-19 15:09:42,958 [INFO] IPUIPlugin:80 - create IPUIPlugin
2025-05-19 15:09:42,960 [INFO] IPUIPlugin:80 - create IPUIPlugin
2025-05-19 15:09:42,960 [INFO] IPUIPlugin:80 - create IPUIPlugin
2025-05-19 15:09:42,960 [INFO] IPUIPlugin:80 - create IPUIPlugin
2025-05-19 15:09:42,960 [INFO] IPUIPlugin:80 - create IPUIPlugin
2025-05-19 15:09:42,961 [INFO] IPUIPlugin:80 - create IPUIPlugin
2025-05-19 15:09:42,961 [INFO] IPUIPlugin:80 - create IPUIPlugin
2025-05-19 15:09:42,961 [INFO] IPUIPlugin:80 - create IPUIPlugin
2025-05-19 15:09:42,961 [INFO] IPUIPlugin:80 - create IPUIPlugin
2025-05-19 15:09:42,961 [INFO] IPUIPlugin:80 - create IPUIPlugin
2025-05-19 15:09:43,252 [INFO] CADModel:165 - CPN selected for project levelSTM32F103CBT6
2025-05-19 15:09:43,252 [INFO] CADModel:114 - Register for checkConnection events
2025-05-19 15:09:43,307 [INFO] OpenFileManager:328 - Restore cursor
2025-05-19 15:09:45,293 [INFO] UtilMem:75 - End SaveConfig() Used Memory: 842975104 Bytes (1073741824)
2025-05-19 15:09:45,377 [INFO] UtilMem:75 - End SaveConfig() Used Memory: 856057672 Bytes (1073741824)
2025-05-19 15:09:45,805 [INFO] BlockDiagram:2759 - set Specific Code input for plugin: NVIC
2025-05-19 15:09:45,806 [INFO] BlockDiagram:2759 - set Specific Code input for plugin: RCC
2025-05-19 15:09:45,809 [INFO] CodeGenerator:799 - code generatio: config db path: D:\ITC\STM32\STM32CubeIDE_1.13.0\STM32CubeIDE\plugins\com.st.stm32cube.common.mx_6.9.0.202307051724\\db\
2025-05-19 15:09:46,396 [INFO] CodeEngine:255 - oldGeneratedFile, D:\AIFARM\STM32_GREENB\stm32f103cb_rtc\MXTmpFiles\license.tmp_save
2025-05-19 15:09:46,945 [INFO] CodeEngine:279 - Generated code: D:\AIFARM\STM32_GREENB\stm32f103cb_rtc\MXTmpFiles\license.tmp
2025-05-19 15:09:46,984 [INFO] CodeEngine:255 - oldGeneratedFile, D:\AIFARM\STM32_GREENB\stm32f103cb_rtc\Core\Src\stm32f1xx_it.c_save
2025-05-19 15:09:47,171 [INFO] CodeEngine:279 - Generated code: D:\AIFARM\STM32_GREENB\stm32f103cb_rtc\Core\Src\stm32f1xx_it.c
2025-05-19 15:09:47,198 [INFO] CodeEngine:255 - oldGeneratedFile, D:\AIFARM\STM32_GREENB\stm32f103cb_rtc\Core\Inc\stm32f1xx_it.h_save
2025-05-19 15:09:47,323 [INFO] CodeEngine:279 - Generated code: D:\AIFARM\STM32_GREENB\stm32f103cb_rtc\Core\Inc\stm32f1xx_it.h
2025-05-19 15:09:47,473 [INFO] CodeEngine:255 - oldGeneratedFile, D:\AIFARM\STM32_GREENB\stm32f103cb_rtc\Core\Src\stm32f1xx_hal_msp.c_save
2025-05-19 15:09:47,648 [INFO] CodeEngine:279 - Generated code: D:\AIFARM\STM32_GREENB\stm32f103cb_rtc\Core\Src\stm32f1xx_hal_msp.c
2025-05-19 15:09:47,664 [INFO] CodeEngine:255 - oldGeneratedFile, D:\AIFARM\STM32_GREENB\stm32f103cb_rtc\MXTmpFiles\system.tmp_save
2025-05-19 15:09:47,765 [INFO] CodeEngine:279 - Generated code: D:\AIFARM\STM32_GREENB\stm32f103cb_rtc\MXTmpFiles\system.tmp
2025-05-19 15:09:47,794 [INFO] CodeEngine:311 - oldGeneratedFile, D:\AIFARM\STM32_GREENB\stm32f103cb_rtc\Core\Inc\stm32f1xx_hal_conf.h_save
2025-05-19 15:09:47,928 [INFO] CodeEngine:335 - Generated code: D:\AIFARM\STM32_GREENB\stm32f103cb_rtc\Core\Inc\stm32f1xx_hal_conf.h
2025-05-19 15:09:48,008 [INFO] CodeEngine:255 - oldGeneratedFile, D:\AIFARM\STM32_GREENB\stm32f103cb_rtc\Core\Inc\main.h_save
2025-05-19 15:09:48,164 [INFO] CodeEngine:279 - Generated code: D:\AIFARM\STM32_GREENB\stm32f103cb_rtc\Core\Inc\main.h
2025-05-19 15:09:48,186 [INFO] CodeEngine:255 - oldGeneratedFile, D:\AIFARM\STM32_GREENB\stm32f103cb_rtc\Core\Src\main.c_save
2025-05-19 15:09:48,364 [INFO] CodeEngine:279 - Generated code: D:\AIFARM\STM32_GREENB\stm32f103cb_rtc\Core\Src\main.c
2025-05-19 15:09:49,232 [INFO] ProjectBuilder:3064 - Time for Copy HAL[1] : 215mS.
2025-05-19 15:09:49,238 [INFO] ProjectBuilder:4404 - Project Generator version: 4.1.0
2025-05-19 15:09:49,589 [INFO] ConfigFileManager:1457 - The Die is : DIE410
2025-05-19 15:09:49,623 [INFO] ApiDbMcu:507 - Load IP Config File for FATFS
2025-05-19 15:09:49,650 [INFO] ApiDbMcu:507 - Load IP Config File for FREERTOS
2025-05-19 15:09:49,673 [INFO] ApiDbMcu:507 - Load IP Config File for USB_DEVICE
2025-05-19 15:09:51,224 [INFO] LogOutputStream:77 - [STDOUT_REDIRECT] 
2025-05-19 15:10:15,722 [INFO] ProjectBuilder:4626 - Time for Generating toolchain IDE Files: 26457mS.
2025-05-19 15:10:15,732 [INFO] ProjectBuilder:2935 - Time for Copy CMSIS : 5mS.
2025-05-19 15:10:15,735 [INFO] ProjectBuilder:2935 - Time for Copy CMSIS : 0mS.
2025-05-19 15:10:32,027 [INFO] McuFinderGlobals:76 - Set McuFinderConnectedMode to true
2025-05-19 15:10:32,098 [INFO] ApiDb:448 - Save user favorites file C:\Users\msi1/.stm32cubeide/favorites.mcus.txt: 4 item(s)
2025-05-19 15:10:32,102 [INFO] ApiDb:452 - User favorites MCUs=[STM32F103CBT6, STM32F303VCT6, STM32F401CCU6, STM32F407VGT6]
2025-05-19 15:12:06,819 [INFO] NvicIntPanel:101 - NVIC parent = com.st.microxplorer.plugins.ip.nvic.MultiNvicIntPanel[,0,0,0x0,invalid,layout=javax.swing.BoxLayout,alignmentX=0.0,alignmentY=0.0,border=,flags=9,maximumSize=,minimumSize=,preferredSize=]
2025-05-19 15:12:13,886 [INFO] UtilMem:75 - End SaveConfig() Used Memory: 802221640 Bytes (1073741824)
2025-05-19 15:12:14,946 [INFO] UtilMem:75 - End SaveConfig() Used Memory: 674526288 Bytes (1073741824)
2025-05-19 15:12:15,615 [INFO] BlockDiagram:2759 - set Specific Code input for plugin: NVIC
2025-05-19 15:12:15,616 [INFO] BlockDiagram:2759 - set Specific Code input for plugin: SYS
2025-05-19 15:12:15,616 [INFO] BlockDiagram:2759 - set Specific Code input for plugin: GPIO
2025-05-19 15:12:15,616 [INFO] BlockDiagram:2759 - set Specific Code input for plugin: RCC
2025-05-19 15:12:15,617 [INFO] CodeGenerator:799 - code generatio: config db path: D:\ITC\STM32\STM32CubeIDE_1.13.0\STM32CubeIDE\plugins\com.st.stm32cube.common.mx_6.9.0.202307051724\\db\
2025-05-19 15:12:15,867 [INFO] CodeEngine:255 - oldGeneratedFile, D:\AIFARM\STM32_GREENB\stm32f103cb_rtc\MXTmpFiles\license.tmp_save
2025-05-19 15:12:16,029 [INFO] CodeEngine:279 - Generated code: D:\AIFARM\STM32_GREENB\stm32f103cb_rtc\MXTmpFiles\license.tmp
2025-05-19 15:12:16,072 [INFO] CodeEngine:255 - oldGeneratedFile, D:\AIFARM\STM32_GREENB\stm32f103cb_rtc\MXTmpFiles\gpio.tmp_save
2025-05-19 15:12:16,180 [INFO] CodeEngine:279 - Generated code: D:\AIFARM\STM32_GREENB\stm32f103cb_rtc\MXTmpFiles\gpio.tmp
2025-05-19 15:12:16,206 [INFO] CodeEngine:255 - oldGeneratedFile, D:\AIFARM\STM32_GREENB\stm32f103cb_rtc\Core\Src\stm32f1xx_it.c_save
2025-05-19 15:12:16,271 [INFO] CodeEngine:279 - Generated code: D:\AIFARM\STM32_GREENB\stm32f103cb_rtc\Core\Src\stm32f1xx_it.c
2025-05-19 15:12:16,275 [INFO] CodeEngine:255 - oldGeneratedFile, D:\AIFARM\STM32_GREENB\stm32f103cb_rtc\Core\Inc\stm32f1xx_it.h_save
2025-05-19 15:12:16,324 [INFO] CodeEngine:279 - Generated code: D:\AIFARM\STM32_GREENB\stm32f103cb_rtc\Core\Inc\stm32f1xx_it.h
2025-05-19 15:12:16,343 [INFO] CodeEngine:255 - oldGeneratedFile, D:\AIFARM\STM32_GREENB\stm32f103cb_rtc\Core\Src\stm32f1xx_hal_msp.c_save
2025-05-19 15:12:16,441 [INFO] CodeEngine:279 - Generated code: D:\AIFARM\STM32_GREENB\stm32f103cb_rtc\Core\Src\stm32f1xx_hal_msp.c
2025-05-19 15:12:16,444 [INFO] CodeEngine:255 - oldGeneratedFile, D:\AIFARM\STM32_GREENB\stm32f103cb_rtc\MXTmpFiles\system.tmp_save
2025-05-19 15:12:16,497 [INFO] CodeEngine:279 - Generated code: D:\AIFARM\STM32_GREENB\stm32f103cb_rtc\MXTmpFiles\system.tmp
2025-05-19 15:12:16,516 [INFO] CodeEngine:311 - oldGeneratedFile, D:\AIFARM\STM32_GREENB\stm32f103cb_rtc\Core\Inc\stm32f1xx_hal_conf.h_save
2025-05-19 15:12:16,666 [INFO] CodeEngine:335 - Generated code: D:\AIFARM\STM32_GREENB\stm32f103cb_rtc\Core\Inc\stm32f1xx_hal_conf.h
2025-05-19 15:12:16,714 [INFO] CodeEngine:255 - oldGeneratedFile, D:\AIFARM\STM32_GREENB\stm32f103cb_rtc\Core\Inc\main.h_save
2025-05-19 15:12:16,785 [INFO] CodeEngine:279 - Generated code: D:\AIFARM\STM32_GREENB\stm32f103cb_rtc\Core\Inc\main.h
2025-05-19 15:12:16,802 [INFO] CodeEngine:255 - oldGeneratedFile, D:\AIFARM\STM32_GREENB\stm32f103cb_rtc\Core\Src\main.c_save
2025-05-19 15:12:16,908 [INFO] CodeEngine:279 - Generated code: D:\AIFARM\STM32_GREENB\stm32f103cb_rtc\Core\Src\main.c
2025-05-19 15:12:17,567 [INFO] ProjectBuilder:3064 - Time for Copy HAL[1] : 209mS.
2025-05-19 15:12:17,570 [INFO] ProjectBuilder:4404 - Project Generator version: 4.1.0
2025-05-19 15:12:17,867 [INFO] ConfigFileManager:1457 - The Die is : DIE410
2025-05-19 15:12:20,368 [INFO] ProjectBuilder:4626 - Time for Generating toolchain IDE Files: 2798mS.
2025-05-19 15:12:20,369 [INFO] ProjectBuilder:2935 - Time for Copy CMSIS : 1mS.
2025-05-19 15:12:20,371 [INFO] ProjectBuilder:2935 - Time for Copy CMSIS : 0mS.
2025-05-19 15:59:00,603 [WARN] IP:2114 - I2C_Coeff_DF not found: check if there is a RefParameter without a condition.
2025-05-19 15:59:00,604 [WARN] IP:2114 - Analog_Filter not found: check if there is a RefParameter without a condition.
2025-05-19 15:59:00,626 [WARN] IP:2114 - I2C_Coeff_DF not found: check if there is a RefParameter without a condition.
2025-05-19 15:59:00,626 [WARN] IP:2114 - Analog_Filter not found: check if there is a RefParameter without a condition.
2025-05-19 15:59:00,627 [WARN] IP:2114 - I2C_Coeff_DF not found: check if there is a RefParameter without a condition.
2025-05-19 15:59:00,627 [WARN] IP:2114 - Analog_Filter not found: check if there is a RefParameter without a condition.
2025-05-19 15:59:00,734 [WARN] IP:2114 - I2C_Coeff_DF not found: check if there is a RefParameter without a condition.
2025-05-19 15:59:00,734 [WARN] IP:2114 - Analog_Filter not found: check if there is a RefParameter without a condition.
2025-05-19 15:59:00,736 [WARN] IP:2114 - I2C_Coeff_DF not found: check if there is a RefParameter without a condition.
2025-05-19 15:59:00,736 [WARN] IP:2114 - Analog_Filter not found: check if there is a RefParameter without a condition.
2025-05-19 15:59:05,307 [INFO] UtilMem:75 - End SaveConfig() Used Memory: 699356456 Bytes (1073741824)
2025-05-19 15:59:05,789 [INFO] UtilMem:75 - End SaveConfig() Used Memory: 747632816 Bytes (1073741824)
2025-05-19 15:59:06,140 [INFO] BlockDiagram:2759 - set Specific Code input for plugin: NVIC
2025-05-19 15:59:06,140 [INFO] BlockDiagram:2759 - set Specific Code input for plugin: SYS
2025-05-19 15:59:06,140 [INFO] BlockDiagram:2759 - set Specific Code input for plugin: GPIO
2025-05-19 15:59:06,140 [INFO] BlockDiagram:2759 - set Specific Code input for plugin: RCC
2025-05-19 15:59:06,140 [INFO] BlockDiagram:2759 - set Specific Code input for plugin: I2C
2025-05-19 15:59:06,142 [INFO] CodeGenerator:799 - code generatio: config db path: D:\ITC\STM32\STM32CubeIDE_1.13.0\STM32CubeIDE\plugins\com.st.stm32cube.common.mx_6.9.0.202307051724\\db\
2025-05-19 15:59:06,145 [WARN] IP:2114 - I2C_Coeff_DF not found: check if there is a RefParameter without a condition.
2025-05-19 15:59:06,145 [WARN] IP:2114 - Analog_Filter not found: check if there is a RefParameter without a condition.
2025-05-19 15:59:06,302 [INFO] CodeEngine:255 - oldGeneratedFile, D:\AIFARM\STM32_GREENB\stm32f103cb_rtc\MXTmpFiles\license.tmp_save
2025-05-19 15:59:06,470 [INFO] CodeEngine:279 - Generated code: D:\AIFARM\STM32_GREENB\stm32f103cb_rtc\MXTmpFiles\license.tmp
2025-05-19 15:59:06,538 [INFO] CodeEngine:255 - oldGeneratedFile, D:\AIFARM\STM32_GREENB\stm32f103cb_rtc\MXTmpFiles\gpio.tmp_save
2025-05-19 15:59:06,663 [INFO] CodeEngine:279 - Generated code: D:\AIFARM\STM32_GREENB\stm32f103cb_rtc\MXTmpFiles\gpio.tmp
2025-05-19 15:59:06,764 [INFO] CodeEngine:255 - oldGeneratedFile, D:\AIFARM\STM32_GREENB\stm32f103cb_rtc\Core\Src\stm32f1xx_it.c_save
2025-05-19 15:59:07,085 [INFO] CodeEngine:279 - Generated code: D:\AIFARM\STM32_GREENB\stm32f103cb_rtc\Core\Src\stm32f1xx_it.c
2025-05-19 15:59:07,092 [INFO] CodeEngine:255 - oldGeneratedFile, D:\AIFARM\STM32_GREENB\stm32f103cb_rtc\Core\Inc\stm32f1xx_it.h_save
2025-05-19 15:59:07,143 [INFO] CodeEngine:279 - Generated code: D:\AIFARM\STM32_GREENB\stm32f103cb_rtc\Core\Inc\stm32f1xx_it.h
2025-05-19 15:59:07,173 [INFO] CodeEngine:255 - oldGeneratedFile, D:\AIFARM\STM32_GREENB\stm32f103cb_rtc\Core\Src\stm32f1xx_hal_msp.c_save
2025-05-19 15:59:07,305 [INFO] CodeEngine:279 - Generated code: D:\AIFARM\STM32_GREENB\stm32f103cb_rtc\Core\Src\stm32f1xx_hal_msp.c
2025-05-19 15:59:07,308 [INFO] CodeEngine:255 - oldGeneratedFile, D:\AIFARM\STM32_GREENB\stm32f103cb_rtc\MXTmpFiles\system.tmp_save
2025-05-19 15:59:07,353 [INFO] CodeEngine:279 - Generated code: D:\AIFARM\STM32_GREENB\stm32f103cb_rtc\MXTmpFiles\system.tmp
2025-05-19 15:59:07,377 [INFO] CodeEngine:311 - oldGeneratedFile, D:\AIFARM\STM32_GREENB\stm32f103cb_rtc\Core\Inc\stm32f1xx_hal_conf.h_save
2025-05-19 15:59:07,466 [INFO] CodeEngine:335 - Generated code: D:\AIFARM\STM32_GREENB\stm32f103cb_rtc\Core\Inc\stm32f1xx_hal_conf.h
2025-05-19 15:59:07,522 [INFO] CodeEngine:255 - oldGeneratedFile, D:\AIFARM\STM32_GREENB\stm32f103cb_rtc\Core\Inc\main.h_save
2025-05-19 15:59:07,609 [INFO] CodeEngine:279 - Generated code: D:\AIFARM\STM32_GREENB\stm32f103cb_rtc\Core\Inc\main.h
2025-05-19 15:59:07,631 [INFO] CodeEngine:255 - oldGeneratedFile, D:\AIFARM\STM32_GREENB\stm32f103cb_rtc\Core\Src\main.c_save
2025-05-19 15:59:07,754 [INFO] CodeEngine:279 - Generated code: D:\AIFARM\STM32_GREENB\stm32f103cb_rtc\Core\Src\main.c
2025-05-19 15:59:08,258 [INFO] ProjectBuilder:3064 - Time for Copy HAL[1] : 177mS.
2025-05-19 15:59:08,261 [INFO] ProjectBuilder:4404 - Project Generator version: 4.1.0
2025-05-19 15:59:08,604 [INFO] ConfigFileManager:1457 - The Die is : DIE410
2025-05-19 15:59:09,894 [INFO] ProjectBuilder:4626 - Time for Generating toolchain IDE Files: 1633mS.
2025-05-19 15:59:09,895 [INFO] ProjectBuilder:2935 - Time for Copy CMSIS : 1mS.
2025-05-19 15:59:09,897 [INFO] ProjectBuilder:2935 - Time for Copy CMSIS : 0mS.
2025-05-19 16:07:47,065 [INFO] UtilMem:75 - End SaveConfig() Used Memory: 834479888 Bytes (1073741824)
2025-05-19 16:07:47,353 [INFO] BlockDiagram:2759 - set Specific Code input for plugin: NVIC
2025-05-19 16:07:47,353 [INFO] BlockDiagram:2759 - set Specific Code input for plugin: SYS
2025-05-19 16:07:47,354 [INFO] BlockDiagram:2759 - set Specific Code input for plugin: GPIO
2025-05-19 16:07:47,354 [INFO] BlockDiagram:2759 - set Specific Code input for plugin: RCC
2025-05-19 16:07:47,354 [INFO] BlockDiagram:2759 - set Specific Code input for plugin: I2C
2025-05-19 16:07:47,355 [INFO] CodeGenerator:799 - code generatio: config db path: D:\ITC\STM32\STM32CubeIDE_1.13.0\STM32CubeIDE\plugins\com.st.stm32cube.common.mx_6.9.0.202307051724\\db\
2025-05-19 16:07:47,356 [WARN] IP:2114 - I2C_Coeff_DF not found: check if there is a RefParameter without a condition.
2025-05-19 16:07:47,356 [WARN] IP:2114 - Analog_Filter not found: check if there is a RefParameter without a condition.
2025-05-19 16:07:47,574 [INFO] CodeEngine:255 - oldGeneratedFile, D:\AIFARM\STM32_GREENB\stm32f103cb_rtc\MXTmpFiles\license.tmp_save
2025-05-19 16:07:47,672 [INFO] CodeEngine:279 - Generated code: D:\AIFARM\STM32_GREENB\stm32f103cb_rtc\MXTmpFiles\license.tmp
2025-05-19 16:07:47,686 [INFO] CodeEngine:255 - oldGeneratedFile, D:\AIFARM\STM32_GREENB\stm32f103cb_rtc\MXTmpFiles\gpio.tmp_save
2025-05-19 16:07:47,784 [INFO] CodeEngine:279 - Generated code: D:\AIFARM\STM32_GREENB\stm32f103cb_rtc\MXTmpFiles\gpio.tmp
2025-05-19 16:07:47,831 [INFO] CodeEngine:255 - oldGeneratedFile, D:\AIFARM\STM32_GREENB\stm32f103cb_rtc\Core\Src\stm32f1xx_it.c_save
2025-05-19 16:07:47,998 [INFO] CodeEngine:279 - Generated code: D:\AIFARM\STM32_GREENB\stm32f103cb_rtc\Core\Src\stm32f1xx_it.c
2025-05-19 16:07:48,002 [INFO] CodeEngine:255 - oldGeneratedFile, D:\AIFARM\STM32_GREENB\stm32f103cb_rtc\Core\Inc\stm32f1xx_it.h_save
2025-05-19 16:07:48,061 [INFO] CodeEngine:279 - Generated code: D:\AIFARM\STM32_GREENB\stm32f103cb_rtc\Core\Inc\stm32f1xx_it.h
2025-05-19 16:07:48,082 [INFO] CodeEngine:255 - oldGeneratedFile, D:\AIFARM\STM32_GREENB\stm32f103cb_rtc\Core\Src\stm32f1xx_hal_msp.c_save
2025-05-19 16:07:48,184 [INFO] CodeEngine:279 - Generated code: D:\AIFARM\STM32_GREENB\stm32f103cb_rtc\Core\Src\stm32f1xx_hal_msp.c
2025-05-19 16:07:48,188 [INFO] CodeEngine:255 - oldGeneratedFile, D:\AIFARM\STM32_GREENB\stm32f103cb_rtc\MXTmpFiles\system.tmp_save
2025-05-19 16:07:48,234 [INFO] CodeEngine:279 - Generated code: D:\AIFARM\STM32_GREENB\stm32f103cb_rtc\MXTmpFiles\system.tmp
2025-05-19 16:07:48,252 [INFO] CodeEngine:311 - oldGeneratedFile, D:\AIFARM\STM32_GREENB\stm32f103cb_rtc\Core\Inc\stm32f1xx_hal_conf.h_save
2025-05-19 16:07:48,339 [INFO] CodeEngine:335 - Generated code: D:\AIFARM\STM32_GREENB\stm32f103cb_rtc\Core\Inc\stm32f1xx_hal_conf.h
2025-05-19 16:07:48,372 [INFO] CodeEngine:255 - oldGeneratedFile, D:\AIFARM\STM32_GREENB\stm32f103cb_rtc\Core\Inc\main.h_save
2025-05-19 16:07:48,448 [INFO] CodeEngine:279 - Generated code: D:\AIFARM\STM32_GREENB\stm32f103cb_rtc\Core\Inc\main.h
2025-05-19 16:07:48,460 [INFO] CodeEngine:255 - oldGeneratedFile, D:\AIFARM\STM32_GREENB\stm32f103cb_rtc\Core\Src\main.c_save
2025-05-19 16:07:48,536 [INFO] CodeEngine:279 - Generated code: D:\AIFARM\STM32_GREENB\stm32f103cb_rtc\Core\Src\main.c
2025-05-19 16:07:49,013 [INFO] ProjectBuilder:3064 - Time for Copy HAL[1] : 137mS.
2025-05-19 16:07:49,016 [INFO] ProjectBuilder:4404 - Project Generator version: 4.1.0
2025-05-19 16:07:49,245 [INFO] ConfigFileManager:1457 - The Die is : DIE410
2025-05-19 16:07:50,401 [INFO] ProjectBuilder:4626 - Time for Generating toolchain IDE Files: 1385mS.
2025-05-19 16:07:50,402 [INFO] ProjectBuilder:2935 - Time for Copy CMSIS : 1mS.
2025-05-19 16:07:50,404 [INFO] ProjectBuilder:2935 - Time for Copy CMSIS : 0mS.
2025-05-19 16:41:26,610 [INFO] NvicIntPanel:101 - NVIC parent = com.st.microxplorer.plugins.ip.nvic.MultiNvicIntPanel[,0,0,0x0,invalid,layout=javax.swing.BoxLayout,alignmentX=0.0,alignmentY=0.0,border=,flags=9,maximumSize=,minimumSize=,preferredSize=]
2025-05-19 16:41:30,441 [INFO] NvicIntPanel:101 - NVIC parent = com.st.microxplorer.plugins.ip.nvic.MultiNvicIntPanel[,0,0,0x0,invalid,layout=javax.swing.BoxLayout,alignmentX=0.0,alignmentY=0.0,border=,flags=9,maximumSize=,minimumSize=,preferredSize=]
2025-05-19 16:41:39,961 [INFO] UtilMem:75 - End SaveConfig() Used Memory: 788978000 Bytes (1073741824)
2025-05-19 16:41:40,051 [INFO] UtilMem:75 - End SaveConfig() Used Memory: 802482656 Bytes (1073741824)
2025-05-19 16:41:40,655 [INFO] UtilMem:75 - End SaveConfig() Used Memory: 830794208 Bytes (1073741824)
2025-05-19 16:41:40,941 [INFO] BlockDiagram:2759 - set Specific Code input for plugin: NVIC
2025-05-19 16:41:40,941 [INFO] BlockDiagram:2759 - set Specific Code input for plugin: SYS
2025-05-19 16:41:40,942 [INFO] BlockDiagram:2759 - set Specific Code input for plugin: GPIO
2025-05-19 16:41:40,942 [INFO] BlockDiagram:2759 - set Specific Code input for plugin: RCC
2025-05-19 16:41:40,942 [INFO] BlockDiagram:2759 - set Specific Code input for plugin: I2C
2025-05-19 16:41:40,944 [INFO] CodeGenerator:799 - code generatio: config db path: D:\ITC\STM32\STM32CubeIDE_1.13.0\STM32CubeIDE\plugins\com.st.stm32cube.common.mx_6.9.0.202307051724\\db\
2025-05-19 16:41:40,946 [WARN] IP:2114 - I2C_Coeff_DF not found: check if there is a RefParameter without a condition.
2025-05-19 16:41:40,946 [WARN] IP:2114 - Analog_Filter not found: check if there is a RefParameter without a condition.
2025-05-19 16:41:41,090 [INFO] CodeEngine:255 - oldGeneratedFile, D:\AIFARM\STM32_GREENB\stm32f103cb_rtc\MXTmpFiles\license.tmp_save
2025-05-19 16:41:41,240 [INFO] CodeEngine:279 - Generated code: D:\AIFARM\STM32_GREENB\stm32f103cb_rtc\MXTmpFiles\license.tmp
2025-05-19 16:41:41,259 [INFO] CodeEngine:255 - oldGeneratedFile, D:\AIFARM\STM32_GREENB\stm32f103cb_rtc\MXTmpFiles\gpio.tmp_save
2025-05-19 16:41:41,390 [INFO] CodeEngine:279 - Generated code: D:\AIFARM\STM32_GREENB\stm32f103cb_rtc\MXTmpFiles\gpio.tmp
2025-05-19 16:41:41,585 [INFO] CodeEngine:255 - oldGeneratedFile, D:\AIFARM\STM32_GREENB\stm32f103cb_rtc\Core\Src\stm32f1xx_it.c_save
2025-05-19 16:41:41,759 [INFO] CodeEngine:279 - Generated code: D:\AIFARM\STM32_GREENB\stm32f103cb_rtc\Core\Src\stm32f1xx_it.c
2025-05-19 16:41:41,765 [INFO] CodeEngine:255 - oldGeneratedFile, D:\AIFARM\STM32_GREENB\stm32f103cb_rtc\Core\Inc\stm32f1xx_it.h_save
2025-05-19 16:41:41,829 [INFO] CodeEngine:279 - Generated code: D:\AIFARM\STM32_GREENB\stm32f103cb_rtc\Core\Inc\stm32f1xx_it.h
2025-05-19 16:41:41,868 [INFO] CodeEngine:255 - oldGeneratedFile, D:\AIFARM\STM32_GREENB\stm32f103cb_rtc\Core\Src\stm32f1xx_hal_msp.c_save
2025-05-19 16:41:41,986 [INFO] CodeEngine:279 - Generated code: D:\AIFARM\STM32_GREENB\stm32f103cb_rtc\Core\Src\stm32f1xx_hal_msp.c
2025-05-19 16:41:41,989 [INFO] CodeEngine:255 - oldGeneratedFile, D:\AIFARM\STM32_GREENB\stm32f103cb_rtc\MXTmpFiles\system.tmp_save
2025-05-19 16:41:42,037 [INFO] CodeEngine:279 - Generated code: D:\AIFARM\STM32_GREENB\stm32f103cb_rtc\MXTmpFiles\system.tmp
2025-05-19 16:41:42,067 [INFO] CodeEngine:311 - oldGeneratedFile, D:\AIFARM\STM32_GREENB\stm32f103cb_rtc\Core\Inc\stm32f1xx_hal_conf.h_save
2025-05-19 16:41:42,237 [INFO] CodeEngine:335 - Generated code: D:\AIFARM\STM32_GREENB\stm32f103cb_rtc\Core\Inc\stm32f1xx_hal_conf.h
2025-05-19 16:41:42,287 [INFO] CodeEngine:255 - oldGeneratedFile, D:\AIFARM\STM32_GREENB\stm32f103cb_rtc\Core\Inc\main.h_save
2025-05-19 16:41:42,349 [INFO] CodeEngine:279 - Generated code: D:\AIFARM\STM32_GREENB\stm32f103cb_rtc\Core\Inc\main.h
2025-05-19 16:41:42,378 [INFO] CodeEngine:255 - oldGeneratedFile, D:\AIFARM\STM32_GREENB\stm32f103cb_rtc\Core\Src\main.c_save
2025-05-19 16:41:42,494 [INFO] CodeEngine:279 - Generated code: D:\AIFARM\STM32_GREENB\stm32f103cb_rtc\Core\Src\main.c
2025-05-19 16:41:43,090 [INFO] ProjectBuilder:3064 - Time for Copy HAL[1] : 183mS.
2025-05-19 16:41:43,094 [INFO] ProjectBuilder:4404 - Project Generator version: 4.1.0
2025-05-19 16:41:43,364 [INFO] ConfigFileManager:1457 - The Die is : DIE410
2025-05-19 16:41:44,855 [INFO] ProjectBuilder:4626 - Time for Generating toolchain IDE Files: 1760mS.
2025-05-19 16:41:44,856 [INFO] ProjectBuilder:2935 - Time for Copy CMSIS : 1mS.
2025-05-19 16:41:44,858 [INFO] ProjectBuilder:2935 - Time for Copy CMSIS : 0mS.
2025-05-19 19:27:27,543 [INFO] Activator:176 - 


2025-05-19 19:27:27,544 [INFO] Activator:177 - !SESSION log4j initialized
2025-05-19 19:27:36,145 [INFO] LogOutputStream:77 - [STDOUT_REDIRECT] 
2025-05-19 19:27:40,317 [INFO] ApplicationProperties:184 - Using Application install path: D:\ITC\STM32\STM32CubeIDE_1.13.0\STM32CubeIDE\plugins\com.st.stm32cube.common.mx_6.9.0.202307051724
2025-05-19 19:27:40,335 [INFO] DbMcusXml:78 - Set database path to: D:\ITC\STM32\STM32CubeIDE_1.13.0\STM32CubeIDE\plugins\com.st.stm32cube.common.mx_6.9.0.202307051724\\db\/mcu/
2025-05-19 19:27:40,336 [INFO] ApiDb:274 - Set plugin database path to: D:\ITC\STM32\STM32CubeIDE_1.13.0\STM32CubeIDE\plugins\com.st.stm32cube.common.mx_6.9.0.202307051724\\db\/plugins/boardmanager/
2025-05-19 19:27:40,336 [WARN] ApiDb:259 - Overriding images path with different value:  => D:\ITC\STM32\STM32CubeIDE_1.13.0\STM32CubeIDE\plugins\com.st.stm32cube.common.mx_6.9.0.202307051724\\db\/plugins/mcufinder/images/
2025-05-19 19:27:40,349 [INFO] ApiDb:250 - Set database path to: C:\Users\msi1\.stmcufinder\plugins\mcufinder//mcu/
2025-05-19 19:27:40,350 [INFO] DbMcusAds:125 - Set database path to: C:\Users\msi1\.stmcufinder\plugins\mcufinder//mcu/
2025-05-19 19:27:40,351 [INFO] CrossReferenceDbSqlite:203 - Set database path to: C:\Users\msi1\.stmcufinder\plugins\mcufinder//mcu/cs/
2025-05-19 19:27:40,475 [INFO] RulesReader:64 - Compatibility file has been processed (293 Rules)
2025-05-19 19:27:40,576 [INFO] DbMcusXml:78 - Set database path to: D:\ITC\STM32\STM32CubeIDE_1.13.0\STM32CubeIDE\plugins\com.st.stm32cube.common.mx_6.9.0.202307051724\\db\/mcu/
2025-05-19 19:27:40,576 [INFO] ApiDb:274 - Set plugin database path to: D:\ITC\STM32\STM32CubeIDE_1.13.0\STM32CubeIDE\plugins\com.st.stm32cube.common.mx_6.9.0.202307051724\\db\/plugins/boardmanager/
2025-05-19 19:27:40,576 [INFO] ApiDb:261 - Set plugin images path to: D:\ITC\STM32\STM32CubeIDE_1.13.0\STM32CubeIDE\plugins\com.st.stm32cube.common.mx_6.9.0.202307051724\\db\/plugins/mcufinder/images/
2025-05-19 19:27:40,577 [WARN] DbFile:41 - Overriding database path with different value: C:\Users\msi1\.stmcufinder\plugins\mcufinder/ => C:\Users\msi1\.stmcufinder\plugins\mcufinder
2025-05-19 19:27:40,577 [INFO] ApiDb:250 - Set database path to: C:\Users\msi1\.stmcufinder\plugins\mcufinder//mcu/
2025-05-19 19:27:40,577 [WARN] DbFile:41 - Overriding database path with different value: C:\Users\msi1\.stmcufinder\plugins\mcufinder/ => C:\Users\msi1\.stmcufinder\plugins\mcufinder
2025-05-19 19:27:40,577 [INFO] DbMcusAds:125 - Set database path to: C:\Users\msi1\.stmcufinder\plugins\mcufinder//mcu/
2025-05-19 19:27:40,577 [WARN] DbFile:41 - Overriding database path with different value: C:\Users\msi1\.stmcufinder\plugins\mcufinder/ => C:\Users\msi1\.stmcufinder\plugins\mcufinder
2025-05-19 19:27:40,577 [WARN] DbFile:41 - Overriding database path with different value: C:\Users\msi1\.stmcufinder\plugins\mcufinder/ => C:\Users\msi1\.stmcufinder\plugins\mcufinder
2025-05-19 19:27:40,577 [INFO] CrossReferenceDbSqlite:203 - Set database path to: C:\Users\msi1\.stmcufinder\plugins\mcufinder//mcu/cs/
2025-05-19 19:27:40,663 [INFO] MainPanel:262 - HeapMemory: 268435456
2025-05-19 19:27:40,808 [INFO] DbMcusXml:78 - Set database path to: D:\ITC\STM32\STM32CubeIDE_1.13.0\STM32CubeIDE\plugins\com.st.stm32cube.common.mx_6.9.0.202307051724\\db\/mcu/
2025-05-19 19:27:40,808 [INFO] ApiDb:274 - Set plugin database path to: D:\ITC\STM32\STM32CubeIDE_1.13.0\STM32CubeIDE\plugins\com.st.stm32cube.common.mx_6.9.0.202307051724\\db\/plugins/boardmanager/
2025-05-19 19:27:40,808 [INFO] ApiDb:261 - Set plugin images path to: D:\ITC\STM32\STM32CubeIDE_1.13.0\STM32CubeIDE\plugins\com.st.stm32cube.common.mx_6.9.0.202307051724\\db\/plugins/mcufinder/images/
2025-05-19 19:27:40,809 [WARN] DbFile:41 - Overriding database path with different value: C:\Users\msi1\.stmcufinder\plugins\mcufinder/ => C:\Users\msi1\.stmcufinder\plugins\mcufinder
2025-05-19 19:27:40,809 [INFO] ApiDb:250 - Set database path to: C:\Users\msi1\.stmcufinder\plugins\mcufinder//mcu/
2025-05-19 19:27:40,809 [WARN] DbFile:41 - Overriding database path with different value: C:\Users\msi1\.stmcufinder\plugins\mcufinder/ => C:\Users\msi1\.stmcufinder\plugins\mcufinder
2025-05-19 19:27:40,809 [INFO] DbMcusAds:125 - Set database path to: C:\Users\msi1\.stmcufinder\plugins\mcufinder//mcu/
2025-05-19 19:27:40,809 [WARN] DbFile:41 - Overriding database path with different value: C:\Users\msi1\.stmcufinder\plugins\mcufinder/ => C:\Users\msi1\.stmcufinder\plugins\mcufinder
2025-05-19 19:27:40,809 [WARN] DbFile:41 - Overriding database path with different value: C:\Users\msi1\.stmcufinder\plugins\mcufinder/ => C:\Users\msi1\.stmcufinder\plugins\mcufinder
2025-05-19 19:27:40,810 [INFO] CrossReferenceDbSqlite:203 - Set database path to: C:\Users\msi1\.stmcufinder\plugins\mcufinder//mcu/cs/
2025-05-19 19:27:40,830 [INFO] ApplicationProperties:184 - Using Application install path: D:\ITC\STM32\STM32CubeIDE_1.13.0\STM32CubeIDE\plugins\com.st.stm32cube.common.mx_6.9.0.202307051724
2025-05-19 19:27:40,831 [INFO] PluginManage:196 - Search for loadable plugins [exclusion list=, ]
2025-05-19 19:27:40,832 [INFO] PluginManage:310 - Check plugin analytics
2025-05-19 19:27:41,010 [INFO] AnalyticsPlugin:253 - Accepted Software Licenses: 
2025-05-19 19:27:41,010 [INFO] AnalyticsPlugin:255 - Accepted CMSIS Pack Licenses: 
2025-05-19 19:27:41,010 [INFO] AnalyticsPlugin:257 - Accepted Firmware Licenses: FW.F4.1.27.0
2025-05-19 19:27:41,014 [INFO] PluginManage:359 - Loaded plugin analytics (category:tool,tabindex:-1)
2025-05-19 19:27:41,015 [INFO] PluginManage:310 - Check plugin cadmodel
2025-05-19 19:27:41,033 [INFO] CADModel:105 - Init CAD model plugin
2025-05-19 19:27:41,034 [INFO] PluginManage:359 - Loaded plugin cadmodel (category:power,tabindex:5)
2025-05-19 19:27:41,034 [INFO] PluginManage:310 - Check plugin clock
2025-05-19 19:27:41,054 [INFO] PluginManage:359 - Loaded plugin clock (category:base,tabindex:2)
2025-05-19 19:27:41,054 [INFO] PluginManage:310 - Check plugin ddr
2025-05-19 19:27:41,057 [INFO] PluginManage:359 - Loaded plugin ddr (category:tool,tabindex:6)
2025-05-19 19:27:41,057 [INFO] PluginManage:310 - Check plugin filemanager
2025-05-19 19:27:41,213 [INFO] PluginManage:359 - Loaded plugin filemanager (category:base,tabindex:10)
2025-05-19 19:27:41,213 [INFO] PluginManage:310 - Check plugin ipmanager
2025-05-19 19:27:41,220 [INFO] PluginManage:359 - Loaded plugin ipmanager (category:base,tabindex:5)
2025-05-19 19:27:41,221 [INFO] PluginManage:310 - Check plugin lpbam
2025-05-19 19:27:41,237 [INFO] PluginManage:359 - Loaded plugin lpbam (category:base,tabindex:0)
2025-05-19 19:27:41,237 [INFO] PluginManage:310 - Check plugin memorymap
2025-05-19 19:27:41,270 [INFO] PluginManage:359 - Loaded plugin memorymap (category:base,tabindex:4)
2025-05-19 19:27:41,270 [INFO] PluginManage:310 - Check plugin pinoutandconfiguration
2025-05-19 19:27:41,288 [INFO] PluginManage:359 - Loaded plugin pinoutandconfiguration (category:base,tabindex:1)
2025-05-19 19:27:41,288 [INFO] PluginManage:310 - Check plugin pinoutconfig
2025-05-19 19:27:41,379 [WARN] SupportedApi:132 - Cannot load RTOS API schema: s4s-elt-must-match.1: The content of 'definitions' must match (annotation?, (simpleType | complexType)?, (unique | key | keyref)*)). A problem was found starting at: attribute.
2025-05-19 19:27:41,537 [INFO] PluginManage:359 - Loaded plugin pinoutconfig (category:base,tabindex:0)
2025-05-19 19:27:41,537 [INFO] PluginManage:310 - Check plugin power
2025-05-19 19:27:41,564 [INFO] PluginManage:359 - Loaded plugin power (category:power,tabindex:4)
2025-05-19 19:27:41,564 [INFO] PluginManage:310 - Check plugin projectmanager
2025-05-19 19:27:41,579 [INFO] PluginManage:359 - Loaded plugin projectmanager (category:projectmanager,tabindex:3)
2025-05-19 19:27:41,580 [INFO] PluginManage:310 - Check plugin thirdparty
2025-05-19 19:27:41,900 [INFO] PluginManage:359 - Loaded plugin thirdparty (category:base,tabindex:-1)
2025-05-19 19:27:41,900 [WARN] IntegrityCheckThread:84 - waiting for thirdparty lock release [integrity check]
2025-05-19 19:27:41,900 [INFO] PluginManage:310 - Check plugin tools
2025-05-19 19:27:41,900 [INFO] IntegrityCheckThread:86 - entering critical section [integrity check]
2025-05-19 19:27:41,902 [INFO] ThirdPartyUpdaterWithRetryManager:70 - Updater plugin not ready yet. [1/15]
2025-05-19 19:27:41,941 [INFO] PluginManage:359 - Loaded plugin tools (category:base,tabindex:7)
2025-05-19 19:27:41,941 [INFO] PluginManage:310 - Check plugin tutovideos
2025-05-19 19:27:42,128 [INFO] PluginManage:359 - Loaded plugin tutovideos (category:base,tabindex:-1)
2025-05-19 19:27:42,128 [INFO] PluginManage:310 - Check plugin updater
2025-05-19 19:27:42,140 [INFO] PluginManage:359 - Loaded plugin updater (category:base,tabindex:12)
2025-05-19 19:27:42,140 [INFO] PluginManage:310 - Check plugin userauth
2025-05-19 19:27:42,146 [INFO] UserAuth:113 - Init User Auth plugin
2025-05-19 19:27:42,146 [INFO] PluginManage:359 - Loaded plugin userauth (category:base,tabindex:14)
2025-05-19 19:27:42,148 [INFO] PluginManage:283 - PluginManage : Loaded plugins [17]
2025-05-19 19:27:42,385 [INFO] PinOutPanel:1499 - setPackage(No Configuration,No Configuration)
2025-05-19 19:27:42,484 [INFO] CADModel:165 - CPN selected for project level
2025-05-19 19:27:42,484 [INFO] CADModel:114 - Register for checkConnection events
2025-05-19 19:27:42,509 [INFO] IPUIPlugin:80 - create IPUIPlugin
2025-05-19 19:27:42,510 [INFO] PluginManager:220 - loadIPPluginJar : add adc
2025-05-19 19:27:42,545 [INFO] IPUIPlugin:80 - create IPUIPlugin
2025-05-19 19:27:42,547 [INFO] PluginManager:220 - loadIPPluginJar : add aes
2025-05-19 19:27:42,589 [INFO] IPUIPlugin:80 - create IPUIPlugin
2025-05-19 19:27:42,590 [INFO] PluginManager:220 - loadIPPluginJar : add can
2025-05-19 19:27:42,616 [INFO] IPUIPlugin:80 - create IPUIPlugin
2025-05-19 19:27:42,617 [INFO] PluginManager:220 - loadIPPluginJar : add comp
2025-05-19 19:27:42,654 [INFO] IPUIPlugin:80 - create IPUIPlugin
2025-05-19 19:27:42,654 [INFO] PluginManager:220 - loadIPPluginJar : add cryp
2025-05-19 19:27:42,686 [INFO] IPUIPlugin:80 - create IPUIPlugin
2025-05-19 19:27:42,686 [INFO] PluginManager:220 - loadIPPluginJar : add dfsdm
2025-05-19 19:27:42,700 [INFO] IPUIPlugin:80 - create IPUIPlugin
2025-05-19 19:27:42,700 [INFO] PluginManager:220 - loadIPPluginJar : add dma
2025-05-19 19:27:42,752 [INFO] IPUIPlugin:80 - create IPUIPlugin
2025-05-19 19:27:42,752 [INFO] PluginManager:220 - loadIPPluginJar : add dma3
2025-05-19 19:27:42,775 [INFO] IPUIPlugin:80 - create IPUIPlugin
2025-05-19 19:27:42,775 [INFO] PluginManager:220 - loadIPPluginJar : add fatfs
2025-05-19 19:27:42,833 [INFO] IPUIPlugin:80 - create IPUIPlugin
2025-05-19 19:27:42,833 [INFO] PluginManager:220 - loadIPPluginJar : add fmc
2025-05-19 19:27:42,852 [INFO] IPUIPlugin:80 - create IPUIPlugin
2025-05-19 19:27:42,852 [INFO] PluginManager:220 - loadIPPluginJar : add freertos
2025-05-19 19:27:42,880 [INFO] IPUIPlugin:80 - create IPUIPlugin
2025-05-19 19:27:42,880 [INFO] PluginManager:220 - loadIPPluginJar : add genericplugin
2025-05-19 19:27:43,003 [INFO] IPUIPlugin:80 - create IPUIPlugin
2025-05-19 19:27:43,003 [INFO] PluginManager:220 - loadIPPluginJar : add gfxmmu
2025-05-19 19:27:43,139 [INFO] IPUIPlugin:80 - create IPUIPlugin
2025-05-19 19:27:43,139 [INFO] PluginManager:220 - loadIPPluginJar : add gic
2025-05-19 19:27:43,152 [INFO] IPUIPlugin:80 - create IPUIPlugin
2025-05-19 19:27:43,152 [INFO] PluginManager:220 - loadIPPluginJar : add gpio
2025-05-19 19:27:43,248 [INFO] IPUIPlugin:80 - create IPUIPlugin
2025-05-19 19:27:43,248 [INFO] PluginManager:220 - loadIPPluginJar : add gtzc
2025-05-19 19:27:43,289 [INFO] IPUIPlugin:80 - create IPUIPlugin
2025-05-19 19:27:43,290 [INFO] PluginManager:220 - loadIPPluginJar : add hash
2025-05-19 19:27:43,361 [INFO] IPUIPlugin:80 - create IPUIPlugin
2025-05-19 19:27:43,361 [INFO] PluginManager:220 - loadIPPluginJar : add i2c
2025-05-19 19:27:43,412 [INFO] IPUIPlugin:80 - create IPUIPlugin
2025-05-19 19:27:43,412 [INFO] PluginManager:220 - loadIPPluginJar : add i2s
2025-05-19 19:27:43,450 [INFO] IPUIPlugin:80 - create IPUIPlugin
2025-05-19 19:27:43,450 [INFO] PluginManager:220 - loadIPPluginJar : add i3c
2025-05-19 19:27:43,556 [INFO] IPUIPlugin:80 - create IPUIPlugin
2025-05-19 19:27:43,557 [INFO] PluginManager:220 - loadIPPluginJar : add ipddr
2025-05-19 19:27:43,671 [INFO] IPUIPlugin:80 - create IPUIPlugin
2025-05-19 19:27:43,671 [INFO] PluginManager:220 - loadIPPluginJar : add linkedlist
2025-05-19 19:27:43,712 [INFO] IPUIPlugin:80 - create IPUIPlugin
2025-05-19 19:27:43,712 [INFO] PluginManager:220 - loadIPPluginJar : add lorawan
2025-05-19 19:27:43,753 [INFO] IPUIPlugin:80 - create IPUIPlugin
2025-05-19 19:27:43,753 [INFO] PluginManager:220 - loadIPPluginJar : add ltdc
2025-05-19 19:27:43,771 [INFO] IPUIPlugin:80 - create IPUIPlugin
2025-05-19 19:27:43,771 [INFO] PluginManager:220 - loadIPPluginJar : add mdma
2025-05-19 19:27:43,786 [INFO] IPUIPlugin:80 - create IPUIPlugin
2025-05-19 19:27:43,786 [INFO] PluginManager:220 - loadIPPluginJar : add nvic
2025-05-19 19:27:43,831 [INFO] IPUIPlugin:80 - create IPUIPlugin
2025-05-19 19:27:43,831 [INFO] PluginManager:220 - loadIPPluginJar : add opamp
2025-05-19 19:27:43,908 [INFO] IPUIPlugin:80 - create IPUIPlugin
2025-05-19 19:27:43,908 [INFO] PluginManager:220 - loadIPPluginJar : add openamp
2025-05-19 19:27:44,071 [INFO] IPUIPlugin:80 - create IPUIPlugin
2025-05-19 19:27:44,072 [INFO] PluginManager:220 - loadIPPluginJar : add pdm2pcm
2025-05-19 19:27:44,143 [INFO] IPUIPlugin:80 - create IPUIPlugin
2025-05-19 19:27:44,151 [INFO] PluginManager:220 - loadIPPluginJar : add plateformsettings
2025-05-19 19:27:44,269 [INFO] IPUIPlugin:80 - create IPUIPlugin
2025-05-19 19:27:44,269 [INFO] PluginManager:220 - loadIPPluginJar : add quadspi
2025-05-19 19:27:44,332 [INFO] IPUIPlugin:80 - create IPUIPlugin
2025-05-19 19:27:44,333 [INFO] PluginManager:220 - loadIPPluginJar : add resmgrutility
2025-05-19 19:27:44,469 [INFO] IPUIPlugin:80 - create IPUIPlugin
2025-05-19 19:27:44,469 [INFO] PluginManager:220 - loadIPPluginJar : add sai
2025-05-19 19:27:44,520 [INFO] IPUIPlugin:80 - create IPUIPlugin
2025-05-19 19:27:44,520 [INFO] PluginManager:220 - loadIPPluginJar : add spi
2025-05-19 19:27:44,590 [INFO] IPUIPlugin:80 - create IPUIPlugin
2025-05-19 19:27:44,590 [INFO] PluginManager:220 - loadIPPluginJar : add stm32_wpan
2025-05-19 19:27:44,622 [INFO] IPUIPlugin:80 - create IPUIPlugin
2025-05-19 19:27:44,622 [INFO] PluginManager:220 - loadIPPluginJar : add tim
2025-05-19 19:27:44,695 [INFO] IPUIPlugin:80 - create IPUIPlugin
2025-05-19 19:27:44,695 [INFO] PluginManager:220 - loadIPPluginJar : add touchsensing
2025-05-19 19:27:44,727 [INFO] IPUIPlugin:80 - create IPUIPlugin
2025-05-19 19:27:44,727 [INFO] PluginManager:220 - loadIPPluginJar : add tracer_emb
2025-05-19 19:27:44,765 [INFO] IPUIPlugin:80 - create IPUIPlugin
2025-05-19 19:27:44,766 [INFO] PluginManager:220 - loadIPPluginJar : add ts
2025-05-19 19:27:44,800 [INFO] IPUIPlugin:80 - create IPUIPlugin
2025-05-19 19:27:44,800 [INFO] PluginManager:220 - loadIPPluginJar : add tsc
2025-05-19 19:27:44,828 [INFO] IPUIPlugin:80 - create IPUIPlugin
2025-05-19 19:27:44,828 [INFO] PluginManager:220 - loadIPPluginJar : add ucpd
2025-05-19 19:27:44,871 [INFO] IPUIPlugin:80 - create IPUIPlugin
2025-05-19 19:27:44,871 [INFO] PluginManager:220 - loadIPPluginJar : add usart
2025-05-19 19:27:44,903 [INFO] ThirdPartyUpdaterWithRetryManager:70 - Updater plugin not ready yet. [2/15]
2025-05-19 19:27:44,918 [INFO] IPUIPlugin:80 - create IPUIPlugin
2025-05-19 19:27:44,918 [INFO] PluginManager:220 - loadIPPluginJar : add usbx
2025-05-19 19:27:45,031 [INFO] CADModel:165 - CPN selected for project level
2025-05-19 19:27:45,031 [INFO] CADModel:114 - Register for checkConnection events
2025-05-19 19:27:45,031 [FATAL] Updater:308 - Updater called before beeing initialized
2025-05-19 19:27:45,031 [ERROR] CADModel:125 - Updater not yet initialized, retry later 
2025-05-19 19:27:45,176 [INFO] CADModel:165 - CPN selected for project level
2025-05-19 19:27:45,176 [INFO] CADModel:114 - Register for checkConnection events
2025-05-19 19:27:45,176 [FATAL] Updater:308 - Updater called before beeing initialized
2025-05-19 19:27:45,176 [ERROR] CADModel:125 - Updater not yet initialized, retry later 
2025-05-19 19:27:45,180 [FATAL] Updater:308 - Updater called before beeing initialized
2025-05-19 19:27:45,294 [FATAL] Updater:308 - Updater called before beeing initialized
2025-05-19 19:27:45,307 [INFO] DbMcusAds:53 - JSON generation date=Wed May 07 16:07:55 ICT 2025 (1746608875679)
2025-05-19 19:27:45,308 [FATAL] Updater:308 - Updater called before beeing initialized
2025-05-19 19:27:45,399 [WARN] DetailPanel:346 - Failed to get advertising image, set to default
2025-05-19 19:27:45,500 [FATAL] Updater:308 - Updater called before beeing initialized
2025-05-19 19:27:45,502 [FATAL] Updater:308 - Updater called before beeing initialized
2025-05-19 19:27:45,502 [FATAL] Updater:308 - Updater called before beeing initialized
2025-05-19 19:27:45,503 [WARN] DetailPanel:346 - Failed to get advertising image, set to default
2025-05-19 19:27:45,504 [FATAL] Updater:308 - Updater called before beeing initialized
2025-05-19 19:27:45,569 [ERROR] Updater:1120 - MainUpdater not yet initialized. External WinMGr cannot be set.
2025-05-19 19:27:45,579 [INFO] Updater:1056 - Updater Version found : 6.9.0
2025-05-19 19:27:45,596 [INFO] ApplicationProperties:184 - Using Application install path: D:\ITC\STM32\STM32CubeIDE_1.13.0\STM32CubeIDE\plugins\com.st.stm32cube.common.mx_6.9.0.202307051724
2025-05-19 19:27:46,667 [INFO] MainUpdater:2868 - connection check result : 10
2025-05-19 19:27:46,670 [INFO] MainUpdater:285 - Updater Check For Update Now.
2025-05-19 19:27:46,671 [INFO] MicroXplorer:498 - Change Database Version : DB.6.0.90
2025-05-19 19:27:46,746 [INFO] McuFinderGlobals:63 - Set McuFinder mode to 2 (CubeIDE integrated)
2025-05-19 19:27:47,024 [INFO] CheckServerUpdateThread:120 - End of CheckServer Thread
2025-05-19 19:27:48,370 [WARN] PackLoader:240 - Cannot read IP mode file for STMicroelectronics.FP-SNS-MOTENVWB1.1.4.0
2025-05-19 19:27:48,385 [WARN] PackLoader:240 - Cannot read IP mode file for STMicroelectronics.FP-ATR-ASTRA1.2.0.2
2025-05-19 19:27:48,395 [WARN] PackLoader:240 - Cannot read IP mode file for STMicroelectronics.FP-ATR-ASTRA1.2.0.1
2025-05-19 19:27:48,409 [WARN] PackLoader:240 - Cannot read IP mode file for STMicroelectronics.X-CUBE-SMBUS.2.1.0
2025-05-19 19:27:48,425 [WARN] PackLoader:240 - Cannot read IP mode file for STMicroelectronics.X-CUBE-WB05N.1.1.0
2025-05-19 19:27:48,440 [WARN] PackLoader:240 - Cannot read IP mode file for STMicroelectronics.X-CUBE-TOUCHGFX.4.23.0
2025-05-19 19:27:48,451 [WARN] PackLoader:240 - Cannot read IP mode file for STMicroelectronics.X-CUBE-TOUCHGFX.4.23.2
2025-05-19 19:27:48,490 [WARN] PackLoader:240 - Cannot read IP mode file for STMicroelectronics.X-CUBE-AZRTOS-F7.1.1.0
2025-05-19 19:27:48,510 [ERROR] RealEvaluatedCondition:428 - Found unsupported composite condition: CLASS='Data Exchange' GROUP='STM32_MetaDataManager'
2025-05-19 19:27:48,510 [ERROR] RealEvaluatedCondition:428 - Found unsupported composite condition: CLASS='Data Exchange' GROUP='STM32_MetaDataManager'
2025-05-19 19:27:48,511 [WARN] PackLoader:240 - Cannot read IP mode file for STMicroelectronics.FP-SNS-MOTENV1.4.3.0
2025-05-19 19:27:48,528 [WARN] PackLoader:240 - Cannot read IP mode file for STMicroelectronics.FP-SNS-MOTENV1.4.3.2
2025-05-19 19:27:48,546 [WARN] PackLoader:240 - Cannot read IP mode file for STMicroelectronics.FP-SNS-FLIGHT1.5.0.0
2025-05-19 19:27:48,561 [WARN] PackLoader:240 - Cannot read IP mode file for STMicroelectronics.X-CUBE-BLE1.6.2.4
2025-05-19 19:27:48,575 [WARN] PackLoader:240 - Cannot read IP mode file for STMicroelectronics.FP-SNS-FLIGHT1.5.0.2
2025-05-19 19:27:48,595 [ERROR] Engine:466 - C:\Users\msi1\.stm32cubemx\thirdparties\pdsc\Infineon.AIROC-Wi-Fi-Bluetooth-STM32.1.7.0.pdsc: PDSC version is not supported
2025-05-19 19:27:48,613 [WARN] PackLoader:240 - Cannot read IP mode file for STMicroelectronics.X-CUBE-DISPLAY.3.0.0
2025-05-19 19:27:48,630 [WARN] PackLoader:240 - Cannot read IP mode file for STMicroelectronics.X-CUBE-BLE1.7.0.0
2025-05-19 19:27:48,646 [WARN] PackLoader:240 - Cannot read IP mode file for STMicroelectronics.X-CUBE-NFC10.1.0.0
2025-05-19 19:27:48,663 [ERROR] Engine:466 - C:\Users\msi1\.stm32cubemx\thirdparties\pdsc\STMicroelectronics.X-CUBE-BLEMGR.4.0.0.pdsc: PDSC version is not supported
2025-05-19 19:27:48,677 [WARN] PackLoader:240 - Cannot read IP mode file for emotas.I-CUBE-CANOPEN.1.3.0
2025-05-19 19:27:48,689 [WARN] PackLoader:240 - Cannot read IP mode file for STMicroelectronics.X-CUBE-TOUCHGFX.4.22.0
2025-05-19 19:27:48,701 [WARN] PackLoader:240 - Cannot read IP mode file for STMicroelectronics.X-CUBE-TOUCHGFX.4.22.1
2025-05-19 19:27:48,717 [WARN] PackLoader:240 - Cannot read IP mode file for STMicroelectronics.X-CUBE-BLEMGR.3.1.0
2025-05-19 19:27:48,731 [WARN] PackLoader:240 - Cannot read IP mode file for STMicroelectronics.X-CUBE-AI.10.0.0
2025-05-19 19:27:48,744 [WARN] PackLoader:240 - Cannot read IP mode file for STMicroelectronics.FP-SNS-SMARTAG2.1.2.0
2025-05-19 19:27:48,754 [ERROR] Engine:466 - C:\Users\msi1\.stm32cubemx\thirdparties\pdsc\STMicroelectronics.FP-SNS-FLIGHT1.5.1.0.pdsc: PDSC version is not supported
2025-05-19 19:27:48,817 [WARN] PackLoader:240 - Cannot read IP mode file for STMicroelectronics.X-CUBE-MEMS1.11.1.0
2025-05-19 19:27:48,951 [INFO] LogOutputStream:77 - [STDOUT_REDIRECT] 1 : Invalid condition id : UX_CORESTACK_Condition cause : null
2025-05-19 19:27:48,953 [INFO] LogOutputStream:77 - [STDOUT_REDIRECT] 1 : Invalid condition id : UX_CORESTACK_Condition cause : null
2025-05-19 19:27:48,953 [INFO] LogOutputStream:77 - [STDOUT_REDIRECT] 1 : Invalid condition id : UX_CORESTACK_Condition cause : null
2025-05-19 19:27:48,955 [INFO] LogOutputStream:77 - [STDOUT_REDIRECT] 1 : Invalid condition id : UX_CORESTACK_Condition cause : null
2025-05-19 19:27:48,958 [INFO] LogOutputStream:77 - [STDOUT_REDIRECT] 1 : Invalid condition id : UX_CORESTACK_Condition cause : null
2025-05-19 19:27:48,960 [WARN] PackLoader:240 - Cannot read IP mode file for STMicroelectronics.X-CUBE-AZRTOS-WL.2.0.0
2025-05-19 19:27:48,976 [WARN] PackLoader:240 - Cannot read IP mode file for STMicroelectronics.FP-SNS-MOTENV1.5.0.0
2025-05-19 19:27:48,990 [WARN] PackLoader:240 - Cannot read IP mode file for wolfSSL.I-CUBE-wolfMQTT.1.19.0
2025-05-19 19:27:49,006 [WARN] PackLoader:240 - Cannot read IP mode file for WES.I-CUBE-Cesium.1.3.0
2025-05-19 19:27:49,022 [WARN] PackLoader:240 - Cannot read IP mode file for STMicroelectronics.X-CUBE-BLE2.3.3.0
2025-05-19 19:27:49,037 [WARN] PackLoader:240 - Cannot read IP mode file for STMicroelectronics.X-CUBE-NFC9.1.0.0
2025-05-19 19:27:49,052 [WARN] PackLoader:240 - Cannot read IP mode file for STMicroelectronics.X-CUBE-BLE1.7.1.0
2025-05-19 19:27:49,067 [WARN] PackLoader:240 - Cannot read IP mode file for STMicroelectronics.X-CUBE-TCPP.4.1.0
2025-05-19 19:27:49,082 [WARN] PackLoader:240 - Cannot read IP mode file for STMicroelectronics.X-CUBE-TOUCHGFX.4.21.4
2025-05-19 19:27:49,097 [WARN] PackLoader:240 - Cannot read IP mode file for STMicroelectronics.X-CUBE-ALGOBUILD.1.3.0
2025-05-19 19:27:49,152 [WARN] PackLoader:240 - Cannot read IP mode file for STMicroelectronics.X-CUBE-MEMS1.11.2.0
2025-05-19 19:27:49,289 [WARN] PackLoader:240 - Cannot read IP mode file for STMicroelectronics.X-CUBE-AZRTOS-G0.1.1.0
2025-05-19 19:27:49,309 [WARN] PackLoader:240 - Cannot read IP mode file for STMicroelectronics.X-CUBE-SAFEA1.1.2.2
2025-05-19 19:27:49,326 [WARN] PackLoader:240 - Cannot read IP mode file for STMicroelectronics.X-CUBE-NFC4.3.0.0
2025-05-19 19:27:49,344 [WARN] PackLoader:240 - Cannot read IP mode file for wolfSSL.I-CUBE-wolfMQTT.1.18.0
2025-05-19 19:27:49,360 [ERROR] Engine:466 - C:\Users\msi1\.stm32cubemx\thirdparties\pdsc\EmbeddedOffice.I-CUBE-FS-RTOS.1.0.1.pdsc: PDSC version is not supported
2025-05-19 19:27:49,376 [WARN] PackLoader:240 - Cannot read IP mode file for STMicroelectronics.X-CUBE-WB05N.2.0.0
2025-05-19 19:27:49,396 [WARN] PackLoader:240 - Cannot read IP mode file for STMicroelectronics.X-CUBE-BLEMGR.3.0.0
2025-05-19 19:27:49,415 [ERROR] Engine:466 - C:\Users\msi1\.stm32cubemx\thirdparties\pdsc\STMicroelectronics.X-CUBE-TCPP.4.2.0.pdsc: PDSC version is not supported
2025-05-19 19:27:49,434 [ERROR] Engine:466 - C:\Users\msi1\.stm32cubemx\thirdparties\pdsc\RealThread.X-CUBE-RT-Thread_Nano.4.1.1.pdsc: PDSC version is not supported
2025-05-19 19:27:49,451 [WARN] PackLoader:240 - Cannot read IP mode file for STMicroelectronics.FP-ATR-SIGFOX1.3.2.0
2025-05-19 19:27:49,468 [ERROR] Engine:466 - C:\Users\msi1\.stm32cubemx\thirdparties\pdsc\quantropi.X-CUBE-qispace-sdk-base.1.9.3.pdsc: PDSC version is not supported
2025-05-19 19:27:49,484 [WARN] PackLoader:240 - Cannot read IP mode file for STMicroelectronics.X-CUBE-EEPRMA1.5.1.0
2025-05-19 19:27:49,503 [WARN] PackLoader:240 - Cannot read IP mode file for wolfSSL.I-CUBE-wolfSSL.5.7.6
2025-05-19 19:27:49,521 [WARN] PackLoader:240 - Cannot read IP mode file for ITTIA_DB.I-CUBE-ITTIADB.8.9.0
2025-05-19 19:27:49,564 [WARN] PackLoader:240 - Cannot read IP mode file for SEGGER.I-CUBE-embOS.1.3.1
2025-05-19 19:27:49,607 [WARN] PackLoader:240 - Cannot read IP mode file for STMicroelectronics.X-CUBE-ALGOBUILD.1.4.0
2025-05-19 19:27:49,623 [WARN] PackLoader:240 - Cannot read IP mode file for STMicroelectronics.X-CUBE-AI.9.1.0
2025-05-19 19:27:49,637 [WARN] PackLoader:240 - Cannot read IP mode file for STMicroelectronics.X-CUBE-GNSS1.6.0.0
2025-05-19 19:27:49,663 [WARN] PackLoader:240 - Cannot read IP mode file for STMicroelectronics.X-CUBE-AZRTOS-F4.1.1.0
2025-05-19 19:27:49,678 [ERROR] Engine:466 - C:\Users\msi1\.stm32cubemx\thirdparties\pdsc\Avnet-IotConnect.X-CUBE-IoTC-DA16k-PMOD.1.0.0.pdsc: PDSC version is not supported
2025-05-19 19:27:49,690 [WARN] PackLoader:240 - Cannot read IP mode file for wolfSSL.I-CUBE-wolfSSL.5.6.0
2025-05-19 19:27:49,703 [WARN] PackLoader:240 - Cannot read IP mode file for STMicroelectronics.X-CUBE-ISPU.2.1.0
2025-05-19 19:27:49,718 [WARN] PackLoader:240 - Cannot read IP mode file for STMicroelectronics.X-CUBE-FREERTOS.1.2.0
2025-05-19 19:27:49,743 [WARN] PackLoader:240 - Cannot read IP mode file for STMicroelectronics.X-CUBE-AZRTOS-L5.2.0.0
2025-05-19 19:27:49,783 [WARN] PackLoader:240 - Cannot read IP mode file for STMicroelectronics.X-CUBE-MEMS1.9.6.0
2025-05-19 19:27:49,889 [WARN] PackLoader:240 - Cannot read IP mode file for STMicroelectronics.X-CUBE-EEPRMA1.4.2.0
2025-05-19 19:27:49,905 [WARN] PackLoader:240 - Cannot read IP mode file for STMicroelectronics.X-CUBE-NFC6.3.1.0
2025-05-19 19:27:49,922 [WARN] PackLoader:240 - Cannot read IP mode file for ITTIA_DB.I-CUBE-ITTIADB.8.8.0
2025-05-19 19:27:49,937 [WARN] PackLoader:240 - Cannot read IP mode file for emotas.I-CUBE-CANOPEN.1.1.3
2025-05-19 19:27:49,953 [WARN] PackLoader:240 - Cannot read IP mode file for STMicroelectronics.X-CUBE-BLEMGR.2.0.0
2025-05-19 19:27:49,967 [ERROR] Engine:466 - C:\Users\msi1\.stm32cubemx\thirdparties\pdsc\STMicroelectronics.X-CUBE-DPower.1.2.0.pdsc: PDSC version is not supported
2025-05-19 19:27:49,980 [WARN] PackLoader:240 - Cannot read IP mode file for STMicroelectronics.X-CUBE-AI.9.0.0
2025-05-19 19:27:50,010 [WARN] ConditionMgr:438 - getConditionDescription Invalid condition id : UX DEVICE CLASS RTOS Condition cause : null
2025-05-19 19:27:50,010 [WARN] ConditionMgr:438 - getConditionDescription Invalid condition id : UX DEVICE CLASS RTOS Condition cause : null
2025-05-19 19:27:50,012 [WARN] PackLoader:240 - Cannot read IP mode file for STMicroelectronics.X-CUBE-AZRTOS-H7.3.1.0
2025-05-19 19:27:50,013 [WARN] ConditionMgr:1039 - genDependencies : Invalid condition id : UX DEVICE CLASS RTOS Condition cause : null
2025-05-19 19:27:50,013 [WARN] ConditionMgr:1039 - genDependencies : Invalid condition id : UX DEVICE CLASS RTOS Condition cause : null
2025-05-19 19:27:50,013 [WARN] ConditionMgr:1039 - genDependencies : Invalid condition id : UX DEVICE CLASS RTOS Condition cause : null
2025-05-19 19:27:50,014 [WARN] ConditionMgr:1039 - genDependencies : Invalid condition id : UX DEVICE CLASS RTOS Condition cause : null
2025-05-19 19:27:50,014 [WARN] ConditionMgr:1039 - genDependencies : Invalid condition id : UX DEVICE CLASS RTOS Condition cause : null
2025-05-19 19:27:50,028 [WARN] PackLoader:240 - Cannot read IP mode file for STMicroelectronics.X-CUBE-FREERTOS.1.3.1
2025-05-19 19:27:50,042 [WARN] PackLoader:240 - Cannot read IP mode file for STMicroelectronics.X-CUBE-FREERTOS.1.3.0
2025-05-19 19:27:50,056 [WARN] PackLoader:240 - Cannot read IP mode file for STMicroelectronics.X-CUBE-NFC7.1.0.1
2025-05-19 19:27:50,070 [WARN] PackLoader:240 - Cannot read IP mode file for STMicroelectronics.X-CUBE-NFC7.1.0.0
2025-05-19 19:27:50,085 [WARN] PackLoader:240 - Cannot read IP mode file for wolfSSL.I-CUBE-wolfTPM.3.2.0
2025-05-19 19:27:50,098 [WARN] PackLoader:240 - Cannot read IP mode file for STMicroelectronics.X-CUBE-NFC6.3.0.0
2025-05-19 19:27:50,112 [WARN] PackLoader:240 - Cannot read IP mode file for STMicroelectronics.X-CUBE-EEPRMA1.4.1.0
2025-05-19 19:27:50,125 [ERROR] Engine:466 - C:\Users\msi1\.stm32cubemx\thirdparties\pdsc\STMicroelectronics.X-CUBE-DPower.1.3.0.pdsc: PDSC version is not supported
2025-05-19 19:27:50,137 [WARN] PackLoader:240 - Cannot read IP mode file for STMicroelectronics.X-CUBE-AI.8.1.0
2025-05-19 19:27:50,164 [WARN] ConditionMgr:438 - getConditionDescription Invalid condition id : LAN8742 Phy interface Condition cause : null
2025-05-19 19:27:50,165 [WARN] PackLoader:240 - Cannot read IP mode file for STMicroelectronics.X-CUBE-AZRTOS-L4.2.0.0
2025-05-19 19:27:50,171 [WARN] ConditionMgr:1039 - genDependencies : Invalid condition id : LAN8742 Phy interface Condition cause : null
2025-05-19 19:27:50,172 [WARN] ConditionMgr:1039 - genDependencies : Invalid condition id : LAN8742 Phy interface Condition cause : null
2025-05-19 19:27:50,172 [WARN] ConditionMgr:1039 - genDependencies : Invalid condition id : LAN8742 Phy interface Condition cause : null
2025-05-19 19:27:50,195 [WARN] PackLoader:240 - Cannot read IP mode file for STMicroelectronics.X-CUBE-SFXS2LP1.4.0.0
2025-05-19 19:27:50,212 [WARN] PackLoader:240 - Cannot read IP mode file for STMicroelectronics.X-CUBE-ISPU.1.1.0
2025-05-19 19:27:50,267 [WARN] PackLoader:240 - Cannot read IP mode file for STMicroelectronics.X-CUBE-AZRTOS-H7.3.3.0
2025-05-19 19:27:50,286 [ERROR] Engine:466 - C:\Users\msi1\.stm32cubemx\thirdparties\pdsc\STMicroelectronics.X-CUBE-IPS.3.0.0.pdsc: PDSC version is not supported
2025-05-19 19:27:50,311 [WARN] ConditionMgr:438 - getConditionDescription Invalid condition id : UX DEVICE CLASS RTOS Condition cause : null
2025-05-19 19:27:50,311 [WARN] ConditionMgr:438 - getConditionDescription Invalid condition id : UX DEVICE CLASS RTOS Condition cause : null
2025-05-19 19:27:50,313 [WARN] PackLoader:240 - Cannot read IP mode file for STMicroelectronics.X-CUBE-AZRTOS-WB.2.0.0
2025-05-19 19:27:50,313 [WARN] ConditionMgr:1039 - genDependencies : Invalid condition id : UX DEVICE CLASS RTOS Condition cause : null
2025-05-19 19:27:50,313 [WARN] ConditionMgr:1039 - genDependencies : Invalid condition id : UX DEVICE CLASS RTOS Condition cause : null
2025-05-19 19:27:50,314 [WARN] ConditionMgr:1039 - genDependencies : Invalid condition id : UX DEVICE CLASS RTOS Condition cause : null
2025-05-19 19:27:50,314 [WARN] ConditionMgr:1039 - genDependencies : Invalid condition id : UX DEVICE CLASS RTOS Condition cause : null
2025-05-19 19:27:50,314 [WARN] ConditionMgr:1039 - genDependencies : Invalid condition id : UX DEVICE CLASS RTOS Condition cause : null
2025-05-19 19:27:50,329 [WARN] PackLoader:240 - Cannot read IP mode file for STMicroelectronics.X-CUBE-FREERTOS.1.0.1
2025-05-19 19:27:50,344 [WARN] PackLoader:240 - Cannot read IP mode file for STMicroelectronics.X-CUBE-GNSS1.7.0.1
2025-05-19 19:27:50,358 [WARN] PackLoader:240 - Cannot read IP mode file for STMicroelectronics.X-CUBE-TOUCHGFX.4.25.0
2025-05-19 19:27:50,372 [ERROR] Engine:466 - C:\Users\msi1\.stm32cubemx\thirdparties\pdsc\STMicroelectronics.FP-SNS-STBOX1.2.0.0.pdsc: PDSC version is not supported
2025-05-19 19:27:50,393 [WARN] PackLoader:240 - Cannot read IP mode file for STMicroelectronics.X-CUBE-AZRTOS-L5.1.1.0
2025-05-19 19:27:50,406 [WARN] PackLoader:240 - Cannot read IP mode file for STMicroelectronics.X-CUBE-AI.8.0.1
2025-05-19 19:27:50,424 [WARN] PackLoader:240 - Cannot read IP mode file for STMicroelectronics.X-CUBE-SUBG2.5.0.0
2025-05-19 19:27:50,453 [WARN] PackLoader:240 - Cannot read IP mode file for STMicroelectronics.X-CUBE-AZRTOS-H7RS.1.1.0
2025-05-19 19:27:50,468 [WARN] PackLoader:240 - Cannot read IP mode file for Cesanta.I-CUBE-Mongoose.7.13.0
2025-05-19 19:27:50,485 [WARN] PackLoader:240 - Cannot read IP mode file for STMicroelectronics.X-CUBE-TOF1.3.3.1
2025-05-19 19:27:50,513 [WARN] PackLoader:240 - Cannot read IP mode file for STMicroelectronics.X-CUBE-AZRTOS-G4.2.0.0
2025-05-19 19:27:50,531 [WARN] PackLoader:240 - Cannot read IP mode file for STMicroelectronics.X-CUBE-TOF1.3.3.0
2025-05-19 19:27:50,561 [WARN] PackLoader:240 - Cannot read IP mode file for Infineon.AIROC-Wi-Fi-Bluetooth-STM32.1.5.1
2025-05-19 19:27:50,577 [WARN] PackLoader:240 - Cannot read IP mode file for STMicroelectronics.FP-SNS-MOTENVWB1.1.3.0
2025-05-19 19:27:50,594 [WARN] PackLoader:240 - Cannot read IP mode file for STMicroelectronics.X-CUBE-NFC7.2.0.0
2025-05-19 19:27:50,609 [WARN] PackLoader:240 - Cannot read IP mode file for STMicroelectronics.FP-SNS-MOTENVWB1.1.3.1
2025-05-19 19:27:50,636 [WARN] PackLoader:240 - Cannot read IP mode file for STMicroelectronics.X-CUBE-AZRTOS-L4.1.0.0
2025-05-19 19:27:50,658 [WARN] PackLoader:240 - Cannot read IP mode file for STMicroelectronics.X-CUBE-ISPU.2.0.0
2025-05-19 19:27:50,674 [ERROR] Engine:466 - C:\Users\msi1\.stm32cubemx\thirdparties\pdsc\STMicroelectronics.X-CUBE-IPS.3.1.0.pdsc: PDSC version is not supported
2025-05-19 19:27:50,689 [WARN] PackLoader:240 - Cannot read IP mode file for STMicroelectronics.X-CUBE-ALS.1.0.2
2025-05-19 19:27:50,728 [WARN] PackLoader:240 - Cannot read IP mode file for STMicroelectronics.X-CUBE-MEMS1.10.0.0
2025-05-19 19:27:50,797 [WARN] PackLoader:240 - Cannot read IP mode file for STMicroelectronics.X-CUBE-FREERTOS.1.1.0
2025-05-19 19:27:50,809 [WARN] PackLoader:240 - Cannot read IP mode file for STMicroelectronics.X-CUBE-TOUCHGFX.4.24.0
2025-05-19 19:27:50,822 [WARN] PackLoader:240 - Cannot read IP mode file for STMicroelectronics.X-CUBE-TOUCHGFX.4.24.2
2025-05-19 19:27:50,840 [WARN] PackLoader:240 - Cannot read IP mode file for STMicroelectronics.X-CUBE-AZRTOS-WL.1.0.0
2025-05-19 19:27:50,854 [WARN] PackLoader:240 - Cannot read IP mode file for STMicroelectronics.X-CUBE-TOUCHGFX.4.24.1
2025-05-19 19:27:50,865 [WARN] PackLoader:240 - Cannot read IP mode file for wolfSSL.I-CUBE-wolfTPM.3.4.0
2025-05-19 19:27:50,880 [WARN] PackLoader:240 - Cannot read IP mode file for portGmbH.I-Cube-SoM-uGOAL.1.1.0
2025-05-19 19:27:50,893 [WARN] PackLoader:240 - Cannot read IP mode file for STMicroelectronics.X-CUBE-ALS.1.0.1
2025-05-19 19:27:50,915 [WARN] PackLoader:240 - Cannot read IP mode file for STMicroelectronics.X-CUBE-AZRTOS-WB.1.1.0
2025-05-19 19:27:50,942 [WARN] PackLoader:240 - Cannot read IP mode file for STMicroelectronics.X-CUBE-AZRTOS-H7RS.1.0.0
2025-05-19 19:27:50,955 [WARN] PackLoader:240 - Cannot read IP mode file for STMicroelectronics.FP-ATR-ASTRA1.2.0.0
2025-05-19 19:27:50,970 [ERROR] Engine:466 - C:\Users\msi1\.stm32cubemx\thirdparties\pdsc\STMicroelectronics.X-CUBE-TOF1.3.4.2.pdsc: PDSC version is not supported
2025-05-19 19:27:50,986 [ERROR] Engine:466 - C:\Users\msi1\.stm32cubemx\thirdparties\pdsc\STMicroelectronics.X-CUBE-TOF1.3.4.3.pdsc: PDSC version is not supported
2025-05-19 19:27:51,007 [WARN] PackLoader:240 - Cannot read IP mode file for STMicroelectronics.X-CUBE-TOF1.3.4.0
2025-05-19 19:27:51,039 [WARN] PackLoader:240 - Cannot read IP mode file for STMicroelectronics.X-CUBE-TOF1.3.4.1
2025-05-19 19:27:51,090 [WARN] PackLoader:240 - Cannot read IP mode file for STMicroelectronics.X-CUBE-AZRTOS-H7.3.2.0
2025-05-19 19:27:51,109 [WARN] PackLoader:240 - Cannot read IP mode file for wolfSSL.I-CUBE-wolfSSH.1.4.17
2025-05-19 19:27:51,110 [INFO] ThirdParty:978 - Integrity check success = true
2025-05-19 19:27:51,110 [INFO] IntegrityCheckThread:100 - exiting critical section [integrity check]
2025-05-19 19:27:51,110 [INFO] IntegrityCheckThread:103 - End integrity checks thread
2025-05-19 19:28:08,502 [ERROR] LogOutputStream:75 - [STDERR_REDIRECT] SLF4J: Failed to load class "org.slf4j.impl.StaticLoggerBinder".
2025-05-19 19:28:08,503 [ERROR] LogOutputStream:75 - [STDERR_REDIRECT] SLF4J: Defaulting to no-operation (NOP) logger implementation
2025-05-19 19:28:08,504 [ERROR] LogOutputStream:75 - [STDERR_REDIRECT] SLF4J: See http://www.slf4j.org/codes.html#StaticLoggerBinder for further details.
2025-05-19 20:49:31,747 [INFO] Activator:176 - 


2025-05-19 20:49:31,749 [INFO] Activator:177 - !SESSION log4j initialized
2025-05-19 20:49:38,580 [INFO] LogOutputStream:77 - [STDOUT_REDIRECT] 
2025-05-19 20:49:41,856 [INFO] ApplicationProperties:184 - Using Application install path: D:\ITC\STM32\STM32CubeIDE_1.13.0\STM32CubeIDE\plugins\com.st.stm32cube.common.mx_6.9.0.202307051724
2025-05-19 20:49:41,878 [INFO] DbMcusXml:78 - Set database path to: D:\ITC\STM32\STM32CubeIDE_1.13.0\STM32CubeIDE\plugins\com.st.stm32cube.common.mx_6.9.0.202307051724\\db\/mcu/
2025-05-19 20:49:41,878 [INFO] ApiDb:274 - Set plugin database path to: D:\ITC\STM32\STM32CubeIDE_1.13.0\STM32CubeIDE\plugins\com.st.stm32cube.common.mx_6.9.0.202307051724\\db\/plugins/boardmanager/
2025-05-19 20:49:41,878 [WARN] ApiDb:259 - Overriding images path with different value:  => D:\ITC\STM32\STM32CubeIDE_1.13.0\STM32CubeIDE\plugins\com.st.stm32cube.common.mx_6.9.0.202307051724\\db\/plugins/mcufinder/images/
2025-05-19 20:49:41,888 [INFO] ApiDb:250 - Set database path to: C:\Users\msi1\.stmcufinder\plugins\mcufinder//mcu/
2025-05-19 20:49:41,891 [INFO] DbMcusAds:125 - Set database path to: C:\Users\msi1\.stmcufinder\plugins\mcufinder//mcu/
2025-05-19 20:49:41,892 [INFO] CrossReferenceDbSqlite:203 - Set database path to: C:\Users\msi1\.stmcufinder\plugins\mcufinder//mcu/cs/
2025-05-19 20:49:41,992 [INFO] RulesReader:64 - Compatibility file has been processed (293 Rules)
2025-05-19 20:49:42,072 [INFO] DbMcusXml:78 - Set database path to: D:\ITC\STM32\STM32CubeIDE_1.13.0\STM32CubeIDE\plugins\com.st.stm32cube.common.mx_6.9.0.202307051724\\db\/mcu/
2025-05-19 20:49:42,072 [INFO] ApiDb:274 - Set plugin database path to: D:\ITC\STM32\STM32CubeIDE_1.13.0\STM32CubeIDE\plugins\com.st.stm32cube.common.mx_6.9.0.202307051724\\db\/plugins/boardmanager/
2025-05-19 20:49:42,072 [INFO] ApiDb:261 - Set plugin images path to: D:\ITC\STM32\STM32CubeIDE_1.13.0\STM32CubeIDE\plugins\com.st.stm32cube.common.mx_6.9.0.202307051724\\db\/plugins/mcufinder/images/
2025-05-19 20:49:42,073 [WARN] DbFile:41 - Overriding database path with different value: C:\Users\msi1\.stmcufinder\plugins\mcufinder/ => C:\Users\msi1\.stmcufinder\plugins\mcufinder
2025-05-19 20:49:42,073 [INFO] ApiDb:250 - Set database path to: C:\Users\msi1\.stmcufinder\plugins\mcufinder//mcu/
2025-05-19 20:49:42,073 [WARN] DbFile:41 - Overriding database path with different value: C:\Users\msi1\.stmcufinder\plugins\mcufinder/ => C:\Users\msi1\.stmcufinder\plugins\mcufinder
2025-05-19 20:49:42,073 [INFO] DbMcusAds:125 - Set database path to: C:\Users\msi1\.stmcufinder\plugins\mcufinder//mcu/
2025-05-19 20:49:42,073 [WARN] DbFile:41 - Overriding database path with different value: C:\Users\msi1\.stmcufinder\plugins\mcufinder/ => C:\Users\msi1\.stmcufinder\plugins\mcufinder
2025-05-19 20:49:42,073 [WARN] DbFile:41 - Overriding database path with different value: C:\Users\msi1\.stmcufinder\plugins\mcufinder/ => C:\Users\msi1\.stmcufinder\plugins\mcufinder
2025-05-19 20:49:42,073 [INFO] CrossReferenceDbSqlite:203 - Set database path to: C:\Users\msi1\.stmcufinder\plugins\mcufinder//mcu/cs/
2025-05-19 20:49:42,143 [INFO] MainPanel:262 - HeapMemory: 268435456
2025-05-19 20:49:42,247 [INFO] DbMcusXml:78 - Set database path to: D:\ITC\STM32\STM32CubeIDE_1.13.0\STM32CubeIDE\plugins\com.st.stm32cube.common.mx_6.9.0.202307051724\\db\/mcu/
2025-05-19 20:49:42,247 [INFO] ApiDb:274 - Set plugin database path to: D:\ITC\STM32\STM32CubeIDE_1.13.0\STM32CubeIDE\plugins\com.st.stm32cube.common.mx_6.9.0.202307051724\\db\/plugins/boardmanager/
2025-05-19 20:49:42,247 [INFO] ApiDb:261 - Set plugin images path to: D:\ITC\STM32\STM32CubeIDE_1.13.0\STM32CubeIDE\plugins\com.st.stm32cube.common.mx_6.9.0.202307051724\\db\/plugins/mcufinder/images/
2025-05-19 20:49:42,248 [WARN] DbFile:41 - Overriding database path with different value: C:\Users\msi1\.stmcufinder\plugins\mcufinder/ => C:\Users\msi1\.stmcufinder\plugins\mcufinder
2025-05-19 20:49:42,248 [INFO] ApiDb:250 - Set database path to: C:\Users\msi1\.stmcufinder\plugins\mcufinder//mcu/
2025-05-19 20:49:42,248 [WARN] DbFile:41 - Overriding database path with different value: C:\Users\msi1\.stmcufinder\plugins\mcufinder/ => C:\Users\msi1\.stmcufinder\plugins\mcufinder
2025-05-19 20:49:42,248 [INFO] DbMcusAds:125 - Set database path to: C:\Users\msi1\.stmcufinder\plugins\mcufinder//mcu/
2025-05-19 20:49:42,248 [WARN] DbFile:41 - Overriding database path with different value: C:\Users\msi1\.stmcufinder\plugins\mcufinder/ => C:\Users\msi1\.stmcufinder\plugins\mcufinder
2025-05-19 20:49:42,248 [WARN] DbFile:41 - Overriding database path with different value: C:\Users\msi1\.stmcufinder\plugins\mcufinder/ => C:\Users\msi1\.stmcufinder\plugins\mcufinder
2025-05-19 20:49:42,248 [INFO] CrossReferenceDbSqlite:203 - Set database path to: C:\Users\msi1\.stmcufinder\plugins\mcufinder//mcu/cs/
2025-05-19 20:49:42,263 [INFO] ApplicationProperties:184 - Using Application install path: D:\ITC\STM32\STM32CubeIDE_1.13.0\STM32CubeIDE\plugins\com.st.stm32cube.common.mx_6.9.0.202307051724
2025-05-19 20:49:42,264 [INFO] PluginManage:196 - Search for loadable plugins [exclusion list=, ]
2025-05-19 20:49:42,265 [INFO] PluginManage:310 - Check plugin analytics
2025-05-19 20:49:42,387 [INFO] AnalyticsPlugin:253 - Accepted Software Licenses: 
2025-05-19 20:49:42,387 [INFO] AnalyticsPlugin:255 - Accepted CMSIS Pack Licenses: 
2025-05-19 20:49:42,388 [INFO] AnalyticsPlugin:257 - Accepted Firmware Licenses: FW.F4.1.27.0
2025-05-19 20:49:42,389 [INFO] PluginManage:359 - Loaded plugin analytics (category:tool,tabindex:-1)
2025-05-19 20:49:42,390 [INFO] PluginManage:310 - Check plugin cadmodel
2025-05-19 20:49:42,406 [INFO] CADModel:105 - Init CAD model plugin
2025-05-19 20:49:42,406 [INFO] PluginManage:359 - Loaded plugin cadmodel (category:power,tabindex:5)
2025-05-19 20:49:42,406 [INFO] PluginManage:310 - Check plugin clock
2025-05-19 20:49:42,424 [INFO] PluginManage:359 - Loaded plugin clock (category:base,tabindex:2)
2025-05-19 20:49:42,424 [INFO] PluginManage:310 - Check plugin ddr
2025-05-19 20:49:42,426 [INFO] PluginManage:359 - Loaded plugin ddr (category:tool,tabindex:6)
2025-05-19 20:49:42,426 [INFO] PluginManage:310 - Check plugin filemanager
2025-05-19 20:49:42,546 [INFO] PluginManage:359 - Loaded plugin filemanager (category:base,tabindex:10)
2025-05-19 20:49:42,546 [INFO] PluginManage:310 - Check plugin ipmanager
2025-05-19 20:49:42,552 [INFO] PluginManage:359 - Loaded plugin ipmanager (category:base,tabindex:5)
2025-05-19 20:49:42,552 [INFO] PluginManage:310 - Check plugin lpbam
2025-05-19 20:49:42,568 [INFO] PluginManage:359 - Loaded plugin lpbam (category:base,tabindex:0)
2025-05-19 20:49:42,569 [INFO] PluginManage:310 - Check plugin memorymap
2025-05-19 20:49:42,598 [INFO] PluginManage:359 - Loaded plugin memorymap (category:base,tabindex:4)
2025-05-19 20:49:42,598 [INFO] PluginManage:310 - Check plugin pinoutandconfiguration
2025-05-19 20:49:42,614 [INFO] PluginManage:359 - Loaded plugin pinoutandconfiguration (category:base,tabindex:1)
2025-05-19 20:49:42,614 [INFO] PluginManage:310 - Check plugin pinoutconfig
2025-05-19 20:49:42,712 [WARN] SupportedApi:132 - Cannot load RTOS API schema: s4s-elt-must-match.1: The content of 'definitions' must match (annotation?, (simpleType | complexType)?, (unique | key | keyref)*)). A problem was found starting at: attribute.
2025-05-19 20:49:42,835 [INFO] PluginManage:359 - Loaded plugin pinoutconfig (category:base,tabindex:0)
2025-05-19 20:49:42,835 [INFO] PluginManage:310 - Check plugin power
2025-05-19 20:49:42,857 [INFO] PluginManage:359 - Loaded plugin power (category:power,tabindex:4)
2025-05-19 20:49:42,857 [INFO] PluginManage:310 - Check plugin projectmanager
2025-05-19 20:49:42,870 [INFO] PluginManage:359 - Loaded plugin projectmanager (category:projectmanager,tabindex:3)
2025-05-19 20:49:42,870 [INFO] PluginManage:310 - Check plugin thirdparty
2025-05-19 20:49:43,131 [INFO] PluginManage:359 - Loaded plugin thirdparty (category:base,tabindex:-1)
2025-05-19 20:49:43,132 [INFO] PluginManage:310 - Check plugin tools
2025-05-19 20:49:43,132 [WARN] IntegrityCheckThread:84 - waiting for thirdparty lock release [integrity check]
2025-05-19 20:49:43,132 [INFO] IntegrityCheckThread:86 - entering critical section [integrity check]
2025-05-19 20:49:43,132 [INFO] ThirdPartyUpdaterWithRetryManager:70 - Updater plugin not ready yet. [1/15]
2025-05-19 20:49:43,168 [INFO] PluginManage:359 - Loaded plugin tools (category:base,tabindex:7)
2025-05-19 20:49:43,168 [INFO] PluginManage:310 - Check plugin tutovideos
2025-05-19 20:49:43,363 [INFO] PluginManage:359 - Loaded plugin tutovideos (category:base,tabindex:-1)
2025-05-19 20:49:43,363 [INFO] PluginManage:310 - Check plugin updater
2025-05-19 20:49:43,371 [INFO] PluginManage:359 - Loaded plugin updater (category:base,tabindex:12)
2025-05-19 20:49:43,371 [INFO] PluginManage:310 - Check plugin userauth
2025-05-19 20:49:43,377 [INFO] UserAuth:113 - Init User Auth plugin
2025-05-19 20:49:43,377 [INFO] PluginManage:359 - Loaded plugin userauth (category:base,tabindex:14)
2025-05-19 20:49:43,378 [INFO] PluginManage:283 - PluginManage : Loaded plugins [17]
2025-05-19 20:49:43,576 [INFO] PinOutPanel:1499 - setPackage(No Configuration,No Configuration)
2025-05-19 20:49:43,669 [INFO] CADModel:165 - CPN selected for project level
2025-05-19 20:49:43,669 [INFO] CADModel:114 - Register for checkConnection events
2025-05-19 20:49:43,694 [INFO] IPUIPlugin:80 - create IPUIPlugin
2025-05-19 20:49:43,694 [INFO] PluginManager:220 - loadIPPluginJar : add adc
2025-05-19 20:49:43,730 [INFO] IPUIPlugin:80 - create IPUIPlugin
2025-05-19 20:49:43,730 [INFO] PluginManager:220 - loadIPPluginJar : add aes
2025-05-19 20:49:43,773 [INFO] IPUIPlugin:80 - create IPUIPlugin
2025-05-19 20:49:43,773 [INFO] PluginManager:220 - loadIPPluginJar : add can
2025-05-19 20:49:43,801 [INFO] IPUIPlugin:80 - create IPUIPlugin
2025-05-19 20:49:43,801 [INFO] PluginManager:220 - loadIPPluginJar : add comp
2025-05-19 20:49:43,837 [INFO] IPUIPlugin:80 - create IPUIPlugin
2025-05-19 20:49:43,837 [INFO] PluginManager:220 - loadIPPluginJar : add cryp
2025-05-19 20:49:43,875 [INFO] IPUIPlugin:80 - create IPUIPlugin
2025-05-19 20:49:43,875 [INFO] PluginManager:220 - loadIPPluginJar : add dfsdm
2025-05-19 20:49:43,889 [INFO] IPUIPlugin:80 - create IPUIPlugin
2025-05-19 20:49:43,890 [INFO] PluginManager:220 - loadIPPluginJar : add dma
2025-05-19 20:49:43,939 [INFO] IPUIPlugin:80 - create IPUIPlugin
2025-05-19 20:49:43,939 [INFO] PluginManager:220 - loadIPPluginJar : add dma3
2025-05-19 20:49:43,964 [INFO] IPUIPlugin:80 - create IPUIPlugin
2025-05-19 20:49:43,964 [INFO] PluginManager:220 - loadIPPluginJar : add fatfs
2025-05-19 20:49:44,015 [INFO] IPUIPlugin:80 - create IPUIPlugin
2025-05-19 20:49:44,015 [INFO] PluginManager:220 - loadIPPluginJar : add fmc
2025-05-19 20:49:44,040 [INFO] IPUIPlugin:80 - create IPUIPlugin
2025-05-19 20:49:44,041 [INFO] PluginManager:220 - loadIPPluginJar : add freertos
2025-05-19 20:49:44,084 [INFO] IPUIPlugin:80 - create IPUIPlugin
2025-05-19 20:49:44,084 [INFO] PluginManager:220 - loadIPPluginJar : add genericplugin
2025-05-19 20:49:44,188 [INFO] IPUIPlugin:80 - create IPUIPlugin
2025-05-19 20:49:44,188 [INFO] PluginManager:220 - loadIPPluginJar : add gfxmmu
2025-05-19 20:49:44,334 [INFO] IPUIPlugin:80 - create IPUIPlugin
2025-05-19 20:49:44,334 [INFO] PluginManager:220 - loadIPPluginJar : add gic
2025-05-19 20:49:44,348 [INFO] IPUIPlugin:80 - create IPUIPlugin
2025-05-19 20:49:44,348 [INFO] PluginManager:220 - loadIPPluginJar : add gpio
2025-05-19 20:49:44,446 [INFO] IPUIPlugin:80 - create IPUIPlugin
2025-05-19 20:49:44,446 [INFO] PluginManager:220 - loadIPPluginJar : add gtzc
2025-05-19 20:49:44,481 [INFO] IPUIPlugin:80 - create IPUIPlugin
2025-05-19 20:49:44,481 [INFO] PluginManager:220 - loadIPPluginJar : add hash
2025-05-19 20:49:44,543 [INFO] IPUIPlugin:80 - create IPUIPlugin
2025-05-19 20:49:44,543 [INFO] PluginManager:220 - loadIPPluginJar : add i2c
2025-05-19 20:49:44,586 [INFO] IPUIPlugin:80 - create IPUIPlugin
2025-05-19 20:49:44,587 [INFO] PluginManager:220 - loadIPPluginJar : add i2s
2025-05-19 20:49:44,638 [INFO] IPUIPlugin:80 - create IPUIPlugin
2025-05-19 20:49:44,638 [INFO] PluginManager:220 - loadIPPluginJar : add i3c
2025-05-19 20:49:44,742 [INFO] IPUIPlugin:80 - create IPUIPlugin
2025-05-19 20:49:44,742 [INFO] PluginManager:220 - loadIPPluginJar : add ipddr
2025-05-19 20:49:44,834 [INFO] IPUIPlugin:80 - create IPUIPlugin
2025-05-19 20:49:44,834 [INFO] PluginManager:220 - loadIPPluginJar : add linkedlist
2025-05-19 20:49:44,873 [INFO] IPUIPlugin:80 - create IPUIPlugin
2025-05-19 20:49:44,873 [INFO] PluginManager:220 - loadIPPluginJar : add lorawan
2025-05-19 20:49:44,924 [INFO] IPUIPlugin:80 - create IPUIPlugin
2025-05-19 20:49:44,925 [INFO] PluginManager:220 - loadIPPluginJar : add ltdc
2025-05-19 20:49:44,943 [INFO] IPUIPlugin:80 - create IPUIPlugin
2025-05-19 20:49:44,944 [INFO] PluginManager:220 - loadIPPluginJar : add mdma
2025-05-19 20:49:44,958 [INFO] IPUIPlugin:80 - create IPUIPlugin
2025-05-19 20:49:44,958 [INFO] PluginManager:220 - loadIPPluginJar : add nvic
2025-05-19 20:49:45,004 [INFO] IPUIPlugin:80 - create IPUIPlugin
2025-05-19 20:49:45,004 [INFO] PluginManager:220 - loadIPPluginJar : add opamp
2025-05-19 20:49:45,079 [INFO] IPUIPlugin:80 - create IPUIPlugin
2025-05-19 20:49:45,079 [INFO] PluginManager:220 - loadIPPluginJar : add openamp
2025-05-19 20:49:45,127 [INFO] IPUIPlugin:80 - create IPUIPlugin
2025-05-19 20:49:45,127 [INFO] PluginManager:220 - loadIPPluginJar : add pdm2pcm
2025-05-19 20:49:45,142 [INFO] IPUIPlugin:80 - create IPUIPlugin
2025-05-19 20:49:45,144 [INFO] PluginManager:220 - loadIPPluginJar : add plateformsettings
2025-05-19 20:49:45,173 [INFO] IPUIPlugin:80 - create IPUIPlugin
2025-05-19 20:49:45,173 [INFO] PluginManager:220 - loadIPPluginJar : add quadspi
2025-05-19 20:49:45,187 [INFO] IPUIPlugin:80 - create IPUIPlugin
2025-05-19 20:49:45,187 [INFO] PluginManager:220 - loadIPPluginJar : add resmgrutility
2025-05-19 20:49:45,241 [INFO] IPUIPlugin:80 - create IPUIPlugin
2025-05-19 20:49:45,241 [INFO] PluginManager:220 - loadIPPluginJar : add sai
2025-05-19 20:49:45,283 [INFO] IPUIPlugin:80 - create IPUIPlugin
2025-05-19 20:49:45,283 [INFO] PluginManager:220 - loadIPPluginJar : add spi
2025-05-19 20:49:45,340 [INFO] IPUIPlugin:80 - create IPUIPlugin
2025-05-19 20:49:45,340 [INFO] PluginManager:220 - loadIPPluginJar : add stm32_wpan
2025-05-19 20:49:45,365 [INFO] IPUIPlugin:80 - create IPUIPlugin
2025-05-19 20:49:45,365 [INFO] PluginManager:220 - loadIPPluginJar : add tim
2025-05-19 20:49:45,425 [INFO] IPUIPlugin:80 - create IPUIPlugin
2025-05-19 20:49:45,425 [INFO] PluginManager:220 - loadIPPluginJar : add touchsensing
2025-05-19 20:49:45,450 [INFO] IPUIPlugin:80 - create IPUIPlugin
2025-05-19 20:49:45,450 [INFO] PluginManager:220 - loadIPPluginJar : add tracer_emb
2025-05-19 20:49:45,476 [INFO] IPUIPlugin:80 - create IPUIPlugin
2025-05-19 20:49:45,476 [INFO] PluginManager:220 - loadIPPluginJar : add ts
2025-05-19 20:49:45,499 [INFO] IPUIPlugin:80 - create IPUIPlugin
2025-05-19 20:49:45,499 [INFO] PluginManager:220 - loadIPPluginJar : add tsc
2025-05-19 20:49:45,523 [INFO] IPUIPlugin:80 - create IPUIPlugin
2025-05-19 20:49:45,523 [INFO] PluginManager:220 - loadIPPluginJar : add ucpd
2025-05-19 20:49:45,567 [INFO] IPUIPlugin:80 - create IPUIPlugin
2025-05-19 20:49:45,567 [INFO] PluginManager:220 - loadIPPluginJar : add usart
2025-05-19 20:49:45,613 [INFO] IPUIPlugin:80 - create IPUIPlugin
2025-05-19 20:49:45,613 [INFO] PluginManager:220 - loadIPPluginJar : add usbx
2025-05-19 20:49:45,728 [INFO] CADModel:165 - CPN selected for project level
2025-05-19 20:49:45,728 [INFO] CADModel:114 - Register for checkConnection events
2025-05-19 20:49:45,728 [FATAL] Updater:308 - Updater called before beeing initialized
2025-05-19 20:49:45,728 [ERROR] CADModel:125 - Updater not yet initialized, retry later 
2025-05-19 20:49:45,842 [INFO] CADModel:165 - CPN selected for project level
2025-05-19 20:49:45,842 [INFO] CADModel:114 - Register for checkConnection events
2025-05-19 20:49:45,842 [FATAL] Updater:308 - Updater called before beeing initialized
2025-05-19 20:49:45,842 [ERROR] CADModel:125 - Updater not yet initialized, retry later 
2025-05-19 20:49:45,845 [FATAL] Updater:308 - Updater called before beeing initialized
2025-05-19 20:49:45,945 [FATAL] Updater:308 - Updater called before beeing initialized
2025-05-19 20:49:45,957 [INFO] DbMcusAds:53 - JSON generation date=Wed May 07 16:07:55 ICT 2025 (1746608875679)
2025-05-19 20:49:45,958 [FATAL] Updater:308 - Updater called before beeing initialized
2025-05-19 20:49:46,034 [WARN] DetailPanel:346 - Failed to get advertising image, set to default
2025-05-19 20:49:46,113 [FATAL] Updater:308 - Updater called before beeing initialized
2025-05-19 20:49:46,114 [FATAL] Updater:308 - Updater called before beeing initialized
2025-05-19 20:49:46,115 [FATAL] Updater:308 - Updater called before beeing initialized
2025-05-19 20:49:46,115 [WARN] DetailPanel:346 - Failed to get advertising image, set to default
2025-05-19 20:49:46,115 [FATAL] Updater:308 - Updater called before beeing initialized
2025-05-19 20:49:46,138 [INFO] ThirdPartyUpdaterWithRetryManager:70 - Updater plugin not ready yet. [2/15]
2025-05-19 20:49:46,175 [ERROR] Updater:1120 - MainUpdater not yet initialized. External WinMGr cannot be set.
2025-05-19 20:49:46,187 [INFO] Updater:1056 - Updater Version found : 6.9.0
2025-05-19 20:49:46,205 [INFO] ApplicationProperties:184 - Using Application install path: D:\ITC\STM32\STM32CubeIDE_1.13.0\STM32CubeIDE\plugins\com.st.stm32cube.common.mx_6.9.0.202307051724
2025-05-19 20:49:46,486 [INFO] MainUpdater:2868 - connection check result : 10
2025-05-19 20:49:46,487 [INFO] MainUpdater:285 - Updater Check For Update Now.
2025-05-19 20:49:46,487 [INFO] MicroXplorer:498 - Change Database Version : DB.6.0.90
2025-05-19 20:49:46,506 [INFO] McuFinderGlobals:63 - Set McuFinder mode to 2 (CubeIDE integrated)
2025-05-19 20:49:46,739 [INFO] CheckServerUpdateThread:120 - End of CheckServer Thread
2025-05-19 20:49:49,403 [WARN] PackLoader:240 - Cannot read IP mode file for STMicroelectronics.FP-SNS-MOTENVWB1.1.4.0
2025-05-19 20:49:49,420 [WARN] PackLoader:240 - Cannot read IP mode file for STMicroelectronics.FP-ATR-ASTRA1.2.0.2
2025-05-19 20:49:49,431 [WARN] PackLoader:240 - Cannot read IP mode file for STMicroelectronics.FP-ATR-ASTRA1.2.0.1
2025-05-19 20:49:49,444 [WARN] PackLoader:240 - Cannot read IP mode file for STMicroelectronics.X-CUBE-SMBUS.2.1.0
2025-05-19 20:49:49,459 [WARN] PackLoader:240 - Cannot read IP mode file for STMicroelectronics.X-CUBE-WB05N.1.1.0
2025-05-19 20:49:49,474 [WARN] PackLoader:240 - Cannot read IP mode file for STMicroelectronics.X-CUBE-TOUCHGFX.4.23.0
2025-05-19 20:49:49,486 [WARN] PackLoader:240 - Cannot read IP mode file for STMicroelectronics.X-CUBE-TOUCHGFX.4.23.2
2025-05-19 20:49:49,532 [WARN] PackLoader:240 - Cannot read IP mode file for STMicroelectronics.X-CUBE-AZRTOS-F7.1.1.0
2025-05-19 20:49:49,551 [ERROR] RealEvaluatedCondition:428 - Found unsupported composite condition: GROUP='STM32_MetaDataManager' CLASS='Data Exchange'
2025-05-19 20:49:49,551 [ERROR] RealEvaluatedCondition:428 - Found unsupported composite condition: CLASS='Data Exchange' GROUP='STM32_MetaDataManager'
2025-05-19 20:49:49,552 [WARN] PackLoader:240 - Cannot read IP mode file for STMicroelectronics.FP-SNS-MOTENV1.4.3.0
2025-05-19 20:49:49,568 [WARN] PackLoader:240 - Cannot read IP mode file for STMicroelectronics.FP-SNS-MOTENV1.4.3.2
2025-05-19 20:49:49,584 [WARN] PackLoader:240 - Cannot read IP mode file for STMicroelectronics.FP-SNS-FLIGHT1.5.0.0
2025-05-19 20:49:49,600 [WARN] PackLoader:240 - Cannot read IP mode file for STMicroelectronics.X-CUBE-BLE1.6.2.4
2025-05-19 20:49:49,615 [WARN] PackLoader:240 - Cannot read IP mode file for STMicroelectronics.FP-SNS-FLIGHT1.5.0.2
2025-05-19 20:49:49,635 [ERROR] Engine:466 - C:\Users\msi1\.stm32cubemx\thirdparties\pdsc\Infineon.AIROC-Wi-Fi-Bluetooth-STM32.1.7.0.pdsc: PDSC version is not supported
2025-05-19 20:49:49,649 [WARN] PackLoader:240 - Cannot read IP mode file for STMicroelectronics.X-CUBE-DISPLAY.3.0.0
2025-05-19 20:49:49,667 [WARN] PackLoader:240 - Cannot read IP mode file for STMicroelectronics.X-CUBE-BLE1.7.0.0
2025-05-19 20:49:49,681 [WARN] PackLoader:240 - Cannot read IP mode file for STMicroelectronics.X-CUBE-NFC10.1.0.0
2025-05-19 20:49:49,695 [ERROR] Engine:466 - C:\Users\msi1\.stm32cubemx\thirdparties\pdsc\STMicroelectronics.X-CUBE-BLEMGR.4.0.0.pdsc: PDSC version is not supported
2025-05-19 20:49:49,710 [WARN] PackLoader:240 - Cannot read IP mode file for emotas.I-CUBE-CANOPEN.1.3.0
2025-05-19 20:49:49,724 [WARN] PackLoader:240 - Cannot read IP mode file for STMicroelectronics.X-CUBE-TOUCHGFX.4.22.0
2025-05-19 20:49:49,736 [WARN] PackLoader:240 - Cannot read IP mode file for STMicroelectronics.X-CUBE-TOUCHGFX.4.22.1
2025-05-19 20:49:49,754 [WARN] PackLoader:240 - Cannot read IP mode file for STMicroelectronics.X-CUBE-BLEMGR.3.1.0
2025-05-19 20:49:49,777 [WARN] PackLoader:240 - Cannot read IP mode file for STMicroelectronics.X-CUBE-AI.10.0.0
2025-05-19 20:49:49,791 [WARN] PackLoader:240 - Cannot read IP mode file for STMicroelectronics.FP-SNS-SMARTAG2.1.2.0
2025-05-19 20:49:49,803 [ERROR] Engine:466 - C:\Users\msi1\.stm32cubemx\thirdparties\pdsc\STMicroelectronics.FP-SNS-FLIGHT1.5.1.0.pdsc: PDSC version is not supported
2025-05-19 20:49:49,865 [WARN] PackLoader:240 - Cannot read IP mode file for STMicroelectronics.X-CUBE-MEMS1.11.1.0
2025-05-19 20:49:49,985 [INFO] LogOutputStream:77 - [STDOUT_REDIRECT] 1 : Invalid condition id : UX_CORESTACK_Condition cause : null
2025-05-19 20:49:49,985 [INFO] LogOutputStream:77 - [STDOUT_REDIRECT] 1 : Invalid condition id : UX_CORESTACK_Condition cause : null
2025-05-19 20:49:49,987 [INFO] LogOutputStream:77 - [STDOUT_REDIRECT] 1 : Invalid condition id : UX_CORESTACK_Condition cause : null
2025-05-19 20:49:49,988 [INFO] LogOutputStream:77 - [STDOUT_REDIRECT] 1 : Invalid condition id : UX_CORESTACK_Condition cause : null
2025-05-19 20:49:49,989 [INFO] LogOutputStream:77 - [STDOUT_REDIRECT] 1 : Invalid condition id : UX_CORESTACK_Condition cause : null
2025-05-19 20:49:49,992 [WARN] PackLoader:240 - Cannot read IP mode file for STMicroelectronics.X-CUBE-AZRTOS-WL.2.0.0
2025-05-19 20:49:50,009 [WARN] PackLoader:240 - Cannot read IP mode file for STMicroelectronics.FP-SNS-MOTENV1.5.0.0
2025-05-19 20:49:50,027 [WARN] PackLoader:240 - Cannot read IP mode file for wolfSSL.I-CUBE-wolfMQTT.1.19.0
2025-05-19 20:49:50,044 [WARN] PackLoader:240 - Cannot read IP mode file for WES.I-CUBE-Cesium.1.3.0
2025-05-19 20:49:50,065 [WARN] PackLoader:240 - Cannot read IP mode file for STMicroelectronics.X-CUBE-BLE2.3.3.0
2025-05-19 20:49:50,082 [WARN] PackLoader:240 - Cannot read IP mode file for STMicroelectronics.X-CUBE-NFC9.1.0.0
2025-05-19 20:49:50,098 [WARN] PackLoader:240 - Cannot read IP mode file for STMicroelectronics.X-CUBE-BLE1.7.1.0
2025-05-19 20:49:50,115 [WARN] PackLoader:240 - Cannot read IP mode file for STMicroelectronics.X-CUBE-TCPP.4.1.0
2025-05-19 20:49:50,130 [WARN] PackLoader:240 - Cannot read IP mode file for STMicroelectronics.X-CUBE-TOUCHGFX.4.21.4
2025-05-19 20:49:50,148 [WARN] PackLoader:240 - Cannot read IP mode file for STMicroelectronics.X-CUBE-ALGOBUILD.1.3.0
2025-05-19 20:49:50,192 [WARN] PackLoader:240 - Cannot read IP mode file for STMicroelectronics.X-CUBE-MEMS1.11.2.0
2025-05-19 20:49:50,305 [WARN] PackLoader:240 - Cannot read IP mode file for STMicroelectronics.X-CUBE-AZRTOS-G0.1.1.0
2025-05-19 20:49:50,323 [WARN] PackLoader:240 - Cannot read IP mode file for STMicroelectronics.X-CUBE-SAFEA1.1.2.2
2025-05-19 20:49:50,337 [WARN] PackLoader:240 - Cannot read IP mode file for STMicroelectronics.X-CUBE-NFC4.3.0.0
2025-05-19 20:49:50,353 [WARN] PackLoader:240 - Cannot read IP mode file for wolfSSL.I-CUBE-wolfMQTT.1.18.0
2025-05-19 20:49:50,366 [ERROR] Engine:466 - C:\Users\msi1\.stm32cubemx\thirdparties\pdsc\EmbeddedOffice.I-CUBE-FS-RTOS.1.0.1.pdsc: PDSC version is not supported
2025-05-19 20:49:50,380 [WARN] PackLoader:240 - Cannot read IP mode file for STMicroelectronics.X-CUBE-WB05N.2.0.0
2025-05-19 20:49:50,397 [WARN] PackLoader:240 - Cannot read IP mode file for STMicroelectronics.X-CUBE-BLEMGR.3.0.0
2025-05-19 20:49:50,412 [ERROR] Engine:466 - C:\Users\msi1\.stm32cubemx\thirdparties\pdsc\STMicroelectronics.X-CUBE-TCPP.4.2.0.pdsc: PDSC version is not supported
2025-05-19 20:49:50,427 [ERROR] Engine:466 - C:\Users\msi1\.stm32cubemx\thirdparties\pdsc\RealThread.X-CUBE-RT-Thread_Nano.4.1.1.pdsc: PDSC version is not supported
2025-05-19 20:49:50,442 [WARN] PackLoader:240 - Cannot read IP mode file for STMicroelectronics.FP-ATR-SIGFOX1.3.2.0
2025-05-19 20:49:50,454 [ERROR] Engine:466 - C:\Users\msi1\.stm32cubemx\thirdparties\pdsc\quantropi.X-CUBE-qispace-sdk-base.1.9.3.pdsc: PDSC version is not supported
2025-05-19 20:49:50,469 [WARN] PackLoader:240 - Cannot read IP mode file for STMicroelectronics.X-CUBE-EEPRMA1.5.1.0
2025-05-19 20:49:50,483 [WARN] PackLoader:240 - Cannot read IP mode file for wolfSSL.I-CUBE-wolfSSL.5.7.6
2025-05-19 20:49:50,498 [WARN] PackLoader:240 - Cannot read IP mode file for ITTIA_DB.I-CUBE-ITTIADB.8.9.0
2025-05-19 20:49:50,533 [WARN] PackLoader:240 - Cannot read IP mode file for SEGGER.I-CUBE-embOS.1.3.1
2025-05-19 20:49:50,572 [WARN] PackLoader:240 - Cannot read IP mode file for STMicroelectronics.X-CUBE-ALGOBUILD.1.4.0
2025-05-19 20:49:50,587 [WARN] PackLoader:240 - Cannot read IP mode file for STMicroelectronics.X-CUBE-AI.9.1.0
2025-05-19 20:49:50,603 [WARN] PackLoader:240 - Cannot read IP mode file for STMicroelectronics.X-CUBE-GNSS1.6.0.0
2025-05-19 20:49:50,628 [WARN] PackLoader:240 - Cannot read IP mode file for STMicroelectronics.X-CUBE-AZRTOS-F4.1.1.0
2025-05-19 20:49:50,643 [ERROR] Engine:466 - C:\Users\msi1\.stm32cubemx\thirdparties\pdsc\Avnet-IotConnect.X-CUBE-IoTC-DA16k-PMOD.1.0.0.pdsc: PDSC version is not supported
2025-05-19 20:49:50,655 [WARN] PackLoader:240 - Cannot read IP mode file for wolfSSL.I-CUBE-wolfSSL.5.6.0
2025-05-19 20:49:50,669 [WARN] PackLoader:240 - Cannot read IP mode file for STMicroelectronics.X-CUBE-ISPU.2.1.0
2025-05-19 20:49:50,684 [WARN] PackLoader:240 - Cannot read IP mode file for STMicroelectronics.X-CUBE-FREERTOS.1.2.0
2025-05-19 20:49:50,711 [WARN] PackLoader:240 - Cannot read IP mode file for STMicroelectronics.X-CUBE-AZRTOS-L5.2.0.0
2025-05-19 20:49:50,754 [WARN] PackLoader:240 - Cannot read IP mode file for STMicroelectronics.X-CUBE-MEMS1.9.6.0
2025-05-19 20:49:50,856 [WARN] PackLoader:240 - Cannot read IP mode file for STMicroelectronics.X-CUBE-EEPRMA1.4.2.0
2025-05-19 20:49:50,873 [WARN] PackLoader:240 - Cannot read IP mode file for STMicroelectronics.X-CUBE-NFC6.3.1.0
2025-05-19 20:49:50,888 [WARN] PackLoader:240 - Cannot read IP mode file for ITTIA_DB.I-CUBE-ITTIADB.8.8.0
2025-05-19 20:49:50,905 [WARN] PackLoader:240 - Cannot read IP mode file for emotas.I-CUBE-CANOPEN.1.1.3
2025-05-19 20:49:50,922 [WARN] PackLoader:240 - Cannot read IP mode file for STMicroelectronics.X-CUBE-BLEMGR.2.0.0
2025-05-19 20:49:50,937 [ERROR] Engine:466 - C:\Users\msi1\.stm32cubemx\thirdparties\pdsc\STMicroelectronics.X-CUBE-DPower.1.2.0.pdsc: PDSC version is not supported
2025-05-19 20:49:50,951 [WARN] PackLoader:240 - Cannot read IP mode file for STMicroelectronics.X-CUBE-AI.9.0.0
2025-05-19 20:49:50,976 [WARN] ConditionMgr:438 - getConditionDescription Invalid condition id : UX DEVICE CLASS RTOS Condition cause : null
2025-05-19 20:49:50,976 [WARN] ConditionMgr:438 - getConditionDescription Invalid condition id : UX DEVICE CLASS RTOS Condition cause : null
2025-05-19 20:49:50,978 [WARN] PackLoader:240 - Cannot read IP mode file for STMicroelectronics.X-CUBE-AZRTOS-H7.3.1.0
2025-05-19 20:49:50,979 [WARN] ConditionMgr:1039 - genDependencies : Invalid condition id : UX DEVICE CLASS RTOS Condition cause : null
2025-05-19 20:49:50,979 [WARN] ConditionMgr:1039 - genDependencies : Invalid condition id : UX DEVICE CLASS RTOS Condition cause : null
2025-05-19 20:49:50,980 [WARN] ConditionMgr:1039 - genDependencies : Invalid condition id : UX DEVICE CLASS RTOS Condition cause : null
2025-05-19 20:49:50,980 [WARN] ConditionMgr:1039 - genDependencies : Invalid condition id : UX DEVICE CLASS RTOS Condition cause : null
2025-05-19 20:49:50,980 [WARN] ConditionMgr:1039 - genDependencies : Invalid condition id : UX DEVICE CLASS RTOS Condition cause : null
2025-05-19 20:49:50,994 [WARN] PackLoader:240 - Cannot read IP mode file for STMicroelectronics.X-CUBE-FREERTOS.1.3.1
2025-05-19 20:49:51,006 [WARN] PackLoader:240 - Cannot read IP mode file for STMicroelectronics.X-CUBE-FREERTOS.1.3.0
2025-05-19 20:49:51,019 [WARN] PackLoader:240 - Cannot read IP mode file for STMicroelectronics.X-CUBE-NFC7.1.0.1
2025-05-19 20:49:51,035 [WARN] PackLoader:240 - Cannot read IP mode file for STMicroelectronics.X-CUBE-NFC7.1.0.0
2025-05-19 20:49:51,054 [WARN] PackLoader:240 - Cannot read IP mode file for wolfSSL.I-CUBE-wolfTPM.3.2.0
2025-05-19 20:49:51,067 [WARN] PackLoader:240 - Cannot read IP mode file for STMicroelectronics.X-CUBE-NFC6.3.0.0
2025-05-19 20:49:51,081 [WARN] PackLoader:240 - Cannot read IP mode file for STMicroelectronics.X-CUBE-EEPRMA1.4.1.0
2025-05-19 20:49:51,100 [ERROR] Engine:466 - C:\Users\msi1\.stm32cubemx\thirdparties\pdsc\STMicroelectronics.X-CUBE-DPower.1.3.0.pdsc: PDSC version is not supported
2025-05-19 20:49:51,115 [WARN] PackLoader:240 - Cannot read IP mode file for STMicroelectronics.X-CUBE-AI.8.1.0
2025-05-19 20:49:51,139 [WARN] ConditionMgr:438 - getConditionDescription Invalid condition id : LAN8742 Phy interface Condition cause : null
2025-05-19 20:49:51,140 [WARN] PackLoader:240 - Cannot read IP mode file for STMicroelectronics.X-CUBE-AZRTOS-L4.2.0.0
2025-05-19 20:49:51,140 [WARN] ConditionMgr:1039 - genDependencies : Invalid condition id : LAN8742 Phy interface Condition cause : null
2025-05-19 20:49:51,140 [WARN] ConditionMgr:1039 - genDependencies : Invalid condition id : LAN8742 Phy interface Condition cause : null
2025-05-19 20:49:51,140 [WARN] ConditionMgr:1039 - genDependencies : Invalid condition id : LAN8742 Phy interface Condition cause : null
2025-05-19 20:49:51,156 [WARN] PackLoader:240 - Cannot read IP mode file for STMicroelectronics.X-CUBE-SFXS2LP1.4.0.0
2025-05-19 20:49:51,170 [WARN] PackLoader:240 - Cannot read IP mode file for STMicroelectronics.X-CUBE-ISPU.1.1.0
2025-05-19 20:49:51,196 [WARN] PackLoader:240 - Cannot read IP mode file for STMicroelectronics.X-CUBE-AZRTOS-H7.3.3.0
2025-05-19 20:49:51,211 [ERROR] Engine:466 - C:\Users\msi1\.stm32cubemx\thirdparties\pdsc\STMicroelectronics.X-CUBE-IPS.3.0.0.pdsc: PDSC version is not supported
2025-05-19 20:49:51,234 [WARN] ConditionMgr:438 - getConditionDescription Invalid condition id : UX DEVICE CLASS RTOS Condition cause : null
2025-05-19 20:49:51,234 [WARN] ConditionMgr:438 - getConditionDescription Invalid condition id : UX DEVICE CLASS RTOS Condition cause : null
2025-05-19 20:49:51,236 [WARN] PackLoader:240 - Cannot read IP mode file for STMicroelectronics.X-CUBE-AZRTOS-WB.2.0.0
2025-05-19 20:49:51,236 [WARN] ConditionMgr:1039 - genDependencies : Invalid condition id : UX DEVICE CLASS RTOS Condition cause : null
2025-05-19 20:49:51,236 [WARN] ConditionMgr:1039 - genDependencies : Invalid condition id : UX DEVICE CLASS RTOS Condition cause : null
2025-05-19 20:49:51,237 [WARN] ConditionMgr:1039 - genDependencies : Invalid condition id : UX DEVICE CLASS RTOS Condition cause : null
2025-05-19 20:49:51,237 [WARN] ConditionMgr:1039 - genDependencies : Invalid condition id : UX DEVICE CLASS RTOS Condition cause : null
2025-05-19 20:49:51,237 [WARN] ConditionMgr:1039 - genDependencies : Invalid condition id : UX DEVICE CLASS RTOS Condition cause : null
2025-05-19 20:49:51,251 [WARN] PackLoader:240 - Cannot read IP mode file for STMicroelectronics.X-CUBE-FREERTOS.1.0.1
2025-05-19 20:49:51,264 [WARN] PackLoader:240 - Cannot read IP mode file for STMicroelectronics.X-CUBE-GNSS1.7.0.1
2025-05-19 20:49:51,278 [WARN] PackLoader:240 - Cannot read IP mode file for STMicroelectronics.X-CUBE-TOUCHGFX.4.25.0
2025-05-19 20:49:51,297 [ERROR] Engine:466 - C:\Users\msi1\.stm32cubemx\thirdparties\pdsc\STMicroelectronics.FP-SNS-STBOX1.2.0.0.pdsc: PDSC version is not supported
2025-05-19 20:49:51,328 [WARN] PackLoader:240 - Cannot read IP mode file for STMicroelectronics.X-CUBE-AZRTOS-L5.1.1.0
2025-05-19 20:49:51,345 [WARN] PackLoader:240 - Cannot read IP mode file for STMicroelectronics.X-CUBE-AI.8.0.1
2025-05-19 20:49:51,365 [WARN] PackLoader:240 - Cannot read IP mode file for STMicroelectronics.X-CUBE-SUBG2.5.0.0
2025-05-19 20:49:51,400 [WARN] PackLoader:240 - Cannot read IP mode file for STMicroelectronics.X-CUBE-AZRTOS-H7RS.1.1.0
2025-05-19 20:49:51,418 [WARN] PackLoader:240 - Cannot read IP mode file for Cesanta.I-CUBE-Mongoose.7.13.0
2025-05-19 20:49:51,441 [WARN] PackLoader:240 - Cannot read IP mode file for STMicroelectronics.X-CUBE-TOF1.3.3.1
2025-05-19 20:49:51,473 [WARN] PackLoader:240 - Cannot read IP mode file for STMicroelectronics.X-CUBE-AZRTOS-G4.2.0.0
2025-05-19 20:49:51,494 [WARN] PackLoader:240 - Cannot read IP mode file for STMicroelectronics.X-CUBE-TOF1.3.3.0
2025-05-19 20:49:51,525 [WARN] PackLoader:240 - Cannot read IP mode file for Infineon.AIROC-Wi-Fi-Bluetooth-STM32.1.5.1
2025-05-19 20:49:51,540 [WARN] PackLoader:240 - Cannot read IP mode file for STMicroelectronics.FP-SNS-MOTENVWB1.1.3.0
2025-05-19 20:49:51,559 [WARN] PackLoader:240 - Cannot read IP mode file for STMicroelectronics.X-CUBE-NFC7.2.0.0
2025-05-19 20:49:51,574 [WARN] PackLoader:240 - Cannot read IP mode file for STMicroelectronics.FP-SNS-MOTENVWB1.1.3.1
2025-05-19 20:49:51,599 [WARN] PackLoader:240 - Cannot read IP mode file for STMicroelectronics.X-CUBE-AZRTOS-L4.1.0.0
2025-05-19 20:49:51,617 [WARN] PackLoader:240 - Cannot read IP mode file for STMicroelectronics.X-CUBE-ISPU.2.0.0
2025-05-19 20:49:51,630 [ERROR] Engine:466 - C:\Users\msi1\.stm32cubemx\thirdparties\pdsc\STMicroelectronics.X-CUBE-IPS.3.1.0.pdsc: PDSC version is not supported
2025-05-19 20:49:51,644 [WARN] PackLoader:240 - Cannot read IP mode file for STMicroelectronics.X-CUBE-ALS.1.0.2
2025-05-19 20:49:51,678 [WARN] PackLoader:240 - Cannot read IP mode file for STMicroelectronics.X-CUBE-MEMS1.10.0.0
2025-05-19 20:49:51,747 [WARN] PackLoader:240 - Cannot read IP mode file for STMicroelectronics.X-CUBE-FREERTOS.1.1.0
2025-05-19 20:49:51,759 [WARN] PackLoader:240 - Cannot read IP mode file for STMicroelectronics.X-CUBE-TOUCHGFX.4.24.0
2025-05-19 20:49:51,776 [WARN] PackLoader:240 - Cannot read IP mode file for STMicroelectronics.X-CUBE-TOUCHGFX.4.24.2
2025-05-19 20:49:51,799 [WARN] PackLoader:240 - Cannot read IP mode file for STMicroelectronics.X-CUBE-AZRTOS-WL.1.0.0
2025-05-19 20:49:51,815 [WARN] PackLoader:240 - Cannot read IP mode file for STMicroelectronics.X-CUBE-TOUCHGFX.4.24.1
2025-05-19 20:49:51,827 [WARN] PackLoader:240 - Cannot read IP mode file for wolfSSL.I-CUBE-wolfTPM.3.4.0
2025-05-19 20:49:51,842 [WARN] PackLoader:240 - Cannot read IP mode file for portGmbH.I-Cube-SoM-uGOAL.1.1.0
2025-05-19 20:49:51,854 [WARN] PackLoader:240 - Cannot read IP mode file for STMicroelectronics.X-CUBE-ALS.1.0.1
2025-05-19 20:49:51,875 [WARN] PackLoader:240 - Cannot read IP mode file for STMicroelectronics.X-CUBE-AZRTOS-WB.1.1.0
2025-05-19 20:49:51,902 [WARN] PackLoader:240 - Cannot read IP mode file for STMicroelectronics.X-CUBE-AZRTOS-H7RS.1.0.0
2025-05-19 20:49:51,920 [WARN] PackLoader:240 - Cannot read IP mode file for STMicroelectronics.FP-ATR-ASTRA1.2.0.0
2025-05-19 20:49:51,934 [ERROR] Engine:466 - C:\Users\msi1\.stm32cubemx\thirdparties\pdsc\STMicroelectronics.X-CUBE-TOF1.3.4.2.pdsc: PDSC version is not supported
2025-05-19 20:49:51,949 [ERROR] Engine:466 - C:\Users\msi1\.stm32cubemx\thirdparties\pdsc\STMicroelectronics.X-CUBE-TOF1.3.4.3.pdsc: PDSC version is not supported
2025-05-19 20:49:51,964 [WARN] PackLoader:240 - Cannot read IP mode file for STMicroelectronics.X-CUBE-TOF1.3.4.0
2025-05-19 20:49:51,985 [WARN] PackLoader:240 - Cannot read IP mode file for STMicroelectronics.X-CUBE-TOF1.3.4.1
2025-05-19 20:49:52,018 [WARN] PackLoader:240 - Cannot read IP mode file for STMicroelectronics.X-CUBE-AZRTOS-H7.3.2.0
2025-05-19 20:49:52,033 [WARN] PackLoader:240 - Cannot read IP mode file for wolfSSL.I-CUBE-wolfSSH.1.4.17
2025-05-19 20:49:52,034 [INFO] ThirdParty:978 - Integrity check success = true
2025-05-19 20:49:52,034 [INFO] IntegrityCheckThread:100 - exiting critical section [integrity check]
2025-05-19 20:49:52,034 [INFO] IntegrityCheckThread:103 - End integrity checks thread
2025-05-19 20:50:07,554 [ERROR] LogOutputStream:75 - [STDERR_REDIRECT] SLF4J: Failed to load class "org.slf4j.impl.StaticLoggerBinder".
2025-05-19 20:50:07,555 [ERROR] LogOutputStream:75 - [STDERR_REDIRECT] SLF4J: Defaulting to no-operation (NOP) logger implementation
2025-05-19 20:50:07,556 [ERROR] LogOutputStream:75 - [STDERR_REDIRECT] SLF4J: See http://www.slf4j.org/codes.html#StaticLoggerBinder for further details.
2025-05-19 21:20:07,160 [INFO] McuFinderGlobals:63 - Set McuFinder mode to 2 (CubeIDE integrated)
2025-05-19 21:20:07,200 [INFO] MainUpdater:2868 - connection check result : 10
2025-05-19 21:20:07,207 [INFO] MainUpdater:2868 - connection check result : 10
2025-05-19 21:20:07,449 [INFO] MicroXplorer:468 - Change Database Path : 
2025-05-19 21:20:07,450 [INFO] MicroXplorer:498 - Change Database Version : DB.6.0.90
2025-05-19 21:20:07,455 [WARN] ThirdParty:871 - waiting for thirdparty lock release [close project]
2025-05-19 21:20:07,455 [INFO] ThirdParty:873 - entering critical section [close project]
2025-05-19 21:20:07,456 [INFO] ThirdParty:883 - exiting critical section [close project]
2025-05-19 21:20:07,461 [INFO] PinOutPanel:1499 - setPackage(No Configuration,No Configuration)
2025-05-19 21:20:07,479 [INFO] UtilMem:75 - Begin LoadConfig() Used Memory: 890941880 Bytes (1073741824)
2025-05-19 21:20:07,482 [INFO] MicroXplorer:468 - Change Database Path : 
2025-05-19 21:20:07,482 [INFO] MicroXplorer:498 - Change Database Version : DB.6.0.90
2025-05-19 21:20:07,482 [INFO] OpenFileManager:308 - Change cursor
2025-05-19 21:20:07,536 [INFO] Mcu:1946 - Initializing MCU STM32F103C(8-B)Tx STM32F103CBTx STM32F103CBT6
2025-05-19 21:20:08,727 [INFO] Context:659 - Trying to add GPIOservice into a context  which must be forbidden
2025-05-19 21:20:09,133 [INFO] RtosManager:555 - Registered RTOS mode: class=CMSIS, group=RTOS, mode=CMSIS_V1, owner=FREERTOS
2025-05-19 21:20:09,133 [INFO] RtosManager:555 - Registered RTOS mode: class=CMSIS, group=RTOS2, mode=CMSIS_V2, owner=FREERTOS
2025-05-19 21:20:09,133 [INFO] RtosManager:555 - Registered RTOS mode: class=RTOS, group=Core, mode=CMSIS_V1, owner=FREERTOS
2025-05-19 21:20:09,133 [INFO] RtosManager:555 - Registered RTOS mode: class=RTOS, group=Core, mode=CMSIS_V2, owner=FREERTOS
2025-05-19 21:20:09,133 [WARN] ModelIntegratedComponent:184 - Missing modes for component STMicroelectronics:FreeRTOS:0.0.1:STMicroelectronics:RTOS:FreeRTOS:Core:::10.2.0:
2025-05-19 21:20:09,138 [WARN] ModelIntegratedComponent:63 - No mode defined for component null
2025-05-19 21:20:09,138 [WARN] ModelIntegratedComponent:63 - No mode defined for component null
2025-05-19 21:20:09,138 [WARN] ModelIntegratedComponent:63 - No mode defined for component null
2025-05-19 21:20:09,138 [WARN] ModelIntegratedComponent:63 - No mode defined for component null
2025-05-19 21:20:09,138 [WARN] ModelIntegratedComponent:63 - No mode defined for component null
2025-05-19 21:20:09,138 [WARN] ModelIntegratedComponent:63 - No mode defined for component null
2025-05-19 21:20:09,138 [WARN] ModelIntegratedComponent:63 - No mode defined for component null
2025-05-19 21:20:09,138 [WARN] ModelIntegratedComponent:63 - No mode defined for component null
2025-05-19 21:20:09,139 [WARN] ModelIntegratedComponent:63 - No mode defined for component null
2025-05-19 21:20:09,139 [WARN] ModelIntegratedComponent:63 - No mode defined for component null
2025-05-19 21:20:09,139 [WARN] ModelIntegratedComponent:63 - No mode defined for component null
2025-05-19 21:20:09,139 [WARN] ModelIntegratedComponent:63 - No mode defined for component null
2025-05-19 21:20:09,139 [WARN] ModelIntegratedComponent:63 - No mode defined for component null
2025-05-19 21:20:09,139 [WARN] ModelIntegratedComponent:63 - No mode defined for component null
2025-05-19 21:20:09,139 [WARN] ModelIntegratedComponent:63 - No mode defined for component null
2025-05-19 21:20:09,139 [WARN] ModelIntegratedComponent:63 - No mode defined for component null
2025-05-19 21:20:09,139 [WARN] ModelIntegratedComponent:63 - No mode defined for component null
2025-05-19 21:20:09,139 [WARN] ModelIntegratedComponent:63 - No mode defined for component null
2025-05-19 21:20:09,139 [WARN] ModelIntegratedComponent:63 - No mode defined for component null
2025-05-19 21:20:09,139 [WARN] ModelIntegratedComponent:63 - No mode defined for component null
2025-05-19 21:20:09,139 [WARN] ModelIntegratedComponent:63 - No mode defined for component null
2025-05-19 21:20:09,139 [WARN] ModelIntegratedComponent:63 - No mode defined for component null
2025-05-19 21:20:09,139 [WARN] ModelIntegratedComponent:63 - No mode defined for component null
2025-05-19 21:20:09,139 [WARN] ModelIntegratedComponent:63 - No mode defined for component null
2025-05-19 21:20:09,139 [WARN] ModelIntegratedComponent:63 - No mode defined for component null
2025-05-19 21:20:09,139 [WARN] ModelIntegratedComponent:63 - No mode defined for component null
2025-05-19 21:20:09,139 [WARN] ModelIntegratedComponent:63 - No mode defined for component null
2025-05-19 21:20:09,139 [WARN] ModelIntegratedComponent:63 - No mode defined for component null
2025-05-19 21:20:09,139 [WARN] ModelIntegratedComponent:63 - No mode defined for component null
2025-05-19 21:20:09,139 [WARN] ModelIntegratedComponent:63 - No mode defined for component null
2025-05-19 21:20:09,139 [WARN] ModelIntegratedComponent:63 - No mode defined for component null
2025-05-19 21:20:09,139 [WARN] ModelIntegratedComponent:63 - No mode defined for component null
2025-05-19 21:20:09,139 [WARN] ModelIntegratedComponent:63 - No mode defined for component null
2025-05-19 21:20:09,372 [INFO] ThirdPartyModel:298 - Start build external matchings
2025-05-19 21:20:11,741 [INFO] ThirdPartyModel:316 - End build external matchings
2025-05-19 21:20:11,783 [INFO] ImportTextPane:194 - (OptionalMessage_ERROR) IP (RCC) : Parameter (ADCFreqValue) has invalid value (36000000)
2025-05-19 21:20:11,784 [INFO] ImportTextPane:194 - (OptionalMessage_ERROR) IP (RCC) : Invalid parameter (FamilyName)
2025-05-19 21:20:11,784 [INFO] ImportTextPane:194 - (OptionalMessage_ERROR) IP (RCC) : Parameter (MCOFreq_Value) has invalid value (72000000)
2025-05-19 21:20:11,784 [INFO] ImportTextPane:194 - (OptionalMessage_ERROR) IP (RCC) : Parameter (USBFreq_Value) has invalid value (72000000)
2025-05-19 21:20:12,026 [INFO] UtilMem:75 - End LoadConfig() Used Memory: 825273480 Bytes (1073741824)
2025-05-19 21:20:12,198 [INFO] ApiDb:581 - Connected to CubeFinder SQLite database (C:\Users\msi1\.stmcufinder\plugins\mcufinder\mcu\cube-finder-db.db)
2025-05-19 21:20:12,291 [INFO] ApiDb:668 - CubeFinder database Data Model version=2.1
2025-05-19 21:20:12,292 [INFO] ApiDb:669 - CubeFinder database Configuration version=3.0.39
2025-05-19 21:20:12,293 [INFO] ApiDb:670 - CubeFinder database generation date=2025-04-23 (1745419778)
2025-05-19 21:20:12,293 [INFO] ApiDb:671 - CubeFinder database FW Pack versions=[FP-ATR-ASTRA1_V2.0.0, FP-SNS-FLIGHT1_V5.1.0, FP-SNS-MOTENV1_V5.0.0, FP-SNS-MOTENVWB1_V1.4.0, FP-SNS-SMARTAG2_V1.2.0, FP-SNS-STBOX1_V2.0.0, STM32Cube_FW_C0_V1.4.0, STM32Cube_FW_F4_V1.28.1, STM32Cube_FW_F7_V1.17.2, STM32Cube_FW_G0_V1.6.2, STM32Cube_FW_G4_V1.6.1, STM32Cube_FW_H5_V1.5.0, STM32Cube_FW_H7RS_V1.2.0, STM32Cube_FW_H7_V1.12.1, STM32Cube_FW_L0_V1.12.2, STM32Cube_FW_L4_V1.18.1, STM32Cube_FW_L5_V1.5.1, STM32Cube_FW_N6_V1.1.1, STM32Cube_FW_U0_V1.2.0, STM32Cube_FW_U3_V1.1.0, STM32Cube_FW_U5_V1.7.0, STM32Cube_FW_WB0_V1.2.0, STM32Cube_FW_WBA_V1.6.0, STM32Cube_FW_WB_V1.22.0, STM32Cube_FW_WL3_V1.1.0, STM32Cube_FW_WL_V1.3.1, X-CUBE-ALGOBUILD_V1.4.0, X-CUBE-ALS_V1.0.2, X-CUBE-AZRTOS-F4_V1.1.0, X-CUBE-AZRTOS-F7_V1.1.0, X-CUBE-AZRTOS-G0_V1.1.0, X-CUBE-AZRTOS-G4_V2.0.0, X-CUBE-AZRTOS-H7RS_V1.1.0, X-CUBE-AZRTOS-H7_V3.3.0, X-CUBE-AZRTOS-L4_V2.0.0, X-CUBE-AZRTOS-L5_V2.0.0, X-CUBE-AZRTOS-WB_V2.0.0, X-CUBE-AZRTOS-WL_V2.0.0, X-CUBE-BLE1_V7.1.0, X-CUBE-BLE2_V3.3.0, X-CUBE-BLEMGR_V4.0.0, X-CUBE-EEPRMA1_V5.1.0, X-CUBE-FREERTOS_V1.3.0, X-CUBE-GNSS1_V6.0.0, X-CUBE-MEMS1_V11.2.0, X-CUBE-NFC4_V3.0.0, X-CUBE-NFC7_V1.0.1, X-CUBE-SFXS2LP1_V4.0.0, X-CUBE-SUBG2_V5.0.0, X-CUBE-TOF1_V3.4.3]
2025-05-19 21:20:14,915 [INFO] ApiDb:240 - Found 323 in-development CPN: [B-G473E-ZEST1S, B-WB1M-WPAN1, B-WL5M-SUBG1, NUCLEO-C031C6, NUCLEO-H503RB, NUCLEO-H563ZI, NUCLEO-U545RE-Q, NUCLEO-U5A5ZJ-Q, NUCLEO-WBA52CG, STEVAL-PROTEUS1, STEVAL-SMARTAG2, STEVAL-STWINBX1, STM320518-EVAL, STM32C0116-DK, STM32C011D6Y3TR, STM32C011D6Y6TR, STM32C011F4P3, STM32C011F4P6, STM32C011F4U3, STM32C011F4U6TR, STM32C011F6P3, STM32C011F6P6, STM32C011F6U3, STM32C011F6U6TR, STM32C011J4M3, STM32C011J4M6, STM32C011J6M3, STM32C011J6M6, STM32C0316-DK, STM32C031C4T3, STM32C031C4T6, STM32C031C4U3, STM32C031C4U6, STM32C031C6T3, STM32C031C6T6, STM32C031C6U3, STM32C031C6U6, STM32C031F4P3, STM32C031F4P6, STM32C031F6P3, STM32C031F6P6, STM32C031G4U3, STM32C031G4U6, STM32C031G6U3, STM32C031G6U6, STM32C031K4T3, STM32C031K4T6, STM32C031K4U3, STM32C031K4U6, STM32C031K6T3, STM32C031K6T6, STM32C031K6U3, STM32C031K6U6, STM32G071K8TXN, STM32G071K8UXN, STM32G081GBU6N, STM32G081KBT6N, STM32G081KBUXN, STM32G0B1CCT6N, STM32G0B1KCT6, STM32G0B1NEY6TR, STM32G0B1RCT6N, STM32G0C1CCT6, STM32G0C1CCT6N, STM32G0C1CCU6N, STM32G0C1CET6N, STM32G0C1CEU6N, STM32G0C1KCT6, STM32G0C1NEY6TR, STM32G0C1RCI6N, STM32G0C1RCT6N, STM32G0C1REI6N, STM32G0C1RET6N, STM32G0C1VCI6, STM32G0C1VEI6, STM32G471CCT6, STM32G471CCU6, STM32G471CET3, STM32G471CET6, STM32G471CEU3, STM32G471CEU6, STM32G471MCT6, STM32G471MET3, STM32G471MET6, STM32G471MEY6TR, STM32G471QCT6, STM32G471QET3, STM32G471RCT6, STM32G471RET3, STM32G471RET6, STM32G471VCH6, STM32G471VCI6, STM32G471VCT6, STM32G471VEH3, STM32G471VEH6, STM32G471VEI3, STM32G471VEI6, STM32G471VET3, STM32G471VET6, STM32G474CCT6, STM32H503CBT6, STM32H503CBU6, STM32H503EBY6TR, STM32H503KBU6, STM32H503RBT6, STM32H562AGI6, STM32H562AII6, STM32H562IGK6, STM32H562IGT6, STM32H562IIK6, STM32H562IIT6, STM32H562RGT6, STM32H562RGV6, STM32H562RIT6, STM32H562RIV6, STM32H562VGT6, STM32H562VIT6, STM32H562ZGT6, STM32H562ZIT6, STM32H563AGI6, STM32H563AII3Q, STM32H563AII6, STM32H563IGK6, STM32H563IGT6, STM32H563IIK3Q, STM32H563IIK6, STM32H563IIT3Q, STM32H563IIT6, STM32H563MIY3QTR, STM32H563RGT6, STM32H563RGV6, STM32H563RIT6, STM32H563RIV6, STM32H563VGT6, STM32H563VIT3Q, STM32H563VIT6, STM32H563ZGT6, STM32H563ZIT3Q, STM32H563ZIT6, STM32H573AII3Q, STM32H573AII6, STM32H573I-DK, STM32H573IIK3Q, STM32H573IIK6, STM32H573IIT3Q, STM32H573IIT6, STM32H573MIY3QTR, STM32H573RIT6, STM32H573RIV6, STM32H573VIT3Q, STM32H573VIT6, STM32H573ZIT3Q, STM32H573ZIT6, STM32L4R5QGI6STR, STM32MP131AAE3, STM32MP131AAF3, STM32MP131AAG3, STM32MP131CAE3, STM32MP131CAF3, STM32MP131CAG3, STM32MP131DAE7, STM32MP131DAF7, STM32MP131DAG7, STM32MP131FAE7, STM32MP131FAF7, STM32MP131FAG7, STM32MP133AAE3, STM32MP133AAF3, STM32MP133AAG3, STM32MP133CAE3, STM32MP133CAF3, STM32MP133CAG3, STM32MP133DAE7, STM32MP133DAF7, STM32MP133DAG7, STM32MP133FAE7, STM32MP133FAF7, STM32MP133FAG7, STM32MP135AAE3, STM32MP135AAF3, STM32MP135AAG3, STM32MP135CAE3, STM32MP135CAF3, STM32MP135CAG3, STM32MP135DAE7, STM32MP135DAF7, STM32MP135DAG7, STM32MP135F-DK, STM32MP135FAE7, STM32MP135FAF7, STM32MP135FAF7T, STM32MP135FAF7U, STM32MP135FAG7, STM32U535CBT6, STM32U535CBT6Q, STM32U535CBU6, STM32U535CBU6Q, STM32U535CCT6, STM32U535CCT6Q, STM32U535CCU6, STM32U535CCU6Q, STM32U535CET6, STM32U535CET6Q, STM32U535CEU6, STM32U535CEU6Q, STM32U535JEY6QTR, STM32U535NCY6QTR, STM32U535NEY6QTR, STM32U535RBI6, STM32U535RBI6Q, STM32U535RBT6, STM32U535RBT6Q, STM32U535RCI6, STM32U535RCI6Q, STM32U535RCT6, STM32U535RCT6Q, STM32U535REI6, STM32U535REI6Q, STM32U535RET6, STM32U535RET6Q, STM32U535VCI6, STM32U535VCI6Q, STM32U535VCT6, STM32U535VCT6Q, STM32U535VEI6, STM32U535VEI6Q, STM32U535VET6, STM32U535VET6Q, STM32U545CET6, STM32U545CET6Q, STM32U545CEU6, STM32U545CEU6Q, STM32U545JEY6QTR, STM32U545NEY6QTR, STM32U545REI6, STM32U545REI6Q, STM32U545RET6, STM32U545RET6Q, STM32U545VEI6, STM32U545VEI6Q, STM32U545VET6, STM32U545VET6Q, STM32U595AIH6, STM32U595AIH6Q, STM32U595AJH6, STM32U595AJH6Q, STM32U595QII6, STM32U595QII6Q, STM32U595QJI6, STM32U595QJI6Q, STM32U595RIT6, STM32U595RIT6Q, STM32U595RJT6, STM32U595RJT6Q, STM32U595VIT6, STM32U595VIT6Q, STM32U595VJT6, STM32U595VJT6Q, STM32U595ZIT6, STM32U595ZIT6Q, STM32U595ZIY6QTR, STM32U595ZJT6, STM32U595ZJT6Q, STM32U595ZJY6QTR, STM32U599BJY6QTR, STM32U599NIH6Q, STM32U599NJH6Q, STM32U599VIT6Q, STM32U599VJT6, STM32U599VJT6Q, STM32U599ZIT6Q, STM32U599ZIY6QTR, STM32U599ZJT6Q, STM32U599ZJY6QTR, STM32U5A5AJH6, STM32U5A5AJH6Q, STM32U5A5QJI6, STM32U5A5QJI6Q, STM32U5A5RJT6, STM32U5A5RJT6Q, STM32U5A5VJT6, STM32U5A5VJT6Q, STM32U5A5ZJT6, STM32U5A5ZJT6Q, STM32U5A5ZJY6QTR, STM32U5A9BJY6QTR, STM32U5A9J-DK, STM32U5A9NJH6Q, STM32U5A9VJT6Q, STM32U5A9ZJT6Q, STM32U5A9ZJY6QTR, STM32U5F7VIT6, STM32U5F7VIT6Q, STM32U5F7VJT6, STM32U5F7VJT6Q, STM32U5F9BJY6QTR, STM32U5F9NJH6Q, STM32U5F9VIT6Q, STM32U5F9VJT6Q, STM32U5F9ZIJ6QTR, STM32U5F9ZIT6Q, STM32U5F9ZJJ6QTR, STM32U5F9ZJT6Q, STM32U5G7VJT6, STM32U5G7VJT6Q, STM32U5G9BJY6QTR, STM32U5G9J-DK1, STM32U5G9J-DK2, STM32U5G9NJH6Q, STM32U5G9VJT6Q, STM32U5G9ZJJ6QTR, STM32U5G9ZJT6Q, STM32WB1MMCH6, STM32WBA52CEU6, STM32WBA52CEU6T, STM32WBA52CGU6, STM32WBA52CGU6T, STM32WBA52KEU6, STM32WBA52KEU6T, STM32WBA52KGU6, STM32WBA52KGU6T, STM32WL5MOCH6, STM32WL5MOCH6TR]
2025-05-19 21:20:14,922 [INFO] DbMcus:217 - Found 4642 MCUs, 4642 are supported
2025-05-19 21:20:14,929 [INFO] ApiDb:423 - Load user favorites file C:\Users\msi1/.stm32cubeide/favorites.mcus.txt: 4 item(s)
2025-05-19 21:20:14,929 [INFO] ApiDb:427 - User favorites MCUs=[STM32F103CBT6, STM32F303VCT6, STM32F401CCU6, STM32F407VGT6]
2025-05-19 21:20:14,931 [INFO] DbMcus:223 - Set 4 / 4 favorites MCUs
2025-05-19 21:20:15,424 [WARN] ThirdParty:833 - waiting for thirdparty lock release [change project]
2025-05-19 21:20:15,424 [INFO] ThirdParty:835 - entering critical section [change project]
2025-05-19 21:20:15,424 [INFO] ThirdParty:1030 - CMSIS Pack Vendor :STMicroelectronics USBPD 4.1
2025-05-19 21:20:15,424 [INFO] ThirdParty:1030 - CMSIS Pack Vendor :STMicroelectronics X-CUBE-GNSS1 6.0.0
2025-05-19 21:20:15,424 [INFO] ThirdParty:1030 - CMSIS Pack Vendor :STMicroelectronics USB_HOST 2.0.0
2025-05-19 21:20:15,424 [INFO] ThirdParty:1030 - CMSIS Pack Vendor :STMicroelectronics FP-SNS-MOTENVWB1 1.4.0
2025-05-19 21:20:15,424 [INFO] ThirdParty:1030 - CMSIS Pack Vendor :STMicroelectronics X-CUBE-AZRTOS-F4 1.1.0
2025-05-19 21:20:15,424 [INFO] ThirdParty:1030 - CMSIS Pack Vendor :STMicroelectronics LIBJPEG 8.0.0
2025-05-19 21:20:15,424 [INFO] ThirdParty:1030 - CMSIS Pack Vendor :STMicroelectronics FP-ATR-ASTRA1 2.0.2
2025-05-19 21:20:15,424 [INFO] ThirdParty:1030 - CMSIS Pack Vendor :STMicroelectronics FP-ATR-ASTRA1 2.0.1
2025-05-19 21:20:15,424 [INFO] ThirdParty:1030 - CMSIS Pack Vendor :STMicroelectronics X-CUBE-SMBUS 2.1.0
2025-05-19 21:20:15,424 [INFO] ThirdParty:1030 - CMSIS Pack Vendor :STMicroelectronics X-CUBE-WB05N 1.1.0
2025-05-19 21:20:15,424 [INFO] ThirdParty:1030 - CMSIS Pack Vendor :wolfSSL I-CUBE-wolfSSL 5.6.0
2025-05-19 21:20:15,424 [INFO] ThirdParty:1030 - CMSIS Pack Vendor :STMicroelectronics X-CUBE-ISPU 2.1.0
2025-05-19 21:20:15,424 [INFO] ThirdParty:1030 - CMSIS Pack Vendor :STMicroelectronics X-CUBE-FREERTOS 1.2.0
2025-05-19 21:20:15,424 [INFO] ThirdParty:1030 - CMSIS Pack Vendor :STMicroelectronics X-CUBE-TOUCHGFX 4.23.0
2025-05-19 21:20:15,424 [INFO] ThirdParty:1030 - CMSIS Pack Vendor :STMicroelectronics X-CUBE-TOUCHGFX 4.23.2
2025-05-19 21:20:15,424 [INFO] ThirdParty:1030 - CMSIS Pack Vendor :STMicroelectronics X-CUBE-AZRTOS-F7 1.1.0
2025-05-19 21:20:15,424 [INFO] ThirdParty:1030 - CMSIS Pack Vendor :STMicroelectronics X-CUBE-AZRTOS-L5 2.0.0
2025-05-19 21:20:15,425 [INFO] ThirdParty:1030 - CMSIS Pack Vendor :STMicroelectronics USB_DEVICE 2.0.0
2025-05-19 21:20:15,425 [INFO] ThirdParty:1030 - CMSIS Pack Vendor :STMicroelectronics X-CUBE-MEMS1 9.6.0
2025-05-19 21:20:15,425 [INFO] ThirdParty:1030 - CMSIS Pack Vendor :STMicroelectronics X-CUBE-EEPRMA1 4.2.0
2025-05-19 21:20:15,425 [INFO] ThirdParty:1030 - CMSIS Pack Vendor :STMicroelectronics X-CUBE-NFC6 3.1.0
2025-05-19 21:20:15,425 [INFO] ThirdParty:1030 - CMSIS Pack Vendor :ITTIA_DB I-CUBE-ITTIADB 8.8.0
2025-05-19 21:20:15,425 [INFO] ThirdParty:1030 - CMSIS Pack Vendor :STMicroelectronics FP-SNS-MOTENV1 4.3.0
2025-05-19 21:20:15,425 [INFO] ThirdParty:1030 - CMSIS Pack Vendor :STMicroelectronics FP-SNS-MOTENV1 4.3.2
2025-05-19 21:20:15,425 [INFO] ThirdParty:1030 - CMSIS Pack Vendor :STMicroelectronics FP-SNS-FLIGHT1 5.0.0
2025-05-19 21:20:15,425 [INFO] ThirdParty:1030 - CMSIS Pack Vendor :STMicroelectronics X-CUBE-BLE1 6.2.4
2025-05-19 21:20:15,425 [INFO] ThirdParty:1030 - CMSIS Pack Vendor :STMicroelectronics FreeRTOS 0.0.1
2025-05-19 21:20:15,425 [INFO] ThirdParty:1030 - CMSIS Pack Vendor :emotas I-CUBE-CANOPEN 1.1.3
2025-05-19 21:20:15,425 [INFO] ThirdParty:1030 - CMSIS Pack Vendor :STMicroelectronics X-CUBE-BLEMGR 2.0.0
2025-05-19 21:20:15,425 [INFO] ThirdParty:1030 - CMSIS Pack Vendor :STMicroelectronics FP-SNS-FLIGHT1 5.0.2
2025-05-19 21:20:15,425 [INFO] ThirdParty:1030 - CMSIS Pack Vendor :STMicroelectronics X-CUBE-AI 9.0.0
2025-05-19 21:20:15,425 [INFO] ThirdParty:1030 - CMSIS Pack Vendor :STMicroelectronics X-CUBE-AZRTOS-H7 3.1.0
2025-05-19 21:20:15,425 [INFO] ThirdParty:1030 - CMSIS Pack Vendor :STMicroelectronics PDM2PCM 3.3.0
2025-05-19 21:20:15,425 [INFO] ThirdParty:1030 - CMSIS Pack Vendor :STMicroelectronics X-CUBE-DISPLAY 3.0.0
2025-05-19 21:20:15,425 [INFO] ThirdParty:1030 - CMSIS Pack Vendor :STMicroelectronics X-CUBE-BLE1 7.0.0
2025-05-19 21:20:15,425 [INFO] ThirdParty:1030 - CMSIS Pack Vendor :STMicroelectronics X-CUBE-NFC10 1.0.0
2025-05-19 21:20:15,425 [INFO] ThirdParty:1030 - CMSIS Pack Vendor :STMicroelectronics X-CUBE-FREERTOS 1.3.1
2025-05-19 21:20:15,425 [INFO] ThirdParty:1030 - CMSIS Pack Vendor :STMicroelectronics HAL Drivers 0.0.0
2025-05-19 21:20:15,426 [INFO] ThirdParty:1030 - CMSIS Pack Vendor :emotas I-CUBE-CANOPEN 1.3.0
2025-05-19 21:20:15,426 [INFO] ThirdParty:1030 - CMSIS Pack Vendor :STMicroelectronics X-CUBE-FREERTOS 1.3.0
2025-05-19 21:20:15,426 [INFO] ThirdParty:1030 - CMSIS Pack Vendor :STMicroelectronics X-CUBE-TOUCHGFX 4.22.0
2025-05-19 21:20:15,426 [INFO] ThirdParty:1030 - CMSIS Pack Vendor :STMicroelectronics X-CUBE-NFC7 1.0.1
2025-05-19 21:20:15,426 [INFO] ThirdParty:1030 - CMSIS Pack Vendor :STMicroelectronics MBEDTLS 2.14.1
2025-05-19 21:20:15,426 [INFO] ThirdParty:1030 - CMSIS Pack Vendor :STMicroelectronics X-CUBE-NFC7 1.0.0
2025-05-19 21:20:15,426 [INFO] ThirdParty:1030 - CMSIS Pack Vendor :STMicroelectronics X-CUBE-TOUCHGFX 4.22.1
2025-05-19 21:20:15,426 [INFO] ThirdParty:1030 - CMSIS Pack Vendor :wolfSSL I-CUBE-wolfTPM 3.2.0
2025-05-19 21:20:15,426 [INFO] ThirdParty:1030 - CMSIS Pack Vendor :STMicroelectronics X-CUBE-NFC6 3.0.0
2025-05-19 21:20:15,426 [INFO] ThirdParty:1030 - CMSIS Pack Vendor :STMicroelectronics X-CUBE-EEPRMA1 4.1.0
2025-05-19 21:20:15,426 [INFO] ThirdParty:1030 - CMSIS Pack Vendor :STMicroelectronics X-CUBE-BLEMGR 3.1.0
2025-05-19 21:20:15,426 [INFO] ThirdParty:1030 - CMSIS Pack Vendor :STMicroelectronics X-CUBE-AI 10.0.0
2025-05-19 21:20:15,426 [INFO] ThirdParty:1030 - CMSIS Pack Vendor :STMicroelectronics FP-SNS-SMARTAG2 1.2.0
2025-05-19 21:20:15,426 [INFO] ThirdParty:1030 - CMSIS Pack Vendor :STMicroelectronics X-CUBE-MEMS1 11.1.0
2025-05-19 21:20:15,426 [INFO] ThirdParty:1030 - CMSIS Pack Vendor :STMicroelectronics X-CUBE-AZRTOS-WL 2.0.0
2025-05-19 21:20:15,426 [INFO] ThirdParty:1030 - CMSIS Pack Vendor :STMicroelectronics FP-SNS-MOTENV1 5.0.0
2025-05-19 21:20:15,426 [INFO] ThirdParty:1030 - CMSIS Pack Vendor :STMicroelectronics USB_DEVICE 1.0.0
2025-05-19 21:20:15,426 [INFO] ThirdParty:1030 - CMSIS Pack Vendor :STMicroelectronics X-CUBE-AI 8.1.0
2025-05-19 21:20:15,426 [INFO] ThirdParty:1030 - CMSIS Pack Vendor :wolfSSL I-CUBE-wolfMQTT 1.19.0
2025-05-19 21:20:15,426 [INFO] ThirdParty:1030 - CMSIS Pack Vendor :STMicroelectronics X-CUBE-AZRTOS-L4 2.0.0
2025-05-19 21:20:15,426 [INFO] ThirdParty:1030 - CMSIS Pack Vendor :STMicroelectronics ThreadX 0.0.2
2025-05-19 21:20:15,426 [INFO] ThirdParty:1030 - CMSIS Pack Vendor :WES I-CUBE-Cesium 1.3.0
2025-05-19 21:20:15,426 [INFO] ThirdParty:1030 - CMSIS Pack Vendor :STMicroelectronics lwIP 2.1.2
2025-05-19 21:20:15,426 [INFO] ThirdParty:1030 - CMSIS Pack Vendor :STMicroelectronics X-CUBE-SFXS2LP1 4.0.0
2025-05-19 21:20:15,426 [INFO] ThirdParty:1030 - CMSIS Pack Vendor :STMicroelectronics X-CUBE-BLE2 3.3.0
2025-05-19 21:20:15,426 [INFO] ThirdParty:1030 - CMSIS Pack Vendor :STMicroelectronics PDM2PCM 3.2.0
2025-05-19 21:20:15,426 [INFO] ThirdParty:1030 - CMSIS Pack Vendor :STMicroelectronics X-CUBE-ISPU 1.1.0
2025-05-19 21:20:15,426 [INFO] ThirdParty:1030 - CMSIS Pack Vendor :STMicroelectronics X-CUBE-AZRTOS-H7 3.3.0
2025-05-19 21:20:15,427 [INFO] ThirdParty:1030 - CMSIS Pack Vendor :STMicroelectronics X-CUBE-NFC9 1.0.0
2025-05-19 21:20:15,427 [INFO] ThirdParty:1030 - CMSIS Pack Vendor :STMicroelectronics X-CUBE-BLE1 7.1.0
2025-05-19 21:20:15,427 [INFO] ThirdParty:1030 - CMSIS Pack Vendor :STMicroelectronics USB_DEVICE 3.0.0
2025-05-19 21:20:15,427 [INFO] ThirdParty:1030 - CMSIS Pack Vendor :STMicroelectronics X-CUBE-TCPP 4.1.0
2025-05-19 21:20:15,427 [INFO] ThirdParty:1030 - CMSIS Pack Vendor :STMicroelectronics X-CUBE-AZRTOS-WB 2.0.0
2025-05-19 21:20:15,427 [INFO] ThirdParty:1030 - CMSIS Pack Vendor :STMicroelectronics X-CUBE-FREERTOS 1.0.1
2025-05-19 21:20:15,427 [INFO] ThirdParty:1030 - CMSIS Pack Vendor :STMicroelectronics X-CUBE-GNSS1 7.0.1
2025-05-19 21:20:15,427 [INFO] ThirdParty:1030 - CMSIS Pack Vendor :STMicroelectronics X-CUBE-TOUCHGFX 4.21.4
2025-05-19 21:20:15,427 [INFO] ThirdParty:1030 - CMSIS Pack Vendor :STMicroelectronics X-CUBE-TOUCHGFX 4.25.0
2025-05-19 21:20:15,427 [INFO] ThirdParty:1030 - CMSIS Pack Vendor :STMicroelectronics X-CUBE-ALGOBUILD 1.3.0
2025-05-19 21:20:15,427 [INFO] ThirdParty:1030 - CMSIS Pack Vendor :STMicroelectronics X-CUBE-AZRTOS-L5 1.1.0
2025-05-19 21:20:15,427 [INFO] ThirdParty:1030 - CMSIS Pack Vendor :STMicroelectronics X-CUBE-MEMS1 11.2.0
2025-05-19 21:20:15,427 [INFO] ThirdParty:1030 - CMSIS Pack Vendor :STMicroelectronics X-CUBE-AZRTOS-G0 1.1.0
2025-05-19 21:20:15,427 [INFO] ThirdParty:1030 - CMSIS Pack Vendor :STMicroelectronics X-CUBE-AI 8.0.1
2025-05-19 21:20:15,427 [INFO] ThirdParty:1030 - CMSIS Pack Vendor :STMicroelectronics X-CUBE-SAFEA1 1.2.2
2025-05-19 21:20:15,427 [INFO] ThirdParty:1030 - CMSIS Pack Vendor :STMicroelectronics X-CUBE-NFC4 3.0.0
2025-05-19 21:20:15,427 [INFO] ThirdParty:1030 - CMSIS Pack Vendor :STMicroelectronics X-CUBE-SUBG2 5.0.0
2025-05-19 21:20:15,427 [INFO] ThirdParty:1030 - CMSIS Pack Vendor :STMicroelectronics X-CUBE-AZRTOS-H7RS 1.1.0
2025-05-19 21:20:15,427 [INFO] ThirdParty:1030 - CMSIS Pack Vendor :STMicroelectronics STM32_WPAN 1.0.0
2025-05-19 21:20:15,427 [INFO] ThirdParty:1030 - CMSIS Pack Vendor :wolfSSL I-CUBE-wolfMQTT 1.18.0
2025-05-19 21:20:15,427 [INFO] ThirdParty:1030 - CMSIS Pack Vendor :STMicroelectronics lwIP 2.0.3
2025-05-19 21:20:15,427 [INFO] ThirdParty:1030 - CMSIS Pack Vendor :Cesanta I-CUBE-Mongoose 7.13.0
2025-05-19 21:20:15,427 [INFO] ThirdParty:1030 - CMSIS Pack Vendor :STMicroelectronics USB_HOST 1.0.0
2025-05-19 21:20:15,427 [INFO] ThirdParty:1030 - CMSIS Pack Vendor :STMicroelectronics X-CUBE-TOF1 3.3.1
2025-05-19 21:20:15,427 [INFO] ThirdParty:1030 - CMSIS Pack Vendor :STMicroelectronics X-CUBE-AZRTOS-G4 2.0.0
2025-05-19 21:20:15,428 [INFO] ThirdParty:1030 - CMSIS Pack Vendor :STMicroelectronics X-CUBE-WB05N 2.0.0
2025-05-19 21:20:15,428 [INFO] ThirdParty:1030 - CMSIS Pack Vendor :STMicroelectronics PDM2PCM 3.1.0
2025-05-19 21:20:15,428 [INFO] ThirdParty:1030 - CMSIS Pack Vendor :STMicroelectronics X-CUBE-TOF1 3.3.0
2025-05-19 21:20:15,428 [INFO] ThirdParty:1030 - CMSIS Pack Vendor :Infineon AIROC-Wi-Fi-Bluetooth-STM32 1.5.1
2025-05-19 21:20:15,428 [INFO] ThirdParty:1030 - CMSIS Pack Vendor :STMicroelectronics X-CUBE-BLEMGR 3.0.0
2025-05-19 21:20:15,428 [INFO] ThirdParty:1030 - CMSIS Pack Vendor :STMicroelectronics FP-SNS-MOTENVWB1 1.3.0
2025-05-19 21:20:15,428 [INFO] ThirdParty:1030 - CMSIS Pack Vendor :STMicroelectronics X-CUBE-NFC7 2.0.0
2025-05-19 21:20:15,428 [INFO] ThirdParty:1030 - CMSIS Pack Vendor :STMicroelectronics FP-SNS-MOTENVWB1 1.3.1
2025-05-19 21:20:15,428 [INFO] ThirdParty:1030 - CMSIS Pack Vendor :STMicroelectronics FP-ATR-SIGFOX1 3.2.0
2025-05-19 21:20:15,428 [INFO] ThirdParty:1030 - CMSIS Pack Vendor :STMicroelectronics X-CUBE-AZRTOS-L4 1.0.0
2025-05-19 21:20:15,428 [INFO] ThirdParty:1030 - CMSIS Pack Vendor :STMicroelectronics X-CUBE-ISPU 2.0.0
2025-05-19 21:20:15,428 [INFO] ThirdParty:1030 - CMSIS Pack Vendor :STMicroelectronics X-CUBE-EEPRMA1 5.1.0
2025-05-19 21:20:15,428 [INFO] ThirdParty:1030 - CMSIS Pack Vendor :STMicroelectronics MBEDTLS 2.16.2
2025-05-19 21:20:15,428 [INFO] ThirdParty:1030 - CMSIS Pack Vendor :STMicroelectronics X-CUBE-ALS 1.0.2
2025-05-19 21:20:15,428 [INFO] ThirdParty:1030 - CMSIS Pack Vendor :STMicroelectronics X-CUBE-MEMS1 10.0.0
2025-05-19 21:20:15,428 [INFO] ThirdParty:1030 - CMSIS Pack Vendor :STMicroelectronics X-CUBE-FREERTOS 1.1.0
2025-05-19 21:20:15,429 [INFO] ThirdParty:1030 - CMSIS Pack Vendor :wolfSSL I-CUBE-wolfSSL 5.7.6
2025-05-19 21:20:15,429 [INFO] ThirdParty:1030 - CMSIS Pack Vendor :STMicroelectronics X-CUBE-TOUCHGFX 4.24.0
2025-05-19 21:20:15,429 [INFO] ThirdParty:1030 - CMSIS Pack Vendor :ITTIA_DB I-CUBE-ITTIADB 8.9.0
2025-05-19 21:20:15,429 [INFO] ThirdParty:1030 - CMSIS Pack Vendor :STMicroelectronics X-CUBE-TOUCHGFX 4.24.2
2025-05-19 21:20:15,429 [INFO] ThirdParty:1030 - CMSIS Pack Vendor :STMicroelectronics X-CUBE-AZRTOS-WL 1.0.0
2025-05-19 21:20:15,429 [INFO] ThirdParty:1030 - CMSIS Pack Vendor :STMicroelectronics X-CUBE-TOUCHGFX 4.24.1
2025-05-19 21:20:15,429 [INFO] ThirdParty:1030 - CMSIS Pack Vendor :wolfSSL I-CUBE-wolfTPM 3.4.0
2025-05-19 21:20:15,429 [INFO] ThirdParty:1030 - CMSIS Pack Vendor :portGmbH I-Cube-SoM-uGOAL 1.1.0
2025-05-19 21:20:15,429 [INFO] ThirdParty:1030 - CMSIS Pack Vendor :STMicroelectronics X-CUBE-ALS 1.0.1
2025-05-19 21:20:15,429 [INFO] ThirdParty:1030 - CMSIS Pack Vendor :STMicroelectronics ThreadX 1.0.0
2025-05-19 21:20:15,429 [INFO] ThirdParty:1030 - CMSIS Pack Vendor :STMicroelectronics X-CUBE-AZRTOS-WB 1.1.0
2025-05-19 21:20:15,429 [INFO] ThirdParty:1030 - CMSIS Pack Vendor :SEGGER I-CUBE-embOS 1.3.1
2025-05-19 21:20:15,429 [INFO] ThirdParty:1030 - CMSIS Pack Vendor :STMicroelectronics X-CUBE-ALGOBUILD 1.4.0
2025-05-19 21:20:15,429 [INFO] ThirdParty:1030 - CMSIS Pack Vendor :STMicroelectronics X-CUBE-AZRTOS-H7RS 1.0.0
2025-05-19 21:20:15,429 [INFO] ThirdParty:1030 - CMSIS Pack Vendor :STMicroelectronics FP-ATR-ASTRA1 2.0.0
2025-05-19 21:20:15,429 [INFO] ThirdParty:1030 - CMSIS Pack Vendor :STMicroelectronics X-CUBE-AI 9.1.0
2025-05-19 21:20:15,429 [INFO] ThirdParty:1030 - CMSIS Pack Vendor :STMicroelectronics X-CUBE-TOF1 3.4.0
2025-05-19 21:20:15,429 [INFO] ThirdParty:1030 - CMSIS Pack Vendor :STMicroelectronics X-CUBE-TOF1 3.4.1
2025-05-19 21:20:15,429 [INFO] ThirdParty:1030 - CMSIS Pack Vendor :STMicroelectronics X-CUBE-AZRTOS-H7 3.2.0
2025-05-19 21:20:15,429 [INFO] ThirdParty:1030 - CMSIS Pack Vendor :wolfSSL I-CUBE-wolfSSH 1.4.17
2025-05-19 21:20:15,429 [INFO] ThirdParty:841 - exiting critical section [change project]
2025-05-19 21:20:15,708 [INFO] PinOutPanel:1499 - setPackage(No Configuration,No Configuration)
2025-05-19 21:20:15,710 [INFO] PinOutPanel:1499 - setPackage(STM32F103CBTx,LQFP48)
2025-05-19 21:20:16,130 [INFO] UtilMem:75 - Before build in PCC Used Memory: 742738144 Bytes (1073741824)
2025-05-19 21:20:16,961 [INFO] UtilMem:75 - After build in PCC Used Memory: 814503800 Bytes (1073741824)
2025-05-19 21:20:16,986 [INFO] IPUIPlugin:80 - create IPUIPlugin
2025-05-19 21:20:16,986 [INFO] IPUIPlugin:80 - create IPUIPlugin
2025-05-19 21:20:16,986 [INFO] IPUIPlugin:80 - create IPUIPlugin
2025-05-19 21:20:16,986 [INFO] IPUIPlugin:80 - create IPUIPlugin
2025-05-19 21:20:16,986 [INFO] IPUIPlugin:80 - create IPUIPlugin
2025-05-19 21:20:16,987 [INFO] IPUIPlugin:80 - create IPUIPlugin
2025-05-19 21:20:16,987 [INFO] IPUIPlugin:80 - create IPUIPlugin
2025-05-19 21:20:16,987 [INFO] IPUIPlugin:80 - create IPUIPlugin
2025-05-19 21:20:16,987 [INFO] IPUIPlugin:80 - create IPUIPlugin
2025-05-19 21:20:16,987 [INFO] IPUIPlugin:80 - create IPUIPlugin
2025-05-19 21:20:16,987 [INFO] IPUIPlugin:80 - create IPUIPlugin
2025-05-19 21:20:16,987 [INFO] IPUIPlugin:80 - create IPUIPlugin
2025-05-19 21:20:16,987 [INFO] IPUIPlugin:80 - create IPUIPlugin
2025-05-19 21:20:16,988 [INFO] IPUIPlugin:80 - create IPUIPlugin
2025-05-19 21:20:16,988 [INFO] IPUIPlugin:80 - create IPUIPlugin
2025-05-19 21:20:16,988 [INFO] IPUIPlugin:80 - create IPUIPlugin
2025-05-19 21:20:16,988 [INFO] IPUIPlugin:80 - create IPUIPlugin
2025-05-19 21:20:16,988 [INFO] IPUIPlugin:80 - create IPUIPlugin
2025-05-19 21:20:16,988 [INFO] IPUIPlugin:80 - create IPUIPlugin
2025-05-19 21:20:16,989 [INFO] IPUIPlugin:80 - create IPUIPlugin
2025-05-19 21:20:16,989 [INFO] IPUIPlugin:80 - create IPUIPlugin
2025-05-19 21:20:16,989 [INFO] IPUIPlugin:80 - create IPUIPlugin
2025-05-19 21:20:16,989 [INFO] IPUIPlugin:80 - create IPUIPlugin
2025-05-19 21:20:16,989 [INFO] IPUIPlugin:80 - create IPUIPlugin
2025-05-19 21:20:16,990 [INFO] IPUIPlugin:80 - create IPUIPlugin
2025-05-19 21:20:16,990 [INFO] IPUIPlugin:80 - create IPUIPlugin
2025-05-19 21:20:16,990 [INFO] IPUIPlugin:80 - create IPUIPlugin
2025-05-19 21:20:17,241 [INFO] CADModel:165 - CPN selected for project levelSTM32F103CBT6
2025-05-19 21:20:17,241 [INFO] CADModel:114 - Register for checkConnection events
2025-05-19 21:20:17,309 [INFO] OpenFileManager:328 - Restore cursor
2025-05-19 21:20:53,163 [INFO] UtilMem:75 - End SaveConfig() Used Memory: 924593416 Bytes (1073741824)
2025-05-19 21:20:53,619 [INFO] BlockDiagram:2759 - set Specific Code input for plugin: NVIC
2025-05-19 21:20:53,619 [INFO] BlockDiagram:2759 - set Specific Code input for plugin: USART
2025-05-19 21:20:53,619 [INFO] BlockDiagram:2759 - set Specific Code input for plugin: USART
2025-05-19 21:20:53,619 [INFO] BlockDiagram:2759 - set Specific Code input for plugin: SYS
2025-05-19 21:20:53,620 [INFO] BlockDiagram:2759 - set Specific Code input for plugin: GPIO
2025-05-19 21:20:53,620 [INFO] BlockDiagram:2759 - set Specific Code input for plugin: RCC
2025-05-19 21:20:53,621 [INFO] CodeGenerator:799 - code generatio: config db path: D:\ITC\STM32\STM32CubeIDE_1.13.0\STM32CubeIDE\plugins\com.st.stm32cube.common.mx_6.9.0.202307051724\\db\
2025-05-19 21:20:53,890 [INFO] CodeEngine:255 - oldGeneratedFile, D:\AIFARM\STM32_GREENB\stm32f103_nethouse\MXTmpFiles\license.tmp_save
2025-05-19 21:20:54,179 [INFO] CodeEngine:279 - Generated code: D:\AIFARM\STM32_GREENB\stm32f103_nethouse\MXTmpFiles\license.tmp
2025-05-19 21:20:54,295 [INFO] CodeEngine:255 - oldGeneratedFile, D:\AIFARM\STM32_GREENB\stm32f103_nethouse\MXTmpFiles\gpio.tmp_save
2025-05-19 21:20:54,411 [INFO] CodeEngine:279 - Generated code: D:\AIFARM\STM32_GREENB\stm32f103_nethouse\MXTmpFiles\gpio.tmp
2025-05-19 21:20:54,527 [INFO] CodeEngine:255 - oldGeneratedFile, D:\AIFARM\STM32_GREENB\stm32f103_nethouse\Core\Src\stm32f1xx_it.c_save
2025-05-19 21:20:54,653 [INFO] CodeEngine:279 - Generated code: D:\AIFARM\STM32_GREENB\stm32f103_nethouse\Core\Src\stm32f1xx_it.c
2025-05-19 21:20:54,676 [INFO] CodeEngine:255 - oldGeneratedFile, D:\AIFARM\STM32_GREENB\stm32f103_nethouse\Core\Inc\stm32f1xx_it.h_save
2025-05-19 21:20:54,768 [INFO] CodeEngine:279 - Generated code: D:\AIFARM\STM32_GREENB\stm32f103_nethouse\Core\Inc\stm32f1xx_it.h
2025-05-19 21:20:54,799 [INFO] CodeEngine:255 - oldGeneratedFile, D:\AIFARM\STM32_GREENB\stm32f103_nethouse\Core\Src\stm32f1xx_hal_msp.c_save
2025-05-19 21:20:54,923 [INFO] CodeEngine:279 - Generated code: D:\AIFARM\STM32_GREENB\stm32f103_nethouse\Core\Src\stm32f1xx_hal_msp.c
2025-05-19 21:20:54,935 [INFO] CodeEngine:255 - oldGeneratedFile, D:\AIFARM\STM32_GREENB\stm32f103_nethouse\MXTmpFiles\system.tmp_save
2025-05-19 21:20:55,000 [INFO] CodeEngine:279 - Generated code: D:\AIFARM\STM32_GREENB\stm32f103_nethouse\MXTmpFiles\system.tmp
2025-05-19 21:20:55,026 [INFO] CodeEngine:311 - oldGeneratedFile, D:\AIFARM\STM32_GREENB\stm32f103_nethouse\Core\Inc\stm32f1xx_hal_conf.h_save
2025-05-19 21:20:55,125 [INFO] CodeEngine:335 - Generated code: D:\AIFARM\STM32_GREENB\stm32f103_nethouse\Core\Inc\stm32f1xx_hal_conf.h
2025-05-19 21:20:55,180 [INFO] CodeEngine:255 - oldGeneratedFile, D:\AIFARM\STM32_GREENB\stm32f103_nethouse\Core\Inc\main.h_save
2025-05-19 21:20:55,275 [INFO] CodeEngine:279 - Generated code: D:\AIFARM\STM32_GREENB\stm32f103_nethouse\Core\Inc\main.h
2025-05-19 21:20:55,301 [INFO] CodeEngine:255 - oldGeneratedFile, D:\AIFARM\STM32_GREENB\stm32f103_nethouse\Core\Src\main.c_save
2025-05-19 21:20:55,442 [INFO] CodeEngine:279 - Generated code: D:\AIFARM\STM32_GREENB\stm32f103_nethouse\Core\Src\main.c
2025-05-19 21:20:56,215 [INFO] ProjectBuilder:3064 - Time for Copy HAL[1] : 246mS.
2025-05-19 21:20:56,221 [INFO] ProjectBuilder:4404 - Project Generator version: 4.1.0
2025-05-19 21:20:56,411 [INFO] ConfigFileManager:1457 - The Die is : DIE410
2025-05-19 21:20:56,430 [INFO] ApiDbMcu:507 - Load IP Config File for FATFS
2025-05-19 21:20:56,473 [INFO] ApiDbMcu:507 - Load IP Config File for FREERTOS
2025-05-19 21:20:56,490 [INFO] ApiDbMcu:507 - Load IP Config File for USB_DEVICE
2025-05-19 21:20:57,646 [INFO] LogOutputStream:77 - [STDOUT_REDIRECT] 
2025-05-19 21:20:59,252 [INFO] ProjectBuilder:4626 - Time for Generating toolchain IDE Files: 3031mS.
2025-05-19 21:20:59,253 [INFO] ProjectBuilder:2935 - Time for Copy CMSIS : 1mS.
2025-05-19 21:20:59,255 [INFO] ProjectBuilder:2935 - Time for Copy CMSIS : 0mS.
2025-05-19 21:25:08,095 [WARN] IP:2114 - I2C_Coeff_DF not found: check if there is a RefParameter without a condition.
2025-05-19 21:25:08,095 [WARN] IP:2114 - Analog_Filter not found: check if there is a RefParameter without a condition.
2025-05-19 21:25:08,110 [WARN] IP:2114 - I2C_Coeff_DF not found: check if there is a RefParameter without a condition.
2025-05-19 21:25:08,110 [WARN] IP:2114 - Analog_Filter not found: check if there is a RefParameter without a condition.
2025-05-19 21:25:08,110 [WARN] IP:2114 - I2C_Coeff_DF not found: check if there is a RefParameter without a condition.
2025-05-19 21:25:08,110 [WARN] IP:2114 - Analog_Filter not found: check if there is a RefParameter without a condition.
2025-05-19 21:25:08,212 [WARN] IP:2114 - I2C_Coeff_DF not found: check if there is a RefParameter without a condition.
2025-05-19 21:25:08,212 [WARN] IP:2114 - Analog_Filter not found: check if there is a RefParameter without a condition.
2025-05-19 21:25:08,213 [WARN] IP:2114 - I2C_Coeff_DF not found: check if there is a RefParameter without a condition.
2025-05-19 21:25:08,213 [WARN] IP:2114 - Analog_Filter not found: check if there is a RefParameter without a condition.
2025-05-19 21:25:17,038 [INFO] UtilMem:75 - End SaveConfig() Used Memory: 834077888 Bytes (1073741824)
2025-05-19 21:25:17,487 [INFO] UtilMem:75 - End SaveConfig() Used Memory: 885458112 Bytes (1073741824)
2025-05-19 21:25:17,762 [INFO] BlockDiagram:2759 - set Specific Code input for plugin: NVIC
2025-05-19 21:25:17,763 [INFO] BlockDiagram:2759 - set Specific Code input for plugin: USART
2025-05-19 21:25:17,763 [INFO] BlockDiagram:2759 - set Specific Code input for plugin: USART
2025-05-19 21:25:17,763 [INFO] BlockDiagram:2759 - set Specific Code input for plugin: SYS
2025-05-19 21:25:17,764 [INFO] BlockDiagram:2759 - set Specific Code input for plugin: GPIO
2025-05-19 21:25:17,764 [INFO] BlockDiagram:2759 - set Specific Code input for plugin: RCC
2025-05-19 21:25:17,764 [INFO] BlockDiagram:2759 - set Specific Code input for plugin: I2C
2025-05-19 21:25:17,765 [INFO] CodeGenerator:799 - code generatio: config db path: D:\ITC\STM32\STM32CubeIDE_1.13.0\STM32CubeIDE\plugins\com.st.stm32cube.common.mx_6.9.0.202307051724\\db\
2025-05-19 21:25:17,766 [WARN] IP:2114 - I2C_Coeff_DF not found: check if there is a RefParameter without a condition.
2025-05-19 21:25:17,766 [WARN] IP:2114 - Analog_Filter not found: check if there is a RefParameter without a condition.
2025-05-19 21:25:17,924 [INFO] CodeEngine:255 - oldGeneratedFile, D:\AIFARM\STM32_GREENB\stm32f103_nethouse\MXTmpFiles\license.tmp_save
2025-05-19 21:25:18,047 [INFO] CodeEngine:279 - Generated code: D:\AIFARM\STM32_GREENB\stm32f103_nethouse\MXTmpFiles\license.tmp
2025-05-19 21:25:18,068 [INFO] CodeEngine:255 - oldGeneratedFile, D:\AIFARM\STM32_GREENB\stm32f103_nethouse\MXTmpFiles\gpio.tmp_save
2025-05-19 21:25:18,149 [INFO] CodeEngine:279 - Generated code: D:\AIFARM\STM32_GREENB\stm32f103_nethouse\MXTmpFiles\gpio.tmp
2025-05-19 21:25:18,261 [INFO] CodeEngine:255 - oldGeneratedFile, D:\AIFARM\STM32_GREENB\stm32f103_nethouse\Core\Src\stm32f1xx_it.c_save
2025-05-19 21:25:18,329 [INFO] CodeEngine:279 - Generated code: D:\AIFARM\STM32_GREENB\stm32f103_nethouse\Core\Src\stm32f1xx_it.c
2025-05-19 21:25:18,333 [INFO] CodeEngine:255 - oldGeneratedFile, D:\AIFARM\STM32_GREENB\stm32f103_nethouse\Core\Inc\stm32f1xx_it.h_save
2025-05-19 21:25:18,395 [INFO] CodeEngine:279 - Generated code: D:\AIFARM\STM32_GREENB\stm32f103_nethouse\Core\Inc\stm32f1xx_it.h
2025-05-19 21:25:18,411 [INFO] CodeEngine:255 - oldGeneratedFile, D:\AIFARM\STM32_GREENB\stm32f103_nethouse\Core\Src\stm32f1xx_hal_msp.c_save
2025-05-19 21:25:18,513 [INFO] CodeEngine:279 - Generated code: D:\AIFARM\STM32_GREENB\stm32f103_nethouse\Core\Src\stm32f1xx_hal_msp.c
2025-05-19 21:25:18,516 [INFO] CodeEngine:255 - oldGeneratedFile, D:\AIFARM\STM32_GREENB\stm32f103_nethouse\MXTmpFiles\system.tmp_save
2025-05-19 21:25:18,574 [INFO] CodeEngine:279 - Generated code: D:\AIFARM\STM32_GREENB\stm32f103_nethouse\MXTmpFiles\system.tmp
2025-05-19 21:25:18,598 [INFO] CodeEngine:311 - oldGeneratedFile, D:\AIFARM\STM32_GREENB\stm32f103_nethouse\Core\Inc\stm32f1xx_hal_conf.h_save
2025-05-19 21:25:18,677 [INFO] CodeEngine:335 - Generated code: D:\AIFARM\STM32_GREENB\stm32f103_nethouse\Core\Inc\stm32f1xx_hal_conf.h
2025-05-19 21:25:18,721 [INFO] CodeEngine:255 - oldGeneratedFile, D:\AIFARM\STM32_GREENB\stm32f103_nethouse\Core\Inc\main.h_save
2025-05-19 21:25:18,787 [INFO] CodeEngine:279 - Generated code: D:\AIFARM\STM32_GREENB\stm32f103_nethouse\Core\Inc\main.h
2025-05-19 21:25:18,802 [INFO] CodeEngine:255 - oldGeneratedFile, D:\AIFARM\STM32_GREENB\stm32f103_nethouse\Core\Src\main.c_save
2025-05-19 21:25:18,906 [INFO] CodeEngine:279 - Generated code: D:\AIFARM\STM32_GREENB\stm32f103_nethouse\Core\Src\main.c
2025-05-19 21:25:19,473 [INFO] ProjectBuilder:3064 - Time for Copy HAL[1] : 159mS.
2025-05-19 21:25:19,475 [INFO] ProjectBuilder:4404 - Project Generator version: 4.1.0
2025-05-19 21:25:19,707 [INFO] ConfigFileManager:1457 - The Die is : DIE410
2025-05-19 21:25:21,221 [INFO] ProjectBuilder:4626 - Time for Generating toolchain IDE Files: 1746mS.
2025-05-19 21:25:21,222 [INFO] ProjectBuilder:2935 - Time for Copy CMSIS : 1mS.
2025-05-19 21:25:21,224 [INFO] ProjectBuilder:2935 - Time for Copy CMSIS : 0mS.
