2025-06-06 08:58:52,963 [INFO] Activator:176 - 


2025-06-06 08:58:52,968 [INFO] Activator:177 - !SESSION log4j initialized
2025-06-06 08:59:00,774 [INFO] LogOutputStream:77 - [STDOUT_REDIRECT] 
2025-06-06 08:59:04,706 [INFO] ApplicationProperties:184 - Using Application install path: D:\ITC\STM32\STM32CubeIDE_1.13.0\STM32CubeIDE\plugins\com.st.stm32cube.common.mx_6.9.0.202307051724
2025-06-06 08:59:04,725 [INFO] DbMcusXml:78 - Set database path to: D:\ITC\STM32\STM32CubeIDE_1.13.0\STM32CubeIDE\plugins\com.st.stm32cube.common.mx_6.9.0.202307051724\\db\/mcu/
2025-06-06 08:59:04,726 [INFO] ApiDb:274 - Set plugin database path to: D:\ITC\STM32\STM32CubeIDE_1.13.0\STM32CubeIDE\plugins\com.st.stm32cube.common.mx_6.9.0.202307051724\\db\/plugins/boardmanager/
2025-06-06 08:59:04,726 [WARN] ApiDb:259 - Overriding images path with different value:  => D:\ITC\STM32\STM32CubeIDE_1.13.0\STM32CubeIDE\plugins\com.st.stm32cube.common.mx_6.9.0.202307051724\\db\/plugins/mcufinder/images/
2025-06-06 08:59:04,740 [INFO] ApiDb:250 - Set database path to: C:\Users\msi1\.stmcufinder\plugins\mcufinder//mcu/
2025-06-06 08:59:04,743 [INFO] DbMcusAds:125 - Set database path to: C:\Users\msi1\.stmcufinder\plugins\mcufinder//mcu/
2025-06-06 08:59:04,745 [INFO] CrossReferenceDbSqlite:203 - Set database path to: C:\Users\msi1\.stmcufinder\plugins\mcufinder//mcu/cs/
2025-06-06 08:59:04,860 [INFO] RulesReader:64 - Compatibility file has been processed (293 Rules)
2025-06-06 08:59:04,940 [INFO] DbMcusXml:78 - Set database path to: D:\ITC\STM32\STM32CubeIDE_1.13.0\STM32CubeIDE\plugins\com.st.stm32cube.common.mx_6.9.0.202307051724\\db\/mcu/
2025-06-06 08:59:04,941 [INFO] ApiDb:274 - Set plugin database path to: D:\ITC\STM32\STM32CubeIDE_1.13.0\STM32CubeIDE\plugins\com.st.stm32cube.common.mx_6.9.0.202307051724\\db\/plugins/boardmanager/
2025-06-06 08:59:04,941 [INFO] ApiDb:261 - Set plugin images path to: D:\ITC\STM32\STM32CubeIDE_1.13.0\STM32CubeIDE\plugins\com.st.stm32cube.common.mx_6.9.0.202307051724\\db\/plugins/mcufinder/images/
2025-06-06 08:59:04,941 [WARN] DbFile:41 - Overriding database path with different value: C:\Users\msi1\.stmcufinder\plugins\mcufinder/ => C:\Users\msi1\.stmcufinder\plugins\mcufinder
2025-06-06 08:59:04,941 [INFO] ApiDb:250 - Set database path to: C:\Users\msi1\.stmcufinder\plugins\mcufinder//mcu/
2025-06-06 08:59:04,941 [WARN] DbFile:41 - Overriding database path with different value: C:\Users\msi1\.stmcufinder\plugins\mcufinder/ => C:\Users\msi1\.stmcufinder\plugins\mcufinder
2025-06-06 08:59:04,941 [INFO] DbMcusAds:125 - Set database path to: C:\Users\msi1\.stmcufinder\plugins\mcufinder//mcu/
2025-06-06 08:59:04,941 [WARN] DbFile:41 - Overriding database path with different value: C:\Users\msi1\.stmcufinder\plugins\mcufinder/ => C:\Users\msi1\.stmcufinder\plugins\mcufinder
2025-06-06 08:59:04,941 [WARN] DbFile:41 - Overriding database path with different value: C:\Users\msi1\.stmcufinder\plugins\mcufinder/ => C:\Users\msi1\.stmcufinder\plugins\mcufinder
2025-06-06 08:59:04,941 [INFO] CrossReferenceDbSqlite:203 - Set database path to: C:\Users\msi1\.stmcufinder\plugins\mcufinder//mcu/cs/
2025-06-06 08:59:05,016 [INFO] MainPanel:262 - HeapMemory: 268435456
2025-06-06 08:59:05,117 [INFO] DbMcusXml:78 - Set database path to: D:\ITC\STM32\STM32CubeIDE_1.13.0\STM32CubeIDE\plugins\com.st.stm32cube.common.mx_6.9.0.202307051724\\db\/mcu/
2025-06-06 08:59:05,117 [INFO] ApiDb:274 - Set plugin database path to: D:\ITC\STM32\STM32CubeIDE_1.13.0\STM32CubeIDE\plugins\com.st.stm32cube.common.mx_6.9.0.202307051724\\db\/plugins/boardmanager/
2025-06-06 08:59:05,118 [INFO] ApiDb:261 - Set plugin images path to: D:\ITC\STM32\STM32CubeIDE_1.13.0\STM32CubeIDE\plugins\com.st.stm32cube.common.mx_6.9.0.202307051724\\db\/plugins/mcufinder/images/
2025-06-06 08:59:05,118 [WARN] DbFile:41 - Overriding database path with different value: C:\Users\msi1\.stmcufinder\plugins\mcufinder/ => C:\Users\msi1\.stmcufinder\plugins\mcufinder
2025-06-06 08:59:05,118 [INFO] ApiDb:250 - Set database path to: C:\Users\msi1\.stmcufinder\plugins\mcufinder//mcu/
2025-06-06 08:59:05,118 [WARN] DbFile:41 - Overriding database path with different value: C:\Users\msi1\.stmcufinder\plugins\mcufinder/ => C:\Users\msi1\.stmcufinder\plugins\mcufinder
2025-06-06 08:59:05,118 [INFO] DbMcusAds:125 - Set database path to: C:\Users\msi1\.stmcufinder\plugins\mcufinder//mcu/
2025-06-06 08:59:05,118 [WARN] DbFile:41 - Overriding database path with different value: C:\Users\msi1\.stmcufinder\plugins\mcufinder/ => C:\Users\msi1\.stmcufinder\plugins\mcufinder
2025-06-06 08:59:05,118 [WARN] DbFile:41 - Overriding database path with different value: C:\Users\msi1\.stmcufinder\plugins\mcufinder/ => C:\Users\msi1\.stmcufinder\plugins\mcufinder
2025-06-06 08:59:05,118 [INFO] CrossReferenceDbSqlite:203 - Set database path to: C:\Users\msi1\.stmcufinder\plugins\mcufinder//mcu/cs/
2025-06-06 08:59:05,136 [INFO] ApplicationProperties:184 - Using Application install path: D:\ITC\STM32\STM32CubeIDE_1.13.0\STM32CubeIDE\plugins\com.st.stm32cube.common.mx_6.9.0.202307051724
2025-06-06 08:59:05,137 [INFO] PluginManage:196 - Search for loadable plugins [exclusion list=, ]
2025-06-06 08:59:05,138 [INFO] PluginManage:310 - Check plugin analytics
2025-06-06 08:59:05,269 [INFO] AnalyticsPlugin:253 - Accepted Software Licenses: 
2025-06-06 08:59:05,269 [INFO] AnalyticsPlugin:255 - Accepted CMSIS Pack Licenses: 
2025-06-06 08:59:05,270 [INFO] AnalyticsPlugin:257 - Accepted Firmware Licenses: FW.F4.1.27.0
2025-06-06 08:59:05,272 [INFO] PluginManage:359 - Loaded plugin analytics (category:tool,tabindex:-1)
2025-06-06 08:59:05,272 [INFO] PluginManage:310 - Check plugin cadmodel
2025-06-06 08:59:05,289 [INFO] CADModel:105 - Init CAD model plugin
2025-06-06 08:59:05,289 [INFO] PluginManage:359 - Loaded plugin cadmodel (category:power,tabindex:5)
2025-06-06 08:59:05,289 [INFO] PluginManage:310 - Check plugin clock
2025-06-06 08:59:05,308 [INFO] PluginManage:359 - Loaded plugin clock (category:base,tabindex:2)
2025-06-06 08:59:05,309 [INFO] PluginManage:310 - Check plugin ddr
2025-06-06 08:59:05,310 [INFO] PluginManage:359 - Loaded plugin ddr (category:tool,tabindex:6)
2025-06-06 08:59:05,310 [INFO] PluginManage:310 - Check plugin filemanager
2025-06-06 08:59:05,446 [INFO] PluginManage:359 - Loaded plugin filemanager (category:base,tabindex:10)
2025-06-06 08:59:05,447 [INFO] PluginManage:310 - Check plugin ipmanager
2025-06-06 08:59:05,459 [INFO] PluginManage:359 - Loaded plugin ipmanager (category:base,tabindex:5)
2025-06-06 08:59:05,459 [INFO] PluginManage:310 - Check plugin lpbam
2025-06-06 08:59:05,489 [INFO] PluginManage:359 - Loaded plugin lpbam (category:base,tabindex:0)
2025-06-06 08:59:05,489 [INFO] PluginManage:310 - Check plugin memorymap
2025-06-06 08:59:05,531 [INFO] PluginManage:359 - Loaded plugin memorymap (category:base,tabindex:4)
2025-06-06 08:59:05,531 [INFO] PluginManage:310 - Check plugin pinoutandconfiguration
2025-06-06 08:59:05,553 [INFO] PluginManage:359 - Loaded plugin pinoutandconfiguration (category:base,tabindex:1)
2025-06-06 08:59:05,553 [INFO] PluginManage:310 - Check plugin pinoutconfig
2025-06-06 08:59:05,659 [WARN] SupportedApi:132 - Cannot load RTOS API schema: s4s-elt-must-match.1: The content of 'definitions' must match (annotation?, (simpleType | complexType)?, (unique | key | keyref)*)). A problem was found starting at: attribute.
2025-06-06 08:59:05,784 [INFO] PluginManage:359 - Loaded plugin pinoutconfig (category:base,tabindex:0)
2025-06-06 08:59:05,784 [INFO] PluginManage:310 - Check plugin power
2025-06-06 08:59:05,811 [INFO] PluginManage:359 - Loaded plugin power (category:power,tabindex:4)
2025-06-06 08:59:05,811 [INFO] PluginManage:310 - Check plugin projectmanager
2025-06-06 08:59:05,824 [INFO] PluginManage:359 - Loaded plugin projectmanager (category:projectmanager,tabindex:3)
2025-06-06 08:59:05,824 [INFO] PluginManage:310 - Check plugin thirdparty
2025-06-06 08:59:06,139 [WARN] IntegrityCheckThread:84 - waiting for thirdparty lock release [integrity check]
2025-06-06 08:59:06,139 [INFO] PluginManage:359 - Loaded plugin thirdparty (category:base,tabindex:-1)
2025-06-06 08:59:06,139 [INFO] IntegrityCheckThread:86 - entering critical section [integrity check]
2025-06-06 08:59:06,139 [INFO] PluginManage:310 - Check plugin tools
2025-06-06 08:59:06,140 [INFO] ThirdPartyUpdaterWithRetryManager:70 - Updater plugin not ready yet. [1/15]
2025-06-06 08:59:06,179 [INFO] PluginManage:359 - Loaded plugin tools (category:base,tabindex:7)
2025-06-06 08:59:06,179 [INFO] PluginManage:310 - Check plugin tutovideos
2025-06-06 08:59:06,384 [INFO] PluginManage:359 - Loaded plugin tutovideos (category:base,tabindex:-1)
2025-06-06 08:59:06,384 [INFO] PluginManage:310 - Check plugin updater
2025-06-06 08:59:06,395 [INFO] PluginManage:359 - Loaded plugin updater (category:base,tabindex:12)
2025-06-06 08:59:06,395 [INFO] PluginManage:310 - Check plugin userauth
2025-06-06 08:59:06,401 [INFO] UserAuth:113 - Init User Auth plugin
2025-06-06 08:59:06,401 [INFO] PluginManage:359 - Loaded plugin userauth (category:base,tabindex:14)
2025-06-06 08:59:06,402 [INFO] PluginManage:283 - PluginManage : Loaded plugins [17]
2025-06-06 08:59:06,602 [INFO] PinOutPanel:1499 - setPackage(No Configuration,No Configuration)
2025-06-06 08:59:06,699 [INFO] CADModel:165 - CPN selected for project level
2025-06-06 08:59:06,699 [INFO] CADModel:114 - Register for checkConnection events
2025-06-06 08:59:06,729 [INFO] IPUIPlugin:80 - create IPUIPlugin
2025-06-06 08:59:06,729 [INFO] PluginManager:220 - loadIPPluginJar : add adc
2025-06-06 08:59:06,769 [INFO] IPUIPlugin:80 - create IPUIPlugin
2025-06-06 08:59:06,769 [INFO] PluginManager:220 - loadIPPluginJar : add aes
2025-06-06 08:59:06,815 [INFO] IPUIPlugin:80 - create IPUIPlugin
2025-06-06 08:59:06,815 [INFO] PluginManager:220 - loadIPPluginJar : add can
2025-06-06 08:59:06,843 [INFO] IPUIPlugin:80 - create IPUIPlugin
2025-06-06 08:59:06,843 [INFO] PluginManager:220 - loadIPPluginJar : add comp
2025-06-06 08:59:06,881 [INFO] IPUIPlugin:80 - create IPUIPlugin
2025-06-06 08:59:06,881 [INFO] PluginManager:220 - loadIPPluginJar : add cryp
2025-06-06 08:59:06,915 [INFO] IPUIPlugin:80 - create IPUIPlugin
2025-06-06 08:59:06,916 [INFO] PluginManager:220 - loadIPPluginJar : add dfsdm
2025-06-06 08:59:06,931 [INFO] IPUIPlugin:80 - create IPUIPlugin
2025-06-06 08:59:06,932 [INFO] PluginManager:220 - loadIPPluginJar : add dma
2025-06-06 08:59:06,981 [INFO] IPUIPlugin:80 - create IPUIPlugin
2025-06-06 08:59:06,982 [INFO] PluginManager:220 - loadIPPluginJar : add dma3
2025-06-06 08:59:07,008 [INFO] IPUIPlugin:80 - create IPUIPlugin
2025-06-06 08:59:07,008 [INFO] PluginManager:220 - loadIPPluginJar : add fatfs
2025-06-06 08:59:07,058 [INFO] IPUIPlugin:80 - create IPUIPlugin
2025-06-06 08:59:07,058 [INFO] PluginManager:220 - loadIPPluginJar : add fmc
2025-06-06 08:59:07,075 [INFO] IPUIPlugin:80 - create IPUIPlugin
2025-06-06 08:59:07,075 [INFO] PluginManager:220 - loadIPPluginJar : add freertos
2025-06-06 08:59:07,099 [INFO] IPUIPlugin:80 - create IPUIPlugin
2025-06-06 08:59:07,100 [INFO] PluginManager:220 - loadIPPluginJar : add genericplugin
2025-06-06 08:59:07,200 [INFO] IPUIPlugin:80 - create IPUIPlugin
2025-06-06 08:59:07,200 [INFO] PluginManager:220 - loadIPPluginJar : add gfxmmu
2025-06-06 08:59:07,341 [INFO] IPUIPlugin:80 - create IPUIPlugin
2025-06-06 08:59:07,342 [INFO] PluginManager:220 - loadIPPluginJar : add gic
2025-06-06 08:59:07,355 [INFO] IPUIPlugin:80 - create IPUIPlugin
2025-06-06 08:59:07,355 [INFO] PluginManager:220 - loadIPPluginJar : add gpio
2025-06-06 08:59:07,453 [INFO] IPUIPlugin:80 - create IPUIPlugin
2025-06-06 08:59:07,453 [INFO] PluginManager:220 - loadIPPluginJar : add gtzc
2025-06-06 08:59:07,490 [INFO] IPUIPlugin:80 - create IPUIPlugin
2025-06-06 08:59:07,490 [INFO] PluginManager:220 - loadIPPluginJar : add hash
2025-06-06 08:59:07,553 [INFO] IPUIPlugin:80 - create IPUIPlugin
2025-06-06 08:59:07,553 [INFO] PluginManager:220 - loadIPPluginJar : add i2c
2025-06-06 08:59:07,595 [INFO] IPUIPlugin:80 - create IPUIPlugin
2025-06-06 08:59:07,595 [INFO] PluginManager:220 - loadIPPluginJar : add i2s
2025-06-06 08:59:07,641 [INFO] IPUIPlugin:80 - create IPUIPlugin
2025-06-06 08:59:07,641 [INFO] PluginManager:220 - loadIPPluginJar : add i3c
2025-06-06 08:59:07,749 [INFO] IPUIPlugin:80 - create IPUIPlugin
2025-06-06 08:59:07,749 [INFO] PluginManager:220 - loadIPPluginJar : add ipddr
2025-06-06 08:59:07,849 [INFO] IPUIPlugin:80 - create IPUIPlugin
2025-06-06 08:59:07,849 [INFO] PluginManager:220 - loadIPPluginJar : add linkedlist
2025-06-06 08:59:07,890 [INFO] IPUIPlugin:80 - create IPUIPlugin
2025-06-06 08:59:07,890 [INFO] PluginManager:220 - loadIPPluginJar : add lorawan
2025-06-06 08:59:07,933 [INFO] IPUIPlugin:80 - create IPUIPlugin
2025-06-06 08:59:07,934 [INFO] PluginManager:220 - loadIPPluginJar : add ltdc
2025-06-06 08:59:07,950 [INFO] IPUIPlugin:80 - create IPUIPlugin
2025-06-06 08:59:07,950 [INFO] PluginManager:220 - loadIPPluginJar : add mdma
2025-06-06 08:59:07,964 [INFO] IPUIPlugin:80 - create IPUIPlugin
2025-06-06 08:59:07,965 [INFO] PluginManager:220 - loadIPPluginJar : add nvic
2025-06-06 08:59:08,006 [INFO] IPUIPlugin:80 - create IPUIPlugin
2025-06-06 08:59:08,006 [INFO] PluginManager:220 - loadIPPluginJar : add opamp
2025-06-06 08:59:08,077 [INFO] IPUIPlugin:80 - create IPUIPlugin
2025-06-06 08:59:08,078 [INFO] PluginManager:220 - loadIPPluginJar : add openamp
2025-06-06 08:59:08,126 [INFO] IPUIPlugin:80 - create IPUIPlugin
2025-06-06 08:59:08,126 [INFO] PluginManager:220 - loadIPPluginJar : add pdm2pcm
2025-06-06 08:59:08,142 [INFO] IPUIPlugin:80 - create IPUIPlugin
2025-06-06 08:59:08,144 [INFO] PluginManager:220 - loadIPPluginJar : add plateformsettings
2025-06-06 08:59:08,172 [INFO] IPUIPlugin:80 - create IPUIPlugin
2025-06-06 08:59:08,173 [INFO] PluginManager:220 - loadIPPluginJar : add quadspi
2025-06-06 08:59:08,189 [INFO] IPUIPlugin:80 - create IPUIPlugin
2025-06-06 08:59:08,189 [INFO] PluginManager:220 - loadIPPluginJar : add resmgrutility
2025-06-06 08:59:08,239 [INFO] IPUIPlugin:80 - create IPUIPlugin
2025-06-06 08:59:08,239 [INFO] PluginManager:220 - loadIPPluginJar : add sai
2025-06-06 08:59:08,282 [INFO] IPUIPlugin:80 - create IPUIPlugin
2025-06-06 08:59:08,282 [INFO] PluginManager:220 - loadIPPluginJar : add spi
2025-06-06 08:59:08,341 [INFO] IPUIPlugin:80 - create IPUIPlugin
2025-06-06 08:59:08,341 [INFO] PluginManager:220 - loadIPPluginJar : add stm32_wpan
2025-06-06 08:59:08,368 [INFO] IPUIPlugin:80 - create IPUIPlugin
2025-06-06 08:59:08,369 [INFO] PluginManager:220 - loadIPPluginJar : add tim
2025-06-06 08:59:08,426 [INFO] IPUIPlugin:80 - create IPUIPlugin
2025-06-06 08:59:08,426 [INFO] PluginManager:220 - loadIPPluginJar : add touchsensing
2025-06-06 08:59:08,454 [INFO] IPUIPlugin:80 - create IPUIPlugin
2025-06-06 08:59:08,455 [INFO] PluginManager:220 - loadIPPluginJar : add tracer_emb
2025-06-06 08:59:08,482 [INFO] IPUIPlugin:80 - create IPUIPlugin
2025-06-06 08:59:08,482 [INFO] PluginManager:220 - loadIPPluginJar : add ts
2025-06-06 08:59:08,508 [INFO] IPUIPlugin:80 - create IPUIPlugin
2025-06-06 08:59:08,508 [INFO] PluginManager:220 - loadIPPluginJar : add tsc
2025-06-06 08:59:08,533 [INFO] IPUIPlugin:80 - create IPUIPlugin
2025-06-06 08:59:08,533 [INFO] PluginManager:220 - loadIPPluginJar : add ucpd
2025-06-06 08:59:08,583 [INFO] IPUIPlugin:80 - create IPUIPlugin
2025-06-06 08:59:08,584 [INFO] PluginManager:220 - loadIPPluginJar : add usart
2025-06-06 08:59:08,637 [INFO] IPUIPlugin:80 - create IPUIPlugin
2025-06-06 08:59:08,637 [INFO] PluginManager:220 - loadIPPluginJar : add usbx
2025-06-06 08:59:08,757 [INFO] CADModel:165 - CPN selected for project level
2025-06-06 08:59:08,757 [INFO] CADModel:114 - Register for checkConnection events
2025-06-06 08:59:08,757 [FATAL] Updater:308 - Updater called before beeing initialized
2025-06-06 08:59:08,757 [ERROR] CADModel:125 - Updater not yet initialized, retry later 
2025-06-06 08:59:08,900 [INFO] CADModel:165 - CPN selected for project level
2025-06-06 08:59:08,900 [INFO] CADModel:114 - Register for checkConnection events
2025-06-06 08:59:08,901 [FATAL] Updater:308 - Updater called before beeing initialized
2025-06-06 08:59:08,901 [ERROR] CADModel:125 - Updater not yet initialized, retry later 
2025-06-06 08:59:08,904 [FATAL] Updater:308 - Updater called before beeing initialized
2025-06-06 08:59:08,988 [FATAL] Updater:308 - Updater called before beeing initialized
2025-06-06 08:59:09,000 [INFO] DbMcusAds:53 - JSON generation date=Wed May 07 16:07:55 ICT 2025 (1746608875679)
2025-06-06 08:59:09,000 [FATAL] Updater:308 - Updater called before beeing initialized
2025-06-06 08:59:09,085 [WARN] DetailPanel:346 - Failed to get advertising image, set to default
2025-06-06 08:59:09,141 [INFO] ThirdPartyUpdaterWithRetryManager:70 - Updater plugin not ready yet. [2/15]
2025-06-06 08:59:09,163 [FATAL] Updater:308 - Updater called before beeing initialized
2025-06-06 08:59:09,165 [FATAL] Updater:308 - Updater called before beeing initialized
2025-06-06 08:59:09,165 [FATAL] Updater:308 - Updater called before beeing initialized
2025-06-06 08:59:09,165 [WARN] DetailPanel:346 - Failed to get advertising image, set to default
2025-06-06 08:59:09,166 [FATAL] Updater:308 - Updater called before beeing initialized
2025-06-06 08:59:09,223 [ERROR] Updater:1120 - MainUpdater not yet initialized. External WinMGr cannot be set.
2025-06-06 08:59:09,234 [INFO] Updater:1056 - Updater Version found : 6.9.0
2025-06-06 08:59:09,251 [INFO] ApplicationProperties:184 - Using Application install path: D:\ITC\STM32\STM32CubeIDE_1.13.0\STM32CubeIDE\plugins\com.st.stm32cube.common.mx_6.9.0.202307051724
2025-06-06 08:59:09,846 [INFO] MainUpdater:2868 - connection check result : 10
2025-06-06 08:59:09,847 [INFO] MainUpdater:3562 - Updater definition file requires update
2025-06-06 08:59:09,848 [INFO] MainUpdater:285 - Updater Check For Update Now.
2025-06-06 08:59:09,848 [INFO] MicroXplorer:498 - Change Database Version : DB.6.0.90
2025-06-06 08:59:09,866 [INFO] McuFinderGlobals:63 - Set McuFinder mode to 2 (CubeIDE integrated)
2025-06-06 08:59:09,992 [INFO] ServerAccessManage:473 - Download File updaters.zip
2025-06-06 08:59:10,277 [INFO] FileExtend:240 - Unzip File : updaters.zip
2025-06-06 08:59:10,278 [INFO] FileExtend:255 - Standard Zip Deflate
2025-06-06 08:59:11,562 [INFO] ServerAccessManage:473 - Download File PacksControlFlags.xml
2025-06-06 08:59:11,923 [INFO] ServerAccessManage:473 - Download File cubemx.pidx
2025-06-06 08:59:12,141 [WARN] MainUpdater:1189 - Updater busy. Cannot search thirdparties
2025-06-06 08:59:12,141 [INFO] ThirdPartyUpdaterWithRetryManager:96 - Updater plugin is busy. [1/15]
2025-06-06 08:59:12,606 [INFO] ServerAccessManage:473 - Download File STMicroelectronics.X-CUBE-AI.pdsc
2025-06-06 08:59:15,142 [WARN] MainUpdater:1189 - Updater busy. Cannot search thirdparties
2025-06-06 08:59:15,142 [INFO] ThirdPartyUpdaterWithRetryManager:96 - Updater plugin is busy. [2/15]
2025-06-06 08:59:18,143 [WARN] MainUpdater:1189 - Updater busy. Cannot search thirdparties
2025-06-06 08:59:18,143 [INFO] ThirdPartyUpdaterWithRetryManager:96 - Updater plugin is busy. [3/15]
2025-06-06 08:59:19,268 [INFO] ServerAccessManage:473 - Download File STMicroelectronics.X-CUBE-FREERTOS.pdsc
2025-06-06 08:59:21,144 [WARN] MainUpdater:1189 - Updater busy. Cannot search thirdparties
2025-06-06 08:59:21,144 [INFO] ThirdPartyUpdaterWithRetryManager:96 - Updater plugin is busy. [4/15]
2025-06-06 08:59:23,318 [INFO] ServerAccessManage:473 - Download File STMicroelectronics.X-CUBE-ST67W61.pdsc
2025-06-06 08:59:24,144 [WARN] MainUpdater:1189 - Updater busy. Cannot search thirdparties
2025-06-06 08:59:24,144 [INFO] ThirdPartyUpdaterWithRetryManager:96 - Updater plugin is busy. [5/15]
2025-06-06 08:59:24,401 [WARN] PackLoader:240 - Cannot read IP mode file for STMicroelectronics.X-CUBE-AI.10.1.0
2025-06-06 08:59:24,414 [WARN] PackLoader:240 - Cannot read IP mode file for STMicroelectronics.X-CUBE-FREERTOS.1.3.1
2025-06-06 08:59:24,419 [WARN] PopulateThirdPartyThread:106 - Error when creating pack: C:/Users/msi1/.stm32cubemx/thirdparties/pdsc/STMicroelectronics.X-CUBE-ST67W61.pdsc
2025-06-06 08:59:24,419 [INFO] PopulateThirdPartyThread:66 - Ending populate Thread
2025-06-06 08:59:24,421 [INFO] ThirdParty:1030 - CMSIS Pack Vendor :STMicroelectronics X-CUBE-AI 10.1.0
2025-06-06 08:59:24,421 [INFO] ThirdParty:1030 - CMSIS Pack Vendor :STMicroelectronics X-CUBE-FREERTOS 1.3.1
2025-06-06 08:59:24,421 [INFO] LoadServerUpdatesThread:373 - End of LoadServerUpdate Thread
2025-06-06 08:59:24,540 [INFO] CheckServerUpdateThread:120 - End of CheckServer Thread
2025-06-06 08:59:24,561 [INFO] McuFinderGlobals:63 - Set McuFinder mode to 2 (CubeIDE integrated)
2025-06-06 08:59:24,592 [INFO] MainUpdater:2868 - connection check result : 10
2025-06-06 08:59:24,600 [INFO] MainUpdater:2868 - connection check result : 10
2025-06-06 08:59:24,813 [INFO] MicroXplorer:468 - Change Database Path : 
2025-06-06 08:59:24,813 [INFO] MicroXplorer:498 - Change Database Version : DB.6.0.90
2025-06-06 08:59:24,817 [WARN] ThirdParty:871 - waiting for thirdparty lock release [close project]
2025-06-06 08:59:27,390 [WARN] PackLoader:240 - Cannot read IP mode file for STMicroelectronics.FP-SNS-MOTENVWB1.1.4.0
2025-06-06 08:59:27,395 [WARN] PackLoader:240 - Cannot read IP mode file for STMicroelectronics.FP-ATR-ASTRA1.2.0.2
2025-06-06 08:59:27,406 [WARN] PackLoader:240 - Cannot read IP mode file for STMicroelectronics.FP-ATR-ASTRA1.2.0.1
2025-06-06 08:59:27,421 [WARN] PackLoader:240 - Cannot read IP mode file for STMicroelectronics.X-CUBE-SMBUS.2.1.0
2025-06-06 08:59:27,435 [WARN] PackLoader:240 - Cannot read IP mode file for STMicroelectronics.X-CUBE-WB05N.1.1.0
2025-06-06 08:59:27,446 [ERROR] Engine:466 - C:\Users\msi1\.stm32cubemx\thirdparties\pdsc\STMicroelectronics.X-CUBE-ST60.1.0.0.pdsc: PDSC version is not supported
2025-06-06 08:59:27,459 [WARN] PackLoader:240 - Cannot read IP mode file for STMicroelectronics.X-CUBE-TOUCHGFX.4.23.0
2025-06-06 08:59:27,469 [WARN] PackLoader:240 - Cannot read IP mode file for STMicroelectronics.X-CUBE-TOUCHGFX.4.23.2
2025-06-06 08:59:27,497 [WARN] PackLoader:240 - Cannot read IP mode file for STMicroelectronics.X-CUBE-AZRTOS-F7.1.1.0
2025-06-06 08:59:27,514 [ERROR] RealEvaluatedCondition:428 - Found unsupported composite condition: CLASS='Data Exchange' GROUP='STM32_MetaDataManager'
2025-06-06 08:59:27,514 [ERROR] RealEvaluatedCondition:428 - Found unsupported composite condition: CLASS='Data Exchange' GROUP='STM32_MetaDataManager'
2025-06-06 08:59:27,516 [WARN] PackLoader:240 - Cannot read IP mode file for STMicroelectronics.FP-SNS-MOTENV1.4.3.0
2025-06-06 08:59:27,531 [WARN] PackLoader:240 - Cannot read IP mode file for STMicroelectronics.FP-SNS-MOTENV1.4.3.2
2025-06-06 08:59:27,546 [WARN] PackLoader:240 - Cannot read IP mode file for STMicroelectronics.FP-SNS-FLIGHT1.5.0.0
2025-06-06 08:59:27,560 [WARN] PackLoader:240 - Cannot read IP mode file for STMicroelectronics.X-CUBE-BLE1.6.2.4
2025-06-06 08:59:27,573 [WARN] PackLoader:240 - Cannot read IP mode file for STMicroelectronics.FP-SNS-FLIGHT1.5.0.2
2025-06-06 08:59:27,589 [ERROR] Engine:466 - C:\Users\msi1\.stm32cubemx\thirdparties\pdsc\Infineon.AIROC-Wi-Fi-Bluetooth-STM32.1.7.0.pdsc: PDSC version is not supported
2025-06-06 08:59:27,603 [WARN] PackLoader:240 - Cannot read IP mode file for STMicroelectronics.X-CUBE-DISPLAY.3.0.0
2025-06-06 08:59:27,617 [WARN] PackLoader:240 - Cannot read IP mode file for STMicroelectronics.X-CUBE-BLE1.7.0.0
2025-06-06 08:59:27,630 [WARN] PackLoader:240 - Cannot read IP mode file for STMicroelectronics.X-CUBE-NFC10.1.0.0
2025-06-06 08:59:27,642 [ERROR] Engine:466 - C:\Users\msi1\.stm32cubemx\thirdparties\pdsc\STMicroelectronics.X-CUBE-BLEMGR.4.0.0.pdsc: PDSC version is not supported
2025-06-06 08:59:27,656 [WARN] PackLoader:240 - Cannot read IP mode file for emotas.I-CUBE-CANOPEN.1.3.0
2025-06-06 08:59:27,671 [WARN] PackLoader:240 - Cannot read IP mode file for STMicroelectronics.X-CUBE-TOUCHGFX.4.22.0
2025-06-06 08:59:27,686 [WARN] PackLoader:240 - Cannot read IP mode file for STMicroelectronics.X-CUBE-TOUCHGFX.4.22.1
2025-06-06 08:59:27,706 [WARN] PackLoader:240 - Cannot read IP mode file for STMicroelectronics.X-CUBE-BLEMGR.3.1.0
2025-06-06 08:59:27,724 [WARN] PackLoader:240 - Cannot read IP mode file for STMicroelectronics.X-CUBE-AI.10.0.0
2025-06-06 08:59:27,740 [WARN] PackLoader:240 - Cannot read IP mode file for STMicroelectronics.FP-SNS-SMARTAG2.1.2.0
2025-06-06 08:59:27,744 [ERROR] Engine:466 - C:\Users\msi1\.stm32cubemx\thirdparties\pdsc\STMicroelectronics.FP-SNS-FLIGHT1.5.1.0.pdsc: PDSC version is not supported
2025-06-06 08:59:27,800 [WARN] PackLoader:240 - Cannot read IP mode file for STMicroelectronics.X-CUBE-MEMS1.11.1.0
2025-06-06 08:59:27,936 [INFO] LogOutputStream:77 - [STDOUT_REDIRECT] 1 : Invalid condition id : UX_CORESTACK_Condition cause : null
2025-06-06 08:59:27,937 [INFO] LogOutputStream:77 - [STDOUT_REDIRECT] 1 : Invalid condition id : UX_CORESTACK_Condition cause : null
2025-06-06 08:59:27,937 [INFO] LogOutputStream:77 - [STDOUT_REDIRECT] 1 : Invalid condition id : UX_CORESTACK_Condition cause : null
2025-06-06 08:59:27,938 [INFO] LogOutputStream:77 - [STDOUT_REDIRECT] 1 : Invalid condition id : UX_CORESTACK_Condition cause : null
2025-06-06 08:59:27,939 [INFO] LogOutputStream:77 - [STDOUT_REDIRECT] 1 : Invalid condition id : UX_CORESTACK_Condition cause : null
2025-06-06 08:59:27,942 [WARN] PackLoader:240 - Cannot read IP mode file for STMicroelectronics.X-CUBE-AZRTOS-WL.2.0.0
2025-06-06 08:59:27,956 [WARN] PackLoader:240 - Cannot read IP mode file for STMicroelectronics.FP-SNS-MOTENV1.5.0.0
2025-06-06 08:59:27,963 [WARN] PackLoader:240 - Cannot read IP mode file for wolfSSL.I-CUBE-wolfMQTT.1.19.0
2025-06-06 08:59:27,982 [WARN] PackLoader:240 - Cannot read IP mode file for WES.I-CUBE-Cesium.1.3.0
2025-06-06 08:59:27,999 [WARN] PackLoader:240 - Cannot read IP mode file for STMicroelectronics.X-CUBE-BLE2.3.3.0
2025-06-06 08:59:28,018 [WARN] PackLoader:240 - Cannot read IP mode file for STMicroelectronics.X-CUBE-NFC9.1.0.0
2025-06-06 08:59:28,035 [WARN] PackLoader:240 - Cannot read IP mode file for STMicroelectronics.X-CUBE-BLE1.7.1.0
2025-06-06 08:59:28,053 [WARN] PackLoader:240 - Cannot read IP mode file for STMicroelectronics.X-CUBE-TCPP.4.1.0
2025-06-06 08:59:28,069 [WARN] PackLoader:240 - Cannot read IP mode file for STMicroelectronics.X-CUBE-TOUCHGFX.4.21.4
2025-06-06 08:59:28,072 [WARN] PackLoader:240 - Cannot read IP mode file for STMicroelectronics.X-CUBE-AI.10.1.0
2025-06-06 08:59:28,088 [WARN] PackLoader:240 - Cannot read IP mode file for STMicroelectronics.X-CUBE-ALGOBUILD.1.3.0
2025-06-06 08:59:28,137 [WARN] PackLoader:240 - Cannot read IP mode file for STMicroelectronics.X-CUBE-MEMS1.11.2.0
2025-06-06 08:59:28,248 [WARN] PackLoader:240 - Cannot read IP mode file for STMicroelectronics.X-CUBE-AZRTOS-G0.1.1.0
2025-06-06 08:59:28,268 [WARN] PackLoader:240 - Cannot read IP mode file for STMicroelectronics.X-CUBE-SAFEA1.1.2.2
2025-06-06 08:59:28,284 [WARN] PackLoader:240 - Cannot read IP mode file for STMicroelectronics.X-CUBE-NFC4.3.0.0
2025-06-06 08:59:28,297 [WARN] PackLoader:240 - Cannot read IP mode file for wolfSSL.I-CUBE-wolfMQTT.1.18.0
2025-06-06 08:59:28,310 [ERROR] Engine:466 - C:\Users\msi1\.stm32cubemx\thirdparties\pdsc\EmbeddedOffice.I-CUBE-FS-RTOS.1.0.1.pdsc: PDSC version is not supported
2025-06-06 08:59:28,324 [WARN] PackLoader:240 - Cannot read IP mode file for STMicroelectronics.X-CUBE-WB05N.2.0.0
2025-06-06 08:59:28,341 [WARN] PackLoader:240 - Cannot read IP mode file for STMicroelectronics.X-CUBE-BLEMGR.3.0.0
2025-06-06 08:59:28,355 [ERROR] Engine:466 - C:\Users\msi1\.stm32cubemx\thirdparties\pdsc\STMicroelectronics.X-CUBE-TCPP.4.2.0.pdsc: PDSC version is not supported
2025-06-06 08:59:28,368 [ERROR] Engine:466 - C:\Users\msi1\.stm32cubemx\thirdparties\pdsc\RealThread.X-CUBE-RT-Thread_Nano.4.1.1.pdsc: PDSC version is not supported
2025-06-06 08:59:28,374 [WARN] PackLoader:240 - Cannot read IP mode file for STMicroelectronics.FP-ATR-SIGFOX1.3.2.0
2025-06-06 08:59:28,377 [ERROR] Engine:466 - C:\Users\msi1\.stm32cubemx\thirdparties\pdsc\quantropi.X-CUBE-qispace-sdk-base.1.9.3.pdsc: PDSC version is not supported
2025-06-06 08:59:28,393 [WARN] PackLoader:240 - Cannot read IP mode file for STMicroelectronics.X-CUBE-EEPRMA1.5.1.0
2025-06-06 08:59:28,409 [WARN] PackLoader:240 - Cannot read IP mode file for wolfSSL.I-CUBE-wolfSSL.5.7.6
2025-06-06 08:59:28,428 [WARN] PackLoader:240 - Cannot read IP mode file for ITTIA_DB.I-CUBE-ITTIADB.8.9.0
2025-06-06 08:59:28,430 [ERROR] Engine:466 - C:\Users\msi1\.stm32cubemx\thirdparties\pdsc\STMicroelectronics.X-CUBE-ST67W61.1.0.0.pdsc: PDSC version is not supported
2025-06-06 08:59:28,465 [WARN] PackLoader:240 - Cannot read IP mode file for SEGGER.I-CUBE-embOS.1.3.1
2025-06-06 08:59:28,509 [WARN] PackLoader:240 - Cannot read IP mode file for STMicroelectronics.X-CUBE-ALGOBUILD.1.4.0
2025-06-06 08:59:28,526 [WARN] PackLoader:240 - Cannot read IP mode file for STMicroelectronics.X-CUBE-AI.9.1.0
2025-06-06 08:59:28,543 [WARN] PackLoader:240 - Cannot read IP mode file for STMicroelectronics.X-CUBE-GNSS1.6.0.0
2025-06-06 08:59:28,571 [WARN] PackLoader:240 - Cannot read IP mode file for STMicroelectronics.X-CUBE-AZRTOS-F4.1.1.0
2025-06-06 08:59:28,576 [ERROR] Engine:466 - C:\Users\msi1\.stm32cubemx\thirdparties\pdsc\Avnet-IotConnect.X-CUBE-IoTC-DA16k-PMOD.1.0.0.pdsc: PDSC version is not supported
2025-06-06 08:59:28,589 [WARN] PackLoader:240 - Cannot read IP mode file for wolfSSL.I-CUBE-wolfSSL.5.6.0
2025-06-06 08:59:28,605 [WARN] PackLoader:240 - Cannot read IP mode file for STMicroelectronics.X-CUBE-ISPU.2.1.0
2025-06-06 08:59:28,620 [WARN] PackLoader:240 - Cannot read IP mode file for STMicroelectronics.X-CUBE-FREERTOS.1.2.0
2025-06-06 08:59:28,649 [WARN] PackLoader:240 - Cannot read IP mode file for STMicroelectronics.X-CUBE-AZRTOS-L5.2.0.0
2025-06-06 08:59:28,693 [WARN] PackLoader:240 - Cannot read IP mode file for STMicroelectronics.X-CUBE-MEMS1.9.6.0
2025-06-06 08:59:28,791 [WARN] PackLoader:240 - Cannot read IP mode file for STMicroelectronics.X-CUBE-EEPRMA1.4.2.0
2025-06-06 08:59:28,807 [WARN] PackLoader:240 - Cannot read IP mode file for STMicroelectronics.X-CUBE-NFC6.3.1.0
2025-06-06 08:59:28,823 [WARN] PackLoader:240 - Cannot read IP mode file for ITTIA_DB.I-CUBE-ITTIADB.8.8.0
2025-06-06 08:59:28,843 [WARN] PackLoader:240 - Cannot read IP mode file for emotas.I-CUBE-CANOPEN.1.1.3
2025-06-06 08:59:28,867 [WARN] PackLoader:240 - Cannot read IP mode file for STMicroelectronics.X-CUBE-BLEMGR.2.0.0
2025-06-06 08:59:28,882 [ERROR] Engine:466 - C:\Users\msi1\.stm32cubemx\thirdparties\pdsc\STMicroelectronics.X-CUBE-DPower.1.2.0.pdsc: PDSC version is not supported
2025-06-06 08:59:28,896 [WARN] PackLoader:240 - Cannot read IP mode file for STMicroelectronics.X-CUBE-AI.9.0.0
2025-06-06 08:59:28,922 [WARN] ConditionMgr:438 - getConditionDescription Invalid condition id : UX DEVICE CLASS RTOS Condition cause : null
2025-06-06 08:59:28,923 [WARN] ConditionMgr:438 - getConditionDescription Invalid condition id : UX DEVICE CLASS RTOS Condition cause : null
2025-06-06 08:59:28,925 [WARN] PackLoader:240 - Cannot read IP mode file for STMicroelectronics.X-CUBE-AZRTOS-H7.3.1.0
2025-06-06 08:59:28,925 [WARN] ConditionMgr:1039 - genDependencies : Invalid condition id : UX DEVICE CLASS RTOS Condition cause : null
2025-06-06 08:59:28,926 [WARN] ConditionMgr:1039 - genDependencies : Invalid condition id : UX DEVICE CLASS RTOS Condition cause : null
2025-06-06 08:59:28,926 [WARN] ConditionMgr:1039 - genDependencies : Invalid condition id : UX DEVICE CLASS RTOS Condition cause : null
2025-06-06 08:59:28,926 [WARN] ConditionMgr:1039 - genDependencies : Invalid condition id : UX DEVICE CLASS RTOS Condition cause : null
2025-06-06 08:59:28,927 [WARN] ConditionMgr:1039 - genDependencies : Invalid condition id : UX DEVICE CLASS RTOS Condition cause : null
2025-06-06 08:59:28,931 [WARN] PackLoader:240 - Cannot read IP mode file for STMicroelectronics.X-CUBE-FREERTOS.1.3.1
2025-06-06 08:59:28,944 [WARN] PackLoader:240 - Cannot read IP mode file for STMicroelectronics.X-CUBE-FREERTOS.1.3.0
2025-06-06 08:59:28,959 [WARN] PackLoader:240 - Cannot read IP mode file for STMicroelectronics.X-CUBE-NFC7.1.0.1
2025-06-06 08:59:28,975 [WARN] PackLoader:240 - Cannot read IP mode file for STMicroelectronics.X-CUBE-NFC7.1.0.0
2025-06-06 08:59:28,990 [WARN] PackLoader:240 - Cannot read IP mode file for wolfSSL.I-CUBE-wolfTPM.3.2.0
2025-06-06 08:59:29,006 [WARN] PackLoader:240 - Cannot read IP mode file for STMicroelectronics.X-CUBE-NFC6.3.0.0
2025-06-06 08:59:29,027 [WARN] PackLoader:240 - Cannot read IP mode file for STMicroelectronics.X-CUBE-EEPRMA1.4.1.0
2025-06-06 08:59:29,041 [ERROR] Engine:466 - C:\Users\msi1\.stm32cubemx\thirdparties\pdsc\STMicroelectronics.X-CUBE-DPower.1.3.0.pdsc: PDSC version is not supported
2025-06-06 08:59:29,056 [WARN] PackLoader:240 - Cannot read IP mode file for STMicroelectronics.X-CUBE-AI.8.1.0
2025-06-06 08:59:29,084 [WARN] ConditionMgr:438 - getConditionDescription Invalid condition id : LAN8742 Phy interface Condition cause : null
2025-06-06 08:59:29,084 [WARN] PackLoader:240 - Cannot read IP mode file for STMicroelectronics.X-CUBE-AZRTOS-L4.2.0.0
2025-06-06 08:59:29,085 [WARN] ConditionMgr:1039 - genDependencies : Invalid condition id : LAN8742 Phy interface Condition cause : null
2025-06-06 08:59:29,085 [WARN] ConditionMgr:1039 - genDependencies : Invalid condition id : LAN8742 Phy interface Condition cause : null
2025-06-06 08:59:29,086 [WARN] ConditionMgr:1039 - genDependencies : Invalid condition id : LAN8742 Phy interface Condition cause : null
2025-06-06 08:59:29,103 [WARN] PackLoader:240 - Cannot read IP mode file for STMicroelectronics.X-CUBE-SFXS2LP1.4.0.0
2025-06-06 08:59:29,120 [WARN] PackLoader:240 - Cannot read IP mode file for STMicroelectronics.X-CUBE-ISPU.1.1.0
2025-06-06 08:59:29,149 [WARN] PackLoader:240 - Cannot read IP mode file for STMicroelectronics.X-CUBE-AZRTOS-H7.3.3.0
2025-06-06 08:59:29,167 [ERROR] Engine:466 - C:\Users\msi1\.stm32cubemx\thirdparties\pdsc\STMicroelectronics.X-CUBE-IPS.3.0.0.pdsc: PDSC version is not supported
2025-06-06 08:59:29,190 [WARN] ConditionMgr:438 - getConditionDescription Invalid condition id : UX DEVICE CLASS RTOS Condition cause : null
2025-06-06 08:59:29,190 [WARN] ConditionMgr:438 - getConditionDescription Invalid condition id : UX DEVICE CLASS RTOS Condition cause : null
2025-06-06 08:59:29,191 [WARN] PackLoader:240 - Cannot read IP mode file for STMicroelectronics.X-CUBE-AZRTOS-WB.2.0.0
2025-06-06 08:59:29,192 [WARN] ConditionMgr:1039 - genDependencies : Invalid condition id : UX DEVICE CLASS RTOS Condition cause : null
2025-06-06 08:59:29,192 [WARN] ConditionMgr:1039 - genDependencies : Invalid condition id : UX DEVICE CLASS RTOS Condition cause : null
2025-06-06 08:59:29,192 [WARN] ConditionMgr:1039 - genDependencies : Invalid condition id : UX DEVICE CLASS RTOS Condition cause : null
2025-06-06 08:59:29,192 [WARN] ConditionMgr:1039 - genDependencies : Invalid condition id : UX DEVICE CLASS RTOS Condition cause : null
2025-06-06 08:59:29,192 [WARN] ConditionMgr:1039 - genDependencies : Invalid condition id : UX DEVICE CLASS RTOS Condition cause : null
2025-06-06 08:59:29,206 [WARN] PackLoader:240 - Cannot read IP mode file for STMicroelectronics.X-CUBE-FREERTOS.1.0.1
2025-06-06 08:59:29,225 [WARN] PackLoader:240 - Cannot read IP mode file for STMicroelectronics.X-CUBE-GNSS1.7.0.1
2025-06-06 08:59:29,240 [WARN] PackLoader:240 - Cannot read IP mode file for STMicroelectronics.X-CUBE-TOUCHGFX.4.25.0
2025-06-06 08:59:29,251 [ERROR] Engine:466 - C:\Users\msi1\.stm32cubemx\thirdparties\pdsc\STMicroelectronics.FP-SNS-STBOX1.2.0.0.pdsc: PDSC version is not supported
2025-06-06 08:59:29,276 [WARN] PackLoader:240 - Cannot read IP mode file for STMicroelectronics.X-CUBE-AZRTOS-L5.1.1.0
2025-06-06 08:59:29,290 [WARN] PackLoader:240 - Cannot read IP mode file for STMicroelectronics.X-CUBE-AI.8.0.1
2025-06-06 08:59:29,308 [WARN] PackLoader:240 - Cannot read IP mode file for STMicroelectronics.X-CUBE-SUBG2.5.0.0
2025-06-06 08:59:29,340 [WARN] PackLoader:240 - Cannot read IP mode file for STMicroelectronics.X-CUBE-AZRTOS-H7RS.1.1.0
2025-06-06 08:59:29,346 [WARN] PackLoader:240 - Cannot read IP mode file for Cesanta.I-CUBE-Mongoose.7.13.0
2025-06-06 08:59:29,366 [WARN] PackLoader:240 - Cannot read IP mode file for STMicroelectronics.X-CUBE-TOF1.3.3.1
2025-06-06 08:59:29,395 [WARN] PackLoader:240 - Cannot read IP mode file for STMicroelectronics.X-CUBE-AZRTOS-G4.2.0.0
2025-06-06 08:59:29,414 [WARN] PackLoader:240 - Cannot read IP mode file for STMicroelectronics.X-CUBE-TOF1.3.3.0
2025-06-06 08:59:29,441 [WARN] PackLoader:240 - Cannot read IP mode file for Infineon.AIROC-Wi-Fi-Bluetooth-STM32.1.5.1
2025-06-06 08:59:29,457 [WARN] PackLoader:240 - Cannot read IP mode file for STMicroelectronics.FP-SNS-MOTENVWB1.1.3.0
2025-06-06 08:59:29,469 [WARN] PackLoader:240 - Cannot read IP mode file for STMicroelectronics.X-CUBE-NFC7.2.0.0
2025-06-06 08:59:29,486 [WARN] PackLoader:240 - Cannot read IP mode file for STMicroelectronics.FP-SNS-MOTENVWB1.1.3.1
2025-06-06 08:59:29,513 [WARN] PackLoader:240 - Cannot read IP mode file for STMicroelectronics.X-CUBE-AZRTOS-L4.1.0.0
2025-06-06 08:59:29,530 [WARN] PackLoader:240 - Cannot read IP mode file for STMicroelectronics.X-CUBE-ISPU.2.0.0
2025-06-06 08:59:29,548 [ERROR] Engine:466 - C:\Users\msi1\.stm32cubemx\thirdparties\pdsc\STMicroelectronics.X-CUBE-IPS.3.1.0.pdsc: PDSC version is not supported
2025-06-06 08:59:29,562 [WARN] PackLoader:240 - Cannot read IP mode file for STMicroelectronics.X-CUBE-ALS.1.0.2
2025-06-06 08:59:29,601 [WARN] PackLoader:240 - Cannot read IP mode file for STMicroelectronics.X-CUBE-MEMS1.10.0.0
2025-06-06 08:59:29,673 [WARN] PackLoader:240 - Cannot read IP mode file for STMicroelectronics.X-CUBE-FREERTOS.1.1.0
2025-06-06 08:59:29,688 [WARN] PackLoader:240 - Cannot read IP mode file for STMicroelectronics.X-CUBE-TOUCHGFX.4.24.0
2025-06-06 08:59:29,703 [WARN] PackLoader:240 - Cannot read IP mode file for STMicroelectronics.X-CUBE-TOUCHGFX.4.24.2
2025-06-06 08:59:29,724 [WARN] PackLoader:240 - Cannot read IP mode file for STMicroelectronics.X-CUBE-AZRTOS-WL.1.0.0
2025-06-06 08:59:29,741 [WARN] PackLoader:240 - Cannot read IP mode file for STMicroelectronics.X-CUBE-TOUCHGFX.4.24.1
2025-06-06 08:59:29,745 [WARN] PackLoader:240 - Cannot read IP mode file for wolfSSL.I-CUBE-wolfTPM.3.4.0
2025-06-06 08:59:29,764 [WARN] PackLoader:240 - Cannot read IP mode file for portGmbH.I-Cube-SoM-uGOAL.1.1.0
2025-06-06 08:59:29,777 [WARN] PackLoader:240 - Cannot read IP mode file for STMicroelectronics.X-CUBE-ALS.1.0.1
2025-06-06 08:59:29,809 [WARN] PackLoader:240 - Cannot read IP mode file for STMicroelectronics.X-CUBE-AZRTOS-WB.1.1.0
2025-06-06 08:59:29,839 [WARN] PackLoader:240 - Cannot read IP mode file for STMicroelectronics.X-CUBE-AZRTOS-H7RS.1.0.0
2025-06-06 08:59:29,854 [WARN] PackLoader:240 - Cannot read IP mode file for STMicroelectronics.FP-ATR-ASTRA1.2.0.0
2025-06-06 08:59:29,869 [ERROR] Engine:466 - C:\Users\msi1\.stm32cubemx\thirdparties\pdsc\STMicroelectronics.X-CUBE-TOF1.3.4.2.pdsc: PDSC version is not supported
2025-06-06 08:59:29,882 [ERROR] Engine:466 - C:\Users\msi1\.stm32cubemx\thirdparties\pdsc\STMicroelectronics.X-CUBE-TOF1.3.4.3.pdsc: PDSC version is not supported
2025-06-06 08:59:29,898 [WARN] PackLoader:240 - Cannot read IP mode file for STMicroelectronics.X-CUBE-TOF1.3.4.0
2025-06-06 08:59:29,917 [WARN] PackLoader:240 - Cannot read IP mode file for STMicroelectronics.X-CUBE-TOF1.3.4.1
2025-06-06 08:59:29,948 [WARN] PackLoader:240 - Cannot read IP mode file for STMicroelectronics.X-CUBE-AZRTOS-H7.3.2.0
2025-06-06 08:59:29,953 [WARN] PackLoader:240 - Cannot read IP mode file for wolfSSL.I-CUBE-wolfSSH.1.4.17
2025-06-06 08:59:29,954 [INFO] ThirdParty:978 - Integrity check success = true
2025-06-06 08:59:29,954 [INFO] IntegrityCheckThread:100 - exiting critical section [integrity check]
2025-06-06 08:59:29,954 [INFO] IntegrityCheckThread:103 - End integrity checks thread
2025-06-06 08:59:29,954 [INFO] ThirdParty:873 - entering critical section [close project]
2025-06-06 08:59:29,955 [INFO] ThirdParty:883 - exiting critical section [close project]
2025-06-06 08:59:29,958 [INFO] PinOutPanel:1499 - setPackage(No Configuration,No Configuration)
2025-06-06 08:59:29,964 [INFO] UtilMem:75 - Begin LoadConfig() Used Memory: 180273080 Bytes (399507456)
2025-06-06 08:59:29,965 [INFO] MicroXplorer:468 - Change Database Path : 
2025-06-06 08:59:29,966 [INFO] MicroXplorer:498 - Change Database Version : DB.6.0.90
2025-06-06 08:59:29,966 [INFO] OpenFileManager:308 - Change cursor
2025-06-06 08:59:30,001 [INFO] Mcu:1946 - Initializing MCU STM32F103C(8-B)Tx STM32F103CBTx STM32F103CBT6
2025-06-06 08:59:30,875 [INFO] Context:659 - Trying to add GPIOservice into a context  which must be forbidden
2025-06-06 08:59:31,363 [INFO] RtosManager:555 - Registered RTOS mode: class=CMSIS, group=RTOS, mode=CMSIS_V1, owner=FREERTOS
2025-06-06 08:59:31,363 [INFO] RtosManager:555 - Registered RTOS mode: class=CMSIS, group=RTOS2, mode=CMSIS_V2, owner=FREERTOS
2025-06-06 08:59:31,363 [INFO] RtosManager:555 - Registered RTOS mode: class=RTOS, group=Core, mode=CMSIS_V1, owner=FREERTOS
2025-06-06 08:59:31,363 [INFO] RtosManager:555 - Registered RTOS mode: class=RTOS, group=Core, mode=CMSIS_V2, owner=FREERTOS
2025-06-06 08:59:31,364 [WARN] ModelIntegratedComponent:184 - Missing modes for component STMicroelectronics:FreeRTOS:0.0.1:STMicroelectronics:RTOS:FreeRTOS:Core:::10.2.0:
2025-06-06 08:59:31,368 [WARN] ModelIntegratedComponent:63 - No mode defined for component null
2025-06-06 08:59:31,369 [WARN] ModelIntegratedComponent:63 - No mode defined for component null
2025-06-06 08:59:31,369 [WARN] ModelIntegratedComponent:63 - No mode defined for component null
2025-06-06 08:59:31,369 [WARN] ModelIntegratedComponent:63 - No mode defined for component null
2025-06-06 08:59:31,369 [WARN] ModelIntegratedComponent:63 - No mode defined for component null
2025-06-06 08:59:31,369 [WARN] ModelIntegratedComponent:63 - No mode defined for component null
2025-06-06 08:59:31,369 [WARN] ModelIntegratedComponent:63 - No mode defined for component null
2025-06-06 08:59:31,369 [WARN] ModelIntegratedComponent:63 - No mode defined for component null
2025-06-06 08:59:31,369 [WARN] ModelIntegratedComponent:63 - No mode defined for component null
2025-06-06 08:59:31,369 [WARN] ModelIntegratedComponent:63 - No mode defined for component null
2025-06-06 08:59:31,369 [WARN] ModelIntegratedComponent:63 - No mode defined for component null
2025-06-06 08:59:31,369 [WARN] ModelIntegratedComponent:63 - No mode defined for component null
2025-06-06 08:59:31,369 [WARN] ModelIntegratedComponent:63 - No mode defined for component null
2025-06-06 08:59:31,369 [WARN] ModelIntegratedComponent:63 - No mode defined for component null
2025-06-06 08:59:31,369 [WARN] ModelIntegratedComponent:63 - No mode defined for component null
2025-06-06 08:59:31,369 [WARN] ModelIntegratedComponent:63 - No mode defined for component null
2025-06-06 08:59:31,369 [WARN] ModelIntegratedComponent:63 - No mode defined for component null
2025-06-06 08:59:31,369 [WARN] ModelIntegratedComponent:63 - No mode defined for component null
2025-06-06 08:59:31,369 [WARN] ModelIntegratedComponent:63 - No mode defined for component null
2025-06-06 08:59:31,369 [WARN] ModelIntegratedComponent:63 - No mode defined for component null
2025-06-06 08:59:31,369 [WARN] ModelIntegratedComponent:63 - No mode defined for component null
2025-06-06 08:59:31,370 [WARN] ModelIntegratedComponent:63 - No mode defined for component null
2025-06-06 08:59:31,370 [WARN] ModelIntegratedComponent:63 - No mode defined for component null
2025-06-06 08:59:31,370 [WARN] ModelIntegratedComponent:63 - No mode defined for component null
2025-06-06 08:59:31,370 [WARN] ModelIntegratedComponent:63 - No mode defined for component null
2025-06-06 08:59:31,370 [WARN] ModelIntegratedComponent:63 - No mode defined for component null
2025-06-06 08:59:31,370 [WARN] ModelIntegratedComponent:63 - No mode defined for component null
2025-06-06 08:59:31,370 [WARN] ModelIntegratedComponent:63 - No mode defined for component null
2025-06-06 08:59:31,370 [WARN] ModelIntegratedComponent:63 - No mode defined for component null
2025-06-06 08:59:31,370 [WARN] ModelIntegratedComponent:63 - No mode defined for component null
2025-06-06 08:59:31,370 [WARN] ModelIntegratedComponent:63 - No mode defined for component null
2025-06-06 08:59:31,370 [WARN] ModelIntegratedComponent:63 - No mode defined for component null
2025-06-06 08:59:31,370 [WARN] ModelIntegratedComponent:63 - No mode defined for component null
2025-06-06 08:59:31,512 [ERROR] LogOutputStream:75 - [STDERR_REDIRECT] SLF4J: Failed to load class "org.slf4j.impl.StaticLoggerBinder".
2025-06-06 08:59:31,512 [ERROR] LogOutputStream:75 - [STDERR_REDIRECT] SLF4J: Defaulting to no-operation (NOP) logger implementation
2025-06-06 08:59:31,514 [ERROR] LogOutputStream:75 - [STDERR_REDIRECT] SLF4J: See http://www.slf4j.org/codes.html#StaticLoggerBinder for further details.
2025-06-06 08:59:31,695 [INFO] ThirdPartyModel:298 - Start build external matchings
2025-06-06 08:59:33,901 [INFO] ThirdPartyModel:316 - End build external matchings
2025-06-06 08:59:33,955 [INFO] ImportTextPane:194 - (OptionalMessage_ERROR) IP (RCC) : Parameter (ADCFreqValue) has invalid value (36000000)
2025-06-06 08:59:33,955 [INFO] ImportTextPane:194 - (OptionalMessage_ERROR) IP (RCC) : Invalid parameter (FamilyName)
2025-06-06 08:59:33,956 [INFO] ImportTextPane:194 - (OptionalMessage_ERROR) IP (RCC) : Parameter (MCOFreq_Value) has invalid value (72000000)
2025-06-06 08:59:33,956 [INFO] ImportTextPane:194 - (OptionalMessage_ERROR) IP (RCC) : Parameter (USBFreq_Value) has invalid value (72000000)
2025-06-06 08:59:34,219 [INFO] UtilMem:75 - End LoadConfig() Used Memory: 226401848 Bytes (399507456)
2025-06-06 08:59:34,412 [INFO] ApiDb:581 - Connected to CubeFinder SQLite database (C:\Users\msi1\.stmcufinder\plugins\mcufinder\mcu\cube-finder-db.db)
2025-06-06 08:59:34,508 [INFO] ApiDb:668 - CubeFinder database Data Model version=2.1
2025-06-06 08:59:34,508 [INFO] ApiDb:669 - CubeFinder database Configuration version=3.0.39
2025-06-06 08:59:34,509 [INFO] ApiDb:670 - CubeFinder database generation date=2025-04-23 (1745419778)
2025-06-06 08:59:34,509 [INFO] ApiDb:671 - CubeFinder database FW Pack versions=[FP-ATR-ASTRA1_V2.0.0, FP-SNS-FLIGHT1_V5.1.0, FP-SNS-MOTENV1_V5.0.0, FP-SNS-MOTENVWB1_V1.4.0, FP-SNS-SMARTAG2_V1.2.0, FP-SNS-STBOX1_V2.0.0, STM32Cube_FW_C0_V1.4.0, STM32Cube_FW_F4_V1.28.1, STM32Cube_FW_F7_V1.17.2, STM32Cube_FW_G0_V1.6.2, STM32Cube_FW_G4_V1.6.1, STM32Cube_FW_H5_V1.5.0, STM32Cube_FW_H7RS_V1.2.0, STM32Cube_FW_H7_V1.12.1, STM32Cube_FW_L0_V1.12.2, STM32Cube_FW_L4_V1.18.1, STM32Cube_FW_L5_V1.5.1, STM32Cube_FW_N6_V1.1.1, STM32Cube_FW_U0_V1.2.0, STM32Cube_FW_U3_V1.1.0, STM32Cube_FW_U5_V1.7.0, STM32Cube_FW_WB0_V1.2.0, STM32Cube_FW_WBA_V1.6.0, STM32Cube_FW_WB_V1.22.0, STM32Cube_FW_WL3_V1.1.0, STM32Cube_FW_WL_V1.3.1, X-CUBE-ALGOBUILD_V1.4.0, X-CUBE-ALS_V1.0.2, X-CUBE-AZRTOS-F4_V1.1.0, X-CUBE-AZRTOS-F7_V1.1.0, X-CUBE-AZRTOS-G0_V1.1.0, X-CUBE-AZRTOS-G4_V2.0.0, X-CUBE-AZRTOS-H7RS_V1.1.0, X-CUBE-AZRTOS-H7_V3.3.0, X-CUBE-AZRTOS-L4_V2.0.0, X-CUBE-AZRTOS-L5_V2.0.0, X-CUBE-AZRTOS-WB_V2.0.0, X-CUBE-AZRTOS-WL_V2.0.0, X-CUBE-BLE1_V7.1.0, X-CUBE-BLE2_V3.3.0, X-CUBE-BLEMGR_V4.0.0, X-CUBE-EEPRMA1_V5.1.0, X-CUBE-FREERTOS_V1.3.0, X-CUBE-GNSS1_V6.0.0, X-CUBE-MEMS1_V11.2.0, X-CUBE-NFC4_V3.0.0, X-CUBE-NFC7_V1.0.1, X-CUBE-SFXS2LP1_V4.0.0, X-CUBE-SUBG2_V5.0.0, X-CUBE-TOF1_V3.4.3]
2025-06-06 08:59:37,894 [INFO] ApiDb:240 - Found 323 in-development CPN: [B-G473E-ZEST1S, B-WB1M-WPAN1, B-WL5M-SUBG1, NUCLEO-C031C6, NUCLEO-H503RB, NUCLEO-H563ZI, NUCLEO-U545RE-Q, NUCLEO-U5A5ZJ-Q, NUCLEO-WBA52CG, STEVAL-PROTEUS1, STEVAL-SMARTAG2, STEVAL-STWINBX1, STM320518-EVAL, STM32C0116-DK, STM32C011D6Y3TR, STM32C011D6Y6TR, STM32C011F4P3, STM32C011F4P6, STM32C011F4U3, STM32C011F4U6TR, STM32C011F6P3, STM32C011F6P6, STM32C011F6U3, STM32C011F6U6TR, STM32C011J4M3, STM32C011J4M6, STM32C011J6M3, STM32C011J6M6, STM32C0316-DK, STM32C031C4T3, STM32C031C4T6, STM32C031C4U3, STM32C031C4U6, STM32C031C6T3, STM32C031C6T6, STM32C031C6U3, STM32C031C6U6, STM32C031F4P3, STM32C031F4P6, STM32C031F6P3, STM32C031F6P6, STM32C031G4U3, STM32C031G4U6, STM32C031G6U3, STM32C031G6U6, STM32C031K4T3, STM32C031K4T6, STM32C031K4U3, STM32C031K4U6, STM32C031K6T3, STM32C031K6T6, STM32C031K6U3, STM32C031K6U6, STM32G071K8TXN, STM32G071K8UXN, STM32G081GBU6N, STM32G081KBT6N, STM32G081KBUXN, STM32G0B1CCT6N, STM32G0B1KCT6, STM32G0B1NEY6TR, STM32G0B1RCT6N, STM32G0C1CCT6, STM32G0C1CCT6N, STM32G0C1CCU6N, STM32G0C1CET6N, STM32G0C1CEU6N, STM32G0C1KCT6, STM32G0C1NEY6TR, STM32G0C1RCI6N, STM32G0C1RCT6N, STM32G0C1REI6N, STM32G0C1RET6N, STM32G0C1VCI6, STM32G0C1VEI6, STM32G471CCT6, STM32G471CCU6, STM32G471CET3, STM32G471CET6, STM32G471CEU3, STM32G471CEU6, STM32G471MCT6, STM32G471MET3, STM32G471MET6, STM32G471MEY6TR, STM32G471QCT6, STM32G471QET3, STM32G471RCT6, STM32G471RET3, STM32G471RET6, STM32G471VCH6, STM32G471VCI6, STM32G471VCT6, STM32G471VEH3, STM32G471VEH6, STM32G471VEI3, STM32G471VEI6, STM32G471VET3, STM32G471VET6, STM32G474CCT6, STM32H503CBT6, STM32H503CBU6, STM32H503EBY6TR, STM32H503KBU6, STM32H503RBT6, STM32H562AGI6, STM32H562AII6, STM32H562IGK6, STM32H562IGT6, STM32H562IIK6, STM32H562IIT6, STM32H562RGT6, STM32H562RGV6, STM32H562RIT6, STM32H562RIV6, STM32H562VGT6, STM32H562VIT6, STM32H562ZGT6, STM32H562ZIT6, STM32H563AGI6, STM32H563AII3Q, STM32H563AII6, STM32H563IGK6, STM32H563IGT6, STM32H563IIK3Q, STM32H563IIK6, STM32H563IIT3Q, STM32H563IIT6, STM32H563MIY3QTR, STM32H563RGT6, STM32H563RGV6, STM32H563RIT6, STM32H563RIV6, STM32H563VGT6, STM32H563VIT3Q, STM32H563VIT6, STM32H563ZGT6, STM32H563ZIT3Q, STM32H563ZIT6, STM32H573AII3Q, STM32H573AII6, STM32H573I-DK, STM32H573IIK3Q, STM32H573IIK6, STM32H573IIT3Q, STM32H573IIT6, STM32H573MIY3QTR, STM32H573RIT6, STM32H573RIV6, STM32H573VIT3Q, STM32H573VIT6, STM32H573ZIT3Q, STM32H573ZIT6, STM32L4R5QGI6STR, STM32MP131AAE3, STM32MP131AAF3, STM32MP131AAG3, STM32MP131CAE3, STM32MP131CAF3, STM32MP131CAG3, STM32MP131DAE7, STM32MP131DAF7, STM32MP131DAG7, STM32MP131FAE7, STM32MP131FAF7, STM32MP131FAG7, STM32MP133AAE3, STM32MP133AAF3, STM32MP133AAG3, STM32MP133CAE3, STM32MP133CAF3, STM32MP133CAG3, STM32MP133DAE7, STM32MP133DAF7, STM32MP133DAG7, STM32MP133FAE7, STM32MP133FAF7, STM32MP133FAG7, STM32MP135AAE3, STM32MP135AAF3, STM32MP135AAG3, STM32MP135CAE3, STM32MP135CAF3, STM32MP135CAG3, STM32MP135DAE7, STM32MP135DAF7, STM32MP135DAG7, STM32MP135F-DK, STM32MP135FAE7, STM32MP135FAF7, STM32MP135FAF7T, STM32MP135FAF7U, STM32MP135FAG7, STM32U535CBT6, STM32U535CBT6Q, STM32U535CBU6, STM32U535CBU6Q, STM32U535CCT6, STM32U535CCT6Q, STM32U535CCU6, STM32U535CCU6Q, STM32U535CET6, STM32U535CET6Q, STM32U535CEU6, STM32U535CEU6Q, STM32U535JEY6QTR, STM32U535NCY6QTR, STM32U535NEY6QTR, STM32U535RBI6, STM32U535RBI6Q, STM32U535RBT6, STM32U535RBT6Q, STM32U535RCI6, STM32U535RCI6Q, STM32U535RCT6, STM32U535RCT6Q, STM32U535REI6, STM32U535REI6Q, STM32U535RET6, STM32U535RET6Q, STM32U535VCI6, STM32U535VCI6Q, STM32U535VCT6, STM32U535VCT6Q, STM32U535VEI6, STM32U535VEI6Q, STM32U535VET6, STM32U535VET6Q, STM32U545CET6, STM32U545CET6Q, STM32U545CEU6, STM32U545CEU6Q, STM32U545JEY6QTR, STM32U545NEY6QTR, STM32U545REI6, STM32U545REI6Q, STM32U545RET6, STM32U545RET6Q, STM32U545VEI6, STM32U545VEI6Q, STM32U545VET6, STM32U545VET6Q, STM32U595AIH6, STM32U595AIH6Q, STM32U595AJH6, STM32U595AJH6Q, STM32U595QII6, STM32U595QII6Q, STM32U595QJI6, STM32U595QJI6Q, STM32U595RIT6, STM32U595RIT6Q, STM32U595RJT6, STM32U595RJT6Q, STM32U595VIT6, STM32U595VIT6Q, STM32U595VJT6, STM32U595VJT6Q, STM32U595ZIT6, STM32U595ZIT6Q, STM32U595ZIY6QTR, STM32U595ZJT6, STM32U595ZJT6Q, STM32U595ZJY6QTR, STM32U599BJY6QTR, STM32U599NIH6Q, STM32U599NJH6Q, STM32U599VIT6Q, STM32U599VJT6, STM32U599VJT6Q, STM32U599ZIT6Q, STM32U599ZIY6QTR, STM32U599ZJT6Q, STM32U599ZJY6QTR, STM32U5A5AJH6, STM32U5A5AJH6Q, STM32U5A5QJI6, STM32U5A5QJI6Q, STM32U5A5RJT6, STM32U5A5RJT6Q, STM32U5A5VJT6, STM32U5A5VJT6Q, STM32U5A5ZJT6, STM32U5A5ZJT6Q, STM32U5A5ZJY6QTR, STM32U5A9BJY6QTR, STM32U5A9J-DK, STM32U5A9NJH6Q, STM32U5A9VJT6Q, STM32U5A9ZJT6Q, STM32U5A9ZJY6QTR, STM32U5F7VIT6, STM32U5F7VIT6Q, STM32U5F7VJT6, STM32U5F7VJT6Q, STM32U5F9BJY6QTR, STM32U5F9NJH6Q, STM32U5F9VIT6Q, STM32U5F9VJT6Q, STM32U5F9ZIJ6QTR, STM32U5F9ZIT6Q, STM32U5F9ZJJ6QTR, STM32U5F9ZJT6Q, STM32U5G7VJT6, STM32U5G7VJT6Q, STM32U5G9BJY6QTR, STM32U5G9J-DK1, STM32U5G9J-DK2, STM32U5G9NJH6Q, STM32U5G9VJT6Q, STM32U5G9ZJJ6QTR, STM32U5G9ZJT6Q, STM32WB1MMCH6, STM32WBA52CEU6, STM32WBA52CEU6T, STM32WBA52CGU6, STM32WBA52CGU6T, STM32WBA52KEU6, STM32WBA52KEU6T, STM32WBA52KGU6, STM32WBA52KGU6T, STM32WL5MOCH6, STM32WL5MOCH6TR]
2025-06-06 08:59:37,899 [INFO] DbMcus:217 - Found 4642 MCUs, 4642 are supported
2025-06-06 08:59:37,907 [INFO] ApiDb:423 - Load user favorites file C:\Users\msi1/.stm32cubeide/favorites.mcus.txt: 4 item(s)
2025-06-06 08:59:37,907 [INFO] ApiDb:427 - User favorites MCUs=[STM32F103CBT6, STM32F303VCT6, STM32F401CCU6, STM32F407VGT6]
2025-06-06 08:59:37,907 [INFO] DbMcus:223 - Set 4 / 4 favorites MCUs
2025-06-06 08:59:38,380 [WARN] ThirdParty:833 - waiting for thirdparty lock release [change project]
2025-06-06 08:59:38,380 [INFO] ThirdParty:835 - entering critical section [change project]
2025-06-06 08:59:38,380 [INFO] ThirdParty:1030 - CMSIS Pack Vendor :STMicroelectronics USBPD 4.1
2025-06-06 08:59:38,380 [INFO] ThirdParty:1030 - CMSIS Pack Vendor :STMicroelectronics X-CUBE-GNSS1 6.0.0
2025-06-06 08:59:38,380 [INFO] ThirdParty:1030 - CMSIS Pack Vendor :STMicroelectronics USB_HOST 2.0.0
2025-06-06 08:59:38,380 [INFO] ThirdParty:1030 - CMSIS Pack Vendor :STMicroelectronics FP-SNS-MOTENVWB1 1.4.0
2025-06-06 08:59:38,380 [INFO] ThirdParty:1030 - CMSIS Pack Vendor :STMicroelectronics X-CUBE-AZRTOS-F4 1.1.0
2025-06-06 08:59:38,380 [INFO] ThirdParty:1030 - CMSIS Pack Vendor :STMicroelectronics LIBJPEG 8.0.0
2025-06-06 08:59:38,380 [INFO] ThirdParty:1030 - CMSIS Pack Vendor :STMicroelectronics FP-ATR-ASTRA1 2.0.2
2025-06-06 08:59:38,380 [INFO] ThirdParty:1030 - CMSIS Pack Vendor :STMicroelectronics FP-ATR-ASTRA1 2.0.1
2025-06-06 08:59:38,380 [INFO] ThirdParty:1030 - CMSIS Pack Vendor :STMicroelectronics X-CUBE-SMBUS 2.1.0
2025-06-06 08:59:38,380 [INFO] ThirdParty:1030 - CMSIS Pack Vendor :STMicroelectronics X-CUBE-WB05N 1.1.0
2025-06-06 08:59:38,380 [INFO] ThirdParty:1030 - CMSIS Pack Vendor :wolfSSL I-CUBE-wolfSSL 5.6.0
2025-06-06 08:59:38,380 [INFO] ThirdParty:1030 - CMSIS Pack Vendor :STMicroelectronics X-CUBE-ISPU 2.1.0
2025-06-06 08:59:38,380 [INFO] ThirdParty:1030 - CMSIS Pack Vendor :STMicroelectronics X-CUBE-FREERTOS 1.2.0
2025-06-06 08:59:38,380 [INFO] ThirdParty:1030 - CMSIS Pack Vendor :STMicroelectronics X-CUBE-TOUCHGFX 4.23.0
2025-06-06 08:59:38,380 [INFO] ThirdParty:1030 - CMSIS Pack Vendor :STMicroelectronics X-CUBE-TOUCHGFX 4.23.2
2025-06-06 08:59:38,380 [INFO] ThirdParty:1030 - CMSIS Pack Vendor :STMicroelectronics X-CUBE-AZRTOS-F7 1.1.0
2025-06-06 08:59:38,380 [INFO] ThirdParty:1030 - CMSIS Pack Vendor :STMicroelectronics X-CUBE-AZRTOS-L5 2.0.0
2025-06-06 08:59:38,380 [INFO] ThirdParty:1030 - CMSIS Pack Vendor :STMicroelectronics USB_DEVICE 2.0.0
2025-06-06 08:59:38,380 [INFO] ThirdParty:1030 - CMSIS Pack Vendor :STMicroelectronics X-CUBE-MEMS1 9.6.0
2025-06-06 08:59:38,381 [INFO] ThirdParty:1030 - CMSIS Pack Vendor :STMicroelectronics X-CUBE-EEPRMA1 4.2.0
2025-06-06 08:59:38,381 [INFO] ThirdParty:1030 - CMSIS Pack Vendor :STMicroelectronics X-CUBE-NFC6 3.1.0
2025-06-06 08:59:38,381 [INFO] ThirdParty:1030 - CMSIS Pack Vendor :ITTIA_DB I-CUBE-ITTIADB 8.8.0
2025-06-06 08:59:38,381 [INFO] ThirdParty:1030 - CMSIS Pack Vendor :STMicroelectronics FP-SNS-MOTENV1 4.3.0
2025-06-06 08:59:38,381 [INFO] ThirdParty:1030 - CMSIS Pack Vendor :STMicroelectronics FP-SNS-MOTENV1 4.3.2
2025-06-06 08:59:38,381 [INFO] ThirdParty:1030 - CMSIS Pack Vendor :STMicroelectronics FP-SNS-FLIGHT1 5.0.0
2025-06-06 08:59:38,381 [INFO] ThirdParty:1030 - CMSIS Pack Vendor :STMicroelectronics X-CUBE-BLE1 6.2.4
2025-06-06 08:59:38,381 [INFO] ThirdParty:1030 - CMSIS Pack Vendor :STMicroelectronics FreeRTOS 0.0.1
2025-06-06 08:59:38,381 [INFO] ThirdParty:1030 - CMSIS Pack Vendor :emotas I-CUBE-CANOPEN 1.1.3
2025-06-06 08:59:38,381 [INFO] ThirdParty:1030 - CMSIS Pack Vendor :STMicroelectronics X-CUBE-BLEMGR 2.0.0
2025-06-06 08:59:38,381 [INFO] ThirdParty:1030 - CMSIS Pack Vendor :STMicroelectronics FP-SNS-FLIGHT1 5.0.2
2025-06-06 08:59:38,381 [INFO] ThirdParty:1030 - CMSIS Pack Vendor :STMicroelectronics X-CUBE-AI 9.0.0
2025-06-06 08:59:38,381 [INFO] ThirdParty:1030 - CMSIS Pack Vendor :STMicroelectronics X-CUBE-AZRTOS-H7 3.1.0
2025-06-06 08:59:38,381 [INFO] ThirdParty:1030 - CMSIS Pack Vendor :STMicroelectronics PDM2PCM 3.3.0
2025-06-06 08:59:38,381 [INFO] ThirdParty:1030 - CMSIS Pack Vendor :STMicroelectronics X-CUBE-DISPLAY 3.0.0
2025-06-06 08:59:38,381 [INFO] ThirdParty:1030 - CMSIS Pack Vendor :STMicroelectronics X-CUBE-BLE1 7.0.0
2025-06-06 08:59:38,381 [INFO] ThirdParty:1030 - CMSIS Pack Vendor :STMicroelectronics X-CUBE-NFC10 1.0.0
2025-06-06 08:59:38,381 [INFO] ThirdParty:1030 - CMSIS Pack Vendor :STMicroelectronics X-CUBE-FREERTOS 1.3.1
2025-06-06 08:59:38,381 [INFO] ThirdParty:1030 - CMSIS Pack Vendor :STMicroelectronics HAL Drivers 0.0.0
2025-06-06 08:59:38,381 [INFO] ThirdParty:1030 - CMSIS Pack Vendor :emotas I-CUBE-CANOPEN 1.3.0
2025-06-06 08:59:38,381 [INFO] ThirdParty:1030 - CMSIS Pack Vendor :STMicroelectronics X-CUBE-FREERTOS 1.3.0
2025-06-06 08:59:38,381 [INFO] ThirdParty:1030 - CMSIS Pack Vendor :STMicroelectronics X-CUBE-TOUCHGFX 4.22.0
2025-06-06 08:59:38,381 [INFO] ThirdParty:1030 - CMSIS Pack Vendor :STMicroelectronics X-CUBE-NFC7 1.0.1
2025-06-06 08:59:38,381 [INFO] ThirdParty:1030 - CMSIS Pack Vendor :STMicroelectronics MBEDTLS 2.14.1
2025-06-06 08:59:38,381 [INFO] ThirdParty:1030 - CMSIS Pack Vendor :STMicroelectronics X-CUBE-NFC7 1.0.0
2025-06-06 08:59:38,381 [INFO] ThirdParty:1030 - CMSIS Pack Vendor :STMicroelectronics X-CUBE-TOUCHGFX 4.22.1
2025-06-06 08:59:38,381 [INFO] ThirdParty:1030 - CMSIS Pack Vendor :wolfSSL I-CUBE-wolfTPM 3.2.0
2025-06-06 08:59:38,381 [INFO] ThirdParty:1030 - CMSIS Pack Vendor :STMicroelectronics X-CUBE-NFC6 3.0.0
2025-06-06 08:59:38,381 [INFO] ThirdParty:1030 - CMSIS Pack Vendor :STMicroelectronics X-CUBE-EEPRMA1 4.1.0
2025-06-06 08:59:38,381 [INFO] ThirdParty:1030 - CMSIS Pack Vendor :STMicroelectronics X-CUBE-BLEMGR 3.1.0
2025-06-06 08:59:38,381 [INFO] ThirdParty:1030 - CMSIS Pack Vendor :STMicroelectronics X-CUBE-AI 10.0.0
2025-06-06 08:59:38,382 [INFO] ThirdParty:1030 - CMSIS Pack Vendor :STMicroelectronics FP-SNS-SMARTAG2 1.2.0
2025-06-06 08:59:38,382 [INFO] ThirdParty:1030 - CMSIS Pack Vendor :STMicroelectronics X-CUBE-MEMS1 11.1.0
2025-06-06 08:59:38,382 [INFO] ThirdParty:1030 - CMSIS Pack Vendor :STMicroelectronics X-CUBE-AZRTOS-WL 2.0.0
2025-06-06 08:59:38,382 [INFO] ThirdParty:1030 - CMSIS Pack Vendor :STMicroelectronics FP-SNS-MOTENV1 5.0.0
2025-06-06 08:59:38,382 [INFO] ThirdParty:1030 - CMSIS Pack Vendor :STMicroelectronics USB_DEVICE 1.0.0
2025-06-06 08:59:38,382 [INFO] ThirdParty:1030 - CMSIS Pack Vendor :STMicroelectronics X-CUBE-AI 8.1.0
2025-06-06 08:59:38,382 [INFO] ThirdParty:1030 - CMSIS Pack Vendor :wolfSSL I-CUBE-wolfMQTT 1.19.0
2025-06-06 08:59:38,382 [INFO] ThirdParty:1030 - CMSIS Pack Vendor :STMicroelectronics X-CUBE-AZRTOS-L4 2.0.0
2025-06-06 08:59:38,382 [INFO] ThirdParty:1030 - CMSIS Pack Vendor :STMicroelectronics ThreadX 0.0.2
2025-06-06 08:59:38,382 [INFO] ThirdParty:1030 - CMSIS Pack Vendor :WES I-CUBE-Cesium 1.3.0
2025-06-06 08:59:38,382 [INFO] ThirdParty:1030 - CMSIS Pack Vendor :STMicroelectronics lwIP 2.1.2
2025-06-06 08:59:38,382 [INFO] ThirdParty:1030 - CMSIS Pack Vendor :STMicroelectronics X-CUBE-SFXS2LP1 4.0.0
2025-06-06 08:59:38,382 [INFO] ThirdParty:1030 - CMSIS Pack Vendor :STMicroelectronics X-CUBE-BLE2 3.3.0
2025-06-06 08:59:38,382 [INFO] ThirdParty:1030 - CMSIS Pack Vendor :STMicroelectronics PDM2PCM 3.2.0
2025-06-06 08:59:38,382 [INFO] ThirdParty:1030 - CMSIS Pack Vendor :STMicroelectronics X-CUBE-ISPU 1.1.0
2025-06-06 08:59:38,382 [INFO] ThirdParty:1030 - CMSIS Pack Vendor :STMicroelectronics X-CUBE-AZRTOS-H7 3.3.0
2025-06-06 08:59:38,382 [INFO] ThirdParty:1030 - CMSIS Pack Vendor :STMicroelectronics X-CUBE-NFC9 1.0.0
2025-06-06 08:59:38,382 [INFO] ThirdParty:1030 - CMSIS Pack Vendor :STMicroelectronics X-CUBE-BLE1 7.1.0
2025-06-06 08:59:38,382 [INFO] ThirdParty:1030 - CMSIS Pack Vendor :STMicroelectronics USB_DEVICE 3.0.0
2025-06-06 08:59:38,382 [INFO] ThirdParty:1030 - CMSIS Pack Vendor :STMicroelectronics X-CUBE-TCPP 4.1.0
2025-06-06 08:59:38,383 [INFO] ThirdParty:1030 - CMSIS Pack Vendor :STMicroelectronics X-CUBE-AZRTOS-WB 2.0.0
2025-06-06 08:59:38,383 [INFO] ThirdParty:1030 - CMSIS Pack Vendor :STMicroelectronics X-CUBE-FREERTOS 1.0.1
2025-06-06 08:59:38,383 [INFO] ThirdParty:1030 - CMSIS Pack Vendor :STMicroelectronics X-CUBE-GNSS1 7.0.1
2025-06-06 08:59:38,383 [INFO] ThirdParty:1030 - CMSIS Pack Vendor :STMicroelectronics X-CUBE-TOUCHGFX 4.21.4
2025-06-06 08:59:38,383 [INFO] ThirdParty:1030 - CMSIS Pack Vendor :STMicroelectronics X-CUBE-TOUCHGFX 4.25.0
2025-06-06 08:59:38,383 [INFO] ThirdParty:1030 - CMSIS Pack Vendor :STMicroelectronics X-CUBE-AI 10.1.0
2025-06-06 08:59:38,383 [INFO] ThirdParty:1030 - CMSIS Pack Vendor :STMicroelectronics X-CUBE-ALGOBUILD 1.3.0
2025-06-06 08:59:38,383 [INFO] ThirdParty:1030 - CMSIS Pack Vendor :STMicroelectronics X-CUBE-AZRTOS-L5 1.1.0
2025-06-06 08:59:38,383 [INFO] ThirdParty:1030 - CMSIS Pack Vendor :STMicroelectronics X-CUBE-MEMS1 11.2.0
2025-06-06 08:59:38,383 [INFO] ThirdParty:1030 - CMSIS Pack Vendor :STMicroelectronics X-CUBE-AZRTOS-G0 1.1.0
2025-06-06 08:59:38,383 [INFO] ThirdParty:1030 - CMSIS Pack Vendor :STMicroelectronics X-CUBE-AI 8.0.1
2025-06-06 08:59:38,383 [INFO] ThirdParty:1030 - CMSIS Pack Vendor :STMicroelectronics X-CUBE-SAFEA1 1.2.2
2025-06-06 08:59:38,383 [INFO] ThirdParty:1030 - CMSIS Pack Vendor :STMicroelectronics X-CUBE-NFC4 3.0.0
2025-06-06 08:59:38,383 [INFO] ThirdParty:1030 - CMSIS Pack Vendor :STMicroelectronics X-CUBE-SUBG2 5.0.0
2025-06-06 08:59:38,384 [INFO] ThirdParty:1030 - CMSIS Pack Vendor :STMicroelectronics X-CUBE-AZRTOS-H7RS 1.1.0
2025-06-06 08:59:38,384 [INFO] ThirdParty:1030 - CMSIS Pack Vendor :STMicroelectronics STM32_WPAN 1.0.0
2025-06-06 08:59:38,384 [INFO] ThirdParty:1030 - CMSIS Pack Vendor :wolfSSL I-CUBE-wolfMQTT 1.18.0
2025-06-06 08:59:38,384 [INFO] ThirdParty:1030 - CMSIS Pack Vendor :STMicroelectronics lwIP 2.0.3
2025-06-06 08:59:38,384 [INFO] ThirdParty:1030 - CMSIS Pack Vendor :Cesanta I-CUBE-Mongoose 7.13.0
2025-06-06 08:59:38,384 [INFO] ThirdParty:1030 - CMSIS Pack Vendor :STMicroelectronics USB_HOST 1.0.0
2025-06-06 08:59:38,384 [INFO] ThirdParty:1030 - CMSIS Pack Vendor :STMicroelectronics X-CUBE-TOF1 3.3.1
2025-06-06 08:59:38,384 [INFO] ThirdParty:1030 - CMSIS Pack Vendor :STMicroelectronics X-CUBE-AZRTOS-G4 2.0.0
2025-06-06 08:59:38,384 [INFO] ThirdParty:1030 - CMSIS Pack Vendor :STMicroelectronics X-CUBE-WB05N 2.0.0
2025-06-06 08:59:38,384 [INFO] ThirdParty:1030 - CMSIS Pack Vendor :STMicroelectronics PDM2PCM 3.1.0
2025-06-06 08:59:38,384 [INFO] ThirdParty:1030 - CMSIS Pack Vendor :STMicroelectronics X-CUBE-TOF1 3.3.0
2025-06-06 08:59:38,384 [INFO] ThirdParty:1030 - CMSIS Pack Vendor :Infineon AIROC-Wi-Fi-Bluetooth-STM32 1.5.1
2025-06-06 08:59:38,384 [INFO] ThirdParty:1030 - CMSIS Pack Vendor :STMicroelectronics X-CUBE-BLEMGR 3.0.0
2025-06-06 08:59:38,384 [INFO] ThirdParty:1030 - CMSIS Pack Vendor :STMicroelectronics FP-SNS-MOTENVWB1 1.3.0
2025-06-06 08:59:38,385 [INFO] ThirdParty:1030 - CMSIS Pack Vendor :STMicroelectronics X-CUBE-NFC7 2.0.0
2025-06-06 08:59:38,385 [INFO] ThirdParty:1030 - CMSIS Pack Vendor :STMicroelectronics FP-SNS-MOTENVWB1 1.3.1
2025-06-06 08:59:38,385 [INFO] ThirdParty:1030 - CMSIS Pack Vendor :STMicroelectronics FP-ATR-SIGFOX1 3.2.0
2025-06-06 08:59:38,385 [INFO] ThirdParty:1030 - CMSIS Pack Vendor :STMicroelectronics X-CUBE-AZRTOS-L4 1.0.0
2025-06-06 08:59:38,385 [INFO] ThirdParty:1030 - CMSIS Pack Vendor :STMicroelectronics X-CUBE-ISPU 2.0.0
2025-06-06 08:59:38,385 [INFO] ThirdParty:1030 - CMSIS Pack Vendor :STMicroelectronics X-CUBE-EEPRMA1 5.1.0
2025-06-06 08:59:38,385 [INFO] ThirdParty:1030 - CMSIS Pack Vendor :STMicroelectronics MBEDTLS 2.16.2
2025-06-06 08:59:38,385 [INFO] ThirdParty:1030 - CMSIS Pack Vendor :STMicroelectronics X-CUBE-ALS 1.0.2
2025-06-06 08:59:38,385 [INFO] ThirdParty:1030 - CMSIS Pack Vendor :STMicroelectronics X-CUBE-MEMS1 10.0.0
2025-06-06 08:59:38,385 [INFO] ThirdParty:1030 - CMSIS Pack Vendor :STMicroelectronics X-CUBE-FREERTOS 1.1.0
2025-06-06 08:59:38,385 [INFO] ThirdParty:1030 - CMSIS Pack Vendor :wolfSSL I-CUBE-wolfSSL 5.7.6
2025-06-06 08:59:38,385 [INFO] ThirdParty:1030 - CMSIS Pack Vendor :STMicroelectronics X-CUBE-TOUCHGFX 4.24.0
2025-06-06 08:59:38,385 [INFO] ThirdParty:1030 - CMSIS Pack Vendor :ITTIA_DB I-CUBE-ITTIADB 8.9.0
2025-06-06 08:59:38,385 [INFO] ThirdParty:1030 - CMSIS Pack Vendor :STMicroelectronics X-CUBE-TOUCHGFX 4.24.2
2025-06-06 08:59:38,385 [INFO] ThirdParty:1030 - CMSIS Pack Vendor :STMicroelectronics X-CUBE-AZRTOS-WL 1.0.0
2025-06-06 08:59:38,385 [INFO] ThirdParty:1030 - CMSIS Pack Vendor :STMicroelectronics X-CUBE-TOUCHGFX 4.24.1
2025-06-06 08:59:38,385 [INFO] ThirdParty:1030 - CMSIS Pack Vendor :wolfSSL I-CUBE-wolfTPM 3.4.0
2025-06-06 08:59:38,385 [INFO] ThirdParty:1030 - CMSIS Pack Vendor :portGmbH I-Cube-SoM-uGOAL 1.1.0
2025-06-06 08:59:38,385 [INFO] ThirdParty:1030 - CMSIS Pack Vendor :STMicroelectronics X-CUBE-ALS 1.0.1
2025-06-06 08:59:38,386 [INFO] ThirdParty:1030 - CMSIS Pack Vendor :STMicroelectronics ThreadX 1.0.0
2025-06-06 08:59:38,386 [INFO] ThirdParty:1030 - CMSIS Pack Vendor :STMicroelectronics X-CUBE-AZRTOS-WB 1.1.0
2025-06-06 08:59:38,386 [INFO] ThirdParty:1030 - CMSIS Pack Vendor :SEGGER I-CUBE-embOS 1.3.1
2025-06-06 08:59:38,386 [INFO] ThirdParty:1030 - CMSIS Pack Vendor :STMicroelectronics X-CUBE-ALGOBUILD 1.4.0
2025-06-06 08:59:38,386 [INFO] ThirdParty:1030 - CMSIS Pack Vendor :STMicroelectronics X-CUBE-AZRTOS-H7RS 1.0.0
2025-06-06 08:59:38,386 [INFO] ThirdParty:1030 - CMSIS Pack Vendor :STMicroelectronics FP-ATR-ASTRA1 2.0.0
2025-06-06 08:59:38,386 [INFO] ThirdParty:1030 - CMSIS Pack Vendor :STMicroelectronics X-CUBE-AI 9.1.0
2025-06-06 08:59:38,386 [INFO] ThirdParty:1030 - CMSIS Pack Vendor :STMicroelectronics X-CUBE-TOF1 3.4.0
2025-06-06 08:59:38,386 [INFO] ThirdParty:1030 - CMSIS Pack Vendor :STMicroelectronics X-CUBE-TOF1 3.4.1
2025-06-06 08:59:38,386 [INFO] ThirdParty:1030 - CMSIS Pack Vendor :STMicroelectronics X-CUBE-AZRTOS-H7 3.2.0
2025-06-06 08:59:38,386 [INFO] ThirdParty:1030 - CMSIS Pack Vendor :wolfSSL I-CUBE-wolfSSH 1.4.17
2025-06-06 08:59:38,386 [INFO] ThirdParty:841 - exiting critical section [change project]
2025-06-06 08:59:38,650 [INFO] PinOutPanel:1499 - setPackage(No Configuration,No Configuration)
2025-06-06 08:59:38,652 [INFO] PinOutPanel:1499 - setPackage(STM32F103CBTx,LQFP48)
2025-06-06 08:59:39,282 [INFO] UtilMem:75 - Before build in PCC Used Memory: 264443920 Bytes (399507456)
2025-06-06 08:59:40,172 [INFO] UtilMem:75 - After build in PCC Used Memory: 197277840 Bytes (399507456)
2025-06-06 08:59:40,195 [INFO] IPUIPlugin:80 - create IPUIPlugin
2025-06-06 08:59:40,195 [INFO] IPUIPlugin:80 - create IPUIPlugin
2025-06-06 08:59:40,195 [INFO] IPUIPlugin:80 - create IPUIPlugin
2025-06-06 08:59:40,195 [INFO] IPUIPlugin:80 - create IPUIPlugin
2025-06-06 08:59:40,196 [INFO] IPUIPlugin:80 - create IPUIPlugin
2025-06-06 08:59:40,196 [INFO] IPUIPlugin:80 - create IPUIPlugin
2025-06-06 08:59:40,196 [INFO] IPUIPlugin:80 - create IPUIPlugin
2025-06-06 08:59:40,196 [INFO] IPUIPlugin:80 - create IPUIPlugin
2025-06-06 08:59:40,196 [INFO] IPUIPlugin:80 - create IPUIPlugin
2025-06-06 08:59:40,196 [INFO] IPUIPlugin:80 - create IPUIPlugin
2025-06-06 08:59:40,196 [INFO] IPUIPlugin:80 - create IPUIPlugin
2025-06-06 08:59:40,196 [INFO] IPUIPlugin:80 - create IPUIPlugin
2025-06-06 08:59:40,197 [INFO] IPUIPlugin:80 - create IPUIPlugin
2025-06-06 08:59:40,205 [INFO] IPUIPlugin:80 - create IPUIPlugin
2025-06-06 08:59:40,205 [INFO] IPUIPlugin:80 - create IPUIPlugin
2025-06-06 08:59:40,205 [INFO] IPUIPlugin:80 - create IPUIPlugin
2025-06-06 08:59:40,206 [INFO] IPUIPlugin:80 - create IPUIPlugin
2025-06-06 08:59:40,206 [INFO] IPUIPlugin:80 - create IPUIPlugin
2025-06-06 08:59:40,206 [INFO] IPUIPlugin:80 - create IPUIPlugin
2025-06-06 08:59:40,206 [INFO] IPUIPlugin:80 - create IPUIPlugin
2025-06-06 08:59:40,207 [INFO] IPUIPlugin:80 - create IPUIPlugin
2025-06-06 08:59:40,207 [INFO] IPUIPlugin:80 - create IPUIPlugin
2025-06-06 08:59:40,207 [INFO] IPUIPlugin:80 - create IPUIPlugin
2025-06-06 08:59:40,208 [INFO] IPUIPlugin:80 - create IPUIPlugin
2025-06-06 08:59:40,208 [INFO] IPUIPlugin:80 - create IPUIPlugin
2025-06-06 08:59:40,209 [INFO] IPUIPlugin:80 - create IPUIPlugin
2025-06-06 08:59:40,209 [INFO] IPUIPlugin:80 - create IPUIPlugin
2025-06-06 08:59:40,221 [WARN] IP:2114 - I2C_Coeff_DF not found: check if there is a RefParameter without a condition.
2025-06-06 08:59:40,222 [WARN] IP:2114 - Analog_Filter not found: check if there is a RefParameter without a condition.
2025-06-06 08:59:40,450 [INFO] CADModel:165 - CPN selected for project levelSTM32F103CBT6
2025-06-06 08:59:40,451 [INFO] CADModel:114 - Register for checkConnection events
2025-06-06 08:59:40,506 [INFO] OpenFileManager:328 - Restore cursor
2025-06-06 08:59:40,702 [WARN] IP:2114 - I2C_Coeff_DF not found: check if there is a RefParameter without a condition.
2025-06-06 08:59:40,702 [WARN] IP:2114 - Analog_Filter not found: check if there is a RefParameter without a condition.
2025-06-06 08:59:40,703 [WARN] IP:2114 - I2C_Coeff_DF not found: check if there is a RefParameter without a condition.
2025-06-06 08:59:40,703 [WARN] IP:2114 - Analog_Filter not found: check if there is a RefParameter without a condition.
2025-06-06 09:20:01,224 [INFO] UtilMem:75 - End SaveConfig() Used Memory: 835481008 Bytes (1073741824)
2025-06-06 09:20:01,837 [INFO] BlockDiagram:2759 - set Specific Code input for plugin: NVIC
2025-06-06 09:20:01,837 [INFO] BlockDiagram:2759 - set Specific Code input for plugin: USART
2025-06-06 09:20:01,838 [INFO] BlockDiagram:2759 - set Specific Code input for plugin: USART
2025-06-06 09:20:01,838 [INFO] BlockDiagram:2759 - set Specific Code input for plugin: SYS
2025-06-06 09:20:01,839 [INFO] BlockDiagram:2759 - set Specific Code input for plugin: GPIO
2025-06-06 09:20:01,839 [INFO] BlockDiagram:2759 - set Specific Code input for plugin: RCC
2025-06-06 09:20:01,839 [INFO] BlockDiagram:2759 - set Specific Code input for plugin: I2C
2025-06-06 09:20:01,844 [INFO] CodeGenerator:799 - code generatio: config db path: D:\ITC\STM32\STM32CubeIDE_1.13.0\STM32CubeIDE\plugins\com.st.stm32cube.common.mx_6.9.0.202307051724\\db\
2025-06-06 09:20:01,860 [WARN] IP:2114 - I2C_Coeff_DF not found: check if there is a RefParameter without a condition.
2025-06-06 09:20:01,860 [WARN] IP:2114 - Analog_Filter not found: check if there is a RefParameter without a condition.
2025-06-06 09:20:02,246 [INFO] CodeEngine:255 - oldGeneratedFile, D:\AIFARM\STM32_GREENB\stm32f103_nethouse\MXTmpFiles\license.tmp_save
2025-06-06 09:20:02,647 [INFO] CodeEngine:279 - Generated code: D:\AIFARM\STM32_GREENB\stm32f103_nethouse\MXTmpFiles\license.tmp
2025-06-06 09:20:02,805 [INFO] CodeEngine:255 - oldGeneratedFile, D:\AIFARM\STM32_GREENB\stm32f103_nethouse\MXTmpFiles\gpio.tmp_save
2025-06-06 09:20:02,950 [INFO] CodeEngine:279 - Generated code: D:\AIFARM\STM32_GREENB\stm32f103_nethouse\MXTmpFiles\gpio.tmp
2025-06-06 09:20:03,173 [INFO] CodeEngine:255 - oldGeneratedFile, D:\AIFARM\STM32_GREENB\stm32f103_nethouse\Core\Src\stm32f1xx_it.c_save
2025-06-06 09:20:03,324 [INFO] CodeEngine:279 - Generated code: D:\AIFARM\STM32_GREENB\stm32f103_nethouse\Core\Src\stm32f1xx_it.c
2025-06-06 09:20:03,359 [INFO] CodeEngine:255 - oldGeneratedFile, D:\AIFARM\STM32_GREENB\stm32f103_nethouse\Core\Inc\stm32f1xx_it.h_save
2025-06-06 09:20:03,478 [INFO] CodeEngine:279 - Generated code: D:\AIFARM\STM32_GREENB\stm32f103_nethouse\Core\Inc\stm32f1xx_it.h
2025-06-06 09:20:03,518 [INFO] CodeEngine:255 - oldGeneratedFile, D:\AIFARM\STM32_GREENB\stm32f103_nethouse\Core\Src\stm32f1xx_hal_msp.c_save
2025-06-06 09:20:03,663 [INFO] CodeEngine:279 - Generated code: D:\AIFARM\STM32_GREENB\stm32f103_nethouse\Core\Src\stm32f1xx_hal_msp.c
2025-06-06 09:20:03,677 [INFO] CodeEngine:255 - oldGeneratedFile, D:\AIFARM\STM32_GREENB\stm32f103_nethouse\MXTmpFiles\system.tmp_save
2025-06-06 09:20:03,766 [INFO] CodeEngine:279 - Generated code: D:\AIFARM\STM32_GREENB\stm32f103_nethouse\MXTmpFiles\system.tmp
2025-06-06 09:20:03,809 [INFO] CodeEngine:311 - oldGeneratedFile, D:\AIFARM\STM32_GREENB\stm32f103_nethouse\Core\Inc\stm32f1xx_hal_conf.h_save
2025-06-06 09:20:03,946 [INFO] CodeEngine:335 - Generated code: D:\AIFARM\STM32_GREENB\stm32f103_nethouse\Core\Inc\stm32f1xx_hal_conf.h
2025-06-06 09:20:04,032 [INFO] CodeEngine:255 - oldGeneratedFile, D:\AIFARM\STM32_GREENB\stm32f103_nethouse\Core\Inc\main.h_save
2025-06-06 09:20:04,147 [INFO] CodeEngine:279 - Generated code: D:\AIFARM\STM32_GREENB\stm32f103_nethouse\Core\Inc\main.h
2025-06-06 09:20:04,175 [INFO] CodeEngine:255 - oldGeneratedFile, D:\AIFARM\STM32_GREENB\stm32f103_nethouse\Core\Src\main.c_save
2025-06-06 09:20:04,365 [INFO] CodeEngine:279 - Generated code: D:\AIFARM\STM32_GREENB\stm32f103_nethouse\Core\Src\main.c
2025-06-06 09:20:05,010 [INFO] ProjectBuilder:3064 - Time for Copy HAL[1] : 239mS.
2025-06-06 09:20:05,014 [INFO] ProjectBuilder:4404 - Project Generator version: 4.1.0
2025-06-06 09:20:05,334 [INFO] ConfigFileManager:1457 - The Die is : DIE410
2025-06-06 09:20:05,370 [INFO] ApiDbMcu:507 - Load IP Config File for FATFS
2025-06-06 09:20:05,393 [INFO] ApiDbMcu:507 - Load IP Config File for FREERTOS
2025-06-06 09:20:05,416 [INFO] ApiDbMcu:507 - Load IP Config File for USB_DEVICE
2025-06-06 09:20:06,880 [INFO] LogOutputStream:77 - [STDOUT_REDIRECT] 
2025-06-06 09:20:10,256 [INFO] ProjectBuilder:4626 - Time for Generating toolchain IDE Files: 5241mS.
2025-06-06 09:20:10,256 [INFO] ProjectBuilder:2935 - Time for Copy CMSIS : 0mS.
2025-06-06 09:20:10,257 [INFO] ProjectBuilder:2935 - Time for Copy CMSIS : 0mS.
2025-06-06 13:16:37,882 [INFO] Activator:176 - 


2025-06-06 13:16:37,883 [INFO] Activator:177 - !SESSION log4j initialized
2025-06-06 13:16:45,725 [INFO] LogOutputStream:77 - [STDOUT_REDIRECT] 
2025-06-06 13:16:49,803 [INFO] ApplicationProperties:184 - Using Application install path: D:\ITC\STM32\STM32CubeIDE_1.13.0\STM32CubeIDE\plugins\com.st.stm32cube.common.mx_6.9.0.202307051724
2025-06-06 13:16:49,826 [INFO] DbMcusXml:78 - Set database path to: D:\ITC\STM32\STM32CubeIDE_1.13.0\STM32CubeIDE\plugins\com.st.stm32cube.common.mx_6.9.0.202307051724\\db\/mcu/
2025-06-06 13:16:49,827 [INFO] ApiDb:274 - Set plugin database path to: D:\ITC\STM32\STM32CubeIDE_1.13.0\STM32CubeIDE\plugins\com.st.stm32cube.common.mx_6.9.0.202307051724\\db\/plugins/boardmanager/
2025-06-06 13:16:49,827 [WARN] ApiDb:259 - Overriding images path with different value:  => D:\ITC\STM32\STM32CubeIDE_1.13.0\STM32CubeIDE\plugins\com.st.stm32cube.common.mx_6.9.0.202307051724\\db\/plugins/mcufinder/images/
2025-06-06 13:16:49,843 [INFO] ApiDb:250 - Set database path to: C:\Users\msi1\.stmcufinder\plugins\mcufinder//mcu/
2025-06-06 13:16:49,846 [INFO] DbMcusAds:125 - Set database path to: C:\Users\msi1\.stmcufinder\plugins\mcufinder//mcu/
2025-06-06 13:16:49,850 [INFO] CrossReferenceDbSqlite:203 - Set database path to: C:\Users\msi1\.stmcufinder\plugins\mcufinder//mcu/cs/
2025-06-06 13:16:49,968 [INFO] RulesReader:64 - Compatibility file has been processed (293 Rules)
2025-06-06 13:16:50,047 [INFO] DbMcusXml:78 - Set database path to: D:\ITC\STM32\STM32CubeIDE_1.13.0\STM32CubeIDE\plugins\com.st.stm32cube.common.mx_6.9.0.202307051724\\db\/mcu/
2025-06-06 13:16:50,047 [INFO] ApiDb:274 - Set plugin database path to: D:\ITC\STM32\STM32CubeIDE_1.13.0\STM32CubeIDE\plugins\com.st.stm32cube.common.mx_6.9.0.202307051724\\db\/plugins/boardmanager/
2025-06-06 13:16:50,047 [INFO] ApiDb:261 - Set plugin images path to: D:\ITC\STM32\STM32CubeIDE_1.13.0\STM32CubeIDE\plugins\com.st.stm32cube.common.mx_6.9.0.202307051724\\db\/plugins/mcufinder/images/
2025-06-06 13:16:50,047 [WARN] DbFile:41 - Overriding database path with different value: C:\Users\msi1\.stmcufinder\plugins\mcufinder/ => C:\Users\msi1\.stmcufinder\plugins\mcufinder
2025-06-06 13:16:50,048 [INFO] ApiDb:250 - Set database path to: C:\Users\msi1\.stmcufinder\plugins\mcufinder//mcu/
2025-06-06 13:16:50,048 [WARN] DbFile:41 - Overriding database path with different value: C:\Users\msi1\.stmcufinder\plugins\mcufinder/ => C:\Users\msi1\.stmcufinder\plugins\mcufinder
2025-06-06 13:16:50,048 [INFO] DbMcusAds:125 - Set database path to: C:\Users\msi1\.stmcufinder\plugins\mcufinder//mcu/
2025-06-06 13:16:50,048 [WARN] DbFile:41 - Overriding database path with different value: C:\Users\msi1\.stmcufinder\plugins\mcufinder/ => C:\Users\msi1\.stmcufinder\plugins\mcufinder
2025-06-06 13:16:50,048 [WARN] DbFile:41 - Overriding database path with different value: C:\Users\msi1\.stmcufinder\plugins\mcufinder/ => C:\Users\msi1\.stmcufinder\plugins\mcufinder
2025-06-06 13:16:50,048 [INFO] CrossReferenceDbSqlite:203 - Set database path to: C:\Users\msi1\.stmcufinder\plugins\mcufinder//mcu/cs/
2025-06-06 13:16:50,119 [INFO] MainPanel:262 - HeapMemory: 268435456
2025-06-06 13:16:50,210 [INFO] DbMcusXml:78 - Set database path to: D:\ITC\STM32\STM32CubeIDE_1.13.0\STM32CubeIDE\plugins\com.st.stm32cube.common.mx_6.9.0.202307051724\\db\/mcu/
2025-06-06 13:16:50,210 [INFO] ApiDb:274 - Set plugin database path to: D:\ITC\STM32\STM32CubeIDE_1.13.0\STM32CubeIDE\plugins\com.st.stm32cube.common.mx_6.9.0.202307051724\\db\/plugins/boardmanager/
2025-06-06 13:16:50,210 [INFO] ApiDb:261 - Set plugin images path to: D:\ITC\STM32\STM32CubeIDE_1.13.0\STM32CubeIDE\plugins\com.st.stm32cube.common.mx_6.9.0.202307051724\\db\/plugins/mcufinder/images/
2025-06-06 13:16:50,211 [WARN] DbFile:41 - Overriding database path with different value: C:\Users\msi1\.stmcufinder\plugins\mcufinder/ => C:\Users\msi1\.stmcufinder\plugins\mcufinder
2025-06-06 13:16:50,211 [INFO] ApiDb:250 - Set database path to: C:\Users\msi1\.stmcufinder\plugins\mcufinder//mcu/
2025-06-06 13:16:50,211 [WARN] DbFile:41 - Overriding database path with different value: C:\Users\msi1\.stmcufinder\plugins\mcufinder/ => C:\Users\msi1\.stmcufinder\plugins\mcufinder
2025-06-06 13:16:50,211 [INFO] DbMcusAds:125 - Set database path to: C:\Users\msi1\.stmcufinder\plugins\mcufinder//mcu/
2025-06-06 13:16:50,211 [WARN] DbFile:41 - Overriding database path with different value: C:\Users\msi1\.stmcufinder\plugins\mcufinder/ => C:\Users\msi1\.stmcufinder\plugins\mcufinder
2025-06-06 13:16:50,211 [WARN] DbFile:41 - Overriding database path with different value: C:\Users\msi1\.stmcufinder\plugins\mcufinder/ => C:\Users\msi1\.stmcufinder\plugins\mcufinder
2025-06-06 13:16:50,211 [INFO] CrossReferenceDbSqlite:203 - Set database path to: C:\Users\msi1\.stmcufinder\plugins\mcufinder//mcu/cs/
2025-06-06 13:16:50,229 [INFO] ApplicationProperties:184 - Using Application install path: D:\ITC\STM32\STM32CubeIDE_1.13.0\STM32CubeIDE\plugins\com.st.stm32cube.common.mx_6.9.0.202307051724
2025-06-06 13:16:50,230 [INFO] PluginManage:196 - Search for loadable plugins [exclusion list=, ]
2025-06-06 13:16:50,232 [INFO] PluginManage:310 - Check plugin analytics
2025-06-06 13:16:50,361 [INFO] AnalyticsPlugin:253 - Accepted Software Licenses: 
2025-06-06 13:16:50,361 [INFO] AnalyticsPlugin:255 - Accepted CMSIS Pack Licenses: 
2025-06-06 13:16:50,361 [INFO] AnalyticsPlugin:257 - Accepted Firmware Licenses: FW.F4.1.27.0
2025-06-06 13:16:50,364 [INFO] PluginManage:359 - Loaded plugin analytics (category:tool,tabindex:-1)
2025-06-06 13:16:50,364 [INFO] PluginManage:310 - Check plugin cadmodel
2025-06-06 13:16:50,379 [INFO] CADModel:105 - Init CAD model plugin
2025-06-06 13:16:50,379 [INFO] PluginManage:359 - Loaded plugin cadmodel (category:power,tabindex:5)
2025-06-06 13:16:50,379 [INFO] PluginManage:310 - Check plugin clock
2025-06-06 13:16:50,399 [INFO] PluginManage:359 - Loaded plugin clock (category:base,tabindex:2)
2025-06-06 13:16:50,399 [INFO] PluginManage:310 - Check plugin ddr
2025-06-06 13:16:50,401 [INFO] PluginManage:359 - Loaded plugin ddr (category:tool,tabindex:6)
2025-06-06 13:16:50,402 [INFO] PluginManage:310 - Check plugin filemanager
2025-06-06 13:16:50,567 [INFO] PluginManage:359 - Loaded plugin filemanager (category:base,tabindex:10)
2025-06-06 13:16:50,568 [INFO] PluginManage:310 - Check plugin ipmanager
2025-06-06 13:16:50,579 [INFO] PluginManage:359 - Loaded plugin ipmanager (category:base,tabindex:5)
2025-06-06 13:16:50,579 [INFO] PluginManage:310 - Check plugin lpbam
2025-06-06 13:16:50,601 [INFO] PluginManage:359 - Loaded plugin lpbam (category:base,tabindex:0)
2025-06-06 13:16:50,601 [INFO] PluginManage:310 - Check plugin memorymap
2025-06-06 13:16:50,630 [INFO] PluginManage:359 - Loaded plugin memorymap (category:base,tabindex:4)
2025-06-06 13:16:50,631 [INFO] PluginManage:310 - Check plugin pinoutandconfiguration
2025-06-06 13:16:50,647 [INFO] PluginManage:359 - Loaded plugin pinoutandconfiguration (category:base,tabindex:1)
2025-06-06 13:16:50,647 [INFO] PluginManage:310 - Check plugin pinoutconfig
2025-06-06 13:16:50,738 [WARN] SupportedApi:132 - Cannot load RTOS API schema: s4s-elt-must-match.1: The content of 'definitions' must match (annotation?, (simpleType | complexType)?, (unique | key | keyref)*)). A problem was found starting at: attribute.
2025-06-06 13:16:50,860 [INFO] PluginManage:359 - Loaded plugin pinoutconfig (category:base,tabindex:0)
2025-06-06 13:16:50,860 [INFO] PluginManage:310 - Check plugin power
2025-06-06 13:16:50,884 [INFO] PluginManage:359 - Loaded plugin power (category:power,tabindex:4)
2025-06-06 13:16:50,884 [INFO] PluginManage:310 - Check plugin projectmanager
2025-06-06 13:16:50,895 [INFO] PluginManage:359 - Loaded plugin projectmanager (category:projectmanager,tabindex:3)
2025-06-06 13:16:50,896 [INFO] PluginManage:310 - Check plugin thirdparty
2025-06-06 13:16:51,194 [INFO] PluginManage:359 - Loaded plugin thirdparty (category:base,tabindex:-1)
2025-06-06 13:16:51,195 [INFO] PluginManage:310 - Check plugin tools
2025-06-06 13:16:51,194 [WARN] IntegrityCheckThread:84 - waiting for thirdparty lock release [integrity check]
2025-06-06 13:16:51,195 [INFO] IntegrityCheckThread:86 - entering critical section [integrity check]
2025-06-06 13:16:51,195 [INFO] ThirdPartyUpdaterWithRetryManager:70 - Updater plugin not ready yet. [1/15]
2025-06-06 13:16:51,238 [INFO] PluginManage:359 - Loaded plugin tools (category:base,tabindex:7)
2025-06-06 13:16:51,238 [INFO] PluginManage:310 - Check plugin tutovideos
2025-06-06 13:16:51,458 [INFO] PluginManage:359 - Loaded plugin tutovideos (category:base,tabindex:-1)
2025-06-06 13:16:51,458 [INFO] PluginManage:310 - Check plugin updater
2025-06-06 13:16:51,469 [INFO] PluginManage:359 - Loaded plugin updater (category:base,tabindex:12)
2025-06-06 13:16:51,469 [INFO] PluginManage:310 - Check plugin userauth
2025-06-06 13:16:51,474 [INFO] UserAuth:113 - Init User Auth plugin
2025-06-06 13:16:51,474 [INFO] PluginManage:359 - Loaded plugin userauth (category:base,tabindex:14)
2025-06-06 13:16:51,474 [INFO] PluginManage:283 - PluginManage : Loaded plugins [17]
2025-06-06 13:16:51,679 [INFO] PinOutPanel:1499 - setPackage(No Configuration,No Configuration)
2025-06-06 13:16:51,778 [INFO] CADModel:165 - CPN selected for project level
2025-06-06 13:16:51,778 [INFO] CADModel:114 - Register for checkConnection events
2025-06-06 13:16:51,804 [INFO] IPUIPlugin:80 - create IPUIPlugin
2025-06-06 13:16:51,804 [INFO] PluginManager:220 - loadIPPluginJar : add adc
2025-06-06 13:16:51,840 [INFO] IPUIPlugin:80 - create IPUIPlugin
2025-06-06 13:16:51,840 [INFO] PluginManager:220 - loadIPPluginJar : add aes
2025-06-06 13:16:51,883 [INFO] IPUIPlugin:80 - create IPUIPlugin
2025-06-06 13:16:51,884 [INFO] PluginManager:220 - loadIPPluginJar : add can
2025-06-06 13:16:51,909 [INFO] IPUIPlugin:80 - create IPUIPlugin
2025-06-06 13:16:51,909 [INFO] PluginManager:220 - loadIPPluginJar : add comp
2025-06-06 13:16:51,946 [INFO] IPUIPlugin:80 - create IPUIPlugin
2025-06-06 13:16:51,946 [INFO] PluginManager:220 - loadIPPluginJar : add cryp
2025-06-06 13:16:51,977 [INFO] IPUIPlugin:80 - create IPUIPlugin
2025-06-06 13:16:51,977 [INFO] PluginManager:220 - loadIPPluginJar : add dfsdm
2025-06-06 13:16:51,994 [INFO] IPUIPlugin:80 - create IPUIPlugin
2025-06-06 13:16:51,995 [INFO] PluginManager:220 - loadIPPluginJar : add dma
2025-06-06 13:16:52,043 [INFO] IPUIPlugin:80 - create IPUIPlugin
2025-06-06 13:16:52,043 [INFO] PluginManager:220 - loadIPPluginJar : add dma3
2025-06-06 13:16:52,066 [INFO] IPUIPlugin:80 - create IPUIPlugin
2025-06-06 13:16:52,066 [INFO] PluginManager:220 - loadIPPluginJar : add fatfs
2025-06-06 13:16:52,111 [INFO] IPUIPlugin:80 - create IPUIPlugin
2025-06-06 13:16:52,111 [INFO] PluginManager:220 - loadIPPluginJar : add fmc
2025-06-06 13:16:52,126 [INFO] IPUIPlugin:80 - create IPUIPlugin
2025-06-06 13:16:52,126 [INFO] PluginManager:220 - loadIPPluginJar : add freertos
2025-06-06 13:16:52,148 [INFO] IPUIPlugin:80 - create IPUIPlugin
2025-06-06 13:16:52,148 [INFO] PluginManager:220 - loadIPPluginJar : add genericplugin
2025-06-06 13:16:52,241 [INFO] IPUIPlugin:80 - create IPUIPlugin
2025-06-06 13:16:52,241 [INFO] PluginManager:220 - loadIPPluginJar : add gfxmmu
2025-06-06 13:16:52,368 [INFO] IPUIPlugin:80 - create IPUIPlugin
2025-06-06 13:16:52,368 [INFO] PluginManager:220 - loadIPPluginJar : add gic
2025-06-06 13:16:52,380 [INFO] IPUIPlugin:80 - create IPUIPlugin
2025-06-06 13:16:52,381 [INFO] PluginManager:220 - loadIPPluginJar : add gpio
2025-06-06 13:16:52,477 [INFO] IPUIPlugin:80 - create IPUIPlugin
2025-06-06 13:16:52,477 [INFO] PluginManager:220 - loadIPPluginJar : add gtzc
2025-06-06 13:16:52,511 [INFO] IPUIPlugin:80 - create IPUIPlugin
2025-06-06 13:16:52,511 [INFO] PluginManager:220 - loadIPPluginJar : add hash
2025-06-06 13:16:52,568 [INFO] IPUIPlugin:80 - create IPUIPlugin
2025-06-06 13:16:52,568 [INFO] PluginManager:220 - loadIPPluginJar : add i2c
2025-06-06 13:16:52,607 [INFO] IPUIPlugin:80 - create IPUIPlugin
2025-06-06 13:16:52,607 [INFO] PluginManager:220 - loadIPPluginJar : add i2s
2025-06-06 13:16:52,647 [INFO] IPUIPlugin:80 - create IPUIPlugin
2025-06-06 13:16:52,647 [INFO] PluginManager:220 - loadIPPluginJar : add i3c
2025-06-06 13:16:52,755 [INFO] IPUIPlugin:80 - create IPUIPlugin
2025-06-06 13:16:52,755 [INFO] PluginManager:220 - loadIPPluginJar : add ipddr
2025-06-06 13:16:52,851 [INFO] IPUIPlugin:80 - create IPUIPlugin
2025-06-06 13:16:52,851 [INFO] PluginManager:220 - loadIPPluginJar : add linkedlist
2025-06-06 13:16:52,889 [INFO] IPUIPlugin:80 - create IPUIPlugin
2025-06-06 13:16:52,889 [INFO] PluginManager:220 - loadIPPluginJar : add lorawan
2025-06-06 13:16:52,926 [INFO] IPUIPlugin:80 - create IPUIPlugin
2025-06-06 13:16:52,926 [INFO] PluginManager:220 - loadIPPluginJar : add ltdc
2025-06-06 13:16:52,941 [INFO] IPUIPlugin:80 - create IPUIPlugin
2025-06-06 13:16:52,941 [INFO] PluginManager:220 - loadIPPluginJar : add mdma
2025-06-06 13:16:52,953 [INFO] IPUIPlugin:80 - create IPUIPlugin
2025-06-06 13:16:52,953 [INFO] PluginManager:220 - loadIPPluginJar : add nvic
2025-06-06 13:16:52,991 [INFO] IPUIPlugin:80 - create IPUIPlugin
2025-06-06 13:16:52,992 [INFO] PluginManager:220 - loadIPPluginJar : add opamp
2025-06-06 13:16:53,052 [INFO] IPUIPlugin:80 - create IPUIPlugin
2025-06-06 13:16:53,053 [INFO] PluginManager:220 - loadIPPluginJar : add openamp
2025-06-06 13:16:53,098 [INFO] IPUIPlugin:80 - create IPUIPlugin
2025-06-06 13:16:53,098 [INFO] PluginManager:220 - loadIPPluginJar : add pdm2pcm
2025-06-06 13:16:53,112 [INFO] IPUIPlugin:80 - create IPUIPlugin
2025-06-06 13:16:53,115 [INFO] PluginManager:220 - loadIPPluginJar : add plateformsettings
2025-06-06 13:16:53,141 [INFO] IPUIPlugin:80 - create IPUIPlugin
2025-06-06 13:16:53,141 [INFO] PluginManager:220 - loadIPPluginJar : add quadspi
2025-06-06 13:16:53,158 [INFO] IPUIPlugin:80 - create IPUIPlugin
2025-06-06 13:16:53,158 [INFO] PluginManager:220 - loadIPPluginJar : add resmgrutility
2025-06-06 13:16:53,211 [INFO] IPUIPlugin:80 - create IPUIPlugin
2025-06-06 13:16:53,212 [INFO] PluginManager:220 - loadIPPluginJar : add sai
2025-06-06 13:16:53,251 [INFO] IPUIPlugin:80 - create IPUIPlugin
2025-06-06 13:16:53,251 [INFO] PluginManager:220 - loadIPPluginJar : add spi
2025-06-06 13:16:53,309 [INFO] IPUIPlugin:80 - create IPUIPlugin
2025-06-06 13:16:53,309 [INFO] PluginManager:220 - loadIPPluginJar : add stm32_wpan
2025-06-06 13:16:53,336 [INFO] IPUIPlugin:80 - create IPUIPlugin
2025-06-06 13:16:53,336 [INFO] PluginManager:220 - loadIPPluginJar : add tim
2025-06-06 13:16:53,392 [INFO] IPUIPlugin:80 - create IPUIPlugin
2025-06-06 13:16:53,392 [INFO] PluginManager:220 - loadIPPluginJar : add touchsensing
2025-06-06 13:16:53,416 [INFO] IPUIPlugin:80 - create IPUIPlugin
2025-06-06 13:16:53,416 [INFO] PluginManager:220 - loadIPPluginJar : add tracer_emb
2025-06-06 13:16:53,439 [INFO] IPUIPlugin:80 - create IPUIPlugin
2025-06-06 13:16:53,439 [INFO] PluginManager:220 - loadIPPluginJar : add ts
2025-06-06 13:16:53,464 [INFO] IPUIPlugin:80 - create IPUIPlugin
2025-06-06 13:16:53,464 [INFO] PluginManager:220 - loadIPPluginJar : add tsc
2025-06-06 13:16:53,487 [INFO] IPUIPlugin:80 - create IPUIPlugin
2025-06-06 13:16:53,487 [INFO] PluginManager:220 - loadIPPluginJar : add ucpd
2025-06-06 13:16:53,530 [INFO] IPUIPlugin:80 - create IPUIPlugin
2025-06-06 13:16:53,530 [INFO] PluginManager:220 - loadIPPluginJar : add usart
2025-06-06 13:16:53,573 [INFO] IPUIPlugin:80 - create IPUIPlugin
2025-06-06 13:16:53,573 [INFO] PluginManager:220 - loadIPPluginJar : add usbx
2025-06-06 13:16:53,686 [INFO] CADModel:165 - CPN selected for project level
2025-06-06 13:16:53,687 [INFO] CADModel:114 - Register for checkConnection events
2025-06-06 13:16:53,687 [FATAL] Updater:308 - Updater called before beeing initialized
2025-06-06 13:16:53,687 [ERROR] CADModel:125 - Updater not yet initialized, retry later 
2025-06-06 13:16:53,831 [INFO] CADModel:165 - CPN selected for project level
2025-06-06 13:16:53,831 [INFO] CADModel:114 - Register for checkConnection events
2025-06-06 13:16:53,831 [FATAL] Updater:308 - Updater called before beeing initialized
2025-06-06 13:16:53,831 [ERROR] CADModel:125 - Updater not yet initialized, retry later 
2025-06-06 13:16:53,834 [FATAL] Updater:308 - Updater called before beeing initialized
2025-06-06 13:16:53,929 [FATAL] Updater:308 - Updater called before beeing initialized
2025-06-06 13:16:53,940 [INFO] DbMcusAds:53 - JSON generation date=Wed May 07 16:07:55 ICT 2025 (1746608875679)
2025-06-06 13:16:53,940 [FATAL] Updater:308 - Updater called before beeing initialized
2025-06-06 13:16:54,022 [WARN] DetailPanel:346 - Failed to get advertising image, set to default
2025-06-06 13:16:54,101 [FATAL] Updater:308 - Updater called before beeing initialized
2025-06-06 13:16:54,103 [FATAL] Updater:308 - Updater called before beeing initialized
2025-06-06 13:16:54,103 [FATAL] Updater:308 - Updater called before beeing initialized
2025-06-06 13:16:54,103 [WARN] DetailPanel:346 - Failed to get advertising image, set to default
2025-06-06 13:16:54,103 [FATAL] Updater:308 - Updater called before beeing initialized
2025-06-06 13:16:54,159 [ERROR] Updater:1120 - MainUpdater not yet initialized. External WinMGr cannot be set.
2025-06-06 13:16:54,171 [INFO] Updater:1056 - Updater Version found : 6.9.0
2025-06-06 13:16:54,187 [INFO] ApplicationProperties:184 - Using Application install path: D:\ITC\STM32\STM32CubeIDE_1.13.0\STM32CubeIDE\plugins\com.st.stm32cube.common.mx_6.9.0.202307051724
2025-06-06 13:16:54,197 [INFO] ThirdPartyUpdaterWithRetryManager:70 - Updater plugin not ready yet. [2/15]
2025-06-06 13:16:55,135 [INFO] MainUpdater:2868 - connection check result : 10
2025-06-06 13:16:55,136 [INFO] MainUpdater:285 - Updater Check For Update Now.
2025-06-06 13:16:55,136 [INFO] MicroXplorer:498 - Change Database Version : DB.6.0.90
2025-06-06 13:16:55,165 [INFO] McuFinderGlobals:63 - Set McuFinder mode to 2 (CubeIDE integrated)
2025-06-06 13:16:55,375 [INFO] CheckServerUpdateThread:120 - End of CheckServer Thread
2025-06-06 13:16:57,499 [WARN] PackLoader:240 - Cannot read IP mode file for STMicroelectronics.FP-SNS-MOTENVWB1.1.4.0
2025-06-06 13:16:57,515 [WARN] PackLoader:240 - Cannot read IP mode file for STMicroelectronics.FP-ATR-ASTRA1.2.0.2
2025-06-06 13:16:57,527 [WARN] PackLoader:240 - Cannot read IP mode file for STMicroelectronics.FP-ATR-ASTRA1.2.0.1
2025-06-06 13:16:57,542 [WARN] PackLoader:240 - Cannot read IP mode file for STMicroelectronics.X-CUBE-SMBUS.2.1.0
2025-06-06 13:16:57,557 [WARN] PackLoader:240 - Cannot read IP mode file for STMicroelectronics.X-CUBE-WB05N.1.1.0
2025-06-06 13:16:57,570 [ERROR] Engine:466 - C:\Users\msi1\.stm32cubemx\thirdparties\pdsc\STMicroelectronics.X-CUBE-ST60.1.0.0.pdsc: PDSC version is not supported
2025-06-06 13:16:57,583 [WARN] PackLoader:240 - Cannot read IP mode file for STMicroelectronics.X-CUBE-TOUCHGFX.4.23.0
2025-06-06 13:16:57,596 [WARN] PackLoader:240 - Cannot read IP mode file for STMicroelectronics.X-CUBE-TOUCHGFX.4.23.2
2025-06-06 13:16:57,635 [WARN] PackLoader:240 - Cannot read IP mode file for STMicroelectronics.X-CUBE-AZRTOS-F7.1.1.0
2025-06-06 13:16:57,653 [ERROR] RealEvaluatedCondition:428 - Found unsupported composite condition: CLASS='Data Exchange' GROUP='STM32_MetaDataManager'
2025-06-06 13:16:57,653 [ERROR] RealEvaluatedCondition:428 - Found unsupported composite condition: GROUP='STM32_MetaDataManager' CLASS='Data Exchange'
2025-06-06 13:16:57,654 [WARN] PackLoader:240 - Cannot read IP mode file for STMicroelectronics.FP-SNS-MOTENV1.4.3.0
2025-06-06 13:16:57,671 [WARN] PackLoader:240 - Cannot read IP mode file for STMicroelectronics.FP-SNS-MOTENV1.4.3.2
2025-06-06 13:16:57,687 [WARN] PackLoader:240 - Cannot read IP mode file for STMicroelectronics.FP-SNS-FLIGHT1.5.0.0
2025-06-06 13:16:57,701 [WARN] PackLoader:240 - Cannot read IP mode file for STMicroelectronics.X-CUBE-BLE1.6.2.4
2025-06-06 13:16:57,715 [WARN] PackLoader:240 - Cannot read IP mode file for STMicroelectronics.FP-SNS-FLIGHT1.5.0.2
2025-06-06 13:16:57,733 [ERROR] Engine:466 - C:\Users\msi1\.stm32cubemx\thirdparties\pdsc\Infineon.AIROC-Wi-Fi-Bluetooth-STM32.1.7.0.pdsc: PDSC version is not supported
2025-06-06 13:16:57,748 [WARN] PackLoader:240 - Cannot read IP mode file for STMicroelectronics.X-CUBE-DISPLAY.3.0.0
2025-06-06 13:16:57,765 [WARN] PackLoader:240 - Cannot read IP mode file for STMicroelectronics.X-CUBE-BLE1.7.0.0
2025-06-06 13:16:57,779 [WARN] PackLoader:240 - Cannot read IP mode file for STMicroelectronics.X-CUBE-NFC10.1.0.0
2025-06-06 13:16:57,793 [ERROR] Engine:466 - C:\Users\msi1\.stm32cubemx\thirdparties\pdsc\STMicroelectronics.X-CUBE-BLEMGR.4.0.0.pdsc: PDSC version is not supported
2025-06-06 13:16:57,806 [WARN] PackLoader:240 - Cannot read IP mode file for emotas.I-CUBE-CANOPEN.1.3.0
2025-06-06 13:16:57,819 [WARN] PackLoader:240 - Cannot read IP mode file for STMicroelectronics.X-CUBE-TOUCHGFX.4.22.0
2025-06-06 13:16:57,833 [WARN] PackLoader:240 - Cannot read IP mode file for STMicroelectronics.X-CUBE-TOUCHGFX.4.22.1
2025-06-06 13:16:57,850 [WARN] PackLoader:240 - Cannot read IP mode file for STMicroelectronics.X-CUBE-BLEMGR.3.1.0
2025-06-06 13:16:57,866 [WARN] PackLoader:240 - Cannot read IP mode file for STMicroelectronics.X-CUBE-AI.10.0.0
2025-06-06 13:16:57,879 [WARN] PackLoader:240 - Cannot read IP mode file for STMicroelectronics.FP-SNS-SMARTAG2.1.2.0
2025-06-06 13:16:57,889 [ERROR] Engine:466 - C:\Users\msi1\.stm32cubemx\thirdparties\pdsc\STMicroelectronics.FP-SNS-FLIGHT1.5.1.0.pdsc: PDSC version is not supported
2025-06-06 13:16:57,959 [WARN] PackLoader:240 - Cannot read IP mode file for STMicroelectronics.X-CUBE-MEMS1.11.1.0
2025-06-06 13:16:58,086 [INFO] LogOutputStream:77 - [STDOUT_REDIRECT] 1 : Invalid condition id : UX_CORESTACK_Condition cause : null
2025-06-06 13:16:58,087 [INFO] LogOutputStream:77 - [STDOUT_REDIRECT] 1 : Invalid condition id : UX_CORESTACK_Condition cause : null
2025-06-06 13:16:58,088 [INFO] LogOutputStream:77 - [STDOUT_REDIRECT] 1 : Invalid condition id : UX_CORESTACK_Condition cause : null
2025-06-06 13:16:58,089 [INFO] LogOutputStream:77 - [STDOUT_REDIRECT] 1 : Invalid condition id : UX_CORESTACK_Condition cause : null
2025-06-06 13:16:58,090 [INFO] LogOutputStream:77 - [STDOUT_REDIRECT] 1 : Invalid condition id : UX_CORESTACK_Condition cause : null
2025-06-06 13:16:58,091 [WARN] PackLoader:240 - Cannot read IP mode file for STMicroelectronics.X-CUBE-AZRTOS-WL.2.0.0
2025-06-06 13:16:58,107 [WARN] PackLoader:240 - Cannot read IP mode file for STMicroelectronics.FP-SNS-MOTENV1.5.0.0
2025-06-06 13:16:58,121 [WARN] PackLoader:240 - Cannot read IP mode file for wolfSSL.I-CUBE-wolfMQTT.1.19.0
2025-06-06 13:16:58,141 [WARN] PackLoader:240 - Cannot read IP mode file for WES.I-CUBE-Cesium.1.3.0
2025-06-06 13:16:58,157 [WARN] PackLoader:240 - Cannot read IP mode file for STMicroelectronics.X-CUBE-BLE2.3.3.0
2025-06-06 13:16:58,173 [WARN] PackLoader:240 - Cannot read IP mode file for STMicroelectronics.X-CUBE-NFC9.1.0.0
2025-06-06 13:16:58,189 [WARN] PackLoader:240 - Cannot read IP mode file for STMicroelectronics.X-CUBE-BLE1.7.1.0
2025-06-06 13:16:58,207 [WARN] PackLoader:240 - Cannot read IP mode file for STMicroelectronics.X-CUBE-TCPP.4.1.0
2025-06-06 13:16:58,223 [WARN] PackLoader:240 - Cannot read IP mode file for STMicroelectronics.X-CUBE-TOUCHGFX.4.21.4
2025-06-06 13:16:58,237 [WARN] PackLoader:240 - Cannot read IP mode file for STMicroelectronics.X-CUBE-AI.10.1.0
2025-06-06 13:16:58,258 [WARN] PackLoader:240 - Cannot read IP mode file for STMicroelectronics.X-CUBE-ALGOBUILD.1.3.0
2025-06-06 13:16:58,307 [WARN] PackLoader:240 - Cannot read IP mode file for STMicroelectronics.X-CUBE-MEMS1.11.2.0
2025-06-06 13:16:58,439 [WARN] PackLoader:240 - Cannot read IP mode file for STMicroelectronics.X-CUBE-AZRTOS-G0.1.1.0
2025-06-06 13:16:58,460 [WARN] PackLoader:240 - Cannot read IP mode file for STMicroelectronics.X-CUBE-SAFEA1.1.2.2
2025-06-06 13:16:58,483 [WARN] PackLoader:240 - Cannot read IP mode file for STMicroelectronics.X-CUBE-NFC4.3.0.0
2025-06-06 13:16:58,505 [WARN] PackLoader:240 - Cannot read IP mode file for wolfSSL.I-CUBE-wolfMQTT.1.18.0
2025-06-06 13:16:58,521 [ERROR] Engine:466 - C:\Users\msi1\.stm32cubemx\thirdparties\pdsc\EmbeddedOffice.I-CUBE-FS-RTOS.1.0.1.pdsc: PDSC version is not supported
2025-06-06 13:16:58,553 [WARN] PackLoader:240 - Cannot read IP mode file for STMicroelectronics.X-CUBE-WB05N.2.0.0
2025-06-06 13:16:58,593 [WARN] PackLoader:240 - Cannot read IP mode file for STMicroelectronics.X-CUBE-BLEMGR.3.0.0
2025-06-06 13:16:58,618 [ERROR] Engine:466 - C:\Users\msi1\.stm32cubemx\thirdparties\pdsc\STMicroelectronics.X-CUBE-TCPP.4.2.0.pdsc: PDSC version is not supported
2025-06-06 13:16:58,641 [ERROR] Engine:466 - C:\Users\msi1\.stm32cubemx\thirdparties\pdsc\RealThread.X-CUBE-RT-Thread_Nano.4.1.1.pdsc: PDSC version is not supported
2025-06-06 13:16:58,666 [WARN] PackLoader:240 - Cannot read IP mode file for STMicroelectronics.FP-ATR-SIGFOX1.3.2.0
2025-06-06 13:16:58,686 [ERROR] Engine:466 - C:\Users\msi1\.stm32cubemx\thirdparties\pdsc\quantropi.X-CUBE-qispace-sdk-base.1.9.3.pdsc: PDSC version is not supported
2025-06-06 13:16:58,706 [WARN] PackLoader:240 - Cannot read IP mode file for STMicroelectronics.X-CUBE-EEPRMA1.5.1.0
2025-06-06 13:16:58,721 [WARN] PackLoader:240 - Cannot read IP mode file for wolfSSL.I-CUBE-wolfSSL.5.7.6
2025-06-06 13:16:58,736 [WARN] PackLoader:240 - Cannot read IP mode file for ITTIA_DB.I-CUBE-ITTIADB.8.9.0
2025-06-06 13:16:58,750 [ERROR] Engine:466 - C:\Users\msi1\.stm32cubemx\thirdparties\pdsc\STMicroelectronics.X-CUBE-ST67W61.1.0.0.pdsc: PDSC version is not supported
2025-06-06 13:16:58,782 [WARN] PackLoader:240 - Cannot read IP mode file for SEGGER.I-CUBE-embOS.1.3.1
2025-06-06 13:16:58,820 [WARN] PackLoader:240 - Cannot read IP mode file for STMicroelectronics.X-CUBE-ALGOBUILD.1.4.0
2025-06-06 13:16:58,833 [WARN] PackLoader:240 - Cannot read IP mode file for STMicroelectronics.X-CUBE-AI.9.1.0
2025-06-06 13:16:58,848 [WARN] PackLoader:240 - Cannot read IP mode file for STMicroelectronics.X-CUBE-GNSS1.6.0.0
2025-06-06 13:16:58,875 [WARN] PackLoader:240 - Cannot read IP mode file for STMicroelectronics.X-CUBE-AZRTOS-F4.1.1.0
2025-06-06 13:16:58,889 [ERROR] Engine:466 - C:\Users\msi1\.stm32cubemx\thirdparties\pdsc\Avnet-IotConnect.X-CUBE-IoTC-DA16k-PMOD.1.0.0.pdsc: PDSC version is not supported
2025-06-06 13:16:58,903 [WARN] PackLoader:240 - Cannot read IP mode file for wolfSSL.I-CUBE-wolfSSL.5.6.0
2025-06-06 13:16:58,916 [WARN] PackLoader:240 - Cannot read IP mode file for STMicroelectronics.X-CUBE-ISPU.2.1.0
2025-06-06 13:16:58,929 [WARN] PackLoader:240 - Cannot read IP mode file for STMicroelectronics.X-CUBE-FREERTOS.1.2.0
2025-06-06 13:16:58,956 [WARN] PackLoader:240 - Cannot read IP mode file for STMicroelectronics.X-CUBE-AZRTOS-L5.2.0.0
2025-06-06 13:16:59,020 [WARN] PackLoader:240 - Cannot read IP mode file for STMicroelectronics.X-CUBE-MEMS1.9.6.0
2025-06-06 13:16:59,123 [WARN] PackLoader:240 - Cannot read IP mode file for STMicroelectronics.X-CUBE-EEPRMA1.4.2.0
2025-06-06 13:16:59,138 [WARN] PackLoader:240 - Cannot read IP mode file for STMicroelectronics.X-CUBE-NFC6.3.1.0
2025-06-06 13:16:59,153 [WARN] PackLoader:240 - Cannot read IP mode file for ITTIA_DB.I-CUBE-ITTIADB.8.8.0
2025-06-06 13:16:59,169 [WARN] PackLoader:240 - Cannot read IP mode file for emotas.I-CUBE-CANOPEN.1.1.3
2025-06-06 13:16:59,185 [WARN] PackLoader:240 - Cannot read IP mode file for STMicroelectronics.X-CUBE-BLEMGR.2.0.0
2025-06-06 13:16:59,200 [ERROR] Engine:466 - C:\Users\msi1\.stm32cubemx\thirdparties\pdsc\STMicroelectronics.X-CUBE-DPower.1.2.0.pdsc: PDSC version is not supported
2025-06-06 13:16:59,211 [WARN] PackLoader:240 - Cannot read IP mode file for STMicroelectronics.X-CUBE-AI.9.0.0
2025-06-06 13:16:59,237 [WARN] ConditionMgr:438 - getConditionDescription Invalid condition id : UX DEVICE CLASS RTOS Condition cause : null
2025-06-06 13:16:59,238 [WARN] ConditionMgr:438 - getConditionDescription Invalid condition id : UX DEVICE CLASS RTOS Condition cause : null
2025-06-06 13:16:59,240 [WARN] PackLoader:240 - Cannot read IP mode file for STMicroelectronics.X-CUBE-AZRTOS-H7.3.1.0
2025-06-06 13:16:59,241 [WARN] ConditionMgr:1039 - genDependencies : Invalid condition id : UX DEVICE CLASS RTOS Condition cause : null
2025-06-06 13:16:59,241 [WARN] ConditionMgr:1039 - genDependencies : Invalid condition id : UX DEVICE CLASS RTOS Condition cause : null
2025-06-06 13:16:59,242 [WARN] ConditionMgr:1039 - genDependencies : Invalid condition id : UX DEVICE CLASS RTOS Condition cause : null
2025-06-06 13:16:59,242 [WARN] ConditionMgr:1039 - genDependencies : Invalid condition id : UX DEVICE CLASS RTOS Condition cause : null
2025-06-06 13:16:59,242 [WARN] ConditionMgr:1039 - genDependencies : Invalid condition id : UX DEVICE CLASS RTOS Condition cause : null
2025-06-06 13:16:59,257 [WARN] PackLoader:240 - Cannot read IP mode file for STMicroelectronics.X-CUBE-FREERTOS.1.3.1
2025-06-06 13:16:59,270 [WARN] PackLoader:240 - Cannot read IP mode file for STMicroelectronics.X-CUBE-FREERTOS.1.3.0
2025-06-06 13:16:59,283 [WARN] PackLoader:240 - Cannot read IP mode file for STMicroelectronics.X-CUBE-NFC7.1.0.1
2025-06-06 13:16:59,297 [WARN] PackLoader:240 - Cannot read IP mode file for STMicroelectronics.X-CUBE-NFC7.1.0.0
2025-06-06 13:16:59,313 [WARN] PackLoader:240 - Cannot read IP mode file for wolfSSL.I-CUBE-wolfTPM.3.2.0
2025-06-06 13:16:59,329 [WARN] PackLoader:240 - Cannot read IP mode file for STMicroelectronics.X-CUBE-NFC6.3.0.0
2025-06-06 13:16:59,343 [WARN] PackLoader:240 - Cannot read IP mode file for STMicroelectronics.X-CUBE-EEPRMA1.4.1.0
2025-06-06 13:16:59,356 [ERROR] Engine:466 - C:\Users\msi1\.stm32cubemx\thirdparties\pdsc\STMicroelectronics.X-CUBE-DPower.1.3.0.pdsc: PDSC version is not supported
2025-06-06 13:16:59,369 [WARN] PackLoader:240 - Cannot read IP mode file for STMicroelectronics.X-CUBE-AI.8.1.0
2025-06-06 13:16:59,407 [WARN] ConditionMgr:438 - getConditionDescription Invalid condition id : LAN8742 Phy interface Condition cause : null
2025-06-06 13:16:59,408 [WARN] PackLoader:240 - Cannot read IP mode file for STMicroelectronics.X-CUBE-AZRTOS-L4.2.0.0
2025-06-06 13:16:59,408 [WARN] ConditionMgr:1039 - genDependencies : Invalid condition id : LAN8742 Phy interface Condition cause : null
2025-06-06 13:16:59,409 [WARN] ConditionMgr:1039 - genDependencies : Invalid condition id : LAN8742 Phy interface Condition cause : null
2025-06-06 13:16:59,409 [WARN] ConditionMgr:1039 - genDependencies : Invalid condition id : LAN8742 Phy interface Condition cause : null
2025-06-06 13:16:59,431 [WARN] PackLoader:240 - Cannot read IP mode file for STMicroelectronics.X-CUBE-SFXS2LP1.4.0.0
2025-06-06 13:16:59,449 [WARN] PackLoader:240 - Cannot read IP mode file for STMicroelectronics.X-CUBE-ISPU.1.1.0
2025-06-06 13:16:59,486 [WARN] PackLoader:240 - Cannot read IP mode file for STMicroelectronics.X-CUBE-AZRTOS-H7.3.3.0
2025-06-06 13:16:59,504 [ERROR] Engine:466 - C:\Users\msi1\.stm32cubemx\thirdparties\pdsc\STMicroelectronics.X-CUBE-IPS.3.0.0.pdsc: PDSC version is not supported
2025-06-06 13:16:59,525 [WARN] ConditionMgr:438 - getConditionDescription Invalid condition id : UX DEVICE CLASS RTOS Condition cause : null
2025-06-06 13:16:59,526 [WARN] ConditionMgr:438 - getConditionDescription Invalid condition id : UX DEVICE CLASS RTOS Condition cause : null
2025-06-06 13:16:59,527 [WARN] PackLoader:240 - Cannot read IP mode file for STMicroelectronics.X-CUBE-AZRTOS-WB.2.0.0
2025-06-06 13:16:59,527 [WARN] ConditionMgr:1039 - genDependencies : Invalid condition id : UX DEVICE CLASS RTOS Condition cause : null
2025-06-06 13:16:59,527 [WARN] ConditionMgr:1039 - genDependencies : Invalid condition id : UX DEVICE CLASS RTOS Condition cause : null
2025-06-06 13:16:59,528 [WARN] ConditionMgr:1039 - genDependencies : Invalid condition id : UX DEVICE CLASS RTOS Condition cause : null
2025-06-06 13:16:59,528 [WARN] ConditionMgr:1039 - genDependencies : Invalid condition id : UX DEVICE CLASS RTOS Condition cause : null
2025-06-06 13:16:59,528 [WARN] ConditionMgr:1039 - genDependencies : Invalid condition id : UX DEVICE CLASS RTOS Condition cause : null
2025-06-06 13:16:59,541 [WARN] PackLoader:240 - Cannot read IP mode file for STMicroelectronics.X-CUBE-FREERTOS.1.0.1
2025-06-06 13:16:59,555 [WARN] PackLoader:240 - Cannot read IP mode file for STMicroelectronics.X-CUBE-GNSS1.7.0.1
2025-06-06 13:16:59,571 [WARN] PackLoader:240 - Cannot read IP mode file for STMicroelectronics.X-CUBE-TOUCHGFX.4.25.0
2025-06-06 13:16:59,584 [ERROR] Engine:466 - C:\Users\msi1\.stm32cubemx\thirdparties\pdsc\STMicroelectronics.FP-SNS-STBOX1.2.0.0.pdsc: PDSC version is not supported
2025-06-06 13:16:59,626 [WARN] PackLoader:240 - Cannot read IP mode file for STMicroelectronics.X-CUBE-AZRTOS-L5.1.1.0
2025-06-06 13:16:59,642 [WARN] PackLoader:240 - Cannot read IP mode file for STMicroelectronics.X-CUBE-AI.8.0.1
2025-06-06 13:16:59,661 [WARN] PackLoader:240 - Cannot read IP mode file for STMicroelectronics.X-CUBE-SUBG2.5.0.0
2025-06-06 13:16:59,691 [WARN] PackLoader:240 - Cannot read IP mode file for STMicroelectronics.X-CUBE-AZRTOS-H7RS.1.1.0
2025-06-06 13:16:59,711 [WARN] PackLoader:240 - Cannot read IP mode file for Cesanta.I-CUBE-Mongoose.7.13.0
2025-06-06 13:16:59,731 [WARN] PackLoader:240 - Cannot read IP mode file for STMicroelectronics.X-CUBE-TOF1.3.3.1
2025-06-06 13:16:59,760 [WARN] PackLoader:240 - Cannot read IP mode file for STMicroelectronics.X-CUBE-AZRTOS-G4.2.0.0
2025-06-06 13:16:59,791 [WARN] PackLoader:240 - Cannot read IP mode file for STMicroelectronics.X-CUBE-TOF1.3.3.0
2025-06-06 13:16:59,849 [WARN] PackLoader:240 - Cannot read IP mode file for Infineon.AIROC-Wi-Fi-Bluetooth-STM32.1.5.1
2025-06-06 13:16:59,882 [WARN] PackLoader:240 - Cannot read IP mode file for STMicroelectronics.FP-SNS-MOTENVWB1.1.3.0
2025-06-06 13:16:59,925 [WARN] PackLoader:240 - Cannot read IP mode file for STMicroelectronics.X-CUBE-NFC7.2.0.0
2025-06-06 13:16:59,950 [WARN] PackLoader:240 - Cannot read IP mode file for STMicroelectronics.FP-SNS-MOTENVWB1.1.3.1
2025-06-06 13:17:00,016 [WARN] PackLoader:240 - Cannot read IP mode file for STMicroelectronics.X-CUBE-AZRTOS-L4.1.0.0
2025-06-06 13:17:00,055 [WARN] PackLoader:240 - Cannot read IP mode file for STMicroelectronics.X-CUBE-ISPU.2.0.0
2025-06-06 13:17:00,075 [ERROR] Engine:466 - C:\Users\msi1\.stm32cubemx\thirdparties\pdsc\STMicroelectronics.X-CUBE-IPS.3.1.0.pdsc: PDSC version is not supported
2025-06-06 13:17:00,092 [WARN] PackLoader:240 - Cannot read IP mode file for STMicroelectronics.X-CUBE-ALS.1.0.2
2025-06-06 13:17:00,140 [WARN] PackLoader:240 - Cannot read IP mode file for STMicroelectronics.X-CUBE-MEMS1.10.0.0
2025-06-06 13:17:00,232 [WARN] PackLoader:240 - Cannot read IP mode file for STMicroelectronics.X-CUBE-FREERTOS.1.1.0
2025-06-06 13:17:00,269 [WARN] PackLoader:240 - Cannot read IP mode file for STMicroelectronics.X-CUBE-TOUCHGFX.4.24.0
2025-06-06 13:17:00,289 [WARN] PackLoader:240 - Cannot read IP mode file for STMicroelectronics.X-CUBE-TOUCHGFX.4.24.2
2025-06-06 13:17:00,313 [WARN] PackLoader:240 - Cannot read IP mode file for STMicroelectronics.X-CUBE-AZRTOS-WL.1.0.0
2025-06-06 13:17:00,334 [WARN] PackLoader:240 - Cannot read IP mode file for STMicroelectronics.X-CUBE-TOUCHGFX.4.24.1
2025-06-06 13:17:00,352 [WARN] PackLoader:240 - Cannot read IP mode file for wolfSSL.I-CUBE-wolfTPM.3.4.0
2025-06-06 13:17:00,373 [WARN] PackLoader:240 - Cannot read IP mode file for portGmbH.I-Cube-SoM-uGOAL.1.1.0
2025-06-06 13:17:00,396 [WARN] PackLoader:240 - Cannot read IP mode file for STMicroelectronics.X-CUBE-ALS.1.0.1
2025-06-06 13:17:00,430 [WARN] PackLoader:240 - Cannot read IP mode file for STMicroelectronics.X-CUBE-AZRTOS-WB.1.1.0
2025-06-06 13:17:00,476 [WARN] PackLoader:240 - Cannot read IP mode file for STMicroelectronics.X-CUBE-AZRTOS-H7RS.1.0.0
2025-06-06 13:17:00,497 [WARN] PackLoader:240 - Cannot read IP mode file for STMicroelectronics.FP-ATR-ASTRA1.2.0.0
2025-06-06 13:17:00,516 [ERROR] Engine:466 - C:\Users\msi1\.stm32cubemx\thirdparties\pdsc\STMicroelectronics.X-CUBE-TOF1.3.4.2.pdsc: PDSC version is not supported
2025-06-06 13:17:00,533 [ERROR] Engine:466 - C:\Users\msi1\.stm32cubemx\thirdparties\pdsc\STMicroelectronics.X-CUBE-TOF1.3.4.3.pdsc: PDSC version is not supported
2025-06-06 13:17:00,558 [WARN] PackLoader:240 - Cannot read IP mode file for STMicroelectronics.X-CUBE-TOF1.3.4.0
2025-06-06 13:17:00,583 [WARN] PackLoader:240 - Cannot read IP mode file for STMicroelectronics.X-CUBE-TOF1.3.4.1
2025-06-06 13:17:00,620 [WARN] PackLoader:240 - Cannot read IP mode file for STMicroelectronics.X-CUBE-AZRTOS-H7.3.2.0
2025-06-06 13:17:00,638 [WARN] PackLoader:240 - Cannot read IP mode file for wolfSSL.I-CUBE-wolfSSH.1.4.17
2025-06-06 13:17:00,639 [INFO] ThirdParty:978 - Integrity check success = true
2025-06-06 13:17:00,639 [INFO] IntegrityCheckThread:100 - exiting critical section [integrity check]
2025-06-06 13:17:00,639 [INFO] IntegrityCheckThread:103 - End integrity checks thread
2025-06-06 13:17:16,399 [ERROR] LogOutputStream:75 - [STDERR_REDIRECT] SLF4J: Failed to load class "org.slf4j.impl.StaticLoggerBinder".
2025-06-06 13:17:16,399 [ERROR] LogOutputStream:75 - [STDERR_REDIRECT] SLF4J: Defaulting to no-operation (NOP) logger implementation
2025-06-06 13:17:16,400 [ERROR] LogOutputStream:75 - [STDERR_REDIRECT] SLF4J: See http://www.slf4j.org/codes.html#StaticLoggerBinder for further details.
