2025-04-29 08:27:14,222 [INFO] Activator:176 - 


2025-04-29 08:27:14,229 [INFO] Activator:177 - !SESSION log4j initialized
2025-04-29 08:27:23,268 [INFO] LogOutputStream:77 - [STDOUT_REDIRECT] 
2025-04-29 08:27:27,225 [INFO] ApplicationProperties:184 - Using Application install path: D:\ITC\STM32\STM32CubeIDE_1.13.0\STM32CubeIDE\plugins\com.st.stm32cube.common.mx_6.9.0.202307051724
2025-04-29 08:27:27,245 [INFO] DbMcusXml:78 - Set database path to: D:\ITC\STM32\STM32CubeIDE_1.13.0\STM32CubeIDE\plugins\com.st.stm32cube.common.mx_6.9.0.202307051724\\db\/mcu/
2025-04-29 08:27:27,247 [INFO] ApiDb:274 - Set plugin database path to: D:\ITC\STM32\STM32CubeIDE_1.13.0\STM32CubeIDE\plugins\com.st.stm32cube.common.mx_6.9.0.202307051724\\db\/plugins/boardmanager/
2025-04-29 08:27:27,247 [WARN] ApiDb:259 - Overriding images path with different value:  => D:\ITC\STM32\STM32CubeIDE_1.13.0\STM32CubeIDE\plugins\com.st.stm32cube.common.mx_6.9.0.202307051724\\db\/plugins/mcufinder/images/
2025-04-29 08:27:27,261 [INFO] ApiDb:250 - Set database path to: C:\Users\msi1\.stmcufinder\plugins\mcufinder//mcu/
2025-04-29 08:27:27,263 [INFO] DbMcusAds:125 - Set database path to: C:\Users\msi1\.stmcufinder\plugins\mcufinder//mcu/
2025-04-29 08:27:27,265 [INFO] CrossReferenceDbSqlite:203 - Set database path to: C:\Users\msi1\.stmcufinder\plugins\mcufinder//mcu/cs/
2025-04-29 08:27:27,404 [INFO] RulesReader:64 - Compatibility file has been processed (293 Rules)
2025-04-29 08:27:27,504 [INFO] DbMcusXml:78 - Set database path to: D:\ITC\STM32\STM32CubeIDE_1.13.0\STM32CubeIDE\plugins\com.st.stm32cube.common.mx_6.9.0.202307051724\\db\/mcu/
2025-04-29 08:27:27,504 [INFO] ApiDb:274 - Set plugin database path to: D:\ITC\STM32\STM32CubeIDE_1.13.0\STM32CubeIDE\plugins\com.st.stm32cube.common.mx_6.9.0.202307051724\\db\/plugins/boardmanager/
2025-04-29 08:27:27,504 [INFO] ApiDb:261 - Set plugin images path to: D:\ITC\STM32\STM32CubeIDE_1.13.0\STM32CubeIDE\plugins\com.st.stm32cube.common.mx_6.9.0.202307051724\\db\/plugins/mcufinder/images/
2025-04-29 08:27:27,504 [WARN] DbFile:41 - Overriding database path with different value: C:\Users\msi1\.stmcufinder\plugins\mcufinder/ => C:\Users\msi1\.stmcufinder\plugins\mcufinder
2025-04-29 08:27:27,504 [INFO] ApiDb:250 - Set database path to: C:\Users\msi1\.stmcufinder\plugins\mcufinder//mcu/
2025-04-29 08:27:27,504 [WARN] DbFile:41 - Overriding database path with different value: C:\Users\msi1\.stmcufinder\plugins\mcufinder/ => C:\Users\msi1\.stmcufinder\plugins\mcufinder
2025-04-29 08:27:27,504 [INFO] DbMcusAds:125 - Set database path to: C:\Users\msi1\.stmcufinder\plugins\mcufinder//mcu/
2025-04-29 08:27:27,504 [WARN] DbFile:41 - Overriding database path with different value: C:\Users\msi1\.stmcufinder\plugins\mcufinder/ => C:\Users\msi1\.stmcufinder\plugins\mcufinder
2025-04-29 08:27:27,504 [WARN] DbFile:41 - Overriding database path with different value: C:\Users\msi1\.stmcufinder\plugins\mcufinder/ => C:\Users\msi1\.stmcufinder\plugins\mcufinder
2025-04-29 08:27:27,505 [INFO] CrossReferenceDbSqlite:203 - Set database path to: C:\Users\msi1\.stmcufinder\plugins\mcufinder//mcu/cs/
2025-04-29 08:27:27,599 [INFO] MainPanel:262 - HeapMemory: 268435456
2025-04-29 08:27:27,743 [INFO] DbMcusXml:78 - Set database path to: D:\ITC\STM32\STM32CubeIDE_1.13.0\STM32CubeIDE\plugins\com.st.stm32cube.common.mx_6.9.0.202307051724\\db\/mcu/
2025-04-29 08:27:27,744 [INFO] ApiDb:274 - Set plugin database path to: D:\ITC\STM32\STM32CubeIDE_1.13.0\STM32CubeIDE\plugins\com.st.stm32cube.common.mx_6.9.0.202307051724\\db\/plugins/boardmanager/
2025-04-29 08:27:27,744 [INFO] ApiDb:261 - Set plugin images path to: D:\ITC\STM32\STM32CubeIDE_1.13.0\STM32CubeIDE\plugins\com.st.stm32cube.common.mx_6.9.0.202307051724\\db\/plugins/mcufinder/images/
2025-04-29 08:27:27,744 [WARN] DbFile:41 - Overriding database path with different value: C:\Users\msi1\.stmcufinder\plugins\mcufinder/ => C:\Users\msi1\.stmcufinder\plugins\mcufinder
2025-04-29 08:27:27,744 [INFO] ApiDb:250 - Set database path to: C:\Users\msi1\.stmcufinder\plugins\mcufinder//mcu/
2025-04-29 08:27:27,745 [WARN] DbFile:41 - Overriding database path with different value: C:\Users\msi1\.stmcufinder\plugins\mcufinder/ => C:\Users\msi1\.stmcufinder\plugins\mcufinder
2025-04-29 08:27:27,745 [INFO] DbMcusAds:125 - Set database path to: C:\Users\msi1\.stmcufinder\plugins\mcufinder//mcu/
2025-04-29 08:27:27,745 [WARN] DbFile:41 - Overriding database path with different value: C:\Users\msi1\.stmcufinder\plugins\mcufinder/ => C:\Users\msi1\.stmcufinder\plugins\mcufinder
2025-04-29 08:27:27,745 [WARN] DbFile:41 - Overriding database path with different value: C:\Users\msi1\.stmcufinder\plugins\mcufinder/ => C:\Users\msi1\.stmcufinder\plugins\mcufinder
2025-04-29 08:27:27,745 [INFO] CrossReferenceDbSqlite:203 - Set database path to: C:\Users\msi1\.stmcufinder\plugins\mcufinder//mcu/cs/
2025-04-29 08:27:27,767 [INFO] ApplicationProperties:184 - Using Application install path: D:\ITC\STM32\STM32CubeIDE_1.13.0\STM32CubeIDE\plugins\com.st.stm32cube.common.mx_6.9.0.202307051724
2025-04-29 08:27:27,768 [INFO] PluginManage:196 - Search for loadable plugins [exclusion list=, ]
2025-04-29 08:27:27,770 [INFO] PluginManage:310 - Check plugin analytics
2025-04-29 08:27:27,938 [INFO] AnalyticsPlugin:253 - Accepted Software Licenses: 
2025-04-29 08:27:27,938 [INFO] AnalyticsPlugin:255 - Accepted CMSIS Pack Licenses: 
2025-04-29 08:27:27,938 [INFO] AnalyticsPlugin:257 - Accepted Firmware Licenses: FW.F4.1.27.0
2025-04-29 08:27:27,942 [INFO] PluginManage:359 - Loaded plugin analytics (category:tool,tabindex:-1)
2025-04-29 08:27:27,942 [INFO] PluginManage:310 - Check plugin cadmodel
2025-04-29 08:27:27,960 [INFO] CADModel:105 - Init CAD model plugin
2025-04-29 08:27:27,960 [INFO] PluginManage:359 - Loaded plugin cadmodel (category:power,tabindex:5)
2025-04-29 08:27:27,960 [INFO] PluginManage:310 - Check plugin clock
2025-04-29 08:27:27,981 [INFO] PluginManage:359 - Loaded plugin clock (category:base,tabindex:2)
2025-04-29 08:27:27,982 [INFO] PluginManage:310 - Check plugin ddr
2025-04-29 08:27:27,985 [INFO] PluginManage:359 - Loaded plugin ddr (category:tool,tabindex:6)
2025-04-29 08:27:27,985 [INFO] PluginManage:310 - Check plugin filemanager
2025-04-29 08:27:28,123 [INFO] PluginManage:359 - Loaded plugin filemanager (category:base,tabindex:10)
2025-04-29 08:27:28,123 [INFO] PluginManage:310 - Check plugin ipmanager
2025-04-29 08:27:28,130 [INFO] PluginManage:359 - Loaded plugin ipmanager (category:base,tabindex:5)
2025-04-29 08:27:28,130 [INFO] PluginManage:310 - Check plugin lpbam
2025-04-29 08:27:28,148 [INFO] PluginManage:359 - Loaded plugin lpbam (category:base,tabindex:0)
2025-04-29 08:27:28,149 [INFO] PluginManage:310 - Check plugin memorymap
2025-04-29 08:27:28,183 [INFO] PluginManage:359 - Loaded plugin memorymap (category:base,tabindex:4)
2025-04-29 08:27:28,184 [INFO] PluginManage:310 - Check plugin pinoutandconfiguration
2025-04-29 08:27:28,201 [INFO] PluginManage:359 - Loaded plugin pinoutandconfiguration (category:base,tabindex:1)
2025-04-29 08:27:28,201 [INFO] PluginManage:310 - Check plugin pinoutconfig
2025-04-29 08:27:28,309 [WARN] SupportedApi:132 - Cannot load RTOS API schema: s4s-elt-must-match.1: The content of 'definitions' must match (annotation?, (simpleType | complexType)?, (unique | key | keyref)*)). A problem was found starting at: attribute.
2025-04-29 08:27:28,447 [INFO] PluginManage:359 - Loaded plugin pinoutconfig (category:base,tabindex:0)
2025-04-29 08:27:28,447 [INFO] PluginManage:310 - Check plugin power
2025-04-29 08:27:28,478 [INFO] PluginManage:359 - Loaded plugin power (category:power,tabindex:4)
2025-04-29 08:27:28,478 [INFO] PluginManage:310 - Check plugin projectmanager
2025-04-29 08:27:28,491 [INFO] PluginManage:359 - Loaded plugin projectmanager (category:projectmanager,tabindex:3)
2025-04-29 08:27:28,491 [INFO] PluginManage:310 - Check plugin thirdparty
2025-04-29 08:27:28,801 [INFO] PluginManage:359 - Loaded plugin thirdparty (category:base,tabindex:-1)
2025-04-29 08:27:28,801 [WARN] IntegrityCheckThread:84 - waiting for thirdparty lock release [integrity check]
2025-04-29 08:27:28,801 [INFO] PluginManage:310 - Check plugin tools
2025-04-29 08:27:28,802 [INFO] IntegrityCheckThread:86 - entering critical section [integrity check]
2025-04-29 08:27:28,804 [INFO] ThirdPartyUpdaterWithRetryManager:70 - Updater plugin not ready yet. [1/15]
2025-04-29 08:27:28,838 [INFO] PluginManage:359 - Loaded plugin tools (category:base,tabindex:7)
2025-04-29 08:27:28,838 [INFO] PluginManage:310 - Check plugin tutovideos
2025-04-29 08:27:29,125 [INFO] PluginManage:359 - Loaded plugin tutovideos (category:base,tabindex:-1)
2025-04-29 08:27:29,126 [INFO] PluginManage:310 - Check plugin updater
2025-04-29 08:27:29,140 [INFO] PluginManage:359 - Loaded plugin updater (category:base,tabindex:12)
2025-04-29 08:27:29,141 [INFO] PluginManage:310 - Check plugin userauth
2025-04-29 08:27:29,146 [INFO] UserAuth:113 - Init User Auth plugin
2025-04-29 08:27:29,146 [INFO] PluginManage:359 - Loaded plugin userauth (category:base,tabindex:14)
2025-04-29 08:27:29,146 [INFO] PluginManage:283 - PluginManage : Loaded plugins [17]
2025-04-29 08:27:29,380 [INFO] PinOutPanel:1499 - setPackage(No Configuration,No Configuration)
2025-04-29 08:27:29,489 [INFO] CADModel:165 - CPN selected for project level
2025-04-29 08:27:29,489 [INFO] CADModel:114 - Register for checkConnection events
2025-04-29 08:27:29,517 [INFO] IPUIPlugin:80 - create IPUIPlugin
2025-04-29 08:27:29,517 [INFO] PluginManager:220 - loadIPPluginJar : add adc
2025-04-29 08:27:29,556 [INFO] IPUIPlugin:80 - create IPUIPlugin
2025-04-29 08:27:29,556 [INFO] PluginManager:220 - loadIPPluginJar : add aes
2025-04-29 08:27:29,611 [INFO] IPUIPlugin:80 - create IPUIPlugin
2025-04-29 08:27:29,612 [INFO] PluginManager:220 - loadIPPluginJar : add can
2025-04-29 08:27:29,645 [INFO] IPUIPlugin:80 - create IPUIPlugin
2025-04-29 08:27:29,645 [INFO] PluginManager:220 - loadIPPluginJar : add comp
2025-04-29 08:27:29,695 [INFO] IPUIPlugin:80 - create IPUIPlugin
2025-04-29 08:27:29,695 [INFO] PluginManager:220 - loadIPPluginJar : add cryp
2025-04-29 08:27:29,738 [INFO] IPUIPlugin:80 - create IPUIPlugin
2025-04-29 08:27:29,738 [INFO] PluginManager:220 - loadIPPluginJar : add dfsdm
2025-04-29 08:27:29,756 [INFO] IPUIPlugin:80 - create IPUIPlugin
2025-04-29 08:27:29,756 [INFO] PluginManager:220 - loadIPPluginJar : add dma
2025-04-29 08:27:29,819 [INFO] IPUIPlugin:80 - create IPUIPlugin
2025-04-29 08:27:29,820 [INFO] PluginManager:220 - loadIPPluginJar : add dma3
2025-04-29 08:27:29,849 [INFO] IPUIPlugin:80 - create IPUIPlugin
2025-04-29 08:27:29,849 [INFO] PluginManager:220 - loadIPPluginJar : add fatfs
2025-04-29 08:27:29,921 [INFO] IPUIPlugin:80 - create IPUIPlugin
2025-04-29 08:27:29,921 [INFO] PluginManager:220 - loadIPPluginJar : add fmc
2025-04-29 08:27:29,943 [INFO] IPUIPlugin:80 - create IPUIPlugin
2025-04-29 08:27:29,943 [INFO] PluginManager:220 - loadIPPluginJar : add freertos
2025-04-29 08:27:29,998 [INFO] IPUIPlugin:80 - create IPUIPlugin
2025-04-29 08:27:29,998 [INFO] PluginManager:220 - loadIPPluginJar : add genericplugin
2025-04-29 08:27:30,161 [INFO] IPUIPlugin:80 - create IPUIPlugin
2025-04-29 08:27:30,161 [INFO] PluginManager:220 - loadIPPluginJar : add gfxmmu
2025-04-29 08:27:30,294 [INFO] IPUIPlugin:80 - create IPUIPlugin
2025-04-29 08:27:30,294 [INFO] PluginManager:220 - loadIPPluginJar : add gic
2025-04-29 08:27:30,307 [INFO] IPUIPlugin:80 - create IPUIPlugin
2025-04-29 08:27:30,308 [INFO] PluginManager:220 - loadIPPluginJar : add gpio
2025-04-29 08:27:30,421 [INFO] IPUIPlugin:80 - create IPUIPlugin
2025-04-29 08:27:30,421 [INFO] PluginManager:220 - loadIPPluginJar : add gtzc
2025-04-29 08:27:30,473 [INFO] IPUIPlugin:80 - create IPUIPlugin
2025-04-29 08:27:30,474 [INFO] PluginManager:220 - loadIPPluginJar : add hash
2025-04-29 08:27:30,532 [INFO] IPUIPlugin:80 - create IPUIPlugin
2025-04-29 08:27:30,532 [INFO] PluginManager:220 - loadIPPluginJar : add i2c
2025-04-29 08:27:30,572 [INFO] IPUIPlugin:80 - create IPUIPlugin
2025-04-29 08:27:30,572 [INFO] PluginManager:220 - loadIPPluginJar : add i2s
2025-04-29 08:27:30,613 [INFO] IPUIPlugin:80 - create IPUIPlugin
2025-04-29 08:27:30,613 [INFO] PluginManager:220 - loadIPPluginJar : add i3c
2025-04-29 08:27:30,718 [INFO] IPUIPlugin:80 - create IPUIPlugin
2025-04-29 08:27:30,718 [INFO] PluginManager:220 - loadIPPluginJar : add ipddr
2025-04-29 08:27:30,806 [INFO] IPUIPlugin:80 - create IPUIPlugin
2025-04-29 08:27:30,807 [INFO] PluginManager:220 - loadIPPluginJar : add linkedlist
2025-04-29 08:27:30,843 [INFO] IPUIPlugin:80 - create IPUIPlugin
2025-04-29 08:27:30,843 [INFO] PluginManager:220 - loadIPPluginJar : add lorawan
2025-04-29 08:27:30,881 [INFO] IPUIPlugin:80 - create IPUIPlugin
2025-04-29 08:27:30,881 [INFO] PluginManager:220 - loadIPPluginJar : add ltdc
2025-04-29 08:27:30,896 [INFO] IPUIPlugin:80 - create IPUIPlugin
2025-04-29 08:27:30,896 [INFO] PluginManager:220 - loadIPPluginJar : add mdma
2025-04-29 08:27:30,908 [INFO] IPUIPlugin:80 - create IPUIPlugin
2025-04-29 08:27:30,908 [INFO] PluginManager:220 - loadIPPluginJar : add nvic
2025-04-29 08:27:30,952 [INFO] IPUIPlugin:80 - create IPUIPlugin
2025-04-29 08:27:30,953 [INFO] PluginManager:220 - loadIPPluginJar : add opamp
2025-04-29 08:27:31,014 [INFO] IPUIPlugin:80 - create IPUIPlugin
2025-04-29 08:27:31,014 [INFO] PluginManager:220 - loadIPPluginJar : add openamp
2025-04-29 08:27:31,064 [INFO] IPUIPlugin:80 - create IPUIPlugin
2025-04-29 08:27:31,064 [INFO] PluginManager:220 - loadIPPluginJar : add pdm2pcm
2025-04-29 08:27:31,079 [INFO] IPUIPlugin:80 - create IPUIPlugin
2025-04-29 08:27:31,081 [INFO] PluginManager:220 - loadIPPluginJar : add plateformsettings
2025-04-29 08:27:31,111 [INFO] IPUIPlugin:80 - create IPUIPlugin
2025-04-29 08:27:31,111 [INFO] PluginManager:220 - loadIPPluginJar : add quadspi
2025-04-29 08:27:31,126 [INFO] IPUIPlugin:80 - create IPUIPlugin
2025-04-29 08:27:31,126 [INFO] PluginManager:220 - loadIPPluginJar : add resmgrutility
2025-04-29 08:27:31,175 [INFO] IPUIPlugin:80 - create IPUIPlugin
2025-04-29 08:27:31,175 [INFO] PluginManager:220 - loadIPPluginJar : add sai
2025-04-29 08:27:31,213 [INFO] IPUIPlugin:80 - create IPUIPlugin
2025-04-29 08:27:31,213 [INFO] PluginManager:220 - loadIPPluginJar : add spi
2025-04-29 08:27:31,273 [INFO] IPUIPlugin:80 - create IPUIPlugin
2025-04-29 08:27:31,273 [INFO] PluginManager:220 - loadIPPluginJar : add stm32_wpan
2025-04-29 08:27:31,300 [INFO] IPUIPlugin:80 - create IPUIPlugin
2025-04-29 08:27:31,300 [INFO] PluginManager:220 - loadIPPluginJar : add tim
2025-04-29 08:27:31,356 [INFO] IPUIPlugin:80 - create IPUIPlugin
2025-04-29 08:27:31,356 [INFO] PluginManager:220 - loadIPPluginJar : add touchsensing
2025-04-29 08:27:31,379 [INFO] IPUIPlugin:80 - create IPUIPlugin
2025-04-29 08:27:31,379 [INFO] PluginManager:220 - loadIPPluginJar : add tracer_emb
2025-04-29 08:27:31,406 [INFO] IPUIPlugin:80 - create IPUIPlugin
2025-04-29 08:27:31,406 [INFO] PluginManager:220 - loadIPPluginJar : add ts
2025-04-29 08:27:31,430 [INFO] IPUIPlugin:80 - create IPUIPlugin
2025-04-29 08:27:31,431 [INFO] PluginManager:220 - loadIPPluginJar : add tsc
2025-04-29 08:27:31,460 [INFO] IPUIPlugin:80 - create IPUIPlugin
2025-04-29 08:27:31,461 [INFO] PluginManager:220 - loadIPPluginJar : add ucpd
2025-04-29 08:27:31,530 [INFO] IPUIPlugin:80 - create IPUIPlugin
2025-04-29 08:27:31,530 [INFO] PluginManager:220 - loadIPPluginJar : add usart
2025-04-29 08:27:31,589 [INFO] IPUIPlugin:80 - create IPUIPlugin
2025-04-29 08:27:31,589 [INFO] PluginManager:220 - loadIPPluginJar : add usbx
2025-04-29 08:27:31,706 [INFO] CADModel:165 - CPN selected for project level
2025-04-29 08:27:31,708 [INFO] CADModel:114 - Register for checkConnection events
2025-04-29 08:27:31,708 [FATAL] Updater:308 - Updater called before beeing initialized
2025-04-29 08:27:31,709 [ERROR] CADModel:125 - Updater not yet initialized, retry later 
2025-04-29 08:27:31,814 [INFO] ThirdPartyUpdaterWithRetryManager:70 - Updater plugin not ready yet. [2/15]
2025-04-29 08:27:32,069 [INFO] CADModel:165 - CPN selected for project level
2025-04-29 08:27:32,069 [INFO] CADModel:114 - Register for checkConnection events
2025-04-29 08:27:32,071 [FATAL] Updater:308 - Updater called before beeing initialized
2025-04-29 08:27:32,071 [ERROR] CADModel:125 - Updater not yet initialized, retry later 
2025-04-29 08:27:32,075 [FATAL] Updater:308 - Updater called before beeing initialized
2025-04-29 08:27:32,165 [FATAL] Updater:308 - Updater called before beeing initialized
2025-04-29 08:27:32,178 [INFO] DbMcusAds:53 - JSON generation date=Thu Mar 06 21:54:22 ICT 2025 (1741272862204)
2025-04-29 08:27:32,178 [FATAL] Updater:308 - Updater called before beeing initialized
2025-04-29 08:27:32,263 [WARN] DetailPanel:346 - Failed to get advertising image, set to default
2025-04-29 08:27:32,355 [FATAL] Updater:308 - Updater called before beeing initialized
2025-04-29 08:27:32,357 [FATAL] Updater:308 - Updater called before beeing initialized
2025-04-29 08:27:32,357 [FATAL] Updater:308 - Updater called before beeing initialized
2025-04-29 08:27:32,357 [WARN] DetailPanel:346 - Failed to get advertising image, set to default
2025-04-29 08:27:32,358 [FATAL] Updater:308 - Updater called before beeing initialized
2025-04-29 08:27:32,420 [ERROR] Updater:1120 - MainUpdater not yet initialized. External WinMGr cannot be set.
2025-04-29 08:27:32,430 [INFO] Updater:1056 - Updater Version found : 6.9.0
2025-04-29 08:27:32,445 [INFO] ApplicationProperties:184 - Using Application install path: D:\ITC\STM32\STM32CubeIDE_1.13.0\STM32CubeIDE\plugins\com.st.stm32cube.common.mx_6.9.0.202307051724
2025-04-29 08:27:32,749 [INFO] MainUpdater:2868 - connection check result : 10
2025-04-29 08:27:32,751 [INFO] MainUpdater:285 - Updater Check For Update Now.
2025-04-29 08:27:32,751 [INFO] MicroXplorer:498 - Change Database Version : DB.6.0.90
2025-04-29 08:27:32,819 [INFO] McuFinderGlobals:63 - Set McuFinder mode to 2 (CubeIDE integrated)
2025-04-29 08:27:33,182 [INFO] CheckServerUpdateThread:120 - End of CheckServer Thread
2025-04-29 08:27:35,356 [WARN] PackLoader:240 - Cannot read IP mode file for STMicroelectronics.FP-SNS-MOTENVWB1.1.4.0
2025-04-29 08:27:35,371 [WARN] PackLoader:240 - Cannot read IP mode file for STMicroelectronics.FP-ATR-ASTRA1.2.0.2
2025-04-29 08:27:35,382 [WARN] PackLoader:240 - Cannot read IP mode file for STMicroelectronics.FP-ATR-ASTRA1.2.0.1
2025-04-29 08:27:35,397 [WARN] PackLoader:240 - Cannot read IP mode file for STMicroelectronics.X-CUBE-SMBUS.2.1.0
2025-04-29 08:27:35,415 [WARN] PackLoader:240 - Cannot read IP mode file for STMicroelectronics.X-CUBE-WB05N.1.1.0
2025-04-29 08:27:35,430 [WARN] PackLoader:240 - Cannot read IP mode file for STMicroelectronics.X-CUBE-TOUCHGFX.4.23.0
2025-04-29 08:27:35,442 [WARN] PackLoader:240 - Cannot read IP mode file for STMicroelectronics.X-CUBE-TOUCHGFX.4.23.2
2025-04-29 08:27:35,504 [WARN] PackLoader:240 - Cannot read IP mode file for STMicroelectronics.X-CUBE-AZRTOS-F7.1.1.0
2025-04-29 08:27:35,531 [ERROR] RealEvaluatedCondition:428 - Found unsupported composite condition: CLASS='Data Exchange' GROUP='STM32_MetaDataManager'
2025-04-29 08:27:35,531 [ERROR] RealEvaluatedCondition:428 - Found unsupported composite condition: GROUP='STM32_MetaDataManager' CLASS='Data Exchange'
2025-04-29 08:27:35,532 [WARN] PackLoader:240 - Cannot read IP mode file for STMicroelectronics.FP-SNS-MOTENV1.4.3.0
2025-04-29 08:27:35,553 [WARN] PackLoader:240 - Cannot read IP mode file for STMicroelectronics.FP-SNS-MOTENV1.4.3.2
2025-04-29 08:27:35,573 [WARN] PackLoader:240 - Cannot read IP mode file for STMicroelectronics.FP-SNS-FLIGHT1.5.0.0
2025-04-29 08:27:35,589 [WARN] PackLoader:240 - Cannot read IP mode file for STMicroelectronics.X-CUBE-BLE1.6.2.4
2025-04-29 08:27:35,605 [WARN] PackLoader:240 - Cannot read IP mode file for STMicroelectronics.FP-SNS-FLIGHT1.5.0.2
2025-04-29 08:27:35,629 [ERROR] Engine:466 - C:\Users\msi1\.stm32cubemx\thirdparties\pdsc\Infineon.AIROC-Wi-Fi-Bluetooth-STM32.1.7.0.pdsc: PDSC version is not supported
2025-04-29 08:27:35,650 [WARN] PackLoader:240 - Cannot read IP mode file for STMicroelectronics.X-CUBE-DISPLAY.3.0.0
2025-04-29 08:27:35,669 [WARN] PackLoader:240 - Cannot read IP mode file for STMicroelectronics.X-CUBE-BLE1.7.0.0
2025-04-29 08:27:35,687 [WARN] PackLoader:240 - Cannot read IP mode file for STMicroelectronics.X-CUBE-NFC10.1.0.0
2025-04-29 08:27:35,701 [ERROR] Engine:466 - C:\Users\msi1\.stm32cubemx\thirdparties\pdsc\STMicroelectronics.X-CUBE-BLEMGR.4.0.0.pdsc: PDSC version is not supported
2025-04-29 08:27:35,714 [WARN] PackLoader:240 - Cannot read IP mode file for emotas.I-CUBE-CANOPEN.1.3.0
2025-04-29 08:27:35,727 [WARN] PackLoader:240 - Cannot read IP mode file for STMicroelectronics.X-CUBE-TOUCHGFX.4.22.0
2025-04-29 08:27:35,741 [WARN] PackLoader:240 - Cannot read IP mode file for STMicroelectronics.X-CUBE-TOUCHGFX.4.22.1
2025-04-29 08:27:35,759 [WARN] PackLoader:240 - Cannot read IP mode file for STMicroelectronics.X-CUBE-BLEMGR.3.1.0
2025-04-29 08:27:35,775 [WARN] PackLoader:240 - Cannot read IP mode file for STMicroelectronics.X-CUBE-AI.10.0.0
2025-04-29 08:27:35,790 [WARN] PackLoader:240 - Cannot read IP mode file for STMicroelectronics.FP-SNS-SMARTAG2.1.2.0
2025-04-29 08:27:35,803 [ERROR] Engine:466 - C:\Users\msi1\.stm32cubemx\thirdparties\pdsc\STMicroelectronics.FP-SNS-FLIGHT1.5.1.0.pdsc: PDSC version is not supported
2025-04-29 08:27:35,859 [WARN] PackLoader:240 - Cannot read IP mode file for STMicroelectronics.X-CUBE-MEMS1.11.1.0
2025-04-29 08:27:36,007 [INFO] LogOutputStream:77 - [STDOUT_REDIRECT] 1 : Invalid condition id : UX_CORESTACK_Condition cause : null
2025-04-29 08:27:36,008 [INFO] LogOutputStream:77 - [STDOUT_REDIRECT] 1 : Invalid condition id : UX_CORESTACK_Condition cause : null
2025-04-29 08:27:36,009 [INFO] LogOutputStream:77 - [STDOUT_REDIRECT] 1 : Invalid condition id : UX_CORESTACK_Condition cause : null
2025-04-29 08:27:36,010 [INFO] LogOutputStream:77 - [STDOUT_REDIRECT] 1 : Invalid condition id : UX_CORESTACK_Condition cause : null
2025-04-29 08:27:36,011 [INFO] LogOutputStream:77 - [STDOUT_REDIRECT] 1 : Invalid condition id : UX_CORESTACK_Condition cause : null
2025-04-29 08:27:36,038 [WARN] PackLoader:240 - Cannot read IP mode file for STMicroelectronics.X-CUBE-AZRTOS-WL.2.0.0
2025-04-29 08:27:36,065 [WARN] PackLoader:240 - Cannot read IP mode file for STMicroelectronics.FP-SNS-MOTENV1.5.0.0
2025-04-29 08:27:36,086 [WARN] PackLoader:240 - Cannot read IP mode file for wolfSSL.I-CUBE-wolfMQTT.1.19.0
2025-04-29 08:27:36,103 [WARN] PackLoader:240 - Cannot read IP mode file for WES.I-CUBE-Cesium.1.3.0
2025-04-29 08:27:36,119 [WARN] PackLoader:240 - Cannot read IP mode file for STMicroelectronics.X-CUBE-BLE2.3.3.0
2025-04-29 08:27:36,137 [WARN] PackLoader:240 - Cannot read IP mode file for STMicroelectronics.X-CUBE-NFC9.1.0.0
2025-04-29 08:27:36,156 [WARN] PackLoader:240 - Cannot read IP mode file for STMicroelectronics.X-CUBE-BLE1.7.1.0
2025-04-29 08:27:36,174 [WARN] PackLoader:240 - Cannot read IP mode file for STMicroelectronics.X-CUBE-TCPP.4.1.0
2025-04-29 08:27:36,194 [WARN] PackLoader:240 - Cannot read IP mode file for STMicroelectronics.X-CUBE-TOUCHGFX.4.21.4
2025-04-29 08:27:36,209 [WARN] PackLoader:240 - Cannot read IP mode file for STMicroelectronics.X-CUBE-ALGOBUILD.1.3.0
2025-04-29 08:27:36,273 [WARN] PackLoader:240 - Cannot read IP mode file for STMicroelectronics.X-CUBE-MEMS1.11.2.0
2025-04-29 08:27:36,402 [WARN] PackLoader:240 - Cannot read IP mode file for STMicroelectronics.X-CUBE-AZRTOS-G0.1.1.0
2025-04-29 08:27:36,419 [WARN] PackLoader:240 - Cannot read IP mode file for STMicroelectronics.X-CUBE-SAFEA1.1.2.2
2025-04-29 08:27:36,435 [WARN] PackLoader:240 - Cannot read IP mode file for STMicroelectronics.X-CUBE-NFC4.3.0.0
2025-04-29 08:27:36,448 [WARN] PackLoader:240 - Cannot read IP mode file for wolfSSL.I-CUBE-wolfMQTT.1.18.0
2025-04-29 08:27:36,460 [ERROR] Engine:466 - C:\Users\msi1\.stm32cubemx\thirdparties\pdsc\EmbeddedOffice.I-CUBE-FS-RTOS.1.0.1.pdsc: PDSC version is not supported
2025-04-29 08:27:36,474 [WARN] PackLoader:240 - Cannot read IP mode file for STMicroelectronics.X-CUBE-WB05N.2.0.0
2025-04-29 08:27:36,492 [WARN] PackLoader:240 - Cannot read IP mode file for STMicroelectronics.X-CUBE-BLEMGR.3.0.0
2025-04-29 08:27:36,507 [ERROR] Engine:466 - C:\Users\msi1\.stm32cubemx\thirdparties\pdsc\STMicroelectronics.X-CUBE-TCPP.4.2.0.pdsc: PDSC version is not supported
2025-04-29 08:27:36,519 [ERROR] Engine:466 - C:\Users\msi1\.stm32cubemx\thirdparties\pdsc\RealThread.X-CUBE-RT-Thread_Nano.4.1.1.pdsc: PDSC version is not supported
2025-04-29 08:27:36,534 [WARN] PackLoader:240 - Cannot read IP mode file for STMicroelectronics.FP-ATR-SIGFOX1.3.2.0
2025-04-29 08:27:36,547 [ERROR] Engine:466 - C:\Users\msi1\.stm32cubemx\thirdparties\pdsc\quantropi.X-CUBE-qispace-sdk-base.1.9.3.pdsc: PDSC version is not supported
2025-04-29 08:27:36,563 [WARN] PackLoader:240 - Cannot read IP mode file for STMicroelectronics.X-CUBE-EEPRMA1.5.1.0
2025-04-29 08:27:36,578 [WARN] PackLoader:240 - Cannot read IP mode file for wolfSSL.I-CUBE-wolfSSL.5.7.6
2025-04-29 08:27:36,594 [WARN] PackLoader:240 - Cannot read IP mode file for ITTIA_DB.I-CUBE-ITTIADB.8.9.0
2025-04-29 08:27:36,637 [WARN] PackLoader:240 - Cannot read IP mode file for SEGGER.I-CUBE-embOS.1.3.1
2025-04-29 08:27:36,692 [WARN] PackLoader:240 - Cannot read IP mode file for STMicroelectronics.X-CUBE-ALGOBUILD.1.4.0
2025-04-29 08:27:36,708 [WARN] PackLoader:240 - Cannot read IP mode file for STMicroelectronics.X-CUBE-AI.9.1.0
2025-04-29 08:27:36,726 [WARN] PackLoader:240 - Cannot read IP mode file for STMicroelectronics.X-CUBE-GNSS1.6.0.0
2025-04-29 08:27:36,754 [WARN] PackLoader:240 - Cannot read IP mode file for STMicroelectronics.X-CUBE-AZRTOS-F4.1.1.0
2025-04-29 08:27:36,768 [ERROR] Engine:466 - C:\Users\msi1\.stm32cubemx\thirdparties\pdsc\Avnet-IotConnect.X-CUBE-IoTC-DA16k-PMOD.1.0.0.pdsc: PDSC version is not supported
2025-04-29 08:27:36,780 [WARN] PackLoader:240 - Cannot read IP mode file for wolfSSL.I-CUBE-wolfSSL.5.6.0
2025-04-29 08:27:36,794 [WARN] PackLoader:240 - Cannot read IP mode file for STMicroelectronics.X-CUBE-ISPU.2.1.0
2025-04-29 08:27:36,810 [WARN] PackLoader:240 - Cannot read IP mode file for STMicroelectronics.X-CUBE-FREERTOS.1.2.0
2025-04-29 08:27:36,835 [WARN] PackLoader:240 - Cannot read IP mode file for STMicroelectronics.X-CUBE-AZRTOS-L5.2.0.0
2025-04-29 08:27:36,880 [WARN] PackLoader:240 - Cannot read IP mode file for STMicroelectronics.X-CUBE-MEMS1.9.6.0
2025-04-29 08:27:37,011 [WARN] PackLoader:240 - Cannot read IP mode file for STMicroelectronics.X-CUBE-EEPRMA1.4.2.0
2025-04-29 08:27:37,028 [WARN] PackLoader:240 - Cannot read IP mode file for STMicroelectronics.X-CUBE-NFC6.3.1.0
2025-04-29 08:27:37,043 [WARN] PackLoader:240 - Cannot read IP mode file for ITTIA_DB.I-CUBE-ITTIADB.8.8.0
2025-04-29 08:27:37,059 [WARN] PackLoader:240 - Cannot read IP mode file for emotas.I-CUBE-CANOPEN.1.1.3
2025-04-29 08:27:37,074 [WARN] PackLoader:240 - Cannot read IP mode file for STMicroelectronics.X-CUBE-BLEMGR.2.0.0
2025-04-29 08:27:37,088 [ERROR] Engine:466 - C:\Users\msi1\.stm32cubemx\thirdparties\pdsc\STMicroelectronics.X-CUBE-DPower.1.2.0.pdsc: PDSC version is not supported
2025-04-29 08:27:37,103 [WARN] PackLoader:240 - Cannot read IP mode file for STMicroelectronics.X-CUBE-AI.9.0.0
2025-04-29 08:27:37,135 [WARN] ConditionMgr:438 - getConditionDescription Invalid condition id : UX DEVICE CLASS RTOS Condition cause : null
2025-04-29 08:27:37,135 [WARN] ConditionMgr:438 - getConditionDescription Invalid condition id : UX DEVICE CLASS RTOS Condition cause : null
2025-04-29 08:27:37,138 [WARN] PackLoader:240 - Cannot read IP mode file for STMicroelectronics.X-CUBE-AZRTOS-H7.3.1.0
2025-04-29 08:27:37,138 [WARN] ConditionMgr:1039 - genDependencies : Invalid condition id : UX DEVICE CLASS RTOS Condition cause : null
2025-04-29 08:27:37,139 [WARN] ConditionMgr:1039 - genDependencies : Invalid condition id : UX DEVICE CLASS RTOS Condition cause : null
2025-04-29 08:27:37,139 [WARN] ConditionMgr:1039 - genDependencies : Invalid condition id : UX DEVICE CLASS RTOS Condition cause : null
2025-04-29 08:27:37,139 [WARN] ConditionMgr:1039 - genDependencies : Invalid condition id : UX DEVICE CLASS RTOS Condition cause : null
2025-04-29 08:27:37,139 [WARN] ConditionMgr:1039 - genDependencies : Invalid condition id : UX DEVICE CLASS RTOS Condition cause : null
2025-04-29 08:27:37,153 [WARN] PackLoader:240 - Cannot read IP mode file for STMicroelectronics.X-CUBE-FREERTOS.1.3.0
2025-04-29 08:27:37,169 [WARN] PackLoader:240 - Cannot read IP mode file for STMicroelectronics.X-CUBE-NFC7.1.0.1
2025-04-29 08:27:37,185 [WARN] PackLoader:240 - Cannot read IP mode file for STMicroelectronics.X-CUBE-NFC7.1.0.0
2025-04-29 08:27:37,203 [WARN] PackLoader:240 - Cannot read IP mode file for wolfSSL.I-CUBE-wolfTPM.3.2.0
2025-04-29 08:27:37,218 [WARN] PackLoader:240 - Cannot read IP mode file for STMicroelectronics.X-CUBE-NFC6.3.0.0
2025-04-29 08:27:37,236 [WARN] PackLoader:240 - Cannot read IP mode file for STMicroelectronics.X-CUBE-EEPRMA1.4.1.0
2025-04-29 08:27:37,251 [ERROR] Engine:466 - C:\Users\msi1\.stm32cubemx\thirdparties\pdsc\STMicroelectronics.X-CUBE-DPower.1.3.0.pdsc: PDSC version is not supported
2025-04-29 08:27:37,266 [WARN] PackLoader:240 - Cannot read IP mode file for STMicroelectronics.X-CUBE-AI.8.1.0
2025-04-29 08:27:37,303 [WARN] ConditionMgr:438 - getConditionDescription Invalid condition id : LAN8742 Phy interface Condition cause : null
2025-04-29 08:27:37,304 [WARN] PackLoader:240 - Cannot read IP mode file for STMicroelectronics.X-CUBE-AZRTOS-L4.2.0.0
2025-04-29 08:27:37,306 [WARN] ConditionMgr:1039 - genDependencies : Invalid condition id : LAN8742 Phy interface Condition cause : null
2025-04-29 08:27:37,306 [WARN] ConditionMgr:1039 - genDependencies : Invalid condition id : LAN8742 Phy interface Condition cause : null
2025-04-29 08:27:37,306 [WARN] ConditionMgr:1039 - genDependencies : Invalid condition id : LAN8742 Phy interface Condition cause : null
2025-04-29 08:27:37,325 [WARN] PackLoader:240 - Cannot read IP mode file for STMicroelectronics.X-CUBE-SFXS2LP1.4.0.0
2025-04-29 08:27:37,341 [WARN] PackLoader:240 - Cannot read IP mode file for STMicroelectronics.X-CUBE-ISPU.1.1.0
2025-04-29 08:27:37,388 [WARN] PackLoader:240 - Cannot read IP mode file for STMicroelectronics.X-CUBE-AZRTOS-H7.3.3.0
2025-04-29 08:27:37,409 [ERROR] Engine:466 - C:\Users\msi1\.stm32cubemx\thirdparties\pdsc\STMicroelectronics.X-CUBE-IPS.3.0.0.pdsc: PDSC version is not supported
2025-04-29 08:27:37,437 [WARN] ConditionMgr:438 - getConditionDescription Invalid condition id : UX DEVICE CLASS RTOS Condition cause : null
2025-04-29 08:27:37,437 [WARN] ConditionMgr:438 - getConditionDescription Invalid condition id : UX DEVICE CLASS RTOS Condition cause : null
2025-04-29 08:27:37,439 [WARN] PackLoader:240 - Cannot read IP mode file for STMicroelectronics.X-CUBE-AZRTOS-WB.2.0.0
2025-04-29 08:27:37,439 [WARN] ConditionMgr:1039 - genDependencies : Invalid condition id : UX DEVICE CLASS RTOS Condition cause : null
2025-04-29 08:27:37,439 [WARN] ConditionMgr:1039 - genDependencies : Invalid condition id : UX DEVICE CLASS RTOS Condition cause : null
2025-04-29 08:27:37,440 [WARN] ConditionMgr:1039 - genDependencies : Invalid condition id : UX DEVICE CLASS RTOS Condition cause : null
2025-04-29 08:27:37,440 [WARN] ConditionMgr:1039 - genDependencies : Invalid condition id : UX DEVICE CLASS RTOS Condition cause : null
2025-04-29 08:27:37,440 [WARN] ConditionMgr:1039 - genDependencies : Invalid condition id : UX DEVICE CLASS RTOS Condition cause : null
2025-04-29 08:27:37,455 [WARN] PackLoader:240 - Cannot read IP mode file for STMicroelectronics.X-CUBE-FREERTOS.1.0.1
2025-04-29 08:27:37,470 [WARN] PackLoader:240 - Cannot read IP mode file for STMicroelectronics.X-CUBE-GNSS1.7.0.1
2025-04-29 08:27:37,486 [WARN] PackLoader:240 - Cannot read IP mode file for STMicroelectronics.X-CUBE-TOUCHGFX.4.25.0
2025-04-29 08:27:37,502 [ERROR] Engine:466 - C:\Users\msi1\.stm32cubemx\thirdparties\pdsc\STMicroelectronics.FP-SNS-STBOX1.2.0.0.pdsc: PDSC version is not supported
2025-04-29 08:27:37,527 [WARN] PackLoader:240 - Cannot read IP mode file for STMicroelectronics.X-CUBE-AZRTOS-L5.1.1.0
2025-04-29 08:27:37,543 [WARN] PackLoader:240 - Cannot read IP mode file for STMicroelectronics.X-CUBE-AI.8.0.1
2025-04-29 08:27:37,561 [WARN] PackLoader:240 - Cannot read IP mode file for STMicroelectronics.X-CUBE-SUBG2.5.0.0
2025-04-29 08:27:37,596 [WARN] PackLoader:240 - Cannot read IP mode file for STMicroelectronics.X-CUBE-AZRTOS-H7RS.1.1.0
2025-04-29 08:27:37,614 [WARN] PackLoader:240 - Cannot read IP mode file for Cesanta.I-CUBE-Mongoose.7.13.0
2025-04-29 08:27:37,634 [WARN] PackLoader:240 - Cannot read IP mode file for STMicroelectronics.X-CUBE-TOF1.3.3.1
2025-04-29 08:27:37,666 [WARN] PackLoader:240 - Cannot read IP mode file for STMicroelectronics.X-CUBE-AZRTOS-G4.2.0.0
2025-04-29 08:27:37,688 [WARN] PackLoader:240 - Cannot read IP mode file for STMicroelectronics.X-CUBE-TOF1.3.3.0
2025-04-29 08:27:37,718 [WARN] PackLoader:240 - Cannot read IP mode file for Infineon.AIROC-Wi-Fi-Bluetooth-STM32.1.5.1
2025-04-29 08:27:37,735 [WARN] PackLoader:240 - Cannot read IP mode file for STMicroelectronics.FP-SNS-MOTENVWB1.1.3.0
2025-04-29 08:27:37,749 [WARN] PackLoader:240 - Cannot read IP mode file for STMicroelectronics.FP-SNS-MOTENVWB1.1.3.1
2025-04-29 08:27:37,777 [WARN] PackLoader:240 - Cannot read IP mode file for STMicroelectronics.X-CUBE-AZRTOS-L4.1.0.0
2025-04-29 08:27:37,793 [WARN] PackLoader:240 - Cannot read IP mode file for STMicroelectronics.X-CUBE-ISPU.2.0.0
2025-04-29 08:27:37,807 [ERROR] Engine:466 - C:\Users\msi1\.stm32cubemx\thirdparties\pdsc\STMicroelectronics.X-CUBE-IPS.3.1.0.pdsc: PDSC version is not supported
2025-04-29 08:27:37,820 [WARN] PackLoader:240 - Cannot read IP mode file for STMicroelectronics.X-CUBE-ALS.1.0.2
2025-04-29 08:27:37,858 [WARN] PackLoader:240 - Cannot read IP mode file for STMicroelectronics.X-CUBE-MEMS1.10.0.0
2025-04-29 08:27:37,934 [WARN] PackLoader:240 - Cannot read IP mode file for STMicroelectronics.X-CUBE-FREERTOS.1.1.0
2025-04-29 08:27:37,951 [WARN] PackLoader:240 - Cannot read IP mode file for STMicroelectronics.X-CUBE-TOUCHGFX.4.24.0
2025-04-29 08:27:37,972 [WARN] PackLoader:240 - Cannot read IP mode file for STMicroelectronics.X-CUBE-TOUCHGFX.4.24.2
2025-04-29 08:27:37,999 [WARN] PackLoader:240 - Cannot read IP mode file for STMicroelectronics.X-CUBE-AZRTOS-WL.1.0.0
2025-04-29 08:27:38,018 [WARN] PackLoader:240 - Cannot read IP mode file for STMicroelectronics.X-CUBE-TOUCHGFX.4.24.1
2025-04-29 08:27:38,037 [WARN] PackLoader:240 - Cannot read IP mode file for wolfSSL.I-CUBE-wolfTPM.3.4.0
2025-04-29 08:27:38,068 [WARN] PackLoader:240 - Cannot read IP mode file for portGmbH.I-Cube-SoM-uGOAL.1.1.0
2025-04-29 08:27:38,086 [WARN] PackLoader:240 - Cannot read IP mode file for STMicroelectronics.X-CUBE-ALS.1.0.1
2025-04-29 08:27:38,113 [WARN] PackLoader:240 - Cannot read IP mode file for STMicroelectronics.X-CUBE-AZRTOS-WB.1.1.0
2025-04-29 08:27:38,146 [WARN] PackLoader:240 - Cannot read IP mode file for STMicroelectronics.X-CUBE-AZRTOS-H7RS.1.0.0
2025-04-29 08:27:38,166 [WARN] PackLoader:240 - Cannot read IP mode file for STMicroelectronics.FP-ATR-ASTRA1.2.0.0
2025-04-29 08:27:38,187 [ERROR] Engine:466 - C:\Users\msi1\.stm32cubemx\thirdparties\pdsc\STMicroelectronics.X-CUBE-TOF1.3.4.2.pdsc: PDSC version is not supported
2025-04-29 08:27:38,205 [ERROR] Engine:466 - C:\Users\msi1\.stm32cubemx\thirdparties\pdsc\STMicroelectronics.X-CUBE-TOF1.3.4.3.pdsc: PDSC version is not supported
2025-04-29 08:27:38,229 [WARN] PackLoader:240 - Cannot read IP mode file for STMicroelectronics.X-CUBE-TOF1.3.4.0
2025-04-29 08:27:38,261 [WARN] PackLoader:240 - Cannot read IP mode file for STMicroelectronics.X-CUBE-TOF1.3.4.1
2025-04-29 08:27:38,297 [WARN] PackLoader:240 - Cannot read IP mode file for STMicroelectronics.X-CUBE-AZRTOS-H7.3.2.0
2025-04-29 08:27:38,313 [WARN] PackLoader:240 - Cannot read IP mode file for wolfSSL.I-CUBE-wolfSSH.1.4.17
2025-04-29 08:27:38,313 [INFO] ThirdParty:978 - Integrity check success = true
2025-04-29 08:27:38,314 [INFO] IntegrityCheckThread:100 - exiting critical section [integrity check]
2025-04-29 08:27:38,314 [INFO] IntegrityCheckThread:103 - End integrity checks thread
2025-04-29 08:27:54,384 [ERROR] LogOutputStream:75 - [STDERR_REDIRECT] SLF4J: Failed to load class "org.slf4j.impl.StaticLoggerBinder".
2025-04-29 08:27:54,386 [ERROR] LogOutputStream:75 - [STDERR_REDIRECT] SLF4J: Defaulting to no-operation (NOP) logger implementation
2025-04-29 08:27:54,388 [ERROR] LogOutputStream:75 - [STDERR_REDIRECT] SLF4J: See http://www.slf4j.org/codes.html#StaticLoggerBinder for further details.
2025-04-29 08:29:43,908 [INFO] McuFinderGlobals:63 - Set McuFinder mode to 2 (CubeIDE integrated)
2025-04-29 08:29:43,999 [INFO] MainUpdater:2868 - connection check result : 10
2025-04-29 08:29:44,027 [INFO] MainUpdater:2868 - connection check result : 10
2025-04-29 08:29:44,614 [INFO] MicroXplorer:468 - Change Database Path : 
2025-04-29 08:29:44,614 [INFO] MicroXplorer:498 - Change Database Version : DB.6.0.90
2025-04-29 08:29:44,619 [WARN] ThirdParty:871 - waiting for thirdparty lock release [close project]
2025-04-29 08:29:44,619 [INFO] ThirdParty:873 - entering critical section [close project]
2025-04-29 08:29:44,648 [INFO] ThirdParty:883 - exiting critical section [close project]
2025-04-29 08:29:44,651 [INFO] PinOutPanel:1499 - setPackage(No Configuration,No Configuration)
2025-04-29 08:29:44,658 [INFO] UtilMem:75 - Begin LoadConfig() Used Memory: 793819864 Bytes (905969664)
2025-04-29 08:29:44,662 [INFO] MicroXplorer:468 - Change Database Path : 
2025-04-29 08:29:44,663 [INFO] MicroXplorer:498 - Change Database Version : DB.6.0.90
2025-04-29 08:29:44,663 [INFO] OpenFileManager:308 - Change cursor
2025-04-29 08:29:44,736 [INFO] Mcu:1946 - Initializing MCU STM32F103C(8-B)Tx STM32F103CBTx STM32F103CBT6
2025-04-29 08:29:45,903 [INFO] Context:659 - Trying to add GPIOservice into a context  which must be forbidden
2025-04-29 08:29:46,496 [INFO] RtosManager:555 - Registered RTOS mode: class=CMSIS, group=RTOS, mode=CMSIS_V1, owner=FREERTOS
2025-04-29 08:29:46,496 [INFO] RtosManager:555 - Registered RTOS mode: class=CMSIS, group=RTOS2, mode=CMSIS_V2, owner=FREERTOS
2025-04-29 08:29:46,496 [INFO] RtosManager:555 - Registered RTOS mode: class=RTOS, group=Core, mode=CMSIS_V1, owner=FREERTOS
2025-04-29 08:29:46,496 [INFO] RtosManager:555 - Registered RTOS mode: class=RTOS, group=Core, mode=CMSIS_V2, owner=FREERTOS
2025-04-29 08:29:46,497 [WARN] ModelIntegratedComponent:184 - Missing modes for component STMicroelectronics:FreeRTOS:0.0.1:STMicroelectronics:RTOS:FreeRTOS:Core:::10.2.0:
2025-04-29 08:29:46,505 [WARN] ModelIntegratedComponent:63 - No mode defined for component null
2025-04-29 08:29:46,505 [WARN] ModelIntegratedComponent:63 - No mode defined for component null
2025-04-29 08:29:46,505 [WARN] ModelIntegratedComponent:63 - No mode defined for component null
2025-04-29 08:29:46,505 [WARN] ModelIntegratedComponent:63 - No mode defined for component null
2025-04-29 08:29:46,505 [WARN] ModelIntegratedComponent:63 - No mode defined for component null
2025-04-29 08:29:46,505 [WARN] ModelIntegratedComponent:63 - No mode defined for component null
2025-04-29 08:29:46,505 [WARN] ModelIntegratedComponent:63 - No mode defined for component null
2025-04-29 08:29:46,505 [WARN] ModelIntegratedComponent:63 - No mode defined for component null
2025-04-29 08:29:46,505 [WARN] ModelIntegratedComponent:63 - No mode defined for component null
2025-04-29 08:29:46,506 [WARN] ModelIntegratedComponent:63 - No mode defined for component null
2025-04-29 08:29:46,506 [WARN] ModelIntegratedComponent:63 - No mode defined for component null
2025-04-29 08:29:46,506 [WARN] ModelIntegratedComponent:63 - No mode defined for component null
2025-04-29 08:29:46,506 [WARN] ModelIntegratedComponent:63 - No mode defined for component null
2025-04-29 08:29:46,506 [WARN] ModelIntegratedComponent:63 - No mode defined for component null
2025-04-29 08:29:46,506 [WARN] ModelIntegratedComponent:63 - No mode defined for component null
2025-04-29 08:29:46,506 [WARN] ModelIntegratedComponent:63 - No mode defined for component null
2025-04-29 08:29:46,506 [WARN] ModelIntegratedComponent:63 - No mode defined for component null
2025-04-29 08:29:46,506 [WARN] ModelIntegratedComponent:63 - No mode defined for component null
2025-04-29 08:29:46,506 [WARN] ModelIntegratedComponent:63 - No mode defined for component null
2025-04-29 08:29:46,506 [WARN] ModelIntegratedComponent:63 - No mode defined for component null
2025-04-29 08:29:46,507 [WARN] ModelIntegratedComponent:63 - No mode defined for component null
2025-04-29 08:29:46,507 [WARN] ModelIntegratedComponent:63 - No mode defined for component null
2025-04-29 08:29:46,507 [WARN] ModelIntegratedComponent:63 - No mode defined for component null
2025-04-29 08:29:46,507 [WARN] ModelIntegratedComponent:63 - No mode defined for component null
2025-04-29 08:29:46,507 [WARN] ModelIntegratedComponent:63 - No mode defined for component null
2025-04-29 08:29:46,507 [WARN] ModelIntegratedComponent:63 - No mode defined for component null
2025-04-29 08:29:46,507 [WARN] ModelIntegratedComponent:63 - No mode defined for component null
2025-04-29 08:29:46,507 [WARN] ModelIntegratedComponent:63 - No mode defined for component null
2025-04-29 08:29:46,507 [WARN] ModelIntegratedComponent:63 - No mode defined for component null
2025-04-29 08:29:46,507 [WARN] ModelIntegratedComponent:63 - No mode defined for component null
2025-04-29 08:29:46,507 [WARN] ModelIntegratedComponent:63 - No mode defined for component null
2025-04-29 08:29:46,508 [WARN] ModelIntegratedComponent:63 - No mode defined for component null
2025-04-29 08:29:46,508 [WARN] ModelIntegratedComponent:63 - No mode defined for component null
2025-04-29 08:29:46,856 [INFO] ThirdPartyModel:298 - Start build external matchings
2025-04-29 08:29:49,219 [INFO] ThirdPartyModel:316 - End build external matchings
2025-04-29 08:29:49,266 [INFO] ImportTextPane:194 - (OptionalMessage_ERROR) IP (RCC) : Invalid parameter (FamilyName)
2025-04-29 08:29:49,520 [INFO] UtilMem:75 - End LoadConfig() Used Memory: 728397224 Bytes (1073741824)
2025-04-29 08:29:49,692 [INFO] ApiDb:581 - Connected to CubeFinder SQLite database (C:\Users\msi1\.stmcufinder\plugins\mcufinder\mcu\cube-finder-db.db)
2025-04-29 08:29:49,905 [INFO] ApiDb:668 - CubeFinder database Data Model version=2.1
2025-04-29 08:29:49,905 [INFO] ApiDb:669 - CubeFinder database Configuration version=3.0.39
2025-04-29 08:29:49,906 [INFO] ApiDb:670 - CubeFinder database generation date=2025-04-23 (1745419778)
2025-04-29 08:29:49,906 [INFO] ApiDb:671 - CubeFinder database FW Pack versions=[FP-ATR-ASTRA1_V2.0.0, FP-SNS-FLIGHT1_V5.1.0, FP-SNS-MOTENV1_V5.0.0, FP-SNS-MOTENVWB1_V1.4.0, FP-SNS-SMARTAG2_V1.2.0, FP-SNS-STBOX1_V2.0.0, STM32Cube_FW_C0_V1.4.0, STM32Cube_FW_F4_V1.28.1, STM32Cube_FW_F7_V1.17.2, STM32Cube_FW_G0_V1.6.2, STM32Cube_FW_G4_V1.6.1, STM32Cube_FW_H5_V1.5.0, STM32Cube_FW_H7RS_V1.2.0, STM32Cube_FW_H7_V1.12.1, STM32Cube_FW_L0_V1.12.2, STM32Cube_FW_L4_V1.18.1, STM32Cube_FW_L5_V1.5.1, STM32Cube_FW_N6_V1.1.1, STM32Cube_FW_U0_V1.2.0, STM32Cube_FW_U3_V1.1.0, STM32Cube_FW_U5_V1.7.0, STM32Cube_FW_WB0_V1.2.0, STM32Cube_FW_WBA_V1.6.0, STM32Cube_FW_WB_V1.22.0, STM32Cube_FW_WL3_V1.1.0, STM32Cube_FW_WL_V1.3.1, X-CUBE-ALGOBUILD_V1.4.0, X-CUBE-ALS_V1.0.2, X-CUBE-AZRTOS-F4_V1.1.0, X-CUBE-AZRTOS-F7_V1.1.0, X-CUBE-AZRTOS-G0_V1.1.0, X-CUBE-AZRTOS-G4_V2.0.0, X-CUBE-AZRTOS-H7RS_V1.1.0, X-CUBE-AZRTOS-H7_V3.3.0, X-CUBE-AZRTOS-L4_V2.0.0, X-CUBE-AZRTOS-L5_V2.0.0, X-CUBE-AZRTOS-WB_V2.0.0, X-CUBE-AZRTOS-WL_V2.0.0, X-CUBE-BLE1_V7.1.0, X-CUBE-BLE2_V3.3.0, X-CUBE-BLEMGR_V4.0.0, X-CUBE-EEPRMA1_V5.1.0, X-CUBE-FREERTOS_V1.3.0, X-CUBE-GNSS1_V6.0.0, X-CUBE-MEMS1_V11.2.0, X-CUBE-NFC4_V3.0.0, X-CUBE-NFC7_V1.0.1, X-CUBE-SFXS2LP1_V4.0.0, X-CUBE-SUBG2_V5.0.0, X-CUBE-TOF1_V3.4.3]
2025-04-29 08:29:54,319 [INFO] ApiDb:240 - Found 323 in-development CPN: [B-G473E-ZEST1S, B-WB1M-WPAN1, B-WL5M-SUBG1, NUCLEO-C031C6, NUCLEO-H503RB, NUCLEO-H563ZI, NUCLEO-U545RE-Q, NUCLEO-U5A5ZJ-Q, NUCLEO-WBA52CG, STEVAL-PROTEUS1, STEVAL-SMARTAG2, STEVAL-STWINBX1, STM320518-EVAL, STM32C0116-DK, STM32C011D6Y3TR, STM32C011D6Y6TR, STM32C011F4P3, STM32C011F4P6, STM32C011F4U3, STM32C011F4U6TR, STM32C011F6P3, STM32C011F6P6, STM32C011F6U3, STM32C011F6U6TR, STM32C011J4M3, STM32C011J4M6, STM32C011J6M3, STM32C011J6M6, STM32C0316-DK, STM32C031C4T3, STM32C031C4T6, STM32C031C4U3, STM32C031C4U6, STM32C031C6T3, STM32C031C6T6, STM32C031C6U3, STM32C031C6U6, STM32C031F4P3, STM32C031F4P6, STM32C031F6P3, STM32C031F6P6, STM32C031G4U3, STM32C031G4U6, STM32C031G6U3, STM32C031G6U6, STM32C031K4T3, STM32C031K4T6, STM32C031K4U3, STM32C031K4U6, STM32C031K6T3, STM32C031K6T6, STM32C031K6U3, STM32C031K6U6, STM32G071K8TXN, STM32G071K8UXN, STM32G081GBU6N, STM32G081KBT6N, STM32G081KBUXN, STM32G0B1CCT6N, STM32G0B1KCT6, STM32G0B1NEY6TR, STM32G0B1RCT6N, STM32G0C1CCT6, STM32G0C1CCT6N, STM32G0C1CCU6N, STM32G0C1CET6N, STM32G0C1CEU6N, STM32G0C1KCT6, STM32G0C1NEY6TR, STM32G0C1RCI6N, STM32G0C1RCT6N, STM32G0C1REI6N, STM32G0C1RET6N, STM32G0C1VCI6, STM32G0C1VEI6, STM32G471CCT6, STM32G471CCU6, STM32G471CET3, STM32G471CET6, STM32G471CEU3, STM32G471CEU6, STM32G471MCT6, STM32G471MET3, STM32G471MET6, STM32G471MEY6TR, STM32G471QCT6, STM32G471QET3, STM32G471RCT6, STM32G471RET3, STM32G471RET6, STM32G471VCH6, STM32G471VCI6, STM32G471VCT6, STM32G471VEH3, STM32G471VEH6, STM32G471VEI3, STM32G471VEI6, STM32G471VET3, STM32G471VET6, STM32G474CCT6, STM32H503CBT6, STM32H503CBU6, STM32H503EBY6TR, STM32H503KBU6, STM32H503RBT6, STM32H562AGI6, STM32H562AII6, STM32H562IGK6, STM32H562IGT6, STM32H562IIK6, STM32H562IIT6, STM32H562RGT6, STM32H562RGV6, STM32H562RIT6, STM32H562RIV6, STM32H562VGT6, STM32H562VIT6, STM32H562ZGT6, STM32H562ZIT6, STM32H563AGI6, STM32H563AII3Q, STM32H563AII6, STM32H563IGK6, STM32H563IGT6, STM32H563IIK3Q, STM32H563IIK6, STM32H563IIT3Q, STM32H563IIT6, STM32H563MIY3QTR, STM32H563RGT6, STM32H563RGV6, STM32H563RIT6, STM32H563RIV6, STM32H563VGT6, STM32H563VIT3Q, STM32H563VIT6, STM32H563ZGT6, STM32H563ZIT3Q, STM32H563ZIT6, STM32H573AII3Q, STM32H573AII6, STM32H573I-DK, STM32H573IIK3Q, STM32H573IIK6, STM32H573IIT3Q, STM32H573IIT6, STM32H573MIY3QTR, STM32H573RIT6, STM32H573RIV6, STM32H573VIT3Q, STM32H573VIT6, STM32H573ZIT3Q, STM32H573ZIT6, STM32L4R5QGI6STR, STM32MP131AAE3, STM32MP131AAF3, STM32MP131AAG3, STM32MP131CAE3, STM32MP131CAF3, STM32MP131CAG3, STM32MP131DAE7, STM32MP131DAF7, STM32MP131DAG7, STM32MP131FAE7, STM32MP131FAF7, STM32MP131FAG7, STM32MP133AAE3, STM32MP133AAF3, STM32MP133AAG3, STM32MP133CAE3, STM32MP133CAF3, STM32MP133CAG3, STM32MP133DAE7, STM32MP133DAF7, STM32MP133DAG7, STM32MP133FAE7, STM32MP133FAF7, STM32MP133FAG7, STM32MP135AAE3, STM32MP135AAF3, STM32MP135AAG3, STM32MP135CAE3, STM32MP135CAF3, STM32MP135CAG3, STM32MP135DAE7, STM32MP135DAF7, STM32MP135DAG7, STM32MP135F-DK, STM32MP135FAE7, STM32MP135FAF7, STM32MP135FAF7T, STM32MP135FAF7U, STM32MP135FAG7, STM32U535CBT6, STM32U535CBT6Q, STM32U535CBU6, STM32U535CBU6Q, STM32U535CCT6, STM32U535CCT6Q, STM32U535CCU6, STM32U535CCU6Q, STM32U535CET6, STM32U535CET6Q, STM32U535CEU6, STM32U535CEU6Q, STM32U535JEY6QTR, STM32U535NCY6QTR, STM32U535NEY6QTR, STM32U535RBI6, STM32U535RBI6Q, STM32U535RBT6, STM32U535RBT6Q, STM32U535RCI6, STM32U535RCI6Q, STM32U535RCT6, STM32U535RCT6Q, STM32U535REI6, STM32U535REI6Q, STM32U535RET6, STM32U535RET6Q, STM32U535VCI6, STM32U535VCI6Q, STM32U535VCT6, STM32U535VCT6Q, STM32U535VEI6, STM32U535VEI6Q, STM32U535VET6, STM32U535VET6Q, STM32U545CET6, STM32U545CET6Q, STM32U545CEU6, STM32U545CEU6Q, STM32U545JEY6QTR, STM32U545NEY6QTR, STM32U545REI6, STM32U545REI6Q, STM32U545RET6, STM32U545RET6Q, STM32U545VEI6, STM32U545VEI6Q, STM32U545VET6, STM32U545VET6Q, STM32U595AIH6, STM32U595AIH6Q, STM32U595AJH6, STM32U595AJH6Q, STM32U595QII6, STM32U595QII6Q, STM32U595QJI6, STM32U595QJI6Q, STM32U595RIT6, STM32U595RIT6Q, STM32U595RJT6, STM32U595RJT6Q, STM32U595VIT6, STM32U595VIT6Q, STM32U595VJT6, STM32U595VJT6Q, STM32U595ZIT6, STM32U595ZIT6Q, STM32U595ZIY6QTR, STM32U595ZJT6, STM32U595ZJT6Q, STM32U595ZJY6QTR, STM32U599BJY6QTR, STM32U599NIH6Q, STM32U599NJH6Q, STM32U599VIT6Q, STM32U599VJT6, STM32U599VJT6Q, STM32U599ZIT6Q, STM32U599ZIY6QTR, STM32U599ZJT6Q, STM32U599ZJY6QTR, STM32U5A5AJH6, STM32U5A5AJH6Q, STM32U5A5QJI6, STM32U5A5QJI6Q, STM32U5A5RJT6, STM32U5A5RJT6Q, STM32U5A5VJT6, STM32U5A5VJT6Q, STM32U5A5ZJT6, STM32U5A5ZJT6Q, STM32U5A5ZJY6QTR, STM32U5A9BJY6QTR, STM32U5A9J-DK, STM32U5A9NJH6Q, STM32U5A9VJT6Q, STM32U5A9ZJT6Q, STM32U5A9ZJY6QTR, STM32U5F7VIT6, STM32U5F7VIT6Q, STM32U5F7VJT6, STM32U5F7VJT6Q, STM32U5F9BJY6QTR, STM32U5F9NJH6Q, STM32U5F9VIT6Q, STM32U5F9VJT6Q, STM32U5F9ZIJ6QTR, STM32U5F9ZIT6Q, STM32U5F9ZJJ6QTR, STM32U5F9ZJT6Q, STM32U5G7VJT6, STM32U5G7VJT6Q, STM32U5G9BJY6QTR, STM32U5G9J-DK1, STM32U5G9J-DK2, STM32U5G9NJH6Q, STM32U5G9VJT6Q, STM32U5G9ZJJ6QTR, STM32U5G9ZJT6Q, STM32WB1MMCH6, STM32WBA52CEU6, STM32WBA52CEU6T, STM32WBA52CGU6, STM32WBA52CGU6T, STM32WBA52KEU6, STM32WBA52KEU6T, STM32WBA52KGU6, STM32WBA52KGU6T, STM32WL5MOCH6, STM32WL5MOCH6TR]
2025-04-29 08:29:54,323 [INFO] DbMcus:217 - Found 4642 MCUs, 4642 are supported
2025-04-29 08:29:54,331 [INFO] ApiDb:423 - Load user favorites file C:\Users\msi1/.stm32cubeide/favorites.mcus.txt: 3 item(s)
2025-04-29 08:29:54,331 [INFO] ApiDb:427 - User favorites MCUs=[STM32F103CBT6, STM32F303VCT6, STM32F407VGT6]
2025-04-29 08:29:54,331 [INFO] DbMcus:223 - Set 3 / 3 favorites MCUs
2025-04-29 08:29:55,072 [WARN] ThirdParty:833 - waiting for thirdparty lock release [change project]
2025-04-29 08:29:55,073 [INFO] ThirdParty:835 - entering critical section [change project]
2025-04-29 08:29:55,074 [INFO] ThirdParty:1030 - CMSIS Pack Vendor :STMicroelectronics USBPD 4.1
2025-04-29 08:29:55,074 [INFO] ThirdParty:1030 - CMSIS Pack Vendor :STMicroelectronics X-CUBE-GNSS1 6.0.0
2025-04-29 08:29:55,074 [INFO] ThirdParty:1030 - CMSIS Pack Vendor :STMicroelectronics USB_HOST 2.0.0
2025-04-29 08:29:55,074 [INFO] ThirdParty:1030 - CMSIS Pack Vendor :STMicroelectronics FP-SNS-MOTENVWB1 1.4.0
2025-04-29 08:29:55,075 [INFO] ThirdParty:1030 - CMSIS Pack Vendor :STMicroelectronics X-CUBE-AZRTOS-F4 1.1.0
2025-04-29 08:29:55,075 [INFO] ThirdParty:1030 - CMSIS Pack Vendor :STMicroelectronics LIBJPEG 8.0.0
2025-04-29 08:29:55,075 [INFO] ThirdParty:1030 - CMSIS Pack Vendor :STMicroelectronics FP-ATR-ASTRA1 2.0.2
2025-04-29 08:29:55,075 [INFO] ThirdParty:1030 - CMSIS Pack Vendor :STMicroelectronics FP-ATR-ASTRA1 2.0.1
2025-04-29 08:29:55,075 [INFO] ThirdParty:1030 - CMSIS Pack Vendor :STMicroelectronics X-CUBE-SMBUS 2.1.0
2025-04-29 08:29:55,076 [INFO] ThirdParty:1030 - CMSIS Pack Vendor :STMicroelectronics X-CUBE-WB05N 1.1.0
2025-04-29 08:29:55,076 [INFO] ThirdParty:1030 - CMSIS Pack Vendor :wolfSSL I-CUBE-wolfSSL 5.6.0
2025-04-29 08:29:55,076 [INFO] ThirdParty:1030 - CMSIS Pack Vendor :STMicroelectronics X-CUBE-ISPU 2.1.0
2025-04-29 08:29:55,076 [INFO] ThirdParty:1030 - CMSIS Pack Vendor :STMicroelectronics X-CUBE-FREERTOS 1.2.0
2025-04-29 08:29:55,076 [INFO] ThirdParty:1030 - CMSIS Pack Vendor :STMicroelectronics X-CUBE-TOUCHGFX 4.23.0
2025-04-29 08:29:55,077 [INFO] ThirdParty:1030 - CMSIS Pack Vendor :STMicroelectronics X-CUBE-TOUCHGFX 4.23.2
2025-04-29 08:29:55,077 [INFO] ThirdParty:1030 - CMSIS Pack Vendor :STMicroelectronics X-CUBE-AZRTOS-F7 1.1.0
2025-04-29 08:29:55,077 [INFO] ThirdParty:1030 - CMSIS Pack Vendor :STMicroelectronics X-CUBE-AZRTOS-L5 2.0.0
2025-04-29 08:29:55,077 [INFO] ThirdParty:1030 - CMSIS Pack Vendor :STMicroelectronics USB_DEVICE 2.0.0
2025-04-29 08:29:55,077 [INFO] ThirdParty:1030 - CMSIS Pack Vendor :STMicroelectronics X-CUBE-MEMS1 9.6.0
2025-04-29 08:29:55,078 [INFO] ThirdParty:1030 - CMSIS Pack Vendor :STMicroelectronics X-CUBE-EEPRMA1 4.2.0
2025-04-29 08:29:55,078 [INFO] ThirdParty:1030 - CMSIS Pack Vendor :STMicroelectronics X-CUBE-NFC6 3.1.0
2025-04-29 08:29:55,078 [INFO] ThirdParty:1030 - CMSIS Pack Vendor :ITTIA_DB I-CUBE-ITTIADB 8.8.0
2025-04-29 08:29:55,078 [INFO] ThirdParty:1030 - CMSIS Pack Vendor :STMicroelectronics FP-SNS-MOTENV1 4.3.0
2025-04-29 08:29:55,078 [INFO] ThirdParty:1030 - CMSIS Pack Vendor :STMicroelectronics FP-SNS-MOTENV1 4.3.2
2025-04-29 08:29:55,079 [INFO] ThirdParty:1030 - CMSIS Pack Vendor :STMicroelectronics FP-SNS-FLIGHT1 5.0.0
2025-04-29 08:29:55,079 [INFO] ThirdParty:1030 - CMSIS Pack Vendor :STMicroelectronics X-CUBE-BLE1 6.2.4
2025-04-29 08:29:55,079 [INFO] ThirdParty:1030 - CMSIS Pack Vendor :STMicroelectronics FreeRTOS 0.0.1
2025-04-29 08:29:55,079 [INFO] ThirdParty:1030 - CMSIS Pack Vendor :emotas I-CUBE-CANOPEN 1.1.3
2025-04-29 08:29:55,080 [INFO] ThirdParty:1030 - CMSIS Pack Vendor :STMicroelectronics X-CUBE-BLEMGR 2.0.0
2025-04-29 08:29:55,080 [INFO] ThirdParty:1030 - CMSIS Pack Vendor :STMicroelectronics FP-SNS-FLIGHT1 5.0.2
2025-04-29 08:29:55,080 [INFO] ThirdParty:1030 - CMSIS Pack Vendor :STMicroelectronics X-CUBE-AI 9.0.0
2025-04-29 08:29:55,080 [INFO] ThirdParty:1030 - CMSIS Pack Vendor :STMicroelectronics X-CUBE-AZRTOS-H7 3.1.0
2025-04-29 08:29:55,080 [INFO] ThirdParty:1030 - CMSIS Pack Vendor :STMicroelectronics PDM2PCM 3.3.0
2025-04-29 08:29:55,081 [INFO] ThirdParty:1030 - CMSIS Pack Vendor :STMicroelectronics X-CUBE-DISPLAY 3.0.0
2025-04-29 08:29:55,081 [INFO] ThirdParty:1030 - CMSIS Pack Vendor :STMicroelectronics X-CUBE-BLE1 7.0.0
2025-04-29 08:29:55,081 [INFO] ThirdParty:1030 - CMSIS Pack Vendor :STMicroelectronics X-CUBE-NFC10 1.0.0
2025-04-29 08:29:55,081 [INFO] ThirdParty:1030 - CMSIS Pack Vendor :STMicroelectronics HAL Drivers 0.0.0
2025-04-29 08:29:55,082 [INFO] ThirdParty:1030 - CMSIS Pack Vendor :emotas I-CUBE-CANOPEN 1.3.0
2025-04-29 08:29:55,082 [INFO] ThirdParty:1030 - CMSIS Pack Vendor :STMicroelectronics X-CUBE-FREERTOS 1.3.0
2025-04-29 08:29:55,082 [INFO] ThirdParty:1030 - CMSIS Pack Vendor :STMicroelectronics X-CUBE-TOUCHGFX 4.22.0
2025-04-29 08:29:55,082 [INFO] ThirdParty:1030 - CMSIS Pack Vendor :STMicroelectronics X-CUBE-NFC7 1.0.1
2025-04-29 08:29:55,082 [INFO] ThirdParty:1030 - CMSIS Pack Vendor :STMicroelectronics MBEDTLS 2.14.1
2025-04-29 08:29:55,082 [INFO] ThirdParty:1030 - CMSIS Pack Vendor :STMicroelectronics X-CUBE-NFC7 1.0.0
2025-04-29 08:29:55,083 [INFO] ThirdParty:1030 - CMSIS Pack Vendor :STMicroelectronics X-CUBE-TOUCHGFX 4.22.1
2025-04-29 08:29:55,083 [INFO] ThirdParty:1030 - CMSIS Pack Vendor :wolfSSL I-CUBE-wolfTPM 3.2.0
2025-04-29 08:29:55,083 [INFO] ThirdParty:1030 - CMSIS Pack Vendor :STMicroelectronics X-CUBE-NFC6 3.0.0
2025-04-29 08:29:55,083 [INFO] ThirdParty:1030 - CMSIS Pack Vendor :STMicroelectronics X-CUBE-EEPRMA1 4.1.0
2025-04-29 08:29:55,083 [INFO] ThirdParty:1030 - CMSIS Pack Vendor :STMicroelectronics X-CUBE-BLEMGR 3.1.0
2025-04-29 08:29:55,085 [INFO] ThirdParty:1030 - CMSIS Pack Vendor :STMicroelectronics X-CUBE-AI 10.0.0
2025-04-29 08:29:55,085 [INFO] ThirdParty:1030 - CMSIS Pack Vendor :STMicroelectronics FP-SNS-SMARTAG2 1.2.0
2025-04-29 08:29:55,085 [INFO] ThirdParty:1030 - CMSIS Pack Vendor :STMicroelectronics X-CUBE-MEMS1 11.1.0
2025-04-29 08:29:55,085 [INFO] ThirdParty:1030 - CMSIS Pack Vendor :STMicroelectronics X-CUBE-AZRTOS-WL 2.0.0
2025-04-29 08:29:55,085 [INFO] ThirdParty:1030 - CMSIS Pack Vendor :STMicroelectronics FP-SNS-MOTENV1 5.0.0
2025-04-29 08:29:55,086 [INFO] ThirdParty:1030 - CMSIS Pack Vendor :STMicroelectronics USB_DEVICE 1.0.0
2025-04-29 08:29:55,086 [INFO] ThirdParty:1030 - CMSIS Pack Vendor :STMicroelectronics X-CUBE-AI 8.1.0
2025-04-29 08:29:55,086 [INFO] ThirdParty:1030 - CMSIS Pack Vendor :wolfSSL I-CUBE-wolfMQTT 1.19.0
2025-04-29 08:29:55,086 [INFO] ThirdParty:1030 - CMSIS Pack Vendor :STMicroelectronics X-CUBE-AZRTOS-L4 2.0.0
2025-04-29 08:29:55,086 [INFO] ThirdParty:1030 - CMSIS Pack Vendor :STMicroelectronics ThreadX 0.0.2
2025-04-29 08:29:55,086 [INFO] ThirdParty:1030 - CMSIS Pack Vendor :WES I-CUBE-Cesium 1.3.0
2025-04-29 08:29:55,086 [INFO] ThirdParty:1030 - CMSIS Pack Vendor :STMicroelectronics lwIP 2.1.2
2025-04-29 08:29:55,086 [INFO] ThirdParty:1030 - CMSIS Pack Vendor :STMicroelectronics X-CUBE-SFXS2LP1 4.0.0
2025-04-29 08:29:55,086 [INFO] ThirdParty:1030 - CMSIS Pack Vendor :STMicroelectronics X-CUBE-BLE2 3.3.0
2025-04-29 08:29:55,087 [INFO] ThirdParty:1030 - CMSIS Pack Vendor :STMicroelectronics PDM2PCM 3.2.0
2025-04-29 08:29:55,087 [INFO] ThirdParty:1030 - CMSIS Pack Vendor :STMicroelectronics X-CUBE-ISPU 1.1.0
2025-04-29 08:29:55,087 [INFO] ThirdParty:1030 - CMSIS Pack Vendor :STMicroelectronics X-CUBE-AZRTOS-H7 3.3.0
2025-04-29 08:29:55,087 [INFO] ThirdParty:1030 - CMSIS Pack Vendor :STMicroelectronics X-CUBE-NFC9 1.0.0
2025-04-29 08:29:55,087 [INFO] ThirdParty:1030 - CMSIS Pack Vendor :STMicroelectronics X-CUBE-BLE1 7.1.0
2025-04-29 08:29:55,089 [INFO] ThirdParty:1030 - CMSIS Pack Vendor :STMicroelectronics USB_DEVICE 3.0.0
2025-04-29 08:29:55,089 [INFO] ThirdParty:1030 - CMSIS Pack Vendor :STMicroelectronics X-CUBE-TCPP 4.1.0
2025-04-29 08:29:55,089 [INFO] ThirdParty:1030 - CMSIS Pack Vendor :STMicroelectronics X-CUBE-AZRTOS-WB 2.0.0
2025-04-29 08:29:55,089 [INFO] ThirdParty:1030 - CMSIS Pack Vendor :STMicroelectronics X-CUBE-FREERTOS 1.0.1
2025-04-29 08:29:55,090 [INFO] ThirdParty:1030 - CMSIS Pack Vendor :STMicroelectronics X-CUBE-GNSS1 7.0.1
2025-04-29 08:29:55,090 [INFO] ThirdParty:1030 - CMSIS Pack Vendor :STMicroelectronics X-CUBE-TOUCHGFX 4.21.4
2025-04-29 08:29:55,090 [INFO] ThirdParty:1030 - CMSIS Pack Vendor :STMicroelectronics X-CUBE-TOUCHGFX 4.25.0
2025-04-29 08:29:55,090 [INFO] ThirdParty:1030 - CMSIS Pack Vendor :STMicroelectronics X-CUBE-ALGOBUILD 1.3.0
2025-04-29 08:29:55,090 [INFO] ThirdParty:1030 - CMSIS Pack Vendor :STMicroelectronics X-CUBE-AZRTOS-L5 1.1.0
2025-04-29 08:29:55,091 [INFO] ThirdParty:1030 - CMSIS Pack Vendor :STMicroelectronics X-CUBE-MEMS1 11.2.0
2025-04-29 08:29:55,091 [INFO] ThirdParty:1030 - CMSIS Pack Vendor :STMicroelectronics X-CUBE-AZRTOS-G0 1.1.0
2025-04-29 08:29:55,091 [INFO] ThirdParty:1030 - CMSIS Pack Vendor :STMicroelectronics X-CUBE-AI 8.0.1
2025-04-29 08:29:55,091 [INFO] ThirdParty:1030 - CMSIS Pack Vendor :STMicroelectronics X-CUBE-SAFEA1 1.2.2
2025-04-29 08:29:55,091 [INFO] ThirdParty:1030 - CMSIS Pack Vendor :STMicroelectronics X-CUBE-NFC4 3.0.0
2025-04-29 08:29:55,092 [INFO] ThirdParty:1030 - CMSIS Pack Vendor :STMicroelectronics X-CUBE-SUBG2 5.0.0
2025-04-29 08:29:55,092 [INFO] ThirdParty:1030 - CMSIS Pack Vendor :STMicroelectronics X-CUBE-AZRTOS-H7RS 1.1.0
2025-04-29 08:29:55,092 [INFO] ThirdParty:1030 - CMSIS Pack Vendor :STMicroelectronics STM32_WPAN 1.0.0
2025-04-29 08:29:55,092 [INFO] ThirdParty:1030 - CMSIS Pack Vendor :wolfSSL I-CUBE-wolfMQTT 1.18.0
2025-04-29 08:29:55,092 [INFO] ThirdParty:1030 - CMSIS Pack Vendor :STMicroelectronics lwIP 2.0.3
2025-04-29 08:29:55,093 [INFO] ThirdParty:1030 - CMSIS Pack Vendor :Cesanta I-CUBE-Mongoose 7.13.0
2025-04-29 08:29:55,093 [INFO] ThirdParty:1030 - CMSIS Pack Vendor :STMicroelectronics USB_HOST 1.0.0
2025-04-29 08:29:55,093 [INFO] ThirdParty:1030 - CMSIS Pack Vendor :STMicroelectronics X-CUBE-TOF1 3.3.1
2025-04-29 08:29:55,093 [INFO] ThirdParty:1030 - CMSIS Pack Vendor :STMicroelectronics X-CUBE-AZRTOS-G4 2.0.0
2025-04-29 08:29:55,093 [INFO] ThirdParty:1030 - CMSIS Pack Vendor :STMicroelectronics X-CUBE-WB05N 2.0.0
2025-04-29 08:29:55,093 [INFO] ThirdParty:1030 - CMSIS Pack Vendor :STMicroelectronics PDM2PCM 3.1.0
2025-04-29 08:29:55,093 [INFO] ThirdParty:1030 - CMSIS Pack Vendor :STMicroelectronics X-CUBE-TOF1 3.3.0
2025-04-29 08:29:55,093 [INFO] ThirdParty:1030 - CMSIS Pack Vendor :Infineon AIROC-Wi-Fi-Bluetooth-STM32 1.5.1
2025-04-29 08:29:55,093 [INFO] ThirdParty:1030 - CMSIS Pack Vendor :STMicroelectronics X-CUBE-BLEMGR 3.0.0
2025-04-29 08:29:55,094 [INFO] ThirdParty:1030 - CMSIS Pack Vendor :STMicroelectronics FP-SNS-MOTENVWB1 1.3.0
2025-04-29 08:29:55,094 [INFO] ThirdParty:1030 - CMSIS Pack Vendor :STMicroelectronics FP-SNS-MOTENVWB1 1.3.1
2025-04-29 08:29:55,094 [INFO] ThirdParty:1030 - CMSIS Pack Vendor :STMicroelectronics FP-ATR-SIGFOX1 3.2.0
2025-04-29 08:29:55,094 [INFO] ThirdParty:1030 - CMSIS Pack Vendor :STMicroelectronics X-CUBE-AZRTOS-L4 1.0.0
2025-04-29 08:29:55,094 [INFO] ThirdParty:1030 - CMSIS Pack Vendor :STMicroelectronics X-CUBE-ISPU 2.0.0
2025-04-29 08:29:55,095 [INFO] ThirdParty:1030 - CMSIS Pack Vendor :STMicroelectronics X-CUBE-EEPRMA1 5.1.0
2025-04-29 08:29:55,095 [INFO] ThirdParty:1030 - CMSIS Pack Vendor :STMicroelectronics MBEDTLS 2.16.2
2025-04-29 08:29:55,095 [INFO] ThirdParty:1030 - CMSIS Pack Vendor :STMicroelectronics X-CUBE-ALS 1.0.2
2025-04-29 08:29:55,095 [INFO] ThirdParty:1030 - CMSIS Pack Vendor :STMicroelectronics X-CUBE-MEMS1 10.0.0
2025-04-29 08:29:55,095 [INFO] ThirdParty:1030 - CMSIS Pack Vendor :STMicroelectronics X-CUBE-FREERTOS 1.1.0
2025-04-29 08:29:55,097 [INFO] ThirdParty:1030 - CMSIS Pack Vendor :wolfSSL I-CUBE-wolfSSL 5.7.6
2025-04-29 08:29:55,097 [INFO] ThirdParty:1030 - CMSIS Pack Vendor :STMicroelectronics X-CUBE-TOUCHGFX 4.24.0
2025-04-29 08:29:55,097 [INFO] ThirdParty:1030 - CMSIS Pack Vendor :ITTIA_DB I-CUBE-ITTIADB 8.9.0
2025-04-29 08:29:55,098 [INFO] ThirdParty:1030 - CMSIS Pack Vendor :STMicroelectronics X-CUBE-TOUCHGFX 4.24.2
2025-04-29 08:29:55,098 [INFO] ThirdParty:1030 - CMSIS Pack Vendor :STMicroelectronics X-CUBE-AZRTOS-WL 1.0.0
2025-04-29 08:29:55,098 [INFO] ThirdParty:1030 - CMSIS Pack Vendor :STMicroelectronics X-CUBE-TOUCHGFX 4.24.1
2025-04-29 08:29:55,098 [INFO] ThirdParty:1030 - CMSIS Pack Vendor :wolfSSL I-CUBE-wolfTPM 3.4.0
2025-04-29 08:29:55,100 [INFO] ThirdParty:1030 - CMSIS Pack Vendor :portGmbH I-Cube-SoM-uGOAL 1.1.0
2025-04-29 08:29:55,100 [INFO] ThirdParty:1030 - CMSIS Pack Vendor :STMicroelectronics X-CUBE-ALS 1.0.1
2025-04-29 08:29:55,100 [INFO] ThirdParty:1030 - CMSIS Pack Vendor :STMicroelectronics ThreadX 1.0.0
2025-04-29 08:29:55,100 [INFO] ThirdParty:1030 - CMSIS Pack Vendor :STMicroelectronics X-CUBE-AZRTOS-WB 1.1.0
2025-04-29 08:29:55,100 [INFO] ThirdParty:1030 - CMSIS Pack Vendor :SEGGER I-CUBE-embOS 1.3.1
2025-04-29 08:29:55,101 [INFO] ThirdParty:1030 - CMSIS Pack Vendor :STMicroelectronics X-CUBE-ALGOBUILD 1.4.0
2025-04-29 08:29:55,101 [INFO] ThirdParty:1030 - CMSIS Pack Vendor :STMicroelectronics X-CUBE-AZRTOS-H7RS 1.0.0
2025-04-29 08:29:55,101 [INFO] ThirdParty:1030 - CMSIS Pack Vendor :STMicroelectronics FP-ATR-ASTRA1 2.0.0
2025-04-29 08:29:55,101 [INFO] ThirdParty:1030 - CMSIS Pack Vendor :STMicroelectronics X-CUBE-AI 9.1.0
2025-04-29 08:29:55,101 [INFO] ThirdParty:1030 - CMSIS Pack Vendor :STMicroelectronics X-CUBE-TOF1 3.4.0
2025-04-29 08:29:55,101 [INFO] ThirdParty:1030 - CMSIS Pack Vendor :STMicroelectronics X-CUBE-TOF1 3.4.1
2025-04-29 08:29:55,101 [INFO] ThirdParty:1030 - CMSIS Pack Vendor :STMicroelectronics X-CUBE-AZRTOS-H7 3.2.0
2025-04-29 08:29:55,102 [INFO] ThirdParty:1030 - CMSIS Pack Vendor :wolfSSL I-CUBE-wolfSSH 1.4.17
2025-04-29 08:29:55,102 [INFO] ThirdParty:841 - exiting critical section [change project]
2025-04-29 08:29:55,393 [INFO] PinOutPanel:1499 - setPackage(No Configuration,No Configuration)
2025-04-29 08:29:55,394 [INFO] PinOutPanel:1499 - setPackage(STM32F103CBTx,LQFP48)
2025-04-29 08:29:55,949 [INFO] UtilMem:75 - Before build in PCC Used Memory: 597341672 Bytes (1073741824)
2025-04-29 08:29:56,905 [INFO] UtilMem:75 - After build in PCC Used Memory: 663401936 Bytes (1073741824)
2025-04-29 08:29:56,929 [INFO] IPUIPlugin:80 - create IPUIPlugin
2025-04-29 08:29:56,929 [INFO] IPUIPlugin:80 - create IPUIPlugin
2025-04-29 08:29:56,931 [INFO] IPUIPlugin:80 - create IPUIPlugin
2025-04-29 08:29:56,931 [INFO] IPUIPlugin:80 - create IPUIPlugin
2025-04-29 08:29:56,931 [INFO] IPUIPlugin:80 - create IPUIPlugin
2025-04-29 08:29:56,931 [INFO] IPUIPlugin:80 - create IPUIPlugin
2025-04-29 08:29:56,931 [INFO] IPUIPlugin:80 - create IPUIPlugin
2025-04-29 08:29:56,931 [INFO] IPUIPlugin:80 - create IPUIPlugin
2025-04-29 08:29:56,931 [INFO] IPUIPlugin:80 - create IPUIPlugin
2025-04-29 08:29:56,931 [INFO] IPUIPlugin:80 - create IPUIPlugin
2025-04-29 08:29:56,931 [INFO] IPUIPlugin:80 - create IPUIPlugin
2025-04-29 08:29:56,931 [INFO] IPUIPlugin:80 - create IPUIPlugin
2025-04-29 08:29:56,932 [INFO] IPUIPlugin:80 - create IPUIPlugin
2025-04-29 08:29:56,932 [INFO] IPUIPlugin:80 - create IPUIPlugin
2025-04-29 08:29:56,932 [INFO] IPUIPlugin:80 - create IPUIPlugin
2025-04-29 08:29:56,932 [INFO] IPUIPlugin:80 - create IPUIPlugin
2025-04-29 08:29:56,932 [INFO] IPUIPlugin:80 - create IPUIPlugin
2025-04-29 08:29:56,932 [INFO] IPUIPlugin:80 - create IPUIPlugin
2025-04-29 08:29:56,932 [INFO] IPUIPlugin:80 - create IPUIPlugin
2025-04-29 08:29:56,933 [INFO] IPUIPlugin:80 - create IPUIPlugin
2025-04-29 08:29:56,933 [INFO] IPUIPlugin:80 - create IPUIPlugin
2025-04-29 08:29:56,933 [INFO] IPUIPlugin:80 - create IPUIPlugin
2025-04-29 08:29:56,933 [INFO] IPUIPlugin:80 - create IPUIPlugin
2025-04-29 08:29:56,933 [INFO] IPUIPlugin:80 - create IPUIPlugin
2025-04-29 08:29:56,934 [INFO] IPUIPlugin:80 - create IPUIPlugin
2025-04-29 08:29:56,934 [INFO] IPUIPlugin:80 - create IPUIPlugin
2025-04-29 08:29:56,934 [INFO] IPUIPlugin:80 - create IPUIPlugin
2025-04-29 08:29:57,167 [INFO] CADModel:165 - CPN selected for project levelSTM32F103CBT6
2025-04-29 08:29:57,167 [INFO] CADModel:114 - Register for checkConnection events
2025-04-29 08:29:57,224 [INFO] OpenFileManager:328 - Restore cursor
2025-04-29 08:36:23,366 [INFO] UtilMem:75 - End SaveConfig() Used Memory: 773708168 Bytes (1073741824)
2025-04-29 08:36:23,974 [INFO] BlockDiagram:2759 - set Specific Code input for plugin: NVIC
2025-04-29 08:36:23,975 [INFO] BlockDiagram:2759 - set Specific Code input for plugin: SYS
2025-04-29 08:36:23,975 [INFO] BlockDiagram:2759 - set Specific Code input for plugin: GPIO
2025-04-29 08:36:23,976 [INFO] BlockDiagram:2759 - set Specific Code input for plugin: RCC
2025-04-29 08:36:23,977 [INFO] CodeGenerator:799 - code generatio: config db path: D:\ITC\STM32\STM32CubeIDE_1.13.0\STM32CubeIDE\plugins\com.st.stm32cube.common.mx_6.9.0.202307051724\\db\
2025-04-29 08:36:24,384 [INFO] CodeEngine:255 - oldGeneratedFile, D:\AIFARM\STM32_GREENB\stm32f103_nethouse\MXTmpFiles\license.tmp_save
2025-04-29 08:36:24,928 [INFO] CodeEngine:279 - Generated code: D:\AIFARM\STM32_GREENB\stm32f103_nethouse\MXTmpFiles\license.tmp
2025-04-29 08:36:25,093 [INFO] CodeEngine:255 - oldGeneratedFile, D:\AIFARM\STM32_GREENB\stm32f103_nethouse\MXTmpFiles\gpio.tmp_save
2025-04-29 08:36:25,250 [INFO] CodeEngine:279 - Generated code: D:\AIFARM\STM32_GREENB\stm32f103_nethouse\MXTmpFiles\gpio.tmp
2025-04-29 08:36:25,340 [INFO] CodeEngine:255 - oldGeneratedFile, D:\AIFARM\STM32_GREENB\stm32f103_nethouse\Core\Src\stm32f1xx_it.c_save
2025-04-29 08:36:25,475 [INFO] CodeEngine:279 - Generated code: D:\AIFARM\STM32_GREENB\stm32f103_nethouse\Core\Src\stm32f1xx_it.c
2025-04-29 08:36:25,499 [INFO] CodeEngine:255 - oldGeneratedFile, D:\AIFARM\STM32_GREENB\stm32f103_nethouse\Core\Inc\stm32f1xx_it.h_save
2025-04-29 08:36:25,584 [INFO] CodeEngine:279 - Generated code: D:\AIFARM\STM32_GREENB\stm32f103_nethouse\Core\Inc\stm32f1xx_it.h
2025-04-29 08:36:25,612 [INFO] CodeEngine:255 - oldGeneratedFile, D:\AIFARM\STM32_GREENB\stm32f103_nethouse\Core\Src\stm32f1xx_hal_msp.c_save
2025-04-29 08:36:25,727 [INFO] CodeEngine:279 - Generated code: D:\AIFARM\STM32_GREENB\stm32f103_nethouse\Core\Src\stm32f1xx_hal_msp.c
2025-04-29 08:36:25,739 [INFO] CodeEngine:255 - oldGeneratedFile, D:\AIFARM\STM32_GREENB\stm32f103_nethouse\MXTmpFiles\system.tmp_save
2025-04-29 08:36:25,810 [INFO] CodeEngine:279 - Generated code: D:\AIFARM\STM32_GREENB\stm32f103_nethouse\MXTmpFiles\system.tmp
2025-04-29 08:36:25,841 [INFO] CodeEngine:311 - oldGeneratedFile, D:\AIFARM\STM32_GREENB\stm32f103_nethouse\Core\Inc\stm32f1xx_hal_conf.h_save
2025-04-29 08:36:25,948 [INFO] CodeEngine:335 - Generated code: D:\AIFARM\STM32_GREENB\stm32f103_nethouse\Core\Inc\stm32f1xx_hal_conf.h
2025-04-29 08:36:26,015 [INFO] CodeEngine:255 - oldGeneratedFile, D:\AIFARM\STM32_GREENB\stm32f103_nethouse\Core\Inc\main.h_save
2025-04-29 08:36:26,120 [INFO] CodeEngine:279 - Generated code: D:\AIFARM\STM32_GREENB\stm32f103_nethouse\Core\Inc\main.h
2025-04-29 08:36:26,143 [INFO] CodeEngine:255 - oldGeneratedFile, D:\AIFARM\STM32_GREENB\stm32f103_nethouse\Core\Src\main.c_save
2025-04-29 08:36:26,330 [INFO] CodeEngine:279 - Generated code: D:\AIFARM\STM32_GREENB\stm32f103_nethouse\Core\Src\main.c
2025-04-29 08:36:27,053 [INFO] ProjectBuilder:3064 - Time for Copy HAL[1] : 209mS.
2025-04-29 08:36:27,060 [INFO] ProjectBuilder:4404 - Project Generator version: 4.1.0
2025-04-29 08:36:27,334 [INFO] ConfigFileManager:1457 - The Die is : DIE410
2025-04-29 08:36:27,368 [INFO] ApiDbMcu:507 - Load IP Config File for FATFS
2025-04-29 08:36:27,385 [INFO] ApiDbMcu:507 - Load IP Config File for FREERTOS
2025-04-29 08:36:27,404 [INFO] ApiDbMcu:507 - Load IP Config File for USB_DEVICE
2025-04-29 08:36:28,614 [INFO] LogOutputStream:77 - [STDOUT_REDIRECT] 
2025-04-29 08:36:31,071 [INFO] ProjectBuilder:4626 - Time for Generating toolchain IDE Files: 4011mS.
2025-04-29 08:36:31,072 [INFO] ProjectBuilder:2935 - Time for Copy CMSIS : 1mS.
2025-04-29 08:36:31,074 [INFO] ProjectBuilder:2935 - Time for Copy CMSIS : 0mS.
2025-04-29 08:38:48,718 [INFO] UtilMem:75 - End SaveConfig() Used Memory: 808434024 Bytes (1073741824)
2025-04-29 08:38:49,194 [INFO] UtilMem:75 - End SaveConfig() Used Memory: 835652856 Bytes (1073741824)
2025-04-29 08:38:49,494 [INFO] BlockDiagram:2759 - set Specific Code input for plugin: NVIC
2025-04-29 08:38:49,494 [INFO] BlockDiagram:2759 - set Specific Code input for plugin: SYS
2025-04-29 08:38:49,495 [INFO] BlockDiagram:2759 - set Specific Code input for plugin: GPIO
2025-04-29 08:38:49,495 [INFO] BlockDiagram:2759 - set Specific Code input for plugin: RCC
2025-04-29 08:38:49,496 [INFO] CodeGenerator:799 - code generatio: config db path: D:\ITC\STM32\STM32CubeIDE_1.13.0\STM32CubeIDE\plugins\com.st.stm32cube.common.mx_6.9.0.202307051724\\db\
2025-04-29 08:38:49,622 [INFO] CodeEngine:255 - oldGeneratedFile, D:\AIFARM\STM32_GREENB\stm32f103_nethouse\MXTmpFiles\license.tmp_save
2025-04-29 08:38:49,767 [INFO] CodeEngine:279 - Generated code: D:\AIFARM\STM32_GREENB\stm32f103_nethouse\MXTmpFiles\license.tmp
2025-04-29 08:38:49,782 [INFO] CodeEngine:255 - oldGeneratedFile, D:\AIFARM\STM32_GREENB\stm32f103_nethouse\MXTmpFiles\gpio.tmp_save
2025-04-29 08:38:49,910 [INFO] CodeEngine:279 - Generated code: D:\AIFARM\STM32_GREENB\stm32f103_nethouse\MXTmpFiles\gpio.tmp
2025-04-29 08:38:49,964 [INFO] CodeEngine:255 - oldGeneratedFile, D:\AIFARM\STM32_GREENB\stm32f103_nethouse\Core\Src\stm32f1xx_it.c_save
2025-04-29 08:38:50,191 [INFO] CodeEngine:279 - Generated code: D:\AIFARM\STM32_GREENB\stm32f103_nethouse\Core\Src\stm32f1xx_it.c
2025-04-29 08:38:50,197 [INFO] CodeEngine:255 - oldGeneratedFile, D:\AIFARM\STM32_GREENB\stm32f103_nethouse\Core\Inc\stm32f1xx_it.h_save
2025-04-29 08:38:50,255 [INFO] CodeEngine:279 - Generated code: D:\AIFARM\STM32_GREENB\stm32f103_nethouse\Core\Inc\stm32f1xx_it.h
2025-04-29 08:38:50,275 [INFO] CodeEngine:255 - oldGeneratedFile, D:\AIFARM\STM32_GREENB\stm32f103_nethouse\Core\Src\stm32f1xx_hal_msp.c_save
2025-04-29 08:38:50,355 [INFO] CodeEngine:279 - Generated code: D:\AIFARM\STM32_GREENB\stm32f103_nethouse\Core\Src\stm32f1xx_hal_msp.c
2025-04-29 08:38:50,358 [INFO] CodeEngine:255 - oldGeneratedFile, D:\AIFARM\STM32_GREENB\stm32f103_nethouse\MXTmpFiles\system.tmp_save
2025-04-29 08:38:50,406 [INFO] CodeEngine:279 - Generated code: D:\AIFARM\STM32_GREENB\stm32f103_nethouse\MXTmpFiles\system.tmp
2025-04-29 08:38:50,425 [INFO] CodeEngine:311 - oldGeneratedFile, D:\AIFARM\STM32_GREENB\stm32f103_nethouse\Core\Inc\stm32f1xx_hal_conf.h_save
2025-04-29 08:38:50,525 [INFO] CodeEngine:335 - Generated code: D:\AIFARM\STM32_GREENB\stm32f103_nethouse\Core\Inc\stm32f1xx_hal_conf.h
2025-04-29 08:38:50,572 [INFO] CodeEngine:255 - oldGeneratedFile, D:\AIFARM\STM32_GREENB\stm32f103_nethouse\Core\Inc\main.h_save
2025-04-29 08:38:50,662 [INFO] CodeEngine:279 - Generated code: D:\AIFARM\STM32_GREENB\stm32f103_nethouse\Core\Inc\main.h
2025-04-29 08:38:50,678 [INFO] CodeEngine:255 - oldGeneratedFile, D:\AIFARM\STM32_GREENB\stm32f103_nethouse\Core\Src\main.c_save
2025-04-29 08:38:50,793 [INFO] CodeEngine:279 - Generated code: D:\AIFARM\STM32_GREENB\stm32f103_nethouse\Core\Src\main.c
2025-04-29 08:38:51,481 [INFO] ProjectBuilder:3064 - Time for Copy HAL[1] : 192mS.
2025-04-29 08:38:51,484 [INFO] ProjectBuilder:4404 - Project Generator version: 4.1.0
2025-04-29 08:38:51,822 [INFO] ConfigFileManager:1457 - The Die is : DIE410
2025-04-29 08:38:53,961 [INFO] ProjectBuilder:4626 - Time for Generating toolchain IDE Files: 2476mS.
2025-04-29 08:38:53,962 [INFO] ProjectBuilder:2935 - Time for Copy CMSIS : 1mS.
2025-04-29 08:38:53,963 [INFO] ProjectBuilder:2935 - Time for Copy CMSIS : 0mS.
2025-04-29 08:56:35,755 [INFO] NvicIntPanel:101 - NVIC parent = com.st.microxplorer.plugins.ip.nvic.MultiNvicIntPanel[,0,0,0x0,invalid,layout=javax.swing.BoxLayout,alignmentX=0.0,alignmentY=0.0,border=,flags=9,maximumSize=,minimumSize=,preferredSize=]
2025-04-29 08:57:21,286 [INFO] UtilMem:75 - End SaveConfig() Used Memory: 816954784 Bytes (1073741824)
2025-04-29 08:57:21,693 [INFO] UtilMem:75 - End SaveConfig() Used Memory: 844576568 Bytes (1073741824)
2025-04-29 08:57:21,915 [INFO] BlockDiagram:2759 - set Specific Code input for plugin: NVIC
2025-04-29 08:57:21,916 [INFO] BlockDiagram:2759 - set Specific Code input for plugin: USART
2025-04-29 08:57:21,916 [INFO] BlockDiagram:2759 - set Specific Code input for plugin: SYS
2025-04-29 08:57:21,917 [INFO] BlockDiagram:2759 - set Specific Code input for plugin: GPIO
2025-04-29 08:57:21,917 [INFO] BlockDiagram:2759 - set Specific Code input for plugin: RCC
2025-04-29 08:57:21,918 [INFO] CodeGenerator:799 - code generatio: config db path: D:\ITC\STM32\STM32CubeIDE_1.13.0\STM32CubeIDE\plugins\com.st.stm32cube.common.mx_6.9.0.202307051724\\db\
2025-04-29 08:57:22,155 [INFO] CodeEngine:255 - oldGeneratedFile, D:\AIFARM\STM32_GREENB\stm32f103_nethouse\MXTmpFiles\license.tmp_save
2025-04-29 08:57:22,247 [INFO] CodeEngine:279 - Generated code: D:\AIFARM\STM32_GREENB\stm32f103_nethouse\MXTmpFiles\license.tmp
2025-04-29 08:57:22,262 [INFO] CodeEngine:255 - oldGeneratedFile, D:\AIFARM\STM32_GREENB\stm32f103_nethouse\MXTmpFiles\gpio.tmp_save
2025-04-29 08:57:22,353 [INFO] CodeEngine:279 - Generated code: D:\AIFARM\STM32_GREENB\stm32f103_nethouse\MXTmpFiles\gpio.tmp
2025-04-29 08:57:22,438 [INFO] CodeEngine:255 - oldGeneratedFile, D:\AIFARM\STM32_GREENB\stm32f103_nethouse\Core\Src\stm32f1xx_it.c_save
2025-04-29 08:57:22,615 [INFO] CodeEngine:279 - Generated code: D:\AIFARM\STM32_GREENB\stm32f103_nethouse\Core\Src\stm32f1xx_it.c
2025-04-29 08:57:22,619 [INFO] CodeEngine:255 - oldGeneratedFile, D:\AIFARM\STM32_GREENB\stm32f103_nethouse\Core\Inc\stm32f1xx_it.h_save
2025-04-29 08:57:22,668 [INFO] CodeEngine:279 - Generated code: D:\AIFARM\STM32_GREENB\stm32f103_nethouse\Core\Inc\stm32f1xx_it.h
2025-04-29 08:57:22,688 [INFO] CodeEngine:255 - oldGeneratedFile, D:\AIFARM\STM32_GREENB\stm32f103_nethouse\Core\Src\stm32f1xx_hal_msp.c_save
2025-04-29 08:57:22,799 [INFO] CodeEngine:279 - Generated code: D:\AIFARM\STM32_GREENB\stm32f103_nethouse\Core\Src\stm32f1xx_hal_msp.c
2025-04-29 08:57:22,802 [INFO] CodeEngine:255 - oldGeneratedFile, D:\AIFARM\STM32_GREENB\stm32f103_nethouse\MXTmpFiles\system.tmp_save
2025-04-29 08:57:22,858 [INFO] CodeEngine:279 - Generated code: D:\AIFARM\STM32_GREENB\stm32f103_nethouse\MXTmpFiles\system.tmp
2025-04-29 08:57:22,888 [INFO] CodeEngine:311 - oldGeneratedFile, D:\AIFARM\STM32_GREENB\stm32f103_nethouse\Core\Inc\stm32f1xx_hal_conf.h_save
2025-04-29 08:57:22,977 [INFO] CodeEngine:335 - Generated code: D:\AIFARM\STM32_GREENB\stm32f103_nethouse\Core\Inc\stm32f1xx_hal_conf.h
2025-04-29 08:57:23,030 [INFO] CodeEngine:255 - oldGeneratedFile, D:\AIFARM\STM32_GREENB\stm32f103_nethouse\Core\Inc\main.h_save
2025-04-29 08:57:23,098 [INFO] CodeEngine:279 - Generated code: D:\AIFARM\STM32_GREENB\stm32f103_nethouse\Core\Inc\main.h
2025-04-29 08:57:23,111 [INFO] CodeEngine:255 - oldGeneratedFile, D:\AIFARM\STM32_GREENB\stm32f103_nethouse\Core\Src\main.c_save
2025-04-29 08:57:23,214 [INFO] CodeEngine:279 - Generated code: D:\AIFARM\STM32_GREENB\stm32f103_nethouse\Core\Src\main.c
2025-04-29 08:57:23,661 [INFO] ProjectBuilder:3064 - Time for Copy HAL[1] : 149mS.
2025-04-29 08:57:23,664 [INFO] ProjectBuilder:4404 - Project Generator version: 4.1.0
2025-04-29 08:57:23,890 [INFO] ConfigFileManager:1457 - The Die is : DIE410
2025-04-29 08:57:25,070 [INFO] ProjectBuilder:4626 - Time for Generating toolchain IDE Files: 1406mS.
2025-04-29 08:57:25,071 [INFO] ProjectBuilder:2935 - Time for Copy CMSIS : 1mS.
2025-04-29 08:57:25,072 [INFO] ProjectBuilder:2935 - Time for Copy CMSIS : 0mS.
2025-04-29 08:57:54,451 [INFO] UtilMem:75 - End SaveConfig() Used Memory: 901511304 Bytes (1073741824)
2025-04-29 08:57:54,866 [INFO] UtilMem:75 - End SaveConfig() Used Memory: 673843840 Bytes (1073741824)
2025-04-29 08:57:55,101 [INFO] BlockDiagram:2759 - set Specific Code input for plugin: NVIC
2025-04-29 08:57:55,101 [INFO] BlockDiagram:2759 - set Specific Code input for plugin: USART
2025-04-29 08:57:55,101 [INFO] BlockDiagram:2759 - set Specific Code input for plugin: SYS
2025-04-29 08:57:55,101 [INFO] BlockDiagram:2759 - set Specific Code input for plugin: GPIO
2025-04-29 08:57:55,101 [INFO] BlockDiagram:2759 - set Specific Code input for plugin: RCC
2025-04-29 08:57:55,102 [INFO] CodeGenerator:799 - code generatio: config db path: D:\ITC\STM32\STM32CubeIDE_1.13.0\STM32CubeIDE\plugins\com.st.stm32cube.common.mx_6.9.0.202307051724\\db\
2025-04-29 08:57:55,225 [INFO] CodeEngine:255 - oldGeneratedFile, D:\AIFARM\STM32_GREENB\stm32f103_nethouse\MXTmpFiles\license.tmp_save
2025-04-29 08:57:55,338 [INFO] CodeEngine:279 - Generated code: D:\AIFARM\STM32_GREENB\stm32f103_nethouse\MXTmpFiles\license.tmp
2025-04-29 08:57:55,351 [INFO] CodeEngine:255 - oldGeneratedFile, D:\AIFARM\STM32_GREENB\stm32f103_nethouse\MXTmpFiles\gpio.tmp_save
2025-04-29 08:57:55,447 [INFO] CodeEngine:279 - Generated code: D:\AIFARM\STM32_GREENB\stm32f103_nethouse\MXTmpFiles\gpio.tmp
2025-04-29 08:57:55,478 [INFO] CodeEngine:255 - oldGeneratedFile, D:\AIFARM\STM32_GREENB\stm32f103_nethouse\Core\Src\stm32f1xx_it.c_save
2025-04-29 08:57:55,544 [INFO] CodeEngine:279 - Generated code: D:\AIFARM\STM32_GREENB\stm32f103_nethouse\Core\Src\stm32f1xx_it.c
2025-04-29 08:57:55,548 [INFO] CodeEngine:255 - oldGeneratedFile, D:\AIFARM\STM32_GREENB\stm32f103_nethouse\Core\Inc\stm32f1xx_it.h_save
2025-04-29 08:57:55,593 [INFO] CodeEngine:279 - Generated code: D:\AIFARM\STM32_GREENB\stm32f103_nethouse\Core\Inc\stm32f1xx_it.h
2025-04-29 08:57:55,607 [INFO] CodeEngine:255 - oldGeneratedFile, D:\AIFARM\STM32_GREENB\stm32f103_nethouse\Core\Src\stm32f1xx_hal_msp.c_save
2025-04-29 08:57:55,672 [INFO] CodeEngine:279 - Generated code: D:\AIFARM\STM32_GREENB\stm32f103_nethouse\Core\Src\stm32f1xx_hal_msp.c
2025-04-29 08:57:55,675 [INFO] CodeEngine:255 - oldGeneratedFile, D:\AIFARM\STM32_GREENB\stm32f103_nethouse\MXTmpFiles\system.tmp_save
2025-04-29 08:57:55,717 [INFO] CodeEngine:279 - Generated code: D:\AIFARM\STM32_GREENB\stm32f103_nethouse\MXTmpFiles\system.tmp
2025-04-29 08:57:55,731 [INFO] CodeEngine:311 - oldGeneratedFile, D:\AIFARM\STM32_GREENB\stm32f103_nethouse\Core\Inc\stm32f1xx_hal_conf.h_save
2025-04-29 08:57:55,813 [INFO] CodeEngine:335 - Generated code: D:\AIFARM\STM32_GREENB\stm32f103_nethouse\Core\Inc\stm32f1xx_hal_conf.h
2025-04-29 08:57:55,850 [INFO] CodeEngine:255 - oldGeneratedFile, D:\AIFARM\STM32_GREENB\stm32f103_nethouse\Core\Inc\main.h_save
2025-04-29 08:57:55,913 [INFO] CodeEngine:279 - Generated code: D:\AIFARM\STM32_GREENB\stm32f103_nethouse\Core\Inc\main.h
2025-04-29 08:57:55,925 [INFO] CodeEngine:255 - oldGeneratedFile, D:\AIFARM\STM32_GREENB\stm32f103_nethouse\Core\Src\main.c_save
2025-04-29 08:57:56,018 [INFO] CodeEngine:279 - Generated code: D:\AIFARM\STM32_GREENB\stm32f103_nethouse\Core\Src\main.c
2025-04-29 08:57:56,535 [INFO] ProjectBuilder:3064 - Time for Copy HAL[1] : 123mS.
2025-04-29 08:57:56,537 [INFO] ProjectBuilder:4404 - Project Generator version: 4.1.0
2025-04-29 08:57:56,734 [INFO] ConfigFileManager:1457 - The Die is : DIE410
2025-04-29 08:57:58,177 [INFO] ProjectBuilder:4626 - Time for Generating toolchain IDE Files: 1640mS.
2025-04-29 08:57:58,178 [INFO] ProjectBuilder:2935 - Time for Copy CMSIS : 1mS.
2025-04-29 08:57:58,179 [INFO] ProjectBuilder:2935 - Time for Copy CMSIS : 0mS.
2025-04-29 09:01:44,778 [ERROR] AdobePublisher:162 - Exception while opening the connection: java.net.SocketTimeoutException: Read timed out
2025-04-29 09:01:48,306 [ERROR] AdobePublisher:183 - Exception while getting the server answer: java.net.SocketTimeoutException: Read timed out
2025-04-29 09:05:03,847 [INFO] UtilMem:75 - End SaveConfig() Used Memory: 744322560 Bytes (1073741824)
2025-04-29 09:05:04,092 [INFO] BlockDiagram:2759 - set Specific Code input for plugin: NVIC
2025-04-29 09:05:04,092 [INFO] BlockDiagram:2759 - set Specific Code input for plugin: USART
2025-04-29 09:05:04,093 [INFO] BlockDiagram:2759 - set Specific Code input for plugin: SYS
2025-04-29 09:05:04,093 [INFO] BlockDiagram:2759 - set Specific Code input for plugin: GPIO
2025-04-29 09:05:04,093 [INFO] BlockDiagram:2759 - set Specific Code input for plugin: RCC
2025-04-29 09:05:04,095 [INFO] CodeGenerator:799 - code generatio: config db path: D:\ITC\STM32\STM32CubeIDE_1.13.0\STM32CubeIDE\plugins\com.st.stm32cube.common.mx_6.9.0.202307051724\\db\
2025-04-29 09:05:04,230 [INFO] CodeEngine:255 - oldGeneratedFile, D:\AIFARM\STM32_GREENB\stm32f103_nethouse\MXTmpFiles\license.tmp_save
2025-04-29 09:05:04,313 [INFO] CodeEngine:279 - Generated code: D:\AIFARM\STM32_GREENB\stm32f103_nethouse\MXTmpFiles\license.tmp
2025-04-29 09:05:04,327 [INFO] CodeEngine:255 - oldGeneratedFile, D:\AIFARM\STM32_GREENB\stm32f103_nethouse\MXTmpFiles\gpio.tmp_save
2025-04-29 09:05:04,436 [INFO] CodeEngine:279 - Generated code: D:\AIFARM\STM32_GREENB\stm32f103_nethouse\MXTmpFiles\gpio.tmp
2025-04-29 09:05:04,484 [INFO] CodeEngine:255 - oldGeneratedFile, D:\AIFARM\STM32_GREENB\stm32f103_nethouse\Core\Src\stm32f1xx_it.c_save
2025-04-29 09:05:04,711 [INFO] CodeEngine:279 - Generated code: D:\AIFARM\STM32_GREENB\stm32f103_nethouse\Core\Src\stm32f1xx_it.c
2025-04-29 09:05:04,716 [INFO] CodeEngine:255 - oldGeneratedFile, D:\AIFARM\STM32_GREENB\stm32f103_nethouse\Core\Inc\stm32f1xx_it.h_save
2025-04-29 09:05:04,762 [INFO] CodeEngine:279 - Generated code: D:\AIFARM\STM32_GREENB\stm32f103_nethouse\Core\Inc\stm32f1xx_it.h
2025-04-29 09:05:04,777 [INFO] CodeEngine:255 - oldGeneratedFile, D:\AIFARM\STM32_GREENB\stm32f103_nethouse\Core\Src\stm32f1xx_hal_msp.c_save
2025-04-29 09:05:04,857 [INFO] CodeEngine:279 - Generated code: D:\AIFARM\STM32_GREENB\stm32f103_nethouse\Core\Src\stm32f1xx_hal_msp.c
2025-04-29 09:05:04,860 [INFO] CodeEngine:255 - oldGeneratedFile, D:\AIFARM\STM32_GREENB\stm32f103_nethouse\MXTmpFiles\system.tmp_save
2025-04-29 09:05:04,908 [INFO] CodeEngine:279 - Generated code: D:\AIFARM\STM32_GREENB\stm32f103_nethouse\MXTmpFiles\system.tmp
2025-04-29 09:05:04,921 [INFO] CodeEngine:311 - oldGeneratedFile, D:\AIFARM\STM32_GREENB\stm32f103_nethouse\Core\Inc\stm32f1xx_hal_conf.h_save
2025-04-29 09:05:05,000 [INFO] CodeEngine:335 - Generated code: D:\AIFARM\STM32_GREENB\stm32f103_nethouse\Core\Inc\stm32f1xx_hal_conf.h
2025-04-29 09:05:05,029 [INFO] CodeEngine:255 - oldGeneratedFile, D:\AIFARM\STM32_GREENB\stm32f103_nethouse\Core\Inc\main.h_save
2025-04-29 09:05:05,107 [INFO] CodeEngine:279 - Generated code: D:\AIFARM\STM32_GREENB\stm32f103_nethouse\Core\Inc\main.h
2025-04-29 09:05:05,119 [INFO] CodeEngine:255 - oldGeneratedFile, D:\AIFARM\STM32_GREENB\stm32f103_nethouse\Core\Src\main.c_save
2025-04-29 09:05:05,200 [INFO] CodeEngine:279 - Generated code: D:\AIFARM\STM32_GREENB\stm32f103_nethouse\Core\Src\main.c
2025-04-29 09:05:05,700 [INFO] ProjectBuilder:3064 - Time for Copy HAL[1] : 180mS.
2025-04-29 09:05:05,703 [INFO] ProjectBuilder:4404 - Project Generator version: 4.1.0
2025-04-29 09:05:05,971 [INFO] ConfigFileManager:1457 - The Die is : DIE410
2025-04-29 09:05:07,140 [INFO] ProjectBuilder:4626 - Time for Generating toolchain IDE Files: 1436mS.
2025-04-29 09:05:07,141 [INFO] ProjectBuilder:2935 - Time for Copy CMSIS : 1mS.
2025-04-29 09:05:07,142 [INFO] ProjectBuilder:2935 - Time for Copy CMSIS : 0mS.
2025-04-29 09:05:09,029 [ERROR] ConfigurationRetriever:142 - IOException on connection: Read timed out
2025-04-29 09:08:09,476 [ERROR] ConfigurationRetriever:142 - IOException on connection: Read timed out
2025-04-29 09:08:13,961 [ERROR] ConfigurationRetriever:142 - IOException on connection: Read timed out
2025-04-29 09:11:53,434 [ERROR] ConfigurationRetriever:142 - IOException on connection: Read timed out
2025-04-29 13:15:56,307 [INFO] Activator:176 - 


2025-04-29 13:15:56,309 [INFO] Activator:177 - !SESSION log4j initialized
2025-04-29 13:16:04,793 [INFO] LogOutputStream:77 - [STDOUT_REDIRECT] 
2025-04-29 13:16:08,032 [INFO] ApplicationProperties:184 - Using Application install path: D:\ITC\STM32\STM32CubeIDE_1.13.0\STM32CubeIDE\plugins\com.st.stm32cube.common.mx_6.9.0.202307051724
2025-04-29 13:16:08,054 [INFO] DbMcusXml:78 - Set database path to: D:\ITC\STM32\STM32CubeIDE_1.13.0\STM32CubeIDE\plugins\com.st.stm32cube.common.mx_6.9.0.202307051724\\db\/mcu/
2025-04-29 13:16:08,055 [INFO] ApiDb:274 - Set plugin database path to: D:\ITC\STM32\STM32CubeIDE_1.13.0\STM32CubeIDE\plugins\com.st.stm32cube.common.mx_6.9.0.202307051724\\db\/plugins/boardmanager/
2025-04-29 13:16:08,055 [WARN] ApiDb:259 - Overriding images path with different value:  => D:\ITC\STM32\STM32CubeIDE_1.13.0\STM32CubeIDE\plugins\com.st.stm32cube.common.mx_6.9.0.202307051724\\db\/plugins/mcufinder/images/
2025-04-29 13:16:08,072 [INFO] ApiDb:250 - Set database path to: C:\Users\msi1\.stmcufinder\plugins\mcufinder//mcu/
2025-04-29 13:16:08,074 [INFO] DbMcusAds:125 - Set database path to: C:\Users\msi1\.stmcufinder\plugins\mcufinder//mcu/
2025-04-29 13:16:08,078 [INFO] CrossReferenceDbSqlite:203 - Set database path to: C:\Users\msi1\.stmcufinder\plugins\mcufinder//mcu/cs/
2025-04-29 13:16:08,216 [INFO] RulesReader:64 - Compatibility file has been processed (293 Rules)
2025-04-29 13:16:08,322 [INFO] DbMcusXml:78 - Set database path to: D:\ITC\STM32\STM32CubeIDE_1.13.0\STM32CubeIDE\plugins\com.st.stm32cube.common.mx_6.9.0.202307051724\\db\/mcu/
2025-04-29 13:16:08,322 [INFO] ApiDb:274 - Set plugin database path to: D:\ITC\STM32\STM32CubeIDE_1.13.0\STM32CubeIDE\plugins\com.st.stm32cube.common.mx_6.9.0.202307051724\\db\/plugins/boardmanager/
2025-04-29 13:16:08,322 [INFO] ApiDb:261 - Set plugin images path to: D:\ITC\STM32\STM32CubeIDE_1.13.0\STM32CubeIDE\plugins\com.st.stm32cube.common.mx_6.9.0.202307051724\\db\/plugins/mcufinder/images/
2025-04-29 13:16:08,322 [WARN] DbFile:41 - Overriding database path with different value: C:\Users\msi1\.stmcufinder\plugins\mcufinder/ => C:\Users\msi1\.stmcufinder\plugins\mcufinder
2025-04-29 13:16:08,323 [INFO] ApiDb:250 - Set database path to: C:\Users\msi1\.stmcufinder\plugins\mcufinder//mcu/
2025-04-29 13:16:08,323 [WARN] DbFile:41 - Overriding database path with different value: C:\Users\msi1\.stmcufinder\plugins\mcufinder/ => C:\Users\msi1\.stmcufinder\plugins\mcufinder
2025-04-29 13:16:08,323 [INFO] DbMcusAds:125 - Set database path to: C:\Users\msi1\.stmcufinder\plugins\mcufinder//mcu/
2025-04-29 13:16:08,323 [WARN] DbFile:41 - Overriding database path with different value: C:\Users\msi1\.stmcufinder\plugins\mcufinder/ => C:\Users\msi1\.stmcufinder\plugins\mcufinder
2025-04-29 13:16:08,323 [WARN] DbFile:41 - Overriding database path with different value: C:\Users\msi1\.stmcufinder\plugins\mcufinder/ => C:\Users\msi1\.stmcufinder\plugins\mcufinder
2025-04-29 13:16:08,323 [INFO] CrossReferenceDbSqlite:203 - Set database path to: C:\Users\msi1\.stmcufinder\plugins\mcufinder//mcu/cs/
2025-04-29 13:16:08,402 [INFO] MainPanel:262 - HeapMemory: 268435456
2025-04-29 13:16:08,505 [INFO] DbMcusXml:78 - Set database path to: D:\ITC\STM32\STM32CubeIDE_1.13.0\STM32CubeIDE\plugins\com.st.stm32cube.common.mx_6.9.0.202307051724\\db\/mcu/
2025-04-29 13:16:08,505 [INFO] ApiDb:274 - Set plugin database path to: D:\ITC\STM32\STM32CubeIDE_1.13.0\STM32CubeIDE\plugins\com.st.stm32cube.common.mx_6.9.0.202307051724\\db\/plugins/boardmanager/
2025-04-29 13:16:08,505 [INFO] ApiDb:261 - Set plugin images path to: D:\ITC\STM32\STM32CubeIDE_1.13.0\STM32CubeIDE\plugins\com.st.stm32cube.common.mx_6.9.0.202307051724\\db\/plugins/mcufinder/images/
2025-04-29 13:16:08,505 [WARN] DbFile:41 - Overriding database path with different value: C:\Users\msi1\.stmcufinder\plugins\mcufinder/ => C:\Users\msi1\.stmcufinder\plugins\mcufinder
2025-04-29 13:16:08,506 [INFO] ApiDb:250 - Set database path to: C:\Users\msi1\.stmcufinder\plugins\mcufinder//mcu/
2025-04-29 13:16:08,506 [WARN] DbFile:41 - Overriding database path with different value: C:\Users\msi1\.stmcufinder\plugins\mcufinder/ => C:\Users\msi1\.stmcufinder\plugins\mcufinder
2025-04-29 13:16:08,506 [INFO] DbMcusAds:125 - Set database path to: C:\Users\msi1\.stmcufinder\plugins\mcufinder//mcu/
2025-04-29 13:16:08,506 [WARN] DbFile:41 - Overriding database path with different value: C:\Users\msi1\.stmcufinder\plugins\mcufinder/ => C:\Users\msi1\.stmcufinder\plugins\mcufinder
2025-04-29 13:16:08,506 [WARN] DbFile:41 - Overriding database path with different value: C:\Users\msi1\.stmcufinder\plugins\mcufinder/ => C:\Users\msi1\.stmcufinder\plugins\mcufinder
2025-04-29 13:16:08,506 [INFO] CrossReferenceDbSqlite:203 - Set database path to: C:\Users\msi1\.stmcufinder\plugins\mcufinder//mcu/cs/
2025-04-29 13:16:08,523 [INFO] ApplicationProperties:184 - Using Application install path: D:\ITC\STM32\STM32CubeIDE_1.13.0\STM32CubeIDE\plugins\com.st.stm32cube.common.mx_6.9.0.202307051724
2025-04-29 13:16:08,524 [INFO] PluginManage:196 - Search for loadable plugins [exclusion list=, ]
2025-04-29 13:16:08,526 [INFO] PluginManage:310 - Check plugin analytics
2025-04-29 13:16:08,674 [INFO] AnalyticsPlugin:253 - Accepted Software Licenses: 
2025-04-29 13:16:08,674 [INFO] AnalyticsPlugin:255 - Accepted CMSIS Pack Licenses: 
2025-04-29 13:16:08,674 [INFO] AnalyticsPlugin:257 - Accepted Firmware Licenses: FW.F4.1.27.0
2025-04-29 13:16:08,678 [INFO] PluginManage:359 - Loaded plugin analytics (category:tool,tabindex:-1)
2025-04-29 13:16:08,678 [INFO] PluginManage:310 - Check plugin cadmodel
2025-04-29 13:16:08,695 [INFO] CADModel:105 - Init CAD model plugin
2025-04-29 13:16:08,695 [INFO] PluginManage:359 - Loaded plugin cadmodel (category:power,tabindex:5)
2025-04-29 13:16:08,695 [INFO] PluginManage:310 - Check plugin clock
2025-04-29 13:16:08,715 [INFO] PluginManage:359 - Loaded plugin clock (category:base,tabindex:2)
2025-04-29 13:16:08,715 [INFO] PluginManage:310 - Check plugin ddr
2025-04-29 13:16:08,717 [INFO] PluginManage:359 - Loaded plugin ddr (category:tool,tabindex:6)
2025-04-29 13:16:08,717 [INFO] PluginManage:310 - Check plugin filemanager
2025-04-29 13:16:08,893 [INFO] PluginManage:359 - Loaded plugin filemanager (category:base,tabindex:10)
2025-04-29 13:16:08,893 [INFO] PluginManage:310 - Check plugin ipmanager
2025-04-29 13:16:08,902 [INFO] PluginManage:359 - Loaded plugin ipmanager (category:base,tabindex:5)
2025-04-29 13:16:08,902 [INFO] PluginManage:310 - Check plugin lpbam
2025-04-29 13:16:08,919 [INFO] PluginManage:359 - Loaded plugin lpbam (category:base,tabindex:0)
2025-04-29 13:16:08,919 [INFO] PluginManage:310 - Check plugin memorymap
2025-04-29 13:16:08,945 [INFO] PluginManage:359 - Loaded plugin memorymap (category:base,tabindex:4)
2025-04-29 13:16:08,945 [INFO] PluginManage:310 - Check plugin pinoutandconfiguration
2025-04-29 13:16:08,962 [INFO] PluginManage:359 - Loaded plugin pinoutandconfiguration (category:base,tabindex:1)
2025-04-29 13:16:08,962 [INFO] PluginManage:310 - Check plugin pinoutconfig
2025-04-29 13:16:09,076 [WARN] SupportedApi:132 - Cannot load RTOS API schema: s4s-elt-must-match.1: The content of 'definitions' must match (annotation?, (simpleType | complexType)?, (unique | key | keyref)*)). A problem was found starting at: attribute.
2025-04-29 13:16:09,221 [INFO] PluginManage:359 - Loaded plugin pinoutconfig (category:base,tabindex:0)
2025-04-29 13:16:09,222 [INFO] PluginManage:310 - Check plugin power
2025-04-29 13:16:09,251 [INFO] PluginManage:359 - Loaded plugin power (category:power,tabindex:4)
2025-04-29 13:16:09,251 [INFO] PluginManage:310 - Check plugin projectmanager
2025-04-29 13:16:09,269 [INFO] PluginManage:359 - Loaded plugin projectmanager (category:projectmanager,tabindex:3)
2025-04-29 13:16:09,269 [INFO] PluginManage:310 - Check plugin thirdparty
2025-04-29 13:16:09,570 [INFO] PluginManage:359 - Loaded plugin thirdparty (category:base,tabindex:-1)
2025-04-29 13:16:09,570 [INFO] PluginManage:310 - Check plugin tools
2025-04-29 13:16:09,570 [WARN] IntegrityCheckThread:84 - waiting for thirdparty lock release [integrity check]
2025-04-29 13:16:09,570 [INFO] IntegrityCheckThread:86 - entering critical section [integrity check]
2025-04-29 13:16:09,572 [INFO] ThirdPartyUpdaterWithRetryManager:70 - Updater plugin not ready yet. [1/15]
2025-04-29 13:16:09,611 [INFO] PluginManage:359 - Loaded plugin tools (category:base,tabindex:7)
2025-04-29 13:16:09,611 [INFO] PluginManage:310 - Check plugin tutovideos
2025-04-29 13:16:10,008 [INFO] PluginManage:359 - Loaded plugin tutovideos (category:base,tabindex:-1)
2025-04-29 13:16:10,008 [INFO] PluginManage:310 - Check plugin updater
2025-04-29 13:16:10,020 [INFO] PluginManage:359 - Loaded plugin updater (category:base,tabindex:12)
2025-04-29 13:16:10,020 [INFO] PluginManage:310 - Check plugin userauth
2025-04-29 13:16:10,028 [INFO] UserAuth:113 - Init User Auth plugin
2025-04-29 13:16:10,029 [INFO] PluginManage:359 - Loaded plugin userauth (category:base,tabindex:14)
2025-04-29 13:16:10,029 [INFO] PluginManage:283 - PluginManage : Loaded plugins [17]
2025-04-29 13:16:10,344 [INFO] PinOutPanel:1499 - setPackage(No Configuration,No Configuration)
2025-04-29 13:16:10,483 [INFO] CADModel:165 - CPN selected for project level
2025-04-29 13:16:10,483 [INFO] CADModel:114 - Register for checkConnection events
2025-04-29 13:16:10,518 [INFO] IPUIPlugin:80 - create IPUIPlugin
2025-04-29 13:16:10,518 [INFO] PluginManager:220 - loadIPPluginJar : add adc
2025-04-29 13:16:10,569 [INFO] IPUIPlugin:80 - create IPUIPlugin
2025-04-29 13:16:10,569 [INFO] PluginManager:220 - loadIPPluginJar : add aes
2025-04-29 13:16:10,617 [INFO] IPUIPlugin:80 - create IPUIPlugin
2025-04-29 13:16:10,617 [INFO] PluginManager:220 - loadIPPluginJar : add can
2025-04-29 13:16:10,647 [INFO] IPUIPlugin:80 - create IPUIPlugin
2025-04-29 13:16:10,647 [INFO] PluginManager:220 - loadIPPluginJar : add comp
2025-04-29 13:16:10,687 [INFO] IPUIPlugin:80 - create IPUIPlugin
2025-04-29 13:16:10,687 [INFO] PluginManager:220 - loadIPPluginJar : add cryp
2025-04-29 13:16:10,724 [INFO] IPUIPlugin:80 - create IPUIPlugin
2025-04-29 13:16:10,724 [INFO] PluginManager:220 - loadIPPluginJar : add dfsdm
2025-04-29 13:16:10,740 [INFO] IPUIPlugin:80 - create IPUIPlugin
2025-04-29 13:16:10,741 [INFO] PluginManager:220 - loadIPPluginJar : add dma
2025-04-29 13:16:10,819 [INFO] IPUIPlugin:80 - create IPUIPlugin
2025-04-29 13:16:10,819 [INFO] PluginManager:220 - loadIPPluginJar : add dma3
2025-04-29 13:16:10,856 [INFO] IPUIPlugin:80 - create IPUIPlugin
2025-04-29 13:16:10,856 [INFO] PluginManager:220 - loadIPPluginJar : add fatfs
2025-04-29 13:16:10,941 [INFO] IPUIPlugin:80 - create IPUIPlugin
2025-04-29 13:16:10,941 [INFO] PluginManager:220 - loadIPPluginJar : add fmc
2025-04-29 13:16:10,962 [INFO] IPUIPlugin:80 - create IPUIPlugin
2025-04-29 13:16:10,962 [INFO] PluginManager:220 - loadIPPluginJar : add freertos
2025-04-29 13:16:10,995 [INFO] IPUIPlugin:80 - create IPUIPlugin
2025-04-29 13:16:10,995 [INFO] PluginManager:220 - loadIPPluginJar : add genericplugin
2025-04-29 13:16:11,120 [INFO] IPUIPlugin:80 - create IPUIPlugin
2025-04-29 13:16:11,120 [INFO] PluginManager:220 - loadIPPluginJar : add gfxmmu
2025-04-29 13:16:11,261 [INFO] IPUIPlugin:80 - create IPUIPlugin
2025-04-29 13:16:11,261 [INFO] PluginManager:220 - loadIPPluginJar : add gic
2025-04-29 13:16:11,274 [INFO] IPUIPlugin:80 - create IPUIPlugin
2025-04-29 13:16:11,274 [INFO] PluginManager:220 - loadIPPluginJar : add gpio
2025-04-29 13:16:11,368 [INFO] IPUIPlugin:80 - create IPUIPlugin
2025-04-29 13:16:11,368 [INFO] PluginManager:220 - loadIPPluginJar : add gtzc
2025-04-29 13:16:11,404 [INFO] IPUIPlugin:80 - create IPUIPlugin
2025-04-29 13:16:11,404 [INFO] PluginManager:220 - loadIPPluginJar : add hash
2025-04-29 13:16:11,460 [INFO] IPUIPlugin:80 - create IPUIPlugin
2025-04-29 13:16:11,460 [INFO] PluginManager:220 - loadIPPluginJar : add i2c
2025-04-29 13:16:11,508 [INFO] IPUIPlugin:80 - create IPUIPlugin
2025-04-29 13:16:11,508 [INFO] PluginManager:220 - loadIPPluginJar : add i2s
2025-04-29 13:16:11,554 [INFO] IPUIPlugin:80 - create IPUIPlugin
2025-04-29 13:16:11,554 [INFO] PluginManager:220 - loadIPPluginJar : add i3c
2025-04-29 13:16:11,667 [INFO] IPUIPlugin:80 - create IPUIPlugin
2025-04-29 13:16:11,667 [INFO] PluginManager:220 - loadIPPluginJar : add ipddr
2025-04-29 13:16:11,765 [INFO] IPUIPlugin:80 - create IPUIPlugin
2025-04-29 13:16:11,766 [INFO] PluginManager:220 - loadIPPluginJar : add linkedlist
2025-04-29 13:16:11,802 [INFO] IPUIPlugin:80 - create IPUIPlugin
2025-04-29 13:16:11,802 [INFO] PluginManager:220 - loadIPPluginJar : add lorawan
2025-04-29 13:16:11,841 [INFO] IPUIPlugin:80 - create IPUIPlugin
2025-04-29 13:16:11,841 [INFO] PluginManager:220 - loadIPPluginJar : add ltdc
2025-04-29 13:16:11,855 [INFO] IPUIPlugin:80 - create IPUIPlugin
2025-04-29 13:16:11,856 [INFO] PluginManager:220 - loadIPPluginJar : add mdma
2025-04-29 13:16:11,868 [INFO] IPUIPlugin:80 - create IPUIPlugin
2025-04-29 13:16:11,868 [INFO] PluginManager:220 - loadIPPluginJar : add nvic
2025-04-29 13:16:11,906 [INFO] IPUIPlugin:80 - create IPUIPlugin
2025-04-29 13:16:11,906 [INFO] PluginManager:220 - loadIPPluginJar : add opamp
2025-04-29 13:16:11,969 [INFO] IPUIPlugin:80 - create IPUIPlugin
2025-04-29 13:16:11,969 [INFO] PluginManager:220 - loadIPPluginJar : add openamp
2025-04-29 13:16:12,018 [INFO] IPUIPlugin:80 - create IPUIPlugin
2025-04-29 13:16:12,018 [INFO] PluginManager:220 - loadIPPluginJar : add pdm2pcm
2025-04-29 13:16:12,032 [INFO] IPUIPlugin:80 - create IPUIPlugin
2025-04-29 13:16:12,033 [INFO] PluginManager:220 - loadIPPluginJar : add plateformsettings
2025-04-29 13:16:12,057 [INFO] IPUIPlugin:80 - create IPUIPlugin
2025-04-29 13:16:12,057 [INFO] PluginManager:220 - loadIPPluginJar : add quadspi
2025-04-29 13:16:12,073 [INFO] IPUIPlugin:80 - create IPUIPlugin
2025-04-29 13:16:12,073 [INFO] PluginManager:220 - loadIPPluginJar : add resmgrutility
2025-04-29 13:16:12,126 [INFO] IPUIPlugin:80 - create IPUIPlugin
2025-04-29 13:16:12,126 [INFO] PluginManager:220 - loadIPPluginJar : add sai
2025-04-29 13:16:12,165 [INFO] IPUIPlugin:80 - create IPUIPlugin
2025-04-29 13:16:12,165 [INFO] PluginManager:220 - loadIPPluginJar : add spi
2025-04-29 13:16:12,224 [INFO] IPUIPlugin:80 - create IPUIPlugin
2025-04-29 13:16:12,224 [INFO] PluginManager:220 - loadIPPluginJar : add stm32_wpan
2025-04-29 13:16:12,249 [INFO] IPUIPlugin:80 - create IPUIPlugin
2025-04-29 13:16:12,249 [INFO] PluginManager:220 - loadIPPluginJar : add tim
2025-04-29 13:16:12,310 [INFO] IPUIPlugin:80 - create IPUIPlugin
2025-04-29 13:16:12,310 [INFO] PluginManager:220 - loadIPPluginJar : add touchsensing
2025-04-29 13:16:12,336 [INFO] IPUIPlugin:80 - create IPUIPlugin
2025-04-29 13:16:12,337 [INFO] PluginManager:220 - loadIPPluginJar : add tracer_emb
2025-04-29 13:16:12,362 [INFO] IPUIPlugin:80 - create IPUIPlugin
2025-04-29 13:16:12,362 [INFO] PluginManager:220 - loadIPPluginJar : add ts
2025-04-29 13:16:12,388 [INFO] IPUIPlugin:80 - create IPUIPlugin
2025-04-29 13:16:12,388 [INFO] PluginManager:220 - loadIPPluginJar : add tsc
2025-04-29 13:16:12,412 [INFO] IPUIPlugin:80 - create IPUIPlugin
2025-04-29 13:16:12,412 [INFO] PluginManager:220 - loadIPPluginJar : add ucpd
2025-04-29 13:16:12,458 [INFO] IPUIPlugin:80 - create IPUIPlugin
2025-04-29 13:16:12,458 [INFO] PluginManager:220 - loadIPPluginJar : add usart
2025-04-29 13:16:12,505 [INFO] IPUIPlugin:80 - create IPUIPlugin
2025-04-29 13:16:12,505 [INFO] PluginManager:220 - loadIPPluginJar : add usbx
2025-04-29 13:16:12,572 [INFO] ThirdPartyUpdaterWithRetryManager:70 - Updater plugin not ready yet. [2/15]
2025-04-29 13:16:12,619 [INFO] CADModel:165 - CPN selected for project level
2025-04-29 13:16:12,619 [INFO] CADModel:114 - Register for checkConnection events
2025-04-29 13:16:12,619 [FATAL] Updater:308 - Updater called before beeing initialized
2025-04-29 13:16:12,619 [ERROR] CADModel:125 - Updater not yet initialized, retry later 
2025-04-29 13:16:12,761 [INFO] CADModel:165 - CPN selected for project level
2025-04-29 13:16:12,762 [INFO] CADModel:114 - Register for checkConnection events
2025-04-29 13:16:12,762 [FATAL] Updater:308 - Updater called before beeing initialized
2025-04-29 13:16:12,762 [ERROR] CADModel:125 - Updater not yet initialized, retry later 
2025-04-29 13:16:12,781 [FATAL] Updater:308 - Updater called before beeing initialized
2025-04-29 13:16:12,893 [FATAL] Updater:308 - Updater called before beeing initialized
2025-04-29 13:16:12,905 [INFO] DbMcusAds:53 - JSON generation date=Thu Mar 06 21:54:22 ICT 2025 (1741272862204)
2025-04-29 13:16:12,905 [FATAL] Updater:308 - Updater called before beeing initialized
2025-04-29 13:16:12,992 [WARN] DetailPanel:346 - Failed to get advertising image, set to default
2025-04-29 13:16:13,075 [FATAL] Updater:308 - Updater called before beeing initialized
2025-04-29 13:16:13,077 [FATAL] Updater:308 - Updater called before beeing initialized
2025-04-29 13:16:13,077 [FATAL] Updater:308 - Updater called before beeing initialized
2025-04-29 13:16:13,077 [WARN] DetailPanel:346 - Failed to get advertising image, set to default
2025-04-29 13:16:13,078 [FATAL] Updater:308 - Updater called before beeing initialized
2025-04-29 13:16:13,144 [ERROR] Updater:1120 - MainUpdater not yet initialized. External WinMGr cannot be set.
2025-04-29 13:16:13,160 [INFO] Updater:1056 - Updater Version found : 6.9.0
2025-04-29 13:16:13,176 [INFO] ApplicationProperties:184 - Using Application install path: D:\ITC\STM32\STM32CubeIDE_1.13.0\STM32CubeIDE\plugins\com.st.stm32cube.common.mx_6.9.0.202307051724
2025-04-29 13:16:14,219 [INFO] MainUpdater:2868 - connection check result : 10
2025-04-29 13:16:14,220 [INFO] MainUpdater:285 - Updater Check For Update Now.
2025-04-29 13:16:14,220 [INFO] MicroXplorer:498 - Change Database Version : DB.6.0.90
2025-04-29 13:16:14,245 [INFO] McuFinderGlobals:63 - Set McuFinder mode to 2 (CubeIDE integrated)
2025-04-29 13:16:14,469 [INFO] CheckServerUpdateThread:120 - End of CheckServer Thread
2025-04-29 13:16:15,870 [WARN] PackLoader:240 - Cannot read IP mode file for STMicroelectronics.FP-SNS-MOTENVWB1.1.4.0
2025-04-29 13:16:15,886 [WARN] PackLoader:240 - Cannot read IP mode file for STMicroelectronics.FP-ATR-ASTRA1.2.0.2
2025-04-29 13:16:15,897 [WARN] PackLoader:240 - Cannot read IP mode file for STMicroelectronics.FP-ATR-ASTRA1.2.0.1
2025-04-29 13:16:15,916 [WARN] PackLoader:240 - Cannot read IP mode file for STMicroelectronics.X-CUBE-SMBUS.2.1.0
2025-04-29 13:16:15,937 [WARN] PackLoader:240 - Cannot read IP mode file for STMicroelectronics.X-CUBE-WB05N.1.1.0
2025-04-29 13:16:15,955 [WARN] PackLoader:240 - Cannot read IP mode file for STMicroelectronics.X-CUBE-TOUCHGFX.4.23.0
2025-04-29 13:16:15,969 [WARN] PackLoader:240 - Cannot read IP mode file for STMicroelectronics.X-CUBE-TOUCHGFX.4.23.2
2025-04-29 13:16:16,019 [WARN] PackLoader:240 - Cannot read IP mode file for STMicroelectronics.X-CUBE-AZRTOS-F7.1.1.0
2025-04-29 13:16:16,040 [ERROR] RealEvaluatedCondition:428 - Found unsupported composite condition: GROUP='STM32_MetaDataManager' CLASS='Data Exchange'
2025-04-29 13:16:16,040 [ERROR] RealEvaluatedCondition:428 - Found unsupported composite condition: CLASS='Data Exchange' GROUP='STM32_MetaDataManager'
2025-04-29 13:16:16,041 [WARN] PackLoader:240 - Cannot read IP mode file for STMicroelectronics.FP-SNS-MOTENV1.4.3.0
2025-04-29 13:16:16,059 [WARN] PackLoader:240 - Cannot read IP mode file for STMicroelectronics.FP-SNS-MOTENV1.4.3.2
2025-04-29 13:16:16,076 [WARN] PackLoader:240 - Cannot read IP mode file for STMicroelectronics.FP-SNS-FLIGHT1.5.0.0
2025-04-29 13:16:16,093 [WARN] PackLoader:240 - Cannot read IP mode file for STMicroelectronics.X-CUBE-BLE1.6.2.4
2025-04-29 13:16:16,108 [WARN] PackLoader:240 - Cannot read IP mode file for STMicroelectronics.FP-SNS-FLIGHT1.5.0.2
2025-04-29 13:16:16,131 [ERROR] Engine:466 - C:\Users\msi1\.stm32cubemx\thirdparties\pdsc\Infineon.AIROC-Wi-Fi-Bluetooth-STM32.1.7.0.pdsc: PDSC version is not supported
2025-04-29 13:16:16,150 [WARN] PackLoader:240 - Cannot read IP mode file for STMicroelectronics.X-CUBE-DISPLAY.3.0.0
2025-04-29 13:16:16,173 [WARN] PackLoader:240 - Cannot read IP mode file for STMicroelectronics.X-CUBE-BLE1.7.0.0
2025-04-29 13:16:16,194 [WARN] PackLoader:240 - Cannot read IP mode file for STMicroelectronics.X-CUBE-NFC10.1.0.0
2025-04-29 13:16:16,211 [ERROR] Engine:466 - C:\Users\msi1\.stm32cubemx\thirdparties\pdsc\STMicroelectronics.X-CUBE-BLEMGR.4.0.0.pdsc: PDSC version is not supported
2025-04-29 13:16:16,228 [WARN] PackLoader:240 - Cannot read IP mode file for emotas.I-CUBE-CANOPEN.1.3.0
2025-04-29 13:16:16,242 [WARN] PackLoader:240 - Cannot read IP mode file for STMicroelectronics.X-CUBE-TOUCHGFX.4.22.0
2025-04-29 13:16:16,257 [WARN] PackLoader:240 - Cannot read IP mode file for STMicroelectronics.X-CUBE-TOUCHGFX.4.22.1
2025-04-29 13:16:16,277 [WARN] PackLoader:240 - Cannot read IP mode file for STMicroelectronics.X-CUBE-BLEMGR.3.1.0
2025-04-29 13:16:16,296 [WARN] PackLoader:240 - Cannot read IP mode file for STMicroelectronics.X-CUBE-AI.10.0.0
2025-04-29 13:16:16,312 [WARN] PackLoader:240 - Cannot read IP mode file for STMicroelectronics.FP-SNS-SMARTAG2.1.2.0
2025-04-29 13:16:16,325 [ERROR] Engine:466 - C:\Users\msi1\.stm32cubemx\thirdparties\pdsc\STMicroelectronics.FP-SNS-FLIGHT1.5.1.0.pdsc: PDSC version is not supported
2025-04-29 13:16:16,396 [WARN] PackLoader:240 - Cannot read IP mode file for STMicroelectronics.X-CUBE-MEMS1.11.1.0
2025-04-29 13:16:16,597 [INFO] LogOutputStream:77 - [STDOUT_REDIRECT] 1 : Invalid condition id : UX_CORESTACK_Condition cause : null
2025-04-29 13:16:16,598 [INFO] LogOutputStream:77 - [STDOUT_REDIRECT] 1 : Invalid condition id : UX_CORESTACK_Condition cause : null
2025-04-29 13:16:16,599 [INFO] LogOutputStream:77 - [STDOUT_REDIRECT] 1 : Invalid condition id : UX_CORESTACK_Condition cause : null
2025-04-29 13:16:16,600 [INFO] LogOutputStream:77 - [STDOUT_REDIRECT] 1 : Invalid condition id : UX_CORESTACK_Condition cause : null
2025-04-29 13:16:16,601 [INFO] LogOutputStream:77 - [STDOUT_REDIRECT] 1 : Invalid condition id : UX_CORESTACK_Condition cause : null
2025-04-29 13:16:16,604 [WARN] PackLoader:240 - Cannot read IP mode file for STMicroelectronics.X-CUBE-AZRTOS-WL.2.0.0
2025-04-29 13:16:16,619 [WARN] PackLoader:240 - Cannot read IP mode file for STMicroelectronics.FP-SNS-MOTENV1.5.0.0
2025-04-29 13:16:16,634 [WARN] PackLoader:240 - Cannot read IP mode file for wolfSSL.I-CUBE-wolfMQTT.1.19.0
2025-04-29 13:16:16,652 [WARN] PackLoader:240 - Cannot read IP mode file for WES.I-CUBE-Cesium.1.3.0
2025-04-29 13:16:16,668 [WARN] PackLoader:240 - Cannot read IP mode file for STMicroelectronics.X-CUBE-BLE2.3.3.0
2025-04-29 13:16:16,685 [WARN] PackLoader:240 - Cannot read IP mode file for STMicroelectronics.X-CUBE-NFC9.1.0.0
2025-04-29 13:16:16,700 [WARN] PackLoader:240 - Cannot read IP mode file for STMicroelectronics.X-CUBE-BLE1.7.1.0
2025-04-29 13:16:16,716 [WARN] PackLoader:240 - Cannot read IP mode file for STMicroelectronics.X-CUBE-TCPP.4.1.0
2025-04-29 13:16:16,733 [WARN] PackLoader:240 - Cannot read IP mode file for STMicroelectronics.X-CUBE-TOUCHGFX.4.21.4
2025-04-29 13:16:16,747 [WARN] PackLoader:240 - Cannot read IP mode file for STMicroelectronics.X-CUBE-ALGOBUILD.1.3.0
2025-04-29 13:16:16,823 [WARN] PackLoader:240 - Cannot read IP mode file for STMicroelectronics.X-CUBE-MEMS1.11.2.0
2025-04-29 13:16:16,935 [WARN] PackLoader:240 - Cannot read IP mode file for STMicroelectronics.X-CUBE-AZRTOS-G0.1.1.0
2025-04-29 13:16:16,956 [WARN] PackLoader:240 - Cannot read IP mode file for STMicroelectronics.X-CUBE-SAFEA1.1.2.2
2025-04-29 13:16:16,976 [WARN] PackLoader:240 - Cannot read IP mode file for STMicroelectronics.X-CUBE-NFC4.3.0.0
2025-04-29 13:16:16,992 [WARN] PackLoader:240 - Cannot read IP mode file for wolfSSL.I-CUBE-wolfMQTT.1.18.0
2025-04-29 13:16:17,006 [ERROR] Engine:466 - C:\Users\msi1\.stm32cubemx\thirdparties\pdsc\EmbeddedOffice.I-CUBE-FS-RTOS.1.0.1.pdsc: PDSC version is not supported
2025-04-29 13:16:17,023 [WARN] PackLoader:240 - Cannot read IP mode file for STMicroelectronics.X-CUBE-WB05N.2.0.0
2025-04-29 13:16:17,044 [WARN] PackLoader:240 - Cannot read IP mode file for STMicroelectronics.X-CUBE-BLEMGR.3.0.0
2025-04-29 13:16:17,062 [ERROR] Engine:466 - C:\Users\msi1\.stm32cubemx\thirdparties\pdsc\STMicroelectronics.X-CUBE-TCPP.4.2.0.pdsc: PDSC version is not supported
2025-04-29 13:16:17,074 [ERROR] Engine:466 - C:\Users\msi1\.stm32cubemx\thirdparties\pdsc\RealThread.X-CUBE-RT-Thread_Nano.4.1.1.pdsc: PDSC version is not supported
2025-04-29 13:16:17,089 [WARN] PackLoader:240 - Cannot read IP mode file for STMicroelectronics.FP-ATR-SIGFOX1.3.2.0
2025-04-29 13:16:17,102 [ERROR] Engine:466 - C:\Users\msi1\.stm32cubemx\thirdparties\pdsc\quantropi.X-CUBE-qispace-sdk-base.1.9.3.pdsc: PDSC version is not supported
2025-04-29 13:16:17,119 [WARN] PackLoader:240 - Cannot read IP mode file for STMicroelectronics.X-CUBE-EEPRMA1.5.1.0
2025-04-29 13:16:17,135 [WARN] PackLoader:240 - Cannot read IP mode file for wolfSSL.I-CUBE-wolfSSL.5.7.6
2025-04-29 13:16:17,152 [WARN] PackLoader:240 - Cannot read IP mode file for ITTIA_DB.I-CUBE-ITTIADB.8.9.0
2025-04-29 13:16:17,203 [WARN] PackLoader:240 - Cannot read IP mode file for SEGGER.I-CUBE-embOS.1.3.1
2025-04-29 13:16:17,273 [WARN] PackLoader:240 - Cannot read IP mode file for STMicroelectronics.X-CUBE-ALGOBUILD.1.4.0
2025-04-29 13:16:17,290 [WARN] PackLoader:240 - Cannot read IP mode file for STMicroelectronics.X-CUBE-AI.9.1.0
2025-04-29 13:16:17,309 [WARN] PackLoader:240 - Cannot read IP mode file for STMicroelectronics.X-CUBE-GNSS1.6.0.0
2025-04-29 13:16:17,343 [WARN] PackLoader:240 - Cannot read IP mode file for STMicroelectronics.X-CUBE-AZRTOS-F4.1.1.0
2025-04-29 13:16:17,358 [ERROR] Engine:466 - C:\Users\msi1\.stm32cubemx\thirdparties\pdsc\Avnet-IotConnect.X-CUBE-IoTC-DA16k-PMOD.1.0.0.pdsc: PDSC version is not supported
2025-04-29 13:16:17,373 [WARN] PackLoader:240 - Cannot read IP mode file for wolfSSL.I-CUBE-wolfSSL.5.6.0
2025-04-29 13:16:17,388 [WARN] PackLoader:240 - Cannot read IP mode file for STMicroelectronics.X-CUBE-ISPU.2.1.0
2025-04-29 13:16:17,409 [WARN] PackLoader:240 - Cannot read IP mode file for STMicroelectronics.X-CUBE-FREERTOS.1.2.0
2025-04-29 13:16:17,444 [WARN] PackLoader:240 - Cannot read IP mode file for STMicroelectronics.X-CUBE-AZRTOS-L5.2.0.0
2025-04-29 13:16:17,491 [WARN] PackLoader:240 - Cannot read IP mode file for STMicroelectronics.X-CUBE-MEMS1.9.6.0
2025-04-29 13:16:17,609 [WARN] PackLoader:240 - Cannot read IP mode file for STMicroelectronics.X-CUBE-EEPRMA1.4.2.0
2025-04-29 13:16:17,627 [WARN] PackLoader:240 - Cannot read IP mode file for STMicroelectronics.X-CUBE-NFC6.3.1.0
2025-04-29 13:16:17,641 [WARN] PackLoader:240 - Cannot read IP mode file for ITTIA_DB.I-CUBE-ITTIADB.8.8.0
2025-04-29 13:16:17,656 [WARN] PackLoader:240 - Cannot read IP mode file for emotas.I-CUBE-CANOPEN.1.1.3
2025-04-29 13:16:17,672 [WARN] PackLoader:240 - Cannot read IP mode file for STMicroelectronics.X-CUBE-BLEMGR.2.0.0
2025-04-29 13:16:17,686 [ERROR] Engine:466 - C:\Users\msi1\.stm32cubemx\thirdparties\pdsc\STMicroelectronics.X-CUBE-DPower.1.2.0.pdsc: PDSC version is not supported
2025-04-29 13:16:17,701 [WARN] PackLoader:240 - Cannot read IP mode file for STMicroelectronics.X-CUBE-AI.9.0.0
2025-04-29 13:16:17,730 [WARN] ConditionMgr:438 - getConditionDescription Invalid condition id : UX DEVICE CLASS RTOS Condition cause : null
2025-04-29 13:16:17,731 [WARN] ConditionMgr:438 - getConditionDescription Invalid condition id : UX DEVICE CLASS RTOS Condition cause : null
2025-04-29 13:16:17,733 [WARN] PackLoader:240 - Cannot read IP mode file for STMicroelectronics.X-CUBE-AZRTOS-H7.3.1.0
2025-04-29 13:16:17,733 [WARN] ConditionMgr:1039 - genDependencies : Invalid condition id : UX DEVICE CLASS RTOS Condition cause : null
2025-04-29 13:16:17,734 [WARN] ConditionMgr:1039 - genDependencies : Invalid condition id : UX DEVICE CLASS RTOS Condition cause : null
2025-04-29 13:16:17,734 [WARN] ConditionMgr:1039 - genDependencies : Invalid condition id : UX DEVICE CLASS RTOS Condition cause : null
2025-04-29 13:16:17,734 [WARN] ConditionMgr:1039 - genDependencies : Invalid condition id : UX DEVICE CLASS RTOS Condition cause : null
2025-04-29 13:16:17,734 [WARN] ConditionMgr:1039 - genDependencies : Invalid condition id : UX DEVICE CLASS RTOS Condition cause : null
2025-04-29 13:16:17,748 [WARN] PackLoader:240 - Cannot read IP mode file for STMicroelectronics.X-CUBE-FREERTOS.1.3.0
2025-04-29 13:16:17,767 [WARN] PackLoader:240 - Cannot read IP mode file for STMicroelectronics.X-CUBE-NFC7.1.0.1
2025-04-29 13:16:17,784 [WARN] PackLoader:240 - Cannot read IP mode file for STMicroelectronics.X-CUBE-NFC7.1.0.0
2025-04-29 13:16:17,803 [WARN] PackLoader:240 - Cannot read IP mode file for wolfSSL.I-CUBE-wolfTPM.3.2.0
2025-04-29 13:16:17,819 [WARN] PackLoader:240 - Cannot read IP mode file for STMicroelectronics.X-CUBE-NFC6.3.0.0
2025-04-29 13:16:17,836 [WARN] PackLoader:240 - Cannot read IP mode file for STMicroelectronics.X-CUBE-EEPRMA1.4.1.0
2025-04-29 13:16:17,850 [ERROR] Engine:466 - C:\Users\msi1\.stm32cubemx\thirdparties\pdsc\STMicroelectronics.X-CUBE-DPower.1.3.0.pdsc: PDSC version is not supported
2025-04-29 13:16:17,864 [WARN] PackLoader:240 - Cannot read IP mode file for STMicroelectronics.X-CUBE-AI.8.1.0
2025-04-29 13:16:17,897 [WARN] ConditionMgr:438 - getConditionDescription Invalid condition id : LAN8742 Phy interface Condition cause : null
2025-04-29 13:16:17,897 [WARN] PackLoader:240 - Cannot read IP mode file for STMicroelectronics.X-CUBE-AZRTOS-L4.2.0.0
2025-04-29 13:16:17,899 [WARN] ConditionMgr:1039 - genDependencies : Invalid condition id : LAN8742 Phy interface Condition cause : null
2025-04-29 13:16:17,899 [WARN] ConditionMgr:1039 - genDependencies : Invalid condition id : LAN8742 Phy interface Condition cause : null
2025-04-29 13:16:17,900 [WARN] ConditionMgr:1039 - genDependencies : Invalid condition id : LAN8742 Phy interface Condition cause : null
2025-04-29 13:16:17,923 [WARN] PackLoader:240 - Cannot read IP mode file for STMicroelectronics.X-CUBE-SFXS2LP1.4.0.0
2025-04-29 13:16:17,943 [WARN] PackLoader:240 - Cannot read IP mode file for STMicroelectronics.X-CUBE-ISPU.1.1.0
2025-04-29 13:16:17,997 [WARN] PackLoader:240 - Cannot read IP mode file for STMicroelectronics.X-CUBE-AZRTOS-H7.3.3.0
2025-04-29 13:16:18,018 [ERROR] Engine:466 - C:\Users\msi1\.stm32cubemx\thirdparties\pdsc\STMicroelectronics.X-CUBE-IPS.3.0.0.pdsc: PDSC version is not supported
2025-04-29 13:16:18,044 [WARN] ConditionMgr:438 - getConditionDescription Invalid condition id : UX DEVICE CLASS RTOS Condition cause : null
2025-04-29 13:16:18,044 [WARN] ConditionMgr:438 - getConditionDescription Invalid condition id : UX DEVICE CLASS RTOS Condition cause : null
2025-04-29 13:16:18,045 [WARN] PackLoader:240 - Cannot read IP mode file for STMicroelectronics.X-CUBE-AZRTOS-WB.2.0.0
2025-04-29 13:16:18,046 [WARN] ConditionMgr:1039 - genDependencies : Invalid condition id : UX DEVICE CLASS RTOS Condition cause : null
2025-04-29 13:16:18,046 [WARN] ConditionMgr:1039 - genDependencies : Invalid condition id : UX DEVICE CLASS RTOS Condition cause : null
2025-04-29 13:16:18,046 [WARN] ConditionMgr:1039 - genDependencies : Invalid condition id : UX DEVICE CLASS RTOS Condition cause : null
2025-04-29 13:16:18,046 [WARN] ConditionMgr:1039 - genDependencies : Invalid condition id : UX DEVICE CLASS RTOS Condition cause : null
2025-04-29 13:16:18,046 [WARN] ConditionMgr:1039 - genDependencies : Invalid condition id : UX DEVICE CLASS RTOS Condition cause : null
2025-04-29 13:16:18,061 [WARN] PackLoader:240 - Cannot read IP mode file for STMicroelectronics.X-CUBE-FREERTOS.1.0.1
2025-04-29 13:16:18,074 [WARN] PackLoader:240 - Cannot read IP mode file for STMicroelectronics.X-CUBE-GNSS1.7.0.1
2025-04-29 13:16:18,088 [WARN] PackLoader:240 - Cannot read IP mode file for STMicroelectronics.X-CUBE-TOUCHGFX.4.25.0
2025-04-29 13:16:18,101 [ERROR] Engine:466 - C:\Users\msi1\.stm32cubemx\thirdparties\pdsc\STMicroelectronics.FP-SNS-STBOX1.2.0.0.pdsc: PDSC version is not supported
2025-04-29 13:16:18,125 [WARN] PackLoader:240 - Cannot read IP mode file for STMicroelectronics.X-CUBE-AZRTOS-L5.1.1.0
2025-04-29 13:16:18,141 [WARN] PackLoader:240 - Cannot read IP mode file for STMicroelectronics.X-CUBE-AI.8.0.1
2025-04-29 13:16:18,158 [WARN] PackLoader:240 - Cannot read IP mode file for STMicroelectronics.X-CUBE-SUBG2.5.0.0
2025-04-29 13:16:18,190 [WARN] PackLoader:240 - Cannot read IP mode file for STMicroelectronics.X-CUBE-AZRTOS-H7RS.1.1.0
2025-04-29 13:16:18,207 [WARN] PackLoader:240 - Cannot read IP mode file for Cesanta.I-CUBE-Mongoose.7.13.0
2025-04-29 13:16:18,226 [WARN] PackLoader:240 - Cannot read IP mode file for STMicroelectronics.X-CUBE-TOF1.3.3.1
2025-04-29 13:16:18,256 [WARN] PackLoader:240 - Cannot read IP mode file for STMicroelectronics.X-CUBE-AZRTOS-G4.2.0.0
2025-04-29 13:16:18,275 [WARN] PackLoader:240 - Cannot read IP mode file for STMicroelectronics.X-CUBE-TOF1.3.3.0
2025-04-29 13:16:18,307 [WARN] PackLoader:240 - Cannot read IP mode file for Infineon.AIROC-Wi-Fi-Bluetooth-STM32.1.5.1
2025-04-29 13:16:18,323 [WARN] PackLoader:240 - Cannot read IP mode file for STMicroelectronics.FP-SNS-MOTENVWB1.1.3.0
2025-04-29 13:16:18,338 [WARN] PackLoader:240 - Cannot read IP mode file for STMicroelectronics.FP-SNS-MOTENVWB1.1.3.1
2025-04-29 13:16:18,370 [WARN] PackLoader:240 - Cannot read IP mode file for STMicroelectronics.X-CUBE-AZRTOS-L4.1.0.0
2025-04-29 13:16:18,388 [WARN] PackLoader:240 - Cannot read IP mode file for STMicroelectronics.X-CUBE-ISPU.2.0.0
2025-04-29 13:16:18,405 [ERROR] Engine:466 - C:\Users\msi1\.stm32cubemx\thirdparties\pdsc\STMicroelectronics.X-CUBE-IPS.3.1.0.pdsc: PDSC version is not supported
2025-04-29 13:16:18,418 [WARN] PackLoader:240 - Cannot read IP mode file for STMicroelectronics.X-CUBE-ALS.1.0.2
2025-04-29 13:16:18,458 [WARN] PackLoader:240 - Cannot read IP mode file for STMicroelectronics.X-CUBE-MEMS1.10.0.0
2025-04-29 13:16:18,543 [WARN] PackLoader:240 - Cannot read IP mode file for STMicroelectronics.X-CUBE-FREERTOS.1.1.0
2025-04-29 13:16:18,560 [WARN] PackLoader:240 - Cannot read IP mode file for STMicroelectronics.X-CUBE-TOUCHGFX.4.24.0
2025-04-29 13:16:18,575 [WARN] PackLoader:240 - Cannot read IP mode file for STMicroelectronics.X-CUBE-TOUCHGFX.4.24.2
2025-04-29 13:16:18,599 [WARN] PackLoader:240 - Cannot read IP mode file for STMicroelectronics.X-CUBE-AZRTOS-WL.1.0.0
2025-04-29 13:16:18,614 [WARN] PackLoader:240 - Cannot read IP mode file for STMicroelectronics.X-CUBE-TOUCHGFX.4.24.1
2025-04-29 13:16:18,628 [WARN] PackLoader:240 - Cannot read IP mode file for wolfSSL.I-CUBE-wolfTPM.3.4.0
2025-04-29 13:16:18,647 [WARN] PackLoader:240 - Cannot read IP mode file for portGmbH.I-Cube-SoM-uGOAL.1.1.0
2025-04-29 13:16:18,661 [WARN] PackLoader:240 - Cannot read IP mode file for STMicroelectronics.X-CUBE-ALS.1.0.1
2025-04-29 13:16:18,686 [WARN] PackLoader:240 - Cannot read IP mode file for STMicroelectronics.X-CUBE-AZRTOS-WB.1.1.0
2025-04-29 13:16:18,719 [WARN] PackLoader:240 - Cannot read IP mode file for STMicroelectronics.X-CUBE-AZRTOS-H7RS.1.0.0
2025-04-29 13:16:18,734 [WARN] PackLoader:240 - Cannot read IP mode file for STMicroelectronics.FP-ATR-ASTRA1.2.0.0
2025-04-29 13:16:18,753 [ERROR] Engine:466 - C:\Users\msi1\.stm32cubemx\thirdparties\pdsc\STMicroelectronics.X-CUBE-TOF1.3.4.2.pdsc: PDSC version is not supported
2025-04-29 13:16:18,770 [ERROR] Engine:466 - C:\Users\msi1\.stm32cubemx\thirdparties\pdsc\STMicroelectronics.X-CUBE-TOF1.3.4.3.pdsc: PDSC version is not supported
2025-04-29 13:16:18,791 [WARN] PackLoader:240 - Cannot read IP mode file for STMicroelectronics.X-CUBE-TOF1.3.4.0
2025-04-29 13:16:18,823 [WARN] PackLoader:240 - Cannot read IP mode file for STMicroelectronics.X-CUBE-TOF1.3.4.1
2025-04-29 13:16:18,863 [WARN] PackLoader:240 - Cannot read IP mode file for STMicroelectronics.X-CUBE-AZRTOS-H7.3.2.0
2025-04-29 13:16:18,881 [WARN] PackLoader:240 - Cannot read IP mode file for wolfSSL.I-CUBE-wolfSSH.1.4.17
2025-04-29 13:16:18,882 [INFO] ThirdParty:978 - Integrity check success = true
2025-04-29 13:16:18,882 [INFO] IntegrityCheckThread:100 - exiting critical section [integrity check]
2025-04-29 13:16:18,882 [INFO] IntegrityCheckThread:103 - End integrity checks thread
2025-04-29 13:16:35,610 [ERROR] LogOutputStream:75 - [STDERR_REDIRECT] SLF4J: Failed to load class "org.slf4j.impl.StaticLoggerBinder".
2025-04-29 13:16:35,611 [ERROR] LogOutputStream:75 - [STDERR_REDIRECT] SLF4J: Defaulting to no-operation (NOP) logger implementation
2025-04-29 13:16:35,613 [ERROR] LogOutputStream:75 - [STDERR_REDIRECT] SLF4J: See http://www.slf4j.org/codes.html#StaticLoggerBinder for further details.
