2025-05-22 09:30:11,128 [INFO] Activator:176 - 


2025-05-22 09:30:11,134 [INFO] Activator:177 - !SESSION log4j initialized
2025-05-22 09:30:19,221 [INFO] LogOutputStream:77 - [STDOUT_REDIRECT] 
2025-05-22 09:30:23,547 [INFO] ApplicationProperties:184 - Using Application install path: D:\ITC\STM32\STM32CubeIDE_1.13.0\STM32CubeIDE\plugins\com.st.stm32cube.common.mx_6.9.0.202307051724
2025-05-22 09:30:23,566 [INFO] DbMcusXml:78 - Set database path to: D:\ITC\STM32\STM32CubeIDE_1.13.0\STM32CubeIDE\plugins\com.st.stm32cube.common.mx_6.9.0.202307051724\\db\/mcu/
2025-05-22 09:30:23,566 [INFO] ApiDb:274 - Set plugin database path to: D:\ITC\STM32\STM32CubeIDE_1.13.0\STM32CubeIDE\plugins\com.st.stm32cube.common.mx_6.9.0.202307051724\\db\/plugins/boardmanager/
2025-05-22 09:30:23,566 [WARN] ApiDb:259 - Overriding images path with different value:  => D:\ITC\STM32\STM32CubeIDE_1.13.0\STM32CubeIDE\plugins\com.st.stm32cube.common.mx_6.9.0.202307051724\\db\/plugins/mcufinder/images/
2025-05-22 09:30:23,578 [INFO] ApiDb:250 - Set database path to: C:\Users\msi1\.stmcufinder\plugins\mcufinder//mcu/
2025-05-22 09:30:23,579 [INFO] DbMcusAds:125 - Set database path to: C:\Users\msi1\.stmcufinder\plugins\mcufinder//mcu/
2025-05-22 09:30:23,581 [INFO] CrossReferenceDbSqlite:203 - Set database path to: C:\Users\msi1\.stmcufinder\plugins\mcufinder//mcu/cs/
2025-05-22 09:30:23,695 [INFO] RulesReader:64 - Compatibility file has been processed (293 Rules)
2025-05-22 09:30:23,791 [INFO] DbMcusXml:78 - Set database path to: D:\ITC\STM32\STM32CubeIDE_1.13.0\STM32CubeIDE\plugins\com.st.stm32cube.common.mx_6.9.0.202307051724\\db\/mcu/
2025-05-22 09:30:23,791 [INFO] ApiDb:274 - Set plugin database path to: D:\ITC\STM32\STM32CubeIDE_1.13.0\STM32CubeIDE\plugins\com.st.stm32cube.common.mx_6.9.0.202307051724\\db\/plugins/boardmanager/
2025-05-22 09:30:23,791 [INFO] ApiDb:261 - Set plugin images path to: D:\ITC\STM32\STM32CubeIDE_1.13.0\STM32CubeIDE\plugins\com.st.stm32cube.common.mx_6.9.0.202307051724\\db\/plugins/mcufinder/images/
2025-05-22 09:30:23,791 [WARN] DbFile:41 - Overriding database path with different value: C:\Users\msi1\.stmcufinder\plugins\mcufinder/ => C:\Users\msi1\.stmcufinder\plugins\mcufinder
2025-05-22 09:30:23,791 [INFO] ApiDb:250 - Set database path to: C:\Users\msi1\.stmcufinder\plugins\mcufinder//mcu/
2025-05-22 09:30:23,791 [WARN] DbFile:41 - Overriding database path with different value: C:\Users\msi1\.stmcufinder\plugins\mcufinder/ => C:\Users\msi1\.stmcufinder\plugins\mcufinder
2025-05-22 09:30:23,791 [INFO] DbMcusAds:125 - Set database path to: C:\Users\msi1\.stmcufinder\plugins\mcufinder//mcu/
2025-05-22 09:30:23,791 [WARN] DbFile:41 - Overriding database path with different value: C:\Users\msi1\.stmcufinder\plugins\mcufinder/ => C:\Users\msi1\.stmcufinder\plugins\mcufinder
2025-05-22 09:30:23,792 [WARN] DbFile:41 - Overriding database path with different value: C:\Users\msi1\.stmcufinder\plugins\mcufinder/ => C:\Users\msi1\.stmcufinder\plugins\mcufinder
2025-05-22 09:30:23,792 [INFO] CrossReferenceDbSqlite:203 - Set database path to: C:\Users\msi1\.stmcufinder\plugins\mcufinder//mcu/cs/
2025-05-22 09:30:23,876 [INFO] MainPanel:262 - HeapMemory: 268435456
2025-05-22 09:30:24,002 [INFO] DbMcusXml:78 - Set database path to: D:\ITC\STM32\STM32CubeIDE_1.13.0\STM32CubeIDE\plugins\com.st.stm32cube.common.mx_6.9.0.202307051724\\db\/mcu/
2025-05-22 09:30:24,003 [INFO] ApiDb:274 - Set plugin database path to: D:\ITC\STM32\STM32CubeIDE_1.13.0\STM32CubeIDE\plugins\com.st.stm32cube.common.mx_6.9.0.202307051724\\db\/plugins/boardmanager/
2025-05-22 09:30:24,003 [INFO] ApiDb:261 - Set plugin images path to: D:\ITC\STM32\STM32CubeIDE_1.13.0\STM32CubeIDE\plugins\com.st.stm32cube.common.mx_6.9.0.202307051724\\db\/plugins/mcufinder/images/
2025-05-22 09:30:24,003 [WARN] DbFile:41 - Overriding database path with different value: C:\Users\msi1\.stmcufinder\plugins\mcufinder/ => C:\Users\msi1\.stmcufinder\plugins\mcufinder
2025-05-22 09:30:24,003 [INFO] ApiDb:250 - Set database path to: C:\Users\msi1\.stmcufinder\plugins\mcufinder//mcu/
2025-05-22 09:30:24,004 [WARN] DbFile:41 - Overriding database path with different value: C:\Users\msi1\.stmcufinder\plugins\mcufinder/ => C:\Users\msi1\.stmcufinder\plugins\mcufinder
2025-05-22 09:30:24,004 [INFO] DbMcusAds:125 - Set database path to: C:\Users\msi1\.stmcufinder\plugins\mcufinder//mcu/
2025-05-22 09:30:24,004 [WARN] DbFile:41 - Overriding database path with different value: C:\Users\msi1\.stmcufinder\plugins\mcufinder/ => C:\Users\msi1\.stmcufinder\plugins\mcufinder
2025-05-22 09:30:24,004 [WARN] DbFile:41 - Overriding database path with different value: C:\Users\msi1\.stmcufinder\plugins\mcufinder/ => C:\Users\msi1\.stmcufinder\plugins\mcufinder
2025-05-22 09:30:24,004 [INFO] CrossReferenceDbSqlite:203 - Set database path to: C:\Users\msi1\.stmcufinder\plugins\mcufinder//mcu/cs/
2025-05-22 09:30:24,021 [INFO] ApplicationProperties:184 - Using Application install path: D:\ITC\STM32\STM32CubeIDE_1.13.0\STM32CubeIDE\plugins\com.st.stm32cube.common.mx_6.9.0.202307051724
2025-05-22 09:30:24,023 [INFO] PluginManage:196 - Search for loadable plugins [exclusion list=, ]
2025-05-22 09:30:24,024 [INFO] PluginManage:310 - Check plugin analytics
2025-05-22 09:30:24,168 [INFO] AnalyticsPlugin:253 - Accepted Software Licenses: 
2025-05-22 09:30:24,168 [INFO] AnalyticsPlugin:255 - Accepted CMSIS Pack Licenses: 
2025-05-22 09:30:24,169 [INFO] AnalyticsPlugin:257 - Accepted Firmware Licenses: FW.F4.1.27.0
2025-05-22 09:30:24,171 [INFO] PluginManage:359 - Loaded plugin analytics (category:tool,tabindex:-1)
2025-05-22 09:30:24,171 [INFO] PluginManage:310 - Check plugin cadmodel
2025-05-22 09:30:24,188 [INFO] CADModel:105 - Init CAD model plugin
2025-05-22 09:30:24,189 [INFO] PluginManage:359 - Loaded plugin cadmodel (category:power,tabindex:5)
2025-05-22 09:30:24,189 [INFO] PluginManage:310 - Check plugin clock
2025-05-22 09:30:24,210 [INFO] PluginManage:359 - Loaded plugin clock (category:base,tabindex:2)
2025-05-22 09:30:24,210 [INFO] PluginManage:310 - Check plugin ddr
2025-05-22 09:30:24,212 [INFO] PluginManage:359 - Loaded plugin ddr (category:tool,tabindex:6)
2025-05-22 09:30:24,212 [INFO] PluginManage:310 - Check plugin filemanager
2025-05-22 09:30:24,352 [INFO] PluginManage:359 - Loaded plugin filemanager (category:base,tabindex:10)
2025-05-22 09:30:24,352 [INFO] PluginManage:310 - Check plugin ipmanager
2025-05-22 09:30:24,361 [INFO] PluginManage:359 - Loaded plugin ipmanager (category:base,tabindex:5)
2025-05-22 09:30:24,361 [INFO] PluginManage:310 - Check plugin lpbam
2025-05-22 09:30:24,381 [INFO] PluginManage:359 - Loaded plugin lpbam (category:base,tabindex:0)
2025-05-22 09:30:24,382 [INFO] PluginManage:310 - Check plugin memorymap
2025-05-22 09:30:24,411 [INFO] PluginManage:359 - Loaded plugin memorymap (category:base,tabindex:4)
2025-05-22 09:30:24,412 [INFO] PluginManage:310 - Check plugin pinoutandconfiguration
2025-05-22 09:30:24,432 [INFO] PluginManage:359 - Loaded plugin pinoutandconfiguration (category:base,tabindex:1)
2025-05-22 09:30:24,432 [INFO] PluginManage:310 - Check plugin pinoutconfig
2025-05-22 09:30:24,526 [WARN] SupportedApi:132 - Cannot load RTOS API schema: s4s-elt-must-match.1: The content of 'definitions' must match (annotation?, (simpleType | complexType)?, (unique | key | keyref)*)). A problem was found starting at: attribute.
2025-05-22 09:30:24,683 [INFO] PluginManage:359 - Loaded plugin pinoutconfig (category:base,tabindex:0)
2025-05-22 09:30:24,683 [INFO] PluginManage:310 - Check plugin power
2025-05-22 09:30:24,723 [INFO] PluginManage:359 - Loaded plugin power (category:power,tabindex:4)
2025-05-22 09:30:24,723 [INFO] PluginManage:310 - Check plugin projectmanager
2025-05-22 09:30:24,743 [INFO] PluginManage:359 - Loaded plugin projectmanager (category:projectmanager,tabindex:3)
2025-05-22 09:30:24,743 [INFO] PluginManage:310 - Check plugin thirdparty
2025-05-22 09:30:25,081 [INFO] PluginManage:359 - Loaded plugin thirdparty (category:base,tabindex:-1)
2025-05-22 09:30:25,081 [WARN] IntegrityCheckThread:84 - waiting for thirdparty lock release [integrity check]
2025-05-22 09:30:25,081 [INFO] PluginManage:310 - Check plugin tools
2025-05-22 09:30:25,081 [INFO] IntegrityCheckThread:86 - entering critical section [integrity check]
2025-05-22 09:30:25,082 [INFO] ThirdPartyUpdaterWithRetryManager:70 - Updater plugin not ready yet. [1/15]
2025-05-22 09:30:25,129 [INFO] PluginManage:359 - Loaded plugin tools (category:base,tabindex:7)
2025-05-22 09:30:25,129 [INFO] PluginManage:310 - Check plugin tutovideos
2025-05-22 09:30:25,313 [INFO] PluginManage:359 - Loaded plugin tutovideos (category:base,tabindex:-1)
2025-05-22 09:30:25,313 [INFO] PluginManage:310 - Check plugin updater
2025-05-22 09:30:25,326 [INFO] PluginManage:359 - Loaded plugin updater (category:base,tabindex:12)
2025-05-22 09:30:25,326 [INFO] PluginManage:310 - Check plugin userauth
2025-05-22 09:30:25,332 [INFO] UserAuth:113 - Init User Auth plugin
2025-05-22 09:30:25,332 [INFO] PluginManage:359 - Loaded plugin userauth (category:base,tabindex:14)
2025-05-22 09:30:25,333 [INFO] PluginManage:283 - PluginManage : Loaded plugins [17]
2025-05-22 09:30:25,550 [INFO] PinOutPanel:1499 - setPackage(No Configuration,No Configuration)
2025-05-22 09:30:25,657 [INFO] CADModel:165 - CPN selected for project level
2025-05-22 09:30:25,657 [INFO] CADModel:114 - Register for checkConnection events
2025-05-22 09:30:25,688 [INFO] IPUIPlugin:80 - create IPUIPlugin
2025-05-22 09:30:25,688 [INFO] PluginManager:220 - loadIPPluginJar : add adc
2025-05-22 09:30:25,737 [INFO] IPUIPlugin:80 - create IPUIPlugin
2025-05-22 09:30:25,737 [INFO] PluginManager:220 - loadIPPluginJar : add aes
2025-05-22 09:30:25,796 [INFO] IPUIPlugin:80 - create IPUIPlugin
2025-05-22 09:30:25,796 [INFO] PluginManager:220 - loadIPPluginJar : add can
2025-05-22 09:30:25,830 [INFO] IPUIPlugin:80 - create IPUIPlugin
2025-05-22 09:30:25,830 [INFO] PluginManager:220 - loadIPPluginJar : add comp
2025-05-22 09:30:25,877 [INFO] IPUIPlugin:80 - create IPUIPlugin
2025-05-22 09:30:25,877 [INFO] PluginManager:220 - loadIPPluginJar : add cryp
2025-05-22 09:30:25,916 [INFO] IPUIPlugin:80 - create IPUIPlugin
2025-05-22 09:30:25,916 [INFO] PluginManager:220 - loadIPPluginJar : add dfsdm
2025-05-22 09:30:25,934 [INFO] IPUIPlugin:80 - create IPUIPlugin
2025-05-22 09:30:25,935 [INFO] PluginManager:220 - loadIPPluginJar : add dma
2025-05-22 09:30:25,995 [INFO] IPUIPlugin:80 - create IPUIPlugin
2025-05-22 09:30:25,995 [INFO] PluginManager:220 - loadIPPluginJar : add dma3
2025-05-22 09:30:26,024 [INFO] IPUIPlugin:80 - create IPUIPlugin
2025-05-22 09:30:26,024 [INFO] PluginManager:220 - loadIPPluginJar : add fatfs
2025-05-22 09:30:26,081 [INFO] IPUIPlugin:80 - create IPUIPlugin
2025-05-22 09:30:26,081 [INFO] PluginManager:220 - loadIPPluginJar : add fmc
2025-05-22 09:30:26,098 [INFO] IPUIPlugin:80 - create IPUIPlugin
2025-05-22 09:30:26,098 [INFO] PluginManager:220 - loadIPPluginJar : add freertos
2025-05-22 09:30:26,127 [INFO] IPUIPlugin:80 - create IPUIPlugin
2025-05-22 09:30:26,127 [INFO] PluginManager:220 - loadIPPluginJar : add genericplugin
2025-05-22 09:30:26,247 [INFO] IPUIPlugin:80 - create IPUIPlugin
2025-05-22 09:30:26,247 [INFO] PluginManager:220 - loadIPPluginJar : add gfxmmu
2025-05-22 09:30:26,415 [INFO] IPUIPlugin:80 - create IPUIPlugin
2025-05-22 09:30:26,415 [INFO] PluginManager:220 - loadIPPluginJar : add gic
2025-05-22 09:30:26,431 [INFO] IPUIPlugin:80 - create IPUIPlugin
2025-05-22 09:30:26,431 [INFO] PluginManager:220 - loadIPPluginJar : add gpio
2025-05-22 09:30:26,545 [INFO] IPUIPlugin:80 - create IPUIPlugin
2025-05-22 09:30:26,545 [INFO] PluginManager:220 - loadIPPluginJar : add gtzc
2025-05-22 09:30:26,586 [INFO] IPUIPlugin:80 - create IPUIPlugin
2025-05-22 09:30:26,586 [INFO] PluginManager:220 - loadIPPluginJar : add hash
2025-05-22 09:30:26,653 [INFO] IPUIPlugin:80 - create IPUIPlugin
2025-05-22 09:30:26,654 [INFO] PluginManager:220 - loadIPPluginJar : add i2c
2025-05-22 09:30:26,703 [INFO] IPUIPlugin:80 - create IPUIPlugin
2025-05-22 09:30:26,703 [INFO] PluginManager:220 - loadIPPluginJar : add i2s
2025-05-22 09:30:26,755 [INFO] IPUIPlugin:80 - create IPUIPlugin
2025-05-22 09:30:26,755 [INFO] PluginManager:220 - loadIPPluginJar : add i3c
2025-05-22 09:30:26,875 [INFO] IPUIPlugin:80 - create IPUIPlugin
2025-05-22 09:30:26,876 [INFO] PluginManager:220 - loadIPPluginJar : add ipddr
2025-05-22 09:30:27,001 [INFO] IPUIPlugin:80 - create IPUIPlugin
2025-05-22 09:30:27,001 [INFO] PluginManager:220 - loadIPPluginJar : add linkedlist
2025-05-22 09:30:27,048 [INFO] IPUIPlugin:80 - create IPUIPlugin
2025-05-22 09:30:27,048 [INFO] PluginManager:220 - loadIPPluginJar : add lorawan
2025-05-22 09:30:27,095 [INFO] IPUIPlugin:80 - create IPUIPlugin
2025-05-22 09:30:27,095 [INFO] PluginManager:220 - loadIPPluginJar : add ltdc
2025-05-22 09:30:27,112 [INFO] IPUIPlugin:80 - create IPUIPlugin
2025-05-22 09:30:27,113 [INFO] PluginManager:220 - loadIPPluginJar : add mdma
2025-05-22 09:30:27,128 [INFO] IPUIPlugin:80 - create IPUIPlugin
2025-05-22 09:30:27,128 [INFO] PluginManager:220 - loadIPPluginJar : add nvic
2025-05-22 09:30:27,173 [INFO] IPUIPlugin:80 - create IPUIPlugin
2025-05-22 09:30:27,173 [INFO] PluginManager:220 - loadIPPluginJar : add opamp
2025-05-22 09:30:27,252 [INFO] IPUIPlugin:80 - create IPUIPlugin
2025-05-22 09:30:27,253 [INFO] PluginManager:220 - loadIPPluginJar : add openamp
2025-05-22 09:30:27,308 [INFO] IPUIPlugin:80 - create IPUIPlugin
2025-05-22 09:30:27,309 [INFO] PluginManager:220 - loadIPPluginJar : add pdm2pcm
2025-05-22 09:30:27,325 [INFO] IPUIPlugin:80 - create IPUIPlugin
2025-05-22 09:30:27,328 [INFO] PluginManager:220 - loadIPPluginJar : add plateformsettings
2025-05-22 09:30:27,358 [INFO] IPUIPlugin:80 - create IPUIPlugin
2025-05-22 09:30:27,358 [INFO] PluginManager:220 - loadIPPluginJar : add quadspi
2025-05-22 09:30:27,376 [INFO] IPUIPlugin:80 - create IPUIPlugin
2025-05-22 09:30:27,376 [INFO] PluginManager:220 - loadIPPluginJar : add resmgrutility
2025-05-22 09:30:27,437 [INFO] IPUIPlugin:80 - create IPUIPlugin
2025-05-22 09:30:27,438 [INFO] PluginManager:220 - loadIPPluginJar : add sai
2025-05-22 09:30:27,489 [INFO] IPUIPlugin:80 - create IPUIPlugin
2025-05-22 09:30:27,490 [INFO] PluginManager:220 - loadIPPluginJar : add spi
2025-05-22 09:30:27,568 [INFO] IPUIPlugin:80 - create IPUIPlugin
2025-05-22 09:30:27,568 [INFO] PluginManager:220 - loadIPPluginJar : add stm32_wpan
2025-05-22 09:30:27,607 [INFO] IPUIPlugin:80 - create IPUIPlugin
2025-05-22 09:30:27,607 [INFO] PluginManager:220 - loadIPPluginJar : add tim
2025-05-22 09:30:27,687 [INFO] IPUIPlugin:80 - create IPUIPlugin
2025-05-22 09:30:27,687 [INFO] PluginManager:220 - loadIPPluginJar : add touchsensing
2025-05-22 09:30:27,716 [INFO] IPUIPlugin:80 - create IPUIPlugin
2025-05-22 09:30:27,717 [INFO] PluginManager:220 - loadIPPluginJar : add tracer_emb
2025-05-22 09:30:27,748 [INFO] IPUIPlugin:80 - create IPUIPlugin
2025-05-22 09:30:27,748 [INFO] PluginManager:220 - loadIPPluginJar : add ts
2025-05-22 09:30:27,779 [INFO] IPUIPlugin:80 - create IPUIPlugin
2025-05-22 09:30:27,779 [INFO] PluginManager:220 - loadIPPluginJar : add tsc
2025-05-22 09:30:27,808 [INFO] IPUIPlugin:80 - create IPUIPlugin
2025-05-22 09:30:27,808 [INFO] PluginManager:220 - loadIPPluginJar : add ucpd
2025-05-22 09:30:27,866 [INFO] IPUIPlugin:80 - create IPUIPlugin
2025-05-22 09:30:27,866 [INFO] PluginManager:220 - loadIPPluginJar : add usart
2025-05-22 09:30:27,921 [INFO] IPUIPlugin:80 - create IPUIPlugin
2025-05-22 09:30:27,921 [INFO] PluginManager:220 - loadIPPluginJar : add usbx
2025-05-22 09:30:28,039 [INFO] CADModel:165 - CPN selected for project level
2025-05-22 09:30:28,039 [INFO] CADModel:114 - Register for checkConnection events
2025-05-22 09:30:28,039 [FATAL] Updater:308 - Updater called before beeing initialized
2025-05-22 09:30:28,040 [ERROR] CADModel:125 - Updater not yet initialized, retry later 
2025-05-22 09:30:28,083 [INFO] ThirdPartyUpdaterWithRetryManager:70 - Updater plugin not ready yet. [2/15]
2025-05-22 09:30:28,177 [INFO] CADModel:165 - CPN selected for project level
2025-05-22 09:30:28,177 [INFO] CADModel:114 - Register for checkConnection events
2025-05-22 09:30:28,178 [FATAL] Updater:308 - Updater called before beeing initialized
2025-05-22 09:30:28,178 [ERROR] CADModel:125 - Updater not yet initialized, retry later 
2025-05-22 09:30:28,181 [FATAL] Updater:308 - Updater called before beeing initialized
2025-05-22 09:30:28,278 [FATAL] Updater:308 - Updater called before beeing initialized
2025-05-22 09:30:28,291 [INFO] DbMcusAds:53 - JSON generation date=Wed May 07 16:07:55 ICT 2025 (1746608875679)
2025-05-22 09:30:28,291 [FATAL] Updater:308 - Updater called before beeing initialized
2025-05-22 09:30:28,379 [WARN] DetailPanel:346 - Failed to get advertising image, set to default
2025-05-22 09:30:28,463 [FATAL] Updater:308 - Updater called before beeing initialized
2025-05-22 09:30:28,466 [FATAL] Updater:308 - Updater called before beeing initialized
2025-05-22 09:30:28,466 [FATAL] Updater:308 - Updater called before beeing initialized
2025-05-22 09:30:28,466 [WARN] DetailPanel:346 - Failed to get advertising image, set to default
2025-05-22 09:30:28,467 [FATAL] Updater:308 - Updater called before beeing initialized
2025-05-22 09:30:28,525 [ERROR] Updater:1120 - MainUpdater not yet initialized. External WinMGr cannot be set.
2025-05-22 09:30:28,537 [INFO] Updater:1056 - Updater Version found : 6.9.0
2025-05-22 09:30:28,553 [INFO] ApplicationProperties:184 - Using Application install path: D:\ITC\STM32\STM32CubeIDE_1.13.0\STM32CubeIDE\plugins\com.st.stm32cube.common.mx_6.9.0.202307051724
2025-05-22 09:30:29,043 [INFO] MainUpdater:2868 - connection check result : 10
2025-05-22 09:30:29,044 [INFO] MainUpdater:285 - Updater Check For Update Now.
2025-05-22 09:30:29,044 [INFO] MicroXplorer:498 - Change Database Version : DB.6.0.90
2025-05-22 09:30:29,071 [INFO] McuFinderGlobals:63 - Set McuFinder mode to 2 (CubeIDE integrated)
2025-05-22 09:30:29,293 [INFO] CheckServerUpdateThread:120 - End of CheckServer Thread
2025-05-22 09:30:31,403 [WARN] PackLoader:240 - Cannot read IP mode file for STMicroelectronics.FP-SNS-MOTENVWB1.1.4.0
2025-05-22 09:30:31,421 [WARN] PackLoader:240 - Cannot read IP mode file for STMicroelectronics.FP-ATR-ASTRA1.2.0.2
2025-05-22 09:30:31,438 [WARN] PackLoader:240 - Cannot read IP mode file for STMicroelectronics.FP-ATR-ASTRA1.2.0.1
2025-05-22 09:30:31,455 [WARN] PackLoader:240 - Cannot read IP mode file for STMicroelectronics.X-CUBE-SMBUS.2.1.0
2025-05-22 09:30:31,489 [WARN] PackLoader:240 - Cannot read IP mode file for STMicroelectronics.X-CUBE-WB05N.1.1.0
2025-05-22 09:30:31,525 [WARN] PackLoader:240 - Cannot read IP mode file for STMicroelectronics.X-CUBE-TOUCHGFX.4.23.0
2025-05-22 09:30:31,542 [WARN] PackLoader:240 - Cannot read IP mode file for STMicroelectronics.X-CUBE-TOUCHGFX.4.23.2
2025-05-22 09:30:31,607 [WARN] PackLoader:240 - Cannot read IP mode file for STMicroelectronics.X-CUBE-AZRTOS-F7.1.1.0
2025-05-22 09:30:31,632 [ERROR] RealEvaluatedCondition:428 - Found unsupported composite condition: CLASS='Data Exchange' GROUP='STM32_MetaDataManager'
2025-05-22 09:30:31,632 [ERROR] RealEvaluatedCondition:428 - Found unsupported composite condition: CLASS='Data Exchange' GROUP='STM32_MetaDataManager'
2025-05-22 09:30:31,634 [WARN] PackLoader:240 - Cannot read IP mode file for STMicroelectronics.FP-SNS-MOTENV1.4.3.0
2025-05-22 09:30:31,657 [WARN] PackLoader:240 - Cannot read IP mode file for STMicroelectronics.FP-SNS-MOTENV1.4.3.2
2025-05-22 09:30:31,681 [WARN] PackLoader:240 - Cannot read IP mode file for STMicroelectronics.FP-SNS-FLIGHT1.5.0.0
2025-05-22 09:30:31,699 [WARN] PackLoader:240 - Cannot read IP mode file for STMicroelectronics.X-CUBE-BLE1.6.2.4
2025-05-22 09:30:31,721 [WARN] PackLoader:240 - Cannot read IP mode file for STMicroelectronics.FP-SNS-FLIGHT1.5.0.2
2025-05-22 09:30:31,745 [ERROR] Engine:466 - C:\Users\msi1\.stm32cubemx\thirdparties\pdsc\Infineon.AIROC-Wi-Fi-Bluetooth-STM32.1.7.0.pdsc: PDSC version is not supported
2025-05-22 09:30:31,772 [WARN] PackLoader:240 - Cannot read IP mode file for STMicroelectronics.X-CUBE-DISPLAY.3.0.0
2025-05-22 09:30:31,793 [WARN] PackLoader:240 - Cannot read IP mode file for STMicroelectronics.X-CUBE-BLE1.7.0.0
2025-05-22 09:30:31,815 [WARN] PackLoader:240 - Cannot read IP mode file for STMicroelectronics.X-CUBE-NFC10.1.0.0
2025-05-22 09:30:31,831 [ERROR] Engine:466 - C:\Users\msi1\.stm32cubemx\thirdparties\pdsc\STMicroelectronics.X-CUBE-BLEMGR.4.0.0.pdsc: PDSC version is not supported
2025-05-22 09:30:31,847 [WARN] PackLoader:240 - Cannot read IP mode file for emotas.I-CUBE-CANOPEN.1.3.0
2025-05-22 09:30:31,863 [WARN] PackLoader:240 - Cannot read IP mode file for STMicroelectronics.X-CUBE-TOUCHGFX.4.22.0
2025-05-22 09:30:31,880 [WARN] PackLoader:240 - Cannot read IP mode file for STMicroelectronics.X-CUBE-TOUCHGFX.4.22.1
2025-05-22 09:30:31,899 [WARN] PackLoader:240 - Cannot read IP mode file for STMicroelectronics.X-CUBE-BLEMGR.3.1.0
2025-05-22 09:30:31,919 [WARN] PackLoader:240 - Cannot read IP mode file for STMicroelectronics.X-CUBE-AI.10.0.0
2025-05-22 09:30:31,936 [WARN] PackLoader:240 - Cannot read IP mode file for STMicroelectronics.FP-SNS-SMARTAG2.1.2.0
2025-05-22 09:30:31,950 [ERROR] Engine:466 - C:\Users\msi1\.stm32cubemx\thirdparties\pdsc\STMicroelectronics.FP-SNS-FLIGHT1.5.1.0.pdsc: PDSC version is not supported
2025-05-22 09:30:32,010 [WARN] PackLoader:240 - Cannot read IP mode file for STMicroelectronics.X-CUBE-MEMS1.11.1.0
2025-05-22 09:30:32,170 [INFO] LogOutputStream:77 - [STDOUT_REDIRECT] 1 : Invalid condition id : UX_CORESTACK_Condition cause : null
2025-05-22 09:30:32,170 [INFO] LogOutputStream:77 - [STDOUT_REDIRECT] 1 : Invalid condition id : UX_CORESTACK_Condition cause : null
2025-05-22 09:30:32,171 [INFO] LogOutputStream:77 - [STDOUT_REDIRECT] 1 : Invalid condition id : UX_CORESTACK_Condition cause : null
2025-05-22 09:30:32,172 [INFO] LogOutputStream:77 - [STDOUT_REDIRECT] 1 : Invalid condition id : UX_CORESTACK_Condition cause : null
2025-05-22 09:30:32,173 [INFO] LogOutputStream:77 - [STDOUT_REDIRECT] 1 : Invalid condition id : UX_CORESTACK_Condition cause : null
2025-05-22 09:30:32,176 [WARN] PackLoader:240 - Cannot read IP mode file for STMicroelectronics.X-CUBE-AZRTOS-WL.2.0.0
2025-05-22 09:30:32,192 [WARN] PackLoader:240 - Cannot read IP mode file for STMicroelectronics.FP-SNS-MOTENV1.5.0.0
2025-05-22 09:30:32,212 [WARN] PackLoader:240 - Cannot read IP mode file for wolfSSL.I-CUBE-wolfMQTT.1.19.0
2025-05-22 09:30:32,234 [WARN] PackLoader:240 - Cannot read IP mode file for WES.I-CUBE-Cesium.1.3.0
2025-05-22 09:30:32,254 [WARN] PackLoader:240 - Cannot read IP mode file for STMicroelectronics.X-CUBE-BLE2.3.3.0
2025-05-22 09:30:32,274 [WARN] PackLoader:240 - Cannot read IP mode file for STMicroelectronics.X-CUBE-NFC9.1.0.0
2025-05-22 09:30:32,290 [WARN] PackLoader:240 - Cannot read IP mode file for STMicroelectronics.X-CUBE-BLE1.7.1.0
2025-05-22 09:30:32,310 [WARN] PackLoader:240 - Cannot read IP mode file for STMicroelectronics.X-CUBE-TCPP.4.1.0
2025-05-22 09:30:32,328 [WARN] PackLoader:240 - Cannot read IP mode file for STMicroelectronics.X-CUBE-TOUCHGFX.4.21.4
2025-05-22 09:30:32,346 [WARN] PackLoader:240 - Cannot read IP mode file for STMicroelectronics.X-CUBE-ALGOBUILD.1.3.0
2025-05-22 09:30:32,400 [WARN] PackLoader:240 - Cannot read IP mode file for STMicroelectronics.X-CUBE-MEMS1.11.2.0
2025-05-22 09:30:32,519 [WARN] PackLoader:240 - Cannot read IP mode file for STMicroelectronics.X-CUBE-AZRTOS-G0.1.1.0
2025-05-22 09:30:32,539 [WARN] PackLoader:240 - Cannot read IP mode file for STMicroelectronics.X-CUBE-SAFEA1.1.2.2
2025-05-22 09:30:32,554 [WARN] PackLoader:240 - Cannot read IP mode file for STMicroelectronics.X-CUBE-NFC4.3.0.0
2025-05-22 09:30:32,570 [WARN] PackLoader:240 - Cannot read IP mode file for wolfSSL.I-CUBE-wolfMQTT.1.18.0
2025-05-22 09:30:32,584 [ERROR] Engine:466 - C:\Users\msi1\.stm32cubemx\thirdparties\pdsc\EmbeddedOffice.I-CUBE-FS-RTOS.1.0.1.pdsc: PDSC version is not supported
2025-05-22 09:30:32,602 [WARN] PackLoader:240 - Cannot read IP mode file for STMicroelectronics.X-CUBE-WB05N.2.0.0
2025-05-22 09:30:32,626 [WARN] PackLoader:240 - Cannot read IP mode file for STMicroelectronics.X-CUBE-BLEMGR.3.0.0
2025-05-22 09:30:32,644 [ERROR] Engine:466 - C:\Users\msi1\.stm32cubemx\thirdparties\pdsc\STMicroelectronics.X-CUBE-TCPP.4.2.0.pdsc: PDSC version is not supported
2025-05-22 09:30:32,660 [ERROR] Engine:466 - C:\Users\msi1\.stm32cubemx\thirdparties\pdsc\RealThread.X-CUBE-RT-Thread_Nano.4.1.1.pdsc: PDSC version is not supported
2025-05-22 09:30:32,678 [WARN] PackLoader:240 - Cannot read IP mode file for STMicroelectronics.FP-ATR-SIGFOX1.3.2.0
2025-05-22 09:30:32,694 [ERROR] Engine:466 - C:\Users\msi1\.stm32cubemx\thirdparties\pdsc\quantropi.X-CUBE-qispace-sdk-base.1.9.3.pdsc: PDSC version is not supported
2025-05-22 09:30:32,717 [WARN] PackLoader:240 - Cannot read IP mode file for STMicroelectronics.X-CUBE-EEPRMA1.5.1.0
2025-05-22 09:30:32,734 [WARN] PackLoader:240 - Cannot read IP mode file for wolfSSL.I-CUBE-wolfSSL.5.7.6
2025-05-22 09:30:32,752 [WARN] PackLoader:240 - Cannot read IP mode file for ITTIA_DB.I-CUBE-ITTIADB.8.9.0
2025-05-22 09:30:32,793 [WARN] PackLoader:240 - Cannot read IP mode file for SEGGER.I-CUBE-embOS.1.3.1
2025-05-22 09:30:32,860 [WARN] PackLoader:240 - Cannot read IP mode file for STMicroelectronics.X-CUBE-ALGOBUILD.1.4.0
2025-05-22 09:30:32,879 [WARN] PackLoader:240 - Cannot read IP mode file for STMicroelectronics.X-CUBE-AI.9.1.0
2025-05-22 09:30:32,901 [WARN] PackLoader:240 - Cannot read IP mode file for STMicroelectronics.X-CUBE-GNSS1.6.0.0
2025-05-22 09:30:32,932 [WARN] PackLoader:240 - Cannot read IP mode file for STMicroelectronics.X-CUBE-AZRTOS-F4.1.1.0
2025-05-22 09:30:32,950 [ERROR] Engine:466 - C:\Users\msi1\.stm32cubemx\thirdparties\pdsc\Avnet-IotConnect.X-CUBE-IoTC-DA16k-PMOD.1.0.0.pdsc: PDSC version is not supported
2025-05-22 09:30:32,969 [WARN] PackLoader:240 - Cannot read IP mode file for wolfSSL.I-CUBE-wolfSSL.5.6.0
2025-05-22 09:30:32,987 [WARN] PackLoader:240 - Cannot read IP mode file for STMicroelectronics.X-CUBE-ISPU.2.1.0
2025-05-22 09:30:33,004 [WARN] PackLoader:240 - Cannot read IP mode file for STMicroelectronics.X-CUBE-FREERTOS.1.2.0
2025-05-22 09:30:33,032 [WARN] PackLoader:240 - Cannot read IP mode file for STMicroelectronics.X-CUBE-AZRTOS-L5.2.0.0
2025-05-22 09:30:33,083 [WARN] PackLoader:240 - Cannot read IP mode file for STMicroelectronics.X-CUBE-MEMS1.9.6.0
2025-05-22 09:30:33,199 [WARN] PackLoader:240 - Cannot read IP mode file for STMicroelectronics.X-CUBE-EEPRMA1.4.2.0
2025-05-22 09:30:33,224 [WARN] PackLoader:240 - Cannot read IP mode file for STMicroelectronics.X-CUBE-NFC6.3.1.0
2025-05-22 09:30:33,251 [WARN] PackLoader:240 - Cannot read IP mode file for ITTIA_DB.I-CUBE-ITTIADB.8.8.0
2025-05-22 09:30:33,274 [WARN] PackLoader:240 - Cannot read IP mode file for emotas.I-CUBE-CANOPEN.1.1.3
2025-05-22 09:30:33,297 [WARN] PackLoader:240 - Cannot read IP mode file for STMicroelectronics.X-CUBE-BLEMGR.2.0.0
2025-05-22 09:30:33,316 [ERROR] Engine:466 - C:\Users\msi1\.stm32cubemx\thirdparties\pdsc\STMicroelectronics.X-CUBE-DPower.1.2.0.pdsc: PDSC version is not supported
2025-05-22 09:30:33,337 [WARN] PackLoader:240 - Cannot read IP mode file for STMicroelectronics.X-CUBE-AI.9.0.0
2025-05-22 09:30:33,368 [WARN] ConditionMgr:438 - getConditionDescription Invalid condition id : UX DEVICE CLASS RTOS Condition cause : null
2025-05-22 09:30:33,368 [WARN] ConditionMgr:438 - getConditionDescription Invalid condition id : UX DEVICE CLASS RTOS Condition cause : null
2025-05-22 09:30:33,370 [WARN] PackLoader:240 - Cannot read IP mode file for STMicroelectronics.X-CUBE-AZRTOS-H7.3.1.0
2025-05-22 09:30:33,371 [WARN] ConditionMgr:1039 - genDependencies : Invalid condition id : UX DEVICE CLASS RTOS Condition cause : null
2025-05-22 09:30:33,371 [WARN] ConditionMgr:1039 - genDependencies : Invalid condition id : UX DEVICE CLASS RTOS Condition cause : null
2025-05-22 09:30:33,372 [WARN] ConditionMgr:1039 - genDependencies : Invalid condition id : UX DEVICE CLASS RTOS Condition cause : null
2025-05-22 09:30:33,372 [WARN] ConditionMgr:1039 - genDependencies : Invalid condition id : UX DEVICE CLASS RTOS Condition cause : null
2025-05-22 09:30:33,372 [WARN] ConditionMgr:1039 - genDependencies : Invalid condition id : UX DEVICE CLASS RTOS Condition cause : null
2025-05-22 09:30:33,389 [WARN] PackLoader:240 - Cannot read IP mode file for STMicroelectronics.X-CUBE-FREERTOS.1.3.1
2025-05-22 09:30:33,404 [WARN] PackLoader:240 - Cannot read IP mode file for STMicroelectronics.X-CUBE-FREERTOS.1.3.0
2025-05-22 09:30:33,419 [WARN] PackLoader:240 - Cannot read IP mode file for STMicroelectronics.X-CUBE-NFC7.1.0.1
2025-05-22 09:30:33,437 [WARN] PackLoader:240 - Cannot read IP mode file for STMicroelectronics.X-CUBE-NFC7.1.0.0
2025-05-22 09:30:33,452 [WARN] PackLoader:240 - Cannot read IP mode file for wolfSSL.I-CUBE-wolfTPM.3.2.0
2025-05-22 09:30:33,470 [WARN] PackLoader:240 - Cannot read IP mode file for STMicroelectronics.X-CUBE-NFC6.3.0.0
2025-05-22 09:30:33,495 [WARN] PackLoader:240 - Cannot read IP mode file for STMicroelectronics.X-CUBE-EEPRMA1.4.1.0
2025-05-22 09:30:33,513 [ERROR] Engine:466 - C:\Users\msi1\.stm32cubemx\thirdparties\pdsc\STMicroelectronics.X-CUBE-DPower.1.3.0.pdsc: PDSC version is not supported
2025-05-22 09:30:33,533 [WARN] PackLoader:240 - Cannot read IP mode file for STMicroelectronics.X-CUBE-AI.8.1.0
2025-05-22 09:30:33,567 [WARN] ConditionMgr:438 - getConditionDescription Invalid condition id : LAN8742 Phy interface Condition cause : null
2025-05-22 09:30:33,568 [WARN] PackLoader:240 - Cannot read IP mode file for STMicroelectronics.X-CUBE-AZRTOS-L4.2.0.0
2025-05-22 09:30:33,569 [WARN] ConditionMgr:1039 - genDependencies : Invalid condition id : LAN8742 Phy interface Condition cause : null
2025-05-22 09:30:33,570 [WARN] ConditionMgr:1039 - genDependencies : Invalid condition id : LAN8742 Phy interface Condition cause : null
2025-05-22 09:30:33,570 [WARN] ConditionMgr:1039 - genDependencies : Invalid condition id : LAN8742 Phy interface Condition cause : null
2025-05-22 09:30:33,595 [WARN] PackLoader:240 - Cannot read IP mode file for STMicroelectronics.X-CUBE-SFXS2LP1.4.0.0
2025-05-22 09:30:33,630 [WARN] PackLoader:240 - Cannot read IP mode file for STMicroelectronics.X-CUBE-ISPU.1.1.0
2025-05-22 09:30:33,677 [WARN] PackLoader:240 - Cannot read IP mode file for STMicroelectronics.X-CUBE-AZRTOS-H7.3.3.0
2025-05-22 09:30:33,697 [ERROR] Engine:466 - C:\Users\msi1\.stm32cubemx\thirdparties\pdsc\STMicroelectronics.X-CUBE-IPS.3.0.0.pdsc: PDSC version is not supported
2025-05-22 09:30:33,725 [WARN] ConditionMgr:438 - getConditionDescription Invalid condition id : UX DEVICE CLASS RTOS Condition cause : null
2025-05-22 09:30:33,726 [WARN] ConditionMgr:438 - getConditionDescription Invalid condition id : UX DEVICE CLASS RTOS Condition cause : null
2025-05-22 09:30:33,727 [WARN] PackLoader:240 - Cannot read IP mode file for STMicroelectronics.X-CUBE-AZRTOS-WB.2.0.0
2025-05-22 09:30:33,727 [WARN] ConditionMgr:1039 - genDependencies : Invalid condition id : UX DEVICE CLASS RTOS Condition cause : null
2025-05-22 09:30:33,727 [WARN] ConditionMgr:1039 - genDependencies : Invalid condition id : UX DEVICE CLASS RTOS Condition cause : null
2025-05-22 09:30:33,727 [WARN] ConditionMgr:1039 - genDependencies : Invalid condition id : UX DEVICE CLASS RTOS Condition cause : null
2025-05-22 09:30:33,728 [WARN] ConditionMgr:1039 - genDependencies : Invalid condition id : UX DEVICE CLASS RTOS Condition cause : null
2025-05-22 09:30:33,728 [WARN] ConditionMgr:1039 - genDependencies : Invalid condition id : UX DEVICE CLASS RTOS Condition cause : null
2025-05-22 09:30:33,746 [WARN] PackLoader:240 - Cannot read IP mode file for STMicroelectronics.X-CUBE-FREERTOS.1.0.1
2025-05-22 09:30:33,763 [WARN] PackLoader:240 - Cannot read IP mode file for STMicroelectronics.X-CUBE-GNSS1.7.0.1
2025-05-22 09:30:33,781 [WARN] PackLoader:240 - Cannot read IP mode file for STMicroelectronics.X-CUBE-TOUCHGFX.4.25.0
2025-05-22 09:30:33,796 [ERROR] Engine:466 - C:\Users\msi1\.stm32cubemx\thirdparties\pdsc\STMicroelectronics.FP-SNS-STBOX1.2.0.0.pdsc: PDSC version is not supported
2025-05-22 09:30:33,820 [WARN] PackLoader:240 - Cannot read IP mode file for STMicroelectronics.X-CUBE-AZRTOS-L5.1.1.0
2025-05-22 09:30:33,841 [WARN] PackLoader:240 - Cannot read IP mode file for STMicroelectronics.X-CUBE-AI.8.0.1
2025-05-22 09:30:33,872 [WARN] PackLoader:240 - Cannot read IP mode file for STMicroelectronics.X-CUBE-SUBG2.5.0.0
2025-05-22 09:30:33,917 [WARN] PackLoader:240 - Cannot read IP mode file for STMicroelectronics.X-CUBE-AZRTOS-H7RS.1.1.0
2025-05-22 09:30:33,942 [WARN] PackLoader:240 - Cannot read IP mode file for Cesanta.I-CUBE-Mongoose.7.13.0
2025-05-22 09:30:33,973 [WARN] PackLoader:240 - Cannot read IP mode file for STMicroelectronics.X-CUBE-TOF1.3.3.1
2025-05-22 09:30:34,016 [WARN] PackLoader:240 - Cannot read IP mode file for STMicroelectronics.X-CUBE-AZRTOS-G4.2.0.0
2025-05-22 09:30:34,042 [WARN] PackLoader:240 - Cannot read IP mode file for STMicroelectronics.X-CUBE-TOF1.3.3.0
2025-05-22 09:30:34,078 [WARN] PackLoader:240 - Cannot read IP mode file for Infineon.AIROC-Wi-Fi-Bluetooth-STM32.1.5.1
2025-05-22 09:30:34,097 [WARN] PackLoader:240 - Cannot read IP mode file for STMicroelectronics.FP-SNS-MOTENVWB1.1.3.0
2025-05-22 09:30:34,114 [WARN] PackLoader:240 - Cannot read IP mode file for STMicroelectronics.X-CUBE-NFC7.2.0.0
2025-05-22 09:30:34,134 [WARN] PackLoader:240 - Cannot read IP mode file for STMicroelectronics.FP-SNS-MOTENVWB1.1.3.1
2025-05-22 09:30:34,168 [WARN] PackLoader:240 - Cannot read IP mode file for STMicroelectronics.X-CUBE-AZRTOS-L4.1.0.0
2025-05-22 09:30:34,183 [WARN] PackLoader:240 - Cannot read IP mode file for STMicroelectronics.X-CUBE-ISPU.2.0.0
2025-05-22 09:30:34,201 [ERROR] Engine:466 - C:\Users\msi1\.stm32cubemx\thirdparties\pdsc\STMicroelectronics.X-CUBE-IPS.3.1.0.pdsc: PDSC version is not supported
2025-05-22 09:30:34,215 [WARN] PackLoader:240 - Cannot read IP mode file for STMicroelectronics.X-CUBE-ALS.1.0.2
2025-05-22 09:30:34,254 [WARN] PackLoader:240 - Cannot read IP mode file for STMicroelectronics.X-CUBE-MEMS1.10.0.0
2025-05-22 09:30:34,356 [WARN] PackLoader:240 - Cannot read IP mode file for STMicroelectronics.X-CUBE-FREERTOS.1.1.0
2025-05-22 09:30:34,373 [WARN] PackLoader:240 - Cannot read IP mode file for STMicroelectronics.X-CUBE-TOUCHGFX.4.24.0
2025-05-22 09:30:34,398 [WARN] PackLoader:240 - Cannot read IP mode file for STMicroelectronics.X-CUBE-TOUCHGFX.4.24.2
2025-05-22 09:30:34,426 [WARN] PackLoader:240 - Cannot read IP mode file for STMicroelectronics.X-CUBE-AZRTOS-WL.1.0.0
2025-05-22 09:30:34,442 [WARN] PackLoader:240 - Cannot read IP mode file for STMicroelectronics.X-CUBE-TOUCHGFX.4.24.1
2025-05-22 09:30:34,474 [WARN] PackLoader:240 - Cannot read IP mode file for wolfSSL.I-CUBE-wolfTPM.3.4.0
2025-05-22 09:30:34,523 [WARN] PackLoader:240 - Cannot read IP mode file for portGmbH.I-Cube-SoM-uGOAL.1.1.0
2025-05-22 09:30:34,547 [WARN] PackLoader:240 - Cannot read IP mode file for STMicroelectronics.X-CUBE-ALS.1.0.1
2025-05-22 09:30:34,589 [WARN] PackLoader:240 - Cannot read IP mode file for STMicroelectronics.X-CUBE-AZRTOS-WB.1.1.0
2025-05-22 09:30:34,644 [WARN] PackLoader:240 - Cannot read IP mode file for STMicroelectronics.X-CUBE-AZRTOS-H7RS.1.0.0
2025-05-22 09:30:34,676 [WARN] PackLoader:240 - Cannot read IP mode file for STMicroelectronics.FP-ATR-ASTRA1.2.0.0
2025-05-22 09:30:34,706 [ERROR] Engine:466 - C:\Users\msi1\.stm32cubemx\thirdparties\pdsc\STMicroelectronics.X-CUBE-TOF1.3.4.2.pdsc: PDSC version is not supported
2025-05-22 09:30:34,741 [ERROR] Engine:466 - C:\Users\msi1\.stm32cubemx\thirdparties\pdsc\STMicroelectronics.X-CUBE-TOF1.3.4.3.pdsc: PDSC version is not supported
2025-05-22 09:30:34,782 [WARN] PackLoader:240 - Cannot read IP mode file for STMicroelectronics.X-CUBE-TOF1.3.4.0
2025-05-22 09:30:34,830 [WARN] PackLoader:240 - Cannot read IP mode file for STMicroelectronics.X-CUBE-TOF1.3.4.1
2025-05-22 09:30:34,879 [WARN] PackLoader:240 - Cannot read IP mode file for STMicroelectronics.X-CUBE-AZRTOS-H7.3.2.0
2025-05-22 09:30:34,898 [WARN] PackLoader:240 - Cannot read IP mode file for wolfSSL.I-CUBE-wolfSSH.1.4.17
2025-05-22 09:30:34,899 [INFO] ThirdParty:978 - Integrity check success = true
2025-05-22 09:30:34,900 [INFO] IntegrityCheckThread:100 - exiting critical section [integrity check]
2025-05-22 09:30:34,900 [INFO] IntegrityCheckThread:103 - End integrity checks thread
2025-05-22 09:30:50,385 [ERROR] LogOutputStream:75 - [STDERR_REDIRECT] SLF4J: Failed to load class "org.slf4j.impl.StaticLoggerBinder".
2025-05-22 09:30:50,385 [ERROR] LogOutputStream:75 - [STDERR_REDIRECT] SLF4J: Defaulting to no-operation (NOP) logger implementation
2025-05-22 09:30:50,386 [ERROR] LogOutputStream:75 - [STDERR_REDIRECT] SLF4J: See http://www.slf4j.org/codes.html#StaticLoggerBinder for further details.
2025-05-22 11:57:01,855 [INFO] Activator:176 - 


2025-05-22 11:57:01,857 [INFO] Activator:177 - !SESSION log4j initialized
2025-05-22 11:57:07,770 [INFO] LogOutputStream:77 - [STDOUT_REDIRECT] 
2025-05-22 11:57:09,181 [INFO] ApplicationProperties:184 - Using Application install path: D:\ITC\STM32\STM32CubeIDE_1.13.0\STM32CubeIDE\plugins\com.st.stm32cube.common.mx_6.9.0.202307051724
2025-05-22 11:57:09,203 [INFO] DbMcusXml:78 - Set database path to: D:\ITC\STM32\STM32CubeIDE_1.13.0\STM32CubeIDE\plugins\com.st.stm32cube.common.mx_6.9.0.202307051724\\db\/mcu/
2025-05-22 11:57:09,203 [INFO] ApiDb:274 - Set plugin database path to: D:\ITC\STM32\STM32CubeIDE_1.13.0\STM32CubeIDE\plugins\com.st.stm32cube.common.mx_6.9.0.202307051724\\db\/plugins/boardmanager/
2025-05-22 11:57:09,203 [WARN] ApiDb:259 - Overriding images path with different value:  => D:\ITC\STM32\STM32CubeIDE_1.13.0\STM32CubeIDE\plugins\com.st.stm32cube.common.mx_6.9.0.202307051724\\db\/plugins/mcufinder/images/
2025-05-22 11:57:09,216 [INFO] ApiDb:250 - Set database path to: C:\Users\msi1\.stmcufinder\plugins\mcufinder//mcu/
2025-05-22 11:57:09,218 [INFO] DbMcusAds:125 - Set database path to: C:\Users\msi1\.stmcufinder\plugins\mcufinder//mcu/
2025-05-22 11:57:09,221 [INFO] CrossReferenceDbSqlite:203 - Set database path to: C:\Users\msi1\.stmcufinder\plugins\mcufinder//mcu/cs/
2025-05-22 11:57:09,349 [INFO] RulesReader:64 - Compatibility file has been processed (293 Rules)
2025-05-22 11:57:09,447 [INFO] DbMcusXml:78 - Set database path to: D:\ITC\STM32\STM32CubeIDE_1.13.0\STM32CubeIDE\plugins\com.st.stm32cube.common.mx_6.9.0.202307051724\\db\/mcu/
2025-05-22 11:57:09,447 [INFO] ApiDb:274 - Set plugin database path to: D:\ITC\STM32\STM32CubeIDE_1.13.0\STM32CubeIDE\plugins\com.st.stm32cube.common.mx_6.9.0.202307051724\\db\/plugins/boardmanager/
2025-05-22 11:57:09,447 [INFO] ApiDb:261 - Set plugin images path to: D:\ITC\STM32\STM32CubeIDE_1.13.0\STM32CubeIDE\plugins\com.st.stm32cube.common.mx_6.9.0.202307051724\\db\/plugins/mcufinder/images/
2025-05-22 11:57:09,447 [WARN] DbFile:41 - Overriding database path with different value: C:\Users\msi1\.stmcufinder\plugins\mcufinder/ => C:\Users\msi1\.stmcufinder\plugins\mcufinder
2025-05-22 11:57:09,447 [INFO] ApiDb:250 - Set database path to: C:\Users\msi1\.stmcufinder\plugins\mcufinder//mcu/
2025-05-22 11:57:09,447 [WARN] DbFile:41 - Overriding database path with different value: C:\Users\msi1\.stmcufinder\plugins\mcufinder/ => C:\Users\msi1\.stmcufinder\plugins\mcufinder
2025-05-22 11:57:09,448 [INFO] DbMcusAds:125 - Set database path to: C:\Users\msi1\.stmcufinder\plugins\mcufinder//mcu/
2025-05-22 11:57:09,448 [WARN] DbFile:41 - Overriding database path with different value: C:\Users\msi1\.stmcufinder\plugins\mcufinder/ => C:\Users\msi1\.stmcufinder\plugins\mcufinder
2025-05-22 11:57:09,448 [WARN] DbFile:41 - Overriding database path with different value: C:\Users\msi1\.stmcufinder\plugins\mcufinder/ => C:\Users\msi1\.stmcufinder\plugins\mcufinder
2025-05-22 11:57:09,448 [INFO] CrossReferenceDbSqlite:203 - Set database path to: C:\Users\msi1\.stmcufinder\plugins\mcufinder//mcu/cs/
2025-05-22 11:57:09,526 [INFO] MainPanel:262 - HeapMemory: 268435456
2025-05-22 11:57:09,628 [INFO] DbMcusXml:78 - Set database path to: D:\ITC\STM32\STM32CubeIDE_1.13.0\STM32CubeIDE\plugins\com.st.stm32cube.common.mx_6.9.0.202307051724\\db\/mcu/
2025-05-22 11:57:09,628 [INFO] ApiDb:274 - Set plugin database path to: D:\ITC\STM32\STM32CubeIDE_1.13.0\STM32CubeIDE\plugins\com.st.stm32cube.common.mx_6.9.0.202307051724\\db\/plugins/boardmanager/
2025-05-22 11:57:09,628 [INFO] ApiDb:261 - Set plugin images path to: D:\ITC\STM32\STM32CubeIDE_1.13.0\STM32CubeIDE\plugins\com.st.stm32cube.common.mx_6.9.0.202307051724\\db\/plugins/mcufinder/images/
2025-05-22 11:57:09,628 [WARN] DbFile:41 - Overriding database path with different value: C:\Users\msi1\.stmcufinder\plugins\mcufinder/ => C:\Users\msi1\.stmcufinder\plugins\mcufinder
2025-05-22 11:57:09,628 [INFO] ApiDb:250 - Set database path to: C:\Users\msi1\.stmcufinder\plugins\mcufinder//mcu/
2025-05-22 11:57:09,628 [WARN] DbFile:41 - Overriding database path with different value: C:\Users\msi1\.stmcufinder\plugins\mcufinder/ => C:\Users\msi1\.stmcufinder\plugins\mcufinder
2025-05-22 11:57:09,628 [INFO] DbMcusAds:125 - Set database path to: C:\Users\msi1\.stmcufinder\plugins\mcufinder//mcu/
2025-05-22 11:57:09,628 [WARN] DbFile:41 - Overriding database path with different value: C:\Users\msi1\.stmcufinder\plugins\mcufinder/ => C:\Users\msi1\.stmcufinder\plugins\mcufinder
2025-05-22 11:57:09,628 [WARN] DbFile:41 - Overriding database path with different value: C:\Users\msi1\.stmcufinder\plugins\mcufinder/ => C:\Users\msi1\.stmcufinder\plugins\mcufinder
2025-05-22 11:57:09,630 [INFO] CrossReferenceDbSqlite:203 - Set database path to: C:\Users\msi1\.stmcufinder\plugins\mcufinder//mcu/cs/
2025-05-22 11:57:09,648 [INFO] ApplicationProperties:184 - Using Application install path: D:\ITC\STM32\STM32CubeIDE_1.13.0\STM32CubeIDE\plugins\com.st.stm32cube.common.mx_6.9.0.202307051724
2025-05-22 11:57:09,648 [INFO] PluginManage:196 - Search for loadable plugins [exclusion list=, ]
2025-05-22 11:57:09,649 [INFO] PluginManage:310 - Check plugin analytics
2025-05-22 11:57:09,802 [INFO] AnalyticsPlugin:253 - Accepted Software Licenses: 
2025-05-22 11:57:09,803 [INFO] AnalyticsPlugin:255 - Accepted CMSIS Pack Licenses: 
2025-05-22 11:57:09,803 [INFO] AnalyticsPlugin:257 - Accepted Firmware Licenses: FW.F4.1.27.0
2025-05-22 11:57:09,807 [INFO] PluginManage:359 - Loaded plugin analytics (category:tool,tabindex:-1)
2025-05-22 11:57:09,808 [INFO] PluginManage:310 - Check plugin cadmodel
2025-05-22 11:57:09,812 [INFO] CADModel:105 - Init CAD model plugin
2025-05-22 11:57:09,812 [INFO] PluginManage:359 - Loaded plugin cadmodel (category:power,tabindex:5)
2025-05-22 11:57:09,813 [INFO] PluginManage:310 - Check plugin clock
2025-05-22 11:57:09,824 [INFO] PluginManage:359 - Loaded plugin clock (category:base,tabindex:2)
2025-05-22 11:57:09,824 [INFO] PluginManage:310 - Check plugin ddr
2025-05-22 11:57:09,826 [INFO] PluginManage:359 - Loaded plugin ddr (category:tool,tabindex:6)
2025-05-22 11:57:09,827 [INFO] PluginManage:310 - Check plugin filemanager
2025-05-22 11:57:09,947 [INFO] PluginManage:359 - Loaded plugin filemanager (category:base,tabindex:10)
2025-05-22 11:57:09,947 [INFO] PluginManage:310 - Check plugin ipmanager
2025-05-22 11:57:09,955 [INFO] PluginManage:359 - Loaded plugin ipmanager (category:base,tabindex:5)
2025-05-22 11:57:09,955 [INFO] PluginManage:310 - Check plugin lpbam
2025-05-22 11:57:09,962 [INFO] PluginManage:359 - Loaded plugin lpbam (category:base,tabindex:0)
2025-05-22 11:57:09,962 [INFO] PluginManage:310 - Check plugin memorymap
2025-05-22 11:57:09,978 [INFO] PluginManage:359 - Loaded plugin memorymap (category:base,tabindex:4)
2025-05-22 11:57:09,978 [INFO] PluginManage:310 - Check plugin pinoutandconfiguration
2025-05-22 11:57:09,985 [INFO] PluginManage:359 - Loaded plugin pinoutandconfiguration (category:base,tabindex:1)
2025-05-22 11:57:09,985 [INFO] PluginManage:310 - Check plugin pinoutconfig
2025-05-22 11:57:10,074 [WARN] SupportedApi:132 - Cannot load RTOS API schema: s4s-elt-must-match.1: The content of 'definitions' must match (annotation?, (simpleType | complexType)?, (unique | key | keyref)*)). A problem was found starting at: attribute.
2025-05-22 11:57:10,208 [INFO] PluginManage:359 - Loaded plugin pinoutconfig (category:base,tabindex:0)
2025-05-22 11:57:10,208 [INFO] PluginManage:310 - Check plugin power
2025-05-22 11:57:10,224 [INFO] PluginManage:359 - Loaded plugin power (category:power,tabindex:4)
2025-05-22 11:57:10,224 [INFO] PluginManage:310 - Check plugin projectmanager
2025-05-22 11:57:10,237 [INFO] PluginManage:359 - Loaded plugin projectmanager (category:projectmanager,tabindex:3)
2025-05-22 11:57:10,237 [INFO] PluginManage:310 - Check plugin thirdparty
2025-05-22 11:57:10,371 [WARN] IntegrityCheckThread:84 - waiting for thirdparty lock release [integrity check]
2025-05-22 11:57:10,371 [INFO] IntegrityCheckThread:86 - entering critical section [integrity check]
2025-05-22 11:57:10,371 [INFO] PluginManage:359 - Loaded plugin thirdparty (category:base,tabindex:-1)
2025-05-22 11:57:10,372 [INFO] PluginManage:310 - Check plugin tools
2025-05-22 11:57:10,372 [INFO] ThirdPartyUpdaterWithRetryManager:70 - Updater plugin not ready yet. [1/15]
2025-05-22 11:57:10,375 [INFO] PluginManage:359 - Loaded plugin tools (category:base,tabindex:7)
2025-05-22 11:57:10,375 [INFO] PluginManage:310 - Check plugin tutovideos
2025-05-22 11:57:10,570 [INFO] PluginManage:359 - Loaded plugin tutovideos (category:base,tabindex:-1)
2025-05-22 11:57:10,570 [INFO] PluginManage:310 - Check plugin updater
2025-05-22 11:57:10,583 [INFO] PluginManage:359 - Loaded plugin updater (category:base,tabindex:12)
2025-05-22 11:57:10,584 [INFO] PluginManage:310 - Check plugin userauth
2025-05-22 11:57:10,590 [INFO] UserAuth:113 - Init User Auth plugin
2025-05-22 11:57:10,591 [INFO] PluginManage:359 - Loaded plugin userauth (category:base,tabindex:14)
2025-05-22 11:57:10,591 [INFO] PluginManage:283 - PluginManage : Loaded plugins [17]
2025-05-22 11:57:10,804 [INFO] PinOutPanel:1499 - setPackage(No Configuration,No Configuration)
2025-05-22 11:57:10,910 [INFO] CADModel:165 - CPN selected for project level
2025-05-22 11:57:10,910 [INFO] CADModel:114 - Register for checkConnection events
2025-05-22 11:57:10,926 [INFO] IPUIPlugin:80 - create IPUIPlugin
2025-05-22 11:57:10,926 [INFO] PluginManager:220 - loadIPPluginJar : add adc
2025-05-22 11:57:10,927 [INFO] IPUIPlugin:80 - create IPUIPlugin
2025-05-22 11:57:10,927 [INFO] PluginManager:220 - loadIPPluginJar : add aes
2025-05-22 11:57:10,929 [INFO] IPUIPlugin:80 - create IPUIPlugin
2025-05-22 11:57:10,929 [INFO] PluginManager:220 - loadIPPluginJar : add can
2025-05-22 11:57:10,931 [INFO] IPUIPlugin:80 - create IPUIPlugin
2025-05-22 11:57:10,931 [INFO] PluginManager:220 - loadIPPluginJar : add comp
2025-05-22 11:57:10,932 [INFO] IPUIPlugin:80 - create IPUIPlugin
2025-05-22 11:57:10,932 [INFO] PluginManager:220 - loadIPPluginJar : add cryp
2025-05-22 11:57:10,934 [INFO] IPUIPlugin:80 - create IPUIPlugin
2025-05-22 11:57:10,934 [INFO] PluginManager:220 - loadIPPluginJar : add dfsdm
2025-05-22 11:57:10,938 [INFO] IPUIPlugin:80 - create IPUIPlugin
2025-05-22 11:57:10,938 [INFO] PluginManager:220 - loadIPPluginJar : add dma
2025-05-22 11:57:10,942 [INFO] IPUIPlugin:80 - create IPUIPlugin
2025-05-22 11:57:10,942 [INFO] PluginManager:220 - loadIPPluginJar : add dma3
2025-05-22 11:57:10,943 [INFO] IPUIPlugin:80 - create IPUIPlugin
2025-05-22 11:57:10,943 [INFO] PluginManager:220 - loadIPPluginJar : add fatfs
2025-05-22 11:57:10,947 [INFO] IPUIPlugin:80 - create IPUIPlugin
2025-05-22 11:57:10,947 [INFO] PluginManager:220 - loadIPPluginJar : add fmc
2025-05-22 11:57:10,951 [INFO] IPUIPlugin:80 - create IPUIPlugin
2025-05-22 11:57:10,951 [INFO] PluginManager:220 - loadIPPluginJar : add freertos
2025-05-22 11:57:10,953 [INFO] IPUIPlugin:80 - create IPUIPlugin
2025-05-22 11:57:10,953 [INFO] PluginManager:220 - loadIPPluginJar : add genericplugin
2025-05-22 11:57:10,955 [INFO] IPUIPlugin:80 - create IPUIPlugin
2025-05-22 11:57:10,955 [INFO] PluginManager:220 - loadIPPluginJar : add gfxmmu
2025-05-22 11:57:10,960 [INFO] IPUIPlugin:80 - create IPUIPlugin
2025-05-22 11:57:10,960 [INFO] PluginManager:220 - loadIPPluginJar : add gic
2025-05-22 11:57:10,963 [INFO] IPUIPlugin:80 - create IPUIPlugin
2025-05-22 11:57:10,963 [INFO] PluginManager:220 - loadIPPluginJar : add gpio
2025-05-22 11:57:10,965 [INFO] IPUIPlugin:80 - create IPUIPlugin
2025-05-22 11:57:10,965 [INFO] PluginManager:220 - loadIPPluginJar : add gtzc
2025-05-22 11:57:10,967 [INFO] IPUIPlugin:80 - create IPUIPlugin
2025-05-22 11:57:10,967 [INFO] PluginManager:220 - loadIPPluginJar : add hash
2025-05-22 11:57:10,969 [INFO] IPUIPlugin:80 - create IPUIPlugin
2025-05-22 11:57:10,969 [INFO] PluginManager:220 - loadIPPluginJar : add i2c
2025-05-22 11:57:10,970 [INFO] IPUIPlugin:80 - create IPUIPlugin
2025-05-22 11:57:10,970 [INFO] PluginManager:220 - loadIPPluginJar : add i2s
2025-05-22 11:57:10,974 [INFO] IPUIPlugin:80 - create IPUIPlugin
2025-05-22 11:57:10,975 [INFO] PluginManager:220 - loadIPPluginJar : add i3c
2025-05-22 11:57:10,977 [INFO] IPUIPlugin:80 - create IPUIPlugin
2025-05-22 11:57:10,978 [INFO] PluginManager:220 - loadIPPluginJar : add ipddr
2025-05-22 11:57:11,004 [INFO] IPUIPlugin:80 - create IPUIPlugin
2025-05-22 11:57:11,004 [INFO] PluginManager:220 - loadIPPluginJar : add linkedlist
2025-05-22 11:57:11,008 [INFO] IPUIPlugin:80 - create IPUIPlugin
2025-05-22 11:57:11,008 [INFO] PluginManager:220 - loadIPPluginJar : add lorawan
2025-05-22 11:57:11,010 [INFO] IPUIPlugin:80 - create IPUIPlugin
2025-05-22 11:57:11,010 [INFO] PluginManager:220 - loadIPPluginJar : add ltdc
2025-05-22 11:57:11,029 [INFO] IPUIPlugin:80 - create IPUIPlugin
2025-05-22 11:57:11,029 [INFO] PluginManager:220 - loadIPPluginJar : add mdma
2025-05-22 11:57:11,034 [INFO] IPUIPlugin:80 - create IPUIPlugin
2025-05-22 11:57:11,034 [INFO] PluginManager:220 - loadIPPluginJar : add nvic
2025-05-22 11:57:11,037 [INFO] IPUIPlugin:80 - create IPUIPlugin
2025-05-22 11:57:11,038 [INFO] PluginManager:220 - loadIPPluginJar : add opamp
2025-05-22 11:57:11,042 [INFO] IPUIPlugin:80 - create IPUIPlugin
2025-05-22 11:57:11,042 [INFO] PluginManager:220 - loadIPPluginJar : add openamp
2025-05-22 11:57:11,046 [INFO] IPUIPlugin:80 - create IPUIPlugin
2025-05-22 11:57:11,047 [INFO] PluginManager:220 - loadIPPluginJar : add pdm2pcm
2025-05-22 11:57:11,055 [INFO] IPUIPlugin:80 - create IPUIPlugin
2025-05-22 11:57:11,058 [INFO] PluginManager:220 - loadIPPluginJar : add plateformsettings
2025-05-22 11:57:11,060 [INFO] IPUIPlugin:80 - create IPUIPlugin
2025-05-22 11:57:11,060 [INFO] PluginManager:220 - loadIPPluginJar : add quadspi
2025-05-22 11:57:11,066 [INFO] IPUIPlugin:80 - create IPUIPlugin
2025-05-22 11:57:11,066 [INFO] PluginManager:220 - loadIPPluginJar : add resmgrutility
2025-05-22 11:57:11,071 [INFO] IPUIPlugin:80 - create IPUIPlugin
2025-05-22 11:57:11,071 [INFO] PluginManager:220 - loadIPPluginJar : add sai
2025-05-22 11:57:11,074 [INFO] IPUIPlugin:80 - create IPUIPlugin
2025-05-22 11:57:11,074 [INFO] PluginManager:220 - loadIPPluginJar : add spi
2025-05-22 11:57:11,080 [INFO] IPUIPlugin:80 - create IPUIPlugin
2025-05-22 11:57:11,080 [INFO] PluginManager:220 - loadIPPluginJar : add stm32_wpan
2025-05-22 11:57:11,083 [INFO] IPUIPlugin:80 - create IPUIPlugin
2025-05-22 11:57:11,083 [INFO] PluginManager:220 - loadIPPluginJar : add tim
2025-05-22 11:57:11,088 [INFO] IPUIPlugin:80 - create IPUIPlugin
2025-05-22 11:57:11,088 [INFO] PluginManager:220 - loadIPPluginJar : add touchsensing
2025-05-22 11:57:11,092 [INFO] IPUIPlugin:80 - create IPUIPlugin
2025-05-22 11:57:11,093 [INFO] PluginManager:220 - loadIPPluginJar : add tracer_emb
2025-05-22 11:57:11,094 [INFO] IPUIPlugin:80 - create IPUIPlugin
2025-05-22 11:57:11,095 [INFO] PluginManager:220 - loadIPPluginJar : add ts
2025-05-22 11:57:11,098 [INFO] IPUIPlugin:80 - create IPUIPlugin
2025-05-22 11:57:11,098 [INFO] PluginManager:220 - loadIPPluginJar : add tsc
2025-05-22 11:57:11,101 [INFO] IPUIPlugin:80 - create IPUIPlugin
2025-05-22 11:57:11,101 [INFO] PluginManager:220 - loadIPPluginJar : add ucpd
2025-05-22 11:57:11,104 [INFO] IPUIPlugin:80 - create IPUIPlugin
2025-05-22 11:57:11,104 [INFO] PluginManager:220 - loadIPPluginJar : add usart
2025-05-22 11:57:11,108 [INFO] IPUIPlugin:80 - create IPUIPlugin
2025-05-22 11:57:11,110 [INFO] PluginManager:220 - loadIPPluginJar : add usbx
2025-05-22 11:57:11,253 [INFO] CADModel:165 - CPN selected for project level
2025-05-22 11:57:11,253 [INFO] CADModel:114 - Register for checkConnection events
2025-05-22 11:57:11,253 [FATAL] Updater:308 - Updater called before beeing initialized
2025-05-22 11:57:11,253 [ERROR] CADModel:125 - Updater not yet initialized, retry later 
2025-05-22 11:57:11,394 [INFO] CADModel:165 - CPN selected for project level
2025-05-22 11:57:11,394 [INFO] CADModel:114 - Register for checkConnection events
2025-05-22 11:57:11,394 [FATAL] Updater:308 - Updater called before beeing initialized
2025-05-22 11:57:11,394 [ERROR] CADModel:125 - Updater not yet initialized, retry later 
2025-05-22 11:57:11,397 [FATAL] Updater:308 - Updater called before beeing initialized
2025-05-22 11:57:11,513 [FATAL] Updater:308 - Updater called before beeing initialized
2025-05-22 11:57:11,519 [INFO] DbMcusAds:53 - JSON generation date=Wed May 07 16:07:55 ICT 2025 (1746608875679)
2025-05-22 11:57:11,519 [FATAL] Updater:308 - Updater called before beeing initialized
2025-05-22 11:57:11,563 [WARN] DetailPanel:346 - Failed to get advertising image, set to default
2025-05-22 11:57:11,648 [FATAL] Updater:308 - Updater called before beeing initialized
2025-05-22 11:57:11,651 [FATAL] Updater:308 - Updater called before beeing initialized
2025-05-22 11:57:11,651 [FATAL] Updater:308 - Updater called before beeing initialized
2025-05-22 11:57:11,651 [WARN] DetailPanel:346 - Failed to get advertising image, set to default
2025-05-22 11:57:11,652 [FATAL] Updater:308 - Updater called before beeing initialized
2025-05-22 11:57:11,691 [ERROR] Updater:1120 - MainUpdater not yet initialized. External WinMGr cannot be set.
2025-05-22 11:57:11,693 [INFO] Updater:1056 - Updater Version found : 6.9.0
2025-05-22 11:57:11,712 [INFO] ApplicationProperties:184 - Using Application install path: D:\ITC\STM32\STM32CubeIDE_1.13.0\STM32CubeIDE\plugins\com.st.stm32cube.common.mx_6.9.0.202307051724
2025-05-22 11:57:12,501 [INFO] McuFinderGlobals:63 - Set McuFinder mode to 2 (CubeIDE integrated)
2025-05-22 11:57:12,919 [INFO] MainUpdater:2868 - connection check result : 10
2025-05-22 11:57:12,920 [INFO] MainUpdater:285 - Updater Check For Update Now.
2025-05-22 11:57:12,920 [INFO] MicroXplorer:498 - Change Database Version : DB.6.0.90
2025-05-22 11:57:12,931 [INFO] McuFinderGlobals:63 - Set McuFinder mode to 2 (CubeIDE integrated)
2025-05-22 11:57:13,116 [INFO] CheckServerUpdateThread:120 - End of CheckServer Thread
2025-05-22 11:57:13,158 [INFO] MainUpdater:2868 - connection check result : 10
2025-05-22 11:57:13,171 [INFO] MainUpdater:2868 - connection check result : 10
2025-05-22 11:57:13,488 [INFO] MicroXplorer:468 - Change Database Path : 
2025-05-22 11:57:13,489 [INFO] MicroXplorer:498 - Change Database Version : DB.6.0.90
2025-05-22 11:57:13,493 [WARN] ThirdParty:871 - waiting for thirdparty lock release [close project]
2025-05-22 11:57:13,698 [WARN] PackLoader:240 - Cannot read IP mode file for STMicroelectronics.FP-SNS-MOTENVWB1.1.4.0
2025-05-22 11:57:13,721 [WARN] PackLoader:240 - Cannot read IP mode file for STMicroelectronics.FP-ATR-ASTRA1.2.0.2
2025-05-22 11:57:13,727 [WARN] PackLoader:240 - Cannot read IP mode file for STMicroelectronics.FP-ATR-ASTRA1.2.0.1
2025-05-22 11:57:13,741 [WARN] PackLoader:240 - Cannot read IP mode file for STMicroelectronics.X-CUBE-SMBUS.2.1.0
2025-05-22 11:57:13,756 [WARN] PackLoader:240 - Cannot read IP mode file for STMicroelectronics.X-CUBE-WB05N.1.1.0
2025-05-22 11:57:13,777 [WARN] PackLoader:240 - Cannot read IP mode file for STMicroelectronics.X-CUBE-TOUCHGFX.4.23.0
2025-05-22 11:57:13,783 [WARN] PackLoader:240 - Cannot read IP mode file for STMicroelectronics.X-CUBE-TOUCHGFX.4.23.2
2025-05-22 11:57:13,827 [WARN] PackLoader:240 - Cannot read IP mode file for STMicroelectronics.X-CUBE-AZRTOS-F7.1.1.0
2025-05-22 11:57:13,839 [ERROR] RealEvaluatedCondition:428 - Found unsupported composite condition: GROUP='STM32_MetaDataManager' CLASS='Data Exchange'
2025-05-22 11:57:13,840 [ERROR] RealEvaluatedCondition:428 - Found unsupported composite condition: GROUP='STM32_MetaDataManager' CLASS='Data Exchange'
2025-05-22 11:57:13,842 [WARN] PackLoader:240 - Cannot read IP mode file for STMicroelectronics.FP-SNS-MOTENV1.4.3.0
2025-05-22 11:57:13,853 [WARN] PackLoader:240 - Cannot read IP mode file for STMicroelectronics.FP-SNS-MOTENV1.4.3.2
2025-05-22 11:57:13,878 [WARN] PackLoader:240 - Cannot read IP mode file for STMicroelectronics.FP-SNS-FLIGHT1.5.0.0
2025-05-22 11:57:13,889 [WARN] PackLoader:240 - Cannot read IP mode file for STMicroelectronics.X-CUBE-BLE1.6.2.4
2025-05-22 11:57:13,903 [WARN] PackLoader:240 - Cannot read IP mode file for STMicroelectronics.FP-SNS-FLIGHT1.5.0.2
2025-05-22 11:57:13,919 [ERROR] Engine:466 - C:\Users\msi1\.stm32cubemx\thirdparties\pdsc\Infineon.AIROC-Wi-Fi-Bluetooth-STM32.1.7.0.pdsc: PDSC version is not supported
2025-05-22 11:57:13,930 [WARN] PackLoader:240 - Cannot read IP mode file for STMicroelectronics.X-CUBE-DISPLAY.3.0.0
2025-05-22 11:57:13,965 [WARN] PackLoader:240 - Cannot read IP mode file for STMicroelectronics.X-CUBE-BLE1.7.0.0
2025-05-22 11:57:13,979 [WARN] PackLoader:240 - Cannot read IP mode file for STMicroelectronics.X-CUBE-NFC10.1.0.0
2025-05-22 11:57:13,992 [ERROR] Engine:466 - C:\Users\msi1\.stm32cubemx\thirdparties\pdsc\STMicroelectronics.X-CUBE-BLEMGR.4.0.0.pdsc: PDSC version is not supported
2025-05-22 11:57:14,014 [WARN] PackLoader:240 - Cannot read IP mode file for emotas.I-CUBE-CANOPEN.1.3.0
2025-05-22 11:57:14,021 [WARN] PackLoader:240 - Cannot read IP mode file for STMicroelectronics.X-CUBE-TOUCHGFX.4.22.0
2025-05-22 11:57:14,026 [WARN] PackLoader:240 - Cannot read IP mode file for STMicroelectronics.X-CUBE-TOUCHGFX.4.22.1
2025-05-22 11:57:14,042 [WARN] PackLoader:240 - Cannot read IP mode file for STMicroelectronics.X-CUBE-BLEMGR.3.1.0
2025-05-22 11:57:14,056 [WARN] PackLoader:240 - Cannot read IP mode file for STMicroelectronics.X-CUBE-AI.10.0.0
2025-05-22 11:57:14,068 [WARN] PackLoader:240 - Cannot read IP mode file for STMicroelectronics.FP-SNS-SMARTAG2.1.2.0
2025-05-22 11:57:14,075 [ERROR] Engine:466 - C:\Users\msi1\.stm32cubemx\thirdparties\pdsc\STMicroelectronics.FP-SNS-FLIGHT1.5.1.0.pdsc: PDSC version is not supported
2025-05-22 11:57:14,170 [WARN] PackLoader:240 - Cannot read IP mode file for STMicroelectronics.X-CUBE-MEMS1.11.1.0
2025-05-22 11:57:14,356 [INFO] LogOutputStream:77 - [STDOUT_REDIRECT] 1 : Invalid condition id : UX_CORESTACK_Condition cause : null
2025-05-22 11:57:14,357 [INFO] LogOutputStream:77 - [STDOUT_REDIRECT] 1 : Invalid condition id : UX_CORESTACK_Condition cause : null
2025-05-22 11:57:14,358 [INFO] LogOutputStream:77 - [STDOUT_REDIRECT] 1 : Invalid condition id : UX_CORESTACK_Condition cause : null
2025-05-22 11:57:14,359 [INFO] LogOutputStream:77 - [STDOUT_REDIRECT] 1 : Invalid condition id : UX_CORESTACK_Condition cause : null
2025-05-22 11:57:14,360 [INFO] LogOutputStream:77 - [STDOUT_REDIRECT] 1 : Invalid condition id : UX_CORESTACK_Condition cause : null
2025-05-22 11:57:14,362 [WARN] PackLoader:240 - Cannot read IP mode file for STMicroelectronics.X-CUBE-AZRTOS-WL.2.0.0
2025-05-22 11:57:14,368 [WARN] PackLoader:240 - Cannot read IP mode file for STMicroelectronics.FP-SNS-MOTENV1.5.0.0
2025-05-22 11:57:14,374 [WARN] PackLoader:240 - Cannot read IP mode file for wolfSSL.I-CUBE-wolfMQTT.1.19.0
2025-05-22 11:57:14,382 [WARN] PackLoader:240 - Cannot read IP mode file for WES.I-CUBE-Cesium.1.3.0
2025-05-22 11:57:14,387 [WARN] PackLoader:240 - Cannot read IP mode file for STMicroelectronics.X-CUBE-BLE2.3.3.0
2025-05-22 11:57:14,394 [WARN] PackLoader:240 - Cannot read IP mode file for STMicroelectronics.X-CUBE-NFC9.1.0.0
2025-05-22 11:57:14,400 [WARN] PackLoader:240 - Cannot read IP mode file for STMicroelectronics.X-CUBE-BLE1.7.1.0
2025-05-22 11:57:14,405 [WARN] PackLoader:240 - Cannot read IP mode file for STMicroelectronics.X-CUBE-TCPP.4.1.0
2025-05-22 11:57:14,410 [WARN] PackLoader:240 - Cannot read IP mode file for STMicroelectronics.X-CUBE-TOUCHGFX.4.21.4
2025-05-22 11:57:14,415 [WARN] PackLoader:240 - Cannot read IP mode file for STMicroelectronics.X-CUBE-ALGOBUILD.1.3.0
2025-05-22 11:57:14,460 [WARN] PackLoader:240 - Cannot read IP mode file for STMicroelectronics.X-CUBE-MEMS1.11.2.0
2025-05-22 11:57:14,600 [WARN] PackLoader:240 - Cannot read IP mode file for STMicroelectronics.X-CUBE-AZRTOS-G0.1.1.0
2025-05-22 11:57:14,607 [WARN] PackLoader:240 - Cannot read IP mode file for STMicroelectronics.X-CUBE-SAFEA1.1.2.2
2025-05-22 11:57:14,614 [WARN] PackLoader:240 - Cannot read IP mode file for STMicroelectronics.X-CUBE-NFC4.3.0.0
2025-05-22 11:57:14,618 [WARN] PackLoader:240 - Cannot read IP mode file for wolfSSL.I-CUBE-wolfMQTT.1.18.0
2025-05-22 11:57:14,622 [ERROR] Engine:466 - C:\Users\msi1\.stm32cubemx\thirdparties\pdsc\EmbeddedOffice.I-CUBE-FS-RTOS.1.0.1.pdsc: PDSC version is not supported
2025-05-22 11:57:14,626 [WARN] PackLoader:240 - Cannot read IP mode file for STMicroelectronics.X-CUBE-WB05N.2.0.0
2025-05-22 11:57:14,634 [WARN] PackLoader:240 - Cannot read IP mode file for STMicroelectronics.X-CUBE-BLEMGR.3.0.0
2025-05-22 11:57:14,640 [ERROR] Engine:466 - C:\Users\msi1\.stm32cubemx\thirdparties\pdsc\STMicroelectronics.X-CUBE-TCPP.4.2.0.pdsc: PDSC version is not supported
2025-05-22 11:57:14,642 [ERROR] Engine:466 - C:\Users\msi1\.stm32cubemx\thirdparties\pdsc\RealThread.X-CUBE-RT-Thread_Nano.4.1.1.pdsc: PDSC version is not supported
2025-05-22 11:57:14,646 [WARN] PackLoader:240 - Cannot read IP mode file for STMicroelectronics.FP-ATR-SIGFOX1.3.2.0
2025-05-22 11:57:14,649 [ERROR] Engine:466 - C:\Users\msi1\.stm32cubemx\thirdparties\pdsc\quantropi.X-CUBE-qispace-sdk-base.1.9.3.pdsc: PDSC version is not supported
2025-05-22 11:57:14,653 [WARN] PackLoader:240 - Cannot read IP mode file for STMicroelectronics.X-CUBE-EEPRMA1.5.1.0
2025-05-22 11:57:14,658 [WARN] PackLoader:240 - Cannot read IP mode file for wolfSSL.I-CUBE-wolfSSL.5.7.6
2025-05-22 11:57:14,666 [WARN] PackLoader:240 - Cannot read IP mode file for ITTIA_DB.I-CUBE-ITTIADB.8.9.0
2025-05-22 11:57:14,688 [WARN] PackLoader:240 - Cannot read IP mode file for SEGGER.I-CUBE-embOS.1.3.1
2025-05-22 11:57:14,723 [WARN] PackLoader:240 - Cannot read IP mode file for STMicroelectronics.X-CUBE-ALGOBUILD.1.4.0
2025-05-22 11:57:14,727 [WARN] PackLoader:240 - Cannot read IP mode file for STMicroelectronics.X-CUBE-AI.9.1.0
2025-05-22 11:57:14,733 [WARN] PackLoader:240 - Cannot read IP mode file for STMicroelectronics.X-CUBE-GNSS1.6.0.0
2025-05-22 11:57:14,747 [WARN] PackLoader:240 - Cannot read IP mode file for STMicroelectronics.X-CUBE-AZRTOS-F4.1.1.0
2025-05-22 11:57:14,751 [ERROR] Engine:466 - C:\Users\msi1\.stm32cubemx\thirdparties\pdsc\Avnet-IotConnect.X-CUBE-IoTC-DA16k-PMOD.1.0.0.pdsc: PDSC version is not supported
2025-05-22 11:57:14,754 [WARN] PackLoader:240 - Cannot read IP mode file for wolfSSL.I-CUBE-wolfSSL.5.6.0
2025-05-22 11:57:14,758 [WARN] PackLoader:240 - Cannot read IP mode file for STMicroelectronics.X-CUBE-ISPU.2.1.0
2025-05-22 11:57:14,764 [WARN] PackLoader:240 - Cannot read IP mode file for STMicroelectronics.X-CUBE-FREERTOS.1.2.0
2025-05-22 11:57:14,779 [WARN] PackLoader:240 - Cannot read IP mode file for STMicroelectronics.X-CUBE-AZRTOS-L5.2.0.0
2025-05-22 11:57:14,826 [WARN] PackLoader:240 - Cannot read IP mode file for STMicroelectronics.X-CUBE-MEMS1.9.6.0
2025-05-22 11:57:14,941 [WARN] PackLoader:240 - Cannot read IP mode file for STMicroelectronics.X-CUBE-EEPRMA1.4.2.0
2025-05-22 11:57:14,948 [WARN] PackLoader:240 - Cannot read IP mode file for STMicroelectronics.X-CUBE-NFC6.3.1.0
2025-05-22 11:57:14,953 [WARN] PackLoader:240 - Cannot read IP mode file for ITTIA_DB.I-CUBE-ITTIADB.8.8.0
2025-05-22 11:57:14,959 [WARN] PackLoader:240 - Cannot read IP mode file for emotas.I-CUBE-CANOPEN.1.1.3
2025-05-22 11:57:14,964 [WARN] PackLoader:240 - Cannot read IP mode file for STMicroelectronics.X-CUBE-BLEMGR.2.0.0
2025-05-22 11:57:14,968 [ERROR] Engine:466 - C:\Users\msi1\.stm32cubemx\thirdparties\pdsc\STMicroelectronics.X-CUBE-DPower.1.2.0.pdsc: PDSC version is not supported
2025-05-22 11:57:14,971 [WARN] PackLoader:240 - Cannot read IP mode file for STMicroelectronics.X-CUBE-AI.9.0.0
2025-05-22 11:57:14,986 [WARN] ConditionMgr:438 - getConditionDescription Invalid condition id : UX DEVICE CLASS RTOS Condition cause : null
2025-05-22 11:57:14,987 [WARN] ConditionMgr:438 - getConditionDescription Invalid condition id : UX DEVICE CLASS RTOS Condition cause : null
2025-05-22 11:57:14,988 [WARN] PackLoader:240 - Cannot read IP mode file for STMicroelectronics.X-CUBE-AZRTOS-H7.3.1.0
2025-05-22 11:57:14,990 [WARN] ConditionMgr:1039 - genDependencies : Invalid condition id : UX DEVICE CLASS RTOS Condition cause : null
2025-05-22 11:57:14,990 [WARN] ConditionMgr:1039 - genDependencies : Invalid condition id : UX DEVICE CLASS RTOS Condition cause : null
2025-05-22 11:57:14,991 [WARN] ConditionMgr:1039 - genDependencies : Invalid condition id : UX DEVICE CLASS RTOS Condition cause : null
2025-05-22 11:57:14,991 [WARN] ConditionMgr:1039 - genDependencies : Invalid condition id : UX DEVICE CLASS RTOS Condition cause : null
2025-05-22 11:57:14,991 [WARN] ConditionMgr:1039 - genDependencies : Invalid condition id : UX DEVICE CLASS RTOS Condition cause : null
2025-05-22 11:57:15,000 [WARN] PackLoader:240 - Cannot read IP mode file for STMicroelectronics.X-CUBE-FREERTOS.1.3.1
2025-05-22 11:57:15,004 [WARN] PackLoader:240 - Cannot read IP mode file for STMicroelectronics.X-CUBE-FREERTOS.1.3.0
2025-05-22 11:57:15,010 [WARN] PackLoader:240 - Cannot read IP mode file for STMicroelectronics.X-CUBE-NFC7.1.0.1
2025-05-22 11:57:15,014 [WARN] PackLoader:240 - Cannot read IP mode file for STMicroelectronics.X-CUBE-NFC7.1.0.0
2025-05-22 11:57:15,018 [WARN] PackLoader:240 - Cannot read IP mode file for wolfSSL.I-CUBE-wolfTPM.3.2.0
2025-05-22 11:57:15,023 [WARN] PackLoader:240 - Cannot read IP mode file for STMicroelectronics.X-CUBE-NFC6.3.0.0
2025-05-22 11:57:15,028 [WARN] PackLoader:240 - Cannot read IP mode file for STMicroelectronics.X-CUBE-EEPRMA1.4.1.0
2025-05-22 11:57:15,032 [ERROR] Engine:466 - C:\Users\msi1\.stm32cubemx\thirdparties\pdsc\STMicroelectronics.X-CUBE-DPower.1.3.0.pdsc: PDSC version is not supported
2025-05-22 11:57:15,035 [WARN] PackLoader:240 - Cannot read IP mode file for STMicroelectronics.X-CUBE-AI.8.1.0
2025-05-22 11:57:15,047 [WARN] ConditionMgr:438 - getConditionDescription Invalid condition id : LAN8742 Phy interface Condition cause : null
2025-05-22 11:57:15,047 [WARN] PackLoader:240 - Cannot read IP mode file for STMicroelectronics.X-CUBE-AZRTOS-L4.2.0.0
2025-05-22 11:57:15,048 [WARN] ConditionMgr:1039 - genDependencies : Invalid condition id : LAN8742 Phy interface Condition cause : null
2025-05-22 11:57:15,049 [WARN] ConditionMgr:1039 - genDependencies : Invalid condition id : LAN8742 Phy interface Condition cause : null
2025-05-22 11:57:15,049 [WARN] ConditionMgr:1039 - genDependencies : Invalid condition id : LAN8742 Phy interface Condition cause : null
2025-05-22 11:57:15,056 [WARN] PackLoader:240 - Cannot read IP mode file for STMicroelectronics.X-CUBE-SFXS2LP1.4.0.0
2025-05-22 11:57:15,059 [WARN] PackLoader:240 - Cannot read IP mode file for STMicroelectronics.X-CUBE-ISPU.1.1.0
2025-05-22 11:57:15,073 [WARN] PackLoader:240 - Cannot read IP mode file for STMicroelectronics.X-CUBE-AZRTOS-H7.3.3.0
2025-05-22 11:57:15,078 [ERROR] Engine:466 - C:\Users\msi1\.stm32cubemx\thirdparties\pdsc\STMicroelectronics.X-CUBE-IPS.3.0.0.pdsc: PDSC version is not supported
2025-05-22 11:57:15,087 [WARN] ConditionMgr:438 - getConditionDescription Invalid condition id : UX DEVICE CLASS RTOS Condition cause : null
2025-05-22 11:57:15,087 [WARN] ConditionMgr:438 - getConditionDescription Invalid condition id : UX DEVICE CLASS RTOS Condition cause : null
2025-05-22 11:57:15,088 [WARN] PackLoader:240 - Cannot read IP mode file for STMicroelectronics.X-CUBE-AZRTOS-WB.2.0.0
2025-05-22 11:57:15,089 [WARN] ConditionMgr:1039 - genDependencies : Invalid condition id : UX DEVICE CLASS RTOS Condition cause : null
2025-05-22 11:57:15,089 [WARN] ConditionMgr:1039 - genDependencies : Invalid condition id : UX DEVICE CLASS RTOS Condition cause : null
2025-05-22 11:57:15,090 [WARN] ConditionMgr:1039 - genDependencies : Invalid condition id : UX DEVICE CLASS RTOS Condition cause : null
2025-05-22 11:57:15,090 [WARN] ConditionMgr:1039 - genDependencies : Invalid condition id : UX DEVICE CLASS RTOS Condition cause : null
2025-05-22 11:57:15,090 [WARN] ConditionMgr:1039 - genDependencies : Invalid condition id : UX DEVICE CLASS RTOS Condition cause : null
2025-05-22 11:57:15,094 [WARN] PackLoader:240 - Cannot read IP mode file for STMicroelectronics.X-CUBE-FREERTOS.1.0.1
2025-05-22 11:57:15,098 [WARN] PackLoader:240 - Cannot read IP mode file for STMicroelectronics.X-CUBE-GNSS1.7.0.1
2025-05-22 11:57:15,101 [WARN] PackLoader:240 - Cannot read IP mode file for STMicroelectronics.X-CUBE-TOUCHGFX.4.25.0
2025-05-22 11:57:15,104 [ERROR] Engine:466 - C:\Users\msi1\.stm32cubemx\thirdparties\pdsc\STMicroelectronics.FP-SNS-STBOX1.2.0.0.pdsc: PDSC version is not supported
2025-05-22 11:57:15,114 [WARN] PackLoader:240 - Cannot read IP mode file for STMicroelectronics.X-CUBE-AZRTOS-L5.1.1.0
2025-05-22 11:57:15,118 [WARN] PackLoader:240 - Cannot read IP mode file for STMicroelectronics.X-CUBE-AI.8.0.1
2025-05-22 11:57:15,126 [WARN] PackLoader:240 - Cannot read IP mode file for STMicroelectronics.X-CUBE-SUBG2.5.0.0
2025-05-22 11:57:15,143 [WARN] PackLoader:240 - Cannot read IP mode file for STMicroelectronics.X-CUBE-AZRTOS-H7RS.1.1.0
2025-05-22 11:57:15,151 [WARN] PackLoader:240 - Cannot read IP mode file for Cesanta.I-CUBE-Mongoose.7.13.0
2025-05-22 11:57:15,159 [WARN] PackLoader:240 - Cannot read IP mode file for STMicroelectronics.X-CUBE-TOF1.3.3.1
2025-05-22 11:57:15,174 [WARN] PackLoader:240 - Cannot read IP mode file for STMicroelectronics.X-CUBE-AZRTOS-G4.2.0.0
2025-05-22 11:57:15,183 [WARN] PackLoader:240 - Cannot read IP mode file for STMicroelectronics.X-CUBE-TOF1.3.3.0
2025-05-22 11:57:15,203 [WARN] PackLoader:240 - Cannot read IP mode file for Infineon.AIROC-Wi-Fi-Bluetooth-STM32.1.5.1
2025-05-22 11:57:15,208 [WARN] PackLoader:240 - Cannot read IP mode file for STMicroelectronics.FP-SNS-MOTENVWB1.1.3.0
2025-05-22 11:57:15,214 [WARN] PackLoader:240 - Cannot read IP mode file for STMicroelectronics.X-CUBE-NFC7.2.0.0
2025-05-22 11:57:15,219 [WARN] PackLoader:240 - Cannot read IP mode file for STMicroelectronics.FP-SNS-MOTENVWB1.1.3.1
2025-05-22 11:57:15,232 [WARN] PackLoader:240 - Cannot read IP mode file for STMicroelectronics.X-CUBE-AZRTOS-L4.1.0.0
2025-05-22 11:57:15,238 [WARN] PackLoader:240 - Cannot read IP mode file for STMicroelectronics.X-CUBE-ISPU.2.0.0
2025-05-22 11:57:15,242 [ERROR] Engine:466 - C:\Users\msi1\.stm32cubemx\thirdparties\pdsc\STMicroelectronics.X-CUBE-IPS.3.1.0.pdsc: PDSC version is not supported
2025-05-22 11:57:15,247 [WARN] PackLoader:240 - Cannot read IP mode file for STMicroelectronics.X-CUBE-ALS.1.0.2
2025-05-22 11:57:15,281 [WARN] PackLoader:240 - Cannot read IP mode file for STMicroelectronics.X-CUBE-MEMS1.10.0.0
2025-05-22 11:57:15,374 [WARN] PackLoader:240 - Cannot read IP mode file for STMicroelectronics.X-CUBE-FREERTOS.1.1.0
2025-05-22 11:57:15,377 [WARN] PackLoader:240 - Cannot read IP mode file for STMicroelectronics.X-CUBE-TOUCHGFX.4.24.0
2025-05-22 11:57:15,380 [WARN] PackLoader:240 - Cannot read IP mode file for STMicroelectronics.X-CUBE-TOUCHGFX.4.24.2
2025-05-22 11:57:15,391 [WARN] PackLoader:240 - Cannot read IP mode file for STMicroelectronics.X-CUBE-AZRTOS-WL.1.0.0
2025-05-22 11:57:15,395 [WARN] PackLoader:240 - Cannot read IP mode file for STMicroelectronics.X-CUBE-TOUCHGFX.4.24.1
2025-05-22 11:57:15,398 [WARN] PackLoader:240 - Cannot read IP mode file for wolfSSL.I-CUBE-wolfTPM.3.4.0
2025-05-22 11:57:15,405 [WARN] PackLoader:240 - Cannot read IP mode file for portGmbH.I-Cube-SoM-uGOAL.1.1.0
2025-05-22 11:57:15,411 [WARN] PackLoader:240 - Cannot read IP mode file for STMicroelectronics.X-CUBE-ALS.1.0.1
2025-05-22 11:57:15,424 [WARN] PackLoader:240 - Cannot read IP mode file for STMicroelectronics.X-CUBE-AZRTOS-WB.1.1.0
2025-05-22 11:57:15,442 [WARN] PackLoader:240 - Cannot read IP mode file for STMicroelectronics.X-CUBE-AZRTOS-H7RS.1.0.0
2025-05-22 11:57:15,448 [WARN] PackLoader:240 - Cannot read IP mode file for STMicroelectronics.FP-ATR-ASTRA1.2.0.0
2025-05-22 11:57:15,454 [ERROR] Engine:466 - C:\Users\msi1\.stm32cubemx\thirdparties\pdsc\STMicroelectronics.X-CUBE-TOF1.3.4.2.pdsc: PDSC version is not supported
2025-05-22 11:57:15,459 [ERROR] Engine:466 - C:\Users\msi1\.stm32cubemx\thirdparties\pdsc\STMicroelectronics.X-CUBE-TOF1.3.4.3.pdsc: PDSC version is not supported
2025-05-22 11:57:15,469 [WARN] PackLoader:240 - Cannot read IP mode file for STMicroelectronics.X-CUBE-TOF1.3.4.0
2025-05-22 11:57:15,488 [WARN] PackLoader:240 - Cannot read IP mode file for STMicroelectronics.X-CUBE-TOF1.3.4.1
2025-05-22 11:57:15,518 [WARN] PackLoader:240 - Cannot read IP mode file for STMicroelectronics.X-CUBE-AZRTOS-H7.3.2.0
2025-05-22 11:57:15,527 [WARN] PackLoader:240 - Cannot read IP mode file for wolfSSL.I-CUBE-wolfSSH.1.4.17
2025-05-22 11:57:15,528 [INFO] ThirdParty:978 - Integrity check success = true
2025-05-22 11:57:15,528 [INFO] IntegrityCheckThread:100 - exiting critical section [integrity check]
2025-05-22 11:57:15,529 [INFO] IntegrityCheckThread:103 - End integrity checks thread
2025-05-22 11:57:15,529 [INFO] ThirdParty:873 - entering critical section [close project]
2025-05-22 11:57:15,530 [INFO] ThirdParty:883 - exiting critical section [close project]
2025-05-22 11:57:15,532 [INFO] PinOutPanel:1499 - setPackage(No Configuration,No Configuration)
2025-05-22 11:57:15,540 [INFO] UtilMem:75 - Begin LoadConfig() Used Memory: 279730904 Bytes (601882624)
2025-05-22 11:57:15,543 [INFO] MicroXplorer:468 - Change Database Path : 
2025-05-22 11:57:15,543 [INFO] MicroXplorer:498 - Change Database Version : DB.6.0.90
2025-05-22 11:57:15,543 [INFO] OpenFileManager:308 - Change cursor
2025-05-22 11:57:15,589 [INFO] Mcu:1946 - Initializing MCU STM32F303V(B-C)Tx STM32F303VCTx STM32F303VCT6
2025-05-22 11:57:17,688 [INFO] Context:659 - Trying to add GPIOservice into a context  which must be forbidden
2025-05-22 11:57:18,381 [INFO] RtosManager:555 - Registered RTOS mode: class=CMSIS, group=RTOS, mode=CMSIS_V1, owner=FREERTOS
2025-05-22 11:57:18,381 [INFO] RtosManager:555 - Registered RTOS mode: class=CMSIS, group=RTOS2, mode=CMSIS_V2, owner=FREERTOS
2025-05-22 11:57:18,382 [INFO] RtosManager:555 - Registered RTOS mode: class=RTOS, group=Core, mode=CMSIS_V1, owner=FREERTOS
2025-05-22 11:57:18,382 [INFO] RtosManager:555 - Registered RTOS mode: class=RTOS, group=Core, mode=CMSIS_V2, owner=FREERTOS
2025-05-22 11:57:18,382 [WARN] ModelIntegratedComponent:184 - Missing modes for component STMicroelectronics:FreeRTOS:0.0.1:STMicroelectronics:RTOS:FreeRTOS:Core:::10.2.0:
2025-05-22 11:57:18,388 [WARN] ModelIntegratedComponent:63 - No mode defined for component null
2025-05-22 11:57:18,388 [WARN] ModelIntegratedComponent:63 - No mode defined for component null
2025-05-22 11:57:18,388 [WARN] ModelIntegratedComponent:63 - No mode defined for component null
2025-05-22 11:57:18,388 [WARN] ModelIntegratedComponent:63 - No mode defined for component null
2025-05-22 11:57:18,388 [WARN] ModelIntegratedComponent:63 - No mode defined for component null
2025-05-22 11:57:18,388 [WARN] ModelIntegratedComponent:63 - No mode defined for component null
2025-05-22 11:57:18,388 [WARN] ModelIntegratedComponent:63 - No mode defined for component null
2025-05-22 11:57:18,388 [WARN] ModelIntegratedComponent:63 - No mode defined for component null
2025-05-22 11:57:18,388 [WARN] ModelIntegratedComponent:63 - No mode defined for component null
2025-05-22 11:57:18,388 [WARN] ModelIntegratedComponent:63 - No mode defined for component null
2025-05-22 11:57:18,388 [WARN] ModelIntegratedComponent:63 - No mode defined for component null
2025-05-22 11:57:18,389 [WARN] ModelIntegratedComponent:63 - No mode defined for component null
2025-05-22 11:57:18,389 [WARN] ModelIntegratedComponent:63 - No mode defined for component null
2025-05-22 11:57:18,389 [WARN] ModelIntegratedComponent:63 - No mode defined for component null
2025-05-22 11:57:18,389 [WARN] ModelIntegratedComponent:63 - No mode defined for component null
2025-05-22 11:57:18,389 [WARN] ModelIntegratedComponent:63 - No mode defined for component null
2025-05-22 11:57:18,389 [WARN] ModelIntegratedComponent:63 - No mode defined for component null
2025-05-22 11:57:18,389 [WARN] ModelIntegratedComponent:63 - No mode defined for component null
2025-05-22 11:57:18,389 [WARN] ModelIntegratedComponent:63 - No mode defined for component null
2025-05-22 11:57:18,389 [WARN] ModelIntegratedComponent:63 - No mode defined for component null
2025-05-22 11:57:18,389 [WARN] ModelIntegratedComponent:63 - No mode defined for component null
2025-05-22 11:57:18,389 [WARN] ModelIntegratedComponent:63 - No mode defined for component null
2025-05-22 11:57:18,389 [WARN] ModelIntegratedComponent:63 - No mode defined for component null
2025-05-22 11:57:18,390 [WARN] ModelIntegratedComponent:63 - No mode defined for component null
2025-05-22 11:57:18,390 [WARN] ModelIntegratedComponent:63 - No mode defined for component null
2025-05-22 11:57:18,390 [WARN] ModelIntegratedComponent:63 - No mode defined for component null
2025-05-22 11:57:18,390 [WARN] ModelIntegratedComponent:63 - No mode defined for component null
2025-05-22 11:57:18,390 [WARN] ModelIntegratedComponent:63 - No mode defined for component null
2025-05-22 11:57:18,390 [WARN] ModelIntegratedComponent:63 - No mode defined for component null
2025-05-22 11:57:18,390 [WARN] ModelIntegratedComponent:63 - No mode defined for component null
2025-05-22 11:57:18,390 [WARN] ModelIntegratedComponent:63 - No mode defined for component null
2025-05-22 11:57:18,390 [WARN] ModelIntegratedComponent:63 - No mode defined for component null
2025-05-22 11:57:18,390 [WARN] ModelIntegratedComponent:63 - No mode defined for component null
2025-05-22 11:57:18,662 [INFO] ThirdPartyModel:298 - Start build external matchings
2025-05-22 11:57:20,982 [INFO] ThirdPartyModel:316 - End build external matchings
2025-05-22 11:57:21,034 [INFO] ImportTextPane:194 - (OptionalMessage_ERROR) IP (RCC) : Invalid parameter (FamilyName)
2025-05-22 11:57:21,035 [INFO] ImportTextPane:194 - (OptionalMessage_ERROR) IP (RCC) : Invalid parameter (TIM2Freq_Value)
2025-05-22 11:57:21,036 [INFO] ImportTextPane:194 - (OptionalMessage_ERROR) IP (RCC) : Parameter (USBFreq_Value) has invalid value (72000000)
2025-05-22 11:57:21,428 [INFO] UtilMem:75 - End LoadConfig() Used Memory: 227793440 Bytes (601882624)
2025-05-22 11:57:21,633 [INFO] ApiDb:581 - Connected to CubeFinder SQLite database (C:\Users\msi1\.stmcufinder\plugins\mcufinder\mcu\cube-finder-db.db)
2025-05-22 11:57:21,734 [INFO] ApiDb:668 - CubeFinder database Data Model version=2.1
2025-05-22 11:57:21,734 [INFO] ApiDb:669 - CubeFinder database Configuration version=3.0.39
2025-05-22 11:57:21,734 [INFO] ApiDb:670 - CubeFinder database generation date=2025-04-23 (1745419778)
2025-05-22 11:57:21,734 [INFO] ApiDb:671 - CubeFinder database FW Pack versions=[FP-ATR-ASTRA1_V2.0.0, FP-SNS-FLIGHT1_V5.1.0, FP-SNS-MOTENV1_V5.0.0, FP-SNS-MOTENVWB1_V1.4.0, FP-SNS-SMARTAG2_V1.2.0, FP-SNS-STBOX1_V2.0.0, STM32Cube_FW_C0_V1.4.0, STM32Cube_FW_F4_V1.28.1, STM32Cube_FW_F7_V1.17.2, STM32Cube_FW_G0_V1.6.2, STM32Cube_FW_G4_V1.6.1, STM32Cube_FW_H5_V1.5.0, STM32Cube_FW_H7RS_V1.2.0, STM32Cube_FW_H7_V1.12.1, STM32Cube_FW_L0_V1.12.2, STM32Cube_FW_L4_V1.18.1, STM32Cube_FW_L5_V1.5.1, STM32Cube_FW_N6_V1.1.1, STM32Cube_FW_U0_V1.2.0, STM32Cube_FW_U3_V1.1.0, STM32Cube_FW_U5_V1.7.0, STM32Cube_FW_WB0_V1.2.0, STM32Cube_FW_WBA_V1.6.0, STM32Cube_FW_WB_V1.22.0, STM32Cube_FW_WL3_V1.1.0, STM32Cube_FW_WL_V1.3.1, X-CUBE-ALGOBUILD_V1.4.0, X-CUBE-ALS_V1.0.2, X-CUBE-AZRTOS-F4_V1.1.0, X-CUBE-AZRTOS-F7_V1.1.0, X-CUBE-AZRTOS-G0_V1.1.0, X-CUBE-AZRTOS-G4_V2.0.0, X-CUBE-AZRTOS-H7RS_V1.1.0, X-CUBE-AZRTOS-H7_V3.3.0, X-CUBE-AZRTOS-L4_V2.0.0, X-CUBE-AZRTOS-L5_V2.0.0, X-CUBE-AZRTOS-WB_V2.0.0, X-CUBE-AZRTOS-WL_V2.0.0, X-CUBE-BLE1_V7.1.0, X-CUBE-BLE2_V3.3.0, X-CUBE-BLEMGR_V4.0.0, X-CUBE-EEPRMA1_V5.1.0, X-CUBE-FREERTOS_V1.3.0, X-CUBE-GNSS1_V6.0.0, X-CUBE-MEMS1_V11.2.0, X-CUBE-NFC4_V3.0.0, X-CUBE-NFC7_V1.0.1, X-CUBE-SFXS2LP1_V4.0.0, X-CUBE-SUBG2_V5.0.0, X-CUBE-TOF1_V3.4.3]
2025-05-22 11:57:24,633 [INFO] ApiDb:240 - Found 323 in-development CPN: [B-G473E-ZEST1S, B-WB1M-WPAN1, B-WL5M-SUBG1, NUCLEO-C031C6, NUCLEO-H503RB, NUCLEO-H563ZI, NUCLEO-U545RE-Q, NUCLEO-U5A5ZJ-Q, NUCLEO-WBA52CG, STEVAL-PROTEUS1, STEVAL-SMARTAG2, STEVAL-STWINBX1, STM320518-EVAL, STM32C0116-DK, STM32C011D6Y3TR, STM32C011D6Y6TR, STM32C011F4P3, STM32C011F4P6, STM32C011F4U3, STM32C011F4U6TR, STM32C011F6P3, STM32C011F6P6, STM32C011F6U3, STM32C011F6U6TR, STM32C011J4M3, STM32C011J4M6, STM32C011J6M3, STM32C011J6M6, STM32C0316-DK, STM32C031C4T3, STM32C031C4T6, STM32C031C4U3, STM32C031C4U6, STM32C031C6T3, STM32C031C6T6, STM32C031C6U3, STM32C031C6U6, STM32C031F4P3, STM32C031F4P6, STM32C031F6P3, STM32C031F6P6, STM32C031G4U3, STM32C031G4U6, STM32C031G6U3, STM32C031G6U6, STM32C031K4T3, STM32C031K4T6, STM32C031K4U3, STM32C031K4U6, STM32C031K6T3, STM32C031K6T6, STM32C031K6U3, STM32C031K6U6, STM32G071K8TXN, STM32G071K8UXN, STM32G081GBU6N, STM32G081KBT6N, STM32G081KBUXN, STM32G0B1CCT6N, STM32G0B1KCT6, STM32G0B1NEY6TR, STM32G0B1RCT6N, STM32G0C1CCT6, STM32G0C1CCT6N, STM32G0C1CCU6N, STM32G0C1CET6N, STM32G0C1CEU6N, STM32G0C1KCT6, STM32G0C1NEY6TR, STM32G0C1RCI6N, STM32G0C1RCT6N, STM32G0C1REI6N, STM32G0C1RET6N, STM32G0C1VCI6, STM32G0C1VEI6, STM32G471CCT6, STM32G471CCU6, STM32G471CET3, STM32G471CET6, STM32G471CEU3, STM32G471CEU6, STM32G471MCT6, STM32G471MET3, STM32G471MET6, STM32G471MEY6TR, STM32G471QCT6, STM32G471QET3, STM32G471RCT6, STM32G471RET3, STM32G471RET6, STM32G471VCH6, STM32G471VCI6, STM32G471VCT6, STM32G471VEH3, STM32G471VEH6, STM32G471VEI3, STM32G471VEI6, STM32G471VET3, STM32G471VET6, STM32G474CCT6, STM32H503CBT6, STM32H503CBU6, STM32H503EBY6TR, STM32H503KBU6, STM32H503RBT6, STM32H562AGI6, STM32H562AII6, STM32H562IGK6, STM32H562IGT6, STM32H562IIK6, STM32H562IIT6, STM32H562RGT6, STM32H562RGV6, STM32H562RIT6, STM32H562RIV6, STM32H562VGT6, STM32H562VIT6, STM32H562ZGT6, STM32H562ZIT6, STM32H563AGI6, STM32H563AII3Q, STM32H563AII6, STM32H563IGK6, STM32H563IGT6, STM32H563IIK3Q, STM32H563IIK6, STM32H563IIT3Q, STM32H563IIT6, STM32H563MIY3QTR, STM32H563RGT6, STM32H563RGV6, STM32H563RIT6, STM32H563RIV6, STM32H563VGT6, STM32H563VIT3Q, STM32H563VIT6, STM32H563ZGT6, STM32H563ZIT3Q, STM32H563ZIT6, STM32H573AII3Q, STM32H573AII6, STM32H573I-DK, STM32H573IIK3Q, STM32H573IIK6, STM32H573IIT3Q, STM32H573IIT6, STM32H573MIY3QTR, STM32H573RIT6, STM32H573RIV6, STM32H573VIT3Q, STM32H573VIT6, STM32H573ZIT3Q, STM32H573ZIT6, STM32L4R5QGI6STR, STM32MP131AAE3, STM32MP131AAF3, STM32MP131AAG3, STM32MP131CAE3, STM32MP131CAF3, STM32MP131CAG3, STM32MP131DAE7, STM32MP131DAF7, STM32MP131DAG7, STM32MP131FAE7, STM32MP131FAF7, STM32MP131FAG7, STM32MP133AAE3, STM32MP133AAF3, STM32MP133AAG3, STM32MP133CAE3, STM32MP133CAF3, STM32MP133CAG3, STM32MP133DAE7, STM32MP133DAF7, STM32MP133DAG7, STM32MP133FAE7, STM32MP133FAF7, STM32MP133FAG7, STM32MP135AAE3, STM32MP135AAF3, STM32MP135AAG3, STM32MP135CAE3, STM32MP135CAF3, STM32MP135CAG3, STM32MP135DAE7, STM32MP135DAF7, STM32MP135DAG7, STM32MP135F-DK, STM32MP135FAE7, STM32MP135FAF7, STM32MP135FAF7T, STM32MP135FAF7U, STM32MP135FAG7, STM32U535CBT6, STM32U535CBT6Q, STM32U535CBU6, STM32U535CBU6Q, STM32U535CCT6, STM32U535CCT6Q, STM32U535CCU6, STM32U535CCU6Q, STM32U535CET6, STM32U535CET6Q, STM32U535CEU6, STM32U535CEU6Q, STM32U535JEY6QTR, STM32U535NCY6QTR, STM32U535NEY6QTR, STM32U535RBI6, STM32U535RBI6Q, STM32U535RBT6, STM32U535RBT6Q, STM32U535RCI6, STM32U535RCI6Q, STM32U535RCT6, STM32U535RCT6Q, STM32U535REI6, STM32U535REI6Q, STM32U535RET6, STM32U535RET6Q, STM32U535VCI6, STM32U535VCI6Q, STM32U535VCT6, STM32U535VCT6Q, STM32U535VEI6, STM32U535VEI6Q, STM32U535VET6, STM32U535VET6Q, STM32U545CET6, STM32U545CET6Q, STM32U545CEU6, STM32U545CEU6Q, STM32U545JEY6QTR, STM32U545NEY6QTR, STM32U545REI6, STM32U545REI6Q, STM32U545RET6, STM32U545RET6Q, STM32U545VEI6, STM32U545VEI6Q, STM32U545VET6, STM32U545VET6Q, STM32U595AIH6, STM32U595AIH6Q, STM32U595AJH6, STM32U595AJH6Q, STM32U595QII6, STM32U595QII6Q, STM32U595QJI6, STM32U595QJI6Q, STM32U595RIT6, STM32U595RIT6Q, STM32U595RJT6, STM32U595RJT6Q, STM32U595VIT6, STM32U595VIT6Q, STM32U595VJT6, STM32U595VJT6Q, STM32U595ZIT6, STM32U595ZIT6Q, STM32U595ZIY6QTR, STM32U595ZJT6, STM32U595ZJT6Q, STM32U595ZJY6QTR, STM32U599BJY6QTR, STM32U599NIH6Q, STM32U599NJH6Q, STM32U599VIT6Q, STM32U599VJT6, STM32U599VJT6Q, STM32U599ZIT6Q, STM32U599ZIY6QTR, STM32U599ZJT6Q, STM32U599ZJY6QTR, STM32U5A5AJH6, STM32U5A5AJH6Q, STM32U5A5QJI6, STM32U5A5QJI6Q, STM32U5A5RJT6, STM32U5A5RJT6Q, STM32U5A5VJT6, STM32U5A5VJT6Q, STM32U5A5ZJT6, STM32U5A5ZJT6Q, STM32U5A5ZJY6QTR, STM32U5A9BJY6QTR, STM32U5A9J-DK, STM32U5A9NJH6Q, STM32U5A9VJT6Q, STM32U5A9ZJT6Q, STM32U5A9ZJY6QTR, STM32U5F7VIT6, STM32U5F7VIT6Q, STM32U5F7VJT6, STM32U5F7VJT6Q, STM32U5F9BJY6QTR, STM32U5F9NJH6Q, STM32U5F9VIT6Q, STM32U5F9VJT6Q, STM32U5F9ZIJ6QTR, STM32U5F9ZIT6Q, STM32U5F9ZJJ6QTR, STM32U5F9ZJT6Q, STM32U5G7VJT6, STM32U5G7VJT6Q, STM32U5G9BJY6QTR, STM32U5G9J-DK1, STM32U5G9J-DK2, STM32U5G9NJH6Q, STM32U5G9VJT6Q, STM32U5G9ZJJ6QTR, STM32U5G9ZJT6Q, STM32WB1MMCH6, STM32WBA52CEU6, STM32WBA52CEU6T, STM32WBA52CGU6, STM32WBA52CGU6T, STM32WBA52KEU6, STM32WBA52KEU6T, STM32WBA52KGU6, STM32WBA52KGU6T, STM32WL5MOCH6, STM32WL5MOCH6TR]
2025-05-22 11:57:24,638 [INFO] DbMcus:217 - Found 4642 MCUs, 4642 are supported
2025-05-22 11:57:24,649 [INFO] ApiDb:423 - Load user favorites file C:\Users\msi1/.stm32cubeide/favorites.mcus.txt: 4 item(s)
2025-05-22 11:57:24,649 [INFO] ApiDb:427 - User favorites MCUs=[STM32F103CBT6, STM32F303VCT6, STM32F401CCU6, STM32F407VGT6]
2025-05-22 11:57:24,649 [INFO] DbMcus:223 - Set 4 / 4 favorites MCUs
2025-05-22 11:57:25,182 [WARN] ThirdParty:833 - waiting for thirdparty lock release [change project]
2025-05-22 11:57:25,182 [INFO] ThirdParty:835 - entering critical section [change project]
2025-05-22 11:57:25,182 [INFO] ThirdParty:1030 - CMSIS Pack Vendor :STMicroelectronics USBPD 4.1
2025-05-22 11:57:25,182 [INFO] ThirdParty:1030 - CMSIS Pack Vendor :STMicroelectronics X-CUBE-GNSS1 6.0.0
2025-05-22 11:57:25,182 [INFO] ThirdParty:1030 - CMSIS Pack Vendor :STMicroelectronics USB_HOST 2.0.0
2025-05-22 11:57:25,182 [INFO] ThirdParty:1030 - CMSIS Pack Vendor :STMicroelectronics FP-SNS-MOTENVWB1 1.4.0
2025-05-22 11:57:25,182 [INFO] ThirdParty:1030 - CMSIS Pack Vendor :STMicroelectronics X-CUBE-AZRTOS-F4 1.1.0
2025-05-22 11:57:25,182 [INFO] ThirdParty:1030 - CMSIS Pack Vendor :STMicroelectronics LIBJPEG 8.0.0
2025-05-22 11:57:25,182 [INFO] ThirdParty:1030 - CMSIS Pack Vendor :STMicroelectronics FP-ATR-ASTRA1 2.0.2
2025-05-22 11:57:25,182 [INFO] ThirdParty:1030 - CMSIS Pack Vendor :STMicroelectronics FP-ATR-ASTRA1 2.0.1
2025-05-22 11:57:25,182 [INFO] ThirdParty:1030 - CMSIS Pack Vendor :STMicroelectronics X-CUBE-SMBUS 2.1.0
2025-05-22 11:57:25,182 [INFO] ThirdParty:1030 - CMSIS Pack Vendor :STMicroelectronics X-CUBE-WB05N 1.1.0
2025-05-22 11:57:25,182 [INFO] ThirdParty:1030 - CMSIS Pack Vendor :wolfSSL I-CUBE-wolfSSL 5.6.0
2025-05-22 11:57:25,182 [INFO] ThirdParty:1030 - CMSIS Pack Vendor :STMicroelectronics X-CUBE-ISPU 2.1.0
2025-05-22 11:57:25,183 [INFO] ThirdParty:1030 - CMSIS Pack Vendor :STMicroelectronics X-CUBE-FREERTOS 1.2.0
2025-05-22 11:57:25,183 [INFO] ThirdParty:1030 - CMSIS Pack Vendor :STMicroelectronics X-CUBE-TOUCHGFX 4.23.0
2025-05-22 11:57:25,183 [INFO] ThirdParty:1030 - CMSIS Pack Vendor :STMicroelectronics X-CUBE-TOUCHGFX 4.23.2
2025-05-22 11:57:25,183 [INFO] ThirdParty:1030 - CMSIS Pack Vendor :STMicroelectronics X-CUBE-AZRTOS-F7 1.1.0
2025-05-22 11:57:25,183 [INFO] ThirdParty:1030 - CMSIS Pack Vendor :STMicroelectronics X-CUBE-AZRTOS-L5 2.0.0
2025-05-22 11:57:25,183 [INFO] ThirdParty:1030 - CMSIS Pack Vendor :STMicroelectronics USB_DEVICE 2.0.0
2025-05-22 11:57:25,183 [INFO] ThirdParty:1030 - CMSIS Pack Vendor :STMicroelectronics X-CUBE-MEMS1 9.6.0
2025-05-22 11:57:25,183 [INFO] ThirdParty:1030 - CMSIS Pack Vendor :STMicroelectronics X-CUBE-EEPRMA1 4.2.0
2025-05-22 11:57:25,183 [INFO] ThirdParty:1030 - CMSIS Pack Vendor :STMicroelectronics X-CUBE-NFC6 3.1.0
2025-05-22 11:57:25,183 [INFO] ThirdParty:1030 - CMSIS Pack Vendor :ITTIA_DB I-CUBE-ITTIADB 8.8.0
2025-05-22 11:57:25,183 [INFO] ThirdParty:1030 - CMSIS Pack Vendor :STMicroelectronics FP-SNS-MOTENV1 4.3.0
2025-05-22 11:57:25,183 [INFO] ThirdParty:1030 - CMSIS Pack Vendor :STMicroelectronics FP-SNS-MOTENV1 4.3.2
2025-05-22 11:57:25,183 [INFO] ThirdParty:1030 - CMSIS Pack Vendor :STMicroelectronics FP-SNS-FLIGHT1 5.0.0
2025-05-22 11:57:25,183 [INFO] ThirdParty:1030 - CMSIS Pack Vendor :STMicroelectronics X-CUBE-BLE1 6.2.4
2025-05-22 11:57:25,183 [INFO] ThirdParty:1030 - CMSIS Pack Vendor :STMicroelectronics FreeRTOS 0.0.1
2025-05-22 11:57:25,183 [INFO] ThirdParty:1030 - CMSIS Pack Vendor :emotas I-CUBE-CANOPEN 1.1.3
2025-05-22 11:57:25,183 [INFO] ThirdParty:1030 - CMSIS Pack Vendor :STMicroelectronics X-CUBE-BLEMGR 2.0.0
2025-05-22 11:57:25,183 [INFO] ThirdParty:1030 - CMSIS Pack Vendor :STMicroelectronics FP-SNS-FLIGHT1 5.0.2
2025-05-22 11:57:25,183 [INFO] ThirdParty:1030 - CMSIS Pack Vendor :STMicroelectronics X-CUBE-AI 9.0.0
2025-05-22 11:57:25,183 [INFO] ThirdParty:1030 - CMSIS Pack Vendor :STMicroelectronics X-CUBE-AZRTOS-H7 3.1.0
2025-05-22 11:57:25,183 [INFO] ThirdParty:1030 - CMSIS Pack Vendor :STMicroelectronics PDM2PCM 3.3.0
2025-05-22 11:57:25,183 [INFO] ThirdParty:1030 - CMSIS Pack Vendor :STMicroelectronics X-CUBE-DISPLAY 3.0.0
2025-05-22 11:57:25,183 [INFO] ThirdParty:1030 - CMSIS Pack Vendor :STMicroelectronics X-CUBE-BLE1 7.0.0
2025-05-22 11:57:25,183 [INFO] ThirdParty:1030 - CMSIS Pack Vendor :STMicroelectronics X-CUBE-NFC10 1.0.0
2025-05-22 11:57:25,183 [INFO] ThirdParty:1030 - CMSIS Pack Vendor :STMicroelectronics X-CUBE-FREERTOS 1.3.1
2025-05-22 11:57:25,183 [INFO] ThirdParty:1030 - CMSIS Pack Vendor :STMicroelectronics HAL Drivers 0.0.0
2025-05-22 11:57:25,184 [INFO] ThirdParty:1030 - CMSIS Pack Vendor :emotas I-CUBE-CANOPEN 1.3.0
2025-05-22 11:57:25,184 [INFO] ThirdParty:1030 - CMSIS Pack Vendor :STMicroelectronics X-CUBE-FREERTOS 1.3.0
2025-05-22 11:57:25,184 [INFO] ThirdParty:1030 - CMSIS Pack Vendor :STMicroelectronics X-CUBE-TOUCHGFX 4.22.0
2025-05-22 11:57:25,184 [INFO] ThirdParty:1030 - CMSIS Pack Vendor :STMicroelectronics X-CUBE-NFC7 1.0.1
2025-05-22 11:57:25,184 [INFO] ThirdParty:1030 - CMSIS Pack Vendor :STMicroelectronics MBEDTLS 2.14.1
2025-05-22 11:57:25,184 [INFO] ThirdParty:1030 - CMSIS Pack Vendor :STMicroelectronics X-CUBE-NFC7 1.0.0
2025-05-22 11:57:25,184 [INFO] ThirdParty:1030 - CMSIS Pack Vendor :STMicroelectronics X-CUBE-TOUCHGFX 4.22.1
2025-05-22 11:57:25,184 [INFO] ThirdParty:1030 - CMSIS Pack Vendor :wolfSSL I-CUBE-wolfTPM 3.2.0
2025-05-22 11:57:25,184 [INFO] ThirdParty:1030 - CMSIS Pack Vendor :STMicroelectronics X-CUBE-NFC6 3.0.0
2025-05-22 11:57:25,184 [INFO] ThirdParty:1030 - CMSIS Pack Vendor :STMicroelectronics X-CUBE-EEPRMA1 4.1.0
2025-05-22 11:57:25,184 [INFO] ThirdParty:1030 - CMSIS Pack Vendor :STMicroelectronics X-CUBE-BLEMGR 3.1.0
2025-05-22 11:57:25,184 [INFO] ThirdParty:1030 - CMSIS Pack Vendor :STMicroelectronics X-CUBE-AI 10.0.0
2025-05-22 11:57:25,184 [INFO] ThirdParty:1030 - CMSIS Pack Vendor :STMicroelectronics FP-SNS-SMARTAG2 1.2.0
2025-05-22 11:57:25,184 [INFO] ThirdParty:1030 - CMSIS Pack Vendor :STMicroelectronics X-CUBE-MEMS1 11.1.0
2025-05-22 11:57:25,184 [INFO] ThirdParty:1030 - CMSIS Pack Vendor :STMicroelectronics X-CUBE-AZRTOS-WL 2.0.0
2025-05-22 11:57:25,184 [INFO] ThirdParty:1030 - CMSIS Pack Vendor :STMicroelectronics FP-SNS-MOTENV1 5.0.0
2025-05-22 11:57:25,184 [INFO] ThirdParty:1030 - CMSIS Pack Vendor :STMicroelectronics USB_DEVICE 1.0.0
2025-05-22 11:57:25,184 [INFO] ThirdParty:1030 - CMSIS Pack Vendor :STMicroelectronics X-CUBE-AI 8.1.0
2025-05-22 11:57:25,184 [INFO] ThirdParty:1030 - CMSIS Pack Vendor :wolfSSL I-CUBE-wolfMQTT 1.19.0
2025-05-22 11:57:25,184 [INFO] ThirdParty:1030 - CMSIS Pack Vendor :STMicroelectronics X-CUBE-AZRTOS-L4 2.0.0
2025-05-22 11:57:25,184 [INFO] ThirdParty:1030 - CMSIS Pack Vendor :STMicroelectronics ThreadX 0.0.2
2025-05-22 11:57:25,184 [INFO] ThirdParty:1030 - CMSIS Pack Vendor :WES I-CUBE-Cesium 1.3.0
2025-05-22 11:57:25,184 [INFO] ThirdParty:1030 - CMSIS Pack Vendor :STMicroelectronics lwIP 2.1.2
2025-05-22 11:57:25,184 [INFO] ThirdParty:1030 - CMSIS Pack Vendor :STMicroelectronics X-CUBE-SFXS2LP1 4.0.0
2025-05-22 11:57:25,184 [INFO] ThirdParty:1030 - CMSIS Pack Vendor :STMicroelectronics X-CUBE-BLE2 3.3.0
2025-05-22 11:57:25,184 [INFO] ThirdParty:1030 - CMSIS Pack Vendor :STMicroelectronics PDM2PCM 3.2.0
2025-05-22 11:57:25,184 [INFO] ThirdParty:1030 - CMSIS Pack Vendor :STMicroelectronics X-CUBE-ISPU 1.1.0
2025-05-22 11:57:25,184 [INFO] ThirdParty:1030 - CMSIS Pack Vendor :STMicroelectronics X-CUBE-AZRTOS-H7 3.3.0
2025-05-22 11:57:25,184 [INFO] ThirdParty:1030 - CMSIS Pack Vendor :STMicroelectronics X-CUBE-NFC9 1.0.0
2025-05-22 11:57:25,184 [INFO] ThirdParty:1030 - CMSIS Pack Vendor :STMicroelectronics X-CUBE-BLE1 7.1.0
2025-05-22 11:57:25,185 [INFO] ThirdParty:1030 - CMSIS Pack Vendor :STMicroelectronics USB_DEVICE 3.0.0
2025-05-22 11:57:25,185 [INFO] ThirdParty:1030 - CMSIS Pack Vendor :STMicroelectronics X-CUBE-TCPP 4.1.0
2025-05-22 11:57:25,185 [INFO] ThirdParty:1030 - CMSIS Pack Vendor :STMicroelectronics X-CUBE-AZRTOS-WB 2.0.0
2025-05-22 11:57:25,185 [INFO] ThirdParty:1030 - CMSIS Pack Vendor :STMicroelectronics X-CUBE-FREERTOS 1.0.1
2025-05-22 11:57:25,185 [INFO] ThirdParty:1030 - CMSIS Pack Vendor :STMicroelectronics X-CUBE-GNSS1 7.0.1
2025-05-22 11:57:25,185 [INFO] ThirdParty:1030 - CMSIS Pack Vendor :STMicroelectronics X-CUBE-TOUCHGFX 4.21.4
2025-05-22 11:57:25,185 [INFO] ThirdParty:1030 - CMSIS Pack Vendor :STMicroelectronics X-CUBE-TOUCHGFX 4.25.0
2025-05-22 11:57:25,185 [INFO] ThirdParty:1030 - CMSIS Pack Vendor :STMicroelectronics X-CUBE-ALGOBUILD 1.3.0
2025-05-22 11:57:25,185 [INFO] ThirdParty:1030 - CMSIS Pack Vendor :STMicroelectronics X-CUBE-AZRTOS-L5 1.1.0
2025-05-22 11:57:25,185 [INFO] ThirdParty:1030 - CMSIS Pack Vendor :STMicroelectronics X-CUBE-MEMS1 11.2.0
2025-05-22 11:57:25,185 [INFO] ThirdParty:1030 - CMSIS Pack Vendor :STMicroelectronics X-CUBE-AZRTOS-G0 1.1.0
2025-05-22 11:57:25,185 [INFO] ThirdParty:1030 - CMSIS Pack Vendor :STMicroelectronics X-CUBE-AI 8.0.1
2025-05-22 11:57:25,185 [INFO] ThirdParty:1030 - CMSIS Pack Vendor :STMicroelectronics X-CUBE-SAFEA1 1.2.2
2025-05-22 11:57:25,185 [INFO] ThirdParty:1030 - CMSIS Pack Vendor :STMicroelectronics X-CUBE-NFC4 3.0.0
2025-05-22 11:57:25,185 [INFO] ThirdParty:1030 - CMSIS Pack Vendor :STMicroelectronics X-CUBE-SUBG2 5.0.0
2025-05-22 11:57:25,185 [INFO] ThirdParty:1030 - CMSIS Pack Vendor :STMicroelectronics X-CUBE-AZRTOS-H7RS 1.1.0
2025-05-22 11:57:25,185 [INFO] ThirdParty:1030 - CMSIS Pack Vendor :STMicroelectronics STM32_WPAN 1.0.0
2025-05-22 11:57:25,185 [INFO] ThirdParty:1030 - CMSIS Pack Vendor :wolfSSL I-CUBE-wolfMQTT 1.18.0
2025-05-22 11:57:25,185 [INFO] ThirdParty:1030 - CMSIS Pack Vendor :STMicroelectronics lwIP 2.0.3
2025-05-22 11:57:25,185 [INFO] ThirdParty:1030 - CMSIS Pack Vendor :Cesanta I-CUBE-Mongoose 7.13.0
2025-05-22 11:57:25,185 [INFO] ThirdParty:1030 - CMSIS Pack Vendor :STMicroelectronics USB_HOST 1.0.0
2025-05-22 11:57:25,185 [INFO] ThirdParty:1030 - CMSIS Pack Vendor :STMicroelectronics X-CUBE-TOF1 3.3.1
2025-05-22 11:57:25,185 [INFO] ThirdParty:1030 - CMSIS Pack Vendor :STMicroelectronics X-CUBE-AZRTOS-G4 2.0.0
2025-05-22 11:57:25,185 [INFO] ThirdParty:1030 - CMSIS Pack Vendor :STMicroelectronics X-CUBE-WB05N 2.0.0
2025-05-22 11:57:25,185 [INFO] ThirdParty:1030 - CMSIS Pack Vendor :STMicroelectronics PDM2PCM 3.1.0
2025-05-22 11:57:25,185 [INFO] ThirdParty:1030 - CMSIS Pack Vendor :STMicroelectronics X-CUBE-TOF1 3.3.0
2025-05-22 11:57:25,185 [INFO] ThirdParty:1030 - CMSIS Pack Vendor :Infineon AIROC-Wi-Fi-Bluetooth-STM32 1.5.1
2025-05-22 11:57:25,185 [INFO] ThirdParty:1030 - CMSIS Pack Vendor :STMicroelectronics X-CUBE-BLEMGR 3.0.0
2025-05-22 11:57:25,185 [INFO] ThirdParty:1030 - CMSIS Pack Vendor :STMicroelectronics FP-SNS-MOTENVWB1 1.3.0
2025-05-22 11:57:25,185 [INFO] ThirdParty:1030 - CMSIS Pack Vendor :STMicroelectronics X-CUBE-NFC7 2.0.0
2025-05-22 11:57:25,186 [INFO] ThirdParty:1030 - CMSIS Pack Vendor :STMicroelectronics FP-SNS-MOTENVWB1 1.3.1
2025-05-22 11:57:25,186 [INFO] ThirdParty:1030 - CMSIS Pack Vendor :STMicroelectronics FP-ATR-SIGFOX1 3.2.0
2025-05-22 11:57:25,186 [INFO] ThirdParty:1030 - CMSIS Pack Vendor :STMicroelectronics X-CUBE-AZRTOS-L4 1.0.0
2025-05-22 11:57:25,186 [INFO] ThirdParty:1030 - CMSIS Pack Vendor :STMicroelectronics X-CUBE-ISPU 2.0.0
2025-05-22 11:57:25,186 [INFO] ThirdParty:1030 - CMSIS Pack Vendor :STMicroelectronics X-CUBE-EEPRMA1 5.1.0
2025-05-22 11:57:25,186 [INFO] ThirdParty:1030 - CMSIS Pack Vendor :STMicroelectronics MBEDTLS 2.16.2
2025-05-22 11:57:25,186 [INFO] ThirdParty:1030 - CMSIS Pack Vendor :STMicroelectronics X-CUBE-ALS 1.0.2
2025-05-22 11:57:25,186 [INFO] ThirdParty:1030 - CMSIS Pack Vendor :STMicroelectronics X-CUBE-MEMS1 10.0.0
2025-05-22 11:57:25,186 [INFO] ThirdParty:1030 - CMSIS Pack Vendor :STMicroelectronics X-CUBE-FREERTOS 1.1.0
2025-05-22 11:57:25,186 [INFO] ThirdParty:1030 - CMSIS Pack Vendor :wolfSSL I-CUBE-wolfSSL 5.7.6
2025-05-22 11:57:25,186 [INFO] ThirdParty:1030 - CMSIS Pack Vendor :STMicroelectronics X-CUBE-TOUCHGFX 4.24.0
2025-05-22 11:57:25,186 [INFO] ThirdParty:1030 - CMSIS Pack Vendor :ITTIA_DB I-CUBE-ITTIADB 8.9.0
2025-05-22 11:57:25,186 [INFO] ThirdParty:1030 - CMSIS Pack Vendor :STMicroelectronics X-CUBE-TOUCHGFX 4.24.2
2025-05-22 11:57:25,186 [INFO] ThirdParty:1030 - CMSIS Pack Vendor :STMicroelectronics X-CUBE-AZRTOS-WL 1.0.0
2025-05-22 11:57:25,186 [INFO] ThirdParty:1030 - CMSIS Pack Vendor :STMicroelectronics X-CUBE-TOUCHGFX 4.24.1
2025-05-22 11:57:25,186 [INFO] ThirdParty:1030 - CMSIS Pack Vendor :wolfSSL I-CUBE-wolfTPM 3.4.0
2025-05-22 11:57:25,186 [INFO] ThirdParty:1030 - CMSIS Pack Vendor :portGmbH I-Cube-SoM-uGOAL 1.1.0
2025-05-22 11:57:25,186 [INFO] ThirdParty:1030 - CMSIS Pack Vendor :STMicroelectronics X-CUBE-ALS 1.0.1
2025-05-22 11:57:25,186 [INFO] ThirdParty:1030 - CMSIS Pack Vendor :STMicroelectronics ThreadX 1.0.0
2025-05-22 11:57:25,187 [INFO] ThirdParty:1030 - CMSIS Pack Vendor :STMicroelectronics X-CUBE-AZRTOS-WB 1.1.0
2025-05-22 11:57:25,187 [INFO] ThirdParty:1030 - CMSIS Pack Vendor :SEGGER I-CUBE-embOS 1.3.1
2025-05-22 11:57:25,187 [INFO] ThirdParty:1030 - CMSIS Pack Vendor :STMicroelectronics X-CUBE-ALGOBUILD 1.4.0
2025-05-22 11:57:25,187 [INFO] ThirdParty:1030 - CMSIS Pack Vendor :STMicroelectronics X-CUBE-AZRTOS-H7RS 1.0.0
2025-05-22 11:57:25,187 [INFO] ThirdParty:1030 - CMSIS Pack Vendor :STMicroelectronics FP-ATR-ASTRA1 2.0.0
2025-05-22 11:57:25,187 [INFO] ThirdParty:1030 - CMSIS Pack Vendor :STMicroelectronics X-CUBE-AI 9.1.0
2025-05-22 11:57:25,187 [INFO] ThirdParty:1030 - CMSIS Pack Vendor :STMicroelectronics X-CUBE-TOF1 3.4.0
2025-05-22 11:57:25,187 [INFO] ThirdParty:1030 - CMSIS Pack Vendor :STMicroelectronics X-CUBE-TOF1 3.4.1
2025-05-22 11:57:25,187 [INFO] ThirdParty:1030 - CMSIS Pack Vendor :STMicroelectronics X-CUBE-AZRTOS-H7 3.2.0
2025-05-22 11:57:25,187 [INFO] ThirdParty:1030 - CMSIS Pack Vendor :wolfSSL I-CUBE-wolfSSH 1.4.17
2025-05-22 11:57:25,187 [INFO] ThirdParty:841 - exiting critical section [change project]
2025-05-22 11:57:25,642 [INFO] PinOutPanel:1499 - setPackage(No Configuration,No Configuration)
2025-05-22 11:57:25,643 [INFO] PinOutPanel:1499 - setPackage(STM32F303VCTx,LQFP100)
2025-05-22 11:57:26,410 [INFO] UtilMem:75 - Before build in PCC Used Memory: 422169544 Bytes (601882624)
2025-05-22 11:57:27,354 [INFO] UtilMem:75 - After build in PCC Used Memory: 207620096 Bytes (601882624)
2025-05-22 11:57:27,388 [INFO] IPUIPlugin:80 - create IPUIPlugin
2025-05-22 11:57:27,388 [INFO] IPUIPlugin:80 - create IPUIPlugin
2025-05-22 11:57:27,388 [INFO] IPUIPlugin:80 - create IPUIPlugin
2025-05-22 11:57:27,388 [INFO] IPUIPlugin:80 - create IPUIPlugin
2025-05-22 11:57:27,388 [INFO] IPUIPlugin:80 - create IPUIPlugin
2025-05-22 11:57:27,388 [INFO] IPUIPlugin:80 - create IPUIPlugin
2025-05-22 11:57:27,388 [INFO] IPUIPlugin:80 - create IPUIPlugin
2025-05-22 11:57:27,388 [INFO] IPUIPlugin:80 - create IPUIPlugin
2025-05-22 11:57:27,388 [INFO] IPUIPlugin:80 - create IPUIPlugin
2025-05-22 11:57:27,388 [INFO] IPUIPlugin:80 - create IPUIPlugin
2025-05-22 11:57:27,388 [INFO] IPUIPlugin:80 - create IPUIPlugin
2025-05-22 11:57:27,390 [INFO] IPUIPlugin:80 - create IPUIPlugin
2025-05-22 11:57:27,390 [INFO] IPUIPlugin:80 - create IPUIPlugin
2025-05-22 11:57:27,390 [INFO] IPUIPlugin:80 - create IPUIPlugin
2025-05-22 11:57:27,390 [INFO] IPUIPlugin:80 - create IPUIPlugin
2025-05-22 11:57:27,390 [INFO] IPUIPlugin:80 - create IPUIPlugin
2025-05-22 11:57:27,390 [INFO] IPUIPlugin:80 - create IPUIPlugin
2025-05-22 11:57:27,390 [INFO] IPUIPlugin:80 - create IPUIPlugin
2025-05-22 11:57:27,390 [INFO] IPUIPlugin:80 - create IPUIPlugin
2025-05-22 11:57:27,391 [INFO] IPUIPlugin:80 - create IPUIPlugin
2025-05-22 11:57:27,391 [INFO] IPUIPlugin:80 - create IPUIPlugin
2025-05-22 11:57:27,391 [INFO] IPUIPlugin:80 - create IPUIPlugin
2025-05-22 11:57:27,391 [INFO] IPUIPlugin:80 - create IPUIPlugin
2025-05-22 11:57:27,391 [INFO] IPUIPlugin:80 - create IPUIPlugin
2025-05-22 11:57:27,392 [INFO] IPUIPlugin:80 - create IPUIPlugin
2025-05-22 11:57:27,392 [INFO] IPUIPlugin:80 - create IPUIPlugin
2025-05-22 11:57:27,392 [INFO] IPUIPlugin:80 - create IPUIPlugin
2025-05-22 11:57:27,392 [INFO] IPUIPlugin:80 - create IPUIPlugin
2025-05-22 11:57:27,392 [INFO] IPUIPlugin:80 - create IPUIPlugin
2025-05-22 11:57:27,393 [INFO] IPUIPlugin:80 - create IPUIPlugin
2025-05-22 11:57:27,393 [INFO] IPUIPlugin:80 - create IPUIPlugin
2025-05-22 11:57:27,393 [INFO] IPUIPlugin:80 - create IPUIPlugin
2025-05-22 11:57:27,393 [INFO] IPUIPlugin:80 - create IPUIPlugin
2025-05-22 11:57:27,393 [INFO] IPUIPlugin:80 - create IPUIPlugin
2025-05-22 11:57:27,394 [INFO] IPUIPlugin:80 - create IPUIPlugin
2025-05-22 11:57:27,394 [INFO] IPUIPlugin:80 - create IPUIPlugin
2025-05-22 11:57:27,394 [INFO] IPUIPlugin:80 - create IPUIPlugin
2025-05-22 11:57:27,394 [INFO] IPUIPlugin:80 - create IPUIPlugin
2025-05-22 11:57:27,394 [INFO] IPUIPlugin:80 - create IPUIPlugin
2025-05-22 11:57:27,395 [INFO] IPUIPlugin:80 - create IPUIPlugin
2025-05-22 11:57:27,395 [INFO] IPUIPlugin:80 - create IPUIPlugin
2025-05-22 11:57:27,395 [INFO] IPUIPlugin:80 - create IPUIPlugin
2025-05-22 11:57:27,395 [INFO] IPUIPlugin:80 - create IPUIPlugin
2025-05-22 11:57:27,395 [INFO] IPUIPlugin:80 - create IPUIPlugin
2025-05-22 11:57:27,396 [INFO] IPUIPlugin:80 - create IPUIPlugin
2025-05-22 11:57:27,396 [INFO] IPUIPlugin:80 - create IPUIPlugin
2025-05-22 11:57:27,396 [INFO] IPUIPlugin:80 - create IPUIPlugin
2025-05-22 11:57:27,396 [INFO] IPUIPlugin:80 - create IPUIPlugin
2025-05-22 11:57:27,397 [INFO] IPUIPlugin:80 - create IPUIPlugin
2025-05-22 11:57:27,397 [INFO] IPUIPlugin:80 - create IPUIPlugin
2025-05-22 11:57:27,397 [INFO] IPUIPlugin:80 - create IPUIPlugin
2025-05-22 11:57:27,398 [INFO] IPUIPlugin:80 - create IPUIPlugin
2025-05-22 11:57:27,398 [INFO] IPUIPlugin:80 - create IPUIPlugin
2025-05-22 11:57:27,398 [INFO] IPUIPlugin:80 - create IPUIPlugin
2025-05-22 11:57:27,398 [INFO] IPUIPlugin:80 - create IPUIPlugin
2025-05-22 11:57:27,684 [INFO] CADModel:165 - CPN selected for project levelSTM32F303VCT6
2025-05-22 11:57:27,684 [INFO] CADModel:114 - Register for checkConnection events
2025-05-22 11:57:27,723 [INFO] OpenFileManager:328 - Restore cursor
2025-05-22 11:57:33,809 [ERROR] LogOutputStream:75 - [STDERR_REDIRECT] SLF4J: Failed to load class "org.slf4j.impl.StaticLoggerBinder".
2025-05-22 11:57:33,809 [ERROR] LogOutputStream:75 - [STDERR_REDIRECT] SLF4J: Defaulting to no-operation (NOP) logger implementation
2025-05-22 11:57:33,811 [ERROR] LogOutputStream:75 - [STDERR_REDIRECT] SLF4J: See http://www.slf4j.org/codes.html#StaticLoggerBinder for further details.
2025-05-22 11:57:50,288 [INFO] MainUpdater:2868 - connection check result : 10
2025-05-22 11:57:50,288 [INFO] MainUpdater:2868 - connection check result : 10
2025-05-22 11:57:50,525 [INFO] MicroXplorer:468 - Change Database Path : 
2025-05-22 11:57:50,526 [INFO] MicroXplorer:498 - Change Database Version : DB.6.0.90
2025-05-22 11:57:50,564 [WARN] ThirdParty:871 - waiting for thirdparty lock release [close project]
2025-05-22 11:57:50,565 [INFO] ThirdParty:873 - entering critical section [close project]
2025-05-22 11:57:50,565 [INFO] ThirdParty:883 - exiting critical section [close project]
2025-05-22 11:57:50,567 [INFO] PinOutPanel:1499 - setPackage(No Configuration,No Configuration)
2025-05-22 11:57:50,579 [INFO] UtilMem:75 - Begin LoadConfig() Used Memory: 266346176 Bytes (601882624)
2025-05-22 11:57:50,579 [INFO] MicroXplorer:468 - Change Database Path : 
2025-05-22 11:57:50,579 [INFO] MicroXplorer:498 - Change Database Version : DB.6.0.90
2025-05-22 11:57:50,579 [INFO] OpenFileManager:308 - Change cursor
2025-05-22 11:57:50,610 [INFO] Mcu:1946 - Initializing MCU STM32F103C(8-B)Tx STM32F103CBTx STM32F103CBT6
2025-05-22 11:57:51,392 [INFO] Context:659 - Trying to add GPIOservice into a context  which must be forbidden
2025-05-22 11:57:51,584 [INFO] RtosManager:555 - Registered RTOS mode: class=CMSIS, group=RTOS, mode=CMSIS_V1, owner=FREERTOS
2025-05-22 11:57:51,584 [INFO] RtosManager:555 - Registered RTOS mode: class=CMSIS, group=RTOS2, mode=CMSIS_V2, owner=FREERTOS
2025-05-22 11:57:51,584 [INFO] RtosManager:555 - Registered RTOS mode: class=RTOS, group=Core, mode=CMSIS_V1, owner=FREERTOS
2025-05-22 11:57:51,584 [INFO] RtosManager:555 - Registered RTOS mode: class=RTOS, group=Core, mode=CMSIS_V2, owner=FREERTOS
2025-05-22 11:57:51,584 [WARN] ModelIntegratedComponent:184 - Missing modes for component STMicroelectronics:FreeRTOS:0.0.1:STMicroelectronics:RTOS:FreeRTOS:Core:::10.2.0:
2025-05-22 11:57:51,586 [WARN] ModelIntegratedComponent:63 - No mode defined for component null
2025-05-22 11:57:51,586 [WARN] ModelIntegratedComponent:63 - No mode defined for component null
2025-05-22 11:57:51,586 [WARN] ModelIntegratedComponent:63 - No mode defined for component null
2025-05-22 11:57:51,586 [WARN] ModelIntegratedComponent:63 - No mode defined for component null
2025-05-22 11:57:51,586 [WARN] ModelIntegratedComponent:63 - No mode defined for component null
2025-05-22 11:57:51,586 [WARN] ModelIntegratedComponent:63 - No mode defined for component null
2025-05-22 11:57:51,587 [WARN] ModelIntegratedComponent:63 - No mode defined for component null
2025-05-22 11:57:51,587 [WARN] ModelIntegratedComponent:63 - No mode defined for component null
2025-05-22 11:57:51,587 [WARN] ModelIntegratedComponent:63 - No mode defined for component null
2025-05-22 11:57:51,587 [WARN] ModelIntegratedComponent:63 - No mode defined for component null
2025-05-22 11:57:51,587 [WARN] ModelIntegratedComponent:63 - No mode defined for component null
2025-05-22 11:57:51,587 [WARN] ModelIntegratedComponent:63 - No mode defined for component null
2025-05-22 11:57:51,587 [WARN] ModelIntegratedComponent:63 - No mode defined for component null
2025-05-22 11:57:51,587 [WARN] ModelIntegratedComponent:63 - No mode defined for component null
2025-05-22 11:57:51,587 [WARN] ModelIntegratedComponent:63 - No mode defined for component null
2025-05-22 11:57:51,587 [WARN] ModelIntegratedComponent:63 - No mode defined for component null
2025-05-22 11:57:51,587 [WARN] ModelIntegratedComponent:63 - No mode defined for component null
2025-05-22 11:57:51,587 [WARN] ModelIntegratedComponent:63 - No mode defined for component null
2025-05-22 11:57:51,587 [WARN] ModelIntegratedComponent:63 - No mode defined for component null
2025-05-22 11:57:51,587 [WARN] ModelIntegratedComponent:63 - No mode defined for component null
2025-05-22 11:57:51,587 [WARN] ModelIntegratedComponent:63 - No mode defined for component null
2025-05-22 11:57:51,587 [WARN] ModelIntegratedComponent:63 - No mode defined for component null
2025-05-22 11:57:51,587 [WARN] ModelIntegratedComponent:63 - No mode defined for component null
2025-05-22 11:57:51,587 [WARN] ModelIntegratedComponent:63 - No mode defined for component null
2025-05-22 11:57:51,587 [WARN] ModelIntegratedComponent:63 - No mode defined for component null
2025-05-22 11:57:51,587 [WARN] ModelIntegratedComponent:63 - No mode defined for component null
2025-05-22 11:57:51,587 [WARN] ModelIntegratedComponent:63 - No mode defined for component null
2025-05-22 11:57:51,587 [WARN] ModelIntegratedComponent:63 - No mode defined for component null
2025-05-22 11:57:51,587 [WARN] ModelIntegratedComponent:63 - No mode defined for component null
2025-05-22 11:57:51,587 [WARN] ModelIntegratedComponent:63 - No mode defined for component null
2025-05-22 11:57:51,588 [WARN] ModelIntegratedComponent:63 - No mode defined for component null
2025-05-22 11:57:51,588 [WARN] ModelIntegratedComponent:63 - No mode defined for component null
2025-05-22 11:57:51,588 [WARN] ModelIntegratedComponent:63 - No mode defined for component null
2025-05-22 11:57:51,870 [INFO] ThirdPartyModel:298 - Start build external matchings
2025-05-22 11:57:54,185 [INFO] ThirdPartyModel:316 - End build external matchings
2025-05-22 11:57:54,215 [INFO] ImportTextPane:194 - (OptionalMessage_ERROR) IP (RCC) : Invalid parameter (FamilyName)
2025-05-22 11:57:54,429 [INFO] UtilMem:75 - End LoadConfig() Used Memory: 258312888 Bytes (730857472)
2025-05-22 11:57:54,547 [WARN] ThirdParty:833 - waiting for thirdparty lock release [change project]
2025-05-22 11:57:54,548 [INFO] ThirdParty:835 - entering critical section [change project]
2025-05-22 11:57:54,548 [INFO] ThirdParty:1030 - CMSIS Pack Vendor :STMicroelectronics USBPD 4.1
2025-05-22 11:57:54,548 [INFO] ThirdParty:1030 - CMSIS Pack Vendor :STMicroelectronics X-CUBE-GNSS1 6.0.0
2025-05-22 11:57:54,548 [INFO] ThirdParty:1030 - CMSIS Pack Vendor :STMicroelectronics USB_HOST 2.0.0
2025-05-22 11:57:54,548 [INFO] ThirdParty:1030 - CMSIS Pack Vendor :STMicroelectronics FP-SNS-MOTENVWB1 1.4.0
2025-05-22 11:57:54,548 [INFO] ThirdParty:1030 - CMSIS Pack Vendor :STMicroelectronics X-CUBE-AZRTOS-F4 1.1.0
2025-05-22 11:57:54,548 [INFO] ThirdParty:1030 - CMSIS Pack Vendor :STMicroelectronics LIBJPEG 8.0.0
2025-05-22 11:57:54,548 [INFO] ThirdParty:1030 - CMSIS Pack Vendor :STMicroelectronics FP-ATR-ASTRA1 2.0.2
2025-05-22 11:57:54,548 [INFO] ThirdParty:1030 - CMSIS Pack Vendor :STMicroelectronics FP-ATR-ASTRA1 2.0.1
2025-05-22 11:57:54,548 [INFO] ThirdParty:1030 - CMSIS Pack Vendor :STMicroelectronics X-CUBE-SMBUS 2.1.0
2025-05-22 11:57:54,548 [INFO] ThirdParty:1030 - CMSIS Pack Vendor :STMicroelectronics X-CUBE-WB05N 1.1.0
2025-05-22 11:57:54,548 [INFO] ThirdParty:1030 - CMSIS Pack Vendor :wolfSSL I-CUBE-wolfSSL 5.6.0
2025-05-22 11:57:54,548 [INFO] ThirdParty:1030 - CMSIS Pack Vendor :STMicroelectronics X-CUBE-ISPU 2.1.0
2025-05-22 11:57:54,548 [INFO] ThirdParty:1030 - CMSIS Pack Vendor :STMicroelectronics X-CUBE-FREERTOS 1.2.0
2025-05-22 11:57:54,548 [INFO] ThirdParty:1030 - CMSIS Pack Vendor :STMicroelectronics X-CUBE-TOUCHGFX 4.23.0
2025-05-22 11:57:54,548 [INFO] ThirdParty:1030 - CMSIS Pack Vendor :STMicroelectronics X-CUBE-TOUCHGFX 4.23.2
2025-05-22 11:57:54,548 [INFO] ThirdParty:1030 - CMSIS Pack Vendor :STMicroelectronics X-CUBE-AZRTOS-F7 1.1.0
2025-05-22 11:57:54,548 [INFO] ThirdParty:1030 - CMSIS Pack Vendor :STMicroelectronics X-CUBE-AZRTOS-L5 2.0.0
2025-05-22 11:57:54,548 [INFO] ThirdParty:1030 - CMSIS Pack Vendor :STMicroelectronics USB_DEVICE 2.0.0
2025-05-22 11:57:54,548 [INFO] ThirdParty:1030 - CMSIS Pack Vendor :STMicroelectronics X-CUBE-MEMS1 9.6.0
2025-05-22 11:57:54,548 [INFO] ThirdParty:1030 - CMSIS Pack Vendor :STMicroelectronics X-CUBE-EEPRMA1 4.2.0
2025-05-22 11:57:54,548 [INFO] ThirdParty:1030 - CMSIS Pack Vendor :STMicroelectronics X-CUBE-NFC6 3.1.0
2025-05-22 11:57:54,548 [INFO] ThirdParty:1030 - CMSIS Pack Vendor :ITTIA_DB I-CUBE-ITTIADB 8.8.0
2025-05-22 11:57:54,549 [INFO] ThirdParty:1030 - CMSIS Pack Vendor :STMicroelectronics FP-SNS-MOTENV1 4.3.0
2025-05-22 11:57:54,549 [INFO] ThirdParty:1030 - CMSIS Pack Vendor :STMicroelectronics FP-SNS-MOTENV1 4.3.2
2025-05-22 11:57:54,549 [INFO] ThirdParty:1030 - CMSIS Pack Vendor :STMicroelectronics FP-SNS-FLIGHT1 5.0.0
2025-05-22 11:57:54,549 [INFO] ThirdParty:1030 - CMSIS Pack Vendor :STMicroelectronics X-CUBE-BLE1 6.2.4
2025-05-22 11:57:54,549 [INFO] ThirdParty:1030 - CMSIS Pack Vendor :STMicroelectronics FreeRTOS 0.0.1
2025-05-22 11:57:54,549 [INFO] ThirdParty:1030 - CMSIS Pack Vendor :emotas I-CUBE-CANOPEN 1.1.3
2025-05-22 11:57:54,549 [INFO] ThirdParty:1030 - CMSIS Pack Vendor :STMicroelectronics X-CUBE-BLEMGR 2.0.0
2025-05-22 11:57:54,549 [INFO] ThirdParty:1030 - CMSIS Pack Vendor :STMicroelectronics FP-SNS-FLIGHT1 5.0.2
2025-05-22 11:57:54,549 [INFO] ThirdParty:1030 - CMSIS Pack Vendor :STMicroelectronics X-CUBE-AI 9.0.0
2025-05-22 11:57:54,549 [INFO] ThirdParty:1030 - CMSIS Pack Vendor :STMicroelectronics X-CUBE-AZRTOS-H7 3.1.0
2025-05-22 11:57:54,549 [INFO] ThirdParty:1030 - CMSIS Pack Vendor :STMicroelectronics PDM2PCM 3.3.0
2025-05-22 11:57:54,549 [INFO] ThirdParty:1030 - CMSIS Pack Vendor :STMicroelectronics X-CUBE-DISPLAY 3.0.0
2025-05-22 11:57:54,549 [INFO] ThirdParty:1030 - CMSIS Pack Vendor :STMicroelectronics X-CUBE-BLE1 7.0.0
2025-05-22 11:57:54,549 [INFO] ThirdParty:1030 - CMSIS Pack Vendor :STMicroelectronics X-CUBE-NFC10 1.0.0
2025-05-22 11:57:54,549 [INFO] ThirdParty:1030 - CMSIS Pack Vendor :STMicroelectronics X-CUBE-FREERTOS 1.3.1
2025-05-22 11:57:54,549 [INFO] ThirdParty:1030 - CMSIS Pack Vendor :STMicroelectronics HAL Drivers 0.0.0
2025-05-22 11:57:54,549 [INFO] ThirdParty:1030 - CMSIS Pack Vendor :emotas I-CUBE-CANOPEN 1.3.0
2025-05-22 11:57:54,549 [INFO] ThirdParty:1030 - CMSIS Pack Vendor :STMicroelectronics X-CUBE-FREERTOS 1.3.0
2025-05-22 11:57:54,549 [INFO] ThirdParty:1030 - CMSIS Pack Vendor :STMicroelectronics X-CUBE-TOUCHGFX 4.22.0
2025-05-22 11:57:54,549 [INFO] ThirdParty:1030 - CMSIS Pack Vendor :STMicroelectronics X-CUBE-NFC7 1.0.1
2025-05-22 11:57:54,549 [INFO] ThirdParty:1030 - CMSIS Pack Vendor :STMicroelectronics MBEDTLS 2.14.1
2025-05-22 11:57:54,549 [INFO] ThirdParty:1030 - CMSIS Pack Vendor :STMicroelectronics X-CUBE-NFC7 1.0.0
2025-05-22 11:57:54,549 [INFO] ThirdParty:1030 - CMSIS Pack Vendor :STMicroelectronics X-CUBE-TOUCHGFX 4.22.1
2025-05-22 11:57:54,549 [INFO] ThirdParty:1030 - CMSIS Pack Vendor :wolfSSL I-CUBE-wolfTPM 3.2.0
2025-05-22 11:57:54,549 [INFO] ThirdParty:1030 - CMSIS Pack Vendor :STMicroelectronics X-CUBE-NFC6 3.0.0
2025-05-22 11:57:54,549 [INFO] ThirdParty:1030 - CMSIS Pack Vendor :STMicroelectronics X-CUBE-EEPRMA1 4.1.0
2025-05-22 11:57:54,549 [INFO] ThirdParty:1030 - CMSIS Pack Vendor :STMicroelectronics X-CUBE-BLEMGR 3.1.0
2025-05-22 11:57:54,549 [INFO] ThirdParty:1030 - CMSIS Pack Vendor :STMicroelectronics X-CUBE-AI 10.0.0
2025-05-22 11:57:54,549 [INFO] ThirdParty:1030 - CMSIS Pack Vendor :STMicroelectronics FP-SNS-SMARTAG2 1.2.0
2025-05-22 11:57:54,549 [INFO] ThirdParty:1030 - CMSIS Pack Vendor :STMicroelectronics X-CUBE-MEMS1 11.1.0
2025-05-22 11:57:54,550 [INFO] ThirdParty:1030 - CMSIS Pack Vendor :STMicroelectronics X-CUBE-AZRTOS-WL 2.0.0
2025-05-22 11:57:54,550 [INFO] ThirdParty:1030 - CMSIS Pack Vendor :STMicroelectronics FP-SNS-MOTENV1 5.0.0
2025-05-22 11:57:54,550 [INFO] ThirdParty:1030 - CMSIS Pack Vendor :STMicroelectronics USB_DEVICE 1.0.0
2025-05-22 11:57:54,550 [INFO] ThirdParty:1030 - CMSIS Pack Vendor :STMicroelectronics X-CUBE-AI 8.1.0
2025-05-22 11:57:54,550 [INFO] ThirdParty:1030 - CMSIS Pack Vendor :wolfSSL I-CUBE-wolfMQTT 1.19.0
2025-05-22 11:57:54,550 [INFO] ThirdParty:1030 - CMSIS Pack Vendor :STMicroelectronics X-CUBE-AZRTOS-L4 2.0.0
2025-05-22 11:57:54,550 [INFO] ThirdParty:1030 - CMSIS Pack Vendor :STMicroelectronics ThreadX 0.0.2
2025-05-22 11:57:54,550 [INFO] ThirdParty:1030 - CMSIS Pack Vendor :WES I-CUBE-Cesium 1.3.0
2025-05-22 11:57:54,550 [INFO] ThirdParty:1030 - CMSIS Pack Vendor :STMicroelectronics lwIP 2.1.2
2025-05-22 11:57:54,550 [INFO] ThirdParty:1030 - CMSIS Pack Vendor :STMicroelectronics X-CUBE-SFXS2LP1 4.0.0
2025-05-22 11:57:54,550 [INFO] ThirdParty:1030 - CMSIS Pack Vendor :STMicroelectronics X-CUBE-BLE2 3.3.0
2025-05-22 11:57:54,550 [INFO] ThirdParty:1030 - CMSIS Pack Vendor :STMicroelectronics PDM2PCM 3.2.0
2025-05-22 11:57:54,550 [INFO] ThirdParty:1030 - CMSIS Pack Vendor :STMicroelectronics X-CUBE-ISPU 1.1.0
2025-05-22 11:57:54,550 [INFO] ThirdParty:1030 - CMSIS Pack Vendor :STMicroelectronics X-CUBE-AZRTOS-H7 3.3.0
2025-05-22 11:57:54,550 [INFO] ThirdParty:1030 - CMSIS Pack Vendor :STMicroelectronics X-CUBE-NFC9 1.0.0
2025-05-22 11:57:54,550 [INFO] ThirdParty:1030 - CMSIS Pack Vendor :STMicroelectronics X-CUBE-BLE1 7.1.0
2025-05-22 11:57:54,550 [INFO] ThirdParty:1030 - CMSIS Pack Vendor :STMicroelectronics USB_DEVICE 3.0.0
2025-05-22 11:57:54,550 [INFO] ThirdParty:1030 - CMSIS Pack Vendor :STMicroelectronics X-CUBE-TCPP 4.1.0
2025-05-22 11:57:54,550 [INFO] ThirdParty:1030 - CMSIS Pack Vendor :STMicroelectronics X-CUBE-AZRTOS-WB 2.0.0
2025-05-22 11:57:54,550 [INFO] ThirdParty:1030 - CMSIS Pack Vendor :STMicroelectronics X-CUBE-FREERTOS 1.0.1
2025-05-22 11:57:54,550 [INFO] ThirdParty:1030 - CMSIS Pack Vendor :STMicroelectronics X-CUBE-GNSS1 7.0.1
2025-05-22 11:57:54,550 [INFO] ThirdParty:1030 - CMSIS Pack Vendor :STMicroelectronics X-CUBE-TOUCHGFX 4.21.4
2025-05-22 11:57:54,550 [INFO] ThirdParty:1030 - CMSIS Pack Vendor :STMicroelectronics X-CUBE-TOUCHGFX 4.25.0
2025-05-22 11:57:54,550 [INFO] ThirdParty:1030 - CMSIS Pack Vendor :STMicroelectronics X-CUBE-ALGOBUILD 1.3.0
2025-05-22 11:57:54,550 [INFO] ThirdParty:1030 - CMSIS Pack Vendor :STMicroelectronics X-CUBE-AZRTOS-L5 1.1.0
2025-05-22 11:57:54,550 [INFO] ThirdParty:1030 - CMSIS Pack Vendor :STMicroelectronics X-CUBE-MEMS1 11.2.0
2025-05-22 11:57:54,550 [INFO] ThirdParty:1030 - CMSIS Pack Vendor :STMicroelectronics X-CUBE-AZRTOS-G0 1.1.0
2025-05-22 11:57:54,550 [INFO] ThirdParty:1030 - CMSIS Pack Vendor :STMicroelectronics X-CUBE-AI 8.0.1
2025-05-22 11:57:54,550 [INFO] ThirdParty:1030 - CMSIS Pack Vendor :STMicroelectronics X-CUBE-SAFEA1 1.2.2
2025-05-22 11:57:54,550 [INFO] ThirdParty:1030 - CMSIS Pack Vendor :STMicroelectronics X-CUBE-NFC4 3.0.0
2025-05-22 11:57:54,550 [INFO] ThirdParty:1030 - CMSIS Pack Vendor :STMicroelectronics X-CUBE-SUBG2 5.0.0
2025-05-22 11:57:54,550 [INFO] ThirdParty:1030 - CMSIS Pack Vendor :STMicroelectronics X-CUBE-AZRTOS-H7RS 1.1.0
2025-05-22 11:57:54,550 [INFO] ThirdParty:1030 - CMSIS Pack Vendor :STMicroelectronics STM32_WPAN 1.0.0
2025-05-22 11:57:54,550 [INFO] ThirdParty:1030 - CMSIS Pack Vendor :wolfSSL I-CUBE-wolfMQTT 1.18.0
2025-05-22 11:57:54,550 [INFO] ThirdParty:1030 - CMSIS Pack Vendor :STMicroelectronics lwIP 2.0.3
2025-05-22 11:57:54,550 [INFO] ThirdParty:1030 - CMSIS Pack Vendor :Cesanta I-CUBE-Mongoose 7.13.0
2025-05-22 11:57:54,550 [INFO] ThirdParty:1030 - CMSIS Pack Vendor :STMicroelectronics USB_HOST 1.0.0
2025-05-22 11:57:54,550 [INFO] ThirdParty:1030 - CMSIS Pack Vendor :STMicroelectronics X-CUBE-TOF1 3.3.1
2025-05-22 11:57:54,550 [INFO] ThirdParty:1030 - CMSIS Pack Vendor :STMicroelectronics X-CUBE-AZRTOS-G4 2.0.0
2025-05-22 11:57:54,550 [INFO] ThirdParty:1030 - CMSIS Pack Vendor :STMicroelectronics X-CUBE-WB05N 2.0.0
2025-05-22 11:57:54,550 [INFO] ThirdParty:1030 - CMSIS Pack Vendor :STMicroelectronics PDM2PCM 3.1.0
2025-05-22 11:57:54,550 [INFO] ThirdParty:1030 - CMSIS Pack Vendor :STMicroelectronics X-CUBE-TOF1 3.3.0
2025-05-22 11:57:54,550 [INFO] ThirdParty:1030 - CMSIS Pack Vendor :Infineon AIROC-Wi-Fi-Bluetooth-STM32 1.5.1
2025-05-22 11:57:54,550 [INFO] ThirdParty:1030 - CMSIS Pack Vendor :STMicroelectronics X-CUBE-BLEMGR 3.0.0
2025-05-22 11:57:54,550 [INFO] ThirdParty:1030 - CMSIS Pack Vendor :STMicroelectronics FP-SNS-MOTENVWB1 1.3.0
2025-05-22 11:57:54,550 [INFO] ThirdParty:1030 - CMSIS Pack Vendor :STMicroelectronics X-CUBE-NFC7 2.0.0
2025-05-22 11:57:54,550 [INFO] ThirdParty:1030 - CMSIS Pack Vendor :STMicroelectronics FP-SNS-MOTENVWB1 1.3.1
2025-05-22 11:57:54,550 [INFO] ThirdParty:1030 - CMSIS Pack Vendor :STMicroelectronics FP-ATR-SIGFOX1 3.2.0
2025-05-22 11:57:54,550 [INFO] ThirdParty:1030 - CMSIS Pack Vendor :STMicroelectronics X-CUBE-AZRTOS-L4 1.0.0
2025-05-22 11:57:54,550 [INFO] ThirdParty:1030 - CMSIS Pack Vendor :STMicroelectronics X-CUBE-ISPU 2.0.0
2025-05-22 11:57:54,550 [INFO] ThirdParty:1030 - CMSIS Pack Vendor :STMicroelectronics X-CUBE-EEPRMA1 5.1.0
2025-05-22 11:57:54,551 [INFO] ThirdParty:1030 - CMSIS Pack Vendor :STMicroelectronics MBEDTLS 2.16.2
2025-05-22 11:57:54,551 [INFO] ThirdParty:1030 - CMSIS Pack Vendor :STMicroelectronics X-CUBE-ALS 1.0.2
2025-05-22 11:57:54,551 [INFO] ThirdParty:1030 - CMSIS Pack Vendor :STMicroelectronics X-CUBE-MEMS1 10.0.0
2025-05-22 11:57:54,551 [INFO] ThirdParty:1030 - CMSIS Pack Vendor :STMicroelectronics X-CUBE-FREERTOS 1.1.0
2025-05-22 11:57:54,551 [INFO] ThirdParty:1030 - CMSIS Pack Vendor :wolfSSL I-CUBE-wolfSSL 5.7.6
2025-05-22 11:57:54,551 [INFO] ThirdParty:1030 - CMSIS Pack Vendor :STMicroelectronics X-CUBE-TOUCHGFX 4.24.0
2025-05-22 11:57:54,551 [INFO] ThirdParty:1030 - CMSIS Pack Vendor :ITTIA_DB I-CUBE-ITTIADB 8.9.0
2025-05-22 11:57:54,551 [INFO] ThirdParty:1030 - CMSIS Pack Vendor :STMicroelectronics X-CUBE-TOUCHGFX 4.24.2
2025-05-22 11:57:54,551 [INFO] ThirdParty:1030 - CMSIS Pack Vendor :STMicroelectronics X-CUBE-AZRTOS-WL 1.0.0
2025-05-22 11:57:54,551 [INFO] ThirdParty:1030 - CMSIS Pack Vendor :STMicroelectronics X-CUBE-TOUCHGFX 4.24.1
2025-05-22 11:57:54,551 [INFO] ThirdParty:1030 - CMSIS Pack Vendor :wolfSSL I-CUBE-wolfTPM 3.4.0
2025-05-22 11:57:54,551 [INFO] ThirdParty:1030 - CMSIS Pack Vendor :portGmbH I-Cube-SoM-uGOAL 1.1.0
2025-05-22 11:57:54,551 [INFO] ThirdParty:1030 - CMSIS Pack Vendor :STMicroelectronics X-CUBE-ALS 1.0.1
2025-05-22 11:57:54,551 [INFO] ThirdParty:1030 - CMSIS Pack Vendor :STMicroelectronics ThreadX 1.0.0
2025-05-22 11:57:54,551 [INFO] ThirdParty:1030 - CMSIS Pack Vendor :STMicroelectronics X-CUBE-AZRTOS-WB 1.1.0
2025-05-22 11:57:54,551 [INFO] ThirdParty:1030 - CMSIS Pack Vendor :SEGGER I-CUBE-embOS 1.3.1
2025-05-22 11:57:54,551 [INFO] ThirdParty:1030 - CMSIS Pack Vendor :STMicroelectronics X-CUBE-ALGOBUILD 1.4.0
2025-05-22 11:57:54,551 [INFO] ThirdParty:1030 - CMSIS Pack Vendor :STMicroelectronics X-CUBE-AZRTOS-H7RS 1.0.0
2025-05-22 11:57:54,551 [INFO] ThirdParty:1030 - CMSIS Pack Vendor :STMicroelectronics FP-ATR-ASTRA1 2.0.0
2025-05-22 11:57:54,551 [INFO] ThirdParty:1030 - CMSIS Pack Vendor :STMicroelectronics X-CUBE-AI 9.1.0
2025-05-22 11:57:54,551 [INFO] ThirdParty:1030 - CMSIS Pack Vendor :STMicroelectronics X-CUBE-TOF1 3.4.0
2025-05-22 11:57:54,551 [INFO] ThirdParty:1030 - CMSIS Pack Vendor :STMicroelectronics X-CUBE-TOF1 3.4.1
2025-05-22 11:57:54,551 [INFO] ThirdParty:1030 - CMSIS Pack Vendor :STMicroelectronics X-CUBE-AZRTOS-H7 3.2.0
2025-05-22 11:57:54,551 [INFO] ThirdParty:1030 - CMSIS Pack Vendor :wolfSSL I-CUBE-wolfSSH 1.4.17
2025-05-22 11:57:54,551 [INFO] ThirdParty:841 - exiting critical section [change project]
2025-05-22 11:57:54,643 [INFO] PinOutPanel:1499 - setPackage(No Configuration,No Configuration)
2025-05-22 11:57:54,643 [INFO] PinOutPanel:1499 - setPackage(STM32F103CBTx,LQFP48)
2025-05-22 11:57:54,809 [INFO] UtilMem:75 - Before build in PCC Used Memory: 343144008 Bytes (730857472)
2025-05-22 11:57:55,045 [INFO] UtilMem:75 - After build in PCC Used Memory: 418641480 Bytes (730857472)
2025-05-22 11:57:55,060 [INFO] IPUIPlugin:80 - create IPUIPlugin
2025-05-22 11:57:55,060 [INFO] IPUIPlugin:80 - create IPUIPlugin
2025-05-22 11:57:55,060 [INFO] IPUIPlugin:80 - create IPUIPlugin
2025-05-22 11:57:55,060 [INFO] IPUIPlugin:80 - create IPUIPlugin
2025-05-22 11:57:55,060 [INFO] IPUIPlugin:80 - create IPUIPlugin
2025-05-22 11:57:55,060 [INFO] IPUIPlugin:80 - create IPUIPlugin
2025-05-22 11:57:55,060 [INFO] IPUIPlugin:80 - create IPUIPlugin
2025-05-22 11:57:55,060 [INFO] IPUIPlugin:80 - create IPUIPlugin
2025-05-22 11:57:55,060 [INFO] IPUIPlugin:80 - create IPUIPlugin
2025-05-22 11:57:55,060 [INFO] IPUIPlugin:80 - create IPUIPlugin
2025-05-22 11:57:55,060 [INFO] IPUIPlugin:80 - create IPUIPlugin
2025-05-22 11:57:55,060 [INFO] IPUIPlugin:80 - create IPUIPlugin
2025-05-22 11:57:55,060 [INFO] IPUIPlugin:80 - create IPUIPlugin
2025-05-22 11:57:55,060 [INFO] IPUIPlugin:80 - create IPUIPlugin
2025-05-22 11:57:55,060 [INFO] IPUIPlugin:80 - create IPUIPlugin
2025-05-22 11:57:55,060 [INFO] IPUIPlugin:80 - create IPUIPlugin
2025-05-22 11:57:55,061 [INFO] IPUIPlugin:80 - create IPUIPlugin
2025-05-22 11:57:55,061 [INFO] IPUIPlugin:80 - create IPUIPlugin
2025-05-22 11:57:55,061 [INFO] IPUIPlugin:80 - create IPUIPlugin
2025-05-22 11:57:55,061 [INFO] IPUIPlugin:80 - create IPUIPlugin
2025-05-22 11:57:55,061 [INFO] IPUIPlugin:80 - create IPUIPlugin
2025-05-22 11:57:55,062 [INFO] IPUIPlugin:80 - create IPUIPlugin
2025-05-22 11:57:55,062 [INFO] IPUIPlugin:80 - create IPUIPlugin
2025-05-22 11:57:55,062 [INFO] IPUIPlugin:80 - create IPUIPlugin
2025-05-22 11:57:55,062 [INFO] IPUIPlugin:80 - create IPUIPlugin
2025-05-22 11:57:55,062 [INFO] IPUIPlugin:80 - create IPUIPlugin
2025-05-22 11:57:55,062 [INFO] IPUIPlugin:80 - create IPUIPlugin
2025-05-22 11:57:55,066 [WARN] IP:2114 - I2C_Coeff_DF not found: check if there is a RefParameter without a condition.
2025-05-22 11:57:55,066 [WARN] IP:2114 - Analog_Filter not found: check if there is a RefParameter without a condition.
2025-05-22 11:57:55,107 [INFO] CADModel:165 - CPN selected for project levelSTM32F103CBT6
2025-05-22 11:57:55,108 [INFO] CADModel:114 - Register for checkConnection events
2025-05-22 11:57:55,161 [INFO] OpenFileManager:328 - Restore cursor
2025-05-22 11:57:55,314 [WARN] IP:2114 - I2C_Coeff_DF not found: check if there is a RefParameter without a condition.
2025-05-22 11:57:55,314 [WARN] IP:2114 - Analog_Filter not found: check if there is a RefParameter without a condition.
2025-05-22 11:57:55,315 [WARN] IP:2114 - I2C_Coeff_DF not found: check if there is a RefParameter without a condition.
2025-05-22 11:57:55,315 [WARN] IP:2114 - Analog_Filter not found: check if there is a RefParameter without a condition.
2025-05-22 11:58:18,998 [WARN] IP:2114 - I2C_Coeff_DF not found: check if there is a RefParameter without a condition.
2025-05-22 11:58:18,998 [WARN] IP:2114 - Analog_Filter not found: check if there is a RefParameter without a condition.
2025-05-22 11:59:35,945 [INFO] MainUpdater:2868 - connection check result : 10
2025-05-22 11:59:35,945 [INFO] MainUpdater:2868 - connection check result : 10
2025-05-22 11:59:36,048 [INFO] MicroXplorer:468 - Change Database Path : 
2025-05-22 11:59:36,048 [INFO] MicroXplorer:498 - Change Database Version : DB.6.0.90
2025-05-22 11:59:36,071 [WARN] ThirdParty:871 - waiting for thirdparty lock release [close project]
2025-05-22 11:59:36,071 [INFO] ThirdParty:873 - entering critical section [close project]
2025-05-22 11:59:36,071 [INFO] ThirdParty:883 - exiting critical section [close project]
2025-05-22 11:59:36,072 [INFO] PinOutPanel:1499 - setPackage(No Configuration,No Configuration)
2025-05-22 11:59:36,076 [INFO] UtilMem:75 - Begin LoadConfig() Used Memory: 624115968 Bytes (951058432)
2025-05-22 11:59:36,076 [INFO] MicroXplorer:468 - Change Database Path : 
2025-05-22 11:59:36,076 [INFO] MicroXplorer:498 - Change Database Version : DB.6.0.90
2025-05-22 11:59:36,076 [INFO] OpenFileManager:308 - Change cursor
2025-05-22 11:59:36,085 [INFO] Mcu:1946 - Initializing MCU STM32F103C(8-B)Tx STM32F103CBTx STM32F103CBT6
2025-05-22 11:59:36,471 [INFO] Context:659 - Trying to add GPIOservice into a context  which must be forbidden
2025-05-22 11:59:36,684 [INFO] RtosManager:555 - Registered RTOS mode: class=CMSIS, group=RTOS, mode=CMSIS_V1, owner=FREERTOS
2025-05-22 11:59:36,684 [INFO] RtosManager:555 - Registered RTOS mode: class=CMSIS, group=RTOS2, mode=CMSIS_V2, owner=FREERTOS
2025-05-22 11:59:36,684 [INFO] RtosManager:555 - Registered RTOS mode: class=RTOS, group=Core, mode=CMSIS_V1, owner=FREERTOS
2025-05-22 11:59:36,684 [INFO] RtosManager:555 - Registered RTOS mode: class=RTOS, group=Core, mode=CMSIS_V2, owner=FREERTOS
2025-05-22 11:59:36,684 [WARN] ModelIntegratedComponent:184 - Missing modes for component STMicroelectronics:FreeRTOS:0.0.1:STMicroelectronics:RTOS:FreeRTOS:Core:::10.2.0:
2025-05-22 11:59:36,687 [WARN] ModelIntegratedComponent:63 - No mode defined for component null
2025-05-22 11:59:36,687 [WARN] ModelIntegratedComponent:63 - No mode defined for component null
2025-05-22 11:59:36,687 [WARN] ModelIntegratedComponent:63 - No mode defined for component null
2025-05-22 11:59:36,687 [WARN] ModelIntegratedComponent:63 - No mode defined for component null
2025-05-22 11:59:36,687 [WARN] ModelIntegratedComponent:63 - No mode defined for component null
2025-05-22 11:59:36,687 [WARN] ModelIntegratedComponent:63 - No mode defined for component null
2025-05-22 11:59:36,687 [WARN] ModelIntegratedComponent:63 - No mode defined for component null
2025-05-22 11:59:36,687 [WARN] ModelIntegratedComponent:63 - No mode defined for component null
2025-05-22 11:59:36,687 [WARN] ModelIntegratedComponent:63 - No mode defined for component null
2025-05-22 11:59:36,687 [WARN] ModelIntegratedComponent:63 - No mode defined for component null
2025-05-22 11:59:36,687 [WARN] ModelIntegratedComponent:63 - No mode defined for component null
2025-05-22 11:59:36,689 [WARN] ModelIntegratedComponent:63 - No mode defined for component null
2025-05-22 11:59:36,689 [WARN] ModelIntegratedComponent:63 - No mode defined for component null
2025-05-22 11:59:36,689 [WARN] ModelIntegratedComponent:63 - No mode defined for component null
2025-05-22 11:59:36,689 [WARN] ModelIntegratedComponent:63 - No mode defined for component null
2025-05-22 11:59:36,689 [WARN] ModelIntegratedComponent:63 - No mode defined for component null
2025-05-22 11:59:36,689 [WARN] ModelIntegratedComponent:63 - No mode defined for component null
2025-05-22 11:59:36,689 [WARN] ModelIntegratedComponent:63 - No mode defined for component null
2025-05-22 11:59:36,689 [WARN] ModelIntegratedComponent:63 - No mode defined for component null
2025-05-22 11:59:36,689 [WARN] ModelIntegratedComponent:63 - No mode defined for component null
2025-05-22 11:59:36,689 [WARN] ModelIntegratedComponent:63 - No mode defined for component null
2025-05-22 11:59:36,689 [WARN] ModelIntegratedComponent:63 - No mode defined for component null
2025-05-22 11:59:36,689 [WARN] ModelIntegratedComponent:63 - No mode defined for component null
2025-05-22 11:59:36,689 [WARN] ModelIntegratedComponent:63 - No mode defined for component null
2025-05-22 11:59:36,689 [WARN] ModelIntegratedComponent:63 - No mode defined for component null
2025-05-22 11:59:36,689 [WARN] ModelIntegratedComponent:63 - No mode defined for component null
2025-05-22 11:59:36,689 [WARN] ModelIntegratedComponent:63 - No mode defined for component null
2025-05-22 11:59:36,689 [WARN] ModelIntegratedComponent:63 - No mode defined for component null
2025-05-22 11:59:36,689 [WARN] ModelIntegratedComponent:63 - No mode defined for component null
2025-05-22 11:59:36,689 [WARN] ModelIntegratedComponent:63 - No mode defined for component null
2025-05-22 11:59:36,689 [WARN] ModelIntegratedComponent:63 - No mode defined for component null
2025-05-22 11:59:36,689 [WARN] ModelIntegratedComponent:63 - No mode defined for component null
2025-05-22 11:59:36,689 [WARN] ModelIntegratedComponent:63 - No mode defined for component null
2025-05-22 11:59:36,974 [INFO] ThirdPartyModel:298 - Start build external matchings
2025-05-22 11:59:39,500 [INFO] ThirdPartyModel:316 - End build external matchings
2025-05-22 11:59:39,534 [INFO] ImportTextPane:194 - (OptionalMessage_ERROR) IP (RCC) : Parameter (ADCFreqValue) has invalid value (36000000)
2025-05-22 11:59:39,534 [INFO] ImportTextPane:194 - (OptionalMessage_ERROR) IP (RCC) : Invalid parameter (FamilyName)
2025-05-22 11:59:39,534 [INFO] ImportTextPane:194 - (OptionalMessage_ERROR) IP (RCC) : Parameter (MCOFreq_Value) has invalid value (72000000)
2025-05-22 11:59:39,534 [INFO] ImportTextPane:194 - (OptionalMessage_ERROR) IP (RCC) : Parameter (USBFreq_Value) has invalid value (72000000)
2025-05-22 11:59:39,717 [INFO] UtilMem:75 - End LoadConfig() Used Memory: 861192208 Bytes (1073741824)
2025-05-22 11:59:39,772 [WARN] ThirdParty:833 - waiting for thirdparty lock release [change project]
2025-05-22 11:59:39,773 [INFO] ThirdParty:835 - entering critical section [change project]
2025-05-22 11:59:39,773 [INFO] ThirdParty:1030 - CMSIS Pack Vendor :STMicroelectronics USBPD 4.1
2025-05-22 11:59:39,773 [INFO] ThirdParty:1030 - CMSIS Pack Vendor :STMicroelectronics X-CUBE-GNSS1 6.0.0
2025-05-22 11:59:39,773 [INFO] ThirdParty:1030 - CMSIS Pack Vendor :STMicroelectronics USB_HOST 2.0.0
2025-05-22 11:59:39,773 [INFO] ThirdParty:1030 - CMSIS Pack Vendor :STMicroelectronics FP-SNS-MOTENVWB1 1.4.0
2025-05-22 11:59:39,773 [INFO] ThirdParty:1030 - CMSIS Pack Vendor :STMicroelectronics X-CUBE-AZRTOS-F4 1.1.0
2025-05-22 11:59:39,773 [INFO] ThirdParty:1030 - CMSIS Pack Vendor :STMicroelectronics LIBJPEG 8.0.0
2025-05-22 11:59:39,773 [INFO] ThirdParty:1030 - CMSIS Pack Vendor :STMicroelectronics FP-ATR-ASTRA1 2.0.2
2025-05-22 11:59:39,773 [INFO] ThirdParty:1030 - CMSIS Pack Vendor :STMicroelectronics FP-ATR-ASTRA1 2.0.1
2025-05-22 11:59:39,773 [INFO] ThirdParty:1030 - CMSIS Pack Vendor :STMicroelectronics X-CUBE-SMBUS 2.1.0
2025-05-22 11:59:39,773 [INFO] ThirdParty:1030 - CMSIS Pack Vendor :STMicroelectronics X-CUBE-WB05N 1.1.0
2025-05-22 11:59:39,773 [INFO] ThirdParty:1030 - CMSIS Pack Vendor :wolfSSL I-CUBE-wolfSSL 5.6.0
2025-05-22 11:59:39,773 [INFO] ThirdParty:1030 - CMSIS Pack Vendor :STMicroelectronics X-CUBE-ISPU 2.1.0
2025-05-22 11:59:39,773 [INFO] ThirdParty:1030 - CMSIS Pack Vendor :STMicroelectronics X-CUBE-FREERTOS 1.2.0
2025-05-22 11:59:39,773 [INFO] ThirdParty:1030 - CMSIS Pack Vendor :STMicroelectronics X-CUBE-TOUCHGFX 4.23.0
2025-05-22 11:59:39,773 [INFO] ThirdParty:1030 - CMSIS Pack Vendor :STMicroelectronics X-CUBE-TOUCHGFX 4.23.2
2025-05-22 11:59:39,773 [INFO] ThirdParty:1030 - CMSIS Pack Vendor :STMicroelectronics X-CUBE-AZRTOS-F7 1.1.0
2025-05-22 11:59:39,773 [INFO] ThirdParty:1030 - CMSIS Pack Vendor :STMicroelectronics X-CUBE-AZRTOS-L5 2.0.0
2025-05-22 11:59:39,773 [INFO] ThirdParty:1030 - CMSIS Pack Vendor :STMicroelectronics USB_DEVICE 2.0.0
2025-05-22 11:59:39,774 [INFO] ThirdParty:1030 - CMSIS Pack Vendor :STMicroelectronics X-CUBE-MEMS1 9.6.0
2025-05-22 11:59:39,774 [INFO] ThirdParty:1030 - CMSIS Pack Vendor :STMicroelectronics X-CUBE-EEPRMA1 4.2.0
2025-05-22 11:59:39,774 [INFO] ThirdParty:1030 - CMSIS Pack Vendor :STMicroelectronics X-CUBE-NFC6 3.1.0
2025-05-22 11:59:39,774 [INFO] ThirdParty:1030 - CMSIS Pack Vendor :ITTIA_DB I-CUBE-ITTIADB 8.8.0
2025-05-22 11:59:39,774 [INFO] ThirdParty:1030 - CMSIS Pack Vendor :STMicroelectronics FP-SNS-MOTENV1 4.3.0
2025-05-22 11:59:39,774 [INFO] ThirdParty:1030 - CMSIS Pack Vendor :STMicroelectronics FP-SNS-MOTENV1 4.3.2
2025-05-22 11:59:39,774 [INFO] ThirdParty:1030 - CMSIS Pack Vendor :STMicroelectronics FP-SNS-FLIGHT1 5.0.0
2025-05-22 11:59:39,774 [INFO] ThirdParty:1030 - CMSIS Pack Vendor :STMicroelectronics X-CUBE-BLE1 6.2.4
2025-05-22 11:59:39,774 [INFO] ThirdParty:1030 - CMSIS Pack Vendor :STMicroelectronics FreeRTOS 0.0.1
2025-05-22 11:59:39,774 [INFO] ThirdParty:1030 - CMSIS Pack Vendor :emotas I-CUBE-CANOPEN 1.1.3
2025-05-22 11:59:39,774 [INFO] ThirdParty:1030 - CMSIS Pack Vendor :STMicroelectronics X-CUBE-BLEMGR 2.0.0
2025-05-22 11:59:39,774 [INFO] ThirdParty:1030 - CMSIS Pack Vendor :STMicroelectronics FP-SNS-FLIGHT1 5.0.2
2025-05-22 11:59:39,774 [INFO] ThirdParty:1030 - CMSIS Pack Vendor :STMicroelectronics X-CUBE-AI 9.0.0
2025-05-22 11:59:39,774 [INFO] ThirdParty:1030 - CMSIS Pack Vendor :STMicroelectronics X-CUBE-AZRTOS-H7 3.1.0
2025-05-22 11:59:39,774 [INFO] ThirdParty:1030 - CMSIS Pack Vendor :STMicroelectronics PDM2PCM 3.3.0
2025-05-22 11:59:39,774 [INFO] ThirdParty:1030 - CMSIS Pack Vendor :STMicroelectronics X-CUBE-DISPLAY 3.0.0
2025-05-22 11:59:39,774 [INFO] ThirdParty:1030 - CMSIS Pack Vendor :STMicroelectronics X-CUBE-BLE1 7.0.0
2025-05-22 11:59:39,774 [INFO] ThirdParty:1030 - CMSIS Pack Vendor :STMicroelectronics X-CUBE-NFC10 1.0.0
2025-05-22 11:59:39,774 [INFO] ThirdParty:1030 - CMSIS Pack Vendor :STMicroelectronics X-CUBE-FREERTOS 1.3.1
2025-05-22 11:59:39,774 [INFO] ThirdParty:1030 - CMSIS Pack Vendor :STMicroelectronics HAL Drivers 0.0.0
2025-05-22 11:59:39,774 [INFO] ThirdParty:1030 - CMSIS Pack Vendor :emotas I-CUBE-CANOPEN 1.3.0
2025-05-22 11:59:39,774 [INFO] ThirdParty:1030 - CMSIS Pack Vendor :STMicroelectronics X-CUBE-FREERTOS 1.3.0
2025-05-22 11:59:39,774 [INFO] ThirdParty:1030 - CMSIS Pack Vendor :STMicroelectronics X-CUBE-TOUCHGFX 4.22.0
2025-05-22 11:59:39,774 [INFO] ThirdParty:1030 - CMSIS Pack Vendor :STMicroelectronics X-CUBE-NFC7 1.0.1
2025-05-22 11:59:39,774 [INFO] ThirdParty:1030 - CMSIS Pack Vendor :STMicroelectronics MBEDTLS 2.14.1
2025-05-22 11:59:39,774 [INFO] ThirdParty:1030 - CMSIS Pack Vendor :STMicroelectronics X-CUBE-NFC7 1.0.0
2025-05-22 11:59:39,774 [INFO] ThirdParty:1030 - CMSIS Pack Vendor :STMicroelectronics X-CUBE-TOUCHGFX 4.22.1
2025-05-22 11:59:39,774 [INFO] ThirdParty:1030 - CMSIS Pack Vendor :wolfSSL I-CUBE-wolfTPM 3.2.0
2025-05-22 11:59:39,775 [INFO] ThirdParty:1030 - CMSIS Pack Vendor :STMicroelectronics X-CUBE-NFC6 3.0.0
2025-05-22 11:59:39,775 [INFO] ThirdParty:1030 - CMSIS Pack Vendor :STMicroelectronics X-CUBE-EEPRMA1 4.1.0
2025-05-22 11:59:39,775 [INFO] ThirdParty:1030 - CMSIS Pack Vendor :STMicroelectronics X-CUBE-BLEMGR 3.1.0
2025-05-22 11:59:39,775 [INFO] ThirdParty:1030 - CMSIS Pack Vendor :STMicroelectronics X-CUBE-AI 10.0.0
2025-05-22 11:59:39,775 [INFO] ThirdParty:1030 - CMSIS Pack Vendor :STMicroelectronics FP-SNS-SMARTAG2 1.2.0
2025-05-22 11:59:39,775 [INFO] ThirdParty:1030 - CMSIS Pack Vendor :STMicroelectronics X-CUBE-MEMS1 11.1.0
2025-05-22 11:59:39,775 [INFO] ThirdParty:1030 - CMSIS Pack Vendor :STMicroelectronics X-CUBE-AZRTOS-WL 2.0.0
2025-05-22 11:59:39,775 [INFO] ThirdParty:1030 - CMSIS Pack Vendor :STMicroelectronics FP-SNS-MOTENV1 5.0.0
2025-05-22 11:59:39,775 [INFO] ThirdParty:1030 - CMSIS Pack Vendor :STMicroelectronics USB_DEVICE 1.0.0
2025-05-22 11:59:39,775 [INFO] ThirdParty:1030 - CMSIS Pack Vendor :STMicroelectronics X-CUBE-AI 8.1.0
2025-05-22 11:59:39,775 [INFO] ThirdParty:1030 - CMSIS Pack Vendor :wolfSSL I-CUBE-wolfMQTT 1.19.0
2025-05-22 11:59:39,775 [INFO] ThirdParty:1030 - CMSIS Pack Vendor :STMicroelectronics X-CUBE-AZRTOS-L4 2.0.0
2025-05-22 11:59:39,775 [INFO] ThirdParty:1030 - CMSIS Pack Vendor :STMicroelectronics ThreadX 0.0.2
2025-05-22 11:59:39,775 [INFO] ThirdParty:1030 - CMSIS Pack Vendor :WES I-CUBE-Cesium 1.3.0
2025-05-22 11:59:39,775 [INFO] ThirdParty:1030 - CMSIS Pack Vendor :STMicroelectronics lwIP 2.1.2
2025-05-22 11:59:39,775 [INFO] ThirdParty:1030 - CMSIS Pack Vendor :STMicroelectronics X-CUBE-SFXS2LP1 4.0.0
2025-05-22 11:59:39,775 [INFO] ThirdParty:1030 - CMSIS Pack Vendor :STMicroelectronics X-CUBE-BLE2 3.3.0
2025-05-22 11:59:39,775 [INFO] ThirdParty:1030 - CMSIS Pack Vendor :STMicroelectronics PDM2PCM 3.2.0
2025-05-22 11:59:39,775 [INFO] ThirdParty:1030 - CMSIS Pack Vendor :STMicroelectronics X-CUBE-ISPU 1.1.0
2025-05-22 11:59:39,775 [INFO] ThirdParty:1030 - CMSIS Pack Vendor :STMicroelectronics X-CUBE-AZRTOS-H7 3.3.0
2025-05-22 11:59:39,776 [INFO] ThirdParty:1030 - CMSIS Pack Vendor :STMicroelectronics X-CUBE-NFC9 1.0.0
2025-05-22 11:59:39,776 [INFO] ThirdParty:1030 - CMSIS Pack Vendor :STMicroelectronics X-CUBE-BLE1 7.1.0
2025-05-22 11:59:39,776 [INFO] ThirdParty:1030 - CMSIS Pack Vendor :STMicroelectronics USB_DEVICE 3.0.0
2025-05-22 11:59:39,776 [INFO] ThirdParty:1030 - CMSIS Pack Vendor :STMicroelectronics X-CUBE-TCPP 4.1.0
2025-05-22 11:59:39,776 [INFO] ThirdParty:1030 - CMSIS Pack Vendor :STMicroelectronics X-CUBE-AZRTOS-WB 2.0.0
2025-05-22 11:59:39,776 [INFO] ThirdParty:1030 - CMSIS Pack Vendor :STMicroelectronics X-CUBE-FREERTOS 1.0.1
2025-05-22 11:59:39,776 [INFO] ThirdParty:1030 - CMSIS Pack Vendor :STMicroelectronics X-CUBE-GNSS1 7.0.1
2025-05-22 11:59:39,776 [INFO] ThirdParty:1030 - CMSIS Pack Vendor :STMicroelectronics X-CUBE-TOUCHGFX 4.21.4
2025-05-22 11:59:39,776 [INFO] ThirdParty:1030 - CMSIS Pack Vendor :STMicroelectronics X-CUBE-TOUCHGFX 4.25.0
2025-05-22 11:59:39,776 [INFO] ThirdParty:1030 - CMSIS Pack Vendor :STMicroelectronics X-CUBE-ALGOBUILD 1.3.0
2025-05-22 11:59:39,776 [INFO] ThirdParty:1030 - CMSIS Pack Vendor :STMicroelectronics X-CUBE-AZRTOS-L5 1.1.0
2025-05-22 11:59:39,776 [INFO] ThirdParty:1030 - CMSIS Pack Vendor :STMicroelectronics X-CUBE-MEMS1 11.2.0
2025-05-22 11:59:39,776 [INFO] ThirdParty:1030 - CMSIS Pack Vendor :STMicroelectronics X-CUBE-AZRTOS-G0 1.1.0
2025-05-22 11:59:39,776 [INFO] ThirdParty:1030 - CMSIS Pack Vendor :STMicroelectronics X-CUBE-AI 8.0.1
2025-05-22 11:59:39,776 [INFO] ThirdParty:1030 - CMSIS Pack Vendor :STMicroelectronics X-CUBE-SAFEA1 1.2.2
2025-05-22 11:59:39,776 [INFO] ThirdParty:1030 - CMSIS Pack Vendor :STMicroelectronics X-CUBE-NFC4 3.0.0
2025-05-22 11:59:39,776 [INFO] ThirdParty:1030 - CMSIS Pack Vendor :STMicroelectronics X-CUBE-SUBG2 5.0.0
2025-05-22 11:59:39,776 [INFO] ThirdParty:1030 - CMSIS Pack Vendor :STMicroelectronics X-CUBE-AZRTOS-H7RS 1.1.0
2025-05-22 11:59:39,776 [INFO] ThirdParty:1030 - CMSIS Pack Vendor :STMicroelectronics STM32_WPAN 1.0.0
2025-05-22 11:59:39,777 [INFO] ThirdParty:1030 - CMSIS Pack Vendor :wolfSSL I-CUBE-wolfMQTT 1.18.0
2025-05-22 11:59:39,777 [INFO] ThirdParty:1030 - CMSIS Pack Vendor :STMicroelectronics lwIP 2.0.3
2025-05-22 11:59:39,777 [INFO] ThirdParty:1030 - CMSIS Pack Vendor :Cesanta I-CUBE-Mongoose 7.13.0
2025-05-22 11:59:39,777 [INFO] ThirdParty:1030 - CMSIS Pack Vendor :STMicroelectronics USB_HOST 1.0.0
2025-05-22 11:59:39,777 [INFO] ThirdParty:1030 - CMSIS Pack Vendor :STMicroelectronics X-CUBE-TOF1 3.3.1
2025-05-22 11:59:39,777 [INFO] ThirdParty:1030 - CMSIS Pack Vendor :STMicroelectronics X-CUBE-AZRTOS-G4 2.0.0
2025-05-22 11:59:39,777 [INFO] ThirdParty:1030 - CMSIS Pack Vendor :STMicroelectronics X-CUBE-WB05N 2.0.0
2025-05-22 11:59:39,777 [INFO] ThirdParty:1030 - CMSIS Pack Vendor :STMicroelectronics PDM2PCM 3.1.0
2025-05-22 11:59:39,777 [INFO] ThirdParty:1030 - CMSIS Pack Vendor :STMicroelectronics X-CUBE-TOF1 3.3.0
2025-05-22 11:59:39,777 [INFO] ThirdParty:1030 - CMSIS Pack Vendor :Infineon AIROC-Wi-Fi-Bluetooth-STM32 1.5.1
2025-05-22 11:59:39,777 [INFO] ThirdParty:1030 - CMSIS Pack Vendor :STMicroelectronics X-CUBE-BLEMGR 3.0.0
2025-05-22 11:59:39,777 [INFO] ThirdParty:1030 - CMSIS Pack Vendor :STMicroelectronics FP-SNS-MOTENVWB1 1.3.0
2025-05-22 11:59:39,777 [INFO] ThirdParty:1030 - CMSIS Pack Vendor :STMicroelectronics X-CUBE-NFC7 2.0.0
2025-05-22 11:59:39,777 [INFO] ThirdParty:1030 - CMSIS Pack Vendor :STMicroelectronics FP-SNS-MOTENVWB1 1.3.1
2025-05-22 11:59:39,777 [INFO] ThirdParty:1030 - CMSIS Pack Vendor :STMicroelectronics FP-ATR-SIGFOX1 3.2.0
2025-05-22 11:59:39,777 [INFO] ThirdParty:1030 - CMSIS Pack Vendor :STMicroelectronics X-CUBE-AZRTOS-L4 1.0.0
2025-05-22 11:59:39,777 [INFO] ThirdParty:1030 - CMSIS Pack Vendor :STMicroelectronics X-CUBE-ISPU 2.0.0
2025-05-22 11:59:39,777 [INFO] ThirdParty:1030 - CMSIS Pack Vendor :STMicroelectronics X-CUBE-EEPRMA1 5.1.0
2025-05-22 11:59:39,777 [INFO] ThirdParty:1030 - CMSIS Pack Vendor :STMicroelectronics MBEDTLS 2.16.2
2025-05-22 11:59:39,777 [INFO] ThirdParty:1030 - CMSIS Pack Vendor :STMicroelectronics X-CUBE-ALS 1.0.2
2025-05-22 11:59:39,777 [INFO] ThirdParty:1030 - CMSIS Pack Vendor :STMicroelectronics X-CUBE-MEMS1 10.0.0
2025-05-22 11:59:39,778 [INFO] ThirdParty:1030 - CMSIS Pack Vendor :STMicroelectronics X-CUBE-FREERTOS 1.1.0
2025-05-22 11:59:39,778 [INFO] ThirdParty:1030 - CMSIS Pack Vendor :wolfSSL I-CUBE-wolfSSL 5.7.6
2025-05-22 11:59:39,778 [INFO] ThirdParty:1030 - CMSIS Pack Vendor :STMicroelectronics X-CUBE-TOUCHGFX 4.24.0
2025-05-22 11:59:39,778 [INFO] ThirdParty:1030 - CMSIS Pack Vendor :ITTIA_DB I-CUBE-ITTIADB 8.9.0
2025-05-22 11:59:39,778 [INFO] ThirdParty:1030 - CMSIS Pack Vendor :STMicroelectronics X-CUBE-TOUCHGFX 4.24.2
2025-05-22 11:59:39,778 [INFO] ThirdParty:1030 - CMSIS Pack Vendor :STMicroelectronics X-CUBE-AZRTOS-WL 1.0.0
2025-05-22 11:59:39,778 [INFO] ThirdParty:1030 - CMSIS Pack Vendor :STMicroelectronics X-CUBE-TOUCHGFX 4.24.1
2025-05-22 11:59:39,778 [INFO] ThirdParty:1030 - CMSIS Pack Vendor :wolfSSL I-CUBE-wolfTPM 3.4.0
2025-05-22 11:59:39,778 [INFO] ThirdParty:1030 - CMSIS Pack Vendor :portGmbH I-Cube-SoM-uGOAL 1.1.0
2025-05-22 11:59:39,778 [INFO] ThirdParty:1030 - CMSIS Pack Vendor :STMicroelectronics X-CUBE-ALS 1.0.1
2025-05-22 11:59:39,779 [INFO] ThirdParty:1030 - CMSIS Pack Vendor :STMicroelectronics ThreadX 1.0.0
2025-05-22 11:59:39,779 [INFO] ThirdParty:1030 - CMSIS Pack Vendor :STMicroelectronics X-CUBE-AZRTOS-WB 1.1.0
2025-05-22 11:59:39,779 [INFO] ThirdParty:1030 - CMSIS Pack Vendor :SEGGER I-CUBE-embOS 1.3.1
2025-05-22 11:59:39,779 [INFO] ThirdParty:1030 - CMSIS Pack Vendor :STMicroelectronics X-CUBE-ALGOBUILD 1.4.0
2025-05-22 11:59:39,779 [INFO] ThirdParty:1030 - CMSIS Pack Vendor :STMicroelectronics X-CUBE-AZRTOS-H7RS 1.0.0
2025-05-22 11:59:39,779 [INFO] ThirdParty:1030 - CMSIS Pack Vendor :STMicroelectronics FP-ATR-ASTRA1 2.0.0
2025-05-22 11:59:39,779 [INFO] ThirdParty:1030 - CMSIS Pack Vendor :STMicroelectronics X-CUBE-AI 9.1.0
2025-05-22 11:59:39,779 [INFO] ThirdParty:1030 - CMSIS Pack Vendor :STMicroelectronics X-CUBE-TOF1 3.4.0
2025-05-22 11:59:39,779 [INFO] ThirdParty:1030 - CMSIS Pack Vendor :STMicroelectronics X-CUBE-TOF1 3.4.1
2025-05-22 11:59:39,779 [INFO] ThirdParty:1030 - CMSIS Pack Vendor :STMicroelectronics X-CUBE-AZRTOS-H7 3.2.0
2025-05-22 11:59:39,779 [INFO] ThirdParty:1030 - CMSIS Pack Vendor :wolfSSL I-CUBE-wolfSSH 1.4.17
2025-05-22 11:59:39,779 [INFO] ThirdParty:841 - exiting critical section [change project]
2025-05-22 11:59:39,854 [INFO] PinOutPanel:1499 - setPackage(No Configuration,No Configuration)
2025-05-22 11:59:39,854 [INFO] PinOutPanel:1499 - setPackage(STM32F103CBTx,LQFP48)
2025-05-22 11:59:40,024 [INFO] UtilMem:75 - Before build in PCC Used Memory: 593590896 Bytes (1073741824)
2025-05-22 11:59:40,220 [INFO] UtilMem:75 - After build in PCC Used Memory: 604679560 Bytes (1073741824)
2025-05-22 11:59:40,233 [INFO] IPUIPlugin:80 - create IPUIPlugin
2025-05-22 11:59:40,233 [INFO] IPUIPlugin:80 - create IPUIPlugin
2025-05-22 11:59:40,233 [INFO] IPUIPlugin:80 - create IPUIPlugin
2025-05-22 11:59:40,233 [INFO] IPUIPlugin:80 - create IPUIPlugin
2025-05-22 11:59:40,233 [INFO] IPUIPlugin:80 - create IPUIPlugin
2025-05-22 11:59:40,233 [INFO] IPUIPlugin:80 - create IPUIPlugin
2025-05-22 11:59:40,233 [INFO] IPUIPlugin:80 - create IPUIPlugin
2025-05-22 11:59:40,234 [INFO] IPUIPlugin:80 - create IPUIPlugin
2025-05-22 11:59:40,234 [INFO] IPUIPlugin:80 - create IPUIPlugin
2025-05-22 11:59:40,234 [INFO] IPUIPlugin:80 - create IPUIPlugin
2025-05-22 11:59:40,234 [INFO] IPUIPlugin:80 - create IPUIPlugin
2025-05-22 11:59:40,234 [INFO] IPUIPlugin:80 - create IPUIPlugin
2025-05-22 11:59:40,234 [INFO] IPUIPlugin:80 - create IPUIPlugin
2025-05-22 11:59:40,234 [INFO] IPUIPlugin:80 - create IPUIPlugin
2025-05-22 11:59:40,234 [INFO] IPUIPlugin:80 - create IPUIPlugin
2025-05-22 11:59:40,234 [INFO] IPUIPlugin:80 - create IPUIPlugin
2025-05-22 11:59:40,234 [INFO] IPUIPlugin:80 - create IPUIPlugin
2025-05-22 11:59:40,235 [INFO] IPUIPlugin:80 - create IPUIPlugin
2025-05-22 11:59:40,235 [INFO] IPUIPlugin:80 - create IPUIPlugin
2025-05-22 11:59:40,235 [INFO] IPUIPlugin:80 - create IPUIPlugin
2025-05-22 11:59:40,235 [INFO] IPUIPlugin:80 - create IPUIPlugin
2025-05-22 11:59:40,235 [INFO] IPUIPlugin:80 - create IPUIPlugin
2025-05-22 11:59:40,236 [INFO] IPUIPlugin:80 - create IPUIPlugin
2025-05-22 11:59:40,236 [INFO] IPUIPlugin:80 - create IPUIPlugin
2025-05-22 11:59:40,236 [INFO] IPUIPlugin:80 - create IPUIPlugin
2025-05-22 11:59:40,236 [INFO] IPUIPlugin:80 - create IPUIPlugin
2025-05-22 11:59:40,236 [INFO] IPUIPlugin:80 - create IPUIPlugin
2025-05-22 11:59:40,238 [WARN] IP:2114 - I2C_Coeff_DF not found: check if there is a RefParameter without a condition.
2025-05-22 11:59:40,238 [WARN] IP:2114 - Analog_Filter not found: check if there is a RefParameter without a condition.
2025-05-22 11:59:40,275 [INFO] CADModel:165 - CPN selected for project levelSTM32F103CBT6
2025-05-22 11:59:40,275 [INFO] CADModel:114 - Register for checkConnection events
2025-05-22 11:59:40,335 [INFO] OpenFileManager:328 - Restore cursor
2025-05-22 11:59:40,487 [WARN] IP:2114 - I2C_Coeff_DF not found: check if there is a RefParameter without a condition.
2025-05-22 11:59:40,487 [WARN] IP:2114 - Analog_Filter not found: check if there is a RefParameter without a condition.
2025-05-22 11:59:40,488 [WARN] IP:2114 - I2C_Coeff_DF not found: check if there is a RefParameter without a condition.
2025-05-22 11:59:40,488 [WARN] IP:2114 - Analog_Filter not found: check if there is a RefParameter without a condition.
2025-05-22 14:02:22,372 [INFO] Activator:176 - 


2025-05-22 14:02:22,375 [INFO] Activator:177 - !SESSION log4j initialized
2025-05-22 14:02:28,360 [INFO] LogOutputStream:77 - [STDOUT_REDIRECT] 
2025-05-22 14:02:31,927 [INFO] ApplicationProperties:184 - Using Application install path: D:\ITC\STM32\STM32CubeIDE_1.13.0\STM32CubeIDE\plugins\com.st.stm32cube.common.mx_6.9.0.202307051724
2025-05-22 14:02:31,943 [INFO] DbMcusXml:78 - Set database path to: D:\ITC\STM32\STM32CubeIDE_1.13.0\STM32CubeIDE\plugins\com.st.stm32cube.common.mx_6.9.0.202307051724\\db\/mcu/
2025-05-22 14:02:31,943 [INFO] ApiDb:274 - Set plugin database path to: D:\ITC\STM32\STM32CubeIDE_1.13.0\STM32CubeIDE\plugins\com.st.stm32cube.common.mx_6.9.0.202307051724\\db\/plugins/boardmanager/
2025-05-22 14:02:31,944 [WARN] ApiDb:259 - Overriding images path with different value:  => D:\ITC\STM32\STM32CubeIDE_1.13.0\STM32CubeIDE\plugins\com.st.stm32cube.common.mx_6.9.0.202307051724\\db\/plugins/mcufinder/images/
2025-05-22 14:02:31,952 [INFO] ApiDb:250 - Set database path to: C:\Users\msi1\.stmcufinder\plugins\mcufinder//mcu/
2025-05-22 14:02:31,953 [INFO] DbMcusAds:125 - Set database path to: C:\Users\msi1\.stmcufinder\plugins\mcufinder//mcu/
2025-05-22 14:02:31,954 [INFO] CrossReferenceDbSqlite:203 - Set database path to: C:\Users\msi1\.stmcufinder\plugins\mcufinder//mcu/cs/
2025-05-22 14:02:32,067 [INFO] RulesReader:64 - Compatibility file has been processed (293 Rules)
2025-05-22 14:02:32,154 [INFO] DbMcusXml:78 - Set database path to: D:\ITC\STM32\STM32CubeIDE_1.13.0\STM32CubeIDE\plugins\com.st.stm32cube.common.mx_6.9.0.202307051724\\db\/mcu/
2025-05-22 14:02:32,154 [INFO] ApiDb:274 - Set plugin database path to: D:\ITC\STM32\STM32CubeIDE_1.13.0\STM32CubeIDE\plugins\com.st.stm32cube.common.mx_6.9.0.202307051724\\db\/plugins/boardmanager/
2025-05-22 14:02:32,155 [INFO] ApiDb:261 - Set plugin images path to: D:\ITC\STM32\STM32CubeIDE_1.13.0\STM32CubeIDE\plugins\com.st.stm32cube.common.mx_6.9.0.202307051724\\db\/plugins/mcufinder/images/
2025-05-22 14:02:32,155 [WARN] DbFile:41 - Overriding database path with different value: C:\Users\msi1\.stmcufinder\plugins\mcufinder/ => C:\Users\msi1\.stmcufinder\plugins\mcufinder
2025-05-22 14:02:32,155 [INFO] ApiDb:250 - Set database path to: C:\Users\msi1\.stmcufinder\plugins\mcufinder//mcu/
2025-05-22 14:02:32,155 [WARN] DbFile:41 - Overriding database path with different value: C:\Users\msi1\.stmcufinder\plugins\mcufinder/ => C:\Users\msi1\.stmcufinder\plugins\mcufinder
2025-05-22 14:02:32,155 [INFO] DbMcusAds:125 - Set database path to: C:\Users\msi1\.stmcufinder\plugins\mcufinder//mcu/
2025-05-22 14:02:32,155 [WARN] DbFile:41 - Overriding database path with different value: C:\Users\msi1\.stmcufinder\plugins\mcufinder/ => C:\Users\msi1\.stmcufinder\plugins\mcufinder
2025-05-22 14:02:32,155 [WARN] DbFile:41 - Overriding database path with different value: C:\Users\msi1\.stmcufinder\plugins\mcufinder/ => C:\Users\msi1\.stmcufinder\plugins\mcufinder
2025-05-22 14:02:32,155 [INFO] CrossReferenceDbSqlite:203 - Set database path to: C:\Users\msi1\.stmcufinder\plugins\mcufinder//mcu/cs/
2025-05-22 14:02:32,237 [INFO] MainPanel:262 - HeapMemory: 268435456
2025-05-22 14:02:32,358 [INFO] DbMcusXml:78 - Set database path to: D:\ITC\STM32\STM32CubeIDE_1.13.0\STM32CubeIDE\plugins\com.st.stm32cube.common.mx_6.9.0.202307051724\\db\/mcu/
2025-05-22 14:02:32,358 [INFO] ApiDb:274 - Set plugin database path to: D:\ITC\STM32\STM32CubeIDE_1.13.0\STM32CubeIDE\plugins\com.st.stm32cube.common.mx_6.9.0.202307051724\\db\/plugins/boardmanager/
2025-05-22 14:02:32,358 [INFO] ApiDb:261 - Set plugin images path to: D:\ITC\STM32\STM32CubeIDE_1.13.0\STM32CubeIDE\plugins\com.st.stm32cube.common.mx_6.9.0.202307051724\\db\/plugins/mcufinder/images/
2025-05-22 14:02:32,359 [WARN] DbFile:41 - Overriding database path with different value: C:\Users\msi1\.stmcufinder\plugins\mcufinder/ => C:\Users\msi1\.stmcufinder\plugins\mcufinder
2025-05-22 14:02:32,359 [INFO] ApiDb:250 - Set database path to: C:\Users\msi1\.stmcufinder\plugins\mcufinder//mcu/
2025-05-22 14:02:32,359 [WARN] DbFile:41 - Overriding database path with different value: C:\Users\msi1\.stmcufinder\plugins\mcufinder/ => C:\Users\msi1\.stmcufinder\plugins\mcufinder
2025-05-22 14:02:32,359 [INFO] DbMcusAds:125 - Set database path to: C:\Users\msi1\.stmcufinder\plugins\mcufinder//mcu/
2025-05-22 14:02:32,359 [WARN] DbFile:41 - Overriding database path with different value: C:\Users\msi1\.stmcufinder\plugins\mcufinder/ => C:\Users\msi1\.stmcufinder\plugins\mcufinder
2025-05-22 14:02:32,359 [WARN] DbFile:41 - Overriding database path with different value: C:\Users\msi1\.stmcufinder\plugins\mcufinder/ => C:\Users\msi1\.stmcufinder\plugins\mcufinder
2025-05-22 14:02:32,359 [INFO] CrossReferenceDbSqlite:203 - Set database path to: C:\Users\msi1\.stmcufinder\plugins\mcufinder//mcu/cs/
2025-05-22 14:02:32,376 [INFO] ApplicationProperties:184 - Using Application install path: D:\ITC\STM32\STM32CubeIDE_1.13.0\STM32CubeIDE\plugins\com.st.stm32cube.common.mx_6.9.0.202307051724
2025-05-22 14:02:32,377 [INFO] PluginManage:196 - Search for loadable plugins [exclusion list=, ]
2025-05-22 14:02:32,378 [INFO] PluginManage:310 - Check plugin analytics
2025-05-22 14:02:32,531 [INFO] AnalyticsPlugin:253 - Accepted Software Licenses: 
2025-05-22 14:02:32,532 [INFO] AnalyticsPlugin:255 - Accepted CMSIS Pack Licenses: 
2025-05-22 14:02:32,532 [INFO] AnalyticsPlugin:257 - Accepted Firmware Licenses: FW.F4.1.27.0
2025-05-22 14:02:32,534 [INFO] PluginManage:359 - Loaded plugin analytics (category:tool,tabindex:-1)
2025-05-22 14:02:32,535 [INFO] PluginManage:310 - Check plugin cadmodel
2025-05-22 14:02:32,552 [INFO] CADModel:105 - Init CAD model plugin
2025-05-22 14:02:32,552 [INFO] PluginManage:359 - Loaded plugin cadmodel (category:power,tabindex:5)
2025-05-22 14:02:32,552 [INFO] PluginManage:310 - Check plugin clock
2025-05-22 14:02:32,574 [INFO] PluginManage:359 - Loaded plugin clock (category:base,tabindex:2)
2025-05-22 14:02:32,574 [INFO] PluginManage:310 - Check plugin ddr
2025-05-22 14:02:32,577 [INFO] PluginManage:359 - Loaded plugin ddr (category:tool,tabindex:6)
2025-05-22 14:02:32,577 [INFO] PluginManage:310 - Check plugin filemanager
2025-05-22 14:02:32,699 [INFO] PluginManage:359 - Loaded plugin filemanager (category:base,tabindex:10)
2025-05-22 14:02:32,699 [INFO] PluginManage:310 - Check plugin ipmanager
2025-05-22 14:02:32,707 [INFO] PluginManage:359 - Loaded plugin ipmanager (category:base,tabindex:5)
2025-05-22 14:02:32,707 [INFO] PluginManage:310 - Check plugin lpbam
2025-05-22 14:02:32,723 [INFO] PluginManage:359 - Loaded plugin lpbam (category:base,tabindex:0)
2025-05-22 14:02:32,724 [INFO] PluginManage:310 - Check plugin memorymap
2025-05-22 14:02:32,747 [INFO] PluginManage:359 - Loaded plugin memorymap (category:base,tabindex:4)
2025-05-22 14:02:32,747 [INFO] PluginManage:310 - Check plugin pinoutandconfiguration
2025-05-22 14:02:32,765 [INFO] PluginManage:359 - Loaded plugin pinoutandconfiguration (category:base,tabindex:1)
2025-05-22 14:02:32,765 [INFO] PluginManage:310 - Check plugin pinoutconfig
2025-05-22 14:02:32,844 [WARN] SupportedApi:132 - Cannot load RTOS API schema: s4s-elt-must-match.1: The content of 'definitions' must match (annotation?, (simpleType | complexType)?, (unique | key | keyref)*)). A problem was found starting at: attribute.
2025-05-22 14:02:32,956 [INFO] PluginManage:359 - Loaded plugin pinoutconfig (category:base,tabindex:0)
2025-05-22 14:02:32,957 [INFO] PluginManage:310 - Check plugin power
2025-05-22 14:02:32,981 [INFO] PluginManage:359 - Loaded plugin power (category:power,tabindex:4)
2025-05-22 14:02:32,982 [INFO] PluginManage:310 - Check plugin projectmanager
2025-05-22 14:02:32,994 [INFO] PluginManage:359 - Loaded plugin projectmanager (category:projectmanager,tabindex:3)
2025-05-22 14:02:32,994 [INFO] PluginManage:310 - Check plugin thirdparty
2025-05-22 14:02:33,277 [INFO] PluginManage:359 - Loaded plugin thirdparty (category:base,tabindex:-1)
2025-05-22 14:02:33,277 [INFO] PluginManage:310 - Check plugin tools
2025-05-22 14:02:33,277 [WARN] IntegrityCheckThread:84 - waiting for thirdparty lock release [integrity check]
2025-05-22 14:02:33,277 [INFO] IntegrityCheckThread:86 - entering critical section [integrity check]
2025-05-22 14:02:33,277 [INFO] ThirdPartyUpdaterWithRetryManager:70 - Updater plugin not ready yet. [1/15]
2025-05-22 14:02:33,315 [INFO] PluginManage:359 - Loaded plugin tools (category:base,tabindex:7)
2025-05-22 14:02:33,315 [INFO] PluginManage:310 - Check plugin tutovideos
2025-05-22 14:02:33,512 [INFO] PluginManage:359 - Loaded plugin tutovideos (category:base,tabindex:-1)
2025-05-22 14:02:33,512 [INFO] PluginManage:310 - Check plugin updater
2025-05-22 14:02:33,522 [INFO] PluginManage:359 - Loaded plugin updater (category:base,tabindex:12)
2025-05-22 14:02:33,522 [INFO] PluginManage:310 - Check plugin userauth
2025-05-22 14:02:33,528 [INFO] UserAuth:113 - Init User Auth plugin
2025-05-22 14:02:33,528 [INFO] PluginManage:359 - Loaded plugin userauth (category:base,tabindex:14)
2025-05-22 14:02:33,528 [INFO] PluginManage:283 - PluginManage : Loaded plugins [17]
2025-05-22 14:02:33,725 [INFO] PinOutPanel:1499 - setPackage(No Configuration,No Configuration)
2025-05-22 14:02:33,834 [INFO] CADModel:165 - CPN selected for project level
2025-05-22 14:02:33,834 [INFO] CADModel:114 - Register for checkConnection events
2025-05-22 14:02:33,862 [INFO] IPUIPlugin:80 - create IPUIPlugin
2025-05-22 14:02:33,863 [INFO] PluginManager:220 - loadIPPluginJar : add adc
2025-05-22 14:02:33,901 [INFO] IPUIPlugin:80 - create IPUIPlugin
2025-05-22 14:02:33,902 [INFO] PluginManager:220 - loadIPPluginJar : add aes
2025-05-22 14:02:33,943 [INFO] IPUIPlugin:80 - create IPUIPlugin
2025-05-22 14:02:33,943 [INFO] PluginManager:220 - loadIPPluginJar : add can
2025-05-22 14:02:33,969 [INFO] IPUIPlugin:80 - create IPUIPlugin
2025-05-22 14:02:33,969 [INFO] PluginManager:220 - loadIPPluginJar : add comp
2025-05-22 14:02:34,003 [INFO] IPUIPlugin:80 - create IPUIPlugin
2025-05-22 14:02:34,003 [INFO] PluginManager:220 - loadIPPluginJar : add cryp
2025-05-22 14:02:34,035 [INFO] IPUIPlugin:80 - create IPUIPlugin
2025-05-22 14:02:34,036 [INFO] PluginManager:220 - loadIPPluginJar : add dfsdm
2025-05-22 14:02:34,049 [INFO] IPUIPlugin:80 - create IPUIPlugin
2025-05-22 14:02:34,050 [INFO] PluginManager:220 - loadIPPluginJar : add dma
2025-05-22 14:02:34,096 [INFO] IPUIPlugin:80 - create IPUIPlugin
2025-05-22 14:02:34,096 [INFO] PluginManager:220 - loadIPPluginJar : add dma3
2025-05-22 14:02:34,117 [INFO] IPUIPlugin:80 - create IPUIPlugin
2025-05-22 14:02:34,117 [INFO] PluginManager:220 - loadIPPluginJar : add fatfs
2025-05-22 14:02:34,168 [INFO] IPUIPlugin:80 - create IPUIPlugin
2025-05-22 14:02:34,168 [INFO] PluginManager:220 - loadIPPluginJar : add fmc
2025-05-22 14:02:34,185 [INFO] IPUIPlugin:80 - create IPUIPlugin
2025-05-22 14:02:34,185 [INFO] PluginManager:220 - loadIPPluginJar : add freertos
2025-05-22 14:02:34,208 [INFO] IPUIPlugin:80 - create IPUIPlugin
2025-05-22 14:02:34,208 [INFO] PluginManager:220 - loadIPPluginJar : add genericplugin
2025-05-22 14:02:34,308 [INFO] IPUIPlugin:80 - create IPUIPlugin
2025-05-22 14:02:34,308 [INFO] PluginManager:220 - loadIPPluginJar : add gfxmmu
2025-05-22 14:02:34,435 [INFO] IPUIPlugin:80 - create IPUIPlugin
2025-05-22 14:02:34,435 [INFO] PluginManager:220 - loadIPPluginJar : add gic
2025-05-22 14:02:34,448 [INFO] IPUIPlugin:80 - create IPUIPlugin
2025-05-22 14:02:34,448 [INFO] PluginManager:220 - loadIPPluginJar : add gpio
2025-05-22 14:02:34,540 [INFO] IPUIPlugin:80 - create IPUIPlugin
2025-05-22 14:02:34,540 [INFO] PluginManager:220 - loadIPPluginJar : add gtzc
2025-05-22 14:02:34,573 [INFO] IPUIPlugin:80 - create IPUIPlugin
2025-05-22 14:02:34,573 [INFO] PluginManager:220 - loadIPPluginJar : add hash
2025-05-22 14:02:34,626 [INFO] IPUIPlugin:80 - create IPUIPlugin
2025-05-22 14:02:34,626 [INFO] PluginManager:220 - loadIPPluginJar : add i2c
2025-05-22 14:02:34,665 [INFO] IPUIPlugin:80 - create IPUIPlugin
2025-05-22 14:02:34,665 [INFO] PluginManager:220 - loadIPPluginJar : add i2s
2025-05-22 14:02:34,707 [INFO] IPUIPlugin:80 - create IPUIPlugin
2025-05-22 14:02:34,708 [INFO] PluginManager:220 - loadIPPluginJar : add i3c
2025-05-22 14:02:34,808 [INFO] IPUIPlugin:80 - create IPUIPlugin
2025-05-22 14:02:34,808 [INFO] PluginManager:220 - loadIPPluginJar : add ipddr
2025-05-22 14:02:34,901 [INFO] IPUIPlugin:80 - create IPUIPlugin
2025-05-22 14:02:34,901 [INFO] PluginManager:220 - loadIPPluginJar : add linkedlist
2025-05-22 14:02:34,937 [INFO] IPUIPlugin:80 - create IPUIPlugin
2025-05-22 14:02:34,937 [INFO] PluginManager:220 - loadIPPluginJar : add lorawan
2025-05-22 14:02:34,973 [INFO] IPUIPlugin:80 - create IPUIPlugin
2025-05-22 14:02:34,974 [INFO] PluginManager:220 - loadIPPluginJar : add ltdc
2025-05-22 14:02:34,988 [INFO] IPUIPlugin:80 - create IPUIPlugin
2025-05-22 14:02:34,988 [INFO] PluginManager:220 - loadIPPluginJar : add mdma
2025-05-22 14:02:35,001 [INFO] IPUIPlugin:80 - create IPUIPlugin
2025-05-22 14:02:35,001 [INFO] PluginManager:220 - loadIPPluginJar : add nvic
2025-05-22 14:02:35,039 [INFO] IPUIPlugin:80 - create IPUIPlugin
2025-05-22 14:02:35,039 [INFO] PluginManager:220 - loadIPPluginJar : add opamp
2025-05-22 14:02:35,100 [INFO] IPUIPlugin:80 - create IPUIPlugin
2025-05-22 14:02:35,100 [INFO] PluginManager:220 - loadIPPluginJar : add openamp
2025-05-22 14:02:35,142 [INFO] IPUIPlugin:80 - create IPUIPlugin
2025-05-22 14:02:35,142 [INFO] PluginManager:220 - loadIPPluginJar : add pdm2pcm
2025-05-22 14:02:35,157 [INFO] IPUIPlugin:80 - create IPUIPlugin
2025-05-22 14:02:35,159 [INFO] PluginManager:220 - loadIPPluginJar : add plateformsettings
2025-05-22 14:02:35,184 [INFO] IPUIPlugin:80 - create IPUIPlugin
2025-05-22 14:02:35,184 [INFO] PluginManager:220 - loadIPPluginJar : add quadspi
2025-05-22 14:02:35,199 [INFO] IPUIPlugin:80 - create IPUIPlugin
2025-05-22 14:02:35,199 [INFO] PluginManager:220 - loadIPPluginJar : add resmgrutility
2025-05-22 14:02:35,250 [INFO] IPUIPlugin:80 - create IPUIPlugin
2025-05-22 14:02:35,251 [INFO] PluginManager:220 - loadIPPluginJar : add sai
2025-05-22 14:02:35,288 [INFO] IPUIPlugin:80 - create IPUIPlugin
2025-05-22 14:02:35,288 [INFO] PluginManager:220 - loadIPPluginJar : add spi
2025-05-22 14:02:35,343 [INFO] IPUIPlugin:80 - create IPUIPlugin
2025-05-22 14:02:35,344 [INFO] PluginManager:220 - loadIPPluginJar : add stm32_wpan
2025-05-22 14:02:35,369 [INFO] IPUIPlugin:80 - create IPUIPlugin
2025-05-22 14:02:35,369 [INFO] PluginManager:220 - loadIPPluginJar : add tim
2025-05-22 14:02:35,425 [INFO] IPUIPlugin:80 - create IPUIPlugin
2025-05-22 14:02:35,425 [INFO] PluginManager:220 - loadIPPluginJar : add touchsensing
2025-05-22 14:02:35,448 [INFO] IPUIPlugin:80 - create IPUIPlugin
2025-05-22 14:02:35,448 [INFO] PluginManager:220 - loadIPPluginJar : add tracer_emb
2025-05-22 14:02:35,474 [INFO] IPUIPlugin:80 - create IPUIPlugin
2025-05-22 14:02:35,474 [INFO] PluginManager:220 - loadIPPluginJar : add ts
2025-05-22 14:02:35,497 [INFO] IPUIPlugin:80 - create IPUIPlugin
2025-05-22 14:02:35,497 [INFO] PluginManager:220 - loadIPPluginJar : add tsc
2025-05-22 14:02:35,521 [INFO] IPUIPlugin:80 - create IPUIPlugin
2025-05-22 14:02:35,521 [INFO] PluginManager:220 - loadIPPluginJar : add ucpd
2025-05-22 14:02:35,565 [INFO] IPUIPlugin:80 - create IPUIPlugin
2025-05-22 14:02:35,565 [INFO] PluginManager:220 - loadIPPluginJar : add usart
2025-05-22 14:02:35,608 [INFO] IPUIPlugin:80 - create IPUIPlugin
2025-05-22 14:02:35,608 [INFO] PluginManager:220 - loadIPPluginJar : add usbx
2025-05-22 14:02:35,728 [INFO] CADModel:165 - CPN selected for project level
2025-05-22 14:02:35,729 [INFO] CADModel:114 - Register for checkConnection events
2025-05-22 14:02:35,729 [FATAL] Updater:308 - Updater called before beeing initialized
2025-05-22 14:02:35,730 [ERROR] CADModel:125 - Updater not yet initialized, retry later 
2025-05-22 14:02:35,855 [INFO] CADModel:165 - CPN selected for project level
2025-05-22 14:02:35,855 [INFO] CADModel:114 - Register for checkConnection events
2025-05-22 14:02:35,855 [FATAL] Updater:308 - Updater called before beeing initialized
2025-05-22 14:02:35,855 [ERROR] CADModel:125 - Updater not yet initialized, retry later 
2025-05-22 14:02:35,858 [FATAL] Updater:308 - Updater called before beeing initialized
2025-05-22 14:02:35,939 [FATAL] Updater:308 - Updater called before beeing initialized
2025-05-22 14:02:35,951 [INFO] DbMcusAds:53 - JSON generation date=Wed May 07 16:07:55 ICT 2025 (1746608875679)
2025-05-22 14:02:35,951 [FATAL] Updater:308 - Updater called before beeing initialized
2025-05-22 14:02:36,034 [WARN] DetailPanel:346 - Failed to get advertising image, set to default
2025-05-22 14:02:36,113 [FATAL] Updater:308 - Updater called before beeing initialized
2025-05-22 14:02:36,116 [FATAL] Updater:308 - Updater called before beeing initialized
2025-05-22 14:02:36,116 [FATAL] Updater:308 - Updater called before beeing initialized
2025-05-22 14:02:36,116 [WARN] DetailPanel:346 - Failed to get advertising image, set to default
2025-05-22 14:02:36,117 [FATAL] Updater:308 - Updater called before beeing initialized
2025-05-22 14:02:36,167 [ERROR] Updater:1120 - MainUpdater not yet initialized. External WinMGr cannot be set.
2025-05-22 14:02:36,182 [INFO] Updater:1056 - Updater Version found : 6.9.0
2025-05-22 14:02:36,200 [INFO] ApplicationProperties:184 - Using Application install path: D:\ITC\STM32\STM32CubeIDE_1.13.0\STM32CubeIDE\plugins\com.st.stm32cube.common.mx_6.9.0.202307051724
2025-05-22 14:02:36,278 [INFO] ThirdPartyUpdaterWithRetryManager:70 - Updater plugin not ready yet. [2/15]
2025-05-22 14:02:36,472 [INFO] MainUpdater:2868 - connection check result : 10
2025-05-22 14:02:36,474 [INFO] MainUpdater:285 - Updater Check For Update Now.
2025-05-22 14:02:36,475 [INFO] MicroXplorer:498 - Change Database Version : DB.6.0.90
2025-05-22 14:02:36,504 [INFO] McuFinderGlobals:63 - Set McuFinder mode to 2 (CubeIDE integrated)
2025-05-22 14:02:36,715 [INFO] CheckServerUpdateThread:120 - End of CheckServer Thread
2025-05-22 14:02:36,722 [INFO] MainUpdater:2868 - connection check result : 10
2025-05-22 14:02:36,730 [INFO] MainUpdater:2868 - connection check result : 10
2025-05-22 14:02:36,976 [INFO] MicroXplorer:468 - Change Database Path : 
2025-05-22 14:02:36,976 [INFO] MicroXplorer:498 - Change Database Version : DB.6.0.90
2025-05-22 14:02:36,980 [WARN] ThirdParty:871 - waiting for thirdparty lock release [close project]
2025-05-22 14:02:39,593 [WARN] PackLoader:240 - Cannot read IP mode file for STMicroelectronics.FP-SNS-MOTENVWB1.1.4.0
2025-05-22 14:02:39,612 [WARN] PackLoader:240 - Cannot read IP mode file for STMicroelectronics.FP-ATR-ASTRA1.2.0.2
2025-05-22 14:02:39,626 [WARN] PackLoader:240 - Cannot read IP mode file for STMicroelectronics.FP-ATR-ASTRA1.2.0.1
2025-05-22 14:02:39,644 [WARN] PackLoader:240 - Cannot read IP mode file for STMicroelectronics.X-CUBE-SMBUS.2.1.0
2025-05-22 14:02:39,662 [WARN] PackLoader:240 - Cannot read IP mode file for STMicroelectronics.X-CUBE-WB05N.1.1.0
2025-05-22 14:02:39,682 [WARN] PackLoader:240 - Cannot read IP mode file for STMicroelectronics.X-CUBE-TOUCHGFX.4.23.0
2025-05-22 14:02:39,696 [WARN] PackLoader:240 - Cannot read IP mode file for STMicroelectronics.X-CUBE-TOUCHGFX.4.23.2
2025-05-22 14:02:39,734 [WARN] PackLoader:240 - Cannot read IP mode file for STMicroelectronics.X-CUBE-AZRTOS-F7.1.1.0
2025-05-22 14:02:39,753 [ERROR] RealEvaluatedCondition:428 - Found unsupported composite condition: GROUP='STM32_MetaDataManager' CLASS='Data Exchange'
2025-05-22 14:02:39,753 [ERROR] RealEvaluatedCondition:428 - Found unsupported composite condition: GROUP='STM32_MetaDataManager' CLASS='Data Exchange'
2025-05-22 14:02:39,754 [WARN] PackLoader:240 - Cannot read IP mode file for STMicroelectronics.FP-SNS-MOTENV1.4.3.0
2025-05-22 14:02:39,770 [WARN] PackLoader:240 - Cannot read IP mode file for STMicroelectronics.FP-SNS-MOTENV1.4.3.2
2025-05-22 14:02:39,785 [WARN] PackLoader:240 - Cannot read IP mode file for STMicroelectronics.FP-SNS-FLIGHT1.5.0.0
2025-05-22 14:02:39,800 [WARN] PackLoader:240 - Cannot read IP mode file for STMicroelectronics.X-CUBE-BLE1.6.2.4
2025-05-22 14:02:39,813 [WARN] PackLoader:240 - Cannot read IP mode file for STMicroelectronics.FP-SNS-FLIGHT1.5.0.2
2025-05-22 14:02:39,831 [ERROR] Engine:466 - C:\Users\msi1\.stm32cubemx\thirdparties\pdsc\Infineon.AIROC-Wi-Fi-Bluetooth-STM32.1.7.0.pdsc: PDSC version is not supported
2025-05-22 14:02:39,846 [WARN] PackLoader:240 - Cannot read IP mode file for STMicroelectronics.X-CUBE-DISPLAY.3.0.0
2025-05-22 14:02:39,861 [WARN] PackLoader:240 - Cannot read IP mode file for STMicroelectronics.X-CUBE-BLE1.7.0.0
2025-05-22 14:02:39,873 [WARN] PackLoader:240 - Cannot read IP mode file for STMicroelectronics.X-CUBE-NFC10.1.0.0
2025-05-22 14:02:39,889 [ERROR] Engine:466 - C:\Users\msi1\.stm32cubemx\thirdparties\pdsc\STMicroelectronics.X-CUBE-BLEMGR.4.0.0.pdsc: PDSC version is not supported
2025-05-22 14:02:39,903 [WARN] PackLoader:240 - Cannot read IP mode file for emotas.I-CUBE-CANOPEN.1.3.0
2025-05-22 14:02:39,918 [WARN] PackLoader:240 - Cannot read IP mode file for STMicroelectronics.X-CUBE-TOUCHGFX.4.22.0
2025-05-22 14:02:39,931 [WARN] PackLoader:240 - Cannot read IP mode file for STMicroelectronics.X-CUBE-TOUCHGFX.4.22.1
2025-05-22 14:02:39,947 [WARN] PackLoader:240 - Cannot read IP mode file for STMicroelectronics.X-CUBE-BLEMGR.3.1.0
2025-05-22 14:02:39,962 [WARN] PackLoader:240 - Cannot read IP mode file for STMicroelectronics.X-CUBE-AI.10.0.0
2025-05-22 14:02:39,981 [WARN] PackLoader:240 - Cannot read IP mode file for STMicroelectronics.FP-SNS-SMARTAG2.1.2.0
2025-05-22 14:02:39,992 [ERROR] Engine:466 - C:\Users\msi1\.stm32cubemx\thirdparties\pdsc\STMicroelectronics.FP-SNS-FLIGHT1.5.1.0.pdsc: PDSC version is not supported
2025-05-22 14:02:40,055 [WARN] PackLoader:240 - Cannot read IP mode file for STMicroelectronics.X-CUBE-MEMS1.11.1.0
2025-05-22 14:02:40,199 [INFO] LogOutputStream:77 - [STDOUT_REDIRECT] 1 : Invalid condition id : UX_CORESTACK_Condition cause : null
2025-05-22 14:02:40,200 [INFO] LogOutputStream:77 - [STDOUT_REDIRECT] 1 : Invalid condition id : UX_CORESTACK_Condition cause : null
2025-05-22 14:02:40,201 [INFO] LogOutputStream:77 - [STDOUT_REDIRECT] 1 : Invalid condition id : UX_CORESTACK_Condition cause : null
2025-05-22 14:02:40,203 [INFO] LogOutputStream:77 - [STDOUT_REDIRECT] 1 : Invalid condition id : UX_CORESTACK_Condition cause : null
2025-05-22 14:02:40,204 [INFO] LogOutputStream:77 - [STDOUT_REDIRECT] 1 : Invalid condition id : UX_CORESTACK_Condition cause : null
2025-05-22 14:02:40,207 [WARN] PackLoader:240 - Cannot read IP mode file for STMicroelectronics.X-CUBE-AZRTOS-WL.2.0.0
2025-05-22 14:02:40,225 [WARN] PackLoader:240 - Cannot read IP mode file for STMicroelectronics.FP-SNS-MOTENV1.5.0.0
2025-05-22 14:02:40,240 [WARN] PackLoader:240 - Cannot read IP mode file for wolfSSL.I-CUBE-wolfMQTT.1.19.0
2025-05-22 14:02:40,259 [WARN] PackLoader:240 - Cannot read IP mode file for WES.I-CUBE-Cesium.1.3.0
2025-05-22 14:02:40,276 [WARN] PackLoader:240 - Cannot read IP mode file for STMicroelectronics.X-CUBE-BLE2.3.3.0
2025-05-22 14:02:40,295 [WARN] PackLoader:240 - Cannot read IP mode file for STMicroelectronics.X-CUBE-NFC9.1.0.0
2025-05-22 14:02:40,314 [WARN] PackLoader:240 - Cannot read IP mode file for STMicroelectronics.X-CUBE-BLE1.7.1.0
2025-05-22 14:02:40,329 [WARN] PackLoader:240 - Cannot read IP mode file for STMicroelectronics.X-CUBE-TCPP.4.1.0
2025-05-22 14:02:40,350 [WARN] PackLoader:240 - Cannot read IP mode file for STMicroelectronics.X-CUBE-TOUCHGFX.4.21.4
2025-05-22 14:02:40,364 [WARN] PackLoader:240 - Cannot read IP mode file for STMicroelectronics.X-CUBE-ALGOBUILD.1.3.0
2025-05-22 14:02:40,415 [WARN] PackLoader:240 - Cannot read IP mode file for STMicroelectronics.X-CUBE-MEMS1.11.2.0
2025-05-22 14:02:40,523 [WARN] PackLoader:240 - Cannot read IP mode file for STMicroelectronics.X-CUBE-AZRTOS-G0.1.1.0
2025-05-22 14:02:40,541 [WARN] PackLoader:240 - Cannot read IP mode file for STMicroelectronics.X-CUBE-SAFEA1.1.2.2
2025-05-22 14:02:40,556 [WARN] PackLoader:240 - Cannot read IP mode file for STMicroelectronics.X-CUBE-NFC4.3.0.0
2025-05-22 14:02:40,570 [WARN] PackLoader:240 - Cannot read IP mode file for wolfSSL.I-CUBE-wolfMQTT.1.18.0
2025-05-22 14:02:40,583 [ERROR] Engine:466 - C:\Users\msi1\.stm32cubemx\thirdparties\pdsc\EmbeddedOffice.I-CUBE-FS-RTOS.1.0.1.pdsc: PDSC version is not supported
2025-05-22 14:02:40,599 [WARN] PackLoader:240 - Cannot read IP mode file for STMicroelectronics.X-CUBE-WB05N.2.0.0
2025-05-22 14:02:40,617 [WARN] PackLoader:240 - Cannot read IP mode file for STMicroelectronics.X-CUBE-BLEMGR.3.0.0
2025-05-22 14:02:40,633 [ERROR] Engine:466 - C:\Users\msi1\.stm32cubemx\thirdparties\pdsc\STMicroelectronics.X-CUBE-TCPP.4.2.0.pdsc: PDSC version is not supported
2025-05-22 14:02:40,646 [ERROR] Engine:466 - C:\Users\msi1\.stm32cubemx\thirdparties\pdsc\RealThread.X-CUBE-RT-Thread_Nano.4.1.1.pdsc: PDSC version is not supported
2025-05-22 14:02:40,660 [WARN] PackLoader:240 - Cannot read IP mode file for STMicroelectronics.FP-ATR-SIGFOX1.3.2.0
2025-05-22 14:02:40,672 [ERROR] Engine:466 - C:\Users\msi1\.stm32cubemx\thirdparties\pdsc\quantropi.X-CUBE-qispace-sdk-base.1.9.3.pdsc: PDSC version is not supported
2025-05-22 14:02:40,687 [WARN] PackLoader:240 - Cannot read IP mode file for STMicroelectronics.X-CUBE-EEPRMA1.5.1.0
2025-05-22 14:02:40,703 [WARN] PackLoader:240 - Cannot read IP mode file for wolfSSL.I-CUBE-wolfSSL.5.7.6
2025-05-22 14:02:40,719 [WARN] PackLoader:240 - Cannot read IP mode file for ITTIA_DB.I-CUBE-ITTIADB.8.9.0
2025-05-22 14:02:40,751 [WARN] PackLoader:240 - Cannot read IP mode file for SEGGER.I-CUBE-embOS.1.3.1
2025-05-22 14:02:40,796 [WARN] PackLoader:240 - Cannot read IP mode file for STMicroelectronics.X-CUBE-ALGOBUILD.1.4.0
2025-05-22 14:02:40,810 [WARN] PackLoader:240 - Cannot read IP mode file for STMicroelectronics.X-CUBE-AI.9.1.0
2025-05-22 14:02:40,825 [WARN] PackLoader:240 - Cannot read IP mode file for STMicroelectronics.X-CUBE-GNSS1.6.0.0
2025-05-22 14:02:40,856 [WARN] PackLoader:240 - Cannot read IP mode file for STMicroelectronics.X-CUBE-AZRTOS-F4.1.1.0
2025-05-22 14:02:40,870 [ERROR] Engine:466 - C:\Users\msi1\.stm32cubemx\thirdparties\pdsc\Avnet-IotConnect.X-CUBE-IoTC-DA16k-PMOD.1.0.0.pdsc: PDSC version is not supported
2025-05-22 14:02:40,881 [WARN] PackLoader:240 - Cannot read IP mode file for wolfSSL.I-CUBE-wolfSSL.5.6.0
2025-05-22 14:02:40,897 [WARN] PackLoader:240 - Cannot read IP mode file for STMicroelectronics.X-CUBE-ISPU.2.1.0
2025-05-22 14:02:40,912 [WARN] PackLoader:240 - Cannot read IP mode file for STMicroelectronics.X-CUBE-FREERTOS.1.2.0
2025-05-22 14:02:40,939 [WARN] PackLoader:240 - Cannot read IP mode file for STMicroelectronics.X-CUBE-AZRTOS-L5.2.0.0
2025-05-22 14:02:40,980 [WARN] PackLoader:240 - Cannot read IP mode file for STMicroelectronics.X-CUBE-MEMS1.9.6.0
2025-05-22 14:02:41,086 [WARN] PackLoader:240 - Cannot read IP mode file for STMicroelectronics.X-CUBE-EEPRMA1.4.2.0
2025-05-22 14:02:41,101 [WARN] PackLoader:240 - Cannot read IP mode file for STMicroelectronics.X-CUBE-NFC6.3.1.0
2025-05-22 14:02:41,117 [WARN] PackLoader:240 - Cannot read IP mode file for ITTIA_DB.I-CUBE-ITTIADB.8.8.0
2025-05-22 14:02:41,135 [WARN] PackLoader:240 - Cannot read IP mode file for emotas.I-CUBE-CANOPEN.1.1.3
2025-05-22 14:02:41,152 [WARN] PackLoader:240 - Cannot read IP mode file for STMicroelectronics.X-CUBE-BLEMGR.2.0.0
2025-05-22 14:02:41,165 [ERROR] Engine:466 - C:\Users\msi1\.stm32cubemx\thirdparties\pdsc\STMicroelectronics.X-CUBE-DPower.1.2.0.pdsc: PDSC version is not supported
2025-05-22 14:02:41,179 [WARN] PackLoader:240 - Cannot read IP mode file for STMicroelectronics.X-CUBE-AI.9.0.0
2025-05-22 14:02:41,205 [WARN] ConditionMgr:438 - getConditionDescription Invalid condition id : UX DEVICE CLASS RTOS Condition cause : null
2025-05-22 14:02:41,206 [WARN] ConditionMgr:438 - getConditionDescription Invalid condition id : UX DEVICE CLASS RTOS Condition cause : null
2025-05-22 14:02:41,208 [WARN] PackLoader:240 - Cannot read IP mode file for STMicroelectronics.X-CUBE-AZRTOS-H7.3.1.0
2025-05-22 14:02:41,208 [WARN] ConditionMgr:1039 - genDependencies : Invalid condition id : UX DEVICE CLASS RTOS Condition cause : null
2025-05-22 14:02:41,209 [WARN] ConditionMgr:1039 - genDependencies : Invalid condition id : UX DEVICE CLASS RTOS Condition cause : null
2025-05-22 14:02:41,209 [WARN] ConditionMgr:1039 - genDependencies : Invalid condition id : UX DEVICE CLASS RTOS Condition cause : null
2025-05-22 14:02:41,209 [WARN] ConditionMgr:1039 - genDependencies : Invalid condition id : UX DEVICE CLASS RTOS Condition cause : null
2025-05-22 14:02:41,209 [WARN] ConditionMgr:1039 - genDependencies : Invalid condition id : UX DEVICE CLASS RTOS Condition cause : null
2025-05-22 14:02:41,225 [WARN] PackLoader:240 - Cannot read IP mode file for STMicroelectronics.X-CUBE-FREERTOS.1.3.1
2025-05-22 14:02:41,243 [WARN] PackLoader:240 - Cannot read IP mode file for STMicroelectronics.X-CUBE-FREERTOS.1.3.0
2025-05-22 14:02:41,259 [WARN] PackLoader:240 - Cannot read IP mode file for STMicroelectronics.X-CUBE-NFC7.1.0.1
2025-05-22 14:02:41,274 [WARN] PackLoader:240 - Cannot read IP mode file for STMicroelectronics.X-CUBE-NFC7.1.0.0
2025-05-22 14:02:41,288 [WARN] PackLoader:240 - Cannot read IP mode file for wolfSSL.I-CUBE-wolfTPM.3.2.0
2025-05-22 14:02:41,304 [WARN] PackLoader:240 - Cannot read IP mode file for STMicroelectronics.X-CUBE-NFC6.3.0.0
2025-05-22 14:02:41,320 [WARN] PackLoader:240 - Cannot read IP mode file for STMicroelectronics.X-CUBE-EEPRMA1.4.1.0
2025-05-22 14:02:41,335 [ERROR] Engine:466 - C:\Users\msi1\.stm32cubemx\thirdparties\pdsc\STMicroelectronics.X-CUBE-DPower.1.3.0.pdsc: PDSC version is not supported
2025-05-22 14:02:41,348 [WARN] PackLoader:240 - Cannot read IP mode file for STMicroelectronics.X-CUBE-AI.8.1.0
2025-05-22 14:02:41,377 [WARN] ConditionMgr:438 - getConditionDescription Invalid condition id : LAN8742 Phy interface Condition cause : null
2025-05-22 14:02:41,378 [WARN] PackLoader:240 - Cannot read IP mode file for STMicroelectronics.X-CUBE-AZRTOS-L4.2.0.0
2025-05-22 14:02:41,379 [WARN] ConditionMgr:1039 - genDependencies : Invalid condition id : LAN8742 Phy interface Condition cause : null
2025-05-22 14:02:41,379 [WARN] ConditionMgr:1039 - genDependencies : Invalid condition id : LAN8742 Phy interface Condition cause : null
2025-05-22 14:02:41,379 [WARN] ConditionMgr:1039 - genDependencies : Invalid condition id : LAN8742 Phy interface Condition cause : null
2025-05-22 14:02:41,397 [WARN] PackLoader:240 - Cannot read IP mode file for STMicroelectronics.X-CUBE-SFXS2LP1.4.0.0
2025-05-22 14:02:41,426 [WARN] PackLoader:240 - Cannot read IP mode file for STMicroelectronics.X-CUBE-ISPU.1.1.0
2025-05-22 14:02:41,457 [WARN] PackLoader:240 - Cannot read IP mode file for STMicroelectronics.X-CUBE-AZRTOS-H7.3.3.0
2025-05-22 14:02:41,474 [ERROR] Engine:466 - C:\Users\msi1\.stm32cubemx\thirdparties\pdsc\STMicroelectronics.X-CUBE-IPS.3.0.0.pdsc: PDSC version is not supported
2025-05-22 14:02:41,498 [WARN] ConditionMgr:438 - getConditionDescription Invalid condition id : UX DEVICE CLASS RTOS Condition cause : null
2025-05-22 14:02:41,498 [WARN] ConditionMgr:438 - getConditionDescription Invalid condition id : UX DEVICE CLASS RTOS Condition cause : null
2025-05-22 14:02:41,499 [WARN] PackLoader:240 - Cannot read IP mode file for STMicroelectronics.X-CUBE-AZRTOS-WB.2.0.0
2025-05-22 14:02:41,499 [WARN] ConditionMgr:1039 - genDependencies : Invalid condition id : UX DEVICE CLASS RTOS Condition cause : null
2025-05-22 14:02:41,500 [WARN] ConditionMgr:1039 - genDependencies : Invalid condition id : UX DEVICE CLASS RTOS Condition cause : null
2025-05-22 14:02:41,500 [WARN] ConditionMgr:1039 - genDependencies : Invalid condition id : UX DEVICE CLASS RTOS Condition cause : null
2025-05-22 14:02:41,500 [WARN] ConditionMgr:1039 - genDependencies : Invalid condition id : UX DEVICE CLASS RTOS Condition cause : null
2025-05-22 14:02:41,500 [WARN] ConditionMgr:1039 - genDependencies : Invalid condition id : UX DEVICE CLASS RTOS Condition cause : null
2025-05-22 14:02:41,516 [WARN] PackLoader:240 - Cannot read IP mode file for STMicroelectronics.X-CUBE-FREERTOS.1.0.1
2025-05-22 14:02:41,531 [WARN] PackLoader:240 - Cannot read IP mode file for STMicroelectronics.X-CUBE-GNSS1.7.0.1
2025-05-22 14:02:41,545 [WARN] PackLoader:240 - Cannot read IP mode file for STMicroelectronics.X-CUBE-TOUCHGFX.4.25.0
2025-05-22 14:02:41,558 [ERROR] Engine:466 - C:\Users\msi1\.stm32cubemx\thirdparties\pdsc\STMicroelectronics.FP-SNS-STBOX1.2.0.0.pdsc: PDSC version is not supported
2025-05-22 14:02:41,583 [WARN] PackLoader:240 - Cannot read IP mode file for STMicroelectronics.X-CUBE-AZRTOS-L5.1.1.0
2025-05-22 14:02:41,598 [WARN] PackLoader:240 - Cannot read IP mode file for STMicroelectronics.X-CUBE-AI.8.0.1
2025-05-22 14:02:41,618 [WARN] PackLoader:240 - Cannot read IP mode file for STMicroelectronics.X-CUBE-SUBG2.5.0.0
2025-05-22 14:02:41,650 [WARN] PackLoader:240 - Cannot read IP mode file for STMicroelectronics.X-CUBE-AZRTOS-H7RS.1.1.0
2025-05-22 14:02:41,667 [WARN] PackLoader:240 - Cannot read IP mode file for Cesanta.I-CUBE-Mongoose.7.13.0
2025-05-22 14:02:41,685 [WARN] PackLoader:240 - Cannot read IP mode file for STMicroelectronics.X-CUBE-TOF1.3.3.1
2025-05-22 14:02:41,715 [WARN] PackLoader:240 - Cannot read IP mode file for STMicroelectronics.X-CUBE-AZRTOS-G4.2.0.0
2025-05-22 14:02:41,736 [WARN] PackLoader:240 - Cannot read IP mode file for STMicroelectronics.X-CUBE-TOF1.3.3.0
2025-05-22 14:02:41,762 [WARN] PackLoader:240 - Cannot read IP mode file for Infineon.AIROC-Wi-Fi-Bluetooth-STM32.1.5.1
2025-05-22 14:02:41,779 [WARN] PackLoader:240 - Cannot read IP mode file for STMicroelectronics.FP-SNS-MOTENVWB1.1.3.0
2025-05-22 14:02:41,793 [WARN] PackLoader:240 - Cannot read IP mode file for STMicroelectronics.X-CUBE-NFC7.2.0.0
2025-05-22 14:02:41,806 [WARN] PackLoader:240 - Cannot read IP mode file for STMicroelectronics.FP-SNS-MOTENVWB1.1.3.1
2025-05-22 14:02:41,833 [WARN] PackLoader:240 - Cannot read IP mode file for STMicroelectronics.X-CUBE-AZRTOS-L4.1.0.0
2025-05-22 14:02:41,848 [WARN] PackLoader:240 - Cannot read IP mode file for STMicroelectronics.X-CUBE-ISPU.2.0.0
2025-05-22 14:02:41,863 [ERROR] Engine:466 - C:\Users\msi1\.stm32cubemx\thirdparties\pdsc\STMicroelectronics.X-CUBE-IPS.3.1.0.pdsc: PDSC version is not supported
2025-05-22 14:02:41,878 [WARN] PackLoader:240 - Cannot read IP mode file for STMicroelectronics.X-CUBE-ALS.1.0.2
2025-05-22 14:02:41,916 [WARN] PackLoader:240 - Cannot read IP mode file for STMicroelectronics.X-CUBE-MEMS1.10.0.0
2025-05-22 14:02:41,981 [WARN] PackLoader:240 - Cannot read IP mode file for STMicroelectronics.X-CUBE-FREERTOS.1.1.0
2025-05-22 14:02:41,993 [WARN] PackLoader:240 - Cannot read IP mode file for STMicroelectronics.X-CUBE-TOUCHGFX.4.24.0
2025-05-22 14:02:42,005 [WARN] PackLoader:240 - Cannot read IP mode file for STMicroelectronics.X-CUBE-TOUCHGFX.4.24.2
2025-05-22 14:02:42,024 [WARN] PackLoader:240 - Cannot read IP mode file for STMicroelectronics.X-CUBE-AZRTOS-WL.1.0.0
2025-05-22 14:02:42,037 [WARN] PackLoader:240 - Cannot read IP mode file for STMicroelectronics.X-CUBE-TOUCHGFX.4.24.1
2025-05-22 14:02:42,051 [WARN] PackLoader:240 - Cannot read IP mode file for wolfSSL.I-CUBE-wolfTPM.3.4.0
2025-05-22 14:02:42,067 [WARN] PackLoader:240 - Cannot read IP mode file for portGmbH.I-Cube-SoM-uGOAL.1.1.0
2025-05-22 14:02:42,080 [WARN] PackLoader:240 - Cannot read IP mode file for STMicroelectronics.X-CUBE-ALS.1.0.1
2025-05-22 14:02:42,101 [WARN] PackLoader:240 - Cannot read IP mode file for STMicroelectronics.X-CUBE-AZRTOS-WB.1.1.0
2025-05-22 14:02:42,131 [WARN] PackLoader:240 - Cannot read IP mode file for STMicroelectronics.X-CUBE-AZRTOS-H7RS.1.0.0
2025-05-22 14:02:42,147 [WARN] PackLoader:240 - Cannot read IP mode file for STMicroelectronics.FP-ATR-ASTRA1.2.0.0
2025-05-22 14:02:42,162 [ERROR] Engine:466 - C:\Users\msi1\.stm32cubemx\thirdparties\pdsc\STMicroelectronics.X-CUBE-TOF1.3.4.2.pdsc: PDSC version is not supported
2025-05-22 14:02:42,179 [ERROR] Engine:466 - C:\Users\msi1\.stm32cubemx\thirdparties\pdsc\STMicroelectronics.X-CUBE-TOF1.3.4.3.pdsc: PDSC version is not supported
2025-05-22 14:02:42,197 [WARN] PackLoader:240 - Cannot read IP mode file for STMicroelectronics.X-CUBE-TOF1.3.4.0
2025-05-22 14:02:42,220 [WARN] PackLoader:240 - Cannot read IP mode file for STMicroelectronics.X-CUBE-TOF1.3.4.1
2025-05-22 14:02:42,251 [WARN] PackLoader:240 - Cannot read IP mode file for STMicroelectronics.X-CUBE-AZRTOS-H7.3.2.0
2025-05-22 14:02:42,268 [WARN] PackLoader:240 - Cannot read IP mode file for wolfSSL.I-CUBE-wolfSSH.1.4.17
2025-05-22 14:02:42,269 [INFO] ThirdParty:978 - Integrity check success = true
2025-05-22 14:02:42,269 [INFO] IntegrityCheckThread:100 - exiting critical section [integrity check]
2025-05-22 14:02:42,269 [INFO] IntegrityCheckThread:103 - End integrity checks thread
2025-05-22 14:02:42,269 [INFO] ThirdParty:873 - entering critical section [close project]
2025-05-22 14:02:42,270 [INFO] ThirdParty:883 - exiting critical section [close project]
2025-05-22 14:02:42,272 [INFO] PinOutPanel:1499 - setPackage(No Configuration,No Configuration)
2025-05-22 14:02:42,277 [INFO] UtilMem:75 - Begin LoadConfig() Used Memory: 155167048 Bytes (268435456)
2025-05-22 14:02:42,278 [INFO] MicroXplorer:468 - Change Database Path : 
2025-05-22 14:02:42,278 [INFO] MicroXplorer:498 - Change Database Version : DB.6.0.90
2025-05-22 14:02:42,278 [INFO] OpenFileManager:308 - Change cursor
2025-05-22 14:02:42,312 [INFO] Mcu:1946 - Initializing MCU STM32F103C(8-B)Tx STM32F103CBTx STM32F103CBT6
2025-05-22 14:02:43,136 [INFO] Context:659 - Trying to add GPIOservice into a context  which must be forbidden
2025-05-22 14:02:43,481 [INFO] RtosManager:555 - Registered RTOS mode: class=CMSIS, group=RTOS, mode=CMSIS_V1, owner=FREERTOS
2025-05-22 14:02:43,481 [INFO] RtosManager:555 - Registered RTOS mode: class=CMSIS, group=RTOS2, mode=CMSIS_V2, owner=FREERTOS
2025-05-22 14:02:43,481 [INFO] RtosManager:555 - Registered RTOS mode: class=RTOS, group=Core, mode=CMSIS_V1, owner=FREERTOS
2025-05-22 14:02:43,481 [INFO] RtosManager:555 - Registered RTOS mode: class=RTOS, group=Core, mode=CMSIS_V2, owner=FREERTOS
2025-05-22 14:02:43,482 [WARN] ModelIntegratedComponent:184 - Missing modes for component STMicroelectronics:FreeRTOS:0.0.1:STMicroelectronics:RTOS:FreeRTOS:Core:::10.2.0:
2025-05-22 14:02:43,487 [WARN] ModelIntegratedComponent:63 - No mode defined for component null
2025-05-22 14:02:43,487 [WARN] ModelIntegratedComponent:63 - No mode defined for component null
2025-05-22 14:02:43,487 [WARN] ModelIntegratedComponent:63 - No mode defined for component null
2025-05-22 14:02:43,487 [WARN] ModelIntegratedComponent:63 - No mode defined for component null
2025-05-22 14:02:43,487 [WARN] ModelIntegratedComponent:63 - No mode defined for component null
2025-05-22 14:02:43,487 [WARN] ModelIntegratedComponent:63 - No mode defined for component null
2025-05-22 14:02:43,487 [WARN] ModelIntegratedComponent:63 - No mode defined for component null
2025-05-22 14:02:43,487 [WARN] ModelIntegratedComponent:63 - No mode defined for component null
2025-05-22 14:02:43,487 [WARN] ModelIntegratedComponent:63 - No mode defined for component null
2025-05-22 14:02:43,487 [WARN] ModelIntegratedComponent:63 - No mode defined for component null
2025-05-22 14:02:43,487 [WARN] ModelIntegratedComponent:63 - No mode defined for component null
2025-05-22 14:02:43,487 [WARN] ModelIntegratedComponent:63 - No mode defined for component null
2025-05-22 14:02:43,488 [WARN] ModelIntegratedComponent:63 - No mode defined for component null
2025-05-22 14:02:43,488 [WARN] ModelIntegratedComponent:63 - No mode defined for component null
2025-05-22 14:02:43,488 [WARN] ModelIntegratedComponent:63 - No mode defined for component null
2025-05-22 14:02:43,488 [WARN] ModelIntegratedComponent:63 - No mode defined for component null
2025-05-22 14:02:43,488 [WARN] ModelIntegratedComponent:63 - No mode defined for component null
2025-05-22 14:02:43,488 [WARN] ModelIntegratedComponent:63 - No mode defined for component null
2025-05-22 14:02:43,488 [WARN] ModelIntegratedComponent:63 - No mode defined for component null
2025-05-22 14:02:43,488 [WARN] ModelIntegratedComponent:63 - No mode defined for component null
2025-05-22 14:02:43,488 [WARN] ModelIntegratedComponent:63 - No mode defined for component null
2025-05-22 14:02:43,488 [WARN] ModelIntegratedComponent:63 - No mode defined for component null
2025-05-22 14:02:43,488 [WARN] ModelIntegratedComponent:63 - No mode defined for component null
2025-05-22 14:02:43,488 [WARN] ModelIntegratedComponent:63 - No mode defined for component null
2025-05-22 14:02:43,489 [WARN] ModelIntegratedComponent:63 - No mode defined for component null
2025-05-22 14:02:43,489 [WARN] ModelIntegratedComponent:63 - No mode defined for component null
2025-05-22 14:02:43,489 [WARN] ModelIntegratedComponent:63 - No mode defined for component null
2025-05-22 14:02:43,489 [WARN] ModelIntegratedComponent:63 - No mode defined for component null
2025-05-22 14:02:43,489 [WARN] ModelIntegratedComponent:63 - No mode defined for component null
2025-05-22 14:02:43,489 [WARN] ModelIntegratedComponent:63 - No mode defined for component null
2025-05-22 14:02:43,489 [WARN] ModelIntegratedComponent:63 - No mode defined for component null
2025-05-22 14:02:43,489 [WARN] ModelIntegratedComponent:63 - No mode defined for component null
2025-05-22 14:02:43,489 [WARN] ModelIntegratedComponent:63 - No mode defined for component null
2025-05-22 14:02:43,718 [INFO] ThirdPartyModel:298 - Start build external matchings
2025-05-22 14:02:45,917 [INFO] ThirdPartyModel:316 - End build external matchings
2025-05-22 14:02:45,955 [INFO] ImportTextPane:194 - (OptionalMessage_ERROR) IP (RCC) : Parameter (ADCFreqValue) has invalid value (36000000)
2025-05-22 14:02:45,955 [INFO] ImportTextPane:194 - (OptionalMessage_ERROR) IP (RCC) : Invalid parameter (FamilyName)
2025-05-22 14:02:45,955 [INFO] ImportTextPane:194 - (OptionalMessage_ERROR) IP (RCC) : Parameter (MCOFreq_Value) has invalid value (72000000)
2025-05-22 14:02:45,956 [INFO] ImportTextPane:194 - (OptionalMessage_ERROR) IP (RCC) : Parameter (USBFreq_Value) has invalid value (72000000)
2025-05-22 14:02:46,152 [INFO] UtilMem:75 - End LoadConfig() Used Memory: 336853520 Bytes (422576128)
2025-05-22 14:02:46,320 [INFO] ApiDb:581 - Connected to CubeFinder SQLite database (C:\Users\msi1\.stmcufinder\plugins\mcufinder\mcu\cube-finder-db.db)
2025-05-22 14:02:46,418 [INFO] ApiDb:668 - CubeFinder database Data Model version=2.1
2025-05-22 14:02:46,418 [INFO] ApiDb:669 - CubeFinder database Configuration version=3.0.39
2025-05-22 14:02:46,419 [INFO] ApiDb:670 - CubeFinder database generation date=2025-04-23 (1745419778)
2025-05-22 14:02:46,419 [INFO] ApiDb:671 - CubeFinder database FW Pack versions=[FP-ATR-ASTRA1_V2.0.0, FP-SNS-FLIGHT1_V5.1.0, FP-SNS-MOTENV1_V5.0.0, FP-SNS-MOTENVWB1_V1.4.0, FP-SNS-SMARTAG2_V1.2.0, FP-SNS-STBOX1_V2.0.0, STM32Cube_FW_C0_V1.4.0, STM32Cube_FW_F4_V1.28.1, STM32Cube_FW_F7_V1.17.2, STM32Cube_FW_G0_V1.6.2, STM32Cube_FW_G4_V1.6.1, STM32Cube_FW_H5_V1.5.0, STM32Cube_FW_H7RS_V1.2.0, STM32Cube_FW_H7_V1.12.1, STM32Cube_FW_L0_V1.12.2, STM32Cube_FW_L4_V1.18.1, STM32Cube_FW_L5_V1.5.1, STM32Cube_FW_N6_V1.1.1, STM32Cube_FW_U0_V1.2.0, STM32Cube_FW_U3_V1.1.0, STM32Cube_FW_U5_V1.7.0, STM32Cube_FW_WB0_V1.2.0, STM32Cube_FW_WBA_V1.6.0, STM32Cube_FW_WB_V1.22.0, STM32Cube_FW_WL3_V1.1.0, STM32Cube_FW_WL_V1.3.1, X-CUBE-ALGOBUILD_V1.4.0, X-CUBE-ALS_V1.0.2, X-CUBE-AZRTOS-F4_V1.1.0, X-CUBE-AZRTOS-F7_V1.1.0, X-CUBE-AZRTOS-G0_V1.1.0, X-CUBE-AZRTOS-G4_V2.0.0, X-CUBE-AZRTOS-H7RS_V1.1.0, X-CUBE-AZRTOS-H7_V3.3.0, X-CUBE-AZRTOS-L4_V2.0.0, X-CUBE-AZRTOS-L5_V2.0.0, X-CUBE-AZRTOS-WB_V2.0.0, X-CUBE-AZRTOS-WL_V2.0.0, X-CUBE-BLE1_V7.1.0, X-CUBE-BLE2_V3.3.0, X-CUBE-BLEMGR_V4.0.0, X-CUBE-EEPRMA1_V5.1.0, X-CUBE-FREERTOS_V1.3.0, X-CUBE-GNSS1_V6.0.0, X-CUBE-MEMS1_V11.2.0, X-CUBE-NFC4_V3.0.0, X-CUBE-NFC7_V1.0.1, X-CUBE-SFXS2LP1_V4.0.0, X-CUBE-SUBG2_V5.0.0, X-CUBE-TOF1_V3.4.3]
2025-05-22 14:02:49,099 [INFO] ApiDb:240 - Found 323 in-development CPN: [B-G473E-ZEST1S, B-WB1M-WPAN1, B-WL5M-SUBG1, NUCLEO-C031C6, NUCLEO-H503RB, NUCLEO-H563ZI, NUCLEO-U545RE-Q, NUCLEO-U5A5ZJ-Q, NUCLEO-WBA52CG, STEVAL-PROTEUS1, STEVAL-SMARTAG2, STEVAL-STWINBX1, STM320518-EVAL, STM32C0116-DK, STM32C011D6Y3TR, STM32C011D6Y6TR, STM32C011F4P3, STM32C011F4P6, STM32C011F4U3, STM32C011F4U6TR, STM32C011F6P3, STM32C011F6P6, STM32C011F6U3, STM32C011F6U6TR, STM32C011J4M3, STM32C011J4M6, STM32C011J6M3, STM32C011J6M6, STM32C0316-DK, STM32C031C4T3, STM32C031C4T6, STM32C031C4U3, STM32C031C4U6, STM32C031C6T3, STM32C031C6T6, STM32C031C6U3, STM32C031C6U6, STM32C031F4P3, STM32C031F4P6, STM32C031F6P3, STM32C031F6P6, STM32C031G4U3, STM32C031G4U6, STM32C031G6U3, STM32C031G6U6, STM32C031K4T3, STM32C031K4T6, STM32C031K4U3, STM32C031K4U6, STM32C031K6T3, STM32C031K6T6, STM32C031K6U3, STM32C031K6U6, STM32G071K8TXN, STM32G071K8UXN, STM32G081GBU6N, STM32G081KBT6N, STM32G081KBUXN, STM32G0B1CCT6N, STM32G0B1KCT6, STM32G0B1NEY6TR, STM32G0B1RCT6N, STM32G0C1CCT6, STM32G0C1CCT6N, STM32G0C1CCU6N, STM32G0C1CET6N, STM32G0C1CEU6N, STM32G0C1KCT6, STM32G0C1NEY6TR, STM32G0C1RCI6N, STM32G0C1RCT6N, STM32G0C1REI6N, STM32G0C1RET6N, STM32G0C1VCI6, STM32G0C1VEI6, STM32G471CCT6, STM32G471CCU6, STM32G471CET3, STM32G471CET6, STM32G471CEU3, STM32G471CEU6, STM32G471MCT6, STM32G471MET3, STM32G471MET6, STM32G471MEY6TR, STM32G471QCT6, STM32G471QET3, STM32G471RCT6, STM32G471RET3, STM32G471RET6, STM32G471VCH6, STM32G471VCI6, STM32G471VCT6, STM32G471VEH3, STM32G471VEH6, STM32G471VEI3, STM32G471VEI6, STM32G471VET3, STM32G471VET6, STM32G474CCT6, STM32H503CBT6, STM32H503CBU6, STM32H503EBY6TR, STM32H503KBU6, STM32H503RBT6, STM32H562AGI6, STM32H562AII6, STM32H562IGK6, STM32H562IGT6, STM32H562IIK6, STM32H562IIT6, STM32H562RGT6, STM32H562RGV6, STM32H562RIT6, STM32H562RIV6, STM32H562VGT6, STM32H562VIT6, STM32H562ZGT6, STM32H562ZIT6, STM32H563AGI6, STM32H563AII3Q, STM32H563AII6, STM32H563IGK6, STM32H563IGT6, STM32H563IIK3Q, STM32H563IIK6, STM32H563IIT3Q, STM32H563IIT6, STM32H563MIY3QTR, STM32H563RGT6, STM32H563RGV6, STM32H563RIT6, STM32H563RIV6, STM32H563VGT6, STM32H563VIT3Q, STM32H563VIT6, STM32H563ZGT6, STM32H563ZIT3Q, STM32H563ZIT6, STM32H573AII3Q, STM32H573AII6, STM32H573I-DK, STM32H573IIK3Q, STM32H573IIK6, STM32H573IIT3Q, STM32H573IIT6, STM32H573MIY3QTR, STM32H573RIT6, STM32H573RIV6, STM32H573VIT3Q, STM32H573VIT6, STM32H573ZIT3Q, STM32H573ZIT6, STM32L4R5QGI6STR, STM32MP131AAE3, STM32MP131AAF3, STM32MP131AAG3, STM32MP131CAE3, STM32MP131CAF3, STM32MP131CAG3, STM32MP131DAE7, STM32MP131DAF7, STM32MP131DAG7, STM32MP131FAE7, STM32MP131FAF7, STM32MP131FAG7, STM32MP133AAE3, STM32MP133AAF3, STM32MP133AAG3, STM32MP133CAE3, STM32MP133CAF3, STM32MP133CAG3, STM32MP133DAE7, STM32MP133DAF7, STM32MP133DAG7, STM32MP133FAE7, STM32MP133FAF7, STM32MP133FAG7, STM32MP135AAE3, STM32MP135AAF3, STM32MP135AAG3, STM32MP135CAE3, STM32MP135CAF3, STM32MP135CAG3, STM32MP135DAE7, STM32MP135DAF7, STM32MP135DAG7, STM32MP135F-DK, STM32MP135FAE7, STM32MP135FAF7, STM32MP135FAF7T, STM32MP135FAF7U, STM32MP135FAG7, STM32U535CBT6, STM32U535CBT6Q, STM32U535CBU6, STM32U535CBU6Q, STM32U535CCT6, STM32U535CCT6Q, STM32U535CCU6, STM32U535CCU6Q, STM32U535CET6, STM32U535CET6Q, STM32U535CEU6, STM32U535CEU6Q, STM32U535JEY6QTR, STM32U535NCY6QTR, STM32U535NEY6QTR, STM32U535RBI6, STM32U535RBI6Q, STM32U535RBT6, STM32U535RBT6Q, STM32U535RCI6, STM32U535RCI6Q, STM32U535RCT6, STM32U535RCT6Q, STM32U535REI6, STM32U535REI6Q, STM32U535RET6, STM32U535RET6Q, STM32U535VCI6, STM32U535VCI6Q, STM32U535VCT6, STM32U535VCT6Q, STM32U535VEI6, STM32U535VEI6Q, STM32U535VET6, STM32U535VET6Q, STM32U545CET6, STM32U545CET6Q, STM32U545CEU6, STM32U545CEU6Q, STM32U545JEY6QTR, STM32U545NEY6QTR, STM32U545REI6, STM32U545REI6Q, STM32U545RET6, STM32U545RET6Q, STM32U545VEI6, STM32U545VEI6Q, STM32U545VET6, STM32U545VET6Q, STM32U595AIH6, STM32U595AIH6Q, STM32U595AJH6, STM32U595AJH6Q, STM32U595QII6, STM32U595QII6Q, STM32U595QJI6, STM32U595QJI6Q, STM32U595RIT6, STM32U595RIT6Q, STM32U595RJT6, STM32U595RJT6Q, STM32U595VIT6, STM32U595VIT6Q, STM32U595VJT6, STM32U595VJT6Q, STM32U595ZIT6, STM32U595ZIT6Q, STM32U595ZIY6QTR, STM32U595ZJT6, STM32U595ZJT6Q, STM32U595ZJY6QTR, STM32U599BJY6QTR, STM32U599NIH6Q, STM32U599NJH6Q, STM32U599VIT6Q, STM32U599VJT6, STM32U599VJT6Q, STM32U599ZIT6Q, STM32U599ZIY6QTR, STM32U599ZJT6Q, STM32U599ZJY6QTR, STM32U5A5AJH6, STM32U5A5AJH6Q, STM32U5A5QJI6, STM32U5A5QJI6Q, STM32U5A5RJT6, STM32U5A5RJT6Q, STM32U5A5VJT6, STM32U5A5VJT6Q, STM32U5A5ZJT6, STM32U5A5ZJT6Q, STM32U5A5ZJY6QTR, STM32U5A9BJY6QTR, STM32U5A9J-DK, STM32U5A9NJH6Q, STM32U5A9VJT6Q, STM32U5A9ZJT6Q, STM32U5A9ZJY6QTR, STM32U5F7VIT6, STM32U5F7VIT6Q, STM32U5F7VJT6, STM32U5F7VJT6Q, STM32U5F9BJY6QTR, STM32U5F9NJH6Q, STM32U5F9VIT6Q, STM32U5F9VJT6Q, STM32U5F9ZIJ6QTR, STM32U5F9ZIT6Q, STM32U5F9ZJJ6QTR, STM32U5F9ZJT6Q, STM32U5G7VJT6, STM32U5G7VJT6Q, STM32U5G9BJY6QTR, STM32U5G9J-DK1, STM32U5G9J-DK2, STM32U5G9NJH6Q, STM32U5G9VJT6Q, STM32U5G9ZJJ6QTR, STM32U5G9ZJT6Q, STM32WB1MMCH6, STM32WBA52CEU6, STM32WBA52CEU6T, STM32WBA52CGU6, STM32WBA52CGU6T, STM32WBA52KEU6, STM32WBA52KEU6T, STM32WBA52KGU6, STM32WBA52KGU6T, STM32WL5MOCH6, STM32WL5MOCH6TR]
2025-05-22 14:02:49,104 [INFO] DbMcus:217 - Found 4642 MCUs, 4642 are supported
2025-05-22 14:02:49,113 [INFO] ApiDb:423 - Load user favorites file C:\Users\msi1/.stm32cubeide/favorites.mcus.txt: 4 item(s)
2025-05-22 14:02:49,113 [INFO] ApiDb:427 - User favorites MCUs=[STM32F103CBT6, STM32F303VCT6, STM32F401CCU6, STM32F407VGT6]
2025-05-22 14:02:49,113 [INFO] DbMcus:223 - Set 4 / 4 favorites MCUs
2025-05-22 14:02:49,529 [WARN] ThirdParty:833 - waiting for thirdparty lock release [change project]
2025-05-22 14:02:49,529 [INFO] ThirdParty:835 - entering critical section [change project]
2025-05-22 14:02:49,529 [INFO] ThirdParty:1030 - CMSIS Pack Vendor :STMicroelectronics USBPD 4.1
2025-05-22 14:02:49,529 [INFO] ThirdParty:1030 - CMSIS Pack Vendor :STMicroelectronics X-CUBE-GNSS1 6.0.0
2025-05-22 14:02:49,529 [INFO] ThirdParty:1030 - CMSIS Pack Vendor :STMicroelectronics USB_HOST 2.0.0
2025-05-22 14:02:49,529 [INFO] ThirdParty:1030 - CMSIS Pack Vendor :STMicroelectronics FP-SNS-MOTENVWB1 1.4.0
2025-05-22 14:02:49,529 [INFO] ThirdParty:1030 - CMSIS Pack Vendor :STMicroelectronics X-CUBE-AZRTOS-F4 1.1.0
2025-05-22 14:02:49,529 [INFO] ThirdParty:1030 - CMSIS Pack Vendor :STMicroelectronics LIBJPEG 8.0.0
2025-05-22 14:02:49,529 [INFO] ThirdParty:1030 - CMSIS Pack Vendor :STMicroelectronics FP-ATR-ASTRA1 2.0.2
2025-05-22 14:02:49,529 [INFO] ThirdParty:1030 - CMSIS Pack Vendor :STMicroelectronics FP-ATR-ASTRA1 2.0.1
2025-05-22 14:02:49,529 [INFO] ThirdParty:1030 - CMSIS Pack Vendor :STMicroelectronics X-CUBE-SMBUS 2.1.0
2025-05-22 14:02:49,529 [INFO] ThirdParty:1030 - CMSIS Pack Vendor :STMicroelectronics X-CUBE-WB05N 1.1.0
2025-05-22 14:02:49,529 [INFO] ThirdParty:1030 - CMSIS Pack Vendor :wolfSSL I-CUBE-wolfSSL 5.6.0
2025-05-22 14:02:49,529 [INFO] ThirdParty:1030 - CMSIS Pack Vendor :STMicroelectronics X-CUBE-ISPU 2.1.0
2025-05-22 14:02:49,529 [INFO] ThirdParty:1030 - CMSIS Pack Vendor :STMicroelectronics X-CUBE-FREERTOS 1.2.0
2025-05-22 14:02:49,529 [INFO] ThirdParty:1030 - CMSIS Pack Vendor :STMicroelectronics X-CUBE-TOUCHGFX 4.23.0
2025-05-22 14:02:49,529 [INFO] ThirdParty:1030 - CMSIS Pack Vendor :STMicroelectronics X-CUBE-TOUCHGFX 4.23.2
2025-05-22 14:02:49,529 [INFO] ThirdParty:1030 - CMSIS Pack Vendor :STMicroelectronics X-CUBE-AZRTOS-F7 1.1.0
2025-05-22 14:02:49,530 [INFO] ThirdParty:1030 - CMSIS Pack Vendor :STMicroelectronics X-CUBE-AZRTOS-L5 2.0.0
2025-05-22 14:02:49,530 [INFO] ThirdParty:1030 - CMSIS Pack Vendor :STMicroelectronics USB_DEVICE 2.0.0
2025-05-22 14:02:49,530 [INFO] ThirdParty:1030 - CMSIS Pack Vendor :STMicroelectronics X-CUBE-MEMS1 9.6.0
2025-05-22 14:02:49,530 [INFO] ThirdParty:1030 - CMSIS Pack Vendor :STMicroelectronics X-CUBE-EEPRMA1 4.2.0
2025-05-22 14:02:49,530 [INFO] ThirdParty:1030 - CMSIS Pack Vendor :STMicroelectronics X-CUBE-NFC6 3.1.0
2025-05-22 14:02:49,530 [INFO] ThirdParty:1030 - CMSIS Pack Vendor :ITTIA_DB I-CUBE-ITTIADB 8.8.0
2025-05-22 14:02:49,530 [INFO] ThirdParty:1030 - CMSIS Pack Vendor :STMicroelectronics FP-SNS-MOTENV1 4.3.0
2025-05-22 14:02:49,530 [INFO] ThirdParty:1030 - CMSIS Pack Vendor :STMicroelectronics FP-SNS-MOTENV1 4.3.2
2025-05-22 14:02:49,530 [INFO] ThirdParty:1030 - CMSIS Pack Vendor :STMicroelectronics FP-SNS-FLIGHT1 5.0.0
2025-05-22 14:02:49,530 [INFO] ThirdParty:1030 - CMSIS Pack Vendor :STMicroelectronics X-CUBE-BLE1 6.2.4
2025-05-22 14:02:49,530 [INFO] ThirdParty:1030 - CMSIS Pack Vendor :STMicroelectronics FreeRTOS 0.0.1
2025-05-22 14:02:49,530 [INFO] ThirdParty:1030 - CMSIS Pack Vendor :emotas I-CUBE-CANOPEN 1.1.3
2025-05-22 14:02:49,530 [INFO] ThirdParty:1030 - CMSIS Pack Vendor :STMicroelectronics X-CUBE-BLEMGR 2.0.0
2025-05-22 14:02:49,530 [INFO] ThirdParty:1030 - CMSIS Pack Vendor :STMicroelectronics FP-SNS-FLIGHT1 5.0.2
2025-05-22 14:02:49,530 [INFO] ThirdParty:1030 - CMSIS Pack Vendor :STMicroelectronics X-CUBE-AI 9.0.0
2025-05-22 14:02:49,530 [INFO] ThirdParty:1030 - CMSIS Pack Vendor :STMicroelectronics X-CUBE-AZRTOS-H7 3.1.0
2025-05-22 14:02:49,530 [INFO] ThirdParty:1030 - CMSIS Pack Vendor :STMicroelectronics PDM2PCM 3.3.0
2025-05-22 14:02:49,530 [INFO] ThirdParty:1030 - CMSIS Pack Vendor :STMicroelectronics X-CUBE-DISPLAY 3.0.0
2025-05-22 14:02:49,530 [INFO] ThirdParty:1030 - CMSIS Pack Vendor :STMicroelectronics X-CUBE-BLE1 7.0.0
2025-05-22 14:02:49,530 [INFO] ThirdParty:1030 - CMSIS Pack Vendor :STMicroelectronics X-CUBE-NFC10 1.0.0
2025-05-22 14:02:49,530 [INFO] ThirdParty:1030 - CMSIS Pack Vendor :STMicroelectronics X-CUBE-FREERTOS 1.3.1
2025-05-22 14:02:49,530 [INFO] ThirdParty:1030 - CMSIS Pack Vendor :STMicroelectronics HAL Drivers 0.0.0
2025-05-22 14:02:49,530 [INFO] ThirdParty:1030 - CMSIS Pack Vendor :emotas I-CUBE-CANOPEN 1.3.0
2025-05-22 14:02:49,530 [INFO] ThirdParty:1030 - CMSIS Pack Vendor :STMicroelectronics X-CUBE-FREERTOS 1.3.0
2025-05-22 14:02:49,530 [INFO] ThirdParty:1030 - CMSIS Pack Vendor :STMicroelectronics X-CUBE-TOUCHGFX 4.22.0
2025-05-22 14:02:49,530 [INFO] ThirdParty:1030 - CMSIS Pack Vendor :STMicroelectronics X-CUBE-NFC7 1.0.1
2025-05-22 14:02:49,530 [INFO] ThirdParty:1030 - CMSIS Pack Vendor :STMicroelectronics MBEDTLS 2.14.1
2025-05-22 14:02:49,530 [INFO] ThirdParty:1030 - CMSIS Pack Vendor :STMicroelectronics X-CUBE-NFC7 1.0.0
2025-05-22 14:02:49,531 [INFO] ThirdParty:1030 - CMSIS Pack Vendor :STMicroelectronics X-CUBE-TOUCHGFX 4.22.1
2025-05-22 14:02:49,531 [INFO] ThirdParty:1030 - CMSIS Pack Vendor :wolfSSL I-CUBE-wolfTPM 3.2.0
2025-05-22 14:02:49,531 [INFO] ThirdParty:1030 - CMSIS Pack Vendor :STMicroelectronics X-CUBE-NFC6 3.0.0
2025-05-22 14:02:49,531 [INFO] ThirdParty:1030 - CMSIS Pack Vendor :STMicroelectronics X-CUBE-EEPRMA1 4.1.0
2025-05-22 14:02:49,531 [INFO] ThirdParty:1030 - CMSIS Pack Vendor :STMicroelectronics X-CUBE-BLEMGR 3.1.0
2025-05-22 14:02:49,531 [INFO] ThirdParty:1030 - CMSIS Pack Vendor :STMicroelectronics X-CUBE-AI 10.0.0
2025-05-22 14:02:49,531 [INFO] ThirdParty:1030 - CMSIS Pack Vendor :STMicroelectronics FP-SNS-SMARTAG2 1.2.0
2025-05-22 14:02:49,531 [INFO] ThirdParty:1030 - CMSIS Pack Vendor :STMicroelectronics X-CUBE-MEMS1 11.1.0
2025-05-22 14:02:49,531 [INFO] ThirdParty:1030 - CMSIS Pack Vendor :STMicroelectronics X-CUBE-AZRTOS-WL 2.0.0
2025-05-22 14:02:49,531 [INFO] ThirdParty:1030 - CMSIS Pack Vendor :STMicroelectronics FP-SNS-MOTENV1 5.0.0
2025-05-22 14:02:49,531 [INFO] ThirdParty:1030 - CMSIS Pack Vendor :STMicroelectronics USB_DEVICE 1.0.0
2025-05-22 14:02:49,531 [INFO] ThirdParty:1030 - CMSIS Pack Vendor :STMicroelectronics X-CUBE-AI 8.1.0
2025-05-22 14:02:49,531 [INFO] ThirdParty:1030 - CMSIS Pack Vendor :wolfSSL I-CUBE-wolfMQTT 1.19.0
2025-05-22 14:02:49,531 [INFO] ThirdParty:1030 - CMSIS Pack Vendor :STMicroelectronics X-CUBE-AZRTOS-L4 2.0.0
2025-05-22 14:02:49,531 [INFO] ThirdParty:1030 - CMSIS Pack Vendor :STMicroelectronics ThreadX 0.0.2
2025-05-22 14:02:49,531 [INFO] ThirdParty:1030 - CMSIS Pack Vendor :WES I-CUBE-Cesium 1.3.0
2025-05-22 14:02:49,531 [INFO] ThirdParty:1030 - CMSIS Pack Vendor :STMicroelectronics lwIP 2.1.2
2025-05-22 14:02:49,531 [INFO] ThirdParty:1030 - CMSIS Pack Vendor :STMicroelectronics X-CUBE-SFXS2LP1 4.0.0
2025-05-22 14:02:49,531 [INFO] ThirdParty:1030 - CMSIS Pack Vendor :STMicroelectronics X-CUBE-BLE2 3.3.0
2025-05-22 14:02:49,531 [INFO] ThirdParty:1030 - CMSIS Pack Vendor :STMicroelectronics PDM2PCM 3.2.0
2025-05-22 14:02:49,531 [INFO] ThirdParty:1030 - CMSIS Pack Vendor :STMicroelectronics X-CUBE-ISPU 1.1.0
2025-05-22 14:02:49,531 [INFO] ThirdParty:1030 - CMSIS Pack Vendor :STMicroelectronics X-CUBE-AZRTOS-H7 3.3.0
2025-05-22 14:02:49,531 [INFO] ThirdParty:1030 - CMSIS Pack Vendor :STMicroelectronics X-CUBE-NFC9 1.0.0
2025-05-22 14:02:49,531 [INFO] ThirdParty:1030 - CMSIS Pack Vendor :STMicroelectronics X-CUBE-BLE1 7.1.0
2025-05-22 14:02:49,531 [INFO] ThirdParty:1030 - CMSIS Pack Vendor :STMicroelectronics USB_DEVICE 3.0.0
2025-05-22 14:02:49,531 [INFO] ThirdParty:1030 - CMSIS Pack Vendor :STMicroelectronics X-CUBE-TCPP 4.1.0
2025-05-22 14:02:49,531 [INFO] ThirdParty:1030 - CMSIS Pack Vendor :STMicroelectronics X-CUBE-AZRTOS-WB 2.0.0
2025-05-22 14:02:49,531 [INFO] ThirdParty:1030 - CMSIS Pack Vendor :STMicroelectronics X-CUBE-FREERTOS 1.0.1
2025-05-22 14:02:49,531 [INFO] ThirdParty:1030 - CMSIS Pack Vendor :STMicroelectronics X-CUBE-GNSS1 7.0.1
2025-05-22 14:02:49,532 [INFO] ThirdParty:1030 - CMSIS Pack Vendor :STMicroelectronics X-CUBE-TOUCHGFX 4.21.4
2025-05-22 14:02:49,532 [INFO] ThirdParty:1030 - CMSIS Pack Vendor :STMicroelectronics X-CUBE-TOUCHGFX 4.25.0
2025-05-22 14:02:49,532 [INFO] ThirdParty:1030 - CMSIS Pack Vendor :STMicroelectronics X-CUBE-ALGOBUILD 1.3.0
2025-05-22 14:02:49,532 [INFO] ThirdParty:1030 - CMSIS Pack Vendor :STMicroelectronics X-CUBE-AZRTOS-L5 1.1.0
2025-05-22 14:02:49,532 [INFO] ThirdParty:1030 - CMSIS Pack Vendor :STMicroelectronics X-CUBE-MEMS1 11.2.0
2025-05-22 14:02:49,532 [INFO] ThirdParty:1030 - CMSIS Pack Vendor :STMicroelectronics X-CUBE-AZRTOS-G0 1.1.0
2025-05-22 14:02:49,532 [INFO] ThirdParty:1030 - CMSIS Pack Vendor :STMicroelectronics X-CUBE-AI 8.0.1
2025-05-22 14:02:49,532 [INFO] ThirdParty:1030 - CMSIS Pack Vendor :STMicroelectronics X-CUBE-SAFEA1 1.2.2
2025-05-22 14:02:49,532 [INFO] ThirdParty:1030 - CMSIS Pack Vendor :STMicroelectronics X-CUBE-NFC4 3.0.0
2025-05-22 14:02:49,532 [INFO] ThirdParty:1030 - CMSIS Pack Vendor :STMicroelectronics X-CUBE-SUBG2 5.0.0
2025-05-22 14:02:49,532 [INFO] ThirdParty:1030 - CMSIS Pack Vendor :STMicroelectronics X-CUBE-AZRTOS-H7RS 1.1.0
2025-05-22 14:02:49,532 [INFO] ThirdParty:1030 - CMSIS Pack Vendor :STMicroelectronics STM32_WPAN 1.0.0
2025-05-22 14:02:49,532 [INFO] ThirdParty:1030 - CMSIS Pack Vendor :wolfSSL I-CUBE-wolfMQTT 1.18.0
2025-05-22 14:02:49,532 [INFO] ThirdParty:1030 - CMSIS Pack Vendor :STMicroelectronics lwIP 2.0.3
2025-05-22 14:02:49,532 [INFO] ThirdParty:1030 - CMSIS Pack Vendor :Cesanta I-CUBE-Mongoose 7.13.0
2025-05-22 14:02:49,532 [INFO] ThirdParty:1030 - CMSIS Pack Vendor :STMicroelectronics USB_HOST 1.0.0
2025-05-22 14:02:49,532 [INFO] ThirdParty:1030 - CMSIS Pack Vendor :STMicroelectronics X-CUBE-TOF1 3.3.1
2025-05-22 14:02:49,532 [INFO] ThirdParty:1030 - CMSIS Pack Vendor :STMicroelectronics X-CUBE-AZRTOS-G4 2.0.0
2025-05-22 14:02:49,532 [INFO] ThirdParty:1030 - CMSIS Pack Vendor :STMicroelectronics X-CUBE-WB05N 2.0.0
2025-05-22 14:02:49,532 [INFO] ThirdParty:1030 - CMSIS Pack Vendor :STMicroelectronics PDM2PCM 3.1.0
2025-05-22 14:02:49,532 [INFO] ThirdParty:1030 - CMSIS Pack Vendor :STMicroelectronics X-CUBE-TOF1 3.3.0
2025-05-22 14:02:49,532 [INFO] ThirdParty:1030 - CMSIS Pack Vendor :Infineon AIROC-Wi-Fi-Bluetooth-STM32 1.5.1
2025-05-22 14:02:49,532 [INFO] ThirdParty:1030 - CMSIS Pack Vendor :STMicroelectronics X-CUBE-BLEMGR 3.0.0
2025-05-22 14:02:49,532 [INFO] ThirdParty:1030 - CMSIS Pack Vendor :STMicroelectronics FP-SNS-MOTENVWB1 1.3.0
2025-05-22 14:02:49,532 [INFO] ThirdParty:1030 - CMSIS Pack Vendor :STMicroelectronics X-CUBE-NFC7 2.0.0
2025-05-22 14:02:49,532 [INFO] ThirdParty:1030 - CMSIS Pack Vendor :STMicroelectronics FP-SNS-MOTENVWB1 1.3.1
2025-05-22 14:02:49,532 [INFO] ThirdParty:1030 - CMSIS Pack Vendor :STMicroelectronics FP-ATR-SIGFOX1 3.2.0
2025-05-22 14:02:49,532 [INFO] ThirdParty:1030 - CMSIS Pack Vendor :STMicroelectronics X-CUBE-AZRTOS-L4 1.0.0
2025-05-22 14:02:49,533 [INFO] ThirdParty:1030 - CMSIS Pack Vendor :STMicroelectronics X-CUBE-ISPU 2.0.0
2025-05-22 14:02:49,533 [INFO] ThirdParty:1030 - CMSIS Pack Vendor :STMicroelectronics X-CUBE-EEPRMA1 5.1.0
2025-05-22 14:02:49,533 [INFO] ThirdParty:1030 - CMSIS Pack Vendor :STMicroelectronics MBEDTLS 2.16.2
2025-05-22 14:02:49,533 [INFO] ThirdParty:1030 - CMSIS Pack Vendor :STMicroelectronics X-CUBE-ALS 1.0.2
2025-05-22 14:02:49,533 [INFO] ThirdParty:1030 - CMSIS Pack Vendor :STMicroelectronics X-CUBE-MEMS1 10.0.0
2025-05-22 14:02:49,533 [INFO] ThirdParty:1030 - CMSIS Pack Vendor :STMicroelectronics X-CUBE-FREERTOS 1.1.0
2025-05-22 14:02:49,533 [INFO] ThirdParty:1030 - CMSIS Pack Vendor :wolfSSL I-CUBE-wolfSSL 5.7.6
2025-05-22 14:02:49,533 [INFO] ThirdParty:1030 - CMSIS Pack Vendor :STMicroelectronics X-CUBE-TOUCHGFX 4.24.0
2025-05-22 14:02:49,533 [INFO] ThirdParty:1030 - CMSIS Pack Vendor :ITTIA_DB I-CUBE-ITTIADB 8.9.0
2025-05-22 14:02:49,533 [INFO] ThirdParty:1030 - CMSIS Pack Vendor :STMicroelectronics X-CUBE-TOUCHGFX 4.24.2
2025-05-22 14:02:49,533 [INFO] ThirdParty:1030 - CMSIS Pack Vendor :STMicroelectronics X-CUBE-AZRTOS-WL 1.0.0
2025-05-22 14:02:49,534 [INFO] ThirdParty:1030 - CMSIS Pack Vendor :STMicroelectronics X-CUBE-TOUCHGFX 4.24.1
2025-05-22 14:02:49,534 [INFO] ThirdParty:1030 - CMSIS Pack Vendor :wolfSSL I-CUBE-wolfTPM 3.4.0
2025-05-22 14:02:49,534 [INFO] ThirdParty:1030 - CMSIS Pack Vendor :portGmbH I-Cube-SoM-uGOAL 1.1.0
2025-05-22 14:02:49,534 [INFO] ThirdParty:1030 - CMSIS Pack Vendor :STMicroelectronics X-CUBE-ALS 1.0.1
2025-05-22 14:02:49,534 [INFO] ThirdParty:1030 - CMSIS Pack Vendor :STMicroelectronics ThreadX 1.0.0
2025-05-22 14:02:49,534 [INFO] ThirdParty:1030 - CMSIS Pack Vendor :STMicroelectronics X-CUBE-AZRTOS-WB 1.1.0
2025-05-22 14:02:49,534 [INFO] ThirdParty:1030 - CMSIS Pack Vendor :SEGGER I-CUBE-embOS 1.3.1
2025-05-22 14:02:49,534 [INFO] ThirdParty:1030 - CMSIS Pack Vendor :STMicroelectronics X-CUBE-ALGOBUILD 1.4.0
2025-05-22 14:02:49,534 [INFO] ThirdParty:1030 - CMSIS Pack Vendor :STMicroelectronics X-CUBE-AZRTOS-H7RS 1.0.0
2025-05-22 14:02:49,534 [INFO] ThirdParty:1030 - CMSIS Pack Vendor :STMicroelectronics FP-ATR-ASTRA1 2.0.0
2025-05-22 14:02:49,534 [INFO] ThirdParty:1030 - CMSIS Pack Vendor :STMicroelectronics X-CUBE-AI 9.1.0
2025-05-22 14:02:49,534 [INFO] ThirdParty:1030 - CMSIS Pack Vendor :STMicroelectronics X-CUBE-TOF1 3.4.0
2025-05-22 14:02:49,534 [INFO] ThirdParty:1030 - CMSIS Pack Vendor :STMicroelectronics X-CUBE-TOF1 3.4.1
2025-05-22 14:02:49,534 [INFO] ThirdParty:1030 - CMSIS Pack Vendor :STMicroelectronics X-CUBE-AZRTOS-H7 3.2.0
2025-05-22 14:02:49,534 [INFO] ThirdParty:1030 - CMSIS Pack Vendor :wolfSSL I-CUBE-wolfSSH 1.4.17
2025-05-22 14:02:49,534 [INFO] ThirdParty:841 - exiting critical section [change project]
2025-05-22 14:02:49,762 [INFO] PinOutPanel:1499 - setPackage(No Configuration,No Configuration)
2025-05-22 14:02:49,764 [INFO] PinOutPanel:1499 - setPackage(STM32F103CBTx,LQFP48)
2025-05-22 14:02:50,196 [INFO] UtilMem:75 - Before build in PCC Used Memory: 188937384 Bytes (422576128)
2025-05-22 14:02:51,007 [INFO] UtilMem:75 - After build in PCC Used Memory: 260367992 Bytes (422576128)
2025-05-22 14:02:51,028 [INFO] IPUIPlugin:80 - create IPUIPlugin
2025-05-22 14:02:51,028 [INFO] IPUIPlugin:80 - create IPUIPlugin
2025-05-22 14:02:51,028 [INFO] IPUIPlugin:80 - create IPUIPlugin
2025-05-22 14:02:51,028 [INFO] IPUIPlugin:80 - create IPUIPlugin
2025-05-22 14:02:51,028 [INFO] IPUIPlugin:80 - create IPUIPlugin
2025-05-22 14:02:51,029 [INFO] IPUIPlugin:80 - create IPUIPlugin
2025-05-22 14:02:51,029 [INFO] IPUIPlugin:80 - create IPUIPlugin
2025-05-22 14:02:51,029 [INFO] IPUIPlugin:80 - create IPUIPlugin
2025-05-22 14:02:51,029 [INFO] IPUIPlugin:80 - create IPUIPlugin
2025-05-22 14:02:51,029 [INFO] IPUIPlugin:80 - create IPUIPlugin
2025-05-22 14:02:51,029 [INFO] IPUIPlugin:80 - create IPUIPlugin
2025-05-22 14:02:51,029 [INFO] IPUIPlugin:80 - create IPUIPlugin
2025-05-22 14:02:51,029 [INFO] IPUIPlugin:80 - create IPUIPlugin
2025-05-22 14:02:51,029 [INFO] IPUIPlugin:80 - create IPUIPlugin
2025-05-22 14:02:51,030 [INFO] IPUIPlugin:80 - create IPUIPlugin
2025-05-22 14:02:51,030 [INFO] IPUIPlugin:80 - create IPUIPlugin
2025-05-22 14:02:51,030 [INFO] IPUIPlugin:80 - create IPUIPlugin
2025-05-22 14:02:51,030 [INFO] IPUIPlugin:80 - create IPUIPlugin
2025-05-22 14:02:51,030 [INFO] IPUIPlugin:80 - create IPUIPlugin
2025-05-22 14:02:51,030 [INFO] IPUIPlugin:80 - create IPUIPlugin
2025-05-22 14:02:51,030 [INFO] IPUIPlugin:80 - create IPUIPlugin
2025-05-22 14:02:51,031 [INFO] IPUIPlugin:80 - create IPUIPlugin
2025-05-22 14:02:51,031 [INFO] IPUIPlugin:80 - create IPUIPlugin
2025-05-22 14:02:51,031 [INFO] IPUIPlugin:80 - create IPUIPlugin
2025-05-22 14:02:51,031 [INFO] IPUIPlugin:80 - create IPUIPlugin
2025-05-22 14:02:51,031 [INFO] IPUIPlugin:80 - create IPUIPlugin
2025-05-22 14:02:51,031 [INFO] IPUIPlugin:80 - create IPUIPlugin
2025-05-22 14:02:51,040 [WARN] IP:2114 - I2C_Coeff_DF not found: check if there is a RefParameter without a condition.
2025-05-22 14:02:51,040 [WARN] IP:2114 - Analog_Filter not found: check if there is a RefParameter without a condition.
2025-05-22 14:02:51,241 [INFO] CADModel:165 - CPN selected for project levelSTM32F103CBT6
2025-05-22 14:02:51,241 [INFO] CADModel:114 - Register for checkConnection events
2025-05-22 14:02:51,292 [INFO] OpenFileManager:328 - Restore cursor
2025-05-22 14:02:51,444 [WARN] IP:2114 - I2C_Coeff_DF not found: check if there is a RefParameter without a condition.
2025-05-22 14:02:51,445 [WARN] IP:2114 - Analog_Filter not found: check if there is a RefParameter without a condition.
2025-05-22 14:02:51,445 [WARN] IP:2114 - I2C_Coeff_DF not found: check if there is a RefParameter without a condition.
2025-05-22 14:02:51,445 [WARN] IP:2114 - Analog_Filter not found: check if there is a RefParameter without a condition.
2025-05-22 14:02:58,253 [ERROR] LogOutputStream:75 - [STDERR_REDIRECT] SLF4J: Failed to load class "org.slf4j.impl.StaticLoggerBinder".
2025-05-22 14:02:58,253 [ERROR] LogOutputStream:75 - [STDERR_REDIRECT] SLF4J: Defaulting to no-operation (NOP) logger implementation
2025-05-22 14:02:58,255 [ERROR] LogOutputStream:75 - [STDERR_REDIRECT] SLF4J: See http://www.slf4j.org/codes.html#StaticLoggerBinder for further details.
2025-05-22 14:03:09,372 [INFO] UtilMem:75 - End SaveConfig() Used Memory: 305568112 Bytes (422576128)
2025-05-22 14:03:09,997 [INFO] BlockDiagram:2759 - set Specific Code input for plugin: NVIC
2025-05-22 14:03:09,998 [INFO] BlockDiagram:2759 - set Specific Code input for plugin: USART
2025-05-22 14:03:09,998 [INFO] BlockDiagram:2759 - set Specific Code input for plugin: USART
2025-05-22 14:03:09,998 [INFO] BlockDiagram:2759 - set Specific Code input for plugin: SYS
2025-05-22 14:03:09,998 [INFO] BlockDiagram:2759 - set Specific Code input for plugin: GPIO
2025-05-22 14:03:09,998 [INFO] BlockDiagram:2759 - set Specific Code input for plugin: RCC
2025-05-22 14:03:09,998 [INFO] BlockDiagram:2759 - set Specific Code input for plugin: I2C
2025-05-22 14:03:10,000 [INFO] CodeGenerator:799 - code generatio: config db path: D:\ITC\STM32\STM32CubeIDE_1.13.0\STM32CubeIDE\plugins\com.st.stm32cube.common.mx_6.9.0.202307051724\\db\
2025-05-22 14:03:10,006 [WARN] IP:2114 - I2C_Coeff_DF not found: check if there is a RefParameter without a condition.
2025-05-22 14:03:10,006 [WARN] IP:2114 - Analog_Filter not found: check if there is a RefParameter without a condition.
2025-05-22 14:03:10,267 [INFO] CodeEngine:255 - oldGeneratedFile, D:\AIFARM\STM32_GREENB\stm32f103_nethouse\MXTmpFiles\license.tmp_save
2025-05-22 14:03:10,697 [INFO] CodeEngine:279 - Generated code: D:\AIFARM\STM32_GREENB\stm32f103_nethouse\MXTmpFiles\license.tmp
2025-05-22 14:03:10,861 [INFO] CodeEngine:255 - oldGeneratedFile, D:\AIFARM\STM32_GREENB\stm32f103_nethouse\MXTmpFiles\gpio.tmp_save
2025-05-22 14:03:11,001 [INFO] CodeEngine:279 - Generated code: D:\AIFARM\STM32_GREENB\stm32f103_nethouse\MXTmpFiles\gpio.tmp
2025-05-22 14:03:11,193 [INFO] CodeEngine:255 - oldGeneratedFile, D:\AIFARM\STM32_GREENB\stm32f103_nethouse\Core\Src\stm32f1xx_it.c_save
2025-05-22 14:03:11,374 [INFO] CodeEngine:279 - Generated code: D:\AIFARM\STM32_GREENB\stm32f103_nethouse\Core\Src\stm32f1xx_it.c
2025-05-22 14:03:11,413 [INFO] CodeEngine:255 - oldGeneratedFile, D:\AIFARM\STM32_GREENB\stm32f103_nethouse\Core\Inc\stm32f1xx_it.h_save
2025-05-22 14:03:11,537 [INFO] CodeEngine:279 - Generated code: D:\AIFARM\STM32_GREENB\stm32f103_nethouse\Core\Inc\stm32f1xx_it.h
2025-05-22 14:03:11,574 [INFO] CodeEngine:255 - oldGeneratedFile, D:\AIFARM\STM32_GREENB\stm32f103_nethouse\Core\Src\stm32f1xx_hal_msp.c_save
2025-05-22 14:03:11,713 [INFO] CodeEngine:279 - Generated code: D:\AIFARM\STM32_GREENB\stm32f103_nethouse\Core\Src\stm32f1xx_hal_msp.c
2025-05-22 14:03:11,730 [INFO] CodeEngine:255 - oldGeneratedFile, D:\AIFARM\STM32_GREENB\stm32f103_nethouse\MXTmpFiles\system.tmp_save
2025-05-22 14:03:11,810 [INFO] CodeEngine:279 - Generated code: D:\AIFARM\STM32_GREENB\stm32f103_nethouse\MXTmpFiles\system.tmp
2025-05-22 14:03:11,854 [INFO] CodeEngine:311 - oldGeneratedFile, D:\AIFARM\STM32_GREENB\stm32f103_nethouse\Core\Inc\stm32f1xx_hal_conf.h_save
2025-05-22 14:03:11,991 [INFO] CodeEngine:335 - Generated code: D:\AIFARM\STM32_GREENB\stm32f103_nethouse\Core\Inc\stm32f1xx_hal_conf.h
2025-05-22 14:03:12,068 [INFO] CodeEngine:255 - oldGeneratedFile, D:\AIFARM\STM32_GREENB\stm32f103_nethouse\Core\Inc\main.h_save
2025-05-22 14:03:12,182 [INFO] CodeEngine:279 - Generated code: D:\AIFARM\STM32_GREENB\stm32f103_nethouse\Core\Inc\main.h
2025-05-22 14:03:12,211 [INFO] CodeEngine:255 - oldGeneratedFile, D:\AIFARM\STM32_GREENB\stm32f103_nethouse\Core\Src\main.c_save
2025-05-22 14:03:12,369 [INFO] CodeEngine:279 - Generated code: D:\AIFARM\STM32_GREENB\stm32f103_nethouse\Core\Src\main.c
2025-05-22 14:03:13,089 [INFO] ProjectBuilder:3064 - Time for Copy HAL[1] : 196mS.
2025-05-22 14:03:13,095 [INFO] ProjectBuilder:4404 - Project Generator version: 4.1.0
2025-05-22 14:03:13,359 [INFO] ConfigFileManager:1457 - The Die is : DIE410
2025-05-22 14:03:13,395 [INFO] ApiDbMcu:507 - Load IP Config File for FATFS
2025-05-22 14:03:13,415 [INFO] ApiDbMcu:507 - Load IP Config File for FREERTOS
2025-05-22 14:03:13,432 [INFO] ApiDbMcu:507 - Load IP Config File for USB_DEVICE
2025-05-22 14:03:14,497 [INFO] LogOutputStream:77 - [STDOUT_REDIRECT] 
2025-05-22 14:03:16,372 [INFO] ProjectBuilder:4626 - Time for Generating toolchain IDE Files: 3277mS.
2025-05-22 14:03:16,373 [INFO] ProjectBuilder:2935 - Time for Copy CMSIS : 1mS.
2025-05-22 14:03:16,374 [INFO] ProjectBuilder:2935 - Time for Copy CMSIS : 0mS.
2025-05-22 15:45:37,174 [INFO] MainUpdater:2868 - connection check result : 10
2025-05-22 15:45:37,175 [INFO] MainUpdater:2868 - connection check result : 10
2025-05-22 15:45:37,362 [INFO] MicroXplorer:468 - Change Database Path : 
2025-05-22 15:45:37,362 [INFO] MicroXplorer:498 - Change Database Version : DB.6.0.90
2025-05-22 15:45:37,462 [WARN] ThirdParty:871 - waiting for thirdparty lock release [close project]
2025-05-22 15:45:37,462 [INFO] ThirdParty:873 - entering critical section [close project]
2025-05-22 15:45:37,462 [INFO] ThirdParty:883 - exiting critical section [close project]
2025-05-22 15:45:37,465 [INFO] PinOutPanel:1499 - setPackage(No Configuration,No Configuration)
2025-05-22 15:45:37,494 [INFO] UtilMem:75 - Begin LoadConfig() Used Memory: 735800640 Bytes (1073741824)
2025-05-22 15:45:37,495 [INFO] MicroXplorer:468 - Change Database Path : 
2025-05-22 15:45:37,495 [INFO] MicroXplorer:498 - Change Database Version : DB.6.0.90
2025-05-22 15:45:37,495 [INFO] OpenFileManager:308 - Change cursor
2025-05-22 15:45:37,522 [INFO] RulesReader:64 - Compatibility file has been processed (293 Rules)
2025-05-22 15:45:37,527 [INFO] Mcu:1946 - Initializing MCU STM32F103C(8-B)Tx STM32F103CBTx STM32F103CBT6
2025-05-22 15:45:38,238 [INFO] Context:659 - Trying to add GPIOservice into a context  which must be forbidden
2025-05-22 15:45:38,695 [INFO] RtosManager:555 - Registered RTOS mode: class=CMSIS, group=RTOS, mode=CMSIS_V1, owner=FREERTOS
2025-05-22 15:45:38,695 [INFO] RtosManager:555 - Registered RTOS mode: class=CMSIS, group=RTOS2, mode=CMSIS_V2, owner=FREERTOS
2025-05-22 15:45:38,695 [INFO] RtosManager:555 - Registered RTOS mode: class=RTOS, group=Core, mode=CMSIS_V1, owner=FREERTOS
2025-05-22 15:45:38,695 [INFO] RtosManager:555 - Registered RTOS mode: class=RTOS, group=Core, mode=CMSIS_V2, owner=FREERTOS
2025-05-22 15:45:38,695 [WARN] ModelIntegratedComponent:184 - Missing modes for component STMicroelectronics:FreeRTOS:0.0.1:STMicroelectronics:RTOS:FreeRTOS:Core:::10.2.0:
2025-05-22 15:45:38,701 [WARN] ModelIntegratedComponent:63 - No mode defined for component null
2025-05-22 15:45:38,701 [WARN] ModelIntegratedComponent:63 - No mode defined for component null
2025-05-22 15:45:38,701 [WARN] ModelIntegratedComponent:63 - No mode defined for component null
2025-05-22 15:45:38,701 [WARN] ModelIntegratedComponent:63 - No mode defined for component null
2025-05-22 15:45:38,701 [WARN] ModelIntegratedComponent:63 - No mode defined for component null
2025-05-22 15:45:38,701 [WARN] ModelIntegratedComponent:63 - No mode defined for component null
2025-05-22 15:45:38,701 [WARN] ModelIntegratedComponent:63 - No mode defined for component null
2025-05-22 15:45:38,701 [WARN] ModelIntegratedComponent:63 - No mode defined for component null
2025-05-22 15:45:38,701 [WARN] ModelIntegratedComponent:63 - No mode defined for component null
2025-05-22 15:45:38,701 [WARN] ModelIntegratedComponent:63 - No mode defined for component null
2025-05-22 15:45:38,701 [WARN] ModelIntegratedComponent:63 - No mode defined for component null
2025-05-22 15:45:38,701 [WARN] ModelIntegratedComponent:63 - No mode defined for component null
2025-05-22 15:45:38,701 [WARN] ModelIntegratedComponent:63 - No mode defined for component null
2025-05-22 15:45:38,701 [WARN] ModelIntegratedComponent:63 - No mode defined for component null
2025-05-22 15:45:38,702 [WARN] ModelIntegratedComponent:63 - No mode defined for component null
2025-05-22 15:45:38,702 [WARN] ModelIntegratedComponent:63 - No mode defined for component null
2025-05-22 15:45:38,702 [WARN] ModelIntegratedComponent:63 - No mode defined for component null
2025-05-22 15:45:38,702 [WARN] ModelIntegratedComponent:63 - No mode defined for component null
2025-05-22 15:45:38,702 [WARN] ModelIntegratedComponent:63 - No mode defined for component null
2025-05-22 15:45:38,702 [WARN] ModelIntegratedComponent:63 - No mode defined for component null
2025-05-22 15:45:38,702 [WARN] ModelIntegratedComponent:63 - No mode defined for component null
2025-05-22 15:45:38,702 [WARN] ModelIntegratedComponent:63 - No mode defined for component null
2025-05-22 15:45:38,702 [WARN] ModelIntegratedComponent:63 - No mode defined for component null
2025-05-22 15:45:38,702 [WARN] ModelIntegratedComponent:63 - No mode defined for component null
2025-05-22 15:45:38,702 [WARN] ModelIntegratedComponent:63 - No mode defined for component null
2025-05-22 15:45:38,702 [WARN] ModelIntegratedComponent:63 - No mode defined for component null
2025-05-22 15:45:38,702 [WARN] ModelIntegratedComponent:63 - No mode defined for component null
2025-05-22 15:45:38,702 [WARN] ModelIntegratedComponent:63 - No mode defined for component null
2025-05-22 15:45:38,702 [WARN] ModelIntegratedComponent:63 - No mode defined for component null
2025-05-22 15:45:38,702 [WARN] ModelIntegratedComponent:63 - No mode defined for component null
2025-05-22 15:45:38,702 [WARN] ModelIntegratedComponent:63 - No mode defined for component null
2025-05-22 15:45:38,703 [WARN] ModelIntegratedComponent:63 - No mode defined for component null
2025-05-22 15:45:38,703 [WARN] ModelIntegratedComponent:63 - No mode defined for component null
2025-05-22 15:45:39,145 [INFO] ThirdPartyModel:298 - Start build external matchings
2025-05-22 15:45:41,634 [INFO] ThirdPartyModel:316 - End build external matchings
2025-05-22 15:45:41,665 [INFO] ImportTextPane:194 - (OptionalMessage_ERROR) IP (RCC) : Invalid parameter (FamilyName)
2025-05-22 15:45:41,824 [INFO] UtilMem:75 - End LoadConfig() Used Memory: 879815400 Bytes (1073741824)
2025-05-22 15:45:41,858 [WARN] ThirdParty:833 - waiting for thirdparty lock release [change project]
2025-05-22 15:45:41,858 [INFO] ThirdParty:835 - entering critical section [change project]
2025-05-22 15:45:41,858 [INFO] ThirdParty:1030 - CMSIS Pack Vendor :STMicroelectronics USBPD 4.1
2025-05-22 15:45:41,858 [INFO] ThirdParty:1030 - CMSIS Pack Vendor :STMicroelectronics X-CUBE-GNSS1 6.0.0
2025-05-22 15:45:41,859 [INFO] ThirdParty:1030 - CMSIS Pack Vendor :STMicroelectronics USB_HOST 2.0.0
2025-05-22 15:45:41,859 [INFO] ThirdParty:1030 - CMSIS Pack Vendor :STMicroelectronics FP-SNS-MOTENVWB1 1.4.0
2025-05-22 15:45:41,859 [INFO] ThirdParty:1030 - CMSIS Pack Vendor :STMicroelectronics X-CUBE-AZRTOS-F4 1.1.0
2025-05-22 15:45:41,859 [INFO] ThirdParty:1030 - CMSIS Pack Vendor :STMicroelectronics LIBJPEG 8.0.0
2025-05-22 15:45:41,859 [INFO] ThirdParty:1030 - CMSIS Pack Vendor :STMicroelectronics FP-ATR-ASTRA1 2.0.2
2025-05-22 15:45:41,859 [INFO] ThirdParty:1030 - CMSIS Pack Vendor :STMicroelectronics FP-ATR-ASTRA1 2.0.1
2025-05-22 15:45:41,859 [INFO] ThirdParty:1030 - CMSIS Pack Vendor :STMicroelectronics X-CUBE-SMBUS 2.1.0
2025-05-22 15:45:41,859 [INFO] ThirdParty:1030 - CMSIS Pack Vendor :STMicroelectronics X-CUBE-WB05N 1.1.0
2025-05-22 15:45:41,859 [INFO] ThirdParty:1030 - CMSIS Pack Vendor :wolfSSL I-CUBE-wolfSSL 5.6.0
2025-05-22 15:45:41,859 [INFO] ThirdParty:1030 - CMSIS Pack Vendor :STMicroelectronics X-CUBE-ISPU 2.1.0
2025-05-22 15:45:41,859 [INFO] ThirdParty:1030 - CMSIS Pack Vendor :STMicroelectronics X-CUBE-FREERTOS 1.2.0
2025-05-22 15:45:41,859 [INFO] ThirdParty:1030 - CMSIS Pack Vendor :STMicroelectronics X-CUBE-TOUCHGFX 4.23.0
2025-05-22 15:45:41,859 [INFO] ThirdParty:1030 - CMSIS Pack Vendor :STMicroelectronics X-CUBE-TOUCHGFX 4.23.2
2025-05-22 15:45:41,859 [INFO] ThirdParty:1030 - CMSIS Pack Vendor :STMicroelectronics X-CUBE-AZRTOS-F7 1.1.0
2025-05-22 15:45:41,859 [INFO] ThirdParty:1030 - CMSIS Pack Vendor :STMicroelectronics X-CUBE-AZRTOS-L5 2.0.0
2025-05-22 15:45:41,859 [INFO] ThirdParty:1030 - CMSIS Pack Vendor :STMicroelectronics USB_DEVICE 2.0.0
2025-05-22 15:45:41,859 [INFO] ThirdParty:1030 - CMSIS Pack Vendor :STMicroelectronics X-CUBE-MEMS1 9.6.0
2025-05-22 15:45:41,859 [INFO] ThirdParty:1030 - CMSIS Pack Vendor :STMicroelectronics X-CUBE-EEPRMA1 4.2.0
2025-05-22 15:45:41,859 [INFO] ThirdParty:1030 - CMSIS Pack Vendor :STMicroelectronics X-CUBE-NFC6 3.1.0
2025-05-22 15:45:41,859 [INFO] ThirdParty:1030 - CMSIS Pack Vendor :ITTIA_DB I-CUBE-ITTIADB 8.8.0
2025-05-22 15:45:41,859 [INFO] ThirdParty:1030 - CMSIS Pack Vendor :STMicroelectronics FP-SNS-MOTENV1 4.3.0
2025-05-22 15:45:41,860 [INFO] ThirdParty:1030 - CMSIS Pack Vendor :STMicroelectronics FP-SNS-MOTENV1 4.3.2
2025-05-22 15:45:41,860 [INFO] ThirdParty:1030 - CMSIS Pack Vendor :STMicroelectronics FP-SNS-FLIGHT1 5.0.0
2025-05-22 15:45:41,860 [INFO] ThirdParty:1030 - CMSIS Pack Vendor :STMicroelectronics X-CUBE-BLE1 6.2.4
2025-05-22 15:45:41,860 [INFO] ThirdParty:1030 - CMSIS Pack Vendor :STMicroelectronics FreeRTOS 0.0.1
2025-05-22 15:45:41,860 [INFO] ThirdParty:1030 - CMSIS Pack Vendor :emotas I-CUBE-CANOPEN 1.1.3
2025-05-22 15:45:41,860 [INFO] ThirdParty:1030 - CMSIS Pack Vendor :STMicroelectronics X-CUBE-BLEMGR 2.0.0
2025-05-22 15:45:41,860 [INFO] ThirdParty:1030 - CMSIS Pack Vendor :STMicroelectronics FP-SNS-FLIGHT1 5.0.2
2025-05-22 15:45:41,860 [INFO] ThirdParty:1030 - CMSIS Pack Vendor :STMicroelectronics X-CUBE-AI 9.0.0
2025-05-22 15:45:41,860 [INFO] ThirdParty:1030 - CMSIS Pack Vendor :STMicroelectronics X-CUBE-AZRTOS-H7 3.1.0
2025-05-22 15:45:41,860 [INFO] ThirdParty:1030 - CMSIS Pack Vendor :STMicroelectronics PDM2PCM 3.3.0
2025-05-22 15:45:41,860 [INFO] ThirdParty:1030 - CMSIS Pack Vendor :STMicroelectronics X-CUBE-DISPLAY 3.0.0
2025-05-22 15:45:41,860 [INFO] ThirdParty:1030 - CMSIS Pack Vendor :STMicroelectronics X-CUBE-BLE1 7.0.0
2025-05-22 15:45:41,860 [INFO] ThirdParty:1030 - CMSIS Pack Vendor :STMicroelectronics X-CUBE-NFC10 1.0.0
2025-05-22 15:45:41,860 [INFO] ThirdParty:1030 - CMSIS Pack Vendor :STMicroelectronics X-CUBE-FREERTOS 1.3.1
2025-05-22 15:45:41,860 [INFO] ThirdParty:1030 - CMSIS Pack Vendor :STMicroelectronics HAL Drivers 0.0.0
2025-05-22 15:45:41,860 [INFO] ThirdParty:1030 - CMSIS Pack Vendor :emotas I-CUBE-CANOPEN 1.3.0
2025-05-22 15:45:41,860 [INFO] ThirdParty:1030 - CMSIS Pack Vendor :STMicroelectronics X-CUBE-FREERTOS 1.3.0
2025-05-22 15:45:41,860 [INFO] ThirdParty:1030 - CMSIS Pack Vendor :STMicroelectronics X-CUBE-TOUCHGFX 4.22.0
2025-05-22 15:45:41,860 [INFO] ThirdParty:1030 - CMSIS Pack Vendor :STMicroelectronics X-CUBE-NFC7 1.0.1
2025-05-22 15:45:41,860 [INFO] ThirdParty:1030 - CMSIS Pack Vendor :STMicroelectronics MBEDTLS 2.14.1
2025-05-22 15:45:41,860 [INFO] ThirdParty:1030 - CMSIS Pack Vendor :STMicroelectronics X-CUBE-NFC7 1.0.0
2025-05-22 15:45:41,860 [INFO] ThirdParty:1030 - CMSIS Pack Vendor :STMicroelectronics X-CUBE-TOUCHGFX 4.22.1
2025-05-22 15:45:41,860 [INFO] ThirdParty:1030 - CMSIS Pack Vendor :wolfSSL I-CUBE-wolfTPM 3.2.0
2025-05-22 15:45:41,860 [INFO] ThirdParty:1030 - CMSIS Pack Vendor :STMicroelectronics X-CUBE-NFC6 3.0.0
2025-05-22 15:45:41,860 [INFO] ThirdParty:1030 - CMSIS Pack Vendor :STMicroelectronics X-CUBE-EEPRMA1 4.1.0
2025-05-22 15:45:41,860 [INFO] ThirdParty:1030 - CMSIS Pack Vendor :STMicroelectronics X-CUBE-BLEMGR 3.1.0
2025-05-22 15:45:41,861 [INFO] ThirdParty:1030 - CMSIS Pack Vendor :STMicroelectronics X-CUBE-AI 10.0.0
2025-05-22 15:45:41,861 [INFO] ThirdParty:1030 - CMSIS Pack Vendor :STMicroelectronics FP-SNS-SMARTAG2 1.2.0
2025-05-22 15:45:41,861 [INFO] ThirdParty:1030 - CMSIS Pack Vendor :STMicroelectronics X-CUBE-MEMS1 11.1.0
2025-05-22 15:45:41,861 [INFO] ThirdParty:1030 - CMSIS Pack Vendor :STMicroelectronics X-CUBE-AZRTOS-WL 2.0.0
2025-05-22 15:45:41,861 [INFO] ThirdParty:1030 - CMSIS Pack Vendor :STMicroelectronics FP-SNS-MOTENV1 5.0.0
2025-05-22 15:45:41,861 [INFO] ThirdParty:1030 - CMSIS Pack Vendor :STMicroelectronics USB_DEVICE 1.0.0
2025-05-22 15:45:41,861 [INFO] ThirdParty:1030 - CMSIS Pack Vendor :STMicroelectronics X-CUBE-AI 8.1.0
2025-05-22 15:45:41,861 [INFO] ThirdParty:1030 - CMSIS Pack Vendor :wolfSSL I-CUBE-wolfMQTT 1.19.0
2025-05-22 15:45:41,861 [INFO] ThirdParty:1030 - CMSIS Pack Vendor :STMicroelectronics X-CUBE-AZRTOS-L4 2.0.0
2025-05-22 15:45:41,861 [INFO] ThirdParty:1030 - CMSIS Pack Vendor :STMicroelectronics ThreadX 0.0.2
2025-05-22 15:45:41,861 [INFO] ThirdParty:1030 - CMSIS Pack Vendor :WES I-CUBE-Cesium 1.3.0
2025-05-22 15:45:41,861 [INFO] ThirdParty:1030 - CMSIS Pack Vendor :STMicroelectronics lwIP 2.1.2
2025-05-22 15:45:41,861 [INFO] ThirdParty:1030 - CMSIS Pack Vendor :STMicroelectronics X-CUBE-SFXS2LP1 4.0.0
2025-05-22 15:45:41,861 [INFO] ThirdParty:1030 - CMSIS Pack Vendor :STMicroelectronics X-CUBE-BLE2 3.3.0
2025-05-22 15:45:41,861 [INFO] ThirdParty:1030 - CMSIS Pack Vendor :STMicroelectronics PDM2PCM 3.2.0
2025-05-22 15:45:41,861 [INFO] ThirdParty:1030 - CMSIS Pack Vendor :STMicroelectronics X-CUBE-ISPU 1.1.0
2025-05-22 15:45:41,861 [INFO] ThirdParty:1030 - CMSIS Pack Vendor :STMicroelectronics X-CUBE-AZRTOS-H7 3.3.0
2025-05-22 15:45:41,861 [INFO] ThirdParty:1030 - CMSIS Pack Vendor :STMicroelectronics X-CUBE-NFC9 1.0.0
2025-05-22 15:45:41,861 [INFO] ThirdParty:1030 - CMSIS Pack Vendor :STMicroelectronics X-CUBE-BLE1 7.1.0
2025-05-22 15:45:41,861 [INFO] ThirdParty:1030 - CMSIS Pack Vendor :STMicroelectronics USB_DEVICE 3.0.0
2025-05-22 15:45:41,861 [INFO] ThirdParty:1030 - CMSIS Pack Vendor :STMicroelectronics X-CUBE-TCPP 4.1.0
2025-05-22 15:45:41,861 [INFO] ThirdParty:1030 - CMSIS Pack Vendor :STMicroelectronics X-CUBE-AZRTOS-WB 2.0.0
2025-05-22 15:45:41,862 [INFO] ThirdParty:1030 - CMSIS Pack Vendor :STMicroelectronics X-CUBE-FREERTOS 1.0.1
2025-05-22 15:45:41,862 [INFO] ThirdParty:1030 - CMSIS Pack Vendor :STMicroelectronics X-CUBE-GNSS1 7.0.1
2025-05-22 15:45:41,862 [INFO] ThirdParty:1030 - CMSIS Pack Vendor :STMicroelectronics X-CUBE-TOUCHGFX 4.21.4
2025-05-22 15:45:41,862 [INFO] ThirdParty:1030 - CMSIS Pack Vendor :STMicroelectronics X-CUBE-TOUCHGFX 4.25.0
2025-05-22 15:45:41,862 [INFO] ThirdParty:1030 - CMSIS Pack Vendor :STMicroelectronics X-CUBE-ALGOBUILD 1.3.0
2025-05-22 15:45:41,862 [INFO] ThirdParty:1030 - CMSIS Pack Vendor :STMicroelectronics X-CUBE-AZRTOS-L5 1.1.0
2025-05-22 15:45:41,862 [INFO] ThirdParty:1030 - CMSIS Pack Vendor :STMicroelectronics X-CUBE-MEMS1 11.2.0
2025-05-22 15:45:41,862 [INFO] ThirdParty:1030 - CMSIS Pack Vendor :STMicroelectronics X-CUBE-AZRTOS-G0 1.1.0
2025-05-22 15:45:41,862 [INFO] ThirdParty:1030 - CMSIS Pack Vendor :STMicroelectronics X-CUBE-AI 8.0.1
2025-05-22 15:45:41,862 [INFO] ThirdParty:1030 - CMSIS Pack Vendor :STMicroelectronics X-CUBE-SAFEA1 1.2.2
2025-05-22 15:45:41,862 [INFO] ThirdParty:1030 - CMSIS Pack Vendor :STMicroelectronics X-CUBE-NFC4 3.0.0
2025-05-22 15:45:41,862 [INFO] ThirdParty:1030 - CMSIS Pack Vendor :STMicroelectronics X-CUBE-SUBG2 5.0.0
2025-05-22 15:45:41,862 [INFO] ThirdParty:1030 - CMSIS Pack Vendor :STMicroelectronics X-CUBE-AZRTOS-H7RS 1.1.0
2025-05-22 15:45:41,862 [INFO] ThirdParty:1030 - CMSIS Pack Vendor :STMicroelectronics STM32_WPAN 1.0.0
2025-05-22 15:45:41,862 [INFO] ThirdParty:1030 - CMSIS Pack Vendor :wolfSSL I-CUBE-wolfMQTT 1.18.0
2025-05-22 15:45:41,862 [INFO] ThirdParty:1030 - CMSIS Pack Vendor :STMicroelectronics lwIP 2.0.3
2025-05-22 15:45:41,862 [INFO] ThirdParty:1030 - CMSIS Pack Vendor :Cesanta I-CUBE-Mongoose 7.13.0
2025-05-22 15:45:41,862 [INFO] ThirdParty:1030 - CMSIS Pack Vendor :STMicroelectronics USB_HOST 1.0.0
2025-05-22 15:45:41,862 [INFO] ThirdParty:1030 - CMSIS Pack Vendor :STMicroelectronics X-CUBE-TOF1 3.3.1
2025-05-22 15:45:41,862 [INFO] ThirdParty:1030 - CMSIS Pack Vendor :STMicroelectronics X-CUBE-AZRTOS-G4 2.0.0
2025-05-22 15:45:41,863 [INFO] ThirdParty:1030 - CMSIS Pack Vendor :STMicroelectronics X-CUBE-WB05N 2.0.0
2025-05-22 15:45:41,863 [INFO] ThirdParty:1030 - CMSIS Pack Vendor :STMicroelectronics PDM2PCM 3.1.0
2025-05-22 15:45:41,863 [INFO] ThirdParty:1030 - CMSIS Pack Vendor :STMicroelectronics X-CUBE-TOF1 3.3.0
2025-05-22 15:45:41,863 [INFO] ThirdParty:1030 - CMSIS Pack Vendor :Infineon AIROC-Wi-Fi-Bluetooth-STM32 1.5.1
2025-05-22 15:45:41,863 [INFO] ThirdParty:1030 - CMSIS Pack Vendor :STMicroelectronics X-CUBE-BLEMGR 3.0.0
2025-05-22 15:45:41,863 [INFO] ThirdParty:1030 - CMSIS Pack Vendor :STMicroelectronics FP-SNS-MOTENVWB1 1.3.0
2025-05-22 15:45:41,863 [INFO] ThirdParty:1030 - CMSIS Pack Vendor :STMicroelectronics X-CUBE-NFC7 2.0.0
2025-05-22 15:45:41,863 [INFO] ThirdParty:1030 - CMSIS Pack Vendor :STMicroelectronics FP-SNS-MOTENVWB1 1.3.1
2025-05-22 15:45:41,863 [INFO] ThirdParty:1030 - CMSIS Pack Vendor :STMicroelectronics FP-ATR-SIGFOX1 3.2.0
2025-05-22 15:45:41,863 [INFO] ThirdParty:1030 - CMSIS Pack Vendor :STMicroelectronics X-CUBE-AZRTOS-L4 1.0.0
2025-05-22 15:45:41,863 [INFO] ThirdParty:1030 - CMSIS Pack Vendor :STMicroelectronics X-CUBE-ISPU 2.0.0
2025-05-22 15:45:41,863 [INFO] ThirdParty:1030 - CMSIS Pack Vendor :STMicroelectronics X-CUBE-EEPRMA1 5.1.0
2025-05-22 15:45:41,863 [INFO] ThirdParty:1030 - CMSIS Pack Vendor :STMicroelectronics MBEDTLS 2.16.2
2025-05-22 15:45:41,863 [INFO] ThirdParty:1030 - CMSIS Pack Vendor :STMicroelectronics X-CUBE-ALS 1.0.2
2025-05-22 15:45:41,863 [INFO] ThirdParty:1030 - CMSIS Pack Vendor :STMicroelectronics X-CUBE-MEMS1 10.0.0
2025-05-22 15:45:41,863 [INFO] ThirdParty:1030 - CMSIS Pack Vendor :STMicroelectronics X-CUBE-FREERTOS 1.1.0
2025-05-22 15:45:41,863 [INFO] ThirdParty:1030 - CMSIS Pack Vendor :wolfSSL I-CUBE-wolfSSL 5.7.6
2025-05-22 15:45:41,864 [INFO] ThirdParty:1030 - CMSIS Pack Vendor :STMicroelectronics X-CUBE-TOUCHGFX 4.24.0
2025-05-22 15:45:41,864 [INFO] ThirdParty:1030 - CMSIS Pack Vendor :ITTIA_DB I-CUBE-ITTIADB 8.9.0
2025-05-22 15:45:41,864 [INFO] ThirdParty:1030 - CMSIS Pack Vendor :STMicroelectronics X-CUBE-TOUCHGFX 4.24.2
2025-05-22 15:45:41,864 [INFO] ThirdParty:1030 - CMSIS Pack Vendor :STMicroelectronics X-CUBE-AZRTOS-WL 1.0.0
2025-05-22 15:45:41,864 [INFO] ThirdParty:1030 - CMSIS Pack Vendor :STMicroelectronics X-CUBE-TOUCHGFX 4.24.1
2025-05-22 15:45:41,864 [INFO] ThirdParty:1030 - CMSIS Pack Vendor :wolfSSL I-CUBE-wolfTPM 3.4.0
2025-05-22 15:45:41,864 [INFO] ThirdParty:1030 - CMSIS Pack Vendor :portGmbH I-Cube-SoM-uGOAL 1.1.0
2025-05-22 15:45:41,864 [INFO] ThirdParty:1030 - CMSIS Pack Vendor :STMicroelectronics X-CUBE-ALS 1.0.1
2025-05-22 15:45:41,864 [INFO] ThirdParty:1030 - CMSIS Pack Vendor :STMicroelectronics ThreadX 1.0.0
2025-05-22 15:45:41,864 [INFO] ThirdParty:1030 - CMSIS Pack Vendor :STMicroelectronics X-CUBE-AZRTOS-WB 1.1.0
2025-05-22 15:45:41,864 [INFO] ThirdParty:1030 - CMSIS Pack Vendor :SEGGER I-CUBE-embOS 1.3.1
2025-05-22 15:45:41,864 [INFO] ThirdParty:1030 - CMSIS Pack Vendor :STMicroelectronics X-CUBE-ALGOBUILD 1.4.0
2025-05-22 15:45:41,864 [INFO] ThirdParty:1030 - CMSIS Pack Vendor :STMicroelectronics X-CUBE-AZRTOS-H7RS 1.0.0
2025-05-22 15:45:41,864 [INFO] ThirdParty:1030 - CMSIS Pack Vendor :STMicroelectronics FP-ATR-ASTRA1 2.0.0
2025-05-22 15:45:41,864 [INFO] ThirdParty:1030 - CMSIS Pack Vendor :STMicroelectronics X-CUBE-AI 9.1.0
2025-05-22 15:45:41,864 [INFO] ThirdParty:1030 - CMSIS Pack Vendor :STMicroelectronics X-CUBE-TOF1 3.4.0
2025-05-22 15:45:41,864 [INFO] ThirdParty:1030 - CMSIS Pack Vendor :STMicroelectronics X-CUBE-TOF1 3.4.1
2025-05-22 15:45:41,864 [INFO] ThirdParty:1030 - CMSIS Pack Vendor :STMicroelectronics X-CUBE-AZRTOS-H7 3.2.0
2025-05-22 15:45:41,864 [INFO] ThirdParty:1030 - CMSIS Pack Vendor :wolfSSL I-CUBE-wolfSSH 1.4.17
2025-05-22 15:45:41,864 [INFO] ThirdParty:841 - exiting critical section [change project]
2025-05-22 15:45:41,974 [INFO] PinOutPanel:1499 - setPackage(No Configuration,No Configuration)
2025-05-22 15:45:41,975 [INFO] PinOutPanel:1499 - setPackage(STM32F103CBTx,LQFP48)
2025-05-22 15:45:42,183 [INFO] UtilMem:75 - Before build in PCC Used Memory: 660805528 Bytes (1073741824)
2025-05-22 15:45:42,448 [INFO] UtilMem:75 - After build in PCC Used Memory: 702226328 Bytes (1073741824)
2025-05-22 15:45:42,486 [INFO] IPUIPlugin:80 - create IPUIPlugin
2025-05-22 15:45:42,486 [INFO] IPUIPlugin:80 - create IPUIPlugin
2025-05-22 15:45:42,486 [INFO] IPUIPlugin:80 - create IPUIPlugin
2025-05-22 15:45:42,487 [INFO] IPUIPlugin:80 - create IPUIPlugin
2025-05-22 15:45:42,487 [INFO] IPUIPlugin:80 - create IPUIPlugin
2025-05-22 15:45:42,487 [INFO] IPUIPlugin:80 - create IPUIPlugin
2025-05-22 15:45:42,487 [INFO] IPUIPlugin:80 - create IPUIPlugin
2025-05-22 15:45:42,487 [INFO] IPUIPlugin:80 - create IPUIPlugin
2025-05-22 15:45:42,487 [INFO] IPUIPlugin:80 - create IPUIPlugin
2025-05-22 15:45:42,487 [INFO] IPUIPlugin:80 - create IPUIPlugin
2025-05-22 15:45:42,487 [INFO] IPUIPlugin:80 - create IPUIPlugin
2025-05-22 15:45:42,487 [INFO] IPUIPlugin:80 - create IPUIPlugin
2025-05-22 15:45:42,488 [INFO] IPUIPlugin:80 - create IPUIPlugin
2025-05-22 15:45:42,488 [INFO] IPUIPlugin:80 - create IPUIPlugin
2025-05-22 15:45:42,488 [INFO] IPUIPlugin:80 - create IPUIPlugin
2025-05-22 15:45:42,488 [INFO] IPUIPlugin:80 - create IPUIPlugin
2025-05-22 15:45:42,488 [INFO] IPUIPlugin:80 - create IPUIPlugin
2025-05-22 15:45:42,488 [INFO] IPUIPlugin:80 - create IPUIPlugin
2025-05-22 15:45:42,488 [INFO] IPUIPlugin:80 - create IPUIPlugin
2025-05-22 15:45:42,489 [INFO] IPUIPlugin:80 - create IPUIPlugin
2025-05-22 15:45:42,489 [INFO] IPUIPlugin:80 - create IPUIPlugin
2025-05-22 15:45:42,489 [INFO] IPUIPlugin:80 - create IPUIPlugin
2025-05-22 15:45:42,489 [INFO] IPUIPlugin:80 - create IPUIPlugin
2025-05-22 15:45:42,489 [INFO] IPUIPlugin:80 - create IPUIPlugin
2025-05-22 15:45:42,489 [INFO] IPUIPlugin:80 - create IPUIPlugin
2025-05-22 15:45:42,490 [INFO] IPUIPlugin:80 - create IPUIPlugin
2025-05-22 15:45:42,490 [INFO] IPUIPlugin:80 - create IPUIPlugin
2025-05-22 15:45:42,493 [WARN] IP:2114 - I2C_Coeff_DF not found: check if there is a RefParameter without a condition.
2025-05-22 15:45:42,493 [WARN] IP:2114 - Analog_Filter not found: check if there is a RefParameter without a condition.
2025-05-22 15:45:42,553 [INFO] CADModel:165 - CPN selected for project levelSTM32F103CBT6
2025-05-22 15:45:42,554 [INFO] CADModel:114 - Register for checkConnection events
2025-05-22 15:45:42,610 [INFO] OpenFileManager:328 - Restore cursor
2025-05-22 15:45:42,929 [WARN] IP:2114 - I2C_Coeff_DF not found: check if there is a RefParameter without a condition.
2025-05-22 15:45:42,929 [WARN] IP:2114 - Analog_Filter not found: check if there is a RefParameter without a condition.
2025-05-22 15:45:42,930 [WARN] IP:2114 - I2C_Coeff_DF not found: check if there is a RefParameter without a condition.
2025-05-22 15:45:42,930 [WARN] IP:2114 - Analog_Filter not found: check if there is a RefParameter without a condition.
2025-05-22 15:45:57,694 [WARN] IP:2114 - I2C_Coeff_DF not found: check if there is a RefParameter without a condition.
2025-05-22 15:45:57,695 [WARN] IP:2114 - Analog_Filter not found: check if there is a RefParameter without a condition.
2025-05-22 16:05:30,978 [ERROR] ConfigurationRetriever:142 - IOException on connection: Read timed out
