2025-06-10 16:15:47,235 [INFO] Activator:176 - 


2025-06-10 16:15:47,240 [INFO] Activator:177 - !SESSION log4j initialized
2025-06-10 16:15:58,015 [INFO] LogOutputStream:77 - [STDOUT_REDIRECT] 
2025-06-10 16:16:02,937 [INFO] ApplicationProperties:184 - Using Application install path: D:\ITC\STM32\STM32CubeIDE_1.13.0\STM32CubeIDE\plugins\com.st.stm32cube.common.mx_6.9.0.202307051724
2025-06-10 16:16:02,963 [INFO] DbMcusXml:78 - Set database path to: D:\ITC\STM32\STM32CubeIDE_1.13.0\STM32CubeIDE\plugins\com.st.stm32cube.common.mx_6.9.0.202307051724\\db\/mcu/
2025-06-10 16:16:02,963 [INFO] ApiDb:274 - Set plugin database path to: D:\ITC\STM32\STM32CubeIDE_1.13.0\STM32CubeIDE\plugins\com.st.stm32cube.common.mx_6.9.0.202307051724\\db\/plugins/boardmanager/
2025-06-10 16:16:02,964 [WARN] ApiDb:259 - Overriding images path with different value:  => D:\ITC\STM32\STM32CubeIDE_1.13.0\STM32CubeIDE\plugins\com.st.stm32cube.common.mx_6.9.0.202307051724\\db\/plugins/mcufinder/images/
2025-06-10 16:16:02,977 [INFO] ApiDb:250 - Set database path to: C:\Users\msi1\.stmcufinder\plugins\mcufinder//mcu/
2025-06-10 16:16:02,978 [INFO] DbMcusAds:125 - Set database path to: C:\Users\msi1\.stmcufinder\plugins\mcufinder//mcu/
2025-06-10 16:16:02,981 [INFO] CrossReferenceDbSqlite:203 - Set database path to: C:\Users\msi1\.stmcufinder\plugins\mcufinder//mcu/cs/
2025-06-10 16:16:03,120 [INFO] RulesReader:64 - Compatibility file has been processed (293 Rules)
2025-06-10 16:16:03,229 [INFO] DbMcusXml:78 - Set database path to: D:\ITC\STM32\STM32CubeIDE_1.13.0\STM32CubeIDE\plugins\com.st.stm32cube.common.mx_6.9.0.202307051724\\db\/mcu/
2025-06-10 16:16:03,230 [INFO] ApiDb:274 - Set plugin database path to: D:\ITC\STM32\STM32CubeIDE_1.13.0\STM32CubeIDE\plugins\com.st.stm32cube.common.mx_6.9.0.202307051724\\db\/plugins/boardmanager/
2025-06-10 16:16:03,230 [INFO] ApiDb:261 - Set plugin images path to: D:\ITC\STM32\STM32CubeIDE_1.13.0\STM32CubeIDE\plugins\com.st.stm32cube.common.mx_6.9.0.202307051724\\db\/plugins/mcufinder/images/
2025-06-10 16:16:03,230 [WARN] DbFile:41 - Overriding database path with different value: C:\Users\msi1\.stmcufinder\plugins\mcufinder/ => C:\Users\msi1\.stmcufinder\plugins\mcufinder
2025-06-10 16:16:03,230 [INFO] ApiDb:250 - Set database path to: C:\Users\msi1\.stmcufinder\plugins\mcufinder//mcu/
2025-06-10 16:16:03,230 [WARN] DbFile:41 - Overriding database path with different value: C:\Users\msi1\.stmcufinder\plugins\mcufinder/ => C:\Users\msi1\.stmcufinder\plugins\mcufinder
2025-06-10 16:16:03,230 [INFO] DbMcusAds:125 - Set database path to: C:\Users\msi1\.stmcufinder\plugins\mcufinder//mcu/
2025-06-10 16:16:03,230 [WARN] DbFile:41 - Overriding database path with different value: C:\Users\msi1\.stmcufinder\plugins\mcufinder/ => C:\Users\msi1\.stmcufinder\plugins\mcufinder
2025-06-10 16:16:03,230 [WARN] DbFile:41 - Overriding database path with different value: C:\Users\msi1\.stmcufinder\plugins\mcufinder/ => C:\Users\msi1\.stmcufinder\plugins\mcufinder
2025-06-10 16:16:03,230 [INFO] CrossReferenceDbSqlite:203 - Set database path to: C:\Users\msi1\.stmcufinder\plugins\mcufinder//mcu/cs/
2025-06-10 16:16:03,332 [INFO] MainPanel:262 - HeapMemory: 268435456
2025-06-10 16:16:03,463 [INFO] DbMcusXml:78 - Set database path to: D:\ITC\STM32\STM32CubeIDE_1.13.0\STM32CubeIDE\plugins\com.st.stm32cube.common.mx_6.9.0.202307051724\\db\/mcu/
2025-06-10 16:16:03,464 [INFO] ApiDb:274 - Set plugin database path to: D:\ITC\STM32\STM32CubeIDE_1.13.0\STM32CubeIDE\plugins\com.st.stm32cube.common.mx_6.9.0.202307051724\\db\/plugins/boardmanager/
2025-06-10 16:16:03,464 [INFO] ApiDb:261 - Set plugin images path to: D:\ITC\STM32\STM32CubeIDE_1.13.0\STM32CubeIDE\plugins\com.st.stm32cube.common.mx_6.9.0.202307051724\\db\/plugins/mcufinder/images/
2025-06-10 16:16:03,464 [WARN] DbFile:41 - Overriding database path with different value: C:\Users\msi1\.stmcufinder\plugins\mcufinder/ => C:\Users\msi1\.stmcufinder\plugins\mcufinder
2025-06-10 16:16:03,464 [INFO] ApiDb:250 - Set database path to: C:\Users\msi1\.stmcufinder\plugins\mcufinder//mcu/
2025-06-10 16:16:03,464 [WARN] DbFile:41 - Overriding database path with different value: C:\Users\msi1\.stmcufinder\plugins\mcufinder/ => C:\Users\msi1\.stmcufinder\plugins\mcufinder
2025-06-10 16:16:03,464 [INFO] DbMcusAds:125 - Set database path to: C:\Users\msi1\.stmcufinder\plugins\mcufinder//mcu/
2025-06-10 16:16:03,464 [WARN] DbFile:41 - Overriding database path with different value: C:\Users\msi1\.stmcufinder\plugins\mcufinder/ => C:\Users\msi1\.stmcufinder\plugins\mcufinder
2025-06-10 16:16:03,464 [WARN] DbFile:41 - Overriding database path with different value: C:\Users\msi1\.stmcufinder\plugins\mcufinder/ => C:\Users\msi1\.stmcufinder\plugins\mcufinder
2025-06-10 16:16:03,465 [INFO] CrossReferenceDbSqlite:203 - Set database path to: C:\Users\msi1\.stmcufinder\plugins\mcufinder//mcu/cs/
2025-06-10 16:16:03,487 [INFO] ApplicationProperties:184 - Using Application install path: D:\ITC\STM32\STM32CubeIDE_1.13.0\STM32CubeIDE\plugins\com.st.stm32cube.common.mx_6.9.0.202307051724
2025-06-10 16:16:03,491 [INFO] PluginManage:196 - Search for loadable plugins [exclusion list=, ]
2025-06-10 16:16:03,493 [INFO] PluginManage:310 - Check plugin analytics
2025-06-10 16:16:03,654 [INFO] AnalyticsPlugin:253 - Accepted Software Licenses: 
2025-06-10 16:16:03,654 [INFO] AnalyticsPlugin:255 - Accepted CMSIS Pack Licenses: 
2025-06-10 16:16:03,654 [INFO] AnalyticsPlugin:257 - Accepted Firmware Licenses: FW.F4.1.27.0
2025-06-10 16:16:03,656 [INFO] PluginManage:359 - Loaded plugin analytics (category:tool,tabindex:-1)
2025-06-10 16:16:03,657 [INFO] PluginManage:310 - Check plugin cadmodel
2025-06-10 16:16:03,675 [INFO] CADModel:105 - Init CAD model plugin
2025-06-10 16:16:03,675 [INFO] PluginManage:359 - Loaded plugin cadmodel (category:power,tabindex:5)
2025-06-10 16:16:03,677 [INFO] PluginManage:310 - Check plugin clock
2025-06-10 16:16:03,700 [INFO] PluginManage:359 - Loaded plugin clock (category:base,tabindex:2)
2025-06-10 16:16:03,700 [INFO] PluginManage:310 - Check plugin ddr
2025-06-10 16:16:03,703 [INFO] PluginManage:359 - Loaded plugin ddr (category:tool,tabindex:6)
2025-06-10 16:16:03,703 [INFO] PluginManage:310 - Check plugin filemanager
2025-06-10 16:16:03,843 [INFO] PluginManage:359 - Loaded plugin filemanager (category:base,tabindex:10)
2025-06-10 16:16:03,843 [INFO] PluginManage:310 - Check plugin ipmanager
2025-06-10 16:16:03,850 [INFO] PluginManage:359 - Loaded plugin ipmanager (category:base,tabindex:5)
2025-06-10 16:16:03,851 [INFO] PluginManage:310 - Check plugin lpbam
2025-06-10 16:16:03,874 [INFO] PluginManage:359 - Loaded plugin lpbam (category:base,tabindex:0)
2025-06-10 16:16:03,874 [INFO] PluginManage:310 - Check plugin memorymap
2025-06-10 16:16:03,912 [INFO] PluginManage:359 - Loaded plugin memorymap (category:base,tabindex:4)
2025-06-10 16:16:03,912 [INFO] PluginManage:310 - Check plugin pinoutandconfiguration
2025-06-10 16:16:03,932 [INFO] PluginManage:359 - Loaded plugin pinoutandconfiguration (category:base,tabindex:1)
2025-06-10 16:16:03,932 [INFO] PluginManage:310 - Check plugin pinoutconfig
2025-06-10 16:16:04,067 [WARN] SupportedApi:132 - Cannot load RTOS API schema: s4s-elt-must-match.1: The content of 'definitions' must match (annotation?, (simpleType | complexType)?, (unique | key | keyref)*)). A problem was found starting at: attribute.
2025-06-10 16:16:04,219 [INFO] PluginManage:359 - Loaded plugin pinoutconfig (category:base,tabindex:0)
2025-06-10 16:16:04,219 [INFO] PluginManage:310 - Check plugin power
2025-06-10 16:16:04,253 [INFO] PluginManage:359 - Loaded plugin power (category:power,tabindex:4)
2025-06-10 16:16:04,253 [INFO] PluginManage:310 - Check plugin projectmanager
2025-06-10 16:16:04,266 [INFO] PluginManage:359 - Loaded plugin projectmanager (category:projectmanager,tabindex:3)
2025-06-10 16:16:04,266 [INFO] PluginManage:310 - Check plugin thirdparty
2025-06-10 16:16:04,629 [INFO] PluginManage:359 - Loaded plugin thirdparty (category:base,tabindex:-1)
2025-06-10 16:16:04,629 [WARN] IntegrityCheckThread:84 - waiting for thirdparty lock release [integrity check]
2025-06-10 16:16:04,629 [INFO] PluginManage:310 - Check plugin tools
2025-06-10 16:16:04,630 [INFO] IntegrityCheckThread:86 - entering critical section [integrity check]
2025-06-10 16:16:04,630 [INFO] ThirdPartyUpdaterWithRetryManager:70 - Updater plugin not ready yet. [1/15]
2025-06-10 16:16:04,686 [INFO] PluginManage:359 - Loaded plugin tools (category:base,tabindex:7)
2025-06-10 16:16:04,686 [INFO] PluginManage:310 - Check plugin tutovideos
2025-06-10 16:16:04,918 [INFO] PluginManage:359 - Loaded plugin tutovideos (category:base,tabindex:-1)
2025-06-10 16:16:04,918 [INFO] PluginManage:310 - Check plugin updater
2025-06-10 16:16:04,931 [INFO] PluginManage:359 - Loaded plugin updater (category:base,tabindex:12)
2025-06-10 16:16:04,932 [INFO] PluginManage:310 - Check plugin userauth
2025-06-10 16:16:04,941 [INFO] UserAuth:113 - Init User Auth plugin
2025-06-10 16:16:04,941 [INFO] PluginManage:359 - Loaded plugin userauth (category:base,tabindex:14)
2025-06-10 16:16:04,941 [INFO] PluginManage:283 - PluginManage : Loaded plugins [17]
2025-06-10 16:16:05,205 [INFO] PinOutPanel:1499 - setPackage(No Configuration,No Configuration)
2025-06-10 16:16:05,375 [INFO] CADModel:165 - CPN selected for project level
2025-06-10 16:16:05,375 [INFO] CADModel:114 - Register for checkConnection events
2025-06-10 16:16:05,428 [INFO] IPUIPlugin:80 - create IPUIPlugin
2025-06-10 16:16:05,429 [INFO] PluginManager:220 - loadIPPluginJar : add adc
2025-06-10 16:16:05,489 [INFO] IPUIPlugin:80 - create IPUIPlugin
2025-06-10 16:16:05,489 [INFO] PluginManager:220 - loadIPPluginJar : add aes
2025-06-10 16:16:05,566 [INFO] IPUIPlugin:80 - create IPUIPlugin
2025-06-10 16:16:05,568 [INFO] PluginManager:220 - loadIPPluginJar : add can
2025-06-10 16:16:05,604 [INFO] IPUIPlugin:80 - create IPUIPlugin
2025-06-10 16:16:05,604 [INFO] PluginManager:220 - loadIPPluginJar : add comp
2025-06-10 16:16:05,671 [INFO] IPUIPlugin:80 - create IPUIPlugin
2025-06-10 16:16:05,671 [INFO] PluginManager:220 - loadIPPluginJar : add cryp
2025-06-10 16:16:05,723 [INFO] IPUIPlugin:80 - create IPUIPlugin
2025-06-10 16:16:05,723 [INFO] PluginManager:220 - loadIPPluginJar : add dfsdm
2025-06-10 16:16:05,745 [INFO] IPUIPlugin:80 - create IPUIPlugin
2025-06-10 16:16:05,746 [INFO] PluginManager:220 - loadIPPluginJar : add dma
2025-06-10 16:16:05,882 [INFO] IPUIPlugin:80 - create IPUIPlugin
2025-06-10 16:16:05,882 [INFO] PluginManager:220 - loadIPPluginJar : add dma3
2025-06-10 16:16:05,932 [INFO] IPUIPlugin:80 - create IPUIPlugin
2025-06-10 16:16:05,932 [INFO] PluginManager:220 - loadIPPluginJar : add fatfs
2025-06-10 16:16:06,013 [INFO] IPUIPlugin:80 - create IPUIPlugin
2025-06-10 16:16:06,013 [INFO] PluginManager:220 - loadIPPluginJar : add fmc
2025-06-10 16:16:06,045 [INFO] IPUIPlugin:80 - create IPUIPlugin
2025-06-10 16:16:06,045 [INFO] PluginManager:220 - loadIPPluginJar : add freertos
2025-06-10 16:16:06,105 [INFO] IPUIPlugin:80 - create IPUIPlugin
2025-06-10 16:16:06,105 [INFO] PluginManager:220 - loadIPPluginJar : add genericplugin
2025-06-10 16:16:06,331 [INFO] IPUIPlugin:80 - create IPUIPlugin
2025-06-10 16:16:06,332 [INFO] PluginManager:220 - loadIPPluginJar : add gfxmmu
2025-06-10 16:16:06,600 [INFO] IPUIPlugin:80 - create IPUIPlugin
2025-06-10 16:16:06,601 [INFO] PluginManager:220 - loadIPPluginJar : add gic
2025-06-10 16:16:06,628 [INFO] IPUIPlugin:80 - create IPUIPlugin
2025-06-10 16:16:06,629 [INFO] PluginManager:220 - loadIPPluginJar : add gpio
2025-06-10 16:16:06,829 [INFO] IPUIPlugin:80 - create IPUIPlugin
2025-06-10 16:16:06,829 [INFO] PluginManager:220 - loadIPPluginJar : add gtzc
2025-06-10 16:16:06,909 [INFO] IPUIPlugin:80 - create IPUIPlugin
2025-06-10 16:16:06,911 [INFO] PluginManager:220 - loadIPPluginJar : add hash
2025-06-10 16:16:07,012 [INFO] IPUIPlugin:80 - create IPUIPlugin
2025-06-10 16:16:07,012 [INFO] PluginManager:220 - loadIPPluginJar : add i2c
2025-06-10 16:16:07,090 [INFO] IPUIPlugin:80 - create IPUIPlugin
2025-06-10 16:16:07,090 [INFO] PluginManager:220 - loadIPPluginJar : add i2s
2025-06-10 16:16:07,176 [INFO] IPUIPlugin:80 - create IPUIPlugin
2025-06-10 16:16:07,176 [INFO] PluginManager:220 - loadIPPluginJar : add i3c
2025-06-10 16:16:07,320 [INFO] IPUIPlugin:80 - create IPUIPlugin
2025-06-10 16:16:07,320 [INFO] PluginManager:220 - loadIPPluginJar : add ipddr
2025-06-10 16:16:07,444 [INFO] IPUIPlugin:80 - create IPUIPlugin
2025-06-10 16:16:07,444 [INFO] PluginManager:220 - loadIPPluginJar : add linkedlist
2025-06-10 16:16:07,491 [INFO] IPUIPlugin:80 - create IPUIPlugin
2025-06-10 16:16:07,492 [INFO] PluginManager:220 - loadIPPluginJar : add lorawan
2025-06-10 16:16:07,540 [INFO] IPUIPlugin:80 - create IPUIPlugin
2025-06-10 16:16:07,540 [INFO] PluginManager:220 - loadIPPluginJar : add ltdc
2025-06-10 16:16:07,558 [INFO] IPUIPlugin:80 - create IPUIPlugin
2025-06-10 16:16:07,558 [INFO] PluginManager:220 - loadIPPluginJar : add mdma
2025-06-10 16:16:07,573 [INFO] IPUIPlugin:80 - create IPUIPlugin
2025-06-10 16:16:07,573 [INFO] PluginManager:220 - loadIPPluginJar : add nvic
2025-06-10 16:16:07,625 [INFO] IPUIPlugin:80 - create IPUIPlugin
2025-06-10 16:16:07,625 [INFO] PluginManager:220 - loadIPPluginJar : add opamp
2025-06-10 16:16:07,631 [INFO] ThirdPartyUpdaterWithRetryManager:70 - Updater plugin not ready yet. [2/15]
2025-06-10 16:16:07,714 [INFO] IPUIPlugin:80 - create IPUIPlugin
2025-06-10 16:16:07,714 [INFO] PluginManager:220 - loadIPPluginJar : add openamp
2025-06-10 16:16:07,773 [INFO] IPUIPlugin:80 - create IPUIPlugin
2025-06-10 16:16:07,773 [INFO] PluginManager:220 - loadIPPluginJar : add pdm2pcm
2025-06-10 16:16:07,791 [INFO] IPUIPlugin:80 - create IPUIPlugin
2025-06-10 16:16:07,793 [INFO] PluginManager:220 - loadIPPluginJar : add plateformsettings
2025-06-10 16:16:07,827 [INFO] IPUIPlugin:80 - create IPUIPlugin
2025-06-10 16:16:07,827 [INFO] PluginManager:220 - loadIPPluginJar : add quadspi
2025-06-10 16:16:07,843 [INFO] IPUIPlugin:80 - create IPUIPlugin
2025-06-10 16:16:07,843 [INFO] PluginManager:220 - loadIPPluginJar : add resmgrutility
2025-06-10 16:16:07,915 [INFO] IPUIPlugin:80 - create IPUIPlugin
2025-06-10 16:16:07,915 [INFO] PluginManager:220 - loadIPPluginJar : add sai
2025-06-10 16:16:07,969 [INFO] IPUIPlugin:80 - create IPUIPlugin
2025-06-10 16:16:07,969 [INFO] PluginManager:220 - loadIPPluginJar : add spi
2025-06-10 16:16:08,042 [INFO] IPUIPlugin:80 - create IPUIPlugin
2025-06-10 16:16:08,043 [INFO] PluginManager:220 - loadIPPluginJar : add stm32_wpan
2025-06-10 16:16:08,074 [INFO] IPUIPlugin:80 - create IPUIPlugin
2025-06-10 16:16:08,075 [INFO] PluginManager:220 - loadIPPluginJar : add tim
2025-06-10 16:16:08,147 [INFO] IPUIPlugin:80 - create IPUIPlugin
2025-06-10 16:16:08,147 [INFO] PluginManager:220 - loadIPPluginJar : add touchsensing
2025-06-10 16:16:08,177 [INFO] IPUIPlugin:80 - create IPUIPlugin
2025-06-10 16:16:08,178 [INFO] PluginManager:220 - loadIPPluginJar : add tracer_emb
2025-06-10 16:16:08,214 [INFO] IPUIPlugin:80 - create IPUIPlugin
2025-06-10 16:16:08,214 [INFO] PluginManager:220 - loadIPPluginJar : add ts
2025-06-10 16:16:08,252 [INFO] IPUIPlugin:80 - create IPUIPlugin
2025-06-10 16:16:08,252 [INFO] PluginManager:220 - loadIPPluginJar : add tsc
2025-06-10 16:16:08,288 [INFO] IPUIPlugin:80 - create IPUIPlugin
2025-06-10 16:16:08,288 [INFO] PluginManager:220 - loadIPPluginJar : add ucpd
2025-06-10 16:16:08,345 [INFO] IPUIPlugin:80 - create IPUIPlugin
2025-06-10 16:16:08,345 [INFO] PluginManager:220 - loadIPPluginJar : add usart
2025-06-10 16:16:08,415 [INFO] IPUIPlugin:80 - create IPUIPlugin
2025-06-10 16:16:08,415 [INFO] PluginManager:220 - loadIPPluginJar : add usbx
2025-06-10 16:16:08,544 [INFO] CADModel:165 - CPN selected for project level
2025-06-10 16:16:08,544 [INFO] CADModel:114 - Register for checkConnection events
2025-06-10 16:16:08,544 [FATAL] Updater:308 - Updater called before beeing initialized
2025-06-10 16:16:08,545 [ERROR] CADModel:125 - Updater not yet initialized, retry later 
2025-06-10 16:16:08,700 [INFO] CADModel:165 - CPN selected for project level
2025-06-10 16:16:08,700 [INFO] CADModel:114 - Register for checkConnection events
2025-06-10 16:16:08,700 [FATAL] Updater:308 - Updater called before beeing initialized
2025-06-10 16:16:08,700 [ERROR] CADModel:125 - Updater not yet initialized, retry later 
2025-06-10 16:16:08,704 [FATAL] Updater:308 - Updater called before beeing initialized
2025-06-10 16:16:08,813 [FATAL] Updater:308 - Updater called before beeing initialized
2025-06-10 16:16:08,828 [INFO] DbMcusAds:53 - JSON generation date=Wed May 07 16:07:55 ICT 2025 (1746608875679)
2025-06-10 16:16:08,829 [FATAL] Updater:308 - Updater called before beeing initialized
2025-06-10 16:16:08,928 [WARN] DetailPanel:346 - Failed to get advertising image, set to default
2025-06-10 16:16:09,024 [FATAL] Updater:308 - Updater called before beeing initialized
2025-06-10 16:16:09,026 [FATAL] Updater:308 - Updater called before beeing initialized
2025-06-10 16:16:09,026 [FATAL] Updater:308 - Updater called before beeing initialized
2025-06-10 16:16:09,026 [WARN] DetailPanel:346 - Failed to get advertising image, set to default
2025-06-10 16:16:09,027 [FATAL] Updater:308 - Updater called before beeing initialized
2025-06-10 16:16:09,090 [ERROR] Updater:1120 - MainUpdater not yet initialized. External WinMGr cannot be set.
2025-06-10 16:16:09,104 [INFO] Updater:1056 - Updater Version found : 6.9.0
2025-06-10 16:16:09,125 [INFO] ApplicationProperties:184 - Using Application install path: D:\ITC\STM32\STM32CubeIDE_1.13.0\STM32CubeIDE\plugins\com.st.stm32cube.common.mx_6.9.0.202307051724
2025-06-10 16:16:10,011 [INFO] MainUpdater:2868 - connection check result : 10
2025-06-10 16:16:10,012 [INFO] MainUpdater:285 - Updater Check For Update Now.
2025-06-10 16:16:10,012 [INFO] MicroXplorer:498 - Change Database Version : DB.6.0.90
2025-06-10 16:16:10,048 [INFO] McuFinderGlobals:63 - Set McuFinder mode to 2 (CubeIDE integrated)
2025-06-10 16:16:10,293 [INFO] CheckServerUpdateThread:120 - End of CheckServer Thread
2025-06-10 16:16:11,030 [WARN] PackLoader:240 - Cannot read IP mode file for STMicroelectronics.FP-SNS-MOTENVWB1.1.4.0
2025-06-10 16:16:11,049 [WARN] PackLoader:240 - Cannot read IP mode file for STMicroelectronics.FP-ATR-ASTRA1.2.0.2
2025-06-10 16:16:11,062 [WARN] PackLoader:240 - Cannot read IP mode file for STMicroelectronics.FP-ATR-ASTRA1.2.0.1
2025-06-10 16:16:11,084 [WARN] PackLoader:240 - Cannot read IP mode file for STMicroelectronics.X-CUBE-SMBUS.2.1.0
2025-06-10 16:16:11,103 [WARN] PackLoader:240 - Cannot read IP mode file for STMicroelectronics.X-CUBE-WB05N.1.1.0
2025-06-10 16:16:11,122 [ERROR] Engine:466 - C:\Users\msi1\.stm32cubemx\thirdparties\pdsc\STMicroelectronics.X-CUBE-ST60.1.0.0.pdsc: PDSC version is not supported
2025-06-10 16:16:11,142 [WARN] PackLoader:240 - Cannot read IP mode file for STMicroelectronics.X-CUBE-TOUCHGFX.4.23.0
2025-06-10 16:16:11,155 [WARN] PackLoader:240 - Cannot read IP mode file for STMicroelectronics.X-CUBE-TOUCHGFX.4.23.2
2025-06-10 16:16:11,197 [WARN] PackLoader:240 - Cannot read IP mode file for STMicroelectronics.X-CUBE-AZRTOS-F7.1.1.0
2025-06-10 16:16:11,225 [ERROR] RealEvaluatedCondition:428 - Found unsupported composite condition: GROUP='STM32_MetaDataManager' CLASS='Data Exchange'
2025-06-10 16:16:11,225 [ERROR] RealEvaluatedCondition:428 - Found unsupported composite condition: GROUP='STM32_MetaDataManager' CLASS='Data Exchange'
2025-06-10 16:16:11,228 [WARN] PackLoader:240 - Cannot read IP mode file for STMicroelectronics.FP-SNS-MOTENV1.4.3.0
2025-06-10 16:16:11,251 [WARN] PackLoader:240 - Cannot read IP mode file for STMicroelectronics.FP-SNS-MOTENV1.4.3.2
2025-06-10 16:16:11,270 [WARN] PackLoader:240 - Cannot read IP mode file for STMicroelectronics.FP-SNS-FLIGHT1.5.0.0
2025-06-10 16:16:11,290 [WARN] PackLoader:240 - Cannot read IP mode file for STMicroelectronics.X-CUBE-BLE1.6.2.4
2025-06-10 16:16:11,304 [WARN] PackLoader:240 - Cannot read IP mode file for STMicroelectronics.FP-SNS-FLIGHT1.5.0.2
2025-06-10 16:16:11,323 [ERROR] Engine:466 - C:\Users\msi1\.stm32cubemx\thirdparties\pdsc\Infineon.AIROC-Wi-Fi-Bluetooth-STM32.1.7.0.pdsc: PDSC version is not supported
2025-06-10 16:16:11,341 [WARN] PackLoader:240 - Cannot read IP mode file for STMicroelectronics.X-CUBE-DISPLAY.3.0.0
2025-06-10 16:16:11,363 [WARN] PackLoader:240 - Cannot read IP mode file for STMicroelectronics.X-CUBE-BLE1.7.0.0
2025-06-10 16:16:11,383 [WARN] PackLoader:240 - Cannot read IP mode file for STMicroelectronics.X-CUBE-NFC10.1.0.0
2025-06-10 16:16:11,396 [ERROR] Engine:466 - C:\Users\msi1\.stm32cubemx\thirdparties\pdsc\STMicroelectronics.X-CUBE-BLEMGR.4.0.0.pdsc: PDSC version is not supported
2025-06-10 16:16:11,416 [WARN] PackLoader:240 - Cannot read IP mode file for emotas.I-CUBE-CANOPEN.1.3.0
2025-06-10 16:16:11,430 [WARN] PackLoader:240 - Cannot read IP mode file for STMicroelectronics.X-CUBE-TOUCHGFX.4.22.0
2025-06-10 16:16:11,445 [WARN] PackLoader:240 - Cannot read IP mode file for STMicroelectronics.X-CUBE-TOUCHGFX.4.22.1
2025-06-10 16:16:11,465 [WARN] PackLoader:240 - Cannot read IP mode file for STMicroelectronics.X-CUBE-BLEMGR.3.1.0
2025-06-10 16:16:11,483 [WARN] PackLoader:240 - Cannot read IP mode file for STMicroelectronics.X-CUBE-AI.10.0.0
2025-06-10 16:16:11,499 [WARN] PackLoader:240 - Cannot read IP mode file for STMicroelectronics.FP-SNS-SMARTAG2.1.2.0
2025-06-10 16:16:11,512 [ERROR] Engine:466 - C:\Users\msi1\.stm32cubemx\thirdparties\pdsc\STMicroelectronics.FP-SNS-FLIGHT1.5.1.0.pdsc: PDSC version is not supported
2025-06-10 16:16:11,586 [WARN] PackLoader:240 - Cannot read IP mode file for STMicroelectronics.X-CUBE-MEMS1.11.1.0
2025-06-10 16:16:11,745 [INFO] LogOutputStream:77 - [STDOUT_REDIRECT] 1 : Invalid condition id : UX_CORESTACK_Condition cause : null
2025-06-10 16:16:11,745 [INFO] LogOutputStream:77 - [STDOUT_REDIRECT] 1 : Invalid condition id : UX_CORESTACK_Condition cause : null
2025-06-10 16:16:11,747 [INFO] LogOutputStream:77 - [STDOUT_REDIRECT] 1 : Invalid condition id : UX_CORESTACK_Condition cause : null
2025-06-10 16:16:11,748 [INFO] LogOutputStream:77 - [STDOUT_REDIRECT] 1 : Invalid condition id : UX_CORESTACK_Condition cause : null
2025-06-10 16:16:11,749 [INFO] LogOutputStream:77 - [STDOUT_REDIRECT] 1 : Invalid condition id : UX_CORESTACK_Condition cause : null
2025-06-10 16:16:11,753 [WARN] PackLoader:240 - Cannot read IP mode file for STMicroelectronics.X-CUBE-AZRTOS-WL.2.0.0
2025-06-10 16:16:11,777 [WARN] PackLoader:240 - Cannot read IP mode file for STMicroelectronics.FP-SNS-MOTENV1.5.0.0
2025-06-10 16:16:11,799 [WARN] PackLoader:240 - Cannot read IP mode file for wolfSSL.I-CUBE-wolfMQTT.1.19.0
2025-06-10 16:16:11,824 [WARN] PackLoader:240 - Cannot read IP mode file for WES.I-CUBE-Cesium.1.3.0
2025-06-10 16:16:11,845 [WARN] PackLoader:240 - Cannot read IP mode file for STMicroelectronics.X-CUBE-BLE2.3.3.0
2025-06-10 16:16:11,868 [WARN] PackLoader:240 - Cannot read IP mode file for STMicroelectronics.X-CUBE-NFC9.1.0.0
2025-06-10 16:16:11,889 [WARN] PackLoader:240 - Cannot read IP mode file for STMicroelectronics.X-CUBE-BLE1.7.1.0
2025-06-10 16:16:11,917 [WARN] PackLoader:240 - Cannot read IP mode file for STMicroelectronics.X-CUBE-TCPP.4.1.0
2025-06-10 16:16:11,939 [WARN] PackLoader:240 - Cannot read IP mode file for STMicroelectronics.X-CUBE-TOUCHGFX.4.21.4
2025-06-10 16:16:11,962 [WARN] PackLoader:240 - Cannot read IP mode file for STMicroelectronics.X-CUBE-AI.10.1.0
2025-06-10 16:16:11,980 [WARN] PackLoader:240 - Cannot read IP mode file for STMicroelectronics.X-CUBE-ALGOBUILD.1.3.0
2025-06-10 16:16:12,049 [WARN] PackLoader:240 - Cannot read IP mode file for STMicroelectronics.X-CUBE-MEMS1.11.2.0
2025-06-10 16:16:12,172 [WARN] PackLoader:240 - Cannot read IP mode file for STMicroelectronics.X-CUBE-AZRTOS-G0.1.1.0
2025-06-10 16:16:12,190 [WARN] PackLoader:240 - Cannot read IP mode file for STMicroelectronics.X-CUBE-SAFEA1.1.2.2
2025-06-10 16:16:12,209 [WARN] PackLoader:240 - Cannot read IP mode file for STMicroelectronics.X-CUBE-NFC4.3.0.0
2025-06-10 16:16:12,229 [WARN] PackLoader:240 - Cannot read IP mode file for wolfSSL.I-CUBE-wolfMQTT.1.18.0
2025-06-10 16:16:12,245 [ERROR] Engine:466 - C:\Users\msi1\.stm32cubemx\thirdparties\pdsc\EmbeddedOffice.I-CUBE-FS-RTOS.1.0.1.pdsc: PDSC version is not supported
2025-06-10 16:16:12,267 [WARN] PackLoader:240 - Cannot read IP mode file for STMicroelectronics.X-CUBE-WB05N.2.0.0
2025-06-10 16:16:12,288 [WARN] PackLoader:240 - Cannot read IP mode file for STMicroelectronics.X-CUBE-BLEMGR.3.0.0
2025-06-10 16:16:12,310 [ERROR] Engine:466 - C:\Users\msi1\.stm32cubemx\thirdparties\pdsc\STMicroelectronics.X-CUBE-TCPP.4.2.0.pdsc: PDSC version is not supported
2025-06-10 16:16:12,324 [ERROR] Engine:466 - C:\Users\msi1\.stm32cubemx\thirdparties\pdsc\RealThread.X-CUBE-RT-Thread_Nano.4.1.1.pdsc: PDSC version is not supported
2025-06-10 16:16:12,340 [WARN] PackLoader:240 - Cannot read IP mode file for STMicroelectronics.FP-ATR-SIGFOX1.3.2.0
2025-06-10 16:16:12,359 [ERROR] Engine:466 - C:\Users\msi1\.stm32cubemx\thirdparties\pdsc\quantropi.X-CUBE-qispace-sdk-base.1.9.3.pdsc: PDSC version is not supported
2025-06-10 16:16:12,378 [WARN] PackLoader:240 - Cannot read IP mode file for STMicroelectronics.X-CUBE-EEPRMA1.5.1.0
2025-06-10 16:16:12,399 [WARN] PackLoader:240 - Cannot read IP mode file for wolfSSL.I-CUBE-wolfSSL.5.7.6
2025-06-10 16:16:12,423 [WARN] PackLoader:240 - Cannot read IP mode file for ITTIA_DB.I-CUBE-ITTIADB.8.9.0
2025-06-10 16:16:12,450 [ERROR] Engine:466 - C:\Users\msi1\.stm32cubemx\thirdparties\pdsc\STMicroelectronics.X-CUBE-ST67W61.1.0.0.pdsc: PDSC version is not supported
2025-06-10 16:16:12,501 [WARN] PackLoader:240 - Cannot read IP mode file for SEGGER.I-CUBE-embOS.1.3.1
2025-06-10 16:16:12,568 [WARN] PackLoader:240 - Cannot read IP mode file for STMicroelectronics.X-CUBE-ALGOBUILD.1.4.0
2025-06-10 16:16:12,591 [WARN] PackLoader:240 - Cannot read IP mode file for STMicroelectronics.X-CUBE-AI.9.1.0
2025-06-10 16:16:12,609 [WARN] PackLoader:240 - Cannot read IP mode file for STMicroelectronics.X-CUBE-GNSS1.6.0.0
2025-06-10 16:16:12,653 [WARN] PackLoader:240 - Cannot read IP mode file for STMicroelectronics.X-CUBE-AZRTOS-F4.1.1.0
2025-06-10 16:16:12,675 [ERROR] Engine:466 - C:\Users\msi1\.stm32cubemx\thirdparties\pdsc\Avnet-IotConnect.X-CUBE-IoTC-DA16k-PMOD.1.0.0.pdsc: PDSC version is not supported
2025-06-10 16:16:12,696 [WARN] PackLoader:240 - Cannot read IP mode file for wolfSSL.I-CUBE-wolfSSL.5.6.0
2025-06-10 16:16:12,722 [WARN] PackLoader:240 - Cannot read IP mode file for STMicroelectronics.X-CUBE-ISPU.2.1.0
2025-06-10 16:16:12,739 [WARN] PackLoader:240 - Cannot read IP mode file for STMicroelectronics.X-CUBE-FREERTOS.1.2.0
2025-06-10 16:16:12,777 [WARN] PackLoader:240 - Cannot read IP mode file for STMicroelectronics.X-CUBE-AZRTOS-L5.2.0.0
2025-06-10 16:16:12,823 [WARN] PackLoader:240 - Cannot read IP mode file for STMicroelectronics.X-CUBE-MEMS1.9.6.0
2025-06-10 16:16:12,944 [WARN] PackLoader:240 - Cannot read IP mode file for STMicroelectronics.X-CUBE-EEPRMA1.4.2.0
2025-06-10 16:16:12,979 [WARN] PackLoader:240 - Cannot read IP mode file for STMicroelectronics.X-CUBE-NFC6.3.1.0
2025-06-10 16:16:12,999 [WARN] PackLoader:240 - Cannot read IP mode file for ITTIA_DB.I-CUBE-ITTIADB.8.8.0
2025-06-10 16:16:13,021 [WARN] PackLoader:240 - Cannot read IP mode file for emotas.I-CUBE-CANOPEN.1.1.3
2025-06-10 16:16:13,043 [WARN] PackLoader:240 - Cannot read IP mode file for STMicroelectronics.X-CUBE-BLEMGR.2.0.0
2025-06-10 16:16:13,059 [ERROR] Engine:466 - C:\Users\msi1\.stm32cubemx\thirdparties\pdsc\STMicroelectronics.X-CUBE-DPower.1.2.0.pdsc: PDSC version is not supported
2025-06-10 16:16:13,076 [WARN] PackLoader:240 - Cannot read IP mode file for STMicroelectronics.X-CUBE-AI.9.0.0
2025-06-10 16:16:13,110 [WARN] ConditionMgr:438 - getConditionDescription Invalid condition id : UX DEVICE CLASS RTOS Condition cause : null
2025-06-10 16:16:13,110 [WARN] ConditionMgr:438 - getConditionDescription Invalid condition id : UX DEVICE CLASS RTOS Condition cause : null
2025-06-10 16:16:13,113 [WARN] PackLoader:240 - Cannot read IP mode file for STMicroelectronics.X-CUBE-AZRTOS-H7.3.1.0
2025-06-10 16:16:13,114 [WARN] ConditionMgr:1039 - genDependencies : Invalid condition id : UX DEVICE CLASS RTOS Condition cause : null
2025-06-10 16:16:13,114 [WARN] ConditionMgr:1039 - genDependencies : Invalid condition id : UX DEVICE CLASS RTOS Condition cause : null
2025-06-10 16:16:13,114 [WARN] ConditionMgr:1039 - genDependencies : Invalid condition id : UX DEVICE CLASS RTOS Condition cause : null
2025-06-10 16:16:13,115 [WARN] ConditionMgr:1039 - genDependencies : Invalid condition id : UX DEVICE CLASS RTOS Condition cause : null
2025-06-10 16:16:13,115 [WARN] ConditionMgr:1039 - genDependencies : Invalid condition id : UX DEVICE CLASS RTOS Condition cause : null
2025-06-10 16:16:13,133 [WARN] PackLoader:240 - Cannot read IP mode file for STMicroelectronics.X-CUBE-FREERTOS.1.3.1
2025-06-10 16:16:13,153 [WARN] PackLoader:240 - Cannot read IP mode file for STMicroelectronics.X-CUBE-FREERTOS.1.3.0
2025-06-10 16:16:13,173 [WARN] PackLoader:240 - Cannot read IP mode file for STMicroelectronics.X-CUBE-NFC7.1.0.1
2025-06-10 16:16:13,187 [WARN] PackLoader:240 - Cannot read IP mode file for STMicroelectronics.X-CUBE-NFC7.1.0.0
2025-06-10 16:16:13,208 [WARN] PackLoader:240 - Cannot read IP mode file for wolfSSL.I-CUBE-wolfTPM.3.2.0
2025-06-10 16:16:13,224 [WARN] PackLoader:240 - Cannot read IP mode file for STMicroelectronics.X-CUBE-NFC6.3.0.0
2025-06-10 16:16:13,249 [WARN] PackLoader:240 - Cannot read IP mode file for STMicroelectronics.X-CUBE-EEPRMA1.4.1.0
2025-06-10 16:16:13,266 [ERROR] Engine:466 - C:\Users\msi1\.stm32cubemx\thirdparties\pdsc\STMicroelectronics.X-CUBE-DPower.1.3.0.pdsc: PDSC version is not supported
2025-06-10 16:16:13,285 [WARN] PackLoader:240 - Cannot read IP mode file for STMicroelectronics.X-CUBE-AI.8.1.0
2025-06-10 16:16:13,323 [WARN] ConditionMgr:438 - getConditionDescription Invalid condition id : LAN8742 Phy interface Condition cause : null
2025-06-10 16:16:13,324 [WARN] PackLoader:240 - Cannot read IP mode file for STMicroelectronics.X-CUBE-AZRTOS-L4.2.0.0
2025-06-10 16:16:13,326 [WARN] ConditionMgr:1039 - genDependencies : Invalid condition id : LAN8742 Phy interface Condition cause : null
2025-06-10 16:16:13,327 [WARN] ConditionMgr:1039 - genDependencies : Invalid condition id : LAN8742 Phy interface Condition cause : null
2025-06-10 16:16:13,328 [WARN] ConditionMgr:1039 - genDependencies : Invalid condition id : LAN8742 Phy interface Condition cause : null
2025-06-10 16:16:13,354 [WARN] PackLoader:240 - Cannot read IP mode file for STMicroelectronics.X-CUBE-SFXS2LP1.4.0.0
2025-06-10 16:16:13,377 [WARN] PackLoader:240 - Cannot read IP mode file for STMicroelectronics.X-CUBE-ISPU.1.1.0
2025-06-10 16:16:13,419 [WARN] PackLoader:240 - Cannot read IP mode file for STMicroelectronics.X-CUBE-AZRTOS-H7.3.3.0
2025-06-10 16:16:13,442 [ERROR] Engine:466 - C:\Users\msi1\.stm32cubemx\thirdparties\pdsc\STMicroelectronics.X-CUBE-IPS.3.0.0.pdsc: PDSC version is not supported
2025-06-10 16:16:13,469 [WARN] ConditionMgr:438 - getConditionDescription Invalid condition id : UX DEVICE CLASS RTOS Condition cause : null
2025-06-10 16:16:13,469 [WARN] ConditionMgr:438 - getConditionDescription Invalid condition id : UX DEVICE CLASS RTOS Condition cause : null
2025-06-10 16:16:13,470 [WARN] PackLoader:240 - Cannot read IP mode file for STMicroelectronics.X-CUBE-AZRTOS-WB.2.0.0
2025-06-10 16:16:13,471 [WARN] ConditionMgr:1039 - genDependencies : Invalid condition id : UX DEVICE CLASS RTOS Condition cause : null
2025-06-10 16:16:13,472 [WARN] ConditionMgr:1039 - genDependencies : Invalid condition id : UX DEVICE CLASS RTOS Condition cause : null
2025-06-10 16:16:13,472 [WARN] ConditionMgr:1039 - genDependencies : Invalid condition id : UX DEVICE CLASS RTOS Condition cause : null
2025-06-10 16:16:13,472 [WARN] ConditionMgr:1039 - genDependencies : Invalid condition id : UX DEVICE CLASS RTOS Condition cause : null
2025-06-10 16:16:13,472 [WARN] ConditionMgr:1039 - genDependencies : Invalid condition id : UX DEVICE CLASS RTOS Condition cause : null
2025-06-10 16:16:13,491 [WARN] PackLoader:240 - Cannot read IP mode file for STMicroelectronics.X-CUBE-FREERTOS.1.0.1
2025-06-10 16:16:13,518 [WARN] PackLoader:240 - Cannot read IP mode file for STMicroelectronics.X-CUBE-GNSS1.7.0.1
2025-06-10 16:16:13,534 [WARN] PackLoader:240 - Cannot read IP mode file for STMicroelectronics.X-CUBE-TOUCHGFX.4.25.0
2025-06-10 16:16:13,552 [ERROR] Engine:466 - C:\Users\msi1\.stm32cubemx\thirdparties\pdsc\STMicroelectronics.FP-SNS-STBOX1.2.0.0.pdsc: PDSC version is not supported
2025-06-10 16:16:13,579 [WARN] PackLoader:240 - Cannot read IP mode file for STMicroelectronics.X-CUBE-AZRTOS-L5.1.1.0
2025-06-10 16:16:13,597 [WARN] PackLoader:240 - Cannot read IP mode file for STMicroelectronics.X-CUBE-AI.8.0.1
2025-06-10 16:16:13,625 [WARN] PackLoader:240 - Cannot read IP mode file for STMicroelectronics.X-CUBE-SUBG2.5.0.0
2025-06-10 16:16:13,662 [WARN] PackLoader:240 - Cannot read IP mode file for STMicroelectronics.X-CUBE-AZRTOS-H7RS.1.1.0
2025-06-10 16:16:13,682 [WARN] PackLoader:240 - Cannot read IP mode file for Cesanta.I-CUBE-Mongoose.7.13.0
2025-06-10 16:16:13,705 [WARN] PackLoader:240 - Cannot read IP mode file for STMicroelectronics.X-CUBE-TOF1.3.3.1
2025-06-10 16:16:13,742 [WARN] PackLoader:240 - Cannot read IP mode file for STMicroelectronics.X-CUBE-AZRTOS-G4.2.0.0
2025-06-10 16:16:13,760 [WARN] PackLoader:240 - Cannot read IP mode file for STMicroelectronics.X-CUBE-TOF1.3.3.0
2025-06-10 16:16:13,797 [WARN] PackLoader:240 - Cannot read IP mode file for Infineon.AIROC-Wi-Fi-Bluetooth-STM32.1.5.1
2025-06-10 16:16:13,820 [WARN] PackLoader:240 - Cannot read IP mode file for STMicroelectronics.FP-SNS-MOTENVWB1.1.3.0
2025-06-10 16:16:13,839 [WARN] PackLoader:240 - Cannot read IP mode file for STMicroelectronics.X-CUBE-NFC7.2.0.0
2025-06-10 16:16:13,860 [WARN] PackLoader:240 - Cannot read IP mode file for STMicroelectronics.FP-SNS-MOTENVWB1.1.3.1
2025-06-10 16:16:13,900 [WARN] PackLoader:240 - Cannot read IP mode file for STMicroelectronics.X-CUBE-AZRTOS-L4.1.0.0
2025-06-10 16:16:13,921 [WARN] PackLoader:240 - Cannot read IP mode file for STMicroelectronics.X-CUBE-ISPU.2.0.0
2025-06-10 16:16:13,939 [ERROR] Engine:466 - C:\Users\msi1\.stm32cubemx\thirdparties\pdsc\STMicroelectronics.X-CUBE-IPS.3.1.0.pdsc: PDSC version is not supported
2025-06-10 16:16:13,957 [WARN] PackLoader:240 - Cannot read IP mode file for STMicroelectronics.X-CUBE-ALS.1.0.2
2025-06-10 16:16:14,010 [WARN] PackLoader:240 - Cannot read IP mode file for STMicroelectronics.X-CUBE-MEMS1.10.0.0
2025-06-10 16:16:14,098 [WARN] PackLoader:240 - Cannot read IP mode file for STMicroelectronics.X-CUBE-FREERTOS.1.1.0
2025-06-10 16:16:14,116 [WARN] PackLoader:240 - Cannot read IP mode file for STMicroelectronics.X-CUBE-TOUCHGFX.4.24.0
2025-06-10 16:16:14,134 [WARN] PackLoader:240 - Cannot read IP mode file for STMicroelectronics.X-CUBE-TOUCHGFX.4.24.2
2025-06-10 16:16:14,159 [WARN] PackLoader:240 - Cannot read IP mode file for STMicroelectronics.X-CUBE-AZRTOS-WL.1.0.0
2025-06-10 16:16:14,182 [WARN] PackLoader:240 - Cannot read IP mode file for STMicroelectronics.X-CUBE-TOUCHGFX.4.24.1
2025-06-10 16:16:14,201 [WARN] PackLoader:240 - Cannot read IP mode file for wolfSSL.I-CUBE-wolfTPM.3.4.0
2025-06-10 16:16:14,227 [WARN] PackLoader:240 - Cannot read IP mode file for portGmbH.I-Cube-SoM-uGOAL.1.1.0
2025-06-10 16:16:14,252 [WARN] PackLoader:240 - Cannot read IP mode file for STMicroelectronics.X-CUBE-ALS.1.0.1
2025-06-10 16:16:14,285 [WARN] PackLoader:240 - Cannot read IP mode file for STMicroelectronics.X-CUBE-AZRTOS-WB.1.1.0
2025-06-10 16:16:14,346 [WARN] PackLoader:240 - Cannot read IP mode file for STMicroelectronics.X-CUBE-AZRTOS-H7RS.1.0.0
2025-06-10 16:16:14,364 [WARN] PackLoader:240 - Cannot read IP mode file for STMicroelectronics.FP-ATR-ASTRA1.2.0.0
2025-06-10 16:16:14,392 [ERROR] Engine:466 - C:\Users\msi1\.stm32cubemx\thirdparties\pdsc\STMicroelectronics.X-CUBE-TOF1.3.4.2.pdsc: PDSC version is not supported
2025-06-10 16:16:14,418 [ERROR] Engine:466 - C:\Users\msi1\.stm32cubemx\thirdparties\pdsc\STMicroelectronics.X-CUBE-TOF1.3.4.3.pdsc: PDSC version is not supported
2025-06-10 16:16:14,439 [WARN] PackLoader:240 - Cannot read IP mode file for STMicroelectronics.X-CUBE-TOF1.3.4.0
2025-06-10 16:16:14,471 [WARN] PackLoader:240 - Cannot read IP mode file for STMicroelectronics.X-CUBE-TOF1.3.4.1
2025-06-10 16:16:14,516 [WARN] PackLoader:240 - Cannot read IP mode file for STMicroelectronics.X-CUBE-AZRTOS-H7.3.2.0
2025-06-10 16:16:14,538 [WARN] PackLoader:240 - Cannot read IP mode file for wolfSSL.I-CUBE-wolfSSH.1.4.17
2025-06-10 16:16:14,538 [INFO] ThirdParty:978 - Integrity check success = true
2025-06-10 16:16:14,538 [INFO] IntegrityCheckThread:100 - exiting critical section [integrity check]
2025-06-10 16:16:14,538 [INFO] IntegrityCheckThread:103 - End integrity checks thread
2025-06-10 16:16:31,465 [ERROR] LogOutputStream:75 - [STDERR_REDIRECT] SLF4J: Failed to load class "org.slf4j.impl.StaticLoggerBinder".
2025-06-10 16:16:31,465 [ERROR] LogOutputStream:75 - [STDERR_REDIRECT] SLF4J: Defaulting to no-operation (NOP) logger implementation
2025-06-10 16:16:31,466 [ERROR] LogOutputStream:75 - [STDERR_REDIRECT] SLF4J: See http://www.slf4j.org/codes.html#StaticLoggerBinder for further details.
2025-06-10 16:19:51,061 [INFO] McuFinderGlobals:63 - Set McuFinder mode to 2 (CubeIDE integrated)
2025-06-10 16:19:51,089 [INFO] MainUpdater:2868 - connection check result : 10
2025-06-10 16:19:51,121 [INFO] McuFinderGlobals:76 - Set McuFinderConnectedMode to true
2025-06-10 16:19:51,710 [INFO] ServerAccessManage:473 - Download File mcusAds.json._tmp_
2025-06-10 16:19:51,826 [INFO] LoadUrlFilesThread:156 - End of LoadUrlFiles Thread
2025-06-10 16:19:53,422 [INFO] ServerAccessManage:473 - Download File cube-finder-db.zip
2025-06-10 16:19:53,425 [ERROR] ServerAccessManage:651 - User Cancel Download : cube-finder-db.zip.
2025-06-10 16:19:53,526 [INFO] LoadUrlFilesThread:156 - End of LoadUrlFiles Thread
2025-06-10 16:19:54,498 [INFO] DbMcusAds:53 - JSON generation date=Wed May 07 16:07:55 ICT 2025 (1746608875638)
2025-06-10 16:19:54,538 [ERROR] TargetSelectorAdapter:267 - Unable to refresh data
2025-06-10 16:19:55,373 [INFO] ApiDb:581 - Connected to CubeFinder SQLite database (C:\Users\msi1\.stmcufinder\plugins\mcufinder\mcu\cube-finder-db.db)
2025-06-10 16:19:55,484 [INFO] ApiDb:668 - CubeFinder database Data Model version=2.1
2025-06-10 16:19:55,484 [INFO] ApiDb:669 - CubeFinder database Configuration version=3.0.39
2025-06-10 16:19:55,485 [INFO] ApiDb:670 - CubeFinder database generation date=2025-04-23 (1745419778)
2025-06-10 16:19:55,485 [INFO] ApiDb:671 - CubeFinder database FW Pack versions=[FP-ATR-ASTRA1_V2.0.0, FP-SNS-FLIGHT1_V5.1.0, FP-SNS-MOTENV1_V5.0.0, FP-SNS-MOTENVWB1_V1.4.0, FP-SNS-SMARTAG2_V1.2.0, FP-SNS-STBOX1_V2.0.0, STM32Cube_FW_C0_V1.4.0, STM32Cube_FW_F4_V1.28.1, STM32Cube_FW_F7_V1.17.2, STM32Cube_FW_G0_V1.6.2, STM32Cube_FW_G4_V1.6.1, STM32Cube_FW_H5_V1.5.0, STM32Cube_FW_H7RS_V1.2.0, STM32Cube_FW_H7_V1.12.1, STM32Cube_FW_L0_V1.12.2, STM32Cube_FW_L4_V1.18.1, STM32Cube_FW_L5_V1.5.1, STM32Cube_FW_N6_V1.1.1, STM32Cube_FW_U0_V1.2.0, STM32Cube_FW_U3_V1.1.0, STM32Cube_FW_U5_V1.7.0, STM32Cube_FW_WB0_V1.2.0, STM32Cube_FW_WBA_V1.6.0, STM32Cube_FW_WB_V1.22.0, STM32Cube_FW_WL3_V1.1.0, STM32Cube_FW_WL_V1.3.1, X-CUBE-ALGOBUILD_V1.4.0, X-CUBE-ALS_V1.0.2, X-CUBE-AZRTOS-F4_V1.1.0, X-CUBE-AZRTOS-F7_V1.1.0, X-CUBE-AZRTOS-G0_V1.1.0, X-CUBE-AZRTOS-G4_V2.0.0, X-CUBE-AZRTOS-H7RS_V1.1.0, X-CUBE-AZRTOS-H7_V3.3.0, X-CUBE-AZRTOS-L4_V2.0.0, X-CUBE-AZRTOS-L5_V2.0.0, X-CUBE-AZRTOS-WB_V2.0.0, X-CUBE-AZRTOS-WL_V2.0.0, X-CUBE-BLE1_V7.1.0, X-CUBE-BLE2_V3.3.0, X-CUBE-BLEMGR_V4.0.0, X-CUBE-EEPRMA1_V5.1.0, X-CUBE-FREERTOS_V1.3.0, X-CUBE-GNSS1_V6.0.0, X-CUBE-MEMS1_V11.2.0, X-CUBE-NFC4_V3.0.0, X-CUBE-NFC7_V1.0.1, X-CUBE-SFXS2LP1_V4.0.0, X-CUBE-SUBG2_V5.0.0, X-CUBE-TOF1_V3.4.3]
2025-06-10 16:19:55,644 [INFO] DbBoardsSqlite:226 - include board P-NUCLEO-WB55-NUCLEO as a kit item of type 'Nucleo-64'
2025-06-10 16:19:55,645 [INFO] DbBoardsSqlite:226 - include board P-NUCLEO-WB55-USBDONGLE as a kit item of type 'Nucleo USB Dongle'
2025-06-10 16:19:55,646 [INFO] DbBoardsSqlite:226 - include board STEVAL-IDP005V1 as a kit item of type 'Evaluation Board'
2025-06-10 16:19:55,646 [INFO] DbBoardsSqlite:226 - include board STEVAL-IDP005V2 as a kit item of type 'Evaluation Board'
2025-06-10 16:19:56,295 [INFO] ApiDb:240 - Found 323 in-development CPN: [B-G473E-ZEST1S, B-WB1M-WPAN1, B-WL5M-SUBG1, NUCLEO-C031C6, NUCLEO-H503RB, NUCLEO-H563ZI, NUCLEO-U545RE-Q, NUCLEO-U5A5ZJ-Q, NUCLEO-WBA52CG, STEVAL-PROTEUS1, STEVAL-SMARTAG2, STEVAL-STWINBX1, STM320518-EVAL, STM32C0116-DK, STM32C011D6Y3TR, STM32C011D6Y6TR, STM32C011F4P3, STM32C011F4P6, STM32C011F4U3, STM32C011F4U6TR, STM32C011F6P3, STM32C011F6P6, STM32C011F6U3, STM32C011F6U6TR, STM32C011J4M3, STM32C011J4M6, STM32C011J6M3, STM32C011J6M6, STM32C0316-DK, STM32C031C4T3, STM32C031C4T6, STM32C031C4U3, STM32C031C4U6, STM32C031C6T3, STM32C031C6T6, STM32C031C6U3, STM32C031C6U6, STM32C031F4P3, STM32C031F4P6, STM32C031F6P3, STM32C031F6P6, STM32C031G4U3, STM32C031G4U6, STM32C031G6U3, STM32C031G6U6, STM32C031K4T3, STM32C031K4T6, STM32C031K4U3, STM32C031K4U6, STM32C031K6T3, STM32C031K6T6, STM32C031K6U3, STM32C031K6U6, STM32G071K8TXN, STM32G071K8UXN, STM32G081GBU6N, STM32G081KBT6N, STM32G081KBUXN, STM32G0B1CCT6N, STM32G0B1KCT6, STM32G0B1NEY6TR, STM32G0B1RCT6N, STM32G0C1CCT6, STM32G0C1CCT6N, STM32G0C1CCU6N, STM32G0C1CET6N, STM32G0C1CEU6N, STM32G0C1KCT6, STM32G0C1NEY6TR, STM32G0C1RCI6N, STM32G0C1RCT6N, STM32G0C1REI6N, STM32G0C1RET6N, STM32G0C1VCI6, STM32G0C1VEI6, STM32G471CCT6, STM32G471CCU6, STM32G471CET3, STM32G471CET6, STM32G471CEU3, STM32G471CEU6, STM32G471MCT6, STM32G471MET3, STM32G471MET6, STM32G471MEY6TR, STM32G471QCT6, STM32G471QET3, STM32G471RCT6, STM32G471RET3, STM32G471RET6, STM32G471VCH6, STM32G471VCI6, STM32G471VCT6, STM32G471VEH3, STM32G471VEH6, STM32G471VEI3, STM32G471VEI6, STM32G471VET3, STM32G471VET6, STM32G474CCT6, STM32H503CBT6, STM32H503CBU6, STM32H503EBY6TR, STM32H503KBU6, STM32H503RBT6, STM32H562AGI6, STM32H562AII6, STM32H562IGK6, STM32H562IGT6, STM32H562IIK6, STM32H562IIT6, STM32H562RGT6, STM32H562RGV6, STM32H562RIT6, STM32H562RIV6, STM32H562VGT6, STM32H562VIT6, STM32H562ZGT6, STM32H562ZIT6, STM32H563AGI6, STM32H563AII3Q, STM32H563AII6, STM32H563IGK6, STM32H563IGT6, STM32H563IIK3Q, STM32H563IIK6, STM32H563IIT3Q, STM32H563IIT6, STM32H563MIY3QTR, STM32H563RGT6, STM32H563RGV6, STM32H563RIT6, STM32H563RIV6, STM32H563VGT6, STM32H563VIT3Q, STM32H563VIT6, STM32H563ZGT6, STM32H563ZIT3Q, STM32H563ZIT6, STM32H573AII3Q, STM32H573AII6, STM32H573I-DK, STM32H573IIK3Q, STM32H573IIK6, STM32H573IIT3Q, STM32H573IIT6, STM32H573MIY3QTR, STM32H573RIT6, STM32H573RIV6, STM32H573VIT3Q, STM32H573VIT6, STM32H573ZIT3Q, STM32H573ZIT6, STM32L4R5QGI6STR, STM32MP131AAE3, STM32MP131AAF3, STM32MP131AAG3, STM32MP131CAE3, STM32MP131CAF3, STM32MP131CAG3, STM32MP131DAE7, STM32MP131DAF7, STM32MP131DAG7, STM32MP131FAE7, STM32MP131FAF7, STM32MP131FAG7, STM32MP133AAE3, STM32MP133AAF3, STM32MP133AAG3, STM32MP133CAE3, STM32MP133CAF3, STM32MP133CAG3, STM32MP133DAE7, STM32MP133DAF7, STM32MP133DAG7, STM32MP133FAE7, STM32MP133FAF7, STM32MP133FAG7, STM32MP135AAE3, STM32MP135AAF3, STM32MP135AAG3, STM32MP135CAE3, STM32MP135CAF3, STM32MP135CAG3, STM32MP135DAE7, STM32MP135DAF7, STM32MP135DAG7, STM32MP135F-DK, STM32MP135FAE7, STM32MP135FAF7, STM32MP135FAF7T, STM32MP135FAF7U, STM32MP135FAG7, STM32U535CBT6, STM32U535CBT6Q, STM32U535CBU6, STM32U535CBU6Q, STM32U535CCT6, STM32U535CCT6Q, STM32U535CCU6, STM32U535CCU6Q, STM32U535CET6, STM32U535CET6Q, STM32U535CEU6, STM32U535CEU6Q, STM32U535JEY6QTR, STM32U535NCY6QTR, STM32U535NEY6QTR, STM32U535RBI6, STM32U535RBI6Q, STM32U535RBT6, STM32U535RBT6Q, STM32U535RCI6, STM32U535RCI6Q, STM32U535RCT6, STM32U535RCT6Q, STM32U535REI6, STM32U535REI6Q, STM32U535RET6, STM32U535RET6Q, STM32U535VCI6, STM32U535VCI6Q, STM32U535VCT6, STM32U535VCT6Q, STM32U535VEI6, STM32U535VEI6Q, STM32U535VET6, STM32U535VET6Q, STM32U545CET6, STM32U545CET6Q, STM32U545CEU6, STM32U545CEU6Q, STM32U545JEY6QTR, STM32U545NEY6QTR, STM32U545REI6, STM32U545REI6Q, STM32U545RET6, STM32U545RET6Q, STM32U545VEI6, STM32U545VEI6Q, STM32U545VET6, STM32U545VET6Q, STM32U595AIH6, STM32U595AIH6Q, STM32U595AJH6, STM32U595AJH6Q, STM32U595QII6, STM32U595QII6Q, STM32U595QJI6, STM32U595QJI6Q, STM32U595RIT6, STM32U595RIT6Q, STM32U595RJT6, STM32U595RJT6Q, STM32U595VIT6, STM32U595VIT6Q, STM32U595VJT6, STM32U595VJT6Q, STM32U595ZIT6, STM32U595ZIT6Q, STM32U595ZIY6QTR, STM32U595ZJT6, STM32U595ZJT6Q, STM32U595ZJY6QTR, STM32U599BJY6QTR, STM32U599NIH6Q, STM32U599NJH6Q, STM32U599VIT6Q, STM32U599VJT6, STM32U599VJT6Q, STM32U599ZIT6Q, STM32U599ZIY6QTR, STM32U599ZJT6Q, STM32U599ZJY6QTR, STM32U5A5AJH6, STM32U5A5AJH6Q, STM32U5A5QJI6, STM32U5A5QJI6Q, STM32U5A5RJT6, STM32U5A5RJT6Q, STM32U5A5VJT6, STM32U5A5VJT6Q, STM32U5A5ZJT6, STM32U5A5ZJT6Q, STM32U5A5ZJY6QTR, STM32U5A9BJY6QTR, STM32U5A9J-DK, STM32U5A9NJH6Q, STM32U5A9VJT6Q, STM32U5A9ZJT6Q, STM32U5A9ZJY6QTR, STM32U5F7VIT6, STM32U5F7VIT6Q, STM32U5F7VJT6, STM32U5F7VJT6Q, STM32U5F9BJY6QTR, STM32U5F9NJH6Q, STM32U5F9VIT6Q, STM32U5F9VJT6Q, STM32U5F9ZIJ6QTR, STM32U5F9ZIT6Q, STM32U5F9ZJJ6QTR, STM32U5F9ZJT6Q, STM32U5G7VJT6, STM32U5G7VJT6Q, STM32U5G9BJY6QTR, STM32U5G9J-DK1, STM32U5G9J-DK2, STM32U5G9NJH6Q, STM32U5G9VJT6Q, STM32U5G9ZJJ6QTR, STM32U5G9ZJT6Q, STM32WB1MMCH6, STM32WBA52CEU6, STM32WBA52CEU6T, STM32WBA52CGU6, STM32WBA52CGU6T, STM32WBA52KEU6, STM32WBA52KEU6T, STM32WBA52KGU6, STM32WBA52KGU6T, STM32WL5MOCH6, STM32WL5MOCH6TR]
2025-06-10 16:19:56,299 [INFO] ApiDb:668 - CubeFinder database Data Model version=2.1
2025-06-10 16:19:56,299 [INFO] ApiDb:669 - CubeFinder database Configuration version=3.0.39
2025-06-10 16:19:56,299 [INFO] ApiDb:670 - CubeFinder database generation date=2025-04-23 (1745419778)
2025-06-10 16:19:56,299 [INFO] ApiDb:671 - CubeFinder database FW Pack versions=[FP-ATR-ASTRA1_V2.0.0, FP-SNS-FLIGHT1_V5.1.0, FP-SNS-MOTENV1_V5.0.0, FP-SNS-MOTENVWB1_V1.4.0, FP-SNS-SMARTAG2_V1.2.0, FP-SNS-STBOX1_V2.0.0, STM32Cube_FW_C0_V1.4.0, STM32Cube_FW_F4_V1.28.1, STM32Cube_FW_F7_V1.17.2, STM32Cube_FW_G0_V1.6.2, STM32Cube_FW_G4_V1.6.1, STM32Cube_FW_H5_V1.5.0, STM32Cube_FW_H7RS_V1.2.0, STM32Cube_FW_H7_V1.12.1, STM32Cube_FW_L0_V1.12.2, STM32Cube_FW_L4_V1.18.1, STM32Cube_FW_L5_V1.5.1, STM32Cube_FW_N6_V1.1.1, STM32Cube_FW_U0_V1.2.0, STM32Cube_FW_U3_V1.1.0, STM32Cube_FW_U5_V1.7.0, STM32Cube_FW_WB0_V1.2.0, STM32Cube_FW_WBA_V1.6.0, STM32Cube_FW_WB_V1.22.0, STM32Cube_FW_WL3_V1.1.0, STM32Cube_FW_WL_V1.3.1, X-CUBE-ALGOBUILD_V1.4.0, X-CUBE-ALS_V1.0.2, X-CUBE-AZRTOS-F4_V1.1.0, X-CUBE-AZRTOS-F7_V1.1.0, X-CUBE-AZRTOS-G0_V1.1.0, X-CUBE-AZRTOS-G4_V2.0.0, X-CUBE-AZRTOS-H7RS_V1.1.0, X-CUBE-AZRTOS-H7_V3.3.0, X-CUBE-AZRTOS-L4_V2.0.0, X-CUBE-AZRTOS-L5_V2.0.0, X-CUBE-AZRTOS-WB_V2.0.0, X-CUBE-AZRTOS-WL_V2.0.0, X-CUBE-BLE1_V7.1.0, X-CUBE-BLE2_V3.3.0, X-CUBE-BLEMGR_V4.0.0, X-CUBE-EEPRMA1_V5.1.0, X-CUBE-FREERTOS_V1.3.0, X-CUBE-GNSS1_V6.0.0, X-CUBE-MEMS1_V11.2.0, X-CUBE-NFC4_V3.0.0, X-CUBE-NFC7_V1.0.1, X-CUBE-SFXS2LP1_V4.0.0, X-CUBE-SUBG2_V5.0.0, X-CUBE-TOF1_V3.4.3]
2025-06-10 16:19:58,251 [INFO] ApiDb:240 - Found 323 in-development CPN: [B-G473E-ZEST1S, B-WB1M-WPAN1, B-WL5M-SUBG1, NUCLEO-C031C6, NUCLEO-H503RB, NUCLEO-H563ZI, NUCLEO-U545RE-Q, NUCLEO-U5A5ZJ-Q, NUCLEO-WBA52CG, STEVAL-PROTEUS1, STEVAL-SMARTAG2, STEVAL-STWINBX1, STM320518-EVAL, STM32C0116-DK, STM32C011D6Y3TR, STM32C011D6Y6TR, STM32C011F4P3, STM32C011F4P6, STM32C011F4U3, STM32C011F4U6TR, STM32C011F6P3, STM32C011F6P6, STM32C011F6U3, STM32C011F6U6TR, STM32C011J4M3, STM32C011J4M6, STM32C011J6M3, STM32C011J6M6, STM32C0316-DK, STM32C031C4T3, STM32C031C4T6, STM32C031C4U3, STM32C031C4U6, STM32C031C6T3, STM32C031C6T6, STM32C031C6U3, STM32C031C6U6, STM32C031F4P3, STM32C031F4P6, STM32C031F6P3, STM32C031F6P6, STM32C031G4U3, STM32C031G4U6, STM32C031G6U3, STM32C031G6U6, STM32C031K4T3, STM32C031K4T6, STM32C031K4U3, STM32C031K4U6, STM32C031K6T3, STM32C031K6T6, STM32C031K6U3, STM32C031K6U6, STM32G071K8TXN, STM32G071K8UXN, STM32G081GBU6N, STM32G081KBT6N, STM32G081KBUXN, STM32G0B1CCT6N, STM32G0B1KCT6, STM32G0B1NEY6TR, STM32G0B1RCT6N, STM32G0C1CCT6, STM32G0C1CCT6N, STM32G0C1CCU6N, STM32G0C1CET6N, STM32G0C1CEU6N, STM32G0C1KCT6, STM32G0C1NEY6TR, STM32G0C1RCI6N, STM32G0C1RCT6N, STM32G0C1REI6N, STM32G0C1RET6N, STM32G0C1VCI6, STM32G0C1VEI6, STM32G471CCT6, STM32G471CCU6, STM32G471CET3, STM32G471CET6, STM32G471CEU3, STM32G471CEU6, STM32G471MCT6, STM32G471MET3, STM32G471MET6, STM32G471MEY6TR, STM32G471QCT6, STM32G471QET3, STM32G471RCT6, STM32G471RET3, STM32G471RET6, STM32G471VCH6, STM32G471VCI6, STM32G471VCT6, STM32G471VEH3, STM32G471VEH6, STM32G471VEI3, STM32G471VEI6, STM32G471VET3, STM32G471VET6, STM32G474CCT6, STM32H503CBT6, STM32H503CBU6, STM32H503EBY6TR, STM32H503KBU6, STM32H503RBT6, STM32H562AGI6, STM32H562AII6, STM32H562IGK6, STM32H562IGT6, STM32H562IIK6, STM32H562IIT6, STM32H562RGT6, STM32H562RGV6, STM32H562RIT6, STM32H562RIV6, STM32H562VGT6, STM32H562VIT6, STM32H562ZGT6, STM32H562ZIT6, STM32H563AGI6, STM32H563AII3Q, STM32H563AII6, STM32H563IGK6, STM32H563IGT6, STM32H563IIK3Q, STM32H563IIK6, STM32H563IIT3Q, STM32H563IIT6, STM32H563MIY3QTR, STM32H563RGT6, STM32H563RGV6, STM32H563RIT6, STM32H563RIV6, STM32H563VGT6, STM32H563VIT3Q, STM32H563VIT6, STM32H563ZGT6, STM32H563ZIT3Q, STM32H563ZIT6, STM32H573AII3Q, STM32H573AII6, STM32H573I-DK, STM32H573IIK3Q, STM32H573IIK6, STM32H573IIT3Q, STM32H573IIT6, STM32H573MIY3QTR, STM32H573RIT6, STM32H573RIV6, STM32H573VIT3Q, STM32H573VIT6, STM32H573ZIT3Q, STM32H573ZIT6, STM32L4R5QGI6STR, STM32MP131AAE3, STM32MP131AAF3, STM32MP131AAG3, STM32MP131CAE3, STM32MP131CAF3, STM32MP131CAG3, STM32MP131DAE7, STM32MP131DAF7, STM32MP131DAG7, STM32MP131FAE7, STM32MP131FAF7, STM32MP131FAG7, STM32MP133AAE3, STM32MP133AAF3, STM32MP133AAG3, STM32MP133CAE3, STM32MP133CAF3, STM32MP133CAG3, STM32MP133DAE7, STM32MP133DAF7, STM32MP133DAG7, STM32MP133FAE7, STM32MP133FAF7, STM32MP133FAG7, STM32MP135AAE3, STM32MP135AAF3, STM32MP135AAG3, STM32MP135CAE3, STM32MP135CAF3, STM32MP135CAG3, STM32MP135DAE7, STM32MP135DAF7, STM32MP135DAG7, STM32MP135F-DK, STM32MP135FAE7, STM32MP135FAF7, STM32MP135FAF7T, STM32MP135FAF7U, STM32MP135FAG7, STM32U535CBT6, STM32U535CBT6Q, STM32U535CBU6, STM32U535CBU6Q, STM32U535CCT6, STM32U535CCT6Q, STM32U535CCU6, STM32U535CCU6Q, STM32U535CET6, STM32U535CET6Q, STM32U535CEU6, STM32U535CEU6Q, STM32U535JEY6QTR, STM32U535NCY6QTR, STM32U535NEY6QTR, STM32U535RBI6, STM32U535RBI6Q, STM32U535RBT6, STM32U535RBT6Q, STM32U535RCI6, STM32U535RCI6Q, STM32U535RCT6, STM32U535RCT6Q, STM32U535REI6, STM32U535REI6Q, STM32U535RET6, STM32U535RET6Q, STM32U535VCI6, STM32U535VCI6Q, STM32U535VCT6, STM32U535VCT6Q, STM32U535VEI6, STM32U535VEI6Q, STM32U535VET6, STM32U535VET6Q, STM32U545CET6, STM32U545CET6Q, STM32U545CEU6, STM32U545CEU6Q, STM32U545JEY6QTR, STM32U545NEY6QTR, STM32U545REI6, STM32U545REI6Q, STM32U545RET6, STM32U545RET6Q, STM32U545VEI6, STM32U545VEI6Q, STM32U545VET6, STM32U545VET6Q, STM32U595AIH6, STM32U595AIH6Q, STM32U595AJH6, STM32U595AJH6Q, STM32U595QII6, STM32U595QII6Q, STM32U595QJI6, STM32U595QJI6Q, STM32U595RIT6, STM32U595RIT6Q, STM32U595RJT6, STM32U595RJT6Q, STM32U595VIT6, STM32U595VIT6Q, STM32U595VJT6, STM32U595VJT6Q, STM32U595ZIT6, STM32U595ZIT6Q, STM32U595ZIY6QTR, STM32U595ZJT6, STM32U595ZJT6Q, STM32U595ZJY6QTR, STM32U599BJY6QTR, STM32U599NIH6Q, STM32U599NJH6Q, STM32U599VIT6Q, STM32U599VJT6, STM32U599VJT6Q, STM32U599ZIT6Q, STM32U599ZIY6QTR, STM32U599ZJT6Q, STM32U599ZJY6QTR, STM32U5A5AJH6, STM32U5A5AJH6Q, STM32U5A5QJI6, STM32U5A5QJI6Q, STM32U5A5RJT6, STM32U5A5RJT6Q, STM32U5A5VJT6, STM32U5A5VJT6Q, STM32U5A5ZJT6, STM32U5A5ZJT6Q, STM32U5A5ZJY6QTR, STM32U5A9BJY6QTR, STM32U5A9J-DK, STM32U5A9NJH6Q, STM32U5A9VJT6Q, STM32U5A9ZJT6Q, STM32U5A9ZJY6QTR, STM32U5F7VIT6, STM32U5F7VIT6Q, STM32U5F7VJT6, STM32U5F7VJT6Q, STM32U5F9BJY6QTR, STM32U5F9NJH6Q, STM32U5F9VIT6Q, STM32U5F9VJT6Q, STM32U5F9ZIJ6QTR, STM32U5F9ZIT6Q, STM32U5F9ZJJ6QTR, STM32U5F9ZJT6Q, STM32U5G7VJT6, STM32U5G7VJT6Q, STM32U5G9BJY6QTR, STM32U5G9J-DK1, STM32U5G9J-DK2, STM32U5G9NJH6Q, STM32U5G9VJT6Q, STM32U5G9ZJJ6QTR, STM32U5G9ZJT6Q, STM32WB1MMCH6, STM32WBA52CEU6, STM32WBA52CEU6T, STM32WBA52CGU6, STM32WBA52CGU6T, STM32WBA52KEU6, STM32WBA52KEU6T, STM32WBA52KGU6, STM32WBA52KGU6T, STM32WL5MOCH6, STM32WL5MOCH6TR]
2025-06-10 16:19:58,256 [INFO] DbMcus:217 - Found 4642 MCUs, 4642 are supported
2025-06-10 16:19:58,275 [INFO] ApiDb:423 - Load user favorites file C:\Users\msi1/.stm32cubeide/favorites.mcus.txt: 4 item(s)
2025-06-10 16:19:58,276 [INFO] ApiDb:427 - User favorites MCUs=[STM32F103CBT6, STM32F303VCT6, STM32F401CCU6, STM32F407VGT6]
2025-06-10 16:19:58,276 [INFO] DbMcus:223 - Set 4 / 4 favorites MCUs
2025-06-10 16:19:58,717 [INFO] BoardInfo:880 - No configuration file found for board NUCLEO-C051C8
2025-06-10 16:19:58,718 [INFO] DbBoards:157 - Board is not supported: NUCLEO-C051C8
2025-06-10 16:19:58,719 [INFO] BoardInfo:880 - No configuration file found for board NUCLEO-C071RB
2025-06-10 16:19:58,719 [INFO] DbBoards:157 - Board is not supported: NUCLEO-C071RB
2025-06-10 16:19:58,720 [INFO] BoardInfo:880 - No configuration file found for board NUCLEO-C092RC
2025-06-10 16:19:58,720 [INFO] DbBoards:157 - Board is not supported: NUCLEO-C092RC
2025-06-10 16:19:58,784 [INFO] BoardInfo:880 - No configuration file found for board NUCLEO-H533RE
2025-06-10 16:19:58,784 [INFO] DbBoards:157 - Board is not supported: NUCLEO-H533RE
2025-06-10 16:19:58,792 [INFO] BoardInfo:880 - No configuration file found for board NUCLEO-H7S3L8
2025-06-10 16:19:58,792 [INFO] DbBoards:157 - Board is not supported: NUCLEO-H7S3L8
2025-06-10 16:19:58,813 [INFO] BoardInfo:880 - No configuration file found for board NUCLEO-N657X0-Q
2025-06-10 16:19:58,813 [INFO] DbBoards:157 - Board is not supported: NUCLEO-N657X0-Q
2025-06-10 16:19:58,814 [INFO] BoardInfo:880 - No configuration file found for board NUCLEO-U031R8
2025-06-10 16:19:58,814 [INFO] DbBoards:157 - Board is not supported: NUCLEO-U031R8
2025-06-10 16:19:58,815 [INFO] BoardInfo:880 - No configuration file found for board NUCLEO-U083RC
2025-06-10 16:19:58,815 [INFO] DbBoards:157 - Board is not supported: NUCLEO-U083RC
2025-06-10 16:19:58,816 [INFO] BoardInfo:880 - No configuration file found for board NUCLEO-U385RG-Q
2025-06-10 16:19:58,816 [INFO] DbBoards:157 - Board is not supported: NUCLEO-U385RG-Q
2025-06-10 16:19:58,819 [INFO] BoardInfo:880 - No configuration file found for board NUCLEO-WB05KZ
2025-06-10 16:19:58,819 [INFO] DbBoards:157 - Board is not supported: NUCLEO-WB05KZ
2025-06-10 16:19:58,832 [INFO] BoardInfo:880 - No configuration file found for board NUCLEO-WB07CC
2025-06-10 16:19:58,832 [INFO] DbBoards:157 - Board is not supported: NUCLEO-WB07CC
2025-06-10 16:19:58,833 [INFO] BoardInfo:880 - No configuration file found for board NUCLEO-WB09KE
2025-06-10 16:19:58,833 [INFO] DbBoards:157 - Board is not supported: NUCLEO-WB09KE
2025-06-10 16:19:58,836 [INFO] BoardInfo:880 - No configuration file found for board NUCLEO-WBA55CG
2025-06-10 16:19:58,836 [INFO] DbBoards:157 - Board is not supported: NUCLEO-WBA55CG
2025-06-10 16:19:58,837 [INFO] BoardInfo:880 - No configuration file found for board NUCLEO-WBA65RI
2025-06-10 16:19:58,837 [INFO] DbBoards:157 - Board is not supported: NUCLEO-WBA65RI
2025-06-10 16:19:58,838 [INFO] BoardInfo:880 - No configuration file found for board NUCLEO-WL33CC1
2025-06-10 16:19:58,838 [INFO] DbBoards:157 - Board is not supported: NUCLEO-WL33CC1
2025-06-10 16:19:58,839 [INFO] BoardInfo:880 - No configuration file found for board NUCLEO-WL33CC2
2025-06-10 16:19:58,839 [INFO] DbBoards:157 - Board is not supported: NUCLEO-WL33CC2
2025-06-10 16:19:58,844 [INFO] BoardInfo:880 - No configuration file found for board P-NUCLEO-WB55
2025-06-10 16:19:58,844 [INFO] DbBoards:157 - Kit is not supported: P-NUCLEO-WB55
2025-06-10 16:19:58,847 [INFO] BoardInfo:880 - No configuration file found for board STEVAL-BFA001V1B
2025-06-10 16:19:58,847 [INFO] DbBoards:157 - Kit is not supported: STEVAL-BFA001V1B
2025-06-10 16:19:58,848 [INFO] BoardInfo:880 - No configuration file found for board STEVAL-BFA001V2B
2025-06-10 16:19:58,848 [INFO] DbBoards:157 - Kit is not supported: STEVAL-BFA001V2B
2025-06-10 16:19:58,850 [INFO] BoardInfo:880 - No configuration file found for board STEVAL-MKBOXPRO
2025-06-10 16:19:58,850 [INFO] DbBoards:157 - Board is not supported: STEVAL-MKBOXPRO
2025-06-10 16:19:58,905 [INFO] BoardInfo:880 - No configuration file found for board STM32H7S78-DK
2025-06-10 16:19:58,905 [INFO] DbBoards:157 - Board is not supported: STM32H7S78-DK
2025-06-10 16:19:58,920 [INFO] BoardInfo:880 - No configuration file found for board STM32MP257F-DK
2025-06-10 16:19:58,920 [INFO] DbBoards:157 - Board is not supported: STM32MP257F-DK
2025-06-10 16:19:58,922 [INFO] BoardInfo:880 - No configuration file found for board STM32MP257F-EV1
2025-06-10 16:19:58,922 [INFO] DbBoards:157 - Board is not supported: STM32MP257F-EV1
2025-06-10 16:19:58,922 [INFO] BoardInfo:880 - No configuration file found for board STM32N6570-DK
2025-06-10 16:19:58,922 [INFO] DbBoards:157 - Board is not supported: STM32N6570-DK
2025-06-10 16:19:58,923 [INFO] BoardInfo:880 - No configuration file found for board STM32U083C-DK
2025-06-10 16:19:58,923 [INFO] DbBoards:157 - Board is not supported: STM32U083C-DK
2025-06-10 16:19:58,931 [INFO] BoardInfo:880 - No configuration file found for board STM32WBA55G-DK1
2025-06-10 16:19:58,931 [INFO] DbBoards:157 - Board is not supported: STM32WBA55G-DK1
2025-06-10 16:19:58,932 [INFO] BoardInfo:880 - No configuration file found for board STM32WBA65I-DK1
2025-06-10 16:19:58,932 [INFO] DbBoards:157 - Board is not supported: STM32WBA65I-DK1
2025-06-10 16:19:58,933 [INFO] DbBoards:161 - Found 210 boards, 183 are supported
2025-06-10 16:19:58,935 [INFO] ApiDb:423 - Load user favorites file C:\Users\msi1/.stm32cubeide/favorites.boards.txt: 0 item(s)
2025-06-10 16:19:58,935 [INFO] ApiDb:427 - User favorites Boards=[]
2025-06-10 16:19:58,935 [INFO] DbBoards:190 - Set 0 / 0 favorites Boards
2025-06-10 16:19:58,936 [INFO] McuFinderGlobals:76 - Set McuFinderConnectedMode to true
2025-06-10 16:19:58,944 [INFO] MultiScanPanel:200 - Auto-refresh data requested => check proxy status ongoing
2025-06-10 16:19:58,948 [INFO] FinderPluginLoader:95 - Searching for filters in installed packs
2025-06-10 16:20:00,459 [INFO] LoadUrlFilesThread:185 - End of LoadServerUrlFiles without Thread
2025-06-10 16:20:00,484 [INFO] DetailPanel:341 - Set advertising image to C:/Users/msi1/STM32Cube/Repository/\en.summit-h1-25-promotion.jpg
2025-06-10 16:20:04,099 [INFO] McuFinderGlobals:76 - Set McuFinderConnectedMode to true
2025-06-10 16:20:04,631 [INFO] ApiDb:448 - Save user favorites file C:\Users\msi1/.stm32cubeide/favorites.mcus.txt: 4 item(s)
2025-06-10 16:20:04,632 [INFO] ApiDb:452 - User favorites MCUs=[STM32F103CBT6, STM32F303VCT6, STM32F401CCU6, STM32F407VGT6]
2025-06-10 16:20:27,963 [INFO] Activator:176 - 


2025-06-10 16:20:27,969 [INFO] Activator:177 - !SESSION log4j initialized
2025-06-10 16:20:35,171 [INFO] LogOutputStream:77 - [STDOUT_REDIRECT] 
2025-06-10 16:20:36,406 [INFO] ApplicationProperties:184 - Using Application install path: D:\ITC\STM32\STM32CubeIDE_1.13.0\STM32CubeIDE\plugins\com.st.stm32cube.common.mx_6.9.0.202307051724
2025-06-10 16:20:36,460 [INFO] DbMcusXml:78 - Set database path to: D:\ITC\STM32\STM32CubeIDE_1.13.0\STM32CubeIDE\plugins\com.st.stm32cube.common.mx_6.9.0.202307051724\\db\/mcu/
2025-06-10 16:20:36,461 [INFO] ApiDb:274 - Set plugin database path to: D:\ITC\STM32\STM32CubeIDE_1.13.0\STM32CubeIDE\plugins\com.st.stm32cube.common.mx_6.9.0.202307051724\\db\/plugins/boardmanager/
2025-06-10 16:20:36,461 [WARN] ApiDb:259 - Overriding images path with different value:  => D:\ITC\STM32\STM32CubeIDE_1.13.0\STM32CubeIDE\plugins\com.st.stm32cube.common.mx_6.9.0.202307051724\\db\/plugins/mcufinder/images/
2025-06-10 16:20:36,480 [INFO] ApiDb:250 - Set database path to: C:\Users\msi1\.stmcufinder\plugins\mcufinder//mcu/
2025-06-10 16:20:36,483 [INFO] DbMcusAds:125 - Set database path to: C:\Users\msi1\.stmcufinder\plugins\mcufinder//mcu/
2025-06-10 16:20:36,488 [INFO] CrossReferenceDbSqlite:203 - Set database path to: C:\Users\msi1\.stmcufinder\plugins\mcufinder//mcu/cs/
2025-06-10 16:20:36,678 [INFO] RulesReader:64 - Compatibility file has been processed (293 Rules)
2025-06-10 16:20:36,855 [INFO] DbMcusXml:78 - Set database path to: D:\ITC\STM32\STM32CubeIDE_1.13.0\STM32CubeIDE\plugins\com.st.stm32cube.common.mx_6.9.0.202307051724\\db\/mcu/
2025-06-10 16:20:36,855 [INFO] ApiDb:274 - Set plugin database path to: D:\ITC\STM32\STM32CubeIDE_1.13.0\STM32CubeIDE\plugins\com.st.stm32cube.common.mx_6.9.0.202307051724\\db\/plugins/boardmanager/
2025-06-10 16:20:36,855 [INFO] ApiDb:261 - Set plugin images path to: D:\ITC\STM32\STM32CubeIDE_1.13.0\STM32CubeIDE\plugins\com.st.stm32cube.common.mx_6.9.0.202307051724\\db\/plugins/mcufinder/images/
2025-06-10 16:20:36,856 [WARN] DbFile:41 - Overriding database path with different value: C:\Users\msi1\.stmcufinder\plugins\mcufinder/ => C:\Users\msi1\.stmcufinder\plugins\mcufinder
2025-06-10 16:20:36,857 [INFO] ApiDb:250 - Set database path to: C:\Users\msi1\.stmcufinder\plugins\mcufinder//mcu/
2025-06-10 16:20:36,857 [WARN] DbFile:41 - Overriding database path with different value: C:\Users\msi1\.stmcufinder\plugins\mcufinder/ => C:\Users\msi1\.stmcufinder\plugins\mcufinder
2025-06-10 16:20:36,857 [INFO] DbMcusAds:125 - Set database path to: C:\Users\msi1\.stmcufinder\plugins\mcufinder//mcu/
2025-06-10 16:20:36,857 [WARN] DbFile:41 - Overriding database path with different value: C:\Users\msi1\.stmcufinder\plugins\mcufinder/ => C:\Users\msi1\.stmcufinder\plugins\mcufinder
2025-06-10 16:20:36,857 [WARN] DbFile:41 - Overriding database path with different value: C:\Users\msi1\.stmcufinder\plugins\mcufinder/ => C:\Users\msi1\.stmcufinder\plugins\mcufinder
2025-06-10 16:20:36,858 [INFO] CrossReferenceDbSqlite:203 - Set database path to: C:\Users\msi1\.stmcufinder\plugins\mcufinder//mcu/cs/
2025-06-10 16:20:37,045 [INFO] MainPanel:262 - HeapMemory: 268435456
2025-06-10 16:20:37,205 [INFO] DbMcusXml:78 - Set database path to: D:\ITC\STM32\STM32CubeIDE_1.13.0\STM32CubeIDE\plugins\com.st.stm32cube.common.mx_6.9.0.202307051724\\db\/mcu/
2025-06-10 16:20:37,205 [INFO] ApiDb:274 - Set plugin database path to: D:\ITC\STM32\STM32CubeIDE_1.13.0\STM32CubeIDE\plugins\com.st.stm32cube.common.mx_6.9.0.202307051724\\db\/plugins/boardmanager/
2025-06-10 16:20:37,205 [INFO] ApiDb:261 - Set plugin images path to: D:\ITC\STM32\STM32CubeIDE_1.13.0\STM32CubeIDE\plugins\com.st.stm32cube.common.mx_6.9.0.202307051724\\db\/plugins/mcufinder/images/
2025-06-10 16:20:37,206 [WARN] DbFile:41 - Overriding database path with different value: C:\Users\msi1\.stmcufinder\plugins\mcufinder/ => C:\Users\msi1\.stmcufinder\plugins\mcufinder
2025-06-10 16:20:37,206 [INFO] ApiDb:250 - Set database path to: C:\Users\msi1\.stmcufinder\plugins\mcufinder//mcu/
2025-06-10 16:20:37,206 [WARN] DbFile:41 - Overriding database path with different value: C:\Users\msi1\.stmcufinder\plugins\mcufinder/ => C:\Users\msi1\.stmcufinder\plugins\mcufinder
2025-06-10 16:20:37,206 [INFO] DbMcusAds:125 - Set database path to: C:\Users\msi1\.stmcufinder\plugins\mcufinder//mcu/
2025-06-10 16:20:37,206 [WARN] DbFile:41 - Overriding database path with different value: C:\Users\msi1\.stmcufinder\plugins\mcufinder/ => C:\Users\msi1\.stmcufinder\plugins\mcufinder
2025-06-10 16:20:37,206 [WARN] DbFile:41 - Overriding database path with different value: C:\Users\msi1\.stmcufinder\plugins\mcufinder/ => C:\Users\msi1\.stmcufinder\plugins\mcufinder
2025-06-10 16:20:37,206 [INFO] CrossReferenceDbSqlite:203 - Set database path to: C:\Users\msi1\.stmcufinder\plugins\mcufinder//mcu/cs/
2025-06-10 16:20:37,246 [INFO] ApplicationProperties:184 - Using Application install path: D:\ITC\STM32\STM32CubeIDE_1.13.0\STM32CubeIDE\plugins\com.st.stm32cube.common.mx_6.9.0.202307051724
2025-06-10 16:20:37,249 [INFO] PluginManage:196 - Search for loadable plugins [exclusion list=, ]
2025-06-10 16:20:37,252 [INFO] PluginManage:310 - Check plugin analytics
2025-06-10 16:20:37,513 [INFO] AnalyticsPlugin:253 - Accepted Software Licenses: 
2025-06-10 16:20:37,513 [INFO] AnalyticsPlugin:255 - Accepted CMSIS Pack Licenses: 
2025-06-10 16:20:37,514 [INFO] AnalyticsPlugin:257 - Accepted Firmware Licenses: FW.F4.1.27.0
2025-06-10 16:20:37,517 [INFO] PluginManage:359 - Loaded plugin analytics (category:tool,tabindex:-1)
2025-06-10 16:20:37,517 [INFO] PluginManage:310 - Check plugin cadmodel
2025-06-10 16:20:37,526 [INFO] CADModel:105 - Init CAD model plugin
2025-06-10 16:20:37,526 [INFO] PluginManage:359 - Loaded plugin cadmodel (category:power,tabindex:5)
2025-06-10 16:20:37,526 [INFO] PluginManage:310 - Check plugin clock
2025-06-10 16:20:37,541 [INFO] PluginManage:359 - Loaded plugin clock (category:base,tabindex:2)
2025-06-10 16:20:37,541 [INFO] PluginManage:310 - Check plugin ddr
2025-06-10 16:20:37,546 [INFO] PluginManage:359 - Loaded plugin ddr (category:tool,tabindex:6)
2025-06-10 16:20:37,546 [INFO] PluginManage:310 - Check plugin filemanager
2025-06-10 16:20:37,757 [INFO] PluginManage:359 - Loaded plugin filemanager (category:base,tabindex:10)
2025-06-10 16:20:37,758 [INFO] PluginManage:310 - Check plugin ipmanager
2025-06-10 16:20:37,770 [INFO] PluginManage:359 - Loaded plugin ipmanager (category:base,tabindex:5)
2025-06-10 16:20:37,770 [INFO] PluginManage:310 - Check plugin lpbam
2025-06-10 16:20:37,797 [INFO] PluginManage:359 - Loaded plugin lpbam (category:base,tabindex:0)
2025-06-10 16:20:37,798 [INFO] PluginManage:310 - Check plugin memorymap
2025-06-10 16:20:37,833 [INFO] PluginManage:359 - Loaded plugin memorymap (category:base,tabindex:4)
2025-06-10 16:20:37,834 [INFO] PluginManage:310 - Check plugin pinoutandconfiguration
2025-06-10 16:20:37,843 [INFO] PluginManage:359 - Loaded plugin pinoutandconfiguration (category:base,tabindex:1)
2025-06-10 16:20:37,843 [INFO] PluginManage:310 - Check plugin pinoutconfig
2025-06-10 16:20:37,968 [WARN] SupportedApi:132 - Cannot load RTOS API schema: s4s-elt-must-match.1: The content of 'definitions' must match (annotation?, (simpleType | complexType)?, (unique | key | keyref)*)). A problem was found starting at: attribute.
2025-06-10 16:20:38,121 [INFO] PluginManage:359 - Loaded plugin pinoutconfig (category:base,tabindex:0)
2025-06-10 16:20:38,121 [INFO] PluginManage:310 - Check plugin power
2025-06-10 16:20:38,129 [INFO] PluginManage:359 - Loaded plugin power (category:power,tabindex:4)
2025-06-10 16:20:38,129 [INFO] PluginManage:310 - Check plugin projectmanager
2025-06-10 16:20:38,145 [INFO] PluginManage:359 - Loaded plugin projectmanager (category:projectmanager,tabindex:3)
2025-06-10 16:20:38,145 [INFO] PluginManage:310 - Check plugin thirdparty
2025-06-10 16:20:38,316 [WARN] IntegrityCheckThread:84 - waiting for thirdparty lock release [integrity check]
2025-06-10 16:20:38,317 [INFO] IntegrityCheckThread:86 - entering critical section [integrity check]
2025-06-10 16:20:38,317 [INFO] PluginManage:359 - Loaded plugin thirdparty (category:base,tabindex:-1)
2025-06-10 16:20:38,317 [INFO] PluginManage:310 - Check plugin tools
2025-06-10 16:20:38,317 [INFO] ThirdPartyUpdaterWithRetryManager:70 - Updater plugin not ready yet. [1/15]
2025-06-10 16:20:38,319 [INFO] PluginManage:359 - Loaded plugin tools (category:base,tabindex:7)
2025-06-10 16:20:38,319 [INFO] PluginManage:310 - Check plugin tutovideos
2025-06-10 16:20:38,517 [INFO] PluginManage:359 - Loaded plugin tutovideos (category:base,tabindex:-1)
2025-06-10 16:20:38,517 [INFO] PluginManage:310 - Check plugin updater
2025-06-10 16:20:38,526 [INFO] PluginManage:359 - Loaded plugin updater (category:base,tabindex:12)
2025-06-10 16:20:38,526 [INFO] PluginManage:310 - Check plugin userauth
2025-06-10 16:20:38,532 [INFO] UserAuth:113 - Init User Auth plugin
2025-06-10 16:20:38,532 [INFO] PluginManage:359 - Loaded plugin userauth (category:base,tabindex:14)
2025-06-10 16:20:38,533 [INFO] PluginManage:283 - PluginManage : Loaded plugins [17]
2025-06-10 16:20:38,794 [INFO] PinOutPanel:1499 - setPackage(No Configuration,No Configuration)
2025-06-10 16:20:38,919 [INFO] CADModel:165 - CPN selected for project level
2025-06-10 16:20:38,919 [INFO] CADModel:114 - Register for checkConnection events
2025-06-10 16:20:38,937 [INFO] IPUIPlugin:80 - create IPUIPlugin
2025-06-10 16:20:38,938 [INFO] PluginManager:220 - loadIPPluginJar : add adc
2025-06-10 16:20:38,940 [INFO] IPUIPlugin:80 - create IPUIPlugin
2025-06-10 16:20:38,940 [INFO] PluginManager:220 - loadIPPluginJar : add aes
2025-06-10 16:20:38,943 [INFO] IPUIPlugin:80 - create IPUIPlugin
2025-06-10 16:20:38,943 [INFO] PluginManager:220 - loadIPPluginJar : add can
2025-06-10 16:20:38,945 [INFO] IPUIPlugin:80 - create IPUIPlugin
2025-06-10 16:20:38,946 [INFO] PluginManager:220 - loadIPPluginJar : add comp
2025-06-10 16:20:38,951 [INFO] IPUIPlugin:80 - create IPUIPlugin
2025-06-10 16:20:38,952 [INFO] PluginManager:220 - loadIPPluginJar : add cryp
2025-06-10 16:20:38,954 [INFO] IPUIPlugin:80 - create IPUIPlugin
2025-06-10 16:20:38,954 [INFO] PluginManager:220 - loadIPPluginJar : add dfsdm
2025-06-10 16:20:38,959 [INFO] IPUIPlugin:80 - create IPUIPlugin
2025-06-10 16:20:38,960 [INFO] PluginManager:220 - loadIPPluginJar : add dma
2025-06-10 16:20:38,962 [INFO] IPUIPlugin:80 - create IPUIPlugin
2025-06-10 16:20:38,962 [INFO] PluginManager:220 - loadIPPluginJar : add dma3
2025-06-10 16:20:38,963 [INFO] IPUIPlugin:80 - create IPUIPlugin
2025-06-10 16:20:38,963 [INFO] PluginManager:220 - loadIPPluginJar : add fatfs
2025-06-10 16:20:38,974 [INFO] IPUIPlugin:80 - create IPUIPlugin
2025-06-10 16:20:38,975 [INFO] PluginManager:220 - loadIPPluginJar : add fmc
2025-06-10 16:20:38,979 [INFO] IPUIPlugin:80 - create IPUIPlugin
2025-06-10 16:20:38,979 [INFO] PluginManager:220 - loadIPPluginJar : add freertos
2025-06-10 16:20:38,981 [INFO] IPUIPlugin:80 - create IPUIPlugin
2025-06-10 16:20:38,981 [INFO] PluginManager:220 - loadIPPluginJar : add genericplugin
2025-06-10 16:20:38,982 [INFO] IPUIPlugin:80 - create IPUIPlugin
2025-06-10 16:20:38,982 [INFO] PluginManager:220 - loadIPPluginJar : add gfxmmu
2025-06-10 16:20:38,986 [INFO] IPUIPlugin:80 - create IPUIPlugin
2025-06-10 16:20:38,986 [INFO] PluginManager:220 - loadIPPluginJar : add gic
2025-06-10 16:20:38,989 [INFO] IPUIPlugin:80 - create IPUIPlugin
2025-06-10 16:20:38,990 [INFO] PluginManager:220 - loadIPPluginJar : add gpio
2025-06-10 16:20:38,992 [INFO] IPUIPlugin:80 - create IPUIPlugin
2025-06-10 16:20:38,992 [INFO] PluginManager:220 - loadIPPluginJar : add gtzc
2025-06-10 16:20:38,995 [INFO] IPUIPlugin:80 - create IPUIPlugin
2025-06-10 16:20:38,996 [INFO] PluginManager:220 - loadIPPluginJar : add hash
2025-06-10 16:20:38,998 [INFO] IPUIPlugin:80 - create IPUIPlugin
2025-06-10 16:20:38,998 [INFO] PluginManager:220 - loadIPPluginJar : add i2c
2025-06-10 16:20:38,999 [INFO] IPUIPlugin:80 - create IPUIPlugin
2025-06-10 16:20:39,000 [INFO] PluginManager:220 - loadIPPluginJar : add i2s
2025-06-10 16:20:39,001 [INFO] IPUIPlugin:80 - create IPUIPlugin
2025-06-10 16:20:39,001 [INFO] PluginManager:220 - loadIPPluginJar : add i3c
2025-06-10 16:20:39,005 [INFO] IPUIPlugin:80 - create IPUIPlugin
2025-06-10 16:20:39,005 [INFO] PluginManager:220 - loadIPPluginJar : add ipddr
2025-06-10 16:20:39,012 [INFO] IPUIPlugin:80 - create IPUIPlugin
2025-06-10 16:20:39,012 [INFO] PluginManager:220 - loadIPPluginJar : add linkedlist
2025-06-10 16:20:39,017 [INFO] IPUIPlugin:80 - create IPUIPlugin
2025-06-10 16:20:39,017 [INFO] PluginManager:220 - loadIPPluginJar : add lorawan
2025-06-10 16:20:39,019 [INFO] IPUIPlugin:80 - create IPUIPlugin
2025-06-10 16:20:39,021 [INFO] PluginManager:220 - loadIPPluginJar : add ltdc
2025-06-10 16:20:39,026 [INFO] IPUIPlugin:80 - create IPUIPlugin
2025-06-10 16:20:39,026 [INFO] PluginManager:220 - loadIPPluginJar : add mdma
2025-06-10 16:20:39,033 [INFO] IPUIPlugin:80 - create IPUIPlugin
2025-06-10 16:20:39,034 [INFO] PluginManager:220 - loadIPPluginJar : add nvic
2025-06-10 16:20:39,041 [INFO] IPUIPlugin:80 - create IPUIPlugin
2025-06-10 16:20:39,042 [INFO] PluginManager:220 - loadIPPluginJar : add opamp
2025-06-10 16:20:39,044 [INFO] IPUIPlugin:80 - create IPUIPlugin
2025-06-10 16:20:39,044 [INFO] PluginManager:220 - loadIPPluginJar : add openamp
2025-06-10 16:20:39,047 [INFO] IPUIPlugin:80 - create IPUIPlugin
2025-06-10 16:20:39,047 [INFO] PluginManager:220 - loadIPPluginJar : add pdm2pcm
2025-06-10 16:20:39,058 [INFO] IPUIPlugin:80 - create IPUIPlugin
2025-06-10 16:20:39,062 [INFO] PluginManager:220 - loadIPPluginJar : add plateformsettings
2025-06-10 16:20:39,065 [INFO] IPUIPlugin:80 - create IPUIPlugin
2025-06-10 16:20:39,066 [INFO] PluginManager:220 - loadIPPluginJar : add quadspi
2025-06-10 16:20:39,071 [INFO] IPUIPlugin:80 - create IPUIPlugin
2025-06-10 16:20:39,071 [INFO] PluginManager:220 - loadIPPluginJar : add resmgrutility
2025-06-10 16:20:39,076 [INFO] IPUIPlugin:80 - create IPUIPlugin
2025-06-10 16:20:39,077 [INFO] PluginManager:220 - loadIPPluginJar : add sai
2025-06-10 16:20:39,084 [INFO] IPUIPlugin:80 - create IPUIPlugin
2025-06-10 16:20:39,084 [INFO] PluginManager:220 - loadIPPluginJar : add spi
2025-06-10 16:20:39,093 [INFO] IPUIPlugin:80 - create IPUIPlugin
2025-06-10 16:20:39,093 [INFO] PluginManager:220 - loadIPPluginJar : add stm32_wpan
2025-06-10 16:20:39,094 [INFO] IPUIPlugin:80 - create IPUIPlugin
2025-06-10 16:20:39,094 [INFO] PluginManager:220 - loadIPPluginJar : add tim
2025-06-10 16:20:39,101 [INFO] IPUIPlugin:80 - create IPUIPlugin
2025-06-10 16:20:39,101 [INFO] PluginManager:220 - loadIPPluginJar : add touchsensing
2025-06-10 16:20:39,105 [INFO] IPUIPlugin:80 - create IPUIPlugin
2025-06-10 16:20:39,105 [INFO] PluginManager:220 - loadIPPluginJar : add tracer_emb
2025-06-10 16:20:39,108 [INFO] IPUIPlugin:80 - create IPUIPlugin
2025-06-10 16:20:39,108 [INFO] PluginManager:220 - loadIPPluginJar : add ts
2025-06-10 16:20:39,110 [INFO] IPUIPlugin:80 - create IPUIPlugin
2025-06-10 16:20:39,110 [INFO] PluginManager:220 - loadIPPluginJar : add tsc
2025-06-10 16:20:39,114 [INFO] IPUIPlugin:80 - create IPUIPlugin
2025-06-10 16:20:39,114 [INFO] PluginManager:220 - loadIPPluginJar : add ucpd
2025-06-10 16:20:39,117 [INFO] IPUIPlugin:80 - create IPUIPlugin
2025-06-10 16:20:39,117 [INFO] PluginManager:220 - loadIPPluginJar : add usart
2025-06-10 16:20:39,121 [INFO] IPUIPlugin:80 - create IPUIPlugin
2025-06-10 16:20:39,121 [INFO] PluginManager:220 - loadIPPluginJar : add usbx
2025-06-10 16:20:39,270 [INFO] CADModel:165 - CPN selected for project level
2025-06-10 16:20:39,270 [INFO] CADModel:114 - Register for checkConnection events
2025-06-10 16:20:39,270 [FATAL] Updater:308 - Updater called before beeing initialized
2025-06-10 16:20:39,270 [ERROR] CADModel:125 - Updater not yet initialized, retry later 
2025-06-10 16:20:39,424 [INFO] CADModel:165 - CPN selected for project level
2025-06-10 16:20:39,424 [INFO] CADModel:114 - Register for checkConnection events
2025-06-10 16:20:39,424 [FATAL] Updater:308 - Updater called before beeing initialized
2025-06-10 16:20:39,424 [ERROR] CADModel:125 - Updater not yet initialized, retry later 
2025-06-10 16:20:39,427 [FATAL] Updater:308 - Updater called before beeing initialized
2025-06-10 16:20:39,532 [FATAL] Updater:308 - Updater called before beeing initialized
2025-06-10 16:20:39,539 [INFO] DbMcusAds:53 - JSON generation date=Wed May 07 16:07:55 ICT 2025 (1746608875638)
2025-06-10 16:20:39,540 [FATAL] Updater:308 - Updater called before beeing initialized
2025-06-10 16:20:39,576 [WARN] DetailPanel:346 - Failed to get advertising image, set to default
2025-06-10 16:20:39,671 [FATAL] Updater:308 - Updater called before beeing initialized
2025-06-10 16:20:39,672 [FATAL] Updater:308 - Updater called before beeing initialized
2025-06-10 16:20:39,672 [FATAL] Updater:308 - Updater called before beeing initialized
2025-06-10 16:20:39,673 [WARN] DetailPanel:346 - Failed to get advertising image, set to default
2025-06-10 16:20:39,674 [FATAL] Updater:308 - Updater called before beeing initialized
2025-06-10 16:20:39,718 [ERROR] Updater:1120 - MainUpdater not yet initialized. External WinMGr cannot be set.
2025-06-10 16:20:39,719 [INFO] Updater:1056 - Updater Version found : 6.9.0
2025-06-10 16:20:39,738 [INFO] ApplicationProperties:184 - Using Application install path: D:\ITC\STM32\STM32CubeIDE_1.13.0\STM32CubeIDE\plugins\com.st.stm32cube.common.mx_6.9.0.202307051724
2025-06-10 16:20:39,925 [INFO] MainUpdater:2868 - connection check result : 10
2025-06-10 16:20:39,925 [INFO] MainUpdater:285 - Updater Check For Update Now.
2025-06-10 16:20:39,926 [INFO] MicroXplorer:498 - Change Database Version : DB.6.0.90
2025-06-10 16:20:39,935 [INFO] McuFinderGlobals:63 - Set McuFinder mode to 2 (CubeIDE integrated)
2025-06-10 16:20:40,137 [INFO] CheckServerUpdateThread:120 - End of CheckServer Thread
2025-06-10 16:20:40,453 [INFO] McuFinderGlobals:63 - Set McuFinder mode to 2 (CubeIDE integrated)
2025-06-10 16:20:40,466 [INFO] MainUpdater:2868 - connection check result : 10
2025-06-10 16:20:40,469 [INFO] MainUpdater:2868 - connection check result : 10
2025-06-10 16:20:40,522 [INFO] MicroXplorer:468 - Change Database Path : 
2025-06-10 16:20:40,523 [INFO] MicroXplorer:498 - Change Database Version : DB.6.0.90
2025-06-10 16:20:40,529 [WARN] ThirdParty:871 - waiting for thirdparty lock release [close project]
2025-06-10 16:20:41,604 [WARN] PackLoader:240 - Cannot read IP mode file for STMicroelectronics.FP-SNS-MOTENVWB1.1.4.0
2025-06-10 16:20:41,613 [WARN] PackLoader:240 - Cannot read IP mode file for STMicroelectronics.FP-ATR-ASTRA1.2.0.2
2025-06-10 16:20:41,619 [WARN] PackLoader:240 - Cannot read IP mode file for STMicroelectronics.FP-ATR-ASTRA1.2.0.1
2025-06-10 16:20:41,626 [WARN] PackLoader:240 - Cannot read IP mode file for STMicroelectronics.X-CUBE-SMBUS.2.1.0
2025-06-10 16:20:41,633 [WARN] PackLoader:240 - Cannot read IP mode file for STMicroelectronics.X-CUBE-WB05N.1.1.0
2025-06-10 16:20:41,636 [ERROR] Engine:466 - C:\Users\msi1\.stm32cubemx\thirdparties\pdsc\STMicroelectronics.X-CUBE-ST60.1.0.0.pdsc: PDSC version is not supported
2025-06-10 16:20:41,643 [WARN] PackLoader:240 - Cannot read IP mode file for STMicroelectronics.X-CUBE-TOUCHGFX.4.23.0
2025-06-10 16:20:41,647 [WARN] PackLoader:240 - Cannot read IP mode file for STMicroelectronics.X-CUBE-TOUCHGFX.4.23.2
2025-06-10 16:20:41,682 [WARN] PackLoader:240 - Cannot read IP mode file for STMicroelectronics.X-CUBE-AZRTOS-F7.1.1.0
2025-06-10 16:20:41,692 [ERROR] RealEvaluatedCondition:428 - Found unsupported composite condition: GROUP='STM32_MetaDataManager' CLASS='Data Exchange'
2025-06-10 16:20:41,692 [ERROR] RealEvaluatedCondition:428 - Found unsupported composite condition: CLASS='Data Exchange' GROUP='STM32_MetaDataManager'
2025-06-10 16:20:41,693 [WARN] PackLoader:240 - Cannot read IP mode file for STMicroelectronics.FP-SNS-MOTENV1.4.3.0
2025-06-10 16:20:41,699 [WARN] PackLoader:240 - Cannot read IP mode file for STMicroelectronics.FP-SNS-MOTENV1.4.3.2
2025-06-10 16:20:41,706 [WARN] PackLoader:240 - Cannot read IP mode file for STMicroelectronics.FP-SNS-FLIGHT1.5.0.0
2025-06-10 16:20:41,712 [WARN] PackLoader:240 - Cannot read IP mode file for STMicroelectronics.X-CUBE-BLE1.6.2.4
2025-06-10 16:20:41,716 [WARN] PackLoader:240 - Cannot read IP mode file for STMicroelectronics.FP-SNS-FLIGHT1.5.0.2
2025-06-10 16:20:41,726 [ERROR] Engine:466 - C:\Users\msi1\.stm32cubemx\thirdparties\pdsc\Infineon.AIROC-Wi-Fi-Bluetooth-STM32.1.7.0.pdsc: PDSC version is not supported
2025-06-10 16:20:41,736 [WARN] PackLoader:240 - Cannot read IP mode file for STMicroelectronics.X-CUBE-DISPLAY.3.0.0
2025-06-10 16:20:41,748 [WARN] PackLoader:240 - Cannot read IP mode file for STMicroelectronics.X-CUBE-BLE1.7.0.0
2025-06-10 16:20:41,762 [WARN] PackLoader:240 - Cannot read IP mode file for STMicroelectronics.X-CUBE-NFC10.1.0.0
2025-06-10 16:20:41,770 [ERROR] Engine:466 - C:\Users\msi1\.stm32cubemx\thirdparties\pdsc\STMicroelectronics.X-CUBE-BLEMGR.4.0.0.pdsc: PDSC version is not supported
2025-06-10 16:20:41,776 [WARN] PackLoader:240 - Cannot read IP mode file for emotas.I-CUBE-CANOPEN.1.3.0
2025-06-10 16:20:41,780 [WARN] PackLoader:240 - Cannot read IP mode file for STMicroelectronics.X-CUBE-TOUCHGFX.4.22.0
2025-06-10 16:20:41,782 [WARN] PackLoader:240 - Cannot read IP mode file for STMicroelectronics.X-CUBE-TOUCHGFX.4.22.1
2025-06-10 16:20:41,791 [WARN] PackLoader:240 - Cannot read IP mode file for STMicroelectronics.X-CUBE-BLEMGR.3.1.0
2025-06-10 16:20:41,796 [WARN] PackLoader:240 - Cannot read IP mode file for STMicroelectronics.X-CUBE-AI.10.0.0
2025-06-10 16:20:41,804 [WARN] PackLoader:240 - Cannot read IP mode file for STMicroelectronics.FP-SNS-SMARTAG2.1.2.0
2025-06-10 16:20:41,808 [ERROR] Engine:466 - C:\Users\msi1\.stm32cubemx\thirdparties\pdsc\STMicroelectronics.FP-SNS-FLIGHT1.5.1.0.pdsc: PDSC version is not supported
2025-06-10 16:20:41,866 [WARN] PackLoader:240 - Cannot read IP mode file for STMicroelectronics.X-CUBE-MEMS1.11.1.0
2025-06-10 16:20:41,989 [INFO] LogOutputStream:77 - [STDOUT_REDIRECT] 1 : Invalid condition id : UX_CORESTACK_Condition cause : null
2025-06-10 16:20:41,990 [INFO] LogOutputStream:77 - [STDOUT_REDIRECT] 1 : Invalid condition id : UX_CORESTACK_Condition cause : null
2025-06-10 16:20:41,991 [INFO] LogOutputStream:77 - [STDOUT_REDIRECT] 1 : Invalid condition id : UX_CORESTACK_Condition cause : null
2025-06-10 16:20:41,992 [INFO] LogOutputStream:77 - [STDOUT_REDIRECT] 1 : Invalid condition id : UX_CORESTACK_Condition cause : null
2025-06-10 16:20:41,994 [INFO] LogOutputStream:77 - [STDOUT_REDIRECT] 1 : Invalid condition id : UX_CORESTACK_Condition cause : null
2025-06-10 16:20:41,998 [WARN] PackLoader:240 - Cannot read IP mode file for STMicroelectronics.X-CUBE-AZRTOS-WL.2.0.0
2025-06-10 16:20:42,016 [WARN] PackLoader:240 - Cannot read IP mode file for STMicroelectronics.FP-SNS-MOTENV1.5.0.0
2025-06-10 16:20:42,026 [WARN] PackLoader:240 - Cannot read IP mode file for wolfSSL.I-CUBE-wolfMQTT.1.19.0
2025-06-10 16:20:42,035 [WARN] PackLoader:240 - Cannot read IP mode file for WES.I-CUBE-Cesium.1.3.0
2025-06-10 16:20:42,039 [WARN] PackLoader:240 - Cannot read IP mode file for STMicroelectronics.X-CUBE-BLE2.3.3.0
2025-06-10 16:20:42,044 [WARN] PackLoader:240 - Cannot read IP mode file for STMicroelectronics.X-CUBE-NFC9.1.0.0
2025-06-10 16:20:42,049 [WARN] PackLoader:240 - Cannot read IP mode file for STMicroelectronics.X-CUBE-BLE1.7.1.0
2025-06-10 16:20:42,054 [WARN] PackLoader:240 - Cannot read IP mode file for STMicroelectronics.X-CUBE-TCPP.4.1.0
2025-06-10 16:20:42,057 [WARN] PackLoader:240 - Cannot read IP mode file for STMicroelectronics.X-CUBE-TOUCHGFX.4.21.4
2025-06-10 16:20:42,060 [WARN] PackLoader:240 - Cannot read IP mode file for STMicroelectronics.X-CUBE-AI.10.1.0
2025-06-10 16:20:42,066 [WARN] PackLoader:240 - Cannot read IP mode file for STMicroelectronics.X-CUBE-ALGOBUILD.1.3.0
2025-06-10 16:20:42,113 [WARN] PackLoader:240 - Cannot read IP mode file for STMicroelectronics.X-CUBE-MEMS1.11.2.0
2025-06-10 16:20:42,225 [WARN] PackLoader:240 - Cannot read IP mode file for STMicroelectronics.X-CUBE-AZRTOS-G0.1.1.0
2025-06-10 16:20:42,233 [WARN] PackLoader:240 - Cannot read IP mode file for STMicroelectronics.X-CUBE-SAFEA1.1.2.2
2025-06-10 16:20:42,238 [WARN] PackLoader:240 - Cannot read IP mode file for STMicroelectronics.X-CUBE-NFC4.3.0.0
2025-06-10 16:20:42,241 [WARN] PackLoader:240 - Cannot read IP mode file for wolfSSL.I-CUBE-wolfMQTT.1.18.0
2025-06-10 16:20:42,244 [ERROR] Engine:466 - C:\Users\msi1\.stm32cubemx\thirdparties\pdsc\EmbeddedOffice.I-CUBE-FS-RTOS.1.0.1.pdsc: PDSC version is not supported
2025-06-10 16:20:42,249 [WARN] PackLoader:240 - Cannot read IP mode file for STMicroelectronics.X-CUBE-WB05N.2.0.0
2025-06-10 16:20:42,255 [WARN] PackLoader:240 - Cannot read IP mode file for STMicroelectronics.X-CUBE-BLEMGR.3.0.0
2025-06-10 16:20:42,259 [ERROR] Engine:466 - C:\Users\msi1\.stm32cubemx\thirdparties\pdsc\STMicroelectronics.X-CUBE-TCPP.4.2.0.pdsc: PDSC version is not supported
2025-06-10 16:20:42,261 [ERROR] Engine:466 - C:\Users\msi1\.stm32cubemx\thirdparties\pdsc\RealThread.X-CUBE-RT-Thread_Nano.4.1.1.pdsc: PDSC version is not supported
2025-06-10 16:20:42,264 [WARN] PackLoader:240 - Cannot read IP mode file for STMicroelectronics.FP-ATR-SIGFOX1.3.2.0
2025-06-10 16:20:42,267 [ERROR] Engine:466 - C:\Users\msi1\.stm32cubemx\thirdparties\pdsc\quantropi.X-CUBE-qispace-sdk-base.1.9.3.pdsc: PDSC version is not supported
2025-06-10 16:20:42,274 [WARN] PackLoader:240 - Cannot read IP mode file for STMicroelectronics.X-CUBE-EEPRMA1.5.1.0
2025-06-10 16:20:42,281 [WARN] PackLoader:240 - Cannot read IP mode file for wolfSSL.I-CUBE-wolfSSL.5.7.6
2025-06-10 16:20:42,290 [WARN] PackLoader:240 - Cannot read IP mode file for ITTIA_DB.I-CUBE-ITTIADB.8.9.0
2025-06-10 16:20:42,296 [ERROR] Engine:466 - C:\Users\msi1\.stm32cubemx\thirdparties\pdsc\STMicroelectronics.X-CUBE-ST67W61.1.0.0.pdsc: PDSC version is not supported
2025-06-10 16:20:42,325 [WARN] PackLoader:240 - Cannot read IP mode file for SEGGER.I-CUBE-embOS.1.3.1
2025-06-10 16:20:42,358 [WARN] PackLoader:240 - Cannot read IP mode file for STMicroelectronics.X-CUBE-ALGOBUILD.1.4.0
2025-06-10 16:20:42,363 [WARN] PackLoader:240 - Cannot read IP mode file for STMicroelectronics.X-CUBE-AI.9.1.0
2025-06-10 16:20:42,368 [WARN] PackLoader:240 - Cannot read IP mode file for STMicroelectronics.X-CUBE-GNSS1.6.0.0
2025-06-10 16:20:42,379 [WARN] PackLoader:240 - Cannot read IP mode file for STMicroelectronics.X-CUBE-AZRTOS-F4.1.1.0
2025-06-10 16:20:42,386 [ERROR] Engine:466 - C:\Users\msi1\.stm32cubemx\thirdparties\pdsc\Avnet-IotConnect.X-CUBE-IoTC-DA16k-PMOD.1.0.0.pdsc: PDSC version is not supported
2025-06-10 16:20:42,388 [WARN] PackLoader:240 - Cannot read IP mode file for wolfSSL.I-CUBE-wolfSSL.5.6.0
2025-06-10 16:20:42,391 [WARN] PackLoader:240 - Cannot read IP mode file for STMicroelectronics.X-CUBE-ISPU.2.1.0
2025-06-10 16:20:42,396 [WARN] PackLoader:240 - Cannot read IP mode file for STMicroelectronics.X-CUBE-FREERTOS.1.2.0
2025-06-10 16:20:42,410 [WARN] PackLoader:240 - Cannot read IP mode file for STMicroelectronics.X-CUBE-AZRTOS-L5.2.0.0
2025-06-10 16:20:42,442 [WARN] PackLoader:240 - Cannot read IP mode file for STMicroelectronics.X-CUBE-MEMS1.9.6.0
2025-06-10 16:20:42,571 [WARN] PackLoader:240 - Cannot read IP mode file for STMicroelectronics.X-CUBE-EEPRMA1.4.2.0
2025-06-10 16:20:42,578 [WARN] PackLoader:240 - Cannot read IP mode file for STMicroelectronics.X-CUBE-NFC6.3.1.0
2025-06-10 16:20:42,583 [WARN] PackLoader:240 - Cannot read IP mode file for ITTIA_DB.I-CUBE-ITTIADB.8.8.0
2025-06-10 16:20:42,588 [WARN] PackLoader:240 - Cannot read IP mode file for emotas.I-CUBE-CANOPEN.1.1.3
2025-06-10 16:20:42,593 [WARN] PackLoader:240 - Cannot read IP mode file for STMicroelectronics.X-CUBE-BLEMGR.2.0.0
2025-06-10 16:20:42,595 [ERROR] Engine:466 - C:\Users\msi1\.stm32cubemx\thirdparties\pdsc\STMicroelectronics.X-CUBE-DPower.1.2.0.pdsc: PDSC version is not supported
2025-06-10 16:20:42,599 [WARN] PackLoader:240 - Cannot read IP mode file for STMicroelectronics.X-CUBE-AI.9.0.0
2025-06-10 16:20:42,616 [WARN] ConditionMgr:438 - getConditionDescription Invalid condition id : UX DEVICE CLASS RTOS Condition cause : null
2025-06-10 16:20:42,616 [WARN] ConditionMgr:438 - getConditionDescription Invalid condition id : UX DEVICE CLASS RTOS Condition cause : null
2025-06-10 16:20:42,618 [WARN] PackLoader:240 - Cannot read IP mode file for STMicroelectronics.X-CUBE-AZRTOS-H7.3.1.0
2025-06-10 16:20:42,619 [WARN] ConditionMgr:1039 - genDependencies : Invalid condition id : UX DEVICE CLASS RTOS Condition cause : null
2025-06-10 16:20:42,619 [WARN] ConditionMgr:1039 - genDependencies : Invalid condition id : UX DEVICE CLASS RTOS Condition cause : null
2025-06-10 16:20:42,619 [WARN] ConditionMgr:1039 - genDependencies : Invalid condition id : UX DEVICE CLASS RTOS Condition cause : null
2025-06-10 16:20:42,619 [WARN] ConditionMgr:1039 - genDependencies : Invalid condition id : UX DEVICE CLASS RTOS Condition cause : null
2025-06-10 16:20:42,619 [WARN] ConditionMgr:1039 - genDependencies : Invalid condition id : UX DEVICE CLASS RTOS Condition cause : null
2025-06-10 16:20:42,624 [WARN] PackLoader:240 - Cannot read IP mode file for STMicroelectronics.X-CUBE-FREERTOS.1.3.1
2025-06-10 16:20:42,629 [WARN] PackLoader:240 - Cannot read IP mode file for STMicroelectronics.X-CUBE-FREERTOS.1.3.0
2025-06-10 16:20:42,633 [WARN] PackLoader:240 - Cannot read IP mode file for STMicroelectronics.X-CUBE-NFC7.1.0.1
2025-06-10 16:20:42,636 [WARN] PackLoader:240 - Cannot read IP mode file for STMicroelectronics.X-CUBE-NFC7.1.0.0
2025-06-10 16:20:42,641 [WARN] PackLoader:240 - Cannot read IP mode file for wolfSSL.I-CUBE-wolfTPM.3.2.0
2025-06-10 16:20:42,645 [WARN] PackLoader:240 - Cannot read IP mode file for STMicroelectronics.X-CUBE-NFC6.3.0.0
2025-06-10 16:20:42,652 [WARN] PackLoader:240 - Cannot read IP mode file for STMicroelectronics.X-CUBE-EEPRMA1.4.1.0
2025-06-10 16:20:42,656 [ERROR] Engine:466 - C:\Users\msi1\.stm32cubemx\thirdparties\pdsc\STMicroelectronics.X-CUBE-DPower.1.3.0.pdsc: PDSC version is not supported
2025-06-10 16:20:42,659 [WARN] PackLoader:240 - Cannot read IP mode file for STMicroelectronics.X-CUBE-AI.8.1.0
2025-06-10 16:20:42,673 [WARN] ConditionMgr:438 - getConditionDescription Invalid condition id : LAN8742 Phy interface Condition cause : null
2025-06-10 16:20:42,673 [WARN] PackLoader:240 - Cannot read IP mode file for STMicroelectronics.X-CUBE-AZRTOS-L4.2.0.0
2025-06-10 16:20:42,674 [WARN] ConditionMgr:1039 - genDependencies : Invalid condition id : LAN8742 Phy interface Condition cause : null
2025-06-10 16:20:42,675 [WARN] ConditionMgr:1039 - genDependencies : Invalid condition id : LAN8742 Phy interface Condition cause : null
2025-06-10 16:20:42,675 [WARN] ConditionMgr:1039 - genDependencies : Invalid condition id : LAN8742 Phy interface Condition cause : null
2025-06-10 16:20:42,690 [WARN] PackLoader:240 - Cannot read IP mode file for STMicroelectronics.X-CUBE-SFXS2LP1.4.0.0
2025-06-10 16:20:42,697 [WARN] PackLoader:240 - Cannot read IP mode file for STMicroelectronics.X-CUBE-ISPU.1.1.0
2025-06-10 16:20:42,717 [WARN] PackLoader:240 - Cannot read IP mode file for STMicroelectronics.X-CUBE-AZRTOS-H7.3.3.0
2025-06-10 16:20:42,724 [ERROR] Engine:466 - C:\Users\msi1\.stm32cubemx\thirdparties\pdsc\STMicroelectronics.X-CUBE-IPS.3.0.0.pdsc: PDSC version is not supported
2025-06-10 16:20:42,740 [WARN] ConditionMgr:438 - getConditionDescription Invalid condition id : UX DEVICE CLASS RTOS Condition cause : null
2025-06-10 16:20:42,740 [WARN] ConditionMgr:438 - getConditionDescription Invalid condition id : UX DEVICE CLASS RTOS Condition cause : null
2025-06-10 16:20:42,743 [WARN] PackLoader:240 - Cannot read IP mode file for STMicroelectronics.X-CUBE-AZRTOS-WB.2.0.0
2025-06-10 16:20:42,744 [WARN] ConditionMgr:1039 - genDependencies : Invalid condition id : UX DEVICE CLASS RTOS Condition cause : null
2025-06-10 16:20:42,745 [WARN] ConditionMgr:1039 - genDependencies : Invalid condition id : UX DEVICE CLASS RTOS Condition cause : null
2025-06-10 16:20:42,746 [WARN] ConditionMgr:1039 - genDependencies : Invalid condition id : UX DEVICE CLASS RTOS Condition cause : null
2025-06-10 16:20:42,746 [WARN] ConditionMgr:1039 - genDependencies : Invalid condition id : UX DEVICE CLASS RTOS Condition cause : null
2025-06-10 16:20:42,746 [WARN] ConditionMgr:1039 - genDependencies : Invalid condition id : UX DEVICE CLASS RTOS Condition cause : null
2025-06-10 16:20:42,766 [WARN] PackLoader:240 - Cannot read IP mode file for STMicroelectronics.X-CUBE-FREERTOS.1.0.1
2025-06-10 16:20:42,773 [WARN] PackLoader:240 - Cannot read IP mode file for STMicroelectronics.X-CUBE-GNSS1.7.0.1
2025-06-10 16:20:42,777 [WARN] PackLoader:240 - Cannot read IP mode file for STMicroelectronics.X-CUBE-TOUCHGFX.4.25.0
2025-06-10 16:20:42,783 [ERROR] Engine:466 - C:\Users\msi1\.stm32cubemx\thirdparties\pdsc\STMicroelectronics.FP-SNS-STBOX1.2.0.0.pdsc: PDSC version is not supported
2025-06-10 16:20:42,797 [WARN] PackLoader:240 - Cannot read IP mode file for STMicroelectronics.X-CUBE-AZRTOS-L5.1.1.0
2025-06-10 16:20:42,816 [WARN] PackLoader:240 - Cannot read IP mode file for STMicroelectronics.X-CUBE-AI.8.0.1
2025-06-10 16:20:42,831 [WARN] PackLoader:240 - Cannot read IP mode file for STMicroelectronics.X-CUBE-SUBG2.5.0.0
2025-06-10 16:20:42,858 [WARN] PackLoader:240 - Cannot read IP mode file for STMicroelectronics.X-CUBE-AZRTOS-H7RS.1.1.0
2025-06-10 16:20:42,868 [WARN] PackLoader:240 - Cannot read IP mode file for Cesanta.I-CUBE-Mongoose.7.13.0
2025-06-10 16:20:42,881 [WARN] PackLoader:240 - Cannot read IP mode file for STMicroelectronics.X-CUBE-TOF1.3.3.1
2025-06-10 16:20:42,902 [WARN] PackLoader:240 - Cannot read IP mode file for STMicroelectronics.X-CUBE-AZRTOS-G4.2.0.0
2025-06-10 16:20:42,912 [WARN] PackLoader:240 - Cannot read IP mode file for STMicroelectronics.X-CUBE-TOF1.3.3.0
2025-06-10 16:20:42,929 [WARN] PackLoader:240 - Cannot read IP mode file for Infineon.AIROC-Wi-Fi-Bluetooth-STM32.1.5.1
2025-06-10 16:20:42,936 [WARN] PackLoader:240 - Cannot read IP mode file for STMicroelectronics.FP-SNS-MOTENVWB1.1.3.0
2025-06-10 16:20:42,952 [WARN] PackLoader:240 - Cannot read IP mode file for STMicroelectronics.X-CUBE-NFC7.2.0.0
2025-06-10 16:20:42,956 [WARN] PackLoader:240 - Cannot read IP mode file for STMicroelectronics.FP-SNS-MOTENVWB1.1.3.1
2025-06-10 16:20:42,969 [WARN] PackLoader:240 - Cannot read IP mode file for STMicroelectronics.X-CUBE-AZRTOS-L4.1.0.0
2025-06-10 16:20:42,974 [WARN] PackLoader:240 - Cannot read IP mode file for STMicroelectronics.X-CUBE-ISPU.2.0.0
2025-06-10 16:20:42,978 [ERROR] Engine:466 - C:\Users\msi1\.stm32cubemx\thirdparties\pdsc\STMicroelectronics.X-CUBE-IPS.3.1.0.pdsc: PDSC version is not supported
2025-06-10 16:20:42,983 [WARN] PackLoader:240 - Cannot read IP mode file for STMicroelectronics.X-CUBE-ALS.1.0.2
2025-06-10 16:20:43,022 [WARN] PackLoader:240 - Cannot read IP mode file for STMicroelectronics.X-CUBE-MEMS1.10.0.0
2025-06-10 16:20:43,100 [WARN] PackLoader:240 - Cannot read IP mode file for STMicroelectronics.X-CUBE-FREERTOS.1.1.0
2025-06-10 16:20:43,103 [WARN] PackLoader:240 - Cannot read IP mode file for STMicroelectronics.X-CUBE-TOUCHGFX.4.24.0
2025-06-10 16:20:43,106 [WARN] PackLoader:240 - Cannot read IP mode file for STMicroelectronics.X-CUBE-TOUCHGFX.4.24.2
2025-06-10 16:20:43,117 [WARN] PackLoader:240 - Cannot read IP mode file for STMicroelectronics.X-CUBE-AZRTOS-WL.1.0.0
2025-06-10 16:20:43,121 [WARN] PackLoader:240 - Cannot read IP mode file for STMicroelectronics.X-CUBE-TOUCHGFX.4.24.1
2025-06-10 16:20:43,123 [WARN] PackLoader:240 - Cannot read IP mode file for wolfSSL.I-CUBE-wolfTPM.3.4.0
2025-06-10 16:20:43,129 [WARN] PackLoader:240 - Cannot read IP mode file for portGmbH.I-Cube-SoM-uGOAL.1.1.0
2025-06-10 16:20:43,131 [WARN] PackLoader:240 - Cannot read IP mode file for STMicroelectronics.X-CUBE-ALS.1.0.1
2025-06-10 16:20:43,145 [WARN] PackLoader:240 - Cannot read IP mode file for STMicroelectronics.X-CUBE-AZRTOS-WB.1.1.0
2025-06-10 16:20:43,166 [WARN] PackLoader:240 - Cannot read IP mode file for STMicroelectronics.X-CUBE-AZRTOS-H7RS.1.0.0
2025-06-10 16:20:43,175 [WARN] PackLoader:240 - Cannot read IP mode file for STMicroelectronics.FP-ATR-ASTRA1.2.0.0
2025-06-10 16:20:43,182 [ERROR] Engine:466 - C:\Users\msi1\.stm32cubemx\thirdparties\pdsc\STMicroelectronics.X-CUBE-TOF1.3.4.2.pdsc: PDSC version is not supported
2025-06-10 16:20:43,189 [ERROR] Engine:466 - C:\Users\msi1\.stm32cubemx\thirdparties\pdsc\STMicroelectronics.X-CUBE-TOF1.3.4.3.pdsc: PDSC version is not supported
2025-06-10 16:20:43,202 [WARN] PackLoader:240 - Cannot read IP mode file for STMicroelectronics.X-CUBE-TOF1.3.4.0
2025-06-10 16:20:43,222 [WARN] PackLoader:240 - Cannot read IP mode file for STMicroelectronics.X-CUBE-TOF1.3.4.1
2025-06-10 16:20:43,263 [WARN] PackLoader:240 - Cannot read IP mode file for STMicroelectronics.X-CUBE-AZRTOS-H7.3.2.0
2025-06-10 16:20:43,274 [WARN] PackLoader:240 - Cannot read IP mode file for wolfSSL.I-CUBE-wolfSSH.1.4.17
2025-06-10 16:20:43,275 [INFO] ThirdParty:978 - Integrity check success = true
2025-06-10 16:20:43,276 [INFO] IntegrityCheckThread:100 - exiting critical section [integrity check]
2025-06-10 16:20:43,276 [INFO] IntegrityCheckThread:103 - End integrity checks thread
2025-06-10 16:20:43,276 [INFO] ThirdParty:873 - entering critical section [close project]
2025-06-10 16:20:43,277 [INFO] ThirdParty:883 - exiting critical section [close project]
2025-06-10 16:20:43,281 [INFO] PinOutPanel:1499 - setPackage(No Configuration,No Configuration)
2025-06-10 16:20:43,289 [INFO] UtilMem:75 - Begin LoadConfig() Used Memory: 167452536 Bytes (268435456)
2025-06-10 16:20:43,291 [INFO] MicroXplorer:468 - Change Database Path : 
2025-06-10 16:20:43,291 [INFO] MicroXplorer:498 - Change Database Version : DB.6.0.90
2025-06-10 16:20:43,292 [INFO] OpenFileManager:308 - Change cursor
2025-06-10 16:20:43,359 [INFO] Mcu:1946 - Initializing MCU STM32F303V(B-C)Tx STM32F303VCTx STM32F303VCT6
2025-06-10 16:20:45,778 [INFO] Context:659 - Trying to add GPIOservice into a context  which must be forbidden
2025-06-10 16:20:46,615 [INFO] RtosManager:555 - Registered RTOS mode: class=CMSIS, group=RTOS, mode=CMSIS_V1, owner=FREERTOS
2025-06-10 16:20:46,615 [INFO] RtosManager:555 - Registered RTOS mode: class=CMSIS, group=RTOS2, mode=CMSIS_V2, owner=FREERTOS
2025-06-10 16:20:46,615 [INFO] RtosManager:555 - Registered RTOS mode: class=RTOS, group=Core, mode=CMSIS_V1, owner=FREERTOS
2025-06-10 16:20:46,615 [INFO] RtosManager:555 - Registered RTOS mode: class=RTOS, group=Core, mode=CMSIS_V2, owner=FREERTOS
2025-06-10 16:20:46,616 [WARN] ModelIntegratedComponent:184 - Missing modes for component STMicroelectronics:FreeRTOS:0.0.1:STMicroelectronics:RTOS:FreeRTOS:Core:::10.2.0:
2025-06-10 16:20:46,625 [WARN] ModelIntegratedComponent:63 - No mode defined for component null
2025-06-10 16:20:46,626 [WARN] ModelIntegratedComponent:63 - No mode defined for component null
2025-06-10 16:20:46,626 [WARN] ModelIntegratedComponent:63 - No mode defined for component null
2025-06-10 16:20:46,626 [WARN] ModelIntegratedComponent:63 - No mode defined for component null
2025-06-10 16:20:46,626 [WARN] ModelIntegratedComponent:63 - No mode defined for component null
2025-06-10 16:20:46,626 [WARN] ModelIntegratedComponent:63 - No mode defined for component null
2025-06-10 16:20:46,626 [WARN] ModelIntegratedComponent:63 - No mode defined for component null
2025-06-10 16:20:46,627 [WARN] ModelIntegratedComponent:63 - No mode defined for component null
2025-06-10 16:20:46,627 [WARN] ModelIntegratedComponent:63 - No mode defined for component null
2025-06-10 16:20:46,627 [WARN] ModelIntegratedComponent:63 - No mode defined for component null
2025-06-10 16:20:46,627 [WARN] ModelIntegratedComponent:63 - No mode defined for component null
2025-06-10 16:20:46,627 [WARN] ModelIntegratedComponent:63 - No mode defined for component null
2025-06-10 16:20:46,627 [WARN] ModelIntegratedComponent:63 - No mode defined for component null
2025-06-10 16:20:46,627 [WARN] ModelIntegratedComponent:63 - No mode defined for component null
2025-06-10 16:20:46,627 [WARN] ModelIntegratedComponent:63 - No mode defined for component null
2025-06-10 16:20:46,627 [WARN] ModelIntegratedComponent:63 - No mode defined for component null
2025-06-10 16:20:46,627 [WARN] ModelIntegratedComponent:63 - No mode defined for component null
2025-06-10 16:20:46,627 [WARN] ModelIntegratedComponent:63 - No mode defined for component null
2025-06-10 16:20:46,628 [WARN] ModelIntegratedComponent:63 - No mode defined for component null
2025-06-10 16:20:46,628 [WARN] ModelIntegratedComponent:63 - No mode defined for component null
2025-06-10 16:20:46,628 [WARN] ModelIntegratedComponent:63 - No mode defined for component null
2025-06-10 16:20:46,628 [WARN] ModelIntegratedComponent:63 - No mode defined for component null
2025-06-10 16:20:46,628 [WARN] ModelIntegratedComponent:63 - No mode defined for component null
2025-06-10 16:20:46,628 [WARN] ModelIntegratedComponent:63 - No mode defined for component null
2025-06-10 16:20:46,628 [WARN] ModelIntegratedComponent:63 - No mode defined for component null
2025-06-10 16:20:46,628 [WARN] ModelIntegratedComponent:63 - No mode defined for component null
2025-06-10 16:20:46,628 [WARN] ModelIntegratedComponent:63 - No mode defined for component null
2025-06-10 16:20:46,628 [WARN] ModelIntegratedComponent:63 - No mode defined for component null
2025-06-10 16:20:46,628 [WARN] ModelIntegratedComponent:63 - No mode defined for component null
2025-06-10 16:20:46,628 [WARN] ModelIntegratedComponent:63 - No mode defined for component null
2025-06-10 16:20:46,628 [WARN] ModelIntegratedComponent:63 - No mode defined for component null
2025-06-10 16:20:46,628 [WARN] ModelIntegratedComponent:63 - No mode defined for component null
2025-06-10 16:20:46,628 [WARN] ModelIntegratedComponent:63 - No mode defined for component null
2025-06-10 16:20:46,934 [INFO] ThirdPartyModel:298 - Start build external matchings
2025-06-10 16:20:50,296 [INFO] ThirdPartyModel:316 - End build external matchings
2025-06-10 16:20:50,370 [INFO] ImportTextPane:194 - (OptionalMessage_ERROR) IP (RCC) : Invalid parameter (FamilyName)
2025-06-10 16:20:50,370 [INFO] ImportTextPane:194 - (OptionalMessage_ERROR) IP (RCC) : Invalid parameter (TIM2Freq_Value)
2025-06-10 16:20:50,371 [INFO] ImportTextPane:194 - (OptionalMessage_ERROR) IP (RCC) : Parameter (USBFreq_Value) has invalid value (72000000)
2025-06-10 16:20:50,991 [INFO] UtilMem:75 - End LoadConfig() Used Memory: 200851072 Bytes (421527552)
2025-06-10 16:20:51,206 [INFO] ApiDb:581 - Connected to CubeFinder SQLite database (C:\Users\msi1\.stmcufinder\plugins\mcufinder\mcu\cube-finder-db.db)
2025-06-10 16:20:51,296 [INFO] ApiDb:668 - CubeFinder database Data Model version=2.1
2025-06-10 16:20:51,296 [INFO] ApiDb:669 - CubeFinder database Configuration version=3.0.39
2025-06-10 16:20:51,296 [INFO] ApiDb:670 - CubeFinder database generation date=2025-04-23 (1745419778)
2025-06-10 16:20:51,296 [INFO] ApiDb:671 - CubeFinder database FW Pack versions=[FP-ATR-ASTRA1_V2.0.0, FP-SNS-FLIGHT1_V5.1.0, FP-SNS-MOTENV1_V5.0.0, FP-SNS-MOTENVWB1_V1.4.0, FP-SNS-SMARTAG2_V1.2.0, FP-SNS-STBOX1_V2.0.0, STM32Cube_FW_C0_V1.4.0, STM32Cube_FW_F4_V1.28.1, STM32Cube_FW_F7_V1.17.2, STM32Cube_FW_G0_V1.6.2, STM32Cube_FW_G4_V1.6.1, STM32Cube_FW_H5_V1.5.0, STM32Cube_FW_H7RS_V1.2.0, STM32Cube_FW_H7_V1.12.1, STM32Cube_FW_L0_V1.12.2, STM32Cube_FW_L4_V1.18.1, STM32Cube_FW_L5_V1.5.1, STM32Cube_FW_N6_V1.1.1, STM32Cube_FW_U0_V1.2.0, STM32Cube_FW_U3_V1.1.0, STM32Cube_FW_U5_V1.7.0, STM32Cube_FW_WB0_V1.2.0, STM32Cube_FW_WBA_V1.6.0, STM32Cube_FW_WB_V1.22.0, STM32Cube_FW_WL3_V1.1.0, STM32Cube_FW_WL_V1.3.1, X-CUBE-ALGOBUILD_V1.4.0, X-CUBE-ALS_V1.0.2, X-CUBE-AZRTOS-F4_V1.1.0, X-CUBE-AZRTOS-F7_V1.1.0, X-CUBE-AZRTOS-G0_V1.1.0, X-CUBE-AZRTOS-G4_V2.0.0, X-CUBE-AZRTOS-H7RS_V1.1.0, X-CUBE-AZRTOS-H7_V3.3.0, X-CUBE-AZRTOS-L4_V2.0.0, X-CUBE-AZRTOS-L5_V2.0.0, X-CUBE-AZRTOS-WB_V2.0.0, X-CUBE-AZRTOS-WL_V2.0.0, X-CUBE-BLE1_V7.1.0, X-CUBE-BLE2_V3.3.0, X-CUBE-BLEMGR_V4.0.0, X-CUBE-EEPRMA1_V5.1.0, X-CUBE-FREERTOS_V1.3.0, X-CUBE-GNSS1_V6.0.0, X-CUBE-MEMS1_V11.2.0, X-CUBE-NFC4_V3.0.0, X-CUBE-NFC7_V1.0.1, X-CUBE-SFXS2LP1_V4.0.0, X-CUBE-SUBG2_V5.0.0, X-CUBE-TOF1_V3.4.3]
2025-06-10 16:20:53,445 [INFO] ApiDb:240 - Found 323 in-development CPN: [B-G473E-ZEST1S, B-WB1M-WPAN1, B-WL5M-SUBG1, NUCLEO-C031C6, NUCLEO-H503RB, NUCLEO-H563ZI, NUCLEO-U545RE-Q, NUCLEO-U5A5ZJ-Q, NUCLEO-WBA52CG, STEVAL-PROTEUS1, STEVAL-SMARTAG2, STEVAL-STWINBX1, STM320518-EVAL, STM32C0116-DK, STM32C011D6Y3TR, STM32C011D6Y6TR, STM32C011F4P3, STM32C011F4P6, STM32C011F4U3, STM32C011F4U6TR, STM32C011F6P3, STM32C011F6P6, STM32C011F6U3, STM32C011F6U6TR, STM32C011J4M3, STM32C011J4M6, STM32C011J6M3, STM32C011J6M6, STM32C0316-DK, STM32C031C4T3, STM32C031C4T6, STM32C031C4U3, STM32C031C4U6, STM32C031C6T3, STM32C031C6T6, STM32C031C6U3, STM32C031C6U6, STM32C031F4P3, STM32C031F4P6, STM32C031F6P3, STM32C031F6P6, STM32C031G4U3, STM32C031G4U6, STM32C031G6U3, STM32C031G6U6, STM32C031K4T3, STM32C031K4T6, STM32C031K4U3, STM32C031K4U6, STM32C031K6T3, STM32C031K6T6, STM32C031K6U3, STM32C031K6U6, STM32G071K8TXN, STM32G071K8UXN, STM32G081GBU6N, STM32G081KBT6N, STM32G081KBUXN, STM32G0B1CCT6N, STM32G0B1KCT6, STM32G0B1NEY6TR, STM32G0B1RCT6N, STM32G0C1CCT6, STM32G0C1CCT6N, STM32G0C1CCU6N, STM32G0C1CET6N, STM32G0C1CEU6N, STM32G0C1KCT6, STM32G0C1NEY6TR, STM32G0C1RCI6N, STM32G0C1RCT6N, STM32G0C1REI6N, STM32G0C1RET6N, STM32G0C1VCI6, STM32G0C1VEI6, STM32G471CCT6, STM32G471CCU6, STM32G471CET3, STM32G471CET6, STM32G471CEU3, STM32G471CEU6, STM32G471MCT6, STM32G471MET3, STM32G471MET6, STM32G471MEY6TR, STM32G471QCT6, STM32G471QET3, STM32G471RCT6, STM32G471RET3, STM32G471RET6, STM32G471VCH6, STM32G471VCI6, STM32G471VCT6, STM32G471VEH3, STM32G471VEH6, STM32G471VEI3, STM32G471VEI6, STM32G471VET3, STM32G471VET6, STM32G474CCT6, STM32H503CBT6, STM32H503CBU6, STM32H503EBY6TR, STM32H503KBU6, STM32H503RBT6, STM32H562AGI6, STM32H562AII6, STM32H562IGK6, STM32H562IGT6, STM32H562IIK6, STM32H562IIT6, STM32H562RGT6, STM32H562RGV6, STM32H562RIT6, STM32H562RIV6, STM32H562VGT6, STM32H562VIT6, STM32H562ZGT6, STM32H562ZIT6, STM32H563AGI6, STM32H563AII3Q, STM32H563AII6, STM32H563IGK6, STM32H563IGT6, STM32H563IIK3Q, STM32H563IIK6, STM32H563IIT3Q, STM32H563IIT6, STM32H563MIY3QTR, STM32H563RGT6, STM32H563RGV6, STM32H563RIT6, STM32H563RIV6, STM32H563VGT6, STM32H563VIT3Q, STM32H563VIT6, STM32H563ZGT6, STM32H563ZIT3Q, STM32H563ZIT6, STM32H573AII3Q, STM32H573AII6, STM32H573I-DK, STM32H573IIK3Q, STM32H573IIK6, STM32H573IIT3Q, STM32H573IIT6, STM32H573MIY3QTR, STM32H573RIT6, STM32H573RIV6, STM32H573VIT3Q, STM32H573VIT6, STM32H573ZIT3Q, STM32H573ZIT6, STM32L4R5QGI6STR, STM32MP131AAE3, STM32MP131AAF3, STM32MP131AAG3, STM32MP131CAE3, STM32MP131CAF3, STM32MP131CAG3, STM32MP131DAE7, STM32MP131DAF7, STM32MP131DAG7, STM32MP131FAE7, STM32MP131FAF7, STM32MP131FAG7, STM32MP133AAE3, STM32MP133AAF3, STM32MP133AAG3, STM32MP133CAE3, STM32MP133CAF3, STM32MP133CAG3, STM32MP133DAE7, STM32MP133DAF7, STM32MP133DAG7, STM32MP133FAE7, STM32MP133FAF7, STM32MP133FAG7, STM32MP135AAE3, STM32MP135AAF3, STM32MP135AAG3, STM32MP135CAE3, STM32MP135CAF3, STM32MP135CAG3, STM32MP135DAE7, STM32MP135DAF7, STM32MP135DAG7, STM32MP135F-DK, STM32MP135FAE7, STM32MP135FAF7, STM32MP135FAF7T, STM32MP135FAF7U, STM32MP135FAG7, STM32U535CBT6, STM32U535CBT6Q, STM32U535CBU6, STM32U535CBU6Q, STM32U535CCT6, STM32U535CCT6Q, STM32U535CCU6, STM32U535CCU6Q, STM32U535CET6, STM32U535CET6Q, STM32U535CEU6, STM32U535CEU6Q, STM32U535JEY6QTR, STM32U535NCY6QTR, STM32U535NEY6QTR, STM32U535RBI6, STM32U535RBI6Q, STM32U535RBT6, STM32U535RBT6Q, STM32U535RCI6, STM32U535RCI6Q, STM32U535RCT6, STM32U535RCT6Q, STM32U535REI6, STM32U535REI6Q, STM32U535RET6, STM32U535RET6Q, STM32U535VCI6, STM32U535VCI6Q, STM32U535VCT6, STM32U535VCT6Q, STM32U535VEI6, STM32U535VEI6Q, STM32U535VET6, STM32U535VET6Q, STM32U545CET6, STM32U545CET6Q, STM32U545CEU6, STM32U545CEU6Q, STM32U545JEY6QTR, STM32U545NEY6QTR, STM32U545REI6, STM32U545REI6Q, STM32U545RET6, STM32U545RET6Q, STM32U545VEI6, STM32U545VEI6Q, STM32U545VET6, STM32U545VET6Q, STM32U595AIH6, STM32U595AIH6Q, STM32U595AJH6, STM32U595AJH6Q, STM32U595QII6, STM32U595QII6Q, STM32U595QJI6, STM32U595QJI6Q, STM32U595RIT6, STM32U595RIT6Q, STM32U595RJT6, STM32U595RJT6Q, STM32U595VIT6, STM32U595VIT6Q, STM32U595VJT6, STM32U595VJT6Q, STM32U595ZIT6, STM32U595ZIT6Q, STM32U595ZIY6QTR, STM32U595ZJT6, STM32U595ZJT6Q, STM32U595ZJY6QTR, STM32U599BJY6QTR, STM32U599NIH6Q, STM32U599NJH6Q, STM32U599VIT6Q, STM32U599VJT6, STM32U599VJT6Q, STM32U599ZIT6Q, STM32U599ZIY6QTR, STM32U599ZJT6Q, STM32U599ZJY6QTR, STM32U5A5AJH6, STM32U5A5AJH6Q, STM32U5A5QJI6, STM32U5A5QJI6Q, STM32U5A5RJT6, STM32U5A5RJT6Q, STM32U5A5VJT6, STM32U5A5VJT6Q, STM32U5A5ZJT6, STM32U5A5ZJT6Q, STM32U5A5ZJY6QTR, STM32U5A9BJY6QTR, STM32U5A9J-DK, STM32U5A9NJH6Q, STM32U5A9VJT6Q, STM32U5A9ZJT6Q, STM32U5A9ZJY6QTR, STM32U5F7VIT6, STM32U5F7VIT6Q, STM32U5F7VJT6, STM32U5F7VJT6Q, STM32U5F9BJY6QTR, STM32U5F9NJH6Q, STM32U5F9VIT6Q, STM32U5F9VJT6Q, STM32U5F9ZIJ6QTR, STM32U5F9ZIT6Q, STM32U5F9ZJJ6QTR, STM32U5F9ZJT6Q, STM32U5G7VJT6, STM32U5G7VJT6Q, STM32U5G9BJY6QTR, STM32U5G9J-DK1, STM32U5G9J-DK2, STM32U5G9NJH6Q, STM32U5G9VJT6Q, STM32U5G9ZJJ6QTR, STM32U5G9ZJT6Q, STM32WB1MMCH6, STM32WBA52CEU6, STM32WBA52CEU6T, STM32WBA52CGU6, STM32WBA52CGU6T, STM32WBA52KEU6, STM32WBA52KEU6T, STM32WBA52KGU6, STM32WBA52KGU6T, STM32WL5MOCH6, STM32WL5MOCH6TR]
2025-06-10 16:20:53,449 [INFO] DbMcus:217 - Found 4642 MCUs, 4642 are supported
2025-06-10 16:20:53,449 [INFO] ApiDb:423 - Load user favorites file C:\Users\msi1/.stm32cubeide/favorites.mcus.txt: 4 item(s)
2025-06-10 16:20:53,450 [INFO] ApiDb:427 - User favorites MCUs=[STM32F103CBT6, STM32F303VCT6, STM32F401CCU6, STM32F407VGT6]
2025-06-10 16:20:53,450 [INFO] DbMcus:223 - Set 4 / 4 favorites MCUs
2025-06-10 16:20:54,120 [WARN] ThirdParty:833 - waiting for thirdparty lock release [change project]
2025-06-10 16:20:54,120 [INFO] ThirdParty:835 - entering critical section [change project]
2025-06-10 16:20:54,121 [INFO] ThirdParty:1030 - CMSIS Pack Vendor :STMicroelectronics USBPD 4.1
2025-06-10 16:20:54,121 [INFO] ThirdParty:1030 - CMSIS Pack Vendor :STMicroelectronics X-CUBE-GNSS1 6.0.0
2025-06-10 16:20:54,121 [INFO] ThirdParty:1030 - CMSIS Pack Vendor :STMicroelectronics USB_HOST 2.0.0
2025-06-10 16:20:54,121 [INFO] ThirdParty:1030 - CMSIS Pack Vendor :STMicroelectronics FP-SNS-MOTENVWB1 1.4.0
2025-06-10 16:20:54,121 [INFO] ThirdParty:1030 - CMSIS Pack Vendor :STMicroelectronics X-CUBE-AZRTOS-F4 1.1.0
2025-06-10 16:20:54,121 [INFO] ThirdParty:1030 - CMSIS Pack Vendor :STMicroelectronics LIBJPEG 8.0.0
2025-06-10 16:20:54,121 [INFO] ThirdParty:1030 - CMSIS Pack Vendor :STMicroelectronics FP-ATR-ASTRA1 2.0.2
2025-06-10 16:20:54,121 [INFO] ThirdParty:1030 - CMSIS Pack Vendor :STMicroelectronics FP-ATR-ASTRA1 2.0.1
2025-06-10 16:20:54,121 [INFO] ThirdParty:1030 - CMSIS Pack Vendor :STMicroelectronics X-CUBE-SMBUS 2.1.0
2025-06-10 16:20:54,122 [INFO] ThirdParty:1030 - CMSIS Pack Vendor :STMicroelectronics X-CUBE-WB05N 1.1.0
2025-06-10 16:20:54,122 [INFO] ThirdParty:1030 - CMSIS Pack Vendor :wolfSSL I-CUBE-wolfSSL 5.6.0
2025-06-10 16:20:54,122 [INFO] ThirdParty:1030 - CMSIS Pack Vendor :STMicroelectronics X-CUBE-ISPU 2.1.0
2025-06-10 16:20:54,122 [INFO] ThirdParty:1030 - CMSIS Pack Vendor :STMicroelectronics X-CUBE-FREERTOS 1.2.0
2025-06-10 16:20:54,122 [INFO] ThirdParty:1030 - CMSIS Pack Vendor :STMicroelectronics X-CUBE-TOUCHGFX 4.23.0
2025-06-10 16:20:54,122 [INFO] ThirdParty:1030 - CMSIS Pack Vendor :STMicroelectronics X-CUBE-TOUCHGFX 4.23.2
2025-06-10 16:20:54,122 [INFO] ThirdParty:1030 - CMSIS Pack Vendor :STMicroelectronics X-CUBE-AZRTOS-F7 1.1.0
2025-06-10 16:20:54,122 [INFO] ThirdParty:1030 - CMSIS Pack Vendor :STMicroelectronics X-CUBE-AZRTOS-L5 2.0.0
2025-06-10 16:20:54,122 [INFO] ThirdParty:1030 - CMSIS Pack Vendor :STMicroelectronics USB_DEVICE 2.0.0
2025-06-10 16:20:54,122 [INFO] ThirdParty:1030 - CMSIS Pack Vendor :STMicroelectronics X-CUBE-MEMS1 9.6.0
2025-06-10 16:20:54,122 [INFO] ThirdParty:1030 - CMSIS Pack Vendor :STMicroelectronics X-CUBE-EEPRMA1 4.2.0
2025-06-10 16:20:54,122 [INFO] ThirdParty:1030 - CMSIS Pack Vendor :STMicroelectronics X-CUBE-NFC6 3.1.0
2025-06-10 16:20:54,122 [INFO] ThirdParty:1030 - CMSIS Pack Vendor :ITTIA_DB I-CUBE-ITTIADB 8.8.0
2025-06-10 16:20:54,122 [INFO] ThirdParty:1030 - CMSIS Pack Vendor :STMicroelectronics FP-SNS-MOTENV1 4.3.0
2025-06-10 16:20:54,122 [INFO] ThirdParty:1030 - CMSIS Pack Vendor :STMicroelectronics FP-SNS-MOTENV1 4.3.2
2025-06-10 16:20:54,122 [INFO] ThirdParty:1030 - CMSIS Pack Vendor :STMicroelectronics FP-SNS-FLIGHT1 5.0.0
2025-06-10 16:20:54,122 [INFO] ThirdParty:1030 - CMSIS Pack Vendor :STMicroelectronics X-CUBE-BLE1 6.2.4
2025-06-10 16:20:54,122 [INFO] ThirdParty:1030 - CMSIS Pack Vendor :STMicroelectronics FreeRTOS 0.0.1
2025-06-10 16:20:54,122 [INFO] ThirdParty:1030 - CMSIS Pack Vendor :emotas I-CUBE-CANOPEN 1.1.3
2025-06-10 16:20:54,122 [INFO] ThirdParty:1030 - CMSIS Pack Vendor :STMicroelectronics X-CUBE-BLEMGR 2.0.0
2025-06-10 16:20:54,122 [INFO] ThirdParty:1030 - CMSIS Pack Vendor :STMicroelectronics FP-SNS-FLIGHT1 5.0.2
2025-06-10 16:20:54,122 [INFO] ThirdParty:1030 - CMSIS Pack Vendor :STMicroelectronics X-CUBE-AI 9.0.0
2025-06-10 16:20:54,122 [INFO] ThirdParty:1030 - CMSIS Pack Vendor :STMicroelectronics X-CUBE-AZRTOS-H7 3.1.0
2025-06-10 16:20:54,122 [INFO] ThirdParty:1030 - CMSIS Pack Vendor :STMicroelectronics PDM2PCM 3.3.0
2025-06-10 16:20:54,122 [INFO] ThirdParty:1030 - CMSIS Pack Vendor :STMicroelectronics X-CUBE-DISPLAY 3.0.0
2025-06-10 16:20:54,122 [INFO] ThirdParty:1030 - CMSIS Pack Vendor :STMicroelectronics X-CUBE-BLE1 7.0.0
2025-06-10 16:20:54,122 [INFO] ThirdParty:1030 - CMSIS Pack Vendor :STMicroelectronics X-CUBE-NFC10 1.0.0
2025-06-10 16:20:54,122 [INFO] ThirdParty:1030 - CMSIS Pack Vendor :STMicroelectronics X-CUBE-FREERTOS 1.3.1
2025-06-10 16:20:54,122 [INFO] ThirdParty:1030 - CMSIS Pack Vendor :STMicroelectronics HAL Drivers 0.0.0
2025-06-10 16:20:54,123 [INFO] ThirdParty:1030 - CMSIS Pack Vendor :emotas I-CUBE-CANOPEN 1.3.0
2025-06-10 16:20:54,123 [INFO] ThirdParty:1030 - CMSIS Pack Vendor :STMicroelectronics X-CUBE-FREERTOS 1.3.0
2025-06-10 16:20:54,123 [INFO] ThirdParty:1030 - CMSIS Pack Vendor :STMicroelectronics X-CUBE-TOUCHGFX 4.22.0
2025-06-10 16:20:54,123 [INFO] ThirdParty:1030 - CMSIS Pack Vendor :STMicroelectronics X-CUBE-NFC7 1.0.1
2025-06-10 16:20:54,123 [INFO] ThirdParty:1030 - CMSIS Pack Vendor :STMicroelectronics MBEDTLS 2.14.1
2025-06-10 16:20:54,123 [INFO] ThirdParty:1030 - CMSIS Pack Vendor :STMicroelectronics X-CUBE-NFC7 1.0.0
2025-06-10 16:20:54,123 [INFO] ThirdParty:1030 - CMSIS Pack Vendor :STMicroelectronics X-CUBE-TOUCHGFX 4.22.1
2025-06-10 16:20:54,123 [INFO] ThirdParty:1030 - CMSIS Pack Vendor :wolfSSL I-CUBE-wolfTPM 3.2.0
2025-06-10 16:20:54,123 [INFO] ThirdParty:1030 - CMSIS Pack Vendor :STMicroelectronics X-CUBE-NFC6 3.0.0
2025-06-10 16:20:54,123 [INFO] ThirdParty:1030 - CMSIS Pack Vendor :STMicroelectronics X-CUBE-EEPRMA1 4.1.0
2025-06-10 16:20:54,123 [INFO] ThirdParty:1030 - CMSIS Pack Vendor :STMicroelectronics X-CUBE-BLEMGR 3.1.0
2025-06-10 16:20:54,123 [INFO] ThirdParty:1030 - CMSIS Pack Vendor :STMicroelectronics X-CUBE-AI 10.0.0
2025-06-10 16:20:54,123 [INFO] ThirdParty:1030 - CMSIS Pack Vendor :STMicroelectronics FP-SNS-SMARTAG2 1.2.0
2025-06-10 16:20:54,123 [INFO] ThirdParty:1030 - CMSIS Pack Vendor :STMicroelectronics X-CUBE-MEMS1 11.1.0
2025-06-10 16:20:54,123 [INFO] ThirdParty:1030 - CMSIS Pack Vendor :STMicroelectronics X-CUBE-AZRTOS-WL 2.0.0
2025-06-10 16:20:54,123 [INFO] ThirdParty:1030 - CMSIS Pack Vendor :STMicroelectronics FP-SNS-MOTENV1 5.0.0
2025-06-10 16:20:54,123 [INFO] ThirdParty:1030 - CMSIS Pack Vendor :STMicroelectronics USB_DEVICE 1.0.0
2025-06-10 16:20:54,123 [INFO] ThirdParty:1030 - CMSIS Pack Vendor :STMicroelectronics X-CUBE-AI 8.1.0
2025-06-10 16:20:54,123 [INFO] ThirdParty:1030 - CMSIS Pack Vendor :wolfSSL I-CUBE-wolfMQTT 1.19.0
2025-06-10 16:20:54,123 [INFO] ThirdParty:1030 - CMSIS Pack Vendor :STMicroelectronics X-CUBE-AZRTOS-L4 2.0.0
2025-06-10 16:20:54,123 [INFO] ThirdParty:1030 - CMSIS Pack Vendor :STMicroelectronics ThreadX 0.0.2
2025-06-10 16:20:54,123 [INFO] ThirdParty:1030 - CMSIS Pack Vendor :WES I-CUBE-Cesium 1.3.0
2025-06-10 16:20:54,123 [INFO] ThirdParty:1030 - CMSIS Pack Vendor :STMicroelectronics lwIP 2.1.2
2025-06-10 16:20:54,123 [INFO] ThirdParty:1030 - CMSIS Pack Vendor :STMicroelectronics X-CUBE-SFXS2LP1 4.0.0
2025-06-10 16:20:54,123 [INFO] ThirdParty:1030 - CMSIS Pack Vendor :STMicroelectronics X-CUBE-BLE2 3.3.0
2025-06-10 16:20:54,123 [INFO] ThirdParty:1030 - CMSIS Pack Vendor :STMicroelectronics PDM2PCM 3.2.0
2025-06-10 16:20:54,123 [INFO] ThirdParty:1030 - CMSIS Pack Vendor :STMicroelectronics X-CUBE-ISPU 1.1.0
2025-06-10 16:20:54,123 [INFO] ThirdParty:1030 - CMSIS Pack Vendor :STMicroelectronics X-CUBE-AZRTOS-H7 3.3.0
2025-06-10 16:20:54,124 [INFO] ThirdParty:1030 - CMSIS Pack Vendor :STMicroelectronics X-CUBE-NFC9 1.0.0
2025-06-10 16:20:54,124 [INFO] ThirdParty:1030 - CMSIS Pack Vendor :STMicroelectronics X-CUBE-BLE1 7.1.0
2025-06-10 16:20:54,124 [INFO] ThirdParty:1030 - CMSIS Pack Vendor :STMicroelectronics USB_DEVICE 3.0.0
2025-06-10 16:20:54,124 [INFO] ThirdParty:1030 - CMSIS Pack Vendor :STMicroelectronics X-CUBE-TCPP 4.1.0
2025-06-10 16:20:54,124 [INFO] ThirdParty:1030 - CMSIS Pack Vendor :STMicroelectronics X-CUBE-AZRTOS-WB 2.0.0
2025-06-10 16:20:54,124 [INFO] ThirdParty:1030 - CMSIS Pack Vendor :STMicroelectronics X-CUBE-FREERTOS 1.0.1
2025-06-10 16:20:54,124 [INFO] ThirdParty:1030 - CMSIS Pack Vendor :STMicroelectronics X-CUBE-GNSS1 7.0.1
2025-06-10 16:20:54,124 [INFO] ThirdParty:1030 - CMSIS Pack Vendor :STMicroelectronics X-CUBE-TOUCHGFX 4.21.4
2025-06-10 16:20:54,124 [INFO] ThirdParty:1030 - CMSIS Pack Vendor :STMicroelectronics X-CUBE-TOUCHGFX 4.25.0
2025-06-10 16:20:54,124 [INFO] ThirdParty:1030 - CMSIS Pack Vendor :STMicroelectronics X-CUBE-AI 10.1.0
2025-06-10 16:20:54,124 [INFO] ThirdParty:1030 - CMSIS Pack Vendor :STMicroelectronics X-CUBE-ALGOBUILD 1.3.0
2025-06-10 16:20:54,124 [INFO] ThirdParty:1030 - CMSIS Pack Vendor :STMicroelectronics X-CUBE-AZRTOS-L5 1.1.0
2025-06-10 16:20:54,124 [INFO] ThirdParty:1030 - CMSIS Pack Vendor :STMicroelectronics X-CUBE-MEMS1 11.2.0
2025-06-10 16:20:54,124 [INFO] ThirdParty:1030 - CMSIS Pack Vendor :STMicroelectronics X-CUBE-AZRTOS-G0 1.1.0
2025-06-10 16:20:54,124 [INFO] ThirdParty:1030 - CMSIS Pack Vendor :STMicroelectronics X-CUBE-AI 8.0.1
2025-06-10 16:20:54,124 [INFO] ThirdParty:1030 - CMSIS Pack Vendor :STMicroelectronics X-CUBE-SAFEA1 1.2.2
2025-06-10 16:20:54,124 [INFO] ThirdParty:1030 - CMSIS Pack Vendor :STMicroelectronics X-CUBE-NFC4 3.0.0
2025-06-10 16:20:54,124 [INFO] ThirdParty:1030 - CMSIS Pack Vendor :STMicroelectronics X-CUBE-SUBG2 5.0.0
2025-06-10 16:20:54,124 [INFO] ThirdParty:1030 - CMSIS Pack Vendor :STMicroelectronics X-CUBE-AZRTOS-H7RS 1.1.0
2025-06-10 16:20:54,124 [INFO] ThirdParty:1030 - CMSIS Pack Vendor :STMicroelectronics STM32_WPAN 1.0.0
2025-06-10 16:20:54,124 [INFO] ThirdParty:1030 - CMSIS Pack Vendor :wolfSSL I-CUBE-wolfMQTT 1.18.0
2025-06-10 16:20:54,124 [INFO] ThirdParty:1030 - CMSIS Pack Vendor :STMicroelectronics lwIP 2.0.3
2025-06-10 16:20:54,124 [INFO] ThirdParty:1030 - CMSIS Pack Vendor :Cesanta I-CUBE-Mongoose 7.13.0
2025-06-10 16:20:54,124 [INFO] ThirdParty:1030 - CMSIS Pack Vendor :STMicroelectronics USB_HOST 1.0.0
2025-06-10 16:20:54,124 [INFO] ThirdParty:1030 - CMSIS Pack Vendor :STMicroelectronics X-CUBE-TOF1 3.3.1
2025-06-10 16:20:54,124 [INFO] ThirdParty:1030 - CMSIS Pack Vendor :STMicroelectronics X-CUBE-AZRTOS-G4 2.0.0
2025-06-10 16:20:54,125 [INFO] ThirdParty:1030 - CMSIS Pack Vendor :STMicroelectronics X-CUBE-WB05N 2.0.0
2025-06-10 16:20:54,125 [INFO] ThirdParty:1030 - CMSIS Pack Vendor :STMicroelectronics PDM2PCM 3.1.0
2025-06-10 16:20:54,125 [INFO] ThirdParty:1030 - CMSIS Pack Vendor :STMicroelectronics X-CUBE-TOF1 3.3.0
2025-06-10 16:20:54,125 [INFO] ThirdParty:1030 - CMSIS Pack Vendor :Infineon AIROC-Wi-Fi-Bluetooth-STM32 1.5.1
2025-06-10 16:20:54,125 [INFO] ThirdParty:1030 - CMSIS Pack Vendor :STMicroelectronics X-CUBE-BLEMGR 3.0.0
2025-06-10 16:20:54,125 [INFO] ThirdParty:1030 - CMSIS Pack Vendor :STMicroelectronics FP-SNS-MOTENVWB1 1.3.0
2025-06-10 16:20:54,125 [INFO] ThirdParty:1030 - CMSIS Pack Vendor :STMicroelectronics X-CUBE-NFC7 2.0.0
2025-06-10 16:20:54,125 [INFO] ThirdParty:1030 - CMSIS Pack Vendor :STMicroelectronics FP-SNS-MOTENVWB1 1.3.1
2025-06-10 16:20:54,125 [INFO] ThirdParty:1030 - CMSIS Pack Vendor :STMicroelectronics FP-ATR-SIGFOX1 3.2.0
2025-06-10 16:20:54,126 [INFO] ThirdParty:1030 - CMSIS Pack Vendor :STMicroelectronics X-CUBE-AZRTOS-L4 1.0.0
2025-06-10 16:20:54,126 [INFO] ThirdParty:1030 - CMSIS Pack Vendor :STMicroelectronics X-CUBE-ISPU 2.0.0
2025-06-10 16:20:54,127 [INFO] ThirdParty:1030 - CMSIS Pack Vendor :STMicroelectronics X-CUBE-EEPRMA1 5.1.0
2025-06-10 16:20:54,127 [INFO] ThirdParty:1030 - CMSIS Pack Vendor :STMicroelectronics MBEDTLS 2.16.2
2025-06-10 16:20:54,127 [INFO] ThirdParty:1030 - CMSIS Pack Vendor :STMicroelectronics X-CUBE-ALS 1.0.2
2025-06-10 16:20:54,127 [INFO] ThirdParty:1030 - CMSIS Pack Vendor :STMicroelectronics X-CUBE-MEMS1 10.0.0
2025-06-10 16:20:54,127 [INFO] ThirdParty:1030 - CMSIS Pack Vendor :STMicroelectronics X-CUBE-FREERTOS 1.1.0
2025-06-10 16:20:54,127 [INFO] ThirdParty:1030 - CMSIS Pack Vendor :wolfSSL I-CUBE-wolfSSL 5.7.6
2025-06-10 16:20:54,127 [INFO] ThirdParty:1030 - CMSIS Pack Vendor :STMicroelectronics X-CUBE-TOUCHGFX 4.24.0
2025-06-10 16:20:54,127 [INFO] ThirdParty:1030 - CMSIS Pack Vendor :ITTIA_DB I-CUBE-ITTIADB 8.9.0
2025-06-10 16:20:54,127 [INFO] ThirdParty:1030 - CMSIS Pack Vendor :STMicroelectronics X-CUBE-TOUCHGFX 4.24.2
2025-06-10 16:20:54,127 [INFO] ThirdParty:1030 - CMSIS Pack Vendor :STMicroelectronics X-CUBE-AZRTOS-WL 1.0.0
2025-06-10 16:20:54,127 [INFO] ThirdParty:1030 - CMSIS Pack Vendor :STMicroelectronics X-CUBE-TOUCHGFX 4.24.1
2025-06-10 16:20:54,127 [INFO] ThirdParty:1030 - CMSIS Pack Vendor :wolfSSL I-CUBE-wolfTPM 3.4.0
2025-06-10 16:20:54,128 [INFO] ThirdParty:1030 - CMSIS Pack Vendor :portGmbH I-Cube-SoM-uGOAL 1.1.0
2025-06-10 16:20:54,128 [INFO] ThirdParty:1030 - CMSIS Pack Vendor :STMicroelectronics X-CUBE-ALS 1.0.1
2025-06-10 16:20:54,128 [INFO] ThirdParty:1030 - CMSIS Pack Vendor :STMicroelectronics ThreadX 1.0.0
2025-06-10 16:20:54,128 [INFO] ThirdParty:1030 - CMSIS Pack Vendor :STMicroelectronics X-CUBE-AZRTOS-WB 1.1.0
2025-06-10 16:20:54,128 [INFO] ThirdParty:1030 - CMSIS Pack Vendor :SEGGER I-CUBE-embOS 1.3.1
2025-06-10 16:20:54,128 [INFO] ThirdParty:1030 - CMSIS Pack Vendor :STMicroelectronics X-CUBE-ALGOBUILD 1.4.0
2025-06-10 16:20:54,128 [INFO] ThirdParty:1030 - CMSIS Pack Vendor :STMicroelectronics X-CUBE-AZRTOS-H7RS 1.0.0
2025-06-10 16:20:54,128 [INFO] ThirdParty:1030 - CMSIS Pack Vendor :STMicroelectronics FP-ATR-ASTRA1 2.0.0
2025-06-10 16:20:54,128 [INFO] ThirdParty:1030 - CMSIS Pack Vendor :STMicroelectronics X-CUBE-AI 9.1.0
2025-06-10 16:20:54,128 [INFO] ThirdParty:1030 - CMSIS Pack Vendor :STMicroelectronics X-CUBE-TOF1 3.4.0
2025-06-10 16:20:54,128 [INFO] ThirdParty:1030 - CMSIS Pack Vendor :STMicroelectronics X-CUBE-TOF1 3.4.1
2025-06-10 16:20:54,128 [INFO] ThirdParty:1030 - CMSIS Pack Vendor :STMicroelectronics X-CUBE-AZRTOS-H7 3.2.0
2025-06-10 16:20:54,128 [INFO] ThirdParty:1030 - CMSIS Pack Vendor :wolfSSL I-CUBE-wolfSSH 1.4.17
2025-06-10 16:20:54,129 [INFO] ThirdParty:841 - exiting critical section [change project]
2025-06-10 16:20:54,826 [INFO] PinOutPanel:1499 - setPackage(No Configuration,No Configuration)
2025-06-10 16:20:54,833 [INFO] PinOutPanel:1499 - setPackage(STM32F303VCTx,LQFP100)
2025-06-10 16:20:55,776 [INFO] UtilMem:75 - Before build in PCC Used Memory: 203167608 Bytes (421527552)
2025-06-10 16:20:57,011 [INFO] UtilMem:75 - After build in PCC Used Memory: 289303936 Bytes (421527552)
2025-06-10 16:20:57,049 [INFO] IPUIPlugin:80 - create IPUIPlugin
2025-06-10 16:20:57,053 [INFO] IPUIPlugin:80 - create IPUIPlugin
2025-06-10 16:20:57,053 [INFO] IPUIPlugin:80 - create IPUIPlugin
2025-06-10 16:20:57,053 [INFO] IPUIPlugin:80 - create IPUIPlugin
2025-06-10 16:20:57,053 [INFO] IPUIPlugin:80 - create IPUIPlugin
2025-06-10 16:20:57,053 [INFO] IPUIPlugin:80 - create IPUIPlugin
2025-06-10 16:20:57,053 [INFO] IPUIPlugin:80 - create IPUIPlugin
2025-06-10 16:20:57,054 [INFO] IPUIPlugin:80 - create IPUIPlugin
2025-06-10 16:20:57,054 [INFO] IPUIPlugin:80 - create IPUIPlugin
2025-06-10 16:20:57,054 [INFO] IPUIPlugin:80 - create IPUIPlugin
2025-06-10 16:20:57,054 [INFO] IPUIPlugin:80 - create IPUIPlugin
2025-06-10 16:20:57,054 [INFO] IPUIPlugin:80 - create IPUIPlugin
2025-06-10 16:20:57,054 [INFO] IPUIPlugin:80 - create IPUIPlugin
2025-06-10 16:20:57,054 [INFO] IPUIPlugin:80 - create IPUIPlugin
2025-06-10 16:20:57,055 [INFO] IPUIPlugin:80 - create IPUIPlugin
2025-06-10 16:20:57,055 [INFO] IPUIPlugin:80 - create IPUIPlugin
2025-06-10 16:20:57,055 [INFO] IPUIPlugin:80 - create IPUIPlugin
2025-06-10 16:20:57,055 [INFO] IPUIPlugin:80 - create IPUIPlugin
2025-06-10 16:20:57,055 [INFO] IPUIPlugin:80 - create IPUIPlugin
2025-06-10 16:20:57,055 [INFO] IPUIPlugin:80 - create IPUIPlugin
2025-06-10 16:20:57,057 [INFO] IPUIPlugin:80 - create IPUIPlugin
2025-06-10 16:20:57,057 [INFO] IPUIPlugin:80 - create IPUIPlugin
2025-06-10 16:20:57,057 [INFO] IPUIPlugin:80 - create IPUIPlugin
2025-06-10 16:20:57,057 [INFO] IPUIPlugin:80 - create IPUIPlugin
2025-06-10 16:20:57,057 [INFO] IPUIPlugin:80 - create IPUIPlugin
2025-06-10 16:20:57,057 [INFO] IPUIPlugin:80 - create IPUIPlugin
2025-06-10 16:20:57,057 [INFO] IPUIPlugin:80 - create IPUIPlugin
2025-06-10 16:20:57,057 [INFO] IPUIPlugin:80 - create IPUIPlugin
2025-06-10 16:20:57,057 [INFO] IPUIPlugin:80 - create IPUIPlugin
2025-06-10 16:20:57,057 [INFO] IPUIPlugin:80 - create IPUIPlugin
2025-06-10 16:20:57,058 [INFO] IPUIPlugin:80 - create IPUIPlugin
2025-06-10 16:20:57,058 [INFO] IPUIPlugin:80 - create IPUIPlugin
2025-06-10 16:20:57,058 [INFO] IPUIPlugin:80 - create IPUIPlugin
2025-06-10 16:20:57,058 [INFO] IPUIPlugin:80 - create IPUIPlugin
2025-06-10 16:20:57,058 [INFO] IPUIPlugin:80 - create IPUIPlugin
2025-06-10 16:20:57,059 [INFO] IPUIPlugin:80 - create IPUIPlugin
2025-06-10 16:20:57,059 [INFO] IPUIPlugin:80 - create IPUIPlugin
2025-06-10 16:20:57,059 [INFO] IPUIPlugin:80 - create IPUIPlugin
2025-06-10 16:20:57,059 [INFO] IPUIPlugin:80 - create IPUIPlugin
2025-06-10 16:20:57,059 [INFO] IPUIPlugin:80 - create IPUIPlugin
2025-06-10 16:20:57,059 [INFO] IPUIPlugin:80 - create IPUIPlugin
2025-06-10 16:20:57,059 [INFO] IPUIPlugin:80 - create IPUIPlugin
2025-06-10 16:20:57,061 [INFO] IPUIPlugin:80 - create IPUIPlugin
2025-06-10 16:20:57,061 [INFO] IPUIPlugin:80 - create IPUIPlugin
2025-06-10 16:20:57,061 [INFO] IPUIPlugin:80 - create IPUIPlugin
2025-06-10 16:20:57,061 [INFO] IPUIPlugin:80 - create IPUIPlugin
2025-06-10 16:20:57,062 [INFO] IPUIPlugin:80 - create IPUIPlugin
2025-06-10 16:20:57,062 [INFO] IPUIPlugin:80 - create IPUIPlugin
2025-06-10 16:20:57,062 [INFO] IPUIPlugin:80 - create IPUIPlugin
2025-06-10 16:20:57,062 [INFO] IPUIPlugin:80 - create IPUIPlugin
2025-06-10 16:20:57,062 [INFO] IPUIPlugin:80 - create IPUIPlugin
2025-06-10 16:20:57,063 [INFO] IPUIPlugin:80 - create IPUIPlugin
2025-06-10 16:20:57,064 [INFO] IPUIPlugin:80 - create IPUIPlugin
2025-06-10 16:20:57,064 [INFO] IPUIPlugin:80 - create IPUIPlugin
2025-06-10 16:20:57,064 [INFO] IPUIPlugin:80 - create IPUIPlugin
2025-06-10 16:20:57,443 [INFO] CADModel:165 - CPN selected for project levelSTM32F303VCT6
2025-06-10 16:20:57,443 [INFO] CADModel:114 - Register for checkConnection events
2025-06-10 16:20:57,483 [INFO] OpenFileManager:328 - Restore cursor
2025-06-10 16:21:01,051 [ERROR] LogOutputStream:75 - [STDERR_REDIRECT] SLF4J: Failed to load class "org.slf4j.impl.StaticLoggerBinder".
2025-06-10 16:21:01,051 [ERROR] LogOutputStream:75 - [STDERR_REDIRECT] SLF4J: Defaulting to no-operation (NOP) logger implementation
2025-06-10 16:21:01,053 [ERROR] LogOutputStream:75 - [STDERR_REDIRECT] SLF4J: See http://www.slf4j.org/codes.html#StaticLoggerBinder for further details.
2025-06-10 16:21:20,009 [INFO] MainUpdater:2868 - connection check result : 10
2025-06-10 16:21:20,010 [INFO] MainUpdater:2868 - connection check result : 10
2025-06-10 16:21:20,344 [INFO] MicroXplorer:468 - Change Database Path : 
2025-06-10 16:21:20,344 [INFO] MicroXplorer:498 - Change Database Version : DB.6.0.90
2025-06-10 16:21:20,387 [WARN] ThirdParty:871 - waiting for thirdparty lock release [close project]
2025-06-10 16:21:20,387 [INFO] ThirdParty:873 - entering critical section [close project]
2025-06-10 16:21:20,387 [INFO] ThirdParty:883 - exiting critical section [close project]
2025-06-10 16:21:20,389 [INFO] PinOutPanel:1499 - setPackage(No Configuration,No Configuration)
2025-06-10 16:21:20,401 [INFO] UtilMem:75 - Begin LoadConfig() Used Memory: 288392144 Bytes (514850816)
2025-06-10 16:21:20,402 [INFO] MicroXplorer:468 - Change Database Path : 
2025-06-10 16:21:20,402 [INFO] MicroXplorer:498 - Change Database Version : DB.6.0.90
2025-06-10 16:21:20,402 [INFO] OpenFileManager:308 - Change cursor
2025-06-10 16:21:20,440 [INFO] Mcu:1946 - Initializing MCU STM32F103C(8-B)Tx STM32F103CBTx STM32F103CBT6
2025-06-10 16:21:21,352 [INFO] Context:659 - Trying to add GPIOservice into a context  which must be forbidden
2025-06-10 16:21:21,712 [INFO] RtosManager:555 - Registered RTOS mode: class=CMSIS, group=RTOS, mode=CMSIS_V1, owner=FREERTOS
2025-06-10 16:21:21,713 [INFO] RtosManager:555 - Registered RTOS mode: class=CMSIS, group=RTOS2, mode=CMSIS_V2, owner=FREERTOS
2025-06-10 16:21:21,713 [INFO] RtosManager:555 - Registered RTOS mode: class=RTOS, group=Core, mode=CMSIS_V1, owner=FREERTOS
2025-06-10 16:21:21,713 [INFO] RtosManager:555 - Registered RTOS mode: class=RTOS, group=Core, mode=CMSIS_V2, owner=FREERTOS
2025-06-10 16:21:21,713 [WARN] ModelIntegratedComponent:184 - Missing modes for component STMicroelectronics:FreeRTOS:0.0.1:STMicroelectronics:RTOS:FreeRTOS:Core:::10.2.0:
2025-06-10 16:21:21,717 [WARN] ModelIntegratedComponent:63 - No mode defined for component null
2025-06-10 16:21:21,718 [WARN] ModelIntegratedComponent:63 - No mode defined for component null
2025-06-10 16:21:21,718 [WARN] ModelIntegratedComponent:63 - No mode defined for component null
2025-06-10 16:21:21,729 [WARN] ModelIntegratedComponent:63 - No mode defined for component null
2025-06-10 16:21:21,729 [WARN] ModelIntegratedComponent:63 - No mode defined for component null
2025-06-10 16:21:21,729 [WARN] ModelIntegratedComponent:63 - No mode defined for component null
2025-06-10 16:21:21,729 [WARN] ModelIntegratedComponent:63 - No mode defined for component null
2025-06-10 16:21:21,729 [WARN] ModelIntegratedComponent:63 - No mode defined for component null
2025-06-10 16:21:21,729 [WARN] ModelIntegratedComponent:63 - No mode defined for component null
2025-06-10 16:21:21,729 [WARN] ModelIntegratedComponent:63 - No mode defined for component null
2025-06-10 16:21:21,729 [WARN] ModelIntegratedComponent:63 - No mode defined for component null
2025-06-10 16:21:21,729 [WARN] ModelIntegratedComponent:63 - No mode defined for component null
2025-06-10 16:21:21,729 [WARN] ModelIntegratedComponent:63 - No mode defined for component null
2025-06-10 16:21:21,729 [WARN] ModelIntegratedComponent:63 - No mode defined for component null
2025-06-10 16:21:21,729 [WARN] ModelIntegratedComponent:63 - No mode defined for component null
2025-06-10 16:21:21,729 [WARN] ModelIntegratedComponent:63 - No mode defined for component null
2025-06-10 16:21:21,729 [WARN] ModelIntegratedComponent:63 - No mode defined for component null
2025-06-10 16:21:21,729 [WARN] ModelIntegratedComponent:63 - No mode defined for component null
2025-06-10 16:21:21,729 [WARN] ModelIntegratedComponent:63 - No mode defined for component null
2025-06-10 16:21:21,729 [WARN] ModelIntegratedComponent:63 - No mode defined for component null
2025-06-10 16:21:21,729 [WARN] ModelIntegratedComponent:63 - No mode defined for component null
2025-06-10 16:21:21,731 [WARN] ModelIntegratedComponent:63 - No mode defined for component null
2025-06-10 16:21:21,731 [WARN] ModelIntegratedComponent:63 - No mode defined for component null
2025-06-10 16:21:21,731 [WARN] ModelIntegratedComponent:63 - No mode defined for component null
2025-06-10 16:21:21,731 [WARN] ModelIntegratedComponent:63 - No mode defined for component null
2025-06-10 16:21:21,731 [WARN] ModelIntegratedComponent:63 - No mode defined for component null
2025-06-10 16:21:21,731 [WARN] ModelIntegratedComponent:63 - No mode defined for component null
2025-06-10 16:21:21,731 [WARN] ModelIntegratedComponent:63 - No mode defined for component null
2025-06-10 16:21:21,731 [WARN] ModelIntegratedComponent:63 - No mode defined for component null
2025-06-10 16:21:21,731 [WARN] ModelIntegratedComponent:63 - No mode defined for component null
2025-06-10 16:21:21,731 [WARN] ModelIntegratedComponent:63 - No mode defined for component null
2025-06-10 16:21:21,731 [WARN] ModelIntegratedComponent:63 - No mode defined for component null
2025-06-10 16:21:21,731 [WARN] ModelIntegratedComponent:63 - No mode defined for component null
2025-06-10 16:21:22,398 [INFO] ThirdPartyModel:298 - Start build external matchings
2025-06-10 16:21:25,946 [INFO] ThirdPartyModel:316 - End build external matchings
2025-06-10 16:21:26,013 [INFO] ImportTextPane:194 - (OptionalMessage_ERROR) IP (RCC) : Parameter (ADCFreqValue) has invalid value (36000000)
2025-06-10 16:21:26,013 [INFO] ImportTextPane:194 - (OptionalMessage_ERROR) IP (RCC) : Invalid parameter (FamilyName)
2025-06-10 16:21:26,013 [INFO] ImportTextPane:194 - (OptionalMessage_ERROR) IP (RCC) : Parameter (MCOFreq_Value) has invalid value (72000000)
2025-06-10 16:21:26,013 [INFO] ImportTextPane:194 - (OptionalMessage_ERROR) IP (RCC) : Parameter (USBFreq_Value) has invalid value (72000000)
2025-06-10 16:21:26,252 [INFO] UtilMem:75 - End LoadConfig() Used Memory: 445062280 Bytes (568328192)
2025-06-10 16:21:26,408 [WARN] ThirdParty:833 - waiting for thirdparty lock release [change project]
2025-06-10 16:21:26,409 [INFO] ThirdParty:835 - entering critical section [change project]
2025-06-10 16:21:26,410 [INFO] ThirdParty:1030 - CMSIS Pack Vendor :STMicroelectronics USBPD 4.1
2025-06-10 16:21:26,410 [INFO] ThirdParty:1030 - CMSIS Pack Vendor :STMicroelectronics X-CUBE-GNSS1 6.0.0
2025-06-10 16:21:26,410 [INFO] ThirdParty:1030 - CMSIS Pack Vendor :STMicroelectronics USB_HOST 2.0.0
2025-06-10 16:21:26,410 [INFO] ThirdParty:1030 - CMSIS Pack Vendor :STMicroelectronics FP-SNS-MOTENVWB1 1.4.0
2025-06-10 16:21:26,410 [INFO] ThirdParty:1030 - CMSIS Pack Vendor :STMicroelectronics X-CUBE-AZRTOS-F4 1.1.0
2025-06-10 16:21:26,410 [INFO] ThirdParty:1030 - CMSIS Pack Vendor :STMicroelectronics LIBJPEG 8.0.0
2025-06-10 16:21:26,410 [INFO] ThirdParty:1030 - CMSIS Pack Vendor :STMicroelectronics FP-ATR-ASTRA1 2.0.2
2025-06-10 16:21:26,410 [INFO] ThirdParty:1030 - CMSIS Pack Vendor :STMicroelectronics FP-ATR-ASTRA1 2.0.1
2025-06-10 16:21:26,410 [INFO] ThirdParty:1030 - CMSIS Pack Vendor :STMicroelectronics X-CUBE-SMBUS 2.1.0
2025-06-10 16:21:26,410 [INFO] ThirdParty:1030 - CMSIS Pack Vendor :STMicroelectronics X-CUBE-WB05N 1.1.0
2025-06-10 16:21:26,410 [INFO] ThirdParty:1030 - CMSIS Pack Vendor :wolfSSL I-CUBE-wolfSSL 5.6.0
2025-06-10 16:21:26,410 [INFO] ThirdParty:1030 - CMSIS Pack Vendor :STMicroelectronics X-CUBE-ISPU 2.1.0
2025-06-10 16:21:26,410 [INFO] ThirdParty:1030 - CMSIS Pack Vendor :STMicroelectronics X-CUBE-FREERTOS 1.2.0
2025-06-10 16:21:26,410 [INFO] ThirdParty:1030 - CMSIS Pack Vendor :STMicroelectronics X-CUBE-TOUCHGFX 4.23.0
2025-06-10 16:21:26,410 [INFO] ThirdParty:1030 - CMSIS Pack Vendor :STMicroelectronics X-CUBE-TOUCHGFX 4.23.2
2025-06-10 16:21:26,410 [INFO] ThirdParty:1030 - CMSIS Pack Vendor :STMicroelectronics X-CUBE-AZRTOS-F7 1.1.0
2025-06-10 16:21:26,410 [INFO] ThirdParty:1030 - CMSIS Pack Vendor :STMicroelectronics X-CUBE-AZRTOS-L5 2.0.0
2025-06-10 16:21:26,410 [INFO] ThirdParty:1030 - CMSIS Pack Vendor :STMicroelectronics USB_DEVICE 2.0.0
2025-06-10 16:21:26,410 [INFO] ThirdParty:1030 - CMSIS Pack Vendor :STMicroelectronics X-CUBE-MEMS1 9.6.0
2025-06-10 16:21:26,410 [INFO] ThirdParty:1030 - CMSIS Pack Vendor :STMicroelectronics X-CUBE-EEPRMA1 4.2.0
2025-06-10 16:21:26,410 [INFO] ThirdParty:1030 - CMSIS Pack Vendor :STMicroelectronics X-CUBE-NFC6 3.1.0
2025-06-10 16:21:26,410 [INFO] ThirdParty:1030 - CMSIS Pack Vendor :ITTIA_DB I-CUBE-ITTIADB 8.8.0
2025-06-10 16:21:26,410 [INFO] ThirdParty:1030 - CMSIS Pack Vendor :STMicroelectronics FP-SNS-MOTENV1 4.3.0
2025-06-10 16:21:26,410 [INFO] ThirdParty:1030 - CMSIS Pack Vendor :STMicroelectronics FP-SNS-MOTENV1 4.3.2
2025-06-10 16:21:26,410 [INFO] ThirdParty:1030 - CMSIS Pack Vendor :STMicroelectronics FP-SNS-FLIGHT1 5.0.0
2025-06-10 16:21:26,410 [INFO] ThirdParty:1030 - CMSIS Pack Vendor :STMicroelectronics X-CUBE-BLE1 6.2.4
2025-06-10 16:21:26,410 [INFO] ThirdParty:1030 - CMSIS Pack Vendor :STMicroelectronics FreeRTOS 0.0.1
2025-06-10 16:21:26,410 [INFO] ThirdParty:1030 - CMSIS Pack Vendor :emotas I-CUBE-CANOPEN 1.1.3
2025-06-10 16:21:26,411 [INFO] ThirdParty:1030 - CMSIS Pack Vendor :STMicroelectronics X-CUBE-BLEMGR 2.0.0
2025-06-10 16:21:26,411 [INFO] ThirdParty:1030 - CMSIS Pack Vendor :STMicroelectronics FP-SNS-FLIGHT1 5.0.2
2025-06-10 16:21:26,411 [INFO] ThirdParty:1030 - CMSIS Pack Vendor :STMicroelectronics X-CUBE-AI 9.0.0
2025-06-10 16:21:26,411 [INFO] ThirdParty:1030 - CMSIS Pack Vendor :STMicroelectronics X-CUBE-AZRTOS-H7 3.1.0
2025-06-10 16:21:26,411 [INFO] ThirdParty:1030 - CMSIS Pack Vendor :STMicroelectronics PDM2PCM 3.3.0
2025-06-10 16:21:26,411 [INFO] ThirdParty:1030 - CMSIS Pack Vendor :STMicroelectronics X-CUBE-DISPLAY 3.0.0
2025-06-10 16:21:26,411 [INFO] ThirdParty:1030 - CMSIS Pack Vendor :STMicroelectronics X-CUBE-BLE1 7.0.0
2025-06-10 16:21:26,411 [INFO] ThirdParty:1030 - CMSIS Pack Vendor :STMicroelectronics X-CUBE-NFC10 1.0.0
2025-06-10 16:21:26,411 [INFO] ThirdParty:1030 - CMSIS Pack Vendor :STMicroelectronics X-CUBE-FREERTOS 1.3.1
2025-06-10 16:21:26,411 [INFO] ThirdParty:1030 - CMSIS Pack Vendor :STMicroelectronics HAL Drivers 0.0.0
2025-06-10 16:21:26,411 [INFO] ThirdParty:1030 - CMSIS Pack Vendor :emotas I-CUBE-CANOPEN 1.3.0
2025-06-10 16:21:26,411 [INFO] ThirdParty:1030 - CMSIS Pack Vendor :STMicroelectronics X-CUBE-FREERTOS 1.3.0
2025-06-10 16:21:26,411 [INFO] ThirdParty:1030 - CMSIS Pack Vendor :STMicroelectronics X-CUBE-TOUCHGFX 4.22.0
2025-06-10 16:21:26,411 [INFO] ThirdParty:1030 - CMSIS Pack Vendor :STMicroelectronics X-CUBE-NFC7 1.0.1
2025-06-10 16:21:26,411 [INFO] ThirdParty:1030 - CMSIS Pack Vendor :STMicroelectronics MBEDTLS 2.14.1
2025-06-10 16:21:26,411 [INFO] ThirdParty:1030 - CMSIS Pack Vendor :STMicroelectronics X-CUBE-NFC7 1.0.0
2025-06-10 16:21:26,412 [INFO] ThirdParty:1030 - CMSIS Pack Vendor :STMicroelectronics X-CUBE-TOUCHGFX 4.22.1
2025-06-10 16:21:26,412 [INFO] ThirdParty:1030 - CMSIS Pack Vendor :wolfSSL I-CUBE-wolfTPM 3.2.0
2025-06-10 16:21:26,412 [INFO] ThirdParty:1030 - CMSIS Pack Vendor :STMicroelectronics X-CUBE-NFC6 3.0.0
2025-06-10 16:21:26,412 [INFO] ThirdParty:1030 - CMSIS Pack Vendor :STMicroelectronics X-CUBE-EEPRMA1 4.1.0
2025-06-10 16:21:26,412 [INFO] ThirdParty:1030 - CMSIS Pack Vendor :STMicroelectronics X-CUBE-BLEMGR 3.1.0
2025-06-10 16:21:26,412 [INFO] ThirdParty:1030 - CMSIS Pack Vendor :STMicroelectronics X-CUBE-AI 10.0.0
2025-06-10 16:21:26,412 [INFO] ThirdParty:1030 - CMSIS Pack Vendor :STMicroelectronics FP-SNS-SMARTAG2 1.2.0
2025-06-10 16:21:26,412 [INFO] ThirdParty:1030 - CMSIS Pack Vendor :STMicroelectronics X-CUBE-MEMS1 11.1.0
2025-06-10 16:21:26,412 [INFO] ThirdParty:1030 - CMSIS Pack Vendor :STMicroelectronics X-CUBE-AZRTOS-WL 2.0.0
2025-06-10 16:21:26,412 [INFO] ThirdParty:1030 - CMSIS Pack Vendor :STMicroelectronics FP-SNS-MOTENV1 5.0.0
2025-06-10 16:21:26,412 [INFO] ThirdParty:1030 - CMSIS Pack Vendor :STMicroelectronics USB_DEVICE 1.0.0
2025-06-10 16:21:26,412 [INFO] ThirdParty:1030 - CMSIS Pack Vendor :STMicroelectronics X-CUBE-AI 8.1.0
2025-06-10 16:21:26,412 [INFO] ThirdParty:1030 - CMSIS Pack Vendor :wolfSSL I-CUBE-wolfMQTT 1.19.0
2025-06-10 16:21:26,412 [INFO] ThirdParty:1030 - CMSIS Pack Vendor :STMicroelectronics X-CUBE-AZRTOS-L4 2.0.0
2025-06-10 16:21:26,412 [INFO] ThirdParty:1030 - CMSIS Pack Vendor :STMicroelectronics ThreadX 0.0.2
2025-06-10 16:21:26,412 [INFO] ThirdParty:1030 - CMSIS Pack Vendor :WES I-CUBE-Cesium 1.3.0
2025-06-10 16:21:26,412 [INFO] ThirdParty:1030 - CMSIS Pack Vendor :STMicroelectronics lwIP 2.1.2
2025-06-10 16:21:26,412 [INFO] ThirdParty:1030 - CMSIS Pack Vendor :STMicroelectronics X-CUBE-SFXS2LP1 4.0.0
2025-06-10 16:21:26,412 [INFO] ThirdParty:1030 - CMSIS Pack Vendor :STMicroelectronics X-CUBE-BLE2 3.3.0
2025-06-10 16:21:26,412 [INFO] ThirdParty:1030 - CMSIS Pack Vendor :STMicroelectronics PDM2PCM 3.2.0
2025-06-10 16:21:26,412 [INFO] ThirdParty:1030 - CMSIS Pack Vendor :STMicroelectronics X-CUBE-ISPU 1.1.0
2025-06-10 16:21:26,412 [INFO] ThirdParty:1030 - CMSIS Pack Vendor :STMicroelectronics X-CUBE-AZRTOS-H7 3.3.0
2025-06-10 16:21:26,412 [INFO] ThirdParty:1030 - CMSIS Pack Vendor :STMicroelectronics X-CUBE-NFC9 1.0.0
2025-06-10 16:21:26,412 [INFO] ThirdParty:1030 - CMSIS Pack Vendor :STMicroelectronics X-CUBE-BLE1 7.1.0
2025-06-10 16:21:26,412 [INFO] ThirdParty:1030 - CMSIS Pack Vendor :STMicroelectronics USB_DEVICE 3.0.0
2025-06-10 16:21:26,412 [INFO] ThirdParty:1030 - CMSIS Pack Vendor :STMicroelectronics X-CUBE-TCPP 4.1.0
2025-06-10 16:21:26,412 [INFO] ThirdParty:1030 - CMSIS Pack Vendor :STMicroelectronics X-CUBE-AZRTOS-WB 2.0.0
2025-06-10 16:21:26,412 [INFO] ThirdParty:1030 - CMSIS Pack Vendor :STMicroelectronics X-CUBE-FREERTOS 1.0.1
2025-06-10 16:21:26,412 [INFO] ThirdParty:1030 - CMSIS Pack Vendor :STMicroelectronics X-CUBE-GNSS1 7.0.1
2025-06-10 16:21:26,413 [INFO] ThirdParty:1030 - CMSIS Pack Vendor :STMicroelectronics X-CUBE-TOUCHGFX 4.21.4
2025-06-10 16:21:26,413 [INFO] ThirdParty:1030 - CMSIS Pack Vendor :STMicroelectronics X-CUBE-TOUCHGFX 4.25.0
2025-06-10 16:21:26,413 [INFO] ThirdParty:1030 - CMSIS Pack Vendor :STMicroelectronics X-CUBE-AI 10.1.0
2025-06-10 16:21:26,413 [INFO] ThirdParty:1030 - CMSIS Pack Vendor :STMicroelectronics X-CUBE-ALGOBUILD 1.3.0
2025-06-10 16:21:26,413 [INFO] ThirdParty:1030 - CMSIS Pack Vendor :STMicroelectronics X-CUBE-AZRTOS-L5 1.1.0
2025-06-10 16:21:26,413 [INFO] ThirdParty:1030 - CMSIS Pack Vendor :STMicroelectronics X-CUBE-MEMS1 11.2.0
2025-06-10 16:21:26,413 [INFO] ThirdParty:1030 - CMSIS Pack Vendor :STMicroelectronics X-CUBE-AZRTOS-G0 1.1.0
2025-06-10 16:21:26,413 [INFO] ThirdParty:1030 - CMSIS Pack Vendor :STMicroelectronics X-CUBE-AI 8.0.1
2025-06-10 16:21:26,413 [INFO] ThirdParty:1030 - CMSIS Pack Vendor :STMicroelectronics X-CUBE-SAFEA1 1.2.2
2025-06-10 16:21:26,413 [INFO] ThirdParty:1030 - CMSIS Pack Vendor :STMicroelectronics X-CUBE-NFC4 3.0.0
2025-06-10 16:21:26,413 [INFO] ThirdParty:1030 - CMSIS Pack Vendor :STMicroelectronics X-CUBE-SUBG2 5.0.0
2025-06-10 16:21:26,413 [INFO] ThirdParty:1030 - CMSIS Pack Vendor :STMicroelectronics X-CUBE-AZRTOS-H7RS 1.1.0
2025-06-10 16:21:26,413 [INFO] ThirdParty:1030 - CMSIS Pack Vendor :STMicroelectronics STM32_WPAN 1.0.0
2025-06-10 16:21:26,413 [INFO] ThirdParty:1030 - CMSIS Pack Vendor :wolfSSL I-CUBE-wolfMQTT 1.18.0
2025-06-10 16:21:26,413 [INFO] ThirdParty:1030 - CMSIS Pack Vendor :STMicroelectronics lwIP 2.0.3
2025-06-10 16:21:26,413 [INFO] ThirdParty:1030 - CMSIS Pack Vendor :Cesanta I-CUBE-Mongoose 7.13.0
2025-06-10 16:21:26,413 [INFO] ThirdParty:1030 - CMSIS Pack Vendor :STMicroelectronics USB_HOST 1.0.0
2025-06-10 16:21:26,413 [INFO] ThirdParty:1030 - CMSIS Pack Vendor :STMicroelectronics X-CUBE-TOF1 3.3.1
2025-06-10 16:21:26,413 [INFO] ThirdParty:1030 - CMSIS Pack Vendor :STMicroelectronics X-CUBE-AZRTOS-G4 2.0.0
2025-06-10 16:21:26,413 [INFO] ThirdParty:1030 - CMSIS Pack Vendor :STMicroelectronics X-CUBE-WB05N 2.0.0
2025-06-10 16:21:26,413 [INFO] ThirdParty:1030 - CMSIS Pack Vendor :STMicroelectronics PDM2PCM 3.1.0
2025-06-10 16:21:26,413 [INFO] ThirdParty:1030 - CMSIS Pack Vendor :STMicroelectronics X-CUBE-TOF1 3.3.0
2025-06-10 16:21:26,413 [INFO] ThirdParty:1030 - CMSIS Pack Vendor :Infineon AIROC-Wi-Fi-Bluetooth-STM32 1.5.1
2025-06-10 16:21:26,413 [INFO] ThirdParty:1030 - CMSIS Pack Vendor :STMicroelectronics X-CUBE-BLEMGR 3.0.0
2025-06-10 16:21:26,413 [INFO] ThirdParty:1030 - CMSIS Pack Vendor :STMicroelectronics FP-SNS-MOTENVWB1 1.3.0
2025-06-10 16:21:26,413 [INFO] ThirdParty:1030 - CMSIS Pack Vendor :STMicroelectronics X-CUBE-NFC7 2.0.0
2025-06-10 16:21:26,413 [INFO] ThirdParty:1030 - CMSIS Pack Vendor :STMicroelectronics FP-SNS-MOTENVWB1 1.3.1
2025-06-10 16:21:26,413 [INFO] ThirdParty:1030 - CMSIS Pack Vendor :STMicroelectronics FP-ATR-SIGFOX1 3.2.0
2025-06-10 16:21:26,413 [INFO] ThirdParty:1030 - CMSIS Pack Vendor :STMicroelectronics X-CUBE-AZRTOS-L4 1.0.0
2025-06-10 16:21:26,413 [INFO] ThirdParty:1030 - CMSIS Pack Vendor :STMicroelectronics X-CUBE-ISPU 2.0.0
2025-06-10 16:21:26,413 [INFO] ThirdParty:1030 - CMSIS Pack Vendor :STMicroelectronics X-CUBE-EEPRMA1 5.1.0
2025-06-10 16:21:26,413 [INFO] ThirdParty:1030 - CMSIS Pack Vendor :STMicroelectronics MBEDTLS 2.16.2
2025-06-10 16:21:26,413 [INFO] ThirdParty:1030 - CMSIS Pack Vendor :STMicroelectronics X-CUBE-ALS 1.0.2
2025-06-10 16:21:26,413 [INFO] ThirdParty:1030 - CMSIS Pack Vendor :STMicroelectronics X-CUBE-MEMS1 10.0.0
2025-06-10 16:21:26,413 [INFO] ThirdParty:1030 - CMSIS Pack Vendor :STMicroelectronics X-CUBE-FREERTOS 1.1.0
2025-06-10 16:21:26,413 [INFO] ThirdParty:1030 - CMSIS Pack Vendor :wolfSSL I-CUBE-wolfSSL 5.7.6
2025-06-10 16:21:26,413 [INFO] ThirdParty:1030 - CMSIS Pack Vendor :STMicroelectronics X-CUBE-TOUCHGFX 4.24.0
2025-06-10 16:21:26,413 [INFO] ThirdParty:1030 - CMSIS Pack Vendor :ITTIA_DB I-CUBE-ITTIADB 8.9.0
2025-06-10 16:21:26,413 [INFO] ThirdParty:1030 - CMSIS Pack Vendor :STMicroelectronics X-CUBE-TOUCHGFX 4.24.2
2025-06-10 16:21:26,413 [INFO] ThirdParty:1030 - CMSIS Pack Vendor :STMicroelectronics X-CUBE-AZRTOS-WL 1.0.0
2025-06-10 16:21:26,413 [INFO] ThirdParty:1030 - CMSIS Pack Vendor :STMicroelectronics X-CUBE-TOUCHGFX 4.24.1
2025-06-10 16:21:26,413 [INFO] ThirdParty:1030 - CMSIS Pack Vendor :wolfSSL I-CUBE-wolfTPM 3.4.0
2025-06-10 16:21:26,413 [INFO] ThirdParty:1030 - CMSIS Pack Vendor :portGmbH I-Cube-SoM-uGOAL 1.1.0
2025-06-10 16:21:26,413 [INFO] ThirdParty:1030 - CMSIS Pack Vendor :STMicroelectronics X-CUBE-ALS 1.0.1
2025-06-10 16:21:26,413 [INFO] ThirdParty:1030 - CMSIS Pack Vendor :STMicroelectronics ThreadX 1.0.0
2025-06-10 16:21:26,413 [INFO] ThirdParty:1030 - CMSIS Pack Vendor :STMicroelectronics X-CUBE-AZRTOS-WB 1.1.0
2025-06-10 16:21:26,413 [INFO] ThirdParty:1030 - CMSIS Pack Vendor :SEGGER I-CUBE-embOS 1.3.1
2025-06-10 16:21:26,413 [INFO] ThirdParty:1030 - CMSIS Pack Vendor :STMicroelectronics X-CUBE-ALGOBUILD 1.4.0
2025-06-10 16:21:26,413 [INFO] ThirdParty:1030 - CMSIS Pack Vendor :STMicroelectronics X-CUBE-AZRTOS-H7RS 1.0.0
2025-06-10 16:21:26,413 [INFO] ThirdParty:1030 - CMSIS Pack Vendor :STMicroelectronics FP-ATR-ASTRA1 2.0.0
2025-06-10 16:21:26,413 [INFO] ThirdParty:1030 - CMSIS Pack Vendor :STMicroelectronics X-CUBE-AI 9.1.0
2025-06-10 16:21:26,414 [INFO] ThirdParty:1030 - CMSIS Pack Vendor :STMicroelectronics X-CUBE-TOF1 3.4.0
2025-06-10 16:21:26,414 [INFO] ThirdParty:1030 - CMSIS Pack Vendor :STMicroelectronics X-CUBE-TOF1 3.4.1
2025-06-10 16:21:26,414 [INFO] ThirdParty:1030 - CMSIS Pack Vendor :STMicroelectronics X-CUBE-AZRTOS-H7 3.2.0
2025-06-10 16:21:26,414 [INFO] ThirdParty:1030 - CMSIS Pack Vendor :wolfSSL I-CUBE-wolfSSH 1.4.17
2025-06-10 16:21:26,414 [INFO] ThirdParty:841 - exiting critical section [change project]
2025-06-10 16:21:26,534 [INFO] PinOutPanel:1499 - setPackage(No Configuration,No Configuration)
2025-06-10 16:21:26,536 [INFO] PinOutPanel:1499 - setPackage(STM32F103CBTx,LQFP48)
2025-06-10 16:21:27,102 [INFO] UtilMem:75 - Before build in PCC Used Memory: 384573792 Bytes (568328192)
2025-06-10 16:21:27,518 [INFO] UtilMem:75 - After build in PCC Used Memory: 475548816 Bytes (568328192)
2025-06-10 16:21:27,568 [INFO] IPUIPlugin:80 - create IPUIPlugin
2025-06-10 16:21:27,568 [INFO] IPUIPlugin:80 - create IPUIPlugin
2025-06-10 16:21:27,568 [INFO] IPUIPlugin:80 - create IPUIPlugin
2025-06-10 16:21:27,568 [INFO] IPUIPlugin:80 - create IPUIPlugin
2025-06-10 16:21:27,568 [INFO] IPUIPlugin:80 - create IPUIPlugin
2025-06-10 16:21:27,568 [INFO] IPUIPlugin:80 - create IPUIPlugin
2025-06-10 16:21:27,568 [INFO] IPUIPlugin:80 - create IPUIPlugin
2025-06-10 16:21:27,569 [INFO] IPUIPlugin:80 - create IPUIPlugin
2025-06-10 16:21:27,569 [INFO] IPUIPlugin:80 - create IPUIPlugin
2025-06-10 16:21:27,569 [INFO] IPUIPlugin:80 - create IPUIPlugin
2025-06-10 16:21:27,569 [INFO] IPUIPlugin:80 - create IPUIPlugin
2025-06-10 16:21:27,569 [INFO] IPUIPlugin:80 - create IPUIPlugin
2025-06-10 16:21:27,569 [INFO] IPUIPlugin:80 - create IPUIPlugin
2025-06-10 16:21:27,569 [INFO] IPUIPlugin:80 - create IPUIPlugin
2025-06-10 16:21:27,570 [INFO] IPUIPlugin:80 - create IPUIPlugin
2025-06-10 16:21:27,570 [INFO] IPUIPlugin:80 - create IPUIPlugin
2025-06-10 16:21:27,571 [INFO] IPUIPlugin:80 - create IPUIPlugin
2025-06-10 16:21:27,577 [INFO] IPUIPlugin:80 - create IPUIPlugin
2025-06-10 16:21:27,578 [INFO] IPUIPlugin:80 - create IPUIPlugin
2025-06-10 16:21:27,578 [INFO] IPUIPlugin:80 - create IPUIPlugin
2025-06-10 16:21:27,578 [INFO] IPUIPlugin:80 - create IPUIPlugin
2025-06-10 16:21:27,578 [INFO] IPUIPlugin:80 - create IPUIPlugin
2025-06-10 16:21:27,578 [INFO] IPUIPlugin:80 - create IPUIPlugin
2025-06-10 16:21:27,579 [INFO] IPUIPlugin:80 - create IPUIPlugin
2025-06-10 16:21:27,579 [INFO] IPUIPlugin:80 - create IPUIPlugin
2025-06-10 16:21:27,579 [INFO] IPUIPlugin:80 - create IPUIPlugin
2025-06-10 16:21:27,579 [INFO] IPUIPlugin:80 - create IPUIPlugin
2025-06-10 16:21:27,590 [WARN] IP:2114 - I2C_Coeff_DF not found: check if there is a RefParameter without a condition.
2025-06-10 16:21:27,590 [WARN] IP:2114 - Analog_Filter not found: check if there is a RefParameter without a condition.
2025-06-10 16:21:27,665 [INFO] CADModel:165 - CPN selected for project levelSTM32F103CBT6
2025-06-10 16:21:27,666 [INFO] CADModel:114 - Register for checkConnection events
2025-06-10 16:21:27,708 [INFO] OpenFileManager:328 - Restore cursor
2025-06-10 16:21:27,976 [WARN] IP:2114 - I2C_Coeff_DF not found: check if there is a RefParameter without a condition.
2025-06-10 16:21:27,976 [WARN] IP:2114 - Analog_Filter not found: check if there is a RefParameter without a condition.
2025-06-10 16:21:27,976 [WARN] IP:2114 - I2C_Coeff_DF not found: check if there is a RefParameter without a condition.
2025-06-10 16:21:27,976 [WARN] IP:2114 - Analog_Filter not found: check if there is a RefParameter without a condition.
2025-06-10 16:22:45,303 [INFO] UtilMem:75 - End SaveConfig() Used Memory: 716479424 Bytes (1008730112)
2025-06-10 16:22:45,953 [INFO] BlockDiagram:2759 - set Specific Code input for plugin: SYS
2025-06-10 16:22:45,953 [INFO] BlockDiagram:2759 - set Specific Code input for plugin: RCC
2025-06-10 16:22:45,953 [INFO] BlockDiagram:2759 - set Specific Code input for plugin: I2C
2025-06-10 16:22:45,953 [INFO] BlockDiagram:2759 - set Specific Code input for plugin: NVIC
2025-06-10 16:22:45,953 [INFO] BlockDiagram:2759 - set Specific Code input for plugin: USART
2025-06-10 16:22:45,953 [INFO] BlockDiagram:2759 - set Specific Code input for plugin: USART
2025-06-10 16:22:45,953 [INFO] BlockDiagram:2759 - set Specific Code input for plugin: GPIO
2025-06-10 16:22:45,956 [INFO] CodeGenerator:799 - code generatio: config db path: D:\ITC\STM32\STM32CubeIDE_1.13.0\STM32CubeIDE\plugins\com.st.stm32cube.common.mx_6.9.0.202307051724\\db\
2025-06-10 16:22:45,963 [WARN] IP:2114 - I2C_Coeff_DF not found: check if there is a RefParameter without a condition.
2025-06-10 16:22:45,963 [WARN] IP:2114 - Analog_Filter not found: check if there is a RefParameter without a condition.
2025-06-10 16:22:46,319 [INFO] CodeEngine:255 - oldGeneratedFile, D:\AIFARM\STM32_GREENB\stm32f103_nethouse\MXTmpFiles\license.tmp_save
2025-06-10 16:22:46,808 [INFO] CodeEngine:279 - Generated code: D:\AIFARM\STM32_GREENB\stm32f103_nethouse\MXTmpFiles\license.tmp
2025-06-10 16:22:47,202 [INFO] CodeEngine:255 - oldGeneratedFile, D:\AIFARM\STM32_GREENB\stm32f103_nethouse\MXTmpFiles\gpio.tmp_save
2025-06-10 16:22:47,526 [INFO] CodeEngine:279 - Generated code: D:\AIFARM\STM32_GREENB\stm32f103_nethouse\MXTmpFiles\gpio.tmp
2025-06-10 16:22:47,806 [INFO] CodeEngine:255 - oldGeneratedFile, D:\AIFARM\STM32_GREENB\stm32f103_nethouse\Core\Src\stm32f1xx_it.c_save
2025-06-10 16:22:48,046 [INFO] CodeEngine:279 - Generated code: D:\AIFARM\STM32_GREENB\stm32f103_nethouse\Core\Src\stm32f1xx_it.c
2025-06-10 16:22:48,092 [INFO] CodeEngine:255 - oldGeneratedFile, D:\AIFARM\STM32_GREENB\stm32f103_nethouse\Core\Inc\stm32f1xx_it.h_save
2025-06-10 16:22:48,414 [INFO] CodeEngine:279 - Generated code: D:\AIFARM\STM32_GREENB\stm32f103_nethouse\Core\Inc\stm32f1xx_it.h
2025-06-10 16:22:48,526 [INFO] CodeEngine:255 - oldGeneratedFile, D:\AIFARM\STM32_GREENB\stm32f103_nethouse\Core\Src\stm32f1xx_hal_msp.c_save
2025-06-10 16:22:48,899 [INFO] CodeEngine:279 - Generated code: D:\AIFARM\STM32_GREENB\stm32f103_nethouse\Core\Src\stm32f1xx_hal_msp.c
2025-06-10 16:22:48,923 [INFO] CodeEngine:255 - oldGeneratedFile, D:\AIFARM\STM32_GREENB\stm32f103_nethouse\MXTmpFiles\system.tmp_save
2025-06-10 16:22:49,042 [INFO] CodeEngine:279 - Generated code: D:\AIFARM\STM32_GREENB\stm32f103_nethouse\MXTmpFiles\system.tmp
2025-06-10 16:22:49,101 [INFO] CodeEngine:311 - oldGeneratedFile, D:\AIFARM\STM32_GREENB\stm32f103_nethouse\Core\Inc\stm32f1xx_hal_conf.h_save
2025-06-10 16:22:49,273 [INFO] CodeEngine:335 - Generated code: D:\AIFARM\STM32_GREENB\stm32f103_nethouse\Core\Inc\stm32f1xx_hal_conf.h
2025-06-10 16:22:49,397 [INFO] CodeEngine:255 - oldGeneratedFile, D:\AIFARM\STM32_GREENB\stm32f103_nethouse\Core\Inc\main.h_save
2025-06-10 16:22:49,779 [INFO] CodeEngine:279 - Generated code: D:\AIFARM\STM32_GREENB\stm32f103_nethouse\Core\Inc\main.h
2025-06-10 16:22:49,862 [INFO] CodeEngine:255 - oldGeneratedFile, D:\AIFARM\STM32_GREENB\stm32f103_nethouse\Core\Src\main.c_save
2025-06-10 16:22:50,294 [INFO] CodeEngine:279 - Generated code: D:\AIFARM\STM32_GREENB\stm32f103_nethouse\Core\Src\main.c
2025-06-10 16:22:51,385 [INFO] ProjectBuilder:3064 - Time for Copy HAL[1] : 309mS.
2025-06-10 16:22:51,392 [INFO] ProjectBuilder:4404 - Project Generator version: 4.1.0
2025-06-10 16:22:51,777 [INFO] ConfigFileManager:1457 - The Die is : DIE410
2025-06-10 16:22:51,849 [INFO] ApiDbMcu:507 - Load IP Config File for FATFS
2025-06-10 16:22:51,887 [INFO] ApiDbMcu:507 - Load IP Config File for FREERTOS
2025-06-10 16:22:51,919 [INFO] ApiDbMcu:507 - Load IP Config File for USB_DEVICE
2025-06-10 16:22:53,436 [INFO] LogOutputStream:77 - [STDOUT_REDIRECT] 
2025-06-10 16:22:56,478 [INFO] ProjectBuilder:4626 - Time for Generating toolchain IDE Files: 5085mS.
2025-06-10 16:22:56,479 [INFO] ProjectBuilder:2935 - Time for Copy CMSIS : 1mS.
2025-06-10 16:22:56,480 [INFO] ProjectBuilder:2935 - Time for Copy CMSIS : 0mS.
